sample_id	species	population	sex	assembly_or_reference	sequencing_source	inversion_genotype_available	source	voucher_museum	latitude	longitude	sra_accession
123.1	Catharus ustulatus	not_provided; latitude_longitude_available	not_provided	GCA_009819885.2 (Catharus ustulatus)	NCBI SRA BioSample/accession SAMN42231357	yes_for_at_least_one_PIP	DatasetS4	ROM	49.00222222	-65.989999999999995	SAMN42231357
13416	Catharus fuscescens	not_provided; latitude_longitude_available	not_provided	GCA_009819885.2 (Catharus ustulatus)	NCBI SRA BioSample/accession SAMN38349651	yes_for_at_least_one_PIP	DatasetS4	UAM	44.311692600000001	-64.888999999999996	SAMN38349651
14	Catharus ustulatus	not_provided; latitude_longitude_available	not_provided	GCA_009819885.2 (Catharus ustulatus)	NCBI SRA BioSample/accession SAMN42231356	yes_for_at_least_one_PIP	DatasetS4	ROM	49.00222222	-65.989999999999995	SAMN42231356
19847	Catharus fuscescens	not_provided; latitude_longitude_available	not_provided	GCA_009819885.2 (Catharus ustulatus)	NCBI SRA BioSample/accession SAMN38349654	yes_for_at_least_one_PIP	DatasetS4	UAM	44.311692600000001	-64.888999999999996	SAMN38349654
222185641	Oporornis agilis	not_provided; latitude_longitude_available	not_provided	GCA_009764595.1 (Geothlypis trichas)	NCBI SRA BioSample/accession SAMN42230799	yes_for_at_least_one_PIP	DatasetS4	Junior Tremblay/Bird Genoscape Project	48.848849999999999	-72.657970000000006	SAMN42230799
222185673	Oporornis agilis	not_provided; latitude_longitude_available	not_provided	GCA_009764595.1 (Geothlypis trichas)	NCBI SRA BioSample/accession SAMN42230798	yes_for_at_least_one_PIP	DatasetS4	Junior Tremblay/Bird Genoscape Project	48.919440000000002	-72.396109999999993	SAMN42230798
222185679	Oporornis agilis	not_provided; latitude_longitude_available	not_provided	GCA_009764595.1 (Geothlypis trichas)	NCBI SRA BioSample/accession SAMN42230793	yes_for_at_least_one_PIP	DatasetS4	Junior Tremblay/Bird Genoscape Project	48.804639999999999	-72.645930000000007	SAMN42230793
222185685	Oporornis agilis	not_provided; latitude_longitude_available	not_provided	GCA_009764595.1 (Geothlypis trichas)	NCBI SRA BioSample/accession SAMN42230795	yes_for_at_least_one_PIP	DatasetS4	Junior Tremblay/Bird Genoscape Project	48.987499999999997	-72.393940000000001	SAMN42230795
222185688	Oporornis agilis	not_provided; latitude_longitude_available	not_provided	GCA_009764595.1 (Geothlypis trichas)	NCBI SRA BioSample/accession SAMN42230794	yes_for_at_least_one_PIP	DatasetS4	Junior Tremblay/Bird Genoscape Project	48.97775	-72.380489999999995	SAMN42230794
222185689	Oporornis agilis	not_provided; latitude_longitude_available	not_provided	GCA_009764595.1 (Geothlypis trichas)	NCBI SRA BioSample/accession SAMN42230796	yes_for_at_least_one_PIP	DatasetS4	Junior Tremblay/Bird Genoscape Project	48.979419999999998	-72.382580000000004	SAMN42230796
222185690	Oporornis agilis	not_provided; latitude_longitude_available	not_provided	GCA_009764595.1 (Geothlypis trichas)	NCBI SRA BioSample/accession SAMN42230800	yes_for_at_least_one_PIP	DatasetS4	Junior Tremblay/Bird Genoscape Project	48.981819999999999	-72.38691	SAMN42230800
222185691	Oporornis agilis	not_provided; latitude_longitude_available	not_provided	GCA_009764595.1 (Geothlypis trichas)	NCBI SRA BioSample/accession SAMN42230802	yes_for_at_least_one_PIP	DatasetS4	Junior Tremblay/Bird Genoscape Project	48.973579999999998	-72.381060000000005	SAMN42230802
222185692	Oporornis agilis	not_provided; latitude_longitude_available	not_provided	GCA_009764595.1 (Geothlypis trichas)	NCBI SRA BioSample/accession SAMN42230801	yes_for_at_least_one_PIP	DatasetS4	Junior Tremblay/Bird Genoscape Project	48.806559999999998	-72.639120000000005	SAMN42230801
222185693	Oporornis agilis	not_provided; latitude_longitude_available	not_provided	GCA_009764595.1 (Geothlypis trichas)	NCBI SRA BioSample/accession SAMN42230797	yes_for_at_least_one_PIP	DatasetS4	Junior Tremblay/Bird Genoscape Project	48.832689999999999	-72.647369999999995	SAMN42230797
3075	Empidonax flaviventris	not_provided; latitude_longitude_available	not_provided	GCA_009829145.1 (Chiroxiphia lanceolata)	NCBI SRA BioSample/accession SAMN42230701	yes_for_at_least_one_PIP	DatasetS4	ROM	49.00222222	-66.010000000000005	SAMN42230701
3076	Empidonax flaviventris	not_provided; latitude_longitude_available	not_provided	GCA_009829145.1 (Chiroxiphia lanceolata)	NCBI SRA BioSample/accession SAMN42230703	yes_for_at_least_one_PIP	DatasetS4	ROM	49.00222222	-66.010000000000005	SAMN42230703
3077	Empidonax flaviventris	not_provided; latitude_longitude_available	not_provided	GCA_009829145.1 (Chiroxiphia lanceolata)	NCBI SRA BioSample/accession SAMN42230704	yes_for_at_least_one_PIP	DatasetS4	ROM	49.00222222	-66.010000000000005	SAMN42230704
3079	Empidonax flaviventris	not_provided; latitude_longitude_available	not_provided	GCA_009829145.1 (Chiroxiphia lanceolata)	NCBI SRA BioSample/accession SAMN42230697	yes_for_at_least_one_PIP	DatasetS4	ROM	49.00222222	-66.010000000000005	SAMN42230697
3085	Empidonax flaviventris	not_provided; latitude_longitude_available	not_provided	GCA_009829145.1 (Chiroxiphia lanceolata)	NCBI SRA BioSample/accession SAMN42230694	yes_for_at_least_one_PIP	DatasetS4	ROM	49.00222222	-66.010000000000005	SAMN42230694
3087	Empidonax flaviventris	not_provided; latitude_longitude_available	not_provided	GCA_009829145.1 (Chiroxiphia lanceolata)	NCBI SRA BioSample/accession SAMN42230700	yes_for_at_least_one_PIP	DatasetS4	ROM	49.00222222	-66.010000000000005	SAMN42230700
3091	Empidonax flaviventris	not_provided; latitude_longitude_available	not_provided	GCA_009829145.1 (Chiroxiphia lanceolata)	NCBI SRA BioSample/accession SAMN42230695	yes_for_at_least_one_PIP	DatasetS4	ROM	49.00222222	-66.010000000000005	SAMN42230695
3095	Empidonax flaviventris	not_provided; latitude_longitude_available	not_provided	GCA_009829145.1 (Chiroxiphia lanceolata)	NCBI SRA BioSample/accession SAMN42230696	yes_for_at_least_one_PIP	DatasetS4	ROM	49.00222222	-66.010000000000005	SAMN42230696
3107	Melospiza lincolnii	not_provided; latitude_longitude_available	not_provided	GCA_003829775.2 (Junco hyemalis)	NCBI SRA BioSample/accession SAMN42231397	yes_for_at_least_one_PIP	DatasetS4	ROM	49.00222222	-65.989999999999995	SAMN42231397
3117	Melospiza lincolnii	not_provided; latitude_longitude_available	not_provided	GCA_003829775.2 (Junco hyemalis)	NCBI SRA BioSample/accession SAMN42231398	yes_for_at_least_one_PIP	DatasetS4	ROM	49.00222222	-65.989999999999995	SAMN42231398
3118	Leiothlypis peregrina	not_provided; latitude_longitude_available	not_provided	GCA_001746935.2 (Setophaga coronata)	NCBI SRA BioSample/accession SAMN42230717	yes_for_at_least_one_PIP	DatasetS4	ROM	49.00222222	-66.010000000000005	SAMN42230717
3122	Leiothlypis ruficapilla	not_provided; latitude_longitude_available	not_provided	GCA_001746935.2 (Setophaga coronata)	NCBI SRA BioSample/accession SAMN42230777	yes_for_at_least_one_PIP	DatasetS4	ROM	49.00222222	-66.010000000000005	SAMN42230777
3125	Leiothlypis ruficapilla	not_provided; latitude_longitude_available	not_provided	GCA_001746935.2 (Setophaga coronata)	NCBI SRA BioSample/accession SAMN42230782	yes_for_at_least_one_PIP	DatasetS4	ROM	49.00222222	-66.010000000000005	SAMN42230782
3128	Leiothlypis peregrina	not_provided; latitude_longitude_available	not_provided	GCA_001746935.2 (Setophaga coronata)	NCBI SRA BioSample/accession SAMN42230722	yes_for_at_least_one_PIP	DatasetS4	ROM	49.00222222	-66.010000000000005	SAMN42230722
3130	Leiothlypis ruficapilla	not_provided; latitude_longitude_available	not_provided	GCA_001746935.2 (Setophaga coronata)	NCBI SRA BioSample/accession SAMN42230776	yes_for_at_least_one_PIP	DatasetS4	ROM	49.00222222	-66.010000000000005	SAMN42230776
3145	Leiothlypis ruficapilla	not_provided; latitude_longitude_available	not_provided	GCA_001746935.2 (Setophaga coronata)	NCBI SRA BioSample/accession SAMN42230772	yes_for_at_least_one_PIP	DatasetS4	ROM	49.00222222	-66.010000000000005	SAMN42230772
3147	Setophaga castanea	not_provided; latitude_longitude_available	not_provided	GCA_001746935.2 (Setophaga coronata)	NCBI SRA BioSample/accession SAMN42230836	yes_for_at_least_one_PIP	DatasetS4	ROM	49.00222222	-66.010000000000005	SAMN42230836
3150	Leiothlypis peregrina	not_provided; latitude_longitude_available	not_provided	GCA_001746935.2 (Setophaga coronata)	NCBI SRA BioSample/accession SAMN42230721	yes_for_at_least_one_PIP	DatasetS4	ROM	49.00222222	-66.010000000000005	SAMN42230721
3152	Empidonax alnorum	not_provided; latitude_longitude_available	not_provided	GCA_009829145.1 (Chiroxiphia lanceolata)	NCBI SRA BioSample/accession SAMN42230687	yes_for_at_least_one_PIP	DatasetS4	ROM	49.00222222	-66.010000000000005	SAMN42230687
3159	Leiothlypis peregrina	not_provided; latitude_longitude_available	not_provided	GCA_001746935.2 (Setophaga coronata)	NCBI SRA BioSample/accession SAMN42230724	yes_for_at_least_one_PIP	DatasetS4	ROM	49.00222222	-66.010000000000005	SAMN42230724
3160	Setophaga castanea	not_provided; latitude_longitude_available	not_provided	GCA_001746935.2 (Setophaga coronata)	NCBI SRA BioSample/accession SAMN42230828	yes_for_at_least_one_PIP	DatasetS4	ROM	49.00222222	-66.010000000000005	SAMN42230828
3163	Leiothlypis ruficapilla	not_provided; latitude_longitude_available	not_provided	GCA_001746935.2 (Setophaga coronata)	NCBI SRA BioSample/accession SAMN42230773	yes_for_at_least_one_PIP	DatasetS4	ROM	49.00222222	-66.010000000000005	SAMN42230773
3166	Leiothlypis peregrina	not_provided; latitude_longitude_available	not_provided	GCA_001746935.2 (Setophaga coronata)	NCBI SRA BioSample/accession SAMN42230718	yes_for_at_least_one_PIP	DatasetS4	ROM	49.00222222	-66.010000000000005	SAMN42230718
3175	Empidonax flaviventris	not_provided; latitude_longitude_available	not_provided	GCA_009829145.1 (Chiroxiphia lanceolata)	NCBI SRA BioSample/accession SAMN42230702	yes_for_at_least_one_PIP	DatasetS4	ROM	49.00222222	-66.010000000000005	SAMN42230702
3189	Setophaga castanea	not_provided; latitude_longitude_available	not_provided	GCA_001746935.2 (Setophaga coronata)	NCBI SRA BioSample/accession SAMN42230829	yes_for_at_least_one_PIP	DatasetS4	ROM	49.00222222	-66.010000000000005	SAMN42230829
3288	Empidonax alnorum	not_provided; latitude_longitude_available	not_provided	GCA_009829145.1 (Chiroxiphia lanceolata)	NCBI SRA BioSample/accession SAMN42230685	yes_for_at_least_one_PIP	DatasetS4	ROM	49.00222222	-66.010000000000005	SAMN42230685
3333	Setophaga magnolia	not_provided; latitude_longitude_available	not_provided	GCA_001746935.2 (Setophaga coronata)	NCBI SRA BioSample/accession SAMN42231460	yes_for_at_least_one_PIP	DatasetS4	ROM	49.00222222	-65.989999999999995	SAMN42231460
3385	Setophaga virens	not_provided; latitude_longitude_available	not_provided	GCA_001746935.2 (Setophaga coronata)	NCBI SRA BioSample/accession SAMN42231479	yes_for_at_least_one_PIP	DatasetS4	ROM	49.00222222	-65.989999999999995	SAMN42231479
3415	Empidonax alnorum	not_provided; latitude_longitude_available	not_provided	GCA_009829145.1 (Chiroxiphia lanceolata)	NCBI SRA BioSample/accession SAMN42230690	yes_for_at_least_one_PIP	DatasetS4	ROM	49.00222222	-66.010000000000005	SAMN42230690
3529	Melospiza lincolnii	not_provided; latitude_longitude_available	not_provided	GCA_003829775.2 (Junco hyemalis)	NCBI SRA BioSample/accession SAMN42231399	yes_for_at_least_one_PIP	DatasetS4	ROM	54.180555560000002	-72.900000000000006	SAMN42231399
3536	Setophaga coronata	not_provided; latitude_longitude_available	not_provided	GCA_001746935.2 (Setophaga coronata)	NCBI SRA BioSample/accession SAMN42231451	yes_for_at_least_one_PIP	DatasetS4	ROM	49.00222222	-65.989999999999995	SAMN42231451
3537	Setophaga coronata	not_provided; latitude_longitude_available	not_provided	GCA_001746935.2 (Setophaga coronata)	NCBI SRA BioSample/accession SAMN42231448	yes_for_at_least_one_PIP	DatasetS4	ROM	49.00222222	-65.989999999999995	SAMN42231448
3541	Setophaga coronata	not_provided; latitude_longitude_available	not_provided	GCA_001746935.2 (Setophaga coronata)	NCBI SRA BioSample/accession SAMN42231440	yes_for_at_least_one_PIP	DatasetS4	ROM	49.00222222	-65.989999999999995	SAMN42231440
3551	Setophaga coronata	not_provided; latitude_longitude_available	not_provided	GCA_001746935.2 (Setophaga coronata)	NCBI SRA BioSample/accession SAMN42231443	yes_for_at_least_one_PIP	DatasetS4	ROM	49.00222222	-65.989999999999995	SAMN42231443
3552	Setophaga coronata	not_provided; latitude_longitude_available	not_provided	GCA_001746935.2 (Setophaga coronata)	NCBI SRA BioSample/accession SAMN42231454	yes_for_at_least_one_PIP	DatasetS4	ROM	49.00222222	-65.989999999999995	SAMN42231454
3561	Junco hyemalis	not_provided; latitude_longitude_available	not_provided	GCA_003829775.2 (Junco hyemalis)	NCBI SRA BioSample/accession SAMN42231395	yes_for_at_least_one_PIP	DatasetS4	ROM	49.00222222	-65.989999999999995	SAMN42231395
3565	Junco hyemalis	not_provided; latitude_longitude_available	not_provided	GCA_003829775.2 (Junco hyemalis)	NCBI SRA BioSample/accession SAMN42231391	yes_for_at_least_one_PIP	DatasetS4	ROM	49.00222222	-65.989999999999995	SAMN42231391
3566	Junco hyemalis	not_provided; latitude_longitude_available	not_provided	GCA_003829775.2 (Junco hyemalis)	NCBI SRA BioSample/accession SAMN42231396	yes_for_at_least_one_PIP	DatasetS4	ROM	49.00222222	-65.989999999999995	SAMN42231396
3567	Junco hyemalis	not_provided; latitude_longitude_available	not_provided	GCA_003829775.2 (Junco hyemalis)	NCBI SRA BioSample/accession SAMN42231388	yes_for_at_least_one_PIP	DatasetS4	ROM	49.00222222	-65.989999999999995	SAMN42231388
3568	Junco hyemalis	not_provided; latitude_longitude_available	not_provided	GCA_003829775.2 (Junco hyemalis)	NCBI SRA BioSample/accession SAMN42231390	yes_for_at_least_one_PIP	DatasetS4	ROM	49.00222222	-65.989999999999995	SAMN42231390
3569	Junco hyemalis	not_provided; latitude_longitude_available	not_provided	GCA_003829775.2 (Junco hyemalis)	NCBI SRA BioSample/accession SAMN42231389	yes_for_at_least_one_PIP	DatasetS4	ROM	49.00222222	-65.989999999999995	SAMN42231389
3577	Corthylio calendula	not_provided; latitude_longitude_available	not_provided	GCA_018697195.1 (Certhia americana)	NCBI SRA BioSample/accession SAMN42230808	yes_for_at_least_one_PIP	DatasetS4	ROM	49.00222222	-66.010000000000005	SAMN42230808
3579	Corthylio calendula	not_provided; latitude_longitude_available	not_provided	GCA_018697195.1 (Certhia americana)	NCBI SRA BioSample/accession SAMN42230812	yes_for_at_least_one_PIP	DatasetS4	ROM	49.00222222	-66.010000000000005	SAMN42230812
3588	Leiothlypis ruficapilla	not_provided; latitude_longitude_available	not_provided	GCA_001746935.2 (Setophaga coronata)	NCBI SRA BioSample/accession SAMN42230907	yes_for_at_least_one_PIP	DatasetS4	ROM	49.00222222	-66.010000000000005	SAMN42230907
3589	Leiothlypis ruficapilla	not_provided; latitude_longitude_available	not_provided	GCA_001746935.2 (Setophaga coronata)	NCBI SRA BioSample/accession SAMN42230771	yes_for_at_least_one_PIP	DatasetS4	ROM	49.00222222	-66.010000000000005	SAMN42230771
3593	Vireo solitarius	not_provided; latitude_longitude_available	not_provided	GCA_020740725.1 (Corvus hawaiiensis)	NCBI SRA BioSample/accession SAMN42231505	yes_for_at_least_one_PIP	DatasetS4	ROM	49.00222222	-65.989999999999995	SAMN42231505
3617	Zonotrichia albicollis	not_provided; latitude_longitude_available	not_provided	GCA_003829775.2 (Junco hyemalis)	NCBI SRA BioSample/accession SAMN42231515	yes_for_at_least_one_PIP	DatasetS4	ROM	49.00222222	-65.989999999999995	SAMN42231515
3619	Zonotrichia albicollis	not_provided; latitude_longitude_available	not_provided	GCA_003829775.2 (Junco hyemalis)	NCBI SRA BioSample/accession SAMN42231513	yes_for_at_least_one_PIP	DatasetS4	ROM	49.00222222	-65.989999999999995	SAMN42231513
3624	Zonotrichia albicollis	not_provided; latitude_longitude_available	not_provided	GCA_003829775.2 (Junco hyemalis)	NCBI SRA BioSample/accession SAMN42231516	yes_for_at_least_one_PIP	DatasetS4	ROM	49.00222222	-65.989999999999995	SAMN42231516
3706	Setophaga castanea	not_provided; latitude_longitude_available	not_provided	GCA_001746935.2 (Setophaga coronata)	NCBI SRA BioSample/accession SAMN42230834	yes_for_at_least_one_PIP	DatasetS4	ROM	45.3	-70.866666670000001	SAMN42230834
3840	Corthylio calendula	not_provided; latitude_longitude_available	not_provided	GCA_018697195.1 (Certhia americana)	NCBI SRA BioSample/accession SAMN42230805	yes_for_at_least_one_PIP	DatasetS4	ROM	45.3	-70.866666670000001	SAMN42230805
3841	Corthylio calendula	not_provided; latitude_longitude_available	not_provided	GCA_018697195.1 (Certhia americana)	NCBI SRA BioSample/accession SAMN42230811	yes_for_at_least_one_PIP	DatasetS4	ROM	45.3	-70.866666670000001	SAMN42230811
3972	Zonotrichia albicollis	not_provided; latitude_longitude_available	not_provided	GCA_003829775.2 (Junco hyemalis)	NCBI SRA BioSample/accession SAMN42231506	yes_for_at_least_one_PIP	DatasetS4	ROM	49.00222222	-65.989999999999995	SAMN42231506
4049	Setophaga castanea	not_provided; latitude_longitude_available	not_provided	GCA_001746935.2 (Setophaga coronata)	NCBI SRA BioSample/accession SAMN42230832	yes_for_at_least_one_PIP	DatasetS4	ROM	45.3	-70.866666670000001	SAMN42230832
4080	Leiothlypis ruficapilla	not_provided; latitude_longitude_available	not_provided	GCA_001746935.2 (Setophaga coronata)	NCBI SRA BioSample/accession SAMN42230906	yes_for_at_least_one_PIP	DatasetS4	ROM	49.00222222	-66.010000000000005	SAMN42230906
4082	Leiothlypis ruficapilla	not_provided; latitude_longitude_available	not_provided	GCA_001746935.2 (Setophaga coronata)	NCBI SRA BioSample/accession SAMN42230774	yes_for_at_least_one_PIP	DatasetS4	ROM	49.00222222	-66.010000000000005	SAMN42230774
4083	Leiothlypis ruficapilla	not_provided; latitude_longitude_available	not_provided	GCA_001746935.2 (Setophaga coronata)	NCBI SRA BioSample/accession SAMN42230783	yes_for_at_least_one_PIP	DatasetS4	ROM	49.00222222	-66.010000000000005	SAMN42230783
4085	Leiothlypis ruficapilla	not_provided; latitude_longitude_available	not_provided	GCA_001746935.2 (Setophaga coronata)	NCBI SRA BioSample/accession SAMN42230780	yes_for_at_least_one_PIP	DatasetS4	ROM	49.00222222	-66.010000000000005	SAMN42230780
4086	Leiothlypis ruficapilla	not_provided; latitude_longitude_available	not_provided	GCA_001746935.2 (Setophaga coronata)	NCBI SRA BioSample/accession SAMN42230778	yes_for_at_least_one_PIP	DatasetS4	ROM	49.00222222	-66.010000000000005	SAMN42230778
4091	Setophaga coronata	not_provided; latitude_longitude_available	not_provided	GCA_001746935.2 (Setophaga coronata)	NCBI SRA BioSample/accession SAMN42231444	yes_for_at_least_one_PIP	DatasetS4	ROM	49.00222222	-65.989999999999995	SAMN42231444
4104	Setophaga coronata	not_provided; latitude_longitude_available	not_provided	GCA_001746935.2 (Setophaga coronata)	NCBI SRA BioSample/accession SAMN42231445	yes_for_at_least_one_PIP	DatasetS4	ROM	49.00222222	-65.989999999999995	SAMN42231445
4124	Poecile atricapillus	not_provided; latitude_longitude_available	not_provided	GCA_001522545.3 (Parus major)	NCBI SRA BioSample/accession SAMN42231414	yes_for_at_least_one_PIP	DatasetS4	ROM	49.00222222	-65.989999999999995	SAMN42231414
4172	Setophaga magnolia	not_provided; latitude_longitude_available	not_provided	GCA_001746935.2 (Setophaga coronata)	NCBI SRA BioSample/accession SAMN42231459	yes_for_at_least_one_PIP	DatasetS4	ROM	49.00222222	-65.989999999999995	SAMN42231459
4200	Setophaga coronata	not_provided; latitude_longitude_available	not_provided	GCA_001746935.2 (Setophaga coronata)	NCBI SRA BioSample/accession SAMN42231452	yes_for_at_least_one_PIP	DatasetS4	ROM	49.00222222	-65.989999999999995	SAMN42231452
4217	Junco hyemalis	not_provided; latitude_longitude_available	not_provided	GCA_003829775.2 (Junco hyemalis)	NCBI SRA BioSample/accession SAMN42231386	yes_for_at_least_one_PIP	DatasetS4	ROM	49.00222222	-65.989999999999995	SAMN42231386
4221	Leiothlypis peregrina	not_provided; latitude_longitude_available	not_provided	GCA_001746935.2 (Setophaga coronata)	NCBI SRA BioSample/accession SAMN42230719	yes_for_at_least_one_PIP	DatasetS4	ROM	49.00222222	-66.010000000000005	SAMN42230719
4222	Leiothlypis peregrina	not_provided; latitude_longitude_available	not_provided	GCA_001746935.2 (Setophaga coronata)	NCBI SRA BioSample/accession SAMN42230720	yes_for_at_least_one_PIP	DatasetS4	ROM	49.00222222	-66.010000000000005	SAMN42230720
4224	Junco hyemalis	not_provided; latitude_longitude_available	not_provided	GCA_003829775.2 (Junco hyemalis)	NCBI SRA BioSample/accession SAMN42231394	yes_for_at_least_one_PIP	DatasetS4	ROM	49.00222222	-65.989999999999995	SAMN42231394
4240	Zonotrichia albicollis	not_provided; latitude_longitude_available	not_provided	GCA_003829775.2 (Junco hyemalis)	NCBI SRA BioSample/accession SAMN42231512	yes_for_at_least_one_PIP	DatasetS4	ROM	49.00222222	-65.989999999999995	SAMN42231512
4245	Zonotrichia albicollis	not_provided; latitude_longitude_available	not_provided	GCA_003829775.2 (Junco hyemalis)	NCBI SRA BioSample/accession SAMN42231517	yes_for_at_least_one_PIP	DatasetS4	ROM	49.00222222	-65.989999999999995	SAMN42231517
4246	Zonotrichia albicollis	not_provided; latitude_longitude_available	not_provided	GCA_003829775.2 (Junco hyemalis)	NCBI SRA BioSample/accession SAMN42231508	yes_for_at_least_one_PIP	DatasetS4	ROM	49.00222222	-65.989999999999995	SAMN42231508
4248	Zonotrichia albicollis	not_provided; latitude_longitude_available	not_provided	GCA_003829775.2 (Junco hyemalis)	NCBI SRA BioSample/accession SAMN42231510	yes_for_at_least_one_PIP	DatasetS4	ROM	49.00222222	-65.989999999999995	SAMN42231510
4257	Zonotrichia albicollis	not_provided; latitude_longitude_available	not_provided	GCA_003829775.2 (Junco hyemalis)	NCBI SRA BioSample/accession SAMN42231507	yes_for_at_least_one_PIP	DatasetS4	ROM	49.00222222	-65.989999999999995	SAMN42231507
4272	Zonotrichia albicollis	not_provided; latitude_longitude_available	not_provided	GCA_003829775.2 (Junco hyemalis)	NCBI SRA BioSample/accession SAMN42231514	yes_for_at_least_one_PIP	DatasetS4	ROM	49.00222222	-65.989999999999995	SAMN42231514
4274	Zonotrichia albicollis	not_provided; latitude_longitude_available	not_provided	GCA_003829775.2 (Junco hyemalis)	NCBI SRA BioSample/accession SAMN42231509	yes_for_at_least_one_PIP	DatasetS4	ROM	49.00222222	-65.989999999999995	SAMN42231509
43455	Setophaga pensylvanica	not_provided; latitude_longitude_available	not_provided	GCA_001746935.2 (Setophaga coronata)	NCBI SRA BioSample/accession SAMN42204578	yes_for_at_least_one_PIP	DatasetS4	MMNH	47.224601999999997	-95.079149400000006	SAMN42204578
43572	Setophaga pensylvanica	not_provided; latitude_longitude_available	not_provided	GCA_001746935.2 (Setophaga coronata)	NCBI SRA BioSample/accession SAMN42204577	yes_for_at_least_one_PIP	DatasetS4	MMNH	47.224601999999997	-95.079149400000006	SAMN42204577
43615	Setophaga pensylvanica	not_provided; latitude_longitude_available	not_provided	GCA_001746935.2 (Setophaga coronata)	NCBI SRA BioSample/accession SAMN42231305	yes_for_at_least_one_PIP	DatasetS4	MMNH	45.398671370000002	-93.873670590000003	SAMN42231305
4400	Zonotrichia albicollis	not_provided; latitude_longitude_available	not_provided	GCA_003829775.2 (Junco hyemalis)	NCBI SRA BioSample/accession SAMN42231511	yes_for_at_least_one_PIP	DatasetS4	ROM	49.00222222	-65.989999999999995	SAMN42231511
4441	Leiothlypis ruficapilla	not_provided; latitude_longitude_available	not_provided	GCA_001746935.2 (Setophaga coronata)	NCBI SRA BioSample/accession SAMN42230781	yes_for_at_least_one_PIP	DatasetS4	ROM	49.00222222	-66.010000000000005	SAMN42230781
4445	Empidonax flaviventris	not_provided; latitude_longitude_available	not_provided	GCA_009829145.1 (Chiroxiphia lanceolata)	NCBI SRA BioSample/accession SAMN42230699	yes_for_at_least_one_PIP	DatasetS4	ROM	49.00222222	-66.010000000000005	SAMN42230699
44511	Empidonax alnorum	not_provided; latitude_longitude_available	not_provided	GCA_009829145.1 (Chiroxiphia lanceolata)	NCBI SRA BioSample/accession SAMN42204124	yes_for_at_least_one_PIP	DatasetS4	CUMV	43.782406000000002	-74.271834999999996	SAMN42204124
4463	Setophaga coronata	not_provided; latitude_longitude_available	not_provided	GCA_001746935.2 (Setophaga coronata)	NCBI SRA BioSample/accession SAMN42231441	yes_for_at_least_one_PIP	DatasetS4	ROM	49.00222222	-65.989999999999995	SAMN42231441
4465	Setophaga coronata	not_provided; latitude_longitude_available	not_provided	GCA_001746935.2 (Setophaga coronata)	NCBI SRA BioSample/accession SAMN42231447	yes_for_at_least_one_PIP	DatasetS4	ROM	49.00222222	-65.989999999999995	SAMN42231447
4469	Junco hyemalis	not_provided; latitude_longitude_available	not_provided	GCA_003829775.2 (Junco hyemalis)	NCBI SRA BioSample/accession SAMN42231387	yes_for_at_least_one_PIP	DatasetS4	ROM	49.00222222	-65.989999999999995	SAMN42231387
4481	Leiothlypis ruficapilla	not_provided; latitude_longitude_available	not_provided	GCA_001746935.2 (Setophaga coronata)	NCBI SRA BioSample/accession SAMN42230779	yes_for_at_least_one_PIP	DatasetS4	ROM	49.00222222	-66.010000000000005	SAMN42230779
4484	Corthylio calendula	not_provided; latitude_longitude_available	not_provided	GCA_018697195.1 (Certhia americana)	NCBI SRA BioSample/accession SAMN42230807	yes_for_at_least_one_PIP	DatasetS4	ROM	49.00222222	-66.010000000000005	SAMN42230807
4504	Setophaga coronata	not_provided; latitude_longitude_available	not_provided	GCA_001746935.2 (Setophaga coronata)	NCBI SRA BioSample/accession SAMN42231453	yes_for_at_least_one_PIP	DatasetS4	ROM	49.00222222	-65.989999999999995	SAMN42231453
4519	Setophaga coronata	not_provided; latitude_longitude_available	not_provided	GCA_001746935.2 (Setophaga coronata)	NCBI SRA BioSample/accession SAMN42231442	yes_for_at_least_one_PIP	DatasetS4	ROM	49.00222222	-65.989999999999995	SAMN42231442
4520	Leiothlypis peregrina	not_provided; latitude_longitude_available	not_provided	GCA_001746935.2 (Setophaga coronata)	NCBI SRA BioSample/accession SAMN42230725	yes_for_at_least_one_PIP	DatasetS4	ROM	49.00222222	-66.010000000000005	SAMN42230725
4521	Leiothlypis peregrina	not_provided; latitude_longitude_available	not_provided	GCA_001746935.2 (Setophaga coronata)	NCBI SRA BioSample/accession SAMN42230714	yes_for_at_least_one_PIP	DatasetS4	ROM	49.00222222	-66.010000000000005	SAMN42230714
4524	Empidonax alnorum	not_provided; latitude_longitude_available	not_provided	GCA_009829145.1 (Chiroxiphia lanceolata)	NCBI SRA BioSample/accession SAMN42230686	yes_for_at_least_one_PIP	DatasetS4	ROM	49.00222222	-66.010000000000005	SAMN42230686
45411	Leiothlypis ruficapilla	not_provided; latitude_longitude_available	not_provided	GCA_001746935.2 (Setophaga coronata)	NCBI SRA BioSample/accession SAMN42230905	yes_for_at_least_one_PIP	DatasetS4	MMNH	47.19683663	-95.165493060000003	SAMN42230905
45457	Setophaga pensylvanica	not_provided; latitude_longitude_available	not_provided	GCA_001746935.2 (Setophaga coronata)	NCBI SRA BioSample/accession SAMN42231304	yes_for_at_least_one_PIP	DatasetS4	MMNH	47.190419159999998	-95.316307469999998	SAMN42231304
4546	Corthylio calendula	not_provided; latitude_longitude_available	not_provided	GCA_018697195.1 (Certhia americana)	NCBI SRA BioSample/accession SAMN42230810	yes_for_at_least_one_PIP	DatasetS4	ROM	49.00222222	-66.010000000000005	SAMN42230810
45536	Setophaga magnolia	not_provided; latitude_longitude_available	not_provided	GCA_001746935.2 (Setophaga coronata)	NCBI SRA BioSample/accession SAMN42204530	yes_for_at_least_one_PIP	DatasetS4	MMNH	47.730426379999997	-94.54713409	SAMN42204530
45540	Junco hyemalis	not_provided; latitude_longitude_available	not_provided	GCA_003829775.2 (Junco hyemalis)	NCBI SRA BioSample/accession SAMN42231385	yes_for_at_least_one_PIP	DatasetS4	ROM	49.00222222	-65.989999999999995	SAMN42231385
4560	Setophaga castanea	not_provided; latitude_longitude_available	not_provided	GCA_001746935.2 (Setophaga coronata)	NCBI SRA BioSample/accession SAMN42230835	yes_for_at_least_one_PIP	DatasetS4	ROM	49.00222222	-66.010000000000005	SAMN42230835
4562	Leiothlypis peregrina	not_provided; latitude_longitude_available	not_provided	GCA_001746935.2 (Setophaga coronata)	NCBI SRA BioSample/accession SAMN42230726	yes_for_at_least_one_PIP	DatasetS4	ROM	49.00222222	-66.010000000000005	SAMN42230726
4564	Poecile atricapillus	not_provided; latitude_longitude_available	not_provided	GCA_001522545.3 (Parus major)	NCBI SRA BioSample/accession SAMN42231413	yes_for_at_least_one_PIP	DatasetS4	ROM	49.00222222	-65.989999999999995	SAMN42231413
4566	Empidonax alnorum	not_provided; latitude_longitude_available	not_provided	GCA_009829145.1 (Chiroxiphia lanceolata)	NCBI SRA BioSample/accession SAMN42230684	yes_for_at_least_one_PIP	DatasetS4	ROM	49.00222222	-66.010000000000005	SAMN42230684
4567	Empidonax alnorum	not_provided; latitude_longitude_available	not_provided	GCA_009829145.1 (Chiroxiphia lanceolata)	NCBI SRA BioSample/accession SAMN42230689	yes_for_at_least_one_PIP	DatasetS4	ROM	49.00222222	-66.010000000000005	SAMN42230689
4578	Leiothlypis peregrina	not_provided; latitude_longitude_available	not_provided	GCA_001746935.2 (Setophaga coronata)	NCBI SRA BioSample/accession SAMN42230715	yes_for_at_least_one_PIP	DatasetS4	ROM	49.00222222	-66.010000000000005	SAMN42230715
4581	Corthylio calendula	not_provided; latitude_longitude_available	not_provided	GCA_018697195.1 (Certhia americana)	NCBI SRA BioSample/accession SAMN42230809	yes_for_at_least_one_PIP	DatasetS4	ROM	49.00222222	-66.010000000000005	SAMN42230809
4582	Empidonax alnorum	not_provided; latitude_longitude_available	not_provided	GCA_009829145.1 (Chiroxiphia lanceolata)	NCBI SRA BioSample/accession SAMN42230688	yes_for_at_least_one_PIP	DatasetS4	ROM	49.00222222	-66.010000000000005	SAMN42230688
45965	Geothlypis philadelphia	not_provided; latitude_longitude_available	not_provided	GCA_009764595.1 (Geothlypis trichas)	NCBI SRA BioSample/accession SAMN42204315	yes_for_at_least_one_PIP	DatasetS4	MMNH	47.190419159999998	-95.316307469999998	SAMN42204315
45975	Setophaga pensylvanica	not_provided; latitude_longitude_available	not_provided	GCA_001746935.2 (Setophaga coronata)	NCBI SRA BioSample/accession SAMN42231307	yes_for_at_least_one_PIP	DatasetS4	MMNH	47.224601999999997	-95.079149400000006	SAMN42231307
45977	Setophaga pensylvanica	not_provided; latitude_longitude_available	not_provided	GCA_001746935.2 (Setophaga coronata)	NCBI SRA BioSample/accession SAMN42231306	yes_for_at_least_one_PIP	DatasetS4	MMNH	47.226056999999997	-95.195524000000006	SAMN42231306
45979	Geothlypis philadelphia	not_provided; latitude_longitude_available	not_provided	GCA_009764595.1 (Geothlypis trichas)	NCBI SRA BioSample/accession SAMN42204314	yes_for_at_least_one_PIP	DatasetS4	MMNH	46.921982819999997	-95.059506769999999	SAMN42204314
4603	Junco hyemalis	not_provided; latitude_longitude_available	not_provided	GCA_003829775.2 (Junco hyemalis)	NCBI SRA BioSample/accession SAMN42231392	yes_for_at_least_one_PIP	DatasetS4	ROM	49.00222222	-65.989999999999995	SAMN42231392
46031	Setophaga pensylvanica	not_provided; latitude_longitude_available	not_provided	GCA_001746935.2 (Setophaga coronata)	NCBI SRA BioSample/accession SAMN42231303	yes_for_at_least_one_PIP	DatasetS4	MMNH	47.232033999999999	-95.158236000000002	SAMN42231303
4607	Troglodytes hiemalis	not_provided; latitude_longitude_available	not_provided	GCA_018697195.1 (Certhia americana)	NCBI SRA BioSample/accession SAMN42231489	yes_for_at_least_one_PIP	DatasetS4	ROM	49.00222222	-65.989999999999995	SAMN42231489
4616	Leiothlypis peregrina	not_provided; latitude_longitude_available	not_provided	GCA_001746935.2 (Setophaga coronata)	NCBI SRA BioSample/accession SAMN42230727	yes_for_at_least_one_PIP	DatasetS4	ROM	49.00222222	-66.010000000000005	SAMN42230727
4638	Troglodytes hiemalis	not_provided; latitude_longitude_available	not_provided	GCA_018697195.1 (Certhia americana)	NCBI SRA BioSample/accession SAMN42231490	yes_for_at_least_one_PIP	DatasetS4	ROM	49.00222222	-65.989999999999995	SAMN42231490
4675	Setophaga castanea	not_provided; latitude_longitude_available	not_provided	GCA_001746935.2 (Setophaga coronata)	NCBI SRA BioSample/accession SAMN42230827	yes_for_at_least_one_PIP	DatasetS4	ROM	45.3	-70.866666670000001	SAMN42230827
4742	Setophaga castanea	not_provided; latitude_longitude_available	not_provided	GCA_001746935.2 (Setophaga coronata)	NCBI SRA BioSample/accession SAMN42230830	yes_for_at_least_one_PIP	DatasetS4	ROM	45.3	-70.866666670000001	SAMN42230830
4756	Setophaga castanea	not_provided; latitude_longitude_available	not_provided	GCA_001746935.2 (Setophaga coronata)	NCBI SRA BioSample/accession SAMN42230837	yes_for_at_least_one_PIP	DatasetS4	ROM	45.3	-70.866666670000001	SAMN42230837
4757	Setophaga castanea	not_provided; latitude_longitude_available	not_provided	GCA_001746935.2 (Setophaga coronata)	NCBI SRA BioSample/accession SAMN42230930	yes_for_at_least_one_PIP	DatasetS4	ROM	45.3	-70.866666670000001	SAMN42230930
4791	Setophaga castanea	not_provided; latitude_longitude_available	not_provided	GCA_001746935.2 (Setophaga coronata)	NCBI SRA BioSample/accession SAMN42230833	yes_for_at_least_one_PIP	DatasetS4	ROM	45.3	-70.866666670000001	SAMN42230833
4797	Setophaga castanea	not_provided; latitude_longitude_available	not_provided	GCA_001746935.2 (Setophaga coronata)	NCBI SRA BioSample/accession SAMN42230826	yes_for_at_least_one_PIP	DatasetS4	ROM	45.3	-70.866666670000001	SAMN42230826
4798	Setophaga castanea	not_provided; latitude_longitude_available	not_provided	GCA_001746935.2 (Setophaga coronata)	NCBI SRA BioSample/accession SAMN42230931	yes_for_at_least_one_PIP	DatasetS4	ROM	45.3	-70.866666670000001	SAMN42230931
5048	Setophaga virens	not_provided; latitude_longitude_available	not_provided	GCA_001746935.2 (Setophaga coronata)	NCBI SRA BioSample/accession SAMN42231480	yes_for_at_least_one_PIP	DatasetS4	ROM	48.527222219999999	-63.756666670000001	SAMN42231480
5123	Empidonax flaviventris	not_provided; latitude_longitude_available	not_provided	GCA_009829145.1 (Chiroxiphia lanceolata)	NCBI SRA BioSample/accession SAMN42230692	yes_for_at_least_one_PIP	DatasetS4	ROM	49.00222222	-66.010000000000005	SAMN42230692
5175	Empidonax flaviventris	not_provided; latitude_longitude_available	not_provided	GCA_009829145.1 (Chiroxiphia lanceolata)	NCBI SRA BioSample/accession SAMN42230698	yes_for_at_least_one_PIP	DatasetS4	ROM	49.00222222	-66.010000000000005	SAMN42230698
5179	Corthylio calendula	not_provided; latitude_longitude_available	not_provided	GCA_018697195.1 (Certhia americana)	NCBI SRA BioSample/accession SAMN42230806	yes_for_at_least_one_PIP	DatasetS4	ROM	49.00222222	-66.010000000000005	SAMN42230806
5180	Setophaga magnolia	not_provided; latitude_longitude_available	not_provided	GCA_001746935.2 (Setophaga coronata)	NCBI SRA BioSample/accession SAMN42231457	yes_for_at_least_one_PIP	DatasetS4	ROM	49.00222222	-65.989999999999995	SAMN42231457
5221	Setophaga castanea	not_provided; latitude_longitude_available	not_provided	GCA_001746935.2 (Setophaga coronata)	NCBI SRA BioSample/accession SAMN42230831	yes_for_at_least_one_PIP	DatasetS4	ROM	45.3	-70.866666670000001	SAMN42230831
5233	Empidonax flaviventris	not_provided; latitude_longitude_available	not_provided	GCA_009829145.1 (Chiroxiphia lanceolata)	NCBI SRA BioSample/accession SAMN42230693	yes_for_at_least_one_PIP	DatasetS4	ROM	49.00222222	-66.010000000000005	SAMN42230693
52490	Setophaga coronata	not_provided; latitude_longitude_available	not_provided	GCA_001746935.2 (Setophaga coronata)	NCBI SRA BioSample/accession SAMN42203697	yes_for_at_least_one_PIP	DatasetS4	CUMV	44.4992333	-74.428433299999995	SAMN42203697
52611	Troglodytes hiemalis	not_provided; latitude_longitude_available	not_provided	GCA_018697195.1 (Certhia americana)	NCBI SRA BioSample/accession SAMN42230985	yes_for_at_least_one_PIP	DatasetS4	CUMV	44.420729000000001	-74.117480999999998	SAMN42230985
52618	Catharus guttatus	not_provided; latitude_longitude_available	not_provided	GCA_009819885.2 (Catharus ustulatus)	NCBI SRA BioSample/accession SAMN42231174	yes_for_at_least_one_PIP	DatasetS4	CUMV	44.4992333	-74.428433299999995	SAMN42231174
52622	Setophaga coronata	not_provided; latitude_longitude_available	not_provided	GCA_001746935.2 (Setophaga coronata)	NCBI SRA BioSample/accession SAMN42204015	yes_for_at_least_one_PIP	DatasetS4	CUMV	44.4992333	-74.428433299999995	SAMN42204015
52627	Setophaga fusca	not_provided; latitude_longitude_available	not_provided	GCA_001746935.2 (Setophaga coronata)	NCBI SRA BioSample/accession SAMN42203822	yes_for_at_least_one_PIP	DatasetS4	CUMV	44.4992333	-74.428433299999995	SAMN42203822
52633	Setophaga magnolia	not_provided; latitude_longitude_available	not_provided	GCA_001746935.2 (Setophaga coronata)	NCBI SRA BioSample/accession SAMN42204527	yes_for_at_least_one_PIP	DatasetS4	CUMV	44.4992333	-74.428433299999995	SAMN42204527
52635	Setophaga palmarum	not_provided; latitude_longitude_available	not_provided	GCA_001746935.2 (Setophaga coronata)	NCBI SRA BioSample/accession SAMN42204226	yes_for_at_least_one_PIP	DatasetS4	CUMV	44.4992333	-74.428433299999995	SAMN42204226
52639	Vireo solitarius	not_provided; latitude_longitude_available	not_provided	GCA_020740725.1 (Corvus hawaiiensis)	NCBI SRA BioSample/accession SAMN42203895	yes_for_at_least_one_PIP	DatasetS4	CUMV	44.4992333	-74.428433299999995	SAMN42203895
52646	Catharus ustulatus	not_provided; latitude_longitude_available	not_provided	GCA_009819885.2 (Catharus ustulatus)	NCBI SRA BioSample/accession SAMN42204103	yes_for_at_least_one_PIP	DatasetS4	CUMV	44.4992333	-74.428433299999995	SAMN42204103
52648	Melospiza lincolnii	not_provided; latitude_longitude_available	not_provided	GCA_003829775.2 (Junco hyemalis)	NCBI SRA BioSample/accession SAMN42204178	yes_for_at_least_one_PIP	DatasetS4	CUMV	44.4992333	-74.428433299999995	SAMN42204178
52707	Zonotrichia albicollis	not_provided; latitude_longitude_available	not_provided	GCA_003829775.2 (Junco hyemalis)	NCBI SRA BioSample/accession SAMN42204074	yes_for_at_least_one_PIP	DatasetS4	CUMV	44.4992333	-74.428433299999995	SAMN42204074
52819	Setophaga palmarum	not_provided; latitude_longitude_available	not_provided	GCA_001746935.2 (Setophaga coronata)	NCBI SRA BioSample/accession SAMN42204227	yes_for_at_least_one_PIP	DatasetS4	CUMV	44.4992333	-74.428433299999995	SAMN42204227
52842	Leiothlypis ruficapilla	not_provided; latitude_longitude_available	not_provided	GCA_001746935.2 (Setophaga coronata)	NCBI SRA BioSample/accession SAMN42230759	yes_for_at_least_one_PIP	DatasetS4	CUMV	44.420729000000001	-74.117480999999998	SAMN42230759
55166	Troglodytes hiemalis	not_provided; latitude_longitude_available	not_provided	GCA_018697195.1 (Certhia americana)	NCBI SRA BioSample/accession SAMN42230987	yes_for_at_least_one_PIP	DatasetS4	CUMV	43.934010000000001	-74.836579999999998	SAMN42230987
55196	Corthylio calendula	not_provided; latitude_longitude_available	not_provided	GCA_018697195.1 (Certhia americana)	NCBI SRA BioSample/accession SAMN42204196	yes_for_at_least_one_PIP	DatasetS4	CUMV	43.947330000000001	-74.778850000000006	SAMN42204196
56059	Sphyrapicus varius	not_provided; latitude_longitude_available	not_provided	GCA_014839835.1 (Picoides pubescens)	NCBI SRA BioSample/accession SAMN42204031	yes_for_at_least_one_PIP	DatasetS4	CUMV	44.248354999999997	-73.984916999999996	SAMN42204031
56061	Troglodytes hiemalis	not_provided; latitude_longitude_available	not_provided	GCA_018697195.1 (Certhia americana)	NCBI SRA BioSample/accession SAMN42230986	yes_for_at_least_one_PIP	DatasetS4	CUMV	44.248354999999997	-73.984916999999996	SAMN42230986
56063	Melospiza lincolnii	not_provided; latitude_longitude_available	not_provided	GCA_003829775.2 (Junco hyemalis)	NCBI SRA BioSample/accession SAMN42203931	yes_for_at_least_one_PIP	DatasetS4	CUMV	44.248354999999997	-73.984916999999996	SAMN42203931
56177	Setophaga fusca	not_provided; latitude_longitude_available	not_provided	GCA_001746935.2 (Setophaga coronata)	NCBI SRA BioSample/accession SAMN42204213	yes_for_at_least_one_PIP	DatasetS4	CUMV	44.248354999999997	-73.984916999999996	SAMN42204213
56178	Setophaga magnolia	not_provided; latitude_longitude_available	not_provided	GCA_001746935.2 (Setophaga coronata)	NCBI SRA BioSample/accession SAMN42204529	yes_for_at_least_one_PIP	DatasetS4	CUMV	44.248354999999997	-73.984916999999996	SAMN42204529
56179	Leiothlypis ruficapilla	not_provided; latitude_longitude_available	not_provided	GCA_001746935.2 (Setophaga coronata)	NCBI SRA BioSample/accession SAMN42230761	yes_for_at_least_one_PIP	DatasetS4	CUMV	44.248354999999997	-73.984916999999996	SAMN42230761
56181	Leiothlypis ruficapilla	not_provided; latitude_longitude_available	not_provided	GCA_001746935.2 (Setophaga coronata)	NCBI SRA BioSample/accession SAMN42230760	yes_for_at_least_one_PIP	DatasetS4	CUMV	44.248354999999997	-73.984916999999996	SAMN42230760
56183	Setophaga fusca	not_provided; latitude_longitude_available	not_provided	GCA_001746935.2 (Setophaga coronata)	NCBI SRA BioSample/accession SAMN42204214	yes_for_at_least_one_PIP	DatasetS4	CUMV	44.248354999999997	-73.984916999999996	SAMN42204214
56184	Setophaga magnolia	not_provided; latitude_longitude_available	not_provided	GCA_001746935.2 (Setophaga coronata)	NCBI SRA BioSample/accession SAMN42204528	yes_for_at_least_one_PIP	DatasetS4	CUMV	44.248354999999997	-73.984916999999996	SAMN42204528
56185	Setophaga pensylvanica	not_provided; latitude_longitude_available	not_provided	GCA_001746935.2 (Setophaga coronata)	NCBI SRA BioSample/accession SAMN42204575	yes_for_at_least_one_PIP	DatasetS4	CUMV	44.248354999999997	-73.984916999999996	SAMN42204575
56187	Setophaga pensylvanica	not_provided; latitude_longitude_available	not_provided	GCA_001746935.2 (Setophaga coronata)	NCBI SRA BioSample/accession SAMN42204576	yes_for_at_least_one_PIP	DatasetS4	CUMV	44.248354999999997	-73.984916999999996	SAMN42204576
56196	Catharus guttatus	not_provided; latitude_longitude_available	not_provided	GCA_009819885.2 (Catharus ustulatus)	NCBI SRA BioSample/accession SAMN42203724	yes_for_at_least_one_PIP	DatasetS4	CUMV	44.248354999999997	-73.984916999999996	SAMN42203724
56200	Setophaga coronata	not_provided; latitude_longitude_available	not_provided	GCA_001746935.2 (Setophaga coronata)	NCBI SRA BioSample/accession SAMN42203698	yes_for_at_least_one_PIP	DatasetS4	CUMV	44.248354999999997	-73.984916999999996	SAMN42203698
56203	Junco hyemalis	not_provided; latitude_longitude_available	not_provided	GCA_003829775.2 (Junco hyemalis)	NCBI SRA BioSample/accession SAMN42204351	yes_for_at_least_one_PIP	DatasetS4	CUMV	44.248354999999997	-73.984916999999996	SAMN42204351
58517	Empidonax flaviventris	not_provided; latitude_longitude_available	not_provided	GCA_009829145.1 (Chiroxiphia lanceolata)	NCBI SRA BioSample/accession SAMN42204164	yes_for_at_least_one_PIP	DatasetS4	CUMV	44.248354999999997	-73.984916999999996	SAMN42204164
59322	Geothlypis philadelphia	not_provided; latitude_longitude_available	not_provided	GCA_009764595.1 (Geothlypis trichas)	NCBI SRA BioSample/accession SAMN42204311	yes_for_at_least_one_PIP	DatasetS4	CUMV	44.248354999999997	-73.984916999999996	SAMN42204311
59323	Geothlypis philadelphia	not_provided; latitude_longitude_available	not_provided	GCA_009764595.1 (Geothlypis trichas)	NCBI SRA BioSample/accession SAMN42204312	yes_for_at_least_one_PIP	DatasetS4	CUMV	44.248354999999997	-73.984916999999996	SAMN42204312
59399	Geothlypis philadelphia	not_provided; latitude_longitude_available	not_provided	GCA_009764595.1 (Geothlypis trichas)	NCBI SRA BioSample/accession SAMN42204313	yes_for_at_least_one_PIP	DatasetS4	CUMV	44.248354999999997	-73.984916999999996	SAMN42204313
6028	Leiothlypis ruficapilla	not_provided; latitude_longitude_available	not_provided	GCA_001746935.2 (Setophaga coronata)	NCBI SRA BioSample/accession SAMN42230775	yes_for_at_least_one_PIP	DatasetS4	ROM	49.00222222	-66.010000000000005	SAMN42230775
6048	Leiothlypis peregrina	not_provided; latitude_longitude_available	not_provided	GCA_001746935.2 (Setophaga coronata)	NCBI SRA BioSample/accession SAMN42230723	yes_for_at_least_one_PIP	DatasetS4	ROM	49.00222222	-66.010000000000005	SAMN42230723
6081	Leiothlypis peregrina	not_provided; latitude_longitude_available	not_provided	GCA_001746935.2 (Setophaga coronata)	NCBI SRA BioSample/accession SAMN42230716	yes_for_at_least_one_PIP	DatasetS4	ROM	49.00222222	-66.010000000000005	SAMN42230716
70384	Vireo olivaceus	not_provided; latitude_longitude_available	not_provided	GCA_020740725.1 (Corvus hawaiiensis)	NCBI SRA BioSample/accession SAMN42203844	yes_for_at_least_one_PIP	DatasetS4	CMNH	47.128327239999997	-94.653898850000004	SAMN42203844
71252	Sphyrapicus varius	not_provided; latitude_longitude_available	not_provided	GCA_014839835.1 (Picoides pubescens)	NCBI SRA BioSample/accession SAMN42204018	yes_for_at_least_one_PIP	DatasetS4	CMNH	44.223379999999999	-72.297190000000001	SAMN42204018
71294	Sphyrapicus varius	not_provided; latitude_longitude_available	not_provided	GCA_014839835.1 (Picoides pubescens)	NCBI SRA BioSample/accession SAMN42204019	yes_for_at_least_one_PIP	DatasetS4	CMNH	44.223379999999999	-72.297190000000001	SAMN42204019
71295	Sphyrapicus varius	not_provided; latitude_longitude_available	not_provided	GCA_014839835.1 (Picoides pubescens)	NCBI SRA BioSample/accession SAMN42204020	yes_for_at_least_one_PIP	DatasetS4	CMNH	44.270530000000001	-72.309690000000003	SAMN42204020
71298	Vireo olivaceus	not_provided; latitude_longitude_available	not_provided	GCA_020740725.1 (Corvus hawaiiensis)	NCBI SRA BioSample/accession SAMN42231327	yes_for_at_least_one_PIP	DatasetS4	CMNH	44.270530000000001	-72.309690000000003	SAMN42231327
71332	Sphyrapicus varius	not_provided; latitude_longitude_available	not_provided	GCA_014839835.1 (Picoides pubescens)	NCBI SRA BioSample/accession SAMN42204021	yes_for_at_least_one_PIP	DatasetS4	CMNH	44.275667349999999	-72.283732299999997	SAMN42204021
71467	Sphyrapicus varius	not_provided; latitude_longitude_available	not_provided	GCA_014839835.1 (Picoides pubescens)	NCBI SRA BioSample/accession SAMN42204022	yes_for_at_least_one_PIP	DatasetS4	CMNH	44.24577	-72.28219	SAMN42204022
71484	Setophaga virens	not_provided; latitude_longitude_available	not_provided	GCA_001746935.2 (Setophaga coronata)	NCBI SRA BioSample/accession SAMN42204615	yes_for_at_least_one_PIP	DatasetS4	CMNH	44.270530000000001	-72.309690000000003	SAMN42204615
71557	Setophaga virens	not_provided; latitude_longitude_available	not_provided	GCA_001746935.2 (Setophaga coronata)	NCBI SRA BioSample/accession SAMN42204617	yes_for_at_least_one_PIP	DatasetS4	CMNH	44.260191910000003	-72.575565429999997	SAMN42204617
71607	Vireo olivaceus	not_provided; latitude_longitude_available	not_provided	GCA_020740725.1 (Corvus hawaiiensis)	NCBI SRA BioSample/accession SAMN42203849	yes_for_at_least_one_PIP	DatasetS4	CMNH	44.270530000000001	-72.309690000000003	SAMN42203849
71618	Poecile atricapillus	not_provided; latitude_longitude_available	not_provided	GCA_001522545.3 (Parus major)	NCBI SRA BioSample/accession SAMN42231258	yes_for_at_least_one_PIP	DatasetS4	CMNH	44.270530000000001	-72.309690000000003	SAMN42231258
71619	Setophaga virens	not_provided; latitude_longitude_available	not_provided	GCA_001746935.2 (Setophaga coronata)	NCBI SRA BioSample/accession SAMN42204620	yes_for_at_least_one_PIP	DatasetS4	CMNH	44.270530000000001	-72.309690000000003	SAMN42204620
71734	Setophaga coronata	not_provided; latitude_longitude_available	not_provided	GCA_001746935.2 (Setophaga coronata)	NCBI SRA BioSample/accession SAMN42231570	yes_for_at_least_one_PIP	DatasetS4	CMNH	47.203000000000003	-95.090999999999994	SAMN42231570
71735	Setophaga virens	not_provided; latitude_longitude_available	not_provided	GCA_001746935.2 (Setophaga coronata)	NCBI SRA BioSample/accession SAMN42204619	yes_for_at_least_one_PIP	DatasetS4	CMNH	47.207999999999998	-95.090999999999994	SAMN42204619
71736	Setophaga virens	not_provided; latitude_longitude_available	not_provided	GCA_001746935.2 (Setophaga coronata)	NCBI SRA BioSample/accession SAMN42204625	yes_for_at_least_one_PIP	DatasetS4	CMNH	44.257100000000001	-72.287850000000006	SAMN42204625
71737	Setophaga virens	not_provided; latitude_longitude_available	not_provided	GCA_001746935.2 (Setophaga coronata)	NCBI SRA BioSample/accession SAMN42204412	yes_for_at_least_one_PIP	DatasetS4	CMNH	47.203000000000003	-95.090999999999994	SAMN42204412
71752	Vireo olivaceus	not_provided; latitude_longitude_available	not_provided	GCA_020740725.1 (Corvus hawaiiensis)	NCBI SRA BioSample/accession SAMN42231329	yes_for_at_least_one_PIP	DatasetS4	CMNH	44.257100000000001	-72.287850000000006	SAMN42231329
71777	Catharus fuscescens	not_provided; latitude_longitude_available	not_provided	GCA_009819885.2 (Catharus ustulatus)	NCBI SRA BioSample/accession SAMN38349720	yes_for_at_least_one_PIP	DatasetS4	CMNH	44.25215	-72.286860000000004	SAMN38349720
71778	Catharus fuscescens	not_provided; latitude_longitude_available	not_provided	GCA_009819885.2 (Catharus ustulatus)	NCBI SRA BioSample/accession SAMN38349721	yes_for_at_least_one_PIP	DatasetS4	CMNH	44.257100000000001	-72.287850000000006	SAMN38349721
71779	Catharus fuscescens	not_provided; latitude_longitude_available	not_provided	GCA_009819885.2 (Catharus ustulatus)	NCBI SRA BioSample/accession SAMN38349722	yes_for_at_least_one_PIP	DatasetS4	CMNH	44.257100000000001	-72.287850000000006	SAMN38349722
71780	Catharus fuscescens	not_provided; latitude_longitude_available	not_provided	GCA_009819885.2 (Catharus ustulatus)	NCBI SRA BioSample/accession SAMN38349723	yes_for_at_least_one_PIP	DatasetS4	CMNH	44.257100000000001	-72.287850000000006	SAMN38349723
71781	Setophaga virens	not_provided; latitude_longitude_available	not_provided	GCA_001746935.2 (Setophaga coronata)	NCBI SRA BioSample/accession SAMN42204420	yes_for_at_least_one_PIP	DatasetS4	CMNH	44.245570000000001	-72.28219	SAMN42204420
71782	Setophaga virens	not_provided; latitude_longitude_available	not_provided	GCA_001746935.2 (Setophaga coronata)	NCBI SRA BioSample/accession SAMN42204613	yes_for_at_least_one_PIP	DatasetS4	CMNH	44.270530000000001	-72.309690000000003	SAMN42204613
71783	Junco hyemalis	not_provided; latitude_longitude_available	not_provided	GCA_003829775.2 (Junco hyemalis)	NCBI SRA BioSample/accession SAMN42204338	yes_for_at_least_one_PIP	DatasetS4	CMNH	44.223379999999999	-72.297190000000001	SAMN42204338
71784	Vireo olivaceus	not_provided; latitude_longitude_available	not_provided	GCA_020740725.1 (Corvus hawaiiensis)	NCBI SRA BioSample/accession SAMN42231331	yes_for_at_least_one_PIP	DatasetS4	CMNH	44.223379999999999	-72.297190000000001	SAMN42231331
71785	Vireo olivaceus	not_provided; latitude_longitude_available	not_provided	GCA_020740725.1 (Corvus hawaiiensis)	NCBI SRA BioSample/accession SAMN42231328	yes_for_at_least_one_PIP	DatasetS4	CMNH	44.270530000000001	-72.309690000000003	SAMN42231328
71788	Vireo olivaceus	not_provided; latitude_longitude_available	not_provided	GCA_020740725.1 (Corvus hawaiiensis)	NCBI SRA BioSample/accession SAMN42203850	yes_for_at_least_one_PIP	DatasetS4	CMNH	44.270530000000001	-72.309690000000003	SAMN42203850
71789	Poecile atricapillus	not_provided; latitude_longitude_available	not_provided	GCA_001522545.3 (Parus major)	NCBI SRA BioSample/accession SAMN42231411	yes_for_at_least_one_PIP	DatasetS4	CMNH	44.223379999999999	-72.297190000000001	SAMN42231411
71790	Poecile atricapillus	not_provided; latitude_longitude_available	not_provided	GCA_001522545.3 (Parus major)	NCBI SRA BioSample/accession SAMN42231253	yes_for_at_least_one_PIP	DatasetS4	CMNH	44.270530000000001	-72.309690000000003	SAMN42231253
71791	Poecile atricapillus	not_provided; latitude_longitude_available	not_provided	GCA_001522545.3 (Parus major)	NCBI SRA BioSample/accession SAMN42231252	yes_for_at_least_one_PIP	DatasetS4	CMNH	44.223379999999999	-72.297190000000001	SAMN42231252
71802	Setophaga virens	not_provided; latitude_longitude_available	not_provided	GCA_001746935.2 (Setophaga coronata)	NCBI SRA BioSample/accession SAMN42204618	yes_for_at_least_one_PIP	DatasetS4	CMNH	47.871729999999999	-92.120530000000002	SAMN42204618
71807	Setophaga virens	not_provided; latitude_longitude_available	not_provided	GCA_001746935.2 (Setophaga coronata)	NCBI SRA BioSample/accession SAMN42204416	yes_for_at_least_one_PIP	DatasetS4	CMNH	47.871729999999999	-92.120530000000002	SAMN42204416
71813	Corthylio calendula	not_provided; latitude_longitude_available	not_provided	GCA_018697195.1 (Certhia americana)	NCBI SRA BioSample/accession SAMN42204399	yes_for_at_least_one_PIP	DatasetS4	CMNH	48.111020000000003	-92.287869999999998	SAMN42204399
71816	Vireo olivaceus	not_provided; latitude_longitude_available	not_provided	GCA_020740725.1 (Corvus hawaiiensis)	NCBI SRA BioSample/accession SAMN42204440	yes_for_at_least_one_PIP	DatasetS4	CMNH	44.273960000000002	-72.316609999999997	SAMN42204440
71826	Vireo olivaceus	not_provided; latitude_longitude_available	not_provided	GCA_020740725.1 (Corvus hawaiiensis)	NCBI SRA BioSample/accession SAMN42204438	yes_for_at_least_one_PIP	DatasetS4	CMNH	44.190359999999998	-72.314869999999999	SAMN42204438
71836	Catharus fuscescens	not_provided; latitude_longitude_available	not_provided	GCA_009819885.2 (Catharus ustulatus)	NCBI SRA BioSample/accession SAMN38349724	yes_for_at_least_one_PIP	DatasetS4	CMNH	44.25215	-72.286860000000004	SAMN38349724
71846	Sphyrapicus varius	not_provided; latitude_longitude_available	not_provided	GCA_014839835.1 (Picoides pubescens)	NCBI SRA BioSample/accession SAMN42231321	yes_for_at_least_one_PIP	DatasetS4	CMNH	47.25461	-95.15334	SAMN42231321
71858	Poecile atricapillus	not_provided; latitude_longitude_available	not_provided	GCA_001522545.3 (Parus major)	NCBI SRA BioSample/accession SAMN42231405	yes_for_at_least_one_PIP	DatasetS4	CMNH	47.203000000000003	-95.090999999999994	SAMN42231405
71859	Poecile atricapillus	not_provided; latitude_longitude_available	not_provided	GCA_001522545.3 (Parus major)	NCBI SRA BioSample/accession SAMN42231248	yes_for_at_least_one_PIP	DatasetS4	CMNH	47.203000000000003	-95.090999999999994	SAMN42231248
71860	Poecile atricapillus	not_provided; latitude_longitude_available	not_provided	GCA_001522545.3 (Parus major)	NCBI SRA BioSample/accession SAMN42231256	yes_for_at_least_one_PIP	DatasetS4	CMNH	44.245570000000001	-72.28219	SAMN42231256
71866	Setophaga virens	not_provided; latitude_longitude_available	not_provided	GCA_001746935.2 (Setophaga coronata)	NCBI SRA BioSample/accession SAMN42231314	yes_for_at_least_one_PIP	DatasetS4	CMNH	44.245570000000001	-72.28219	SAMN42231314
71867	Setophaga virens	not_provided; latitude_longitude_available	not_provided	GCA_001746935.2 (Setophaga coronata)	NCBI SRA BioSample/accession SAMN42231126	yes_for_at_least_one_PIP	DatasetS4	CMNH	44.270530000000001	-72.309690000000003	SAMN42231126
71868	Setophaga virens	not_provided; latitude_longitude_available	not_provided	GCA_001746935.2 (Setophaga coronata)	NCBI SRA BioSample/accession SAMN42231312	yes_for_at_least_one_PIP	DatasetS4	CMNH	44.245570000000001	-72.28219	SAMN42231312
71871	Sphyrapicus varius	not_provided; latitude_longitude_available	not_provided	GCA_014839835.1 (Picoides pubescens)	NCBI SRA BioSample/accession SAMN42204023	yes_for_at_least_one_PIP	DatasetS4	CMNH	48.111020000000003	-92.287869999999998	SAMN42204023
71874	Catharus ustulatus	not_provided; latitude_longitude_available	not_provided	GCA_009819885.2 (Catharus ustulatus)	NCBI SRA BioSample/accession SAMN42203681	yes_for_at_least_one_PIP	DatasetS4	CMNH	47.871729999999999	-92.120530000000002	SAMN42203681
71960	Setophaga virens	not_provided; latitude_longitude_available	not_provided	GCA_001746935.2 (Setophaga coronata)	NCBI SRA BioSample/accession SAMN42204616	yes_for_at_least_one_PIP	DatasetS4	CMNH	47.203000000000003	-95.090999999999994	SAMN42204616
71965	Poecile atricapillus	not_provided; latitude_longitude_available	not_provided	GCA_001522545.3 (Parus major)	NCBI SRA BioSample/accession SAMN42231032	yes_for_at_least_one_PIP	DatasetS4	CMNH	47.203000000000003	-95.090999999999994	SAMN42231032
71969	Vireo solitarius	not_provided; latitude_longitude_available	not_provided	GCA_020740725.1 (Corvus hawaiiensis)	NCBI SRA BioSample/accession SAMN42203882	yes_for_at_least_one_PIP	DatasetS4	CMNH	47.871729999999999	-92.120530000000002	SAMN42203882
71970	Vireo olivaceus	not_provided; latitude_longitude_available	not_provided	GCA_020740725.1 (Corvus hawaiiensis)	NCBI SRA BioSample/accession SAMN42204439	yes_for_at_least_one_PIP	DatasetS4	CMNH	44.273960000000002	-71.316609999999997	SAMN42204439
71971	Setophaga virens	not_provided; latitude_longitude_available	not_provided	GCA_001746935.2 (Setophaga coronata)	NCBI SRA BioSample/accession SAMN42231125	yes_for_at_least_one_PIP	DatasetS4	CMNH	44.273960000000002	-72.316609999999997	SAMN42231125
71972	Poecile atricapillus	not_provided; latitude_longitude_available	not_provided	GCA_001522545.3 (Parus major)	NCBI SRA BioSample/accession SAMN42231035	yes_for_at_least_one_PIP	DatasetS4	CMNH	44.273960000000002	-72.316609999999997	SAMN42231035
71973	Setophaga virens	not_provided; latitude_longitude_available	not_provided	GCA_001746935.2 (Setophaga coronata)	NCBI SRA BioSample/accession SAMN42231313	yes_for_at_least_one_PIP	DatasetS4	CMNH	44.273960000000002	-72.316609999999997	SAMN42231313
71974	Setophaga virens	not_provided; latitude_longitude_available	not_provided	GCA_001746935.2 (Setophaga coronata)	NCBI SRA BioSample/accession SAMN42204419	yes_for_at_least_one_PIP	DatasetS4	CMNH	44.273960000000002	-72.316609999999997	SAMN42204419
71975	Setophaga virens	not_provided; latitude_longitude_available	not_provided	GCA_001746935.2 (Setophaga coronata)	NCBI SRA BioSample/accession SAMN42204413	yes_for_at_least_one_PIP	DatasetS4	CMNH	44.273960000000002	-72.316609999999997	SAMN42204413
71978	Setophaga virens	not_provided; latitude_longitude_available	not_provided	GCA_001746935.2 (Setophaga coronata)	NCBI SRA BioSample/accession SAMN42204614	yes_for_at_least_one_PIP	DatasetS4	CMNH	47.206879999999998	-95.085329999999999	SAMN42204614
71980	Junco hyemalis	not_provided; latitude_longitude_available	not_provided	GCA_003829775.2 (Junco hyemalis)	NCBI SRA BioSample/accession SAMN42204339	yes_for_at_least_one_PIP	DatasetS4	CMNH	44.19285	-72.326970000000003	SAMN42204339
71981	Junco hyemalis	not_provided; latitude_longitude_available	not_provided	GCA_003829775.2 (Junco hyemalis)	NCBI SRA BioSample/accession SAMN42204342	yes_for_at_least_one_PIP	DatasetS4	CMNH	44.223379999999999	-72.297190000000001	SAMN42204342
71982	Poecile atricapillus	not_provided; latitude_longitude_available	not_provided	GCA_001522545.3 (Parus major)	NCBI SRA BioSample/accession SAMN42231412	yes_for_at_least_one_PIP	DatasetS4	CMNH	44.223379999999999	-72.297190000000001	SAMN42231412
71983	Catharus fuscescens	not_provided; latitude_longitude_available	not_provided	GCA_009819885.2 (Catharus ustulatus)	NCBI SRA BioSample/accession SAMN38349727	yes_for_at_least_one_PIP	DatasetS4	CMNH	47.282389999999999	-95.153580000000005	SAMN38349727
71984	Catharus fuscescens	not_provided; latitude_longitude_available	not_provided	GCA_009819885.2 (Catharus ustulatus)	NCBI SRA BioSample/accession SAMN38349728	yes_for_at_least_one_PIP	DatasetS4	CMNH	47.282389999999999	-95.153580000000005	SAMN38349728
71992	Poecile atricapillus	not_provided; latitude_longitude_available	not_provided	GCA_001522545.3 (Parus major)	NCBI SRA BioSample/accession SAMN42231260	yes_for_at_least_one_PIP	DatasetS4	CMNH	44.245570000000001	-72.28219	SAMN42231260
71993	Catharus fuscescens	not_provided; latitude_longitude_available	not_provided	GCA_009819885.2 (Catharus ustulatus)	NCBI SRA BioSample/accession SAMN38349729	yes_for_at_least_one_PIP	DatasetS4	CMNH	44.25215	-72.286860000000004	SAMN38349729
71994	Catharus fuscescens	not_provided; latitude_longitude_available	not_provided	GCA_009819885.2 (Catharus ustulatus)	NCBI SRA BioSample/accession SAMN38349730	yes_for_at_least_one_PIP	DatasetS4	CMNH	44.25215	-72.286860000000004	SAMN38349730
71995	Poecile atricapillus	not_provided; latitude_longitude_available	not_provided	GCA_001522545.3 (Parus major)	NCBI SRA BioSample/accession SAMN42231409	yes_for_at_least_one_PIP	DatasetS4	CMNH	44.270530000000001	-72.309690000000003	SAMN42231409
71996	Catharus fuscescens	not_provided; latitude_longitude_available	not_provided	GCA_009819885.2 (Catharus ustulatus)	NCBI SRA BioSample/accession SAMN38349731	yes_for_at_least_one_PIP	DatasetS4	CMNH	44.270530000000001	-72.309690000000003	SAMN38349731
72004	Catharus fuscescens	not_provided; latitude_longitude_available	not_provided	GCA_009819885.2 (Catharus ustulatus)	NCBI SRA BioSample/accession SAMN38349732	yes_for_at_least_one_PIP	DatasetS4	CMNH	44.180840000000003	-72.307879999999997	SAMN38349732
72005	Poecile atricapillus	not_provided; latitude_longitude_available	not_provided	GCA_001522545.3 (Parus major)	NCBI SRA BioSample/accession SAMN42231406	yes_for_at_least_one_PIP	DatasetS4	CMNH	48.079129999999999	-92.149180000000001	SAMN42231406
72007	Poecile atricapillus	not_provided; latitude_longitude_available	not_provided	GCA_001522545.3 (Parus major)	NCBI SRA BioSample/accession SAMN42231259	yes_for_at_least_one_PIP	DatasetS4	CMNH	44.180840000000003	-72.307879999999997	SAMN42231259
72015	Vireo olivaceus	not_provided; latitude_longitude_available	not_provided	GCA_020740725.1 (Corvus hawaiiensis)	NCBI SRA BioSample/accession SAMN42203851	yes_for_at_least_one_PIP	DatasetS4	CMNH	44.180840000000003	-72.307879999999997	SAMN42203851
72016	Vireo olivaceus	not_provided; latitude_longitude_available	not_provided	GCA_020740725.1 (Corvus hawaiiensis)	NCBI SRA BioSample/accession SAMN42203852	yes_for_at_least_one_PIP	DatasetS4	CMNH	44.273960000000002	-72.316609999999997	SAMN42203852
72017	Vireo olivaceus	not_provided; latitude_longitude_available	not_provided	GCA_020740725.1 (Corvus hawaiiensis)	NCBI SRA BioSample/accession SAMN42231330	yes_for_at_least_one_PIP	DatasetS4	CMNH	44.273960000000002	-72.316609999999997	SAMN42231330
72117	Vireo olivaceus	not_provided; latitude_longitude_available	not_provided	GCA_020740725.1 (Corvus hawaiiensis)	NCBI SRA BioSample/accession SAMN42204437	yes_for_at_least_one_PIP	DatasetS4	CMNH	44.273960000000002	-72.316609999999997	SAMN42204437
72118	Vireo olivaceus	not_provided; latitude_longitude_available	not_provided	GCA_020740725.1 (Corvus hawaiiensis)	NCBI SRA BioSample/accession SAMN42203853	yes_for_at_least_one_PIP	DatasetS4	CMNH	44.190730000000002	-72.319710000000001	SAMN42203853
72119	Vireo olivaceus	not_provided; latitude_longitude_available	not_provided	GCA_020740725.1 (Corvus hawaiiensis)	NCBI SRA BioSample/accession SAMN42203854	yes_for_at_least_one_PIP	DatasetS4	CMNH	44.186	-72.322379999999995	SAMN42203854
72125	Setophaga fusca	not_provided; latitude_longitude_available	not_provided	GCA_001746935.2 (Setophaga coronata)	NCBI SRA BioSample/accession SAMN42204017	yes_for_at_least_one_PIP	DatasetS4	CMNH	48.121589999999998	-92.288439999999994	SAMN42204017
72137	Junco hyemalis	not_provided; latitude_longitude_available	not_provided	GCA_003829775.2 (Junco hyemalis)	NCBI SRA BioSample/accession SAMN42204341	yes_for_at_least_one_PIP	DatasetS4	CMNH	44.176729999999999	-72.306719999999999	SAMN42204341
72138	Junco hyemalis	not_provided; latitude_longitude_available	not_provided	GCA_003829775.2 (Junco hyemalis)	NCBI SRA BioSample/accession SAMN42204344	yes_for_at_least_one_PIP	DatasetS4	CMNH	44.176729999999999	-72.306719999999999	SAMN42204344
72139	Junco hyemalis	not_provided; latitude_longitude_available	not_provided	GCA_003829775.2 (Junco hyemalis)	NCBI SRA BioSample/accession SAMN42204347	yes_for_at_least_one_PIP	DatasetS4	CMNH	44.277970000000003	-72.139160000000004	SAMN42204347
72140	Vireo olivaceus	not_provided; latitude_longitude_available	not_provided	GCA_020740725.1 (Corvus hawaiiensis)	NCBI SRA BioSample/accession SAMN42231325	yes_for_at_least_one_PIP	DatasetS4	CMNH	47.239930000000001	-95.295490000000001	SAMN42231325
72142	Vireo olivaceus	not_provided; latitude_longitude_available	not_provided	GCA_020740725.1 (Corvus hawaiiensis)	NCBI SRA BioSample/accession SAMN42203855	yes_for_at_least_one_PIP	DatasetS4	CMNH	44.18338	-72.309150000000002	SAMN42203855
72143	Vireo olivaceus	not_provided; latitude_longitude_available	not_provided	GCA_020740725.1 (Corvus hawaiiensis)	NCBI SRA BioSample/accession SAMN42203856	yes_for_at_least_one_PIP	DatasetS4	CMNH	44.18338	-72.309150000000002	SAMN42203856
72147	Catharus fuscescens	not_provided; latitude_longitude_available	not_provided	GCA_009819885.2 (Catharus ustulatus)	NCBI SRA BioSample/accession SAMN38349733	yes_for_at_least_one_PIP	DatasetS4	CMNH	44.282330000000002	-72.288340000000005	SAMN38349733
72168	Poecile atricapillus	not_provided; latitude_longitude_available	not_provided	GCA_001522545.3 (Parus major)	NCBI SRA BioSample/accession SAMN42231408	yes_for_at_least_one_PIP	DatasetS4	CMNH	44.190730000000002	-72.311971	SAMN42231408
72169	Poecile atricapillus	not_provided; latitude_longitude_available	not_provided	GCA_001522545.3 (Parus major)	NCBI SRA BioSample/accession SAMN42231251	yes_for_at_least_one_PIP	DatasetS4	CMNH	44.176729999999999	-72.306719999999999	SAMN42231251
72170	Poecile atricapillus	not_provided; latitude_longitude_available	not_provided	GCA_001522545.3 (Parus major)	NCBI SRA BioSample/accession SAMN42231250	yes_for_at_least_one_PIP	DatasetS4	CMNH	44.186	-72.322379999999995	SAMN42231250
72171	Poecile atricapillus	not_provided; latitude_longitude_available	not_provided	GCA_001522545.3 (Parus major)	NCBI SRA BioSample/accession SAMN42231257	yes_for_at_least_one_PIP	DatasetS4	CMNH	44.190359999999998	-72.314869999999999	SAMN42231257
72173	Poecile atricapillus	not_provided; latitude_longitude_available	not_provided	GCA_001522545.3 (Parus major)	NCBI SRA BioSample/accession SAMN42231410	yes_for_at_least_one_PIP	DatasetS4	CMNH	44.277970000000003	-72.139160000000004	SAMN42231410
72174	Poecile atricapillus	not_provided; latitude_longitude_available	not_provided	GCA_001522545.3 (Parus major)	NCBI SRA BioSample/accession SAMN42231255	yes_for_at_least_one_PIP	DatasetS4	CMNH	44.18338	-72.309150000000002	SAMN42231255
72196	Setophaga virens	not_provided; latitude_longitude_available	not_provided	GCA_001746935.2 (Setophaga coronata)	NCBI SRA BioSample/accession SAMN42204422	yes_for_at_least_one_PIP	DatasetS4	CMNH	44.273960000000002	-72.316609999999997	SAMN42204422
72200	Junco hyemalis	not_provided; latitude_longitude_available	not_provided	GCA_003829775.2 (Junco hyemalis)	NCBI SRA BioSample/accession SAMN42204350	yes_for_at_least_one_PIP	DatasetS4	CMNH	44.277970000000003	-72.139160000000004	SAMN42204350
72201	Junco hyemalis	not_provided; latitude_longitude_available	not_provided	GCA_003829775.2 (Junco hyemalis)	NCBI SRA BioSample/accession SAMN42204349	yes_for_at_least_one_PIP	DatasetS4	CMNH	44.190359999999998	-72.314869999999999	SAMN42204349
72202	Poecile atricapillus	not_provided; latitude_longitude_available	not_provided	GCA_001522545.3 (Parus major)	NCBI SRA BioSample/accession SAMN42231036	yes_for_at_least_one_PIP	DatasetS4	CMNH	44.176729999999999	-72.306719999999999	SAMN42231036
72203	Poecile atricapillus	not_provided; latitude_longitude_available	not_provided	GCA_001522545.3 (Parus major)	NCBI SRA BioSample/accession SAMN42231261	yes_for_at_least_one_PIP	DatasetS4	CMNH	44.273960000000002	-72.316609999999997	SAMN42231261
72204	Setophaga virens	not_provided; latitude_longitude_available	not_provided	GCA_001746935.2 (Setophaga coronata)	NCBI SRA BioSample/accession SAMN42204417	yes_for_at_least_one_PIP	DatasetS4	CMNH	44.273960000000002	-72.316609999999997	SAMN42204417
72208	Setophaga coronata	not_provided; latitude_longitude_available	not_provided	GCA_001746935.2 (Setophaga coronata)	NCBI SRA BioSample/accession SAMN42203691	yes_for_at_least_one_PIP	DatasetS4	CMNH	48.062719999999999	-92.374049999999997	SAMN42203691
72209	Setophaga virens	not_provided; latitude_longitude_available	not_provided	GCA_001746935.2 (Setophaga coronata)	NCBI SRA BioSample/accession SAMN42204414	yes_for_at_least_one_PIP	DatasetS4	CMNH	44.273960000000002	-72.316609999999997	SAMN42204414
72214	Setophaga fusca	not_provided; latitude_longitude_available	not_provided	GCA_001746935.2 (Setophaga coronata)	NCBI SRA BioSample/accession SAMN42203817	yes_for_at_least_one_PIP	DatasetS4	CMNH	48.121589999999998	-92.288439999999994	SAMN42203817
72224	Setophaga virens	not_provided; latitude_longitude_available	not_provided	GCA_001746935.2 (Setophaga coronata)	NCBI SRA BioSample/accession SAMN42204622	yes_for_at_least_one_PIP	DatasetS4	CMNH	44.273960000000002	-72.316609999999997	SAMN42204622
72225	Setophaga virens	not_provided; latitude_longitude_available	not_provided	GCA_001746935.2 (Setophaga coronata)	NCBI SRA BioSample/accession SAMN42204621	yes_for_at_least_one_PIP	DatasetS4	CMNH	47.206879999999998	-95.085329999999999	SAMN42204621
72226	Setophaga virens	not_provided; latitude_longitude_available	not_provided	GCA_001746935.2 (Setophaga coronata)	NCBI SRA BioSample/accession SAMN42231127	yes_for_at_least_one_PIP	DatasetS4	CMNH	44.273960000000002	-72.316609999999997	SAMN42231127
72257	Setophaga virens	not_provided; latitude_longitude_available	not_provided	GCA_001746935.2 (Setophaga coronata)	NCBI SRA BioSample/accession SAMN42204421	yes_for_at_least_one_PIP	DatasetS4	CMNH	48.136659999999999	-92.357159999999993	SAMN42204421
72258	Setophaga virens	not_provided; latitude_longitude_available	not_provided	GCA_001746935.2 (Setophaga coronata)	NCBI SRA BioSample/accession SAMN42204411	yes_for_at_least_one_PIP	DatasetS4	CMNH	48.004600000000003	-92.425560000000004	SAMN42204411
72260	Setophaga virens	not_provided; latitude_longitude_available	not_provided	GCA_001746935.2 (Setophaga coronata)	NCBI SRA BioSample/accession SAMN42204415	yes_for_at_least_one_PIP	DatasetS4	CMNH	48.004600000000003	-92.425560000000004	SAMN42204415
72265	Catharus fuscescens	not_provided; latitude_longitude_available	not_provided	GCA_009819885.2 (Catharus ustulatus)	NCBI SRA BioSample/accession SAMN38349734	yes_for_at_least_one_PIP	DatasetS4	CMNH	47.305250000000001	-95.144620000000003	SAMN38349734
72269	Catharus fuscescens	not_provided; latitude_longitude_available	not_provided	GCA_009819885.2 (Catharus ustulatus)	NCBI SRA BioSample/accession SAMN38349735	yes_for_at_least_one_PIP	DatasetS4	CMNH	48.004600000000003	-92.425560000000004	SAMN38349735
72270	Catharus fuscescens	not_provided; latitude_longitude_available	not_provided	GCA_009819885.2 (Catharus ustulatus)	NCBI SRA BioSample/accession SAMN38349736	yes_for_at_least_one_PIP	DatasetS4	CMNH	48.004600000000003	-92.425560000000004	SAMN38349736
72271	Catharus fuscescens	not_provided; latitude_longitude_available	not_provided	GCA_009819885.2 (Catharus ustulatus)	NCBI SRA BioSample/accession SAMN38349737	yes_for_at_least_one_PIP	DatasetS4	CMNH	47.25461	-95.15334	SAMN38349737
72272	Catharus fuscescens	not_provided; latitude_longitude_available	not_provided	GCA_009819885.2 (Catharus ustulatus)	NCBI SRA BioSample/accession SAMN38349738	yes_for_at_least_one_PIP	DatasetS4	CMNH	47.25461	-95.15334	SAMN38349738
72280	Catharus fuscescens	not_provided; latitude_longitude_available	not_provided	GCA_009819885.2 (Catharus ustulatus)	NCBI SRA BioSample/accession SAMN38349739	yes_for_at_least_one_PIP	DatasetS4	CMNH	48.111020000000003	-92.287869999999998	SAMN38349739
72283	Vireo olivaceus	not_provided; latitude_longitude_available	not_provided	GCA_020740725.1 (Corvus hawaiiensis)	NCBI SRA BioSample/accession SAMN42203845	yes_for_at_least_one_PIP	DatasetS4	CMNH	47.25461	-95.15334	SAMN42203845
72334	Catharus fuscescens	not_provided; latitude_longitude_available	not_provided	GCA_009819885.2 (Catharus ustulatus)	NCBI SRA BioSample/accession SAMN38349740	yes_for_at_least_one_PIP	DatasetS4	CMNH	44.186	-72.322379999999995	SAMN38349740
72396	Setophaga coronata	not_provided; latitude_longitude_available	not_provided	GCA_001746935.2 (Setophaga coronata)	NCBI SRA BioSample/accession SAMN42203692	yes_for_at_least_one_PIP	DatasetS4	CMNH	47.991999999999997	-92.40889	SAMN42203692
72402	Corthylio calendula	not_provided; latitude_longitude_available	not_provided	GCA_018697195.1 (Certhia americana)	NCBI SRA BioSample/accession SAMN42204400	yes_for_at_least_one_PIP	DatasetS4	CMNH	48.128990000000002	-92.352199999999996	SAMN42204400
72403	Setophaga fusca	not_provided; latitude_longitude_available	not_provided	GCA_001746935.2 (Setophaga coronata)	NCBI SRA BioSample/accession SAMN42203818	yes_for_at_least_one_PIP	DatasetS4	CMNH	48.132390000000001	-92.262330000000006	SAMN42203818
72404	Setophaga fusca	not_provided; latitude_longitude_available	not_provided	GCA_001746935.2 (Setophaga coronata)	NCBI SRA BioSample/accession SAMN42203819	yes_for_at_least_one_PIP	DatasetS4	CMNH	48.111020000000003	-92.287869999999998	SAMN42203819
72405	Setophaga fusca	not_provided; latitude_longitude_available	not_provided	GCA_001746935.2 (Setophaga coronata)	NCBI SRA BioSample/accession SAMN42203820	yes_for_at_least_one_PIP	DatasetS4	CMNH	48.132390000000001	-92.262330000000006	SAMN42203820
72407	Poecile atricapillus	not_provided; latitude_longitude_available	not_provided	GCA_001522545.3 (Parus major)	NCBI SRA BioSample/accession SAMN42231034	yes_for_at_least_one_PIP	DatasetS4	CMNH	48.046030000000002	-92.398250000000004	SAMN42231034
72410	Setophaga coronata	not_provided; latitude_longitude_available	not_provided	GCA_001746935.2 (Setophaga coronata)	NCBI SRA BioSample/accession SAMN42203693	yes_for_at_least_one_PIP	DatasetS4	CMNH	48.046030000000002	-92.398250000000004	SAMN42203693
72411	Setophaga coronata	not_provided; latitude_longitude_available	not_provided	GCA_001746935.2 (Setophaga coronata)	NCBI SRA BioSample/accession SAMN42203785	yes_for_at_least_one_PIP	DatasetS4	CMNH	48.062730000000002	-92.374049999999997	SAMN42203785
72412	Setophaga coronata	not_provided; latitude_longitude_available	not_provided	GCA_001746935.2 (Setophaga coronata)	NCBI SRA BioSample/accession SAMN42203786	yes_for_at_least_one_PIP	DatasetS4	CMNH	48.114089999999997	-92.148859999999999	SAMN42203786
72413	Setophaga coronata	not_provided; latitude_longitude_available	not_provided	GCA_001746935.2 (Setophaga coronata)	NCBI SRA BioSample/accession SAMN42203787	yes_for_at_least_one_PIP	DatasetS4	CMNH	47.991999999999997	-92.40889	SAMN42203787
72414	Vireo olivaceus	not_provided; latitude_longitude_available	not_provided	GCA_020740725.1 (Corvus hawaiiensis)	NCBI SRA BioSample/accession SAMN42231326	yes_for_at_least_one_PIP	DatasetS4	CMNH	47.252899999999997	-95.27467	SAMN42231326
72417	Sphyrapicus varius	not_provided; latitude_longitude_available	not_provided	GCA_014839835.1 (Picoides pubescens)	NCBI SRA BioSample/accession SAMN42204024	yes_for_at_least_one_PIP	DatasetS4	CMNH	48.166730000000001	-92.431960000000004	SAMN42204024
72421	Sphyrapicus varius	not_provided; latitude_longitude_available	not_provided	GCA_014839835.1 (Picoides pubescens)	NCBI SRA BioSample/accession SAMN42231319	yes_for_at_least_one_PIP	DatasetS4	CMNH	44.74776	-85.293660000000003	SAMN42231319
72422	Sphyrapicus varius	not_provided; latitude_longitude_available	not_provided	GCA_014839835.1 (Picoides pubescens)	NCBI SRA BioSample/accession SAMN42204025	yes_for_at_least_one_PIP	DatasetS4	CMNH	48.166730000000001	-92.431960000000004	SAMN42204025
72424	Sphyrapicus varius	not_provided; latitude_longitude_available	not_provided	GCA_014839835.1 (Picoides pubescens)	NCBI SRA BioSample/accession SAMN42231318	yes_for_at_least_one_PIP	DatasetS4	CMNH	46.056274000000002	-85.018416000000002	SAMN42231318
72425	Sphyrapicus varius	not_provided; latitude_longitude_available	not_provided	GCA_014839835.1 (Picoides pubescens)	NCBI SRA BioSample/accession SAMN42204026	yes_for_at_least_one_PIP	DatasetS4	CMNH	48.166730000000001	-92.431960000000004	SAMN42204026
72428	Sphyrapicus varius	not_provided; latitude_longitude_available	not_provided	GCA_014839835.1 (Picoides pubescens)	NCBI SRA BioSample/accession SAMN42204027	yes_for_at_least_one_PIP	DatasetS4	CMNH	48.166730000000001	-92.431960000000004	SAMN42204027
72433	Catharus guttatus	not_provided; latitude_longitude_available	not_provided	GCA_009819885.2 (Catharus ustulatus)	NCBI SRA BioSample/accession SAMN42203665	yes_for_at_least_one_PIP	DatasetS4	CMNH	48.083750000000002	-92.09666	SAMN42203665
72442	Catharus guttatus	not_provided; latitude_longitude_available	not_provided	GCA_009819885.2 (Catharus ustulatus)	NCBI SRA BioSample/accession SAMN42203666	yes_for_at_least_one_PIP	DatasetS4	CMNH	48.004600000000003	-92.425560000000004	SAMN42203666
72443	Catharus guttatus	not_provided; latitude_longitude_available	not_provided	GCA_009819885.2 (Catharus ustulatus)	NCBI SRA BioSample/accession SAMN42203667	yes_for_at_least_one_PIP	DatasetS4	CMNH	48.062730000000002	-92.374049999999997	SAMN42203667
72448	Poecile atricapillus	not_provided; latitude_longitude_available	not_provided	GCA_001522545.3 (Parus major)	NCBI SRA BioSample/accession SAMN42231031	yes_for_at_least_one_PIP	DatasetS4	CMNH	47.239930000000001	-95.295490000000001	SAMN42231031
72449	Vireo solitarius	not_provided; latitude_longitude_available	not_provided	GCA_020740725.1 (Corvus hawaiiensis)	NCBI SRA BioSample/accession SAMN42203883	yes_for_at_least_one_PIP	DatasetS4	CMNH	48.065040000000003	-92.365570000000005	SAMN42203883
72450	Vireo solitarius	not_provided; latitude_longitude_available	not_provided	GCA_020740725.1 (Corvus hawaiiensis)	NCBI SRA BioSample/accession SAMN42203884	yes_for_at_least_one_PIP	DatasetS4	CMNH	48.065040000000003	-92.365570000000005	SAMN42203884
72451	Junco hyemalis	not_provided; latitude_longitude_available	not_provided	GCA_003829775.2 (Junco hyemalis)	NCBI SRA BioSample/accession SAMN42204505	yes_for_at_least_one_PIP	DatasetS4	CMNH	48.062730000000002	-92.374049999999997	SAMN42204505
72473	Poecile atricapillus	not_provided; latitude_longitude_available	not_provided	GCA_001522545.3 (Parus major)	NCBI SRA BioSample/accession SAMN42231407	yes_for_at_least_one_PIP	DatasetS4	CMNH	47.272480000000002	-95.238600000000005	SAMN42231407
72476	Vireo solitarius	not_provided; latitude_longitude_available	not_provided	GCA_020740725.1 (Corvus hawaiiensis)	NCBI SRA BioSample/accession SAMN42203885	yes_for_at_least_one_PIP	DatasetS4	CMNH	48.083750000000002	-92.09666	SAMN42203885
72477	Empidonax alnorum	not_provided; latitude_longitude_available	not_provided	GCA_009829145.1 (Chiroxiphia lanceolata)	NCBI SRA BioSample/accession SAMN42231185	yes_for_at_least_one_PIP	DatasetS4	CMNH	47.390860000000004	-92.153040000000004	SAMN42231185
72478	Poecile atricapillus	not_provided; latitude_longitude_available	not_provided	GCA_001522545.3 (Parus major)	NCBI SRA BioSample/accession SAMN42231033	yes_for_at_least_one_PIP	DatasetS4	CMNH	48.079129999999999	-92.149180000000001	SAMN42231033
72479	Setophaga coronata	not_provided; latitude_longitude_available	not_provided	GCA_001746935.2 (Setophaga coronata)	NCBI SRA BioSample/accession SAMN42231571	yes_for_at_least_one_PIP	DatasetS4	CMNH	48.079129999999999	-92.149180000000001	SAMN42231571
72480	Vireo olivaceus	not_provided; latitude_longitude_available	not_provided	GCA_020740725.1 (Corvus hawaiiensis)	NCBI SRA BioSample/accession SAMN42203846	yes_for_at_least_one_PIP	DatasetS4	CMNH	47.25461	-95.15334	SAMN42203846
72485	Vireo olivaceus	not_provided; latitude_longitude_available	not_provided	GCA_020740725.1 (Corvus hawaiiensis)	NCBI SRA BioSample/accession SAMN42203847	yes_for_at_least_one_PIP	DatasetS4	CMNH	47.25461	-95.15334	SAMN42203847
72486	Vireo olivaceus	not_provided; latitude_longitude_available	not_provided	GCA_020740725.1 (Corvus hawaiiensis)	NCBI SRA BioSample/accession SAMN42203848	yes_for_at_least_one_PIP	DatasetS4	CMNH	47.25461	-95.15334	SAMN42203848
72547	Setophaga fusca	not_provided; latitude_longitude_available	not_provided	GCA_001746935.2 (Setophaga coronata)	NCBI SRA BioSample/accession SAMN42203821	yes_for_at_least_one_PIP	DatasetS4	CMNH	48.166730000000001	-92.431960000000004	SAMN42203821
72548	Poecile atricapillus	not_provided; latitude_longitude_available	not_provided	GCA_001522545.3 (Parus major)	NCBI SRA BioSample/accession SAMN42231262	yes_for_at_least_one_PIP	DatasetS4	CMNH	44.270530000000001	-72.309690000000003	SAMN42231262
72550	Poecile atricapillus	not_provided; latitude_longitude_available	not_provided	GCA_001522545.3 (Parus major)	NCBI SRA BioSample/accession SAMN42231030	yes_for_at_least_one_PIP	DatasetS4	CMNH	48.121589999999998	-92.288439999999994	SAMN42231030
72551	Poecile atricapillus	not_provided; latitude_longitude_available	not_provided	GCA_001522545.3 (Parus major)	NCBI SRA BioSample/accession SAMN42231247	yes_for_at_least_one_PIP	DatasetS4	CMNH	48.114089999999997	-92.148859999999999	SAMN42231247
72552	Poecile atricapillus	not_provided; latitude_longitude_available	not_provided	GCA_001522545.3 (Parus major)	NCBI SRA BioSample/accession SAMN42231249	yes_for_at_least_one_PIP	DatasetS4	CMNH	48.166730000000001	-92.431960000000004	SAMN42231249
72553	Poecile atricapillus	not_provided; latitude_longitude_available	not_provided	GCA_001522545.3 (Parus major)	NCBI SRA BioSample/accession SAMN42231246	yes_for_at_least_one_PIP	DatasetS4	CMNH	48.166730000000001	-92.431960000000004	SAMN42231246
72566	Junco hyemalis	not_provided; latitude_longitude_available	not_provided	GCA_003829775.2 (Junco hyemalis)	NCBI SRA BioSample/accession SAMN42204348	yes_for_at_least_one_PIP	DatasetS4	CMNH	44.706650000000003	-85.293710000000004	SAMN42204348
72590	Poecile atricapillus	not_provided; latitude_longitude_available	not_provided	GCA_001522545.3 (Parus major)	NCBI SRA BioSample/accession SAMN42231244	yes_for_at_least_one_PIP	DatasetS4	CMNH	44.706650000000003	-85.293710000000004	SAMN42231244
72593	Poecile atricapillus	not_provided; latitude_longitude_available	not_provided	GCA_001522545.3 (Parus major)	NCBI SRA BioSample/accession SAMN42231028	yes_for_at_least_one_PIP	DatasetS4	CMNH	44.706650000000003	-85.293710000000004	SAMN42231028
72594	Poecile atricapillus	not_provided; latitude_longitude_available	not_provided	GCA_001522545.3 (Parus major)	NCBI SRA BioSample/accession SAMN42231245	yes_for_at_least_one_PIP	DatasetS4	CMNH	44.707970000000003	-85.271680000000003	SAMN42231245
72598	Poecile atricapillus	not_provided; latitude_longitude_available	not_provided	GCA_001522545.3 (Parus major)	NCBI SRA BioSample/accession SAMN42231029	yes_for_at_least_one_PIP	DatasetS4	CMNH	44.74776	-85.293660000000003	SAMN42231029
72623	Catharus fuscescens	not_provided; latitude_longitude_available	not_provided	GCA_009819885.2 (Catharus ustulatus)	NCBI SRA BioSample/accession SAMN38349744	yes_for_at_least_one_PIP	DatasetS4	CMNH	44.791759999999996	-84.176259999999999	SAMN38349744
72631	Poecile atricapillus	not_provided; latitude_longitude_available	not_provided	GCA_001522545.3 (Parus major)	NCBI SRA BioSample/accession SAMN42231404	yes_for_at_least_one_PIP	DatasetS4	CMNH	44.765979999999999	-84.904830000000004	SAMN42231404
72634	Poecile atricapillus	not_provided; latitude_longitude_available	not_provided	GCA_001522545.3 (Parus major)	NCBI SRA BioSample/accession SAMN42231403	yes_for_at_least_one_PIP	DatasetS4	CMNH	46.108263999999998	-85.233490000000003	SAMN42231403
72635	Poecile atricapillus	not_provided; latitude_longitude_available	not_provided	GCA_001522545.3 (Parus major)	NCBI SRA BioSample/accession SAMN42231027	yes_for_at_least_one_PIP	DatasetS4	CMNH	46.104514999999999	-85.215369999999993	SAMN42231027
72636	Poecile atricapillus	not_provided; latitude_longitude_available	not_provided	GCA_001522545.3 (Parus major)	NCBI SRA BioSample/accession SAMN42231402	yes_for_at_least_one_PIP	DatasetS4	CMNH	46.099668000000001	-85.256399999999999	SAMN42231402
72652	Catharus fuscescens	not_provided; latitude_longitude_available	not_provided	GCA_009819885.2 (Catharus ustulatus)	NCBI SRA BioSample/accession SAMN38349745	yes_for_at_least_one_PIP	DatasetS4	CMNH	44.25215	-72.286885999999996	SAMN38349745
72663	Catharus fuscescens	not_provided; latitude_longitude_available	not_provided	GCA_009819885.2 (Catharus ustulatus)	NCBI SRA BioSample/accession SAMN38349746	yes_for_at_least_one_PIP	DatasetS4	CMNH	44.25215	-72.286860000000004	SAMN38349746
72665	Junco hyemalis	not_provided; latitude_longitude_available	not_provided	GCA_003829775.2 (Junco hyemalis)	NCBI SRA BioSample/accession SAMN42204340	yes_for_at_least_one_PIP	DatasetS4	CMNH	44.273960000000002	-72.316609999999997	SAMN42204340
72668	Poecile atricapillus	not_provided; latitude_longitude_available	not_provided	GCA_001522545.3 (Parus major)	NCBI SRA BioSample/accession SAMN42231254	yes_for_at_least_one_PIP	DatasetS4	CMNH	44.195520000000002	-72.20505	SAMN42231254
72675	Catharus fuscescens	not_provided; latitude_longitude_available	not_provided	GCA_009819885.2 (Catharus ustulatus)	NCBI SRA BioSample/accession SAMN38349748	yes_for_at_least_one_PIP	DatasetS4	CMNH	44.245570000000001	-72.28219	SAMN38349748
72676	Setophaga tigrina	not_provided; latitude_longitude_available	not_provided	GCA_001746935.2 (Setophaga coronata)	NCBI SRA BioSample/accession SAMN42204596	yes_for_at_least_one_PIP	DatasetS4	CMNH	48.117699999999999	-92.342870000000005	SAMN42204596
72718	Catharus ustulatus	not_provided; latitude_longitude_available	not_provided	GCA_009819885.2 (Catharus ustulatus)	NCBI SRA BioSample/accession SAMN42203754	yes_for_at_least_one_PIP	DatasetS4	CMNH	47.871729999999999	-92.120530000000002	SAMN42203754
72720	Junco hyemalis	not_provided; latitude_longitude_available	not_provided	GCA_003829775.2 (Junco hyemalis)	NCBI SRA BioSample/accession SAMN42204345	yes_for_at_least_one_PIP	DatasetS4	CMNH	44.195520000000002	-72.20505	SAMN42204345
72868	Junco hyemalis	not_provided; latitude_longitude_available	not_provided	GCA_003829775.2 (Junco hyemalis)	NCBI SRA BioSample/accession SAMN42204346	yes_for_at_least_one_PIP	DatasetS4	CMNH	44.783160000000002	-84.317719999999994	SAMN42204346
72869	Junco hyemalis	not_provided; latitude_longitude_available	not_provided	GCA_003829775.2 (Junco hyemalis)	NCBI SRA BioSample/accession SAMN42204343	yes_for_at_least_one_PIP	DatasetS4	CMNH	44.688400000000001	-85.313730000000007	SAMN42204343
73720	Catharus fuscescens	not_provided; latitude_longitude_available	not_provided	GCA_009819885.2 (Catharus ustulatus)	NCBI SRA BioSample/accession SAMN38349759	yes_for_at_least_one_PIP	DatasetS4	CMNH	44.7654	-84.19229	SAMN38349759
73724	Vireo olivaceus	not_provided; latitude_longitude_available	not_provided	GCA_020740725.1 (Corvus hawaiiensis)	NCBI SRA BioSample/accession SAMN42204441	yes_for_at_least_one_PIP	DatasetS4	CMNH	44.194989999999997	-72.326300000000003	SAMN42204441
74824	Junco hyemalis	not_provided; latitude_longitude_available	not_provided	GCA_003829775.2 (Junco hyemalis)	NCBI SRA BioSample/accession SAMN42204506	yes_for_at_least_one_PIP	DatasetS4	CMNH	47.779000000000003	-90.888000000000005	SAMN42204506
74832	Catharus ustulatus	not_provided; latitude_longitude_available	not_provided	GCA_009819885.2 (Catharus ustulatus)	NCBI SRA BioSample/accession SAMN42203678	yes_for_at_least_one_PIP	DatasetS4	CMNH	55.500983329999997	-114.0366667	SAMN42203678
74833	Catharus ustulatus	not_provided; latitude_longitude_available	not_provided	GCA_009819885.2 (Catharus ustulatus)	NCBI SRA BioSample/accession SAMN42203677	yes_for_at_least_one_PIP	DatasetS4	CMNH	55.283716669999997	-114.1279667	SAMN42203677
74834	Catharus ustulatus	not_provided; latitude_longitude_available	not_provided	GCA_009819885.2 (Catharus ustulatus)	NCBI SRA BioSample/accession SAMN42203680	yes_for_at_least_one_PIP	DatasetS4	CMNH	55.235750000000003	-114.0553833	SAMN42203680
74835	Catharus ustulatus	not_provided; latitude_longitude_available	not_provided	GCA_009819885.2 (Catharus ustulatus)	NCBI SRA BioSample/accession SAMN42203749	yes_for_at_least_one_PIP	DatasetS4	CMNH	55.506999999999998	-114.14700000000001	SAMN42203749
74836	Catharus ustulatus	not_provided; latitude_longitude_available	not_provided	GCA_009819885.2 (Catharus ustulatus)	NCBI SRA BioSample/accession SAMN42203679	yes_for_at_least_one_PIP	DatasetS4	CMNH	54.622383329999998	-110.2201	SAMN42203679
74838	Catharus guttatus	not_provided; latitude_longitude_available	not_provided	GCA_009819885.2 (Catharus ustulatus)	NCBI SRA BioSample/accession SAMN42203720	yes_for_at_least_one_PIP	DatasetS4	CMNH	55.499000000000002	-114.083	SAMN42203720
74839	Catharus guttatus	not_provided; latitude_longitude_available	not_provided	GCA_009819885.2 (Catharus ustulatus)	NCBI SRA BioSample/accession SAMN42203664	yes_for_at_least_one_PIP	DatasetS4	CMNH	55.500983329999997	-114.0366667	SAMN42203664
74840	Catharus guttatus	not_provided; latitude_longitude_available	not_provided	GCA_009819885.2 (Catharus ustulatus)	NCBI SRA BioSample/accession SAMN42203663	yes_for_at_least_one_PIP	DatasetS4	CMNH	55.500983329999997	-114.0366667	SAMN42203663
74841	Poecile atricapillus	not_provided; latitude_longitude_available	not_provided	GCA_001522545.3 (Parus major)	NCBI SRA BioSample/accession SAMN42231239	yes_for_at_least_one_PIP	DatasetS4	CMNH	55.235750000000003	-114.0553833	SAMN42231239
74842	Poecile atricapillus	not_provided; latitude_longitude_available	not_provided	GCA_001522545.3 (Parus major)	NCBI SRA BioSample/accession SAMN42231025	yes_for_at_least_one_PIP	DatasetS4	CMNH	55.235750000000003	-114.0553833	SAMN42231025
74843	Poecile atricapillus	not_provided; latitude_longitude_available	not_provided	GCA_001522545.3 (Parus major)	NCBI SRA BioSample/accession SAMN42231241	yes_for_at_least_one_PIP	DatasetS4	CMNH	54.661133329999998	-110.26268330000001	SAMN42231241
74844	Poecile atricapillus	not_provided; latitude_longitude_available	not_provided	GCA_001522545.3 (Parus major)	NCBI SRA BioSample/accession SAMN42231242	yes_for_at_least_one_PIP	DatasetS4	CMNH	55.500983329999997	-114.0366667	SAMN42231242
74845	Poecile atricapillus	not_provided; latitude_longitude_available	not_provided	GCA_001522545.3 (Parus major)	NCBI SRA BioSample/accession SAMN42231240	yes_for_at_least_one_PIP	DatasetS4	CMNH	54.622383329999998	-110.2201	SAMN42231240
74846	Poecile atricapillus	not_provided; latitude_longitude_available	not_provided	GCA_001522545.3 (Parus major)	NCBI SRA BioSample/accession SAMN42231243	yes_for_at_least_one_PIP	DatasetS4	CMNH	54.661133329999998	-110.26268330000001	SAMN42231243
74847	Poecile atricapillus	not_provided; latitude_longitude_available	not_provided	GCA_001522545.3 (Parus major)	NCBI SRA BioSample/accession SAMN42231026	yes_for_at_least_one_PIP	DatasetS4	CMNH	54.601149999999997	-110.1992333	SAMN42231026
74848	Poecile atricapillus	not_provided; latitude_longitude_available	not_provided	GCA_001522545.3 (Parus major)	NCBI SRA BioSample/accession SAMN42231024	yes_for_at_least_one_PIP	DatasetS4	CMNH	54.622383329999998	-110.2201	SAMN42231024
74851	Setophaga fusca	not_provided; latitude_longitude_available	not_provided	GCA_001746935.2 (Setophaga coronata)	NCBI SRA BioSample/accession SAMN42203712	yes_for_at_least_one_PIP	DatasetS4	CMNH	54.601149999999997	-110.1992333	SAMN42203712
74852	Setophaga fusca	not_provided; latitude_longitude_available	not_provided	GCA_001746935.2 (Setophaga coronata)	NCBI SRA BioSample/accession SAMN42203715	yes_for_at_least_one_PIP	DatasetS4	CMNH	54.661133329999998	-110.26268330000001	SAMN42203715
74853	Setophaga fusca	not_provided; latitude_longitude_available	not_provided	GCA_001746935.2 (Setophaga coronata)	NCBI SRA BioSample/accession SAMN42203713	yes_for_at_least_one_PIP	DatasetS4	CMNH	54.601149999999997	-110.1992333	SAMN42203713
74854	Setophaga fusca	not_provided; latitude_longitude_available	not_provided	GCA_001746935.2 (Setophaga coronata)	NCBI SRA BioSample/accession SAMN42203714	yes_for_at_least_one_PIP	DatasetS4	CMNH	54.601149999999997	-110.1992333	SAMN42203714
74856	Geothlypis philadelphia	not_provided; latitude_longitude_available	not_provided	GCA_009764595.1 (Geothlypis trichas)	NCBI SRA BioSample/accession SAMN42204503	yes_for_at_least_one_PIP	DatasetS4	CMNH	54.622383329999998	-110.2201	SAMN42204503
74857	Geothlypis philadelphia	not_provided; latitude_longitude_available	not_provided	GCA_009764595.1 (Geothlypis trichas)	NCBI SRA BioSample/accession SAMN42204302	yes_for_at_least_one_PIP	DatasetS4	CMNH	55.235750000000003	-114.0553833	SAMN42204302
74858	Geothlypis philadelphia	not_provided; latitude_longitude_available	not_provided	GCA_009764595.1 (Geothlypis trichas)	NCBI SRA BioSample/accession SAMN42204301	yes_for_at_least_one_PIP	DatasetS4	CMNH	54.651716669999999	-110.1897	SAMN42204301
74859	Geothlypis philadelphia	not_provided; latitude_longitude_available	not_provided	GCA_009764595.1 (Geothlypis trichas)	NCBI SRA BioSample/accession SAMN42204304	yes_for_at_least_one_PIP	DatasetS4	CMNH	54.651716669999999	-110.1897	SAMN42204304
74860	Geothlypis philadelphia	not_provided; latitude_longitude_available	not_provided	GCA_009764595.1 (Geothlypis trichas)	NCBI SRA BioSample/accession SAMN42204303	yes_for_at_least_one_PIP	DatasetS4	CMNH	55.235750000000003	-114.0553833	SAMN42204303
74861	Geothlypis philadelphia	not_provided; latitude_longitude_available	not_provided	GCA_009764595.1 (Geothlypis trichas)	NCBI SRA BioSample/accession SAMN42204305	yes_for_at_least_one_PIP	DatasetS4	CMNH	55.235750000000003	-114.0553833	SAMN42204305
74862	Melospiza lincolnii	not_provided; latitude_longitude_available	not_provided	GCA_003829775.2 (Junco hyemalis)	NCBI SRA BioSample/accession SAMN42203924	yes_for_at_least_one_PIP	DatasetS4	CMNH	55.499000000000002	-114.083	SAMN42203924
74863	Melospiza lincolnii	not_provided; latitude_longitude_available	not_provided	GCA_003829775.2 (Junco hyemalis)	NCBI SRA BioSample/accession SAMN42203925	yes_for_at_least_one_PIP	DatasetS4	CMNH	55.711966670000002	-115.13423330000001	SAMN42203925
74864	Melospiza lincolnii	not_provided; latitude_longitude_available	not_provided	GCA_003829775.2 (Junco hyemalis)	NCBI SRA BioSample/accession SAMN42203926	yes_for_at_least_one_PIP	DatasetS4	CMNH	55.450616670000002	-114.45215	SAMN42203926
74865	Melospiza lincolnii	not_provided; latitude_longitude_available	not_provided	GCA_003829775.2 (Junco hyemalis)	NCBI SRA BioSample/accession SAMN42203922	yes_for_at_least_one_PIP	DatasetS4	CMNH	55.329683330000002	-114.01596670000001	SAMN42203922
74866	Melospiza lincolnii	not_provided; latitude_longitude_available	not_provided	GCA_003829775.2 (Junco hyemalis)	NCBI SRA BioSample/accession SAMN42203921	yes_for_at_least_one_PIP	DatasetS4	CMNH	55.283716669999997	-114.1279667	SAMN42203921
74867	Melospiza lincolnii	not_provided; latitude_longitude_available	not_provided	GCA_003829775.2 (Junco hyemalis)	NCBI SRA BioSample/accession SAMN42203923	yes_for_at_least_one_PIP	DatasetS4	CMNH	55.49038333	-113.9824	SAMN42203923
74868	Setophaga virens	not_provided; latitude_longitude_available	not_provided	GCA_001746935.2 (Setophaga coronata)	NCBI SRA BioSample/accession SAMN42204627	yes_for_at_least_one_PIP	DatasetS4	CMNH	54.601149999999997	-110.1992333	SAMN42204627
74869	Setophaga virens	not_provided; latitude_longitude_available	not_provided	GCA_001746935.2 (Setophaga coronata)	NCBI SRA BioSample/accession SAMN42204425	yes_for_at_least_one_PIP	DatasetS4	CMNH	54.601149999999997	-110.1992333	SAMN42204425
74870	Setophaga virens	not_provided; latitude_longitude_available	not_provided	GCA_001746935.2 (Setophaga coronata)	NCBI SRA BioSample/accession SAMN42204626	yes_for_at_least_one_PIP	DatasetS4	CMNH	55.635950000000001	-114.5319167	SAMN42204626
74871	Setophaga pensylvanica	not_provided; latitude_longitude_available	not_provided	GCA_001746935.2 (Setophaga coronata)	NCBI SRA BioSample/accession SAMN42204567	yes_for_at_least_one_PIP	DatasetS4	CMNH	54.601149999999997	-110.1992333	SAMN42204567
74872	Setophaga pensylvanica	not_provided; latitude_longitude_available	not_provided	GCA_001746935.2 (Setophaga coronata)	NCBI SRA BioSample/accession SAMN42204568	yes_for_at_least_one_PIP	DatasetS4	CMNH	55.235750000000003	-114.0553833	SAMN42204568
74873	Setophaga pensylvanica	not_provided; latitude_longitude_available	not_provided	GCA_001746935.2 (Setophaga coronata)	NCBI SRA BioSample/accession SAMN42204566	yes_for_at_least_one_PIP	DatasetS4	CMNH	54.622383329999998	-110.2201	SAMN42204566
74874	Setophaga coronata	not_provided; latitude_longitude_available	not_provided	GCA_001746935.2 (Setophaga coronata)	NCBI SRA BioSample/accession SAMN42203836	yes_for_at_least_one_PIP	DatasetS4	CMNH	55.436050000000002	-114.55625000000001	SAMN42203836
74875	Setophaga coronata	not_provided; latitude_longitude_available	not_provided	GCA_001746935.2 (Setophaga coronata)	NCBI SRA BioSample/accession SAMN42203694	yes_for_at_least_one_PIP	DatasetS4	CMNH	55.235750000000003	-114.0553833	SAMN42203694
74876	Setophaga coronata	not_provided; latitude_longitude_available	not_provided	GCA_001746935.2 (Setophaga coronata)	NCBI SRA BioSample/accession SAMN42203789	yes_for_at_least_one_PIP	DatasetS4	CMNH	55.235750000000003	-114.0553833	SAMN42203789
74877	Setophaga coronata	not_provided; latitude_longitude_available	not_provided	GCA_001746935.2 (Setophaga coronata)	NCBI SRA BioSample/accession SAMN42203788	yes_for_at_least_one_PIP	DatasetS4	CMNH	55.235750000000003	-114.0553833	SAMN42203788
74878	Setophaga coronata	not_provided; latitude_longitude_available	not_provided	GCA_001746935.2 (Setophaga coronata)	NCBI SRA BioSample/accession SAMN42203696	yes_for_at_least_one_PIP	DatasetS4	CMNH	55.329683330000002	-114.01596670000001	SAMN42203696
74879	Setophaga coronata	not_provided; latitude_longitude_available	not_provided	GCA_001746935.2 (Setophaga coronata)	NCBI SRA BioSample/accession SAMN42203695	yes_for_at_least_one_PIP	DatasetS4	CMNH	55.329683330000002	-114.01596670000001	SAMN42203695
74886	Sphyrapicus varius	not_provided; latitude_longitude_available	not_provided	GCA_014839835.1 (Picoides pubescens)	NCBI SRA BioSample/accession SAMN42204029	yes_for_at_least_one_PIP	DatasetS4	CMNH	55.635950000000001	-114.5319167	SAMN42204029
74887	Sphyrapicus varius	not_provided; latitude_longitude_available	not_provided	GCA_014839835.1 (Picoides pubescens)	NCBI SRA BioSample/accession SAMN42204028	yes_for_at_least_one_PIP	DatasetS4	CMNH	55.635950000000001	-114.5319167	SAMN42204028
74888	Sphyrapicus varius	not_provided; latitude_longitude_available	not_provided	GCA_014839835.1 (Picoides pubescens)	NCBI SRA BioSample/accession SAMN42204030	yes_for_at_least_one_PIP	DatasetS4	CMNH	54.661133329999998	-110.26268330000001	SAMN42204030
74896	Vireo solitarius	not_provided; latitude_longitude_available	not_provided	GCA_020740725.1 (Corvus hawaiiensis)	NCBI SRA BioSample/accession SAMN42203891	yes_for_at_least_one_PIP	DatasetS4	CMNH	55.283716669999997	-114.1279667	SAMN42203891
74897	Vireo solitarius	not_provided; latitude_longitude_available	not_provided	GCA_020740725.1 (Corvus hawaiiensis)	NCBI SRA BioSample/accession SAMN42203893	yes_for_at_least_one_PIP	DatasetS4	CMNH	55.5077	-114.2576	SAMN42203893
74898	Vireo solitarius	not_provided; latitude_longitude_available	not_provided	GCA_020740725.1 (Corvus hawaiiensis)	NCBI SRA BioSample/accession SAMN42203894	yes_for_at_least_one_PIP	DatasetS4	CMNH	54.66523333	-110.1331167	SAMN42203894
74899	Vireo olivaceus	not_provided; latitude_longitude_available	not_provided	GCA_020740725.1 (Corvus hawaiiensis)	NCBI SRA BioSample/accession SAMN42203840	yes_for_at_least_one_PIP	DatasetS4	CMNH	54.651716669999999	-110.1897	SAMN42203840
74900	Vireo olivaceus	not_provided; latitude_longitude_available	not_provided	GCA_020740725.1 (Corvus hawaiiensis)	NCBI SRA BioSample/accession SAMN42203838	yes_for_at_least_one_PIP	DatasetS4	CMNH	55.711966670000002	-115.13423330000001	SAMN42203838
74901	Vireo olivaceus	not_provided; latitude_longitude_available	not_provided	GCA_020740725.1 (Corvus hawaiiensis)	NCBI SRA BioSample/accession SAMN42203842	yes_for_at_least_one_PIP	DatasetS4	CMNH	54.601149999999997	-110.1992333	SAMN42203842
74902	Vireo olivaceus	not_provided; latitude_longitude_available	not_provided	GCA_020740725.1 (Corvus hawaiiensis)	NCBI SRA BioSample/accession SAMN42203839	yes_for_at_least_one_PIP	DatasetS4	CMNH	54.651716669999999	-110.1897	SAMN42203839
74903	Empidonax alnorum	not_provided; latitude_longitude_available	not_provided	GCA_009829145.1 (Chiroxiphia lanceolata)	NCBI SRA BioSample/accession SAMN42204113	yes_for_at_least_one_PIP	DatasetS4	CMNH	55.283716669999997	-114.1279667	SAMN42204113
74904	Empidonax alnorum	not_provided; latitude_longitude_available	not_provided	GCA_009829145.1 (Chiroxiphia lanceolata)	NCBI SRA BioSample/accession SAMN42204117	yes_for_at_least_one_PIP	DatasetS4	CMNH	55.512	-113.997	SAMN42204117
74905	Empidonax alnorum	not_provided; latitude_longitude_available	not_provided	GCA_009829145.1 (Chiroxiphia lanceolata)	NCBI SRA BioSample/accession SAMN42204112	yes_for_at_least_one_PIP	DatasetS4	CMNH	55.329683330000002	-114.01596670000001	SAMN42204112
74906	Empidonax alnorum	not_provided; latitude_longitude_available	not_provided	GCA_009829145.1 (Chiroxiphia lanceolata)	NCBI SRA BioSample/accession SAMN42204116	yes_for_at_least_one_PIP	DatasetS4	CMNH	55.5077	-114.2576	SAMN42204116
74907	Empidonax alnorum	not_provided; latitude_longitude_available	not_provided	GCA_009829145.1 (Chiroxiphia lanceolata)	NCBI SRA BioSample/accession SAMN42204114	yes_for_at_least_one_PIP	DatasetS4	CMNH	55.283716669999997	-114.1279667	SAMN42204114
74908	Empidonax alnorum	not_provided; latitude_longitude_available	not_provided	GCA_009829145.1 (Chiroxiphia lanceolata)	NCBI SRA BioSample/accession SAMN42204115	yes_for_at_least_one_PIP	DatasetS4	CMNH	55.499000000000002	-114.083	SAMN42204115
74909	Setophaga tigrina	not_provided; latitude_longitude_available	not_provided	GCA_001746935.2 (Setophaga coronata)	NCBI SRA BioSample/accession SAMN42204592	yes_for_at_least_one_PIP	DatasetS4	CMNH	55.499000000000002	-114.083	SAMN42204592
74910	Setophaga tigrina	not_provided; latitude_longitude_available	not_provided	GCA_001746935.2 (Setophaga coronata)	NCBI SRA BioSample/accession SAMN42204590	yes_for_at_least_one_PIP	DatasetS4	CMNH	55.499000000000002	-114.083	SAMN42204590
74911	Setophaga tigrina	not_provided; latitude_longitude_available	not_provided	GCA_001746935.2 (Setophaga coronata)	NCBI SRA BioSample/accession SAMN42204591	yes_for_at_least_one_PIP	DatasetS4	CMNH	55.499000000000002	-114.083	SAMN42204591
74912	Setophaga tigrina	not_provided; latitude_longitude_available	not_provided	GCA_001746935.2 (Setophaga coronata)	NCBI SRA BioSample/accession SAMN42204589	yes_for_at_least_one_PIP	DatasetS4	CMNH	55.499000000000002	-114.083	SAMN42204589
74913	Setophaga tigrina	not_provided; latitude_longitude_available	not_provided	GCA_001746935.2 (Setophaga coronata)	NCBI SRA BioSample/accession SAMN42204593	yes_for_at_least_one_PIP	DatasetS4	CMNH	55.500983329999997	-114.0366667	SAMN42204593
74914	Setophaga magnolia	not_provided; latitude_longitude_available	not_provided	GCA_001746935.2 (Setophaga coronata)	NCBI SRA BioSample/accession SAMN42204521	yes_for_at_least_one_PIP	DatasetS4	CMNH	55.235750000000003	-114.0553833	SAMN42204521
74915	Setophaga magnolia	not_provided; latitude_longitude_available	not_provided	GCA_001746935.2 (Setophaga coronata)	NCBI SRA BioSample/accession SAMN42204524	yes_for_at_least_one_PIP	DatasetS4	CMNH	55.329683330000002	-114.01596670000001	SAMN42204524
74916	Leiothlypis peregrina	not_provided; latitude_longitude_available	not_provided	GCA_001746935.2 (Setophaga coronata)	NCBI SRA BioSample/accession SAMN42230712	yes_for_at_least_one_PIP	DatasetS4	CMNH	55.500983329999997	-114.0366667	SAMN42230712
74917	Leiothlypis peregrina	not_provided; latitude_longitude_available	not_provided	GCA_001746935.2 (Setophaga coronata)	NCBI SRA BioSample/accession SAMN42230904	yes_for_at_least_one_PIP	DatasetS4	CMNH	55.711966670000002	-115.13423330000001	SAMN42230904
74918	Leiothlypis peregrina	not_provided; latitude_longitude_available	not_provided	GCA_001746935.2 (Setophaga coronata)	NCBI SRA BioSample/accession SAMN42230710	yes_for_at_least_one_PIP	DatasetS4	CMNH	55.49038333	-113.9824	SAMN42230710
74919	Leiothlypis peregrina	not_provided; latitude_longitude_available	not_provided	GCA_001746935.2 (Setophaga coronata)	NCBI SRA BioSample/accession SAMN42230711	yes_for_at_least_one_PIP	DatasetS4	CMNH	55.329683330000002	-114.01596670000001	SAMN42230711
74920	Zonotrichia albicollis	not_provided; latitude_longitude_available	not_provided	GCA_003829775.2 (Junco hyemalis)	NCBI SRA BioSample/accession SAMN42204066	yes_for_at_least_one_PIP	DatasetS4	CMNH	55.235750000000003	-114.0553833	SAMN42204066
74921	Zonotrichia albicollis	not_provided; latitude_longitude_available	not_provided	GCA_003829775.2 (Junco hyemalis)	NCBI SRA BioSample/accession SAMN42204280	yes_for_at_least_one_PIP	DatasetS4	CMNH	55.711966670000002	-115.13423330000001	SAMN42204280
74923	Zonotrichia albicollis	not_provided; latitude_longitude_available	not_provided	GCA_003829775.2 (Junco hyemalis)	NCBI SRA BioSample/accession SAMN42204068	yes_for_at_least_one_PIP	DatasetS4	CMNH	55.512	-113.997	SAMN42204068
74924	Zonotrichia albicollis	not_provided; latitude_longitude_available	not_provided	GCA_003829775.2 (Junco hyemalis)	NCBI SRA BioSample/accession SAMN42204279	yes_for_at_least_one_PIP	DatasetS4	CMNH	55.711966670000002	-115.13423330000001	SAMN42204279
74926	Zonotrichia albicollis	not_provided; latitude_longitude_available	not_provided	GCA_003829775.2 (Junco hyemalis)	NCBI SRA BioSample/accession SAMN42204069	yes_for_at_least_one_PIP	DatasetS4	CMNH	54.651716669999999	-110.1897	SAMN42204069
74927	Zonotrichia albicollis	not_provided; latitude_longitude_available	not_provided	GCA_003829775.2 (Junco hyemalis)	NCBI SRA BioSample/accession SAMN42204070	yes_for_at_least_one_PIP	DatasetS4	CMNH	54.622383329999998	-110.2201	SAMN42204070
74928	Melospiza lincolnii	not_provided; latitude_longitude_available	not_provided	GCA_003829775.2 (Junco hyemalis)	NCBI SRA BioSample/accession SAMN42203927	yes_for_at_least_one_PIP	DatasetS4	CMNH	54.601149999999997	-110.1992333	SAMN42203927
74929	Melospiza lincolnii	not_provided; latitude_longitude_available	not_provided	GCA_003829775.2 (Junco hyemalis)	NCBI SRA BioSample/accession SAMN42203928	yes_for_at_least_one_PIP	DatasetS4	CMNH	54.672416669999997	-110.1236	SAMN42203928
74932	Catharus guttatus	not_provided; latitude_longitude_available	not_provided	GCA_009819885.2 (Catharus ustulatus)	NCBI SRA BioSample/accession SAMN42203721	yes_for_at_least_one_PIP	DatasetS4	CMNH	55.499000000000002	-114.083	SAMN42203721
74933	Vireo olivaceus	not_provided; latitude_longitude_available	not_provided	GCA_020740725.1 (Corvus hawaiiensis)	NCBI SRA BioSample/accession SAMN42203841	yes_for_at_least_one_PIP	DatasetS4	CMNH	54.601149999999997	-110.1992333	SAMN42203841
74934	Setophaga magnolia	not_provided; latitude_longitude_available	not_provided	GCA_001746935.2 (Setophaga coronata)	NCBI SRA BioSample/accession SAMN42204525	yes_for_at_least_one_PIP	DatasetS4	CMNH	55.329683330000002	-114.01596670000001	SAMN42204525
74935	Setophaga pensylvanica	not_provided; latitude_longitude_available	not_provided	GCA_001746935.2 (Setophaga coronata)	NCBI SRA BioSample/accession SAMN42204565	yes_for_at_least_one_PIP	DatasetS4	CMNH	54.601149999999997	-110.1992333	SAMN42204565
74936	Leiothlypis peregrina	not_provided; latitude_longitude_available	not_provided	GCA_001746935.2 (Setophaga coronata)	NCBI SRA BioSample/accession SAMN42230709	yes_for_at_least_one_PIP	DatasetS4	CMNH	55.276949999999999	-114.05871670000001	SAMN42230709
74937	Zonotrichia albicollis	not_provided; latitude_longitude_available	not_provided	GCA_003829775.2 (Junco hyemalis)	NCBI SRA BioSample/accession SAMN42204281	yes_for_at_least_one_PIP	DatasetS4	CMNH	55.711966670000002	-115.13423330000001	SAMN42204281
74938	Zonotrichia albicollis	not_provided; latitude_longitude_available	not_provided	GCA_003829775.2 (Junco hyemalis)	NCBI SRA BioSample/accession SAMN42204067	yes_for_at_least_one_PIP	DatasetS4	CMNH	55.283716669999997	-114.1279667	SAMN42204067
74939	Vireo olivaceus	not_provided; latitude_longitude_available	not_provided	GCA_020740725.1 (Corvus hawaiiensis)	NCBI SRA BioSample/accession SAMN42203837	yes_for_at_least_one_PIP	DatasetS4	CMNH	55.235750000000003	-114.0553833	SAMN42203837
74940	Vireo olivaceus	not_provided; latitude_longitude_available	not_provided	GCA_020740725.1 (Corvus hawaiiensis)	NCBI SRA BioSample/accession SAMN42203843	yes_for_at_least_one_PIP	DatasetS4	CMNH	54.622383329999998	-110.2201	SAMN42203843
74942	Vireo solitarius	not_provided; latitude_longitude_available	not_provided	GCA_020740725.1 (Corvus hawaiiensis)	NCBI SRA BioSample/accession SAMN42203892	yes_for_at_least_one_PIP	DatasetS4	CMNH	55.506999999999998	-114.14700000000001	SAMN42203892
74943	Setophaga virens	not_provided; latitude_longitude_available	not_provided	GCA_001746935.2 (Setophaga coronata)	NCBI SRA BioSample/accession SAMN42204424	yes_for_at_least_one_PIP	DatasetS4	CMNH	54.601149999999997	-110.1992333	SAMN42204424
74944	Setophaga magnolia	not_provided; latitude_longitude_available	not_provided	GCA_001746935.2 (Setophaga coronata)	NCBI SRA BioSample/accession SAMN42204517	yes_for_at_least_one_PIP	DatasetS4	CMNH	55.283716669999997	-114.1279667	SAMN42204517
75052	Geothlypis philadelphia	not_provided; latitude_longitude_available	not_provided	GCA_009764595.1 (Geothlypis trichas)	NCBI SRA BioSample/accession SAMN42204307	yes_for_at_least_one_PIP	DatasetS4	CMNH	47.984999999999999	-90.242999999999995	SAMN42204307
75053	Setophaga magnolia	not_provided; latitude_longitude_available	not_provided	GCA_001746935.2 (Setophaga coronata)	NCBI SRA BioSample/accession SAMN42204523	yes_for_at_least_one_PIP	DatasetS4	CMNH	47.984999999999999	-90.242999999999995	SAMN42204523
75054	Leiothlypis ruficapilla	not_provided; latitude_longitude_available	not_provided	GCA_001746935.2 (Setophaga coronata)	NCBI SRA BioSample/accession SAMN42230756	yes_for_at_least_one_PIP	DatasetS4	CMNH	47.984999999999999	-90.242999999999995	SAMN42230756
75055	Empidonax flaviventris	not_provided; latitude_longitude_available	not_provided	GCA_009829145.1 (Chiroxiphia lanceolata)	NCBI SRA BioSample/accession SAMN42204157	yes_for_at_least_one_PIP	DatasetS4	CMNH	47.984999999999999	-90.242999999999995	SAMN42204157
75057	Geothlypis philadelphia	not_provided; latitude_longitude_available	not_provided	GCA_009764595.1 (Geothlypis trichas)	NCBI SRA BioSample/accession SAMN42231201	yes_for_at_least_one_PIP	DatasetS4	CMNH	47.984999999999999	-90.242999999999995	SAMN42231201
75059	Empidonax flaviventris	not_provided; latitude_longitude_available	not_provided	GCA_009829145.1 (Chiroxiphia lanceolata)	NCBI SRA BioSample/accession SAMN42204156	yes_for_at_least_one_PIP	DatasetS4	CMNH	47.976999999999997	-90.183999999999997	SAMN42204156
75060	Leiothlypis ruficapilla	not_provided; latitude_longitude_available	not_provided	GCA_001746935.2 (Setophaga coronata)	NCBI SRA BioSample/accession SAMN42230755	yes_for_at_least_one_PIP	DatasetS4	CMNH	47.976999999999997	-90.183999999999997	SAMN42230755
75061	Catharus fuscescens	not_provided; latitude_longitude_available	not_provided	GCA_009819885.2 (Catharus ustulatus)	NCBI SRA BioSample/accession SAMN38349760	yes_for_at_least_one_PIP	DatasetS4	CMNH	47.972000000000001	-90.204999999999998	SAMN38349760
75065	Vireo olivaceus	not_provided; latitude_longitude_available	not_provided	GCA_020740725.1 (Corvus hawaiiensis)	NCBI SRA BioSample/accession SAMN42204058	yes_for_at_least_one_PIP	DatasetS4	CMNH	47.972000000000001	-90.204999999999998	SAMN42204058
75066	Empidonax flaviventris	not_provided; latitude_longitude_available	not_provided	GCA_009829145.1 (Chiroxiphia lanceolata)	NCBI SRA BioSample/accession SAMN42204163	yes_for_at_least_one_PIP	DatasetS4	CMNH	47.972000000000001	-90.204999999999998	SAMN42204163
75067	Empidonax flaviventris	not_provided; latitude_longitude_available	not_provided	GCA_009829145.1 (Chiroxiphia lanceolata)	NCBI SRA BioSample/accession SAMN42204162	yes_for_at_least_one_PIP	DatasetS4	CMNH	47.972000000000001	-90.204999999999998	SAMN42204162
75069	Cardellina canadensis	not_provided; latitude_longitude_available	not_provided	GCA_001746935.2 (Setophaga coronata)	NCBI SRA BioSample/accession SAMN42204448	yes_for_at_least_one_PIP	DatasetS4	CMNH	47.972000000000001	-90.204999999999998	SAMN42204448
75070	Geothlypis philadelphia	not_provided; latitude_longitude_available	not_provided	GCA_009764595.1 (Geothlypis trichas)	NCBI SRA BioSample/accession SAMN42204309	yes_for_at_least_one_PIP	DatasetS4	CMNH	47.972000000000001	-90.204999999999998	SAMN42204309
75072	Leiothlypis ruficapilla	not_provided; latitude_longitude_available	not_provided	GCA_001746935.2 (Setophaga coronata)	NCBI SRA BioSample/accession SAMN42230753	yes_for_at_least_one_PIP	DatasetS4	CMNH	47.988	-90.185000000000002	SAMN42230753
75074	Sphyrapicus varius	not_provided; latitude_longitude_available	not_provided	GCA_014839835.1 (Picoides pubescens)	NCBI SRA BioSample/accession SAMN42204435	yes_for_at_least_one_PIP	DatasetS4	CMNH	47.947000000000003	-90.286000000000001	SAMN42204435
75075	Empidonax minimus	not_provided; latitude_longitude_available	not_provided	GCA_009829145.1 (Chiroxiphia lanceolata)	NCBI SRA BioSample/accession SAMN42204475	yes_for_at_least_one_PIP	DatasetS4	CMNH	47.947000000000003	-90.286000000000001	SAMN42204475
75078	Setophaga magnolia	not_provided; latitude_longitude_available	not_provided	GCA_001746935.2 (Setophaga coronata)	NCBI SRA BioSample/accession SAMN42204518	yes_for_at_least_one_PIP	DatasetS4	CMNH	47.988	-90.185000000000002	SAMN42204518
75081	Corthylio calendula	not_provided; latitude_longitude_available	not_provided	GCA_018697195.1 (Certhia americana)	NCBI SRA BioSample/accession SAMN42203950	yes_for_at_least_one_PIP	DatasetS4	CMNH	47.984999999999999	-90.242999999999995	SAMN42203950
75083	Cardellina canadensis	not_provided; latitude_longitude_available	not_provided	GCA_001746935.2 (Setophaga coronata)	NCBI SRA BioSample/accession SAMN42204449	yes_for_at_least_one_PIP	DatasetS4	CMNH	48.024999999999999	-90.23	SAMN42204449
75084	Geothlypis philadelphia	not_provided; latitude_longitude_available	not_provided	GCA_009764595.1 (Geothlypis trichas)	NCBI SRA BioSample/accession SAMN42204310	yes_for_at_least_one_PIP	DatasetS4	CMNH	48.024999999999999	-90.23	SAMN42204310
75085	Leiothlypis ruficapilla	not_provided; latitude_longitude_available	not_provided	GCA_001746935.2 (Setophaga coronata)	NCBI SRA BioSample/accession SAMN42230758	yes_for_at_least_one_PIP	DatasetS4	CMNH	48.024999999999999	-90.23	SAMN42230758
75086	Geothlypis philadelphia	not_provided; latitude_longitude_available	not_provided	GCA_009764595.1 (Geothlypis trichas)	NCBI SRA BioSample/accession SAMN42204308	yes_for_at_least_one_PIP	DatasetS4	CMNH	48.024999999999999	-90.23	SAMN42204308
75087	Leiothlypis ruficapilla	not_provided; latitude_longitude_available	not_provided	GCA_001746935.2 (Setophaga coronata)	NCBI SRA BioSample/accession SAMN42230754	yes_for_at_least_one_PIP	DatasetS4	CMNH	48.024999999999999	-90.23	SAMN42230754
75088	Cardellina canadensis	not_provided; latitude_longitude_available	not_provided	GCA_001746935.2 (Setophaga coronata)	NCBI SRA BioSample/accession SAMN42204454	yes_for_at_least_one_PIP	DatasetS4	CMNH	48.024999999999999	-90.23	SAMN42204454
75089	Cardellina canadensis	not_provided; latitude_longitude_available	not_provided	GCA_001746935.2 (Setophaga coronata)	NCBI SRA BioSample/accession SAMN42204450	yes_for_at_least_one_PIP	DatasetS4	CMNH	48.024999999999999	-90.23	SAMN42204450
75091	Setophaga fusca	not_provided; latitude_longitude_available	not_provided	GCA_001746935.2 (Setophaga coronata)	NCBI SRA BioSample/accession SAMN42204212	yes_for_at_least_one_PIP	DatasetS4	CMNH	48.024999999999999	-90.23	SAMN42204212
75092	Vireo olivaceus	not_provided; latitude_longitude_available	not_provided	GCA_020740725.1 (Corvus hawaiiensis)	NCBI SRA BioSample/accession SAMN42204059	yes_for_at_least_one_PIP	DatasetS4	CMNH	48.024999999999999	-90.23	SAMN42204059
75095	Troglodytes hiemalis	not_provided; latitude_longitude_available	not_provided	GCA_018697195.1 (Certhia americana)	NCBI SRA BioSample/accession SAMN42230980	yes_for_at_least_one_PIP	DatasetS4	CMNH	47.984999999999999	-90.242999999999995	SAMN42230980
75098	Setophaga pensylvanica	not_provided; latitude_longitude_available	not_provided	GCA_001746935.2 (Setophaga coronata)	NCBI SRA BioSample/accession SAMN42230859	yes_for_at_least_one_PIP	DatasetS4	CMNH	47.976999999999997	-90.183999999999997	SAMN42230859
75099	Sphyrapicus varius	not_provided; latitude_longitude_available	not_provided	GCA_014839835.1 (Picoides pubescens)	NCBI SRA BioSample/accession SAMN42204265	yes_for_at_least_one_PIP	DatasetS4	CMNH	47.988	-90.185000000000002	SAMN42204265
75100	Cardellina canadensis	not_provided; latitude_longitude_available	not_provided	GCA_001746935.2 (Setophaga coronata)	NCBI SRA BioSample/accession SAMN42204451	yes_for_at_least_one_PIP	DatasetS4	CMNH	47.988	-90.185000000000002	SAMN42204451
75102	Setophaga magnolia	not_provided; latitude_longitude_available	not_provided	GCA_001746935.2 (Setophaga coronata)	NCBI SRA BioSample/accession SAMN42204516	yes_for_at_least_one_PIP	DatasetS4	CMNH	48.024000000000001	-90.441999999999993	SAMN42204516
75103	Setophaga magnolia	not_provided; latitude_longitude_available	not_provided	GCA_001746935.2 (Setophaga coronata)	NCBI SRA BioSample/accession SAMN42204520	yes_for_at_least_one_PIP	DatasetS4	CMNH	48.024000000000001	-90.441999999999993	SAMN42204520
75104	Corthylio calendula	not_provided; latitude_longitude_available	not_provided	GCA_018697195.1 (Certhia americana)	NCBI SRA BioSample/accession SAMN42203951	yes_for_at_least_one_PIP	DatasetS4	CMNH	48.024000000000001	-90.441999999999993	SAMN42203951
75107	Empidonax alnorum	not_provided; latitude_longitude_available	not_provided	GCA_009829145.1 (Chiroxiphia lanceolata)	NCBI SRA BioSample/accession SAMN42204121	yes_for_at_least_one_PIP	DatasetS4	CMNH	48.024000000000001	-90.441999999999993	SAMN42204121
75108	Empidonax alnorum	not_provided; latitude_longitude_available	not_provided	GCA_009829145.1 (Chiroxiphia lanceolata)	NCBI SRA BioSample/accession SAMN42204122	yes_for_at_least_one_PIP	DatasetS4	CMNH	48.024000000000001	-90.441999999999993	SAMN42204122
75109	Empidonax flaviventris	not_provided; latitude_longitude_available	not_provided	GCA_009829145.1 (Chiroxiphia lanceolata)	NCBI SRA BioSample/accession SAMN42204155	yes_for_at_least_one_PIP	DatasetS4	CMNH	48.024000000000001	-90.441999999999993	SAMN42204155
75110	Empidonax alnorum	not_provided; latitude_longitude_available	not_provided	GCA_009829145.1 (Chiroxiphia lanceolata)	NCBI SRA BioSample/accession SAMN42204120	yes_for_at_least_one_PIP	DatasetS4	CMNH	48.024000000000001	-90.441999999999993	SAMN42204120
75112	Setophaga tigrina	not_provided; latitude_longitude_available	not_provided	GCA_001746935.2 (Setophaga coronata)	NCBI SRA BioSample/accession SAMN42204600	yes_for_at_least_one_PIP	DatasetS4	CMNH	48.024000000000001	-90.441999999999993	SAMN42204600
75114	Cardellina canadensis	not_provided; latitude_longitude_available	not_provided	GCA_001746935.2 (Setophaga coronata)	NCBI SRA BioSample/accession SAMN42204447	yes_for_at_least_one_PIP	DatasetS4	CMNH	48.024000000000001	-90.441999999999993	SAMN42204447
75115	Setophaga pensylvanica	not_provided; latitude_longitude_available	not_provided	GCA_001746935.2 (Setophaga coronata)	NCBI SRA BioSample/accession SAMN42204572	yes_for_at_least_one_PIP	DatasetS4	CMNH	48.024000000000001	-90.441999999999993	SAMN42204572
75116	Empidonax flaviventris	not_provided; latitude_longitude_available	not_provided	GCA_009829145.1 (Chiroxiphia lanceolata)	NCBI SRA BioSample/accession SAMN42204158	yes_for_at_least_one_PIP	DatasetS4	CMNH	47.996000000000002	-90.397999999999996	SAMN42204158
75117	Geothlypis philadelphia	not_provided; latitude_longitude_available	not_provided	GCA_009764595.1 (Geothlypis trichas)	NCBI SRA BioSample/accession SAMN42204504	yes_for_at_least_one_PIP	DatasetS4	CMNH	47.996000000000002	-90.397999999999996	SAMN42204504
75118	Setophaga pensylvanica	not_provided; latitude_longitude_available	not_provided	GCA_001746935.2 (Setophaga coronata)	NCBI SRA BioSample/accession SAMN42204571	yes_for_at_least_one_PIP	DatasetS4	CMNH	47.996000000000002	-90.397999999999996	SAMN42204571
75121	Setophaga pensylvanica	not_provided; latitude_longitude_available	not_provided	GCA_001746935.2 (Setophaga coronata)	NCBI SRA BioSample/accession SAMN42204573	yes_for_at_least_one_PIP	DatasetS4	CMNH	47.945999999999998	-90.424999999999997	SAMN42204573
75122	Leiothlypis ruficapilla	not_provided; latitude_longitude_available	not_provided	GCA_001746935.2 (Setophaga coronata)	NCBI SRA BioSample/accession SAMN42230757	yes_for_at_least_one_PIP	DatasetS4	CMNH	47.828000000000003	-91.085999999999999	SAMN42230757
75123	Troglodytes hiemalis	not_provided; latitude_longitude_available	not_provided	GCA_018697195.1 (Certhia americana)	NCBI SRA BioSample/accession SAMN42230983	yes_for_at_least_one_PIP	DatasetS4	CMNH	47.828000000000003	-91.085999999999999	SAMN42230983
75132	Zonotrichia albicollis	not_provided; latitude_longitude_available	not_provided	GCA_003829775.2 (Junco hyemalis)	NCBI SRA BioSample/accession SAMN42204071	yes_for_at_least_one_PIP	DatasetS4	CMNH	47.828000000000003	-91.085999999999999	SAMN42204071
75133	Sphyrapicus varius	not_provided; latitude_longitude_available	not_provided	GCA_014839835.1 (Picoides pubescens)	NCBI SRA BioSample/accession SAMN42204264	yes_for_at_least_one_PIP	DatasetS4	CMNH	47.828000000000003	-91.085999999999999	SAMN42204264
75134	Catharus fuscescens	not_provided; latitude_longitude_available	not_provided	GCA_009819885.2 (Catharus ustulatus)	NCBI SRA BioSample/accession SAMN38349761	yes_for_at_least_one_PIP	DatasetS4	CMNH	47.828000000000003	-91.085999999999999	SAMN38349761
75135	Vireo olivaceus	not_provided; latitude_longitude_available	not_provided	GCA_020740725.1 (Corvus hawaiiensis)	NCBI SRA BioSample/accession SAMN42204060	yes_for_at_least_one_PIP	DatasetS4	CMNH	47.828000000000003	-91.085999999999999	SAMN42204060
75138	Empidonax flaviventris	not_provided; latitude_longitude_available	not_provided	GCA_009829145.1 (Chiroxiphia lanceolata)	NCBI SRA BioSample/accession SAMN42204159	yes_for_at_least_one_PIP	DatasetS4	CMNH	47.795999999999999	-91.027000000000001	SAMN42204159
75139	Empidonax flaviventris	not_provided; latitude_longitude_available	not_provided	GCA_009829145.1 (Chiroxiphia lanceolata)	NCBI SRA BioSample/accession SAMN42204161	yes_for_at_least_one_PIP	DatasetS4	CMNH	47.795999999999999	-91.027000000000001	SAMN42204161
75140	Empidonax alnorum	not_provided; latitude_longitude_available	not_provided	GCA_009829145.1 (Chiroxiphia lanceolata)	NCBI SRA BioSample/accession SAMN42204123	yes_for_at_least_one_PIP	DatasetS4	CMNH	47.795999999999999	-91.027000000000001	SAMN42204123
75142	Vireo solitarius	not_provided; latitude_longitude_available	not_provided	GCA_020740725.1 (Corvus hawaiiensis)	NCBI SRA BioSample/accession SAMN42203886	yes_for_at_least_one_PIP	DatasetS4	CMNH	47.795999999999999	-91.027000000000001	SAMN42203886
75143	Vireo solitarius	not_provided; latitude_longitude_available	not_provided	GCA_020740725.1 (Corvus hawaiiensis)	NCBI SRA BioSample/accession SAMN42203887	yes_for_at_least_one_PIP	DatasetS4	CMNH	47.795999999999999	-91.027000000000001	SAMN42203887
75144	Vireo solitarius	not_provided; latitude_longitude_available	not_provided	GCA_020740725.1 (Corvus hawaiiensis)	NCBI SRA BioSample/accession SAMN42203888	yes_for_at_least_one_PIP	DatasetS4	CMNH	47.795999999999999	-91.027000000000001	SAMN42203888
75145	Vireo solitarius	not_provided; latitude_longitude_available	not_provided	GCA_020740725.1 (Corvus hawaiiensis)	NCBI SRA BioSample/accession SAMN42203889	yes_for_at_least_one_PIP	DatasetS4	CMNH	47.795999999999999	-91.027000000000001	SAMN42203889
75147	Leiothlypis ruficapilla	not_provided; latitude_longitude_available	not_provided	GCA_001746935.2 (Setophaga coronata)	NCBI SRA BioSample/accession SAMN42230752	yes_for_at_least_one_PIP	DatasetS4	CMNH	47.795999999999999	-91.027000000000001	SAMN42230752
75148	Setophaga pensylvanica	not_provided; latitude_longitude_available	not_provided	GCA_001746935.2 (Setophaga coronata)	NCBI SRA BioSample/accession SAMN42204574	yes_for_at_least_one_PIP	DatasetS4	CMNH	47.795999999999999	-91.027000000000001	SAMN42204574
75149	Zonotrichia albicollis	not_provided; latitude_longitude_available	not_provided	GCA_003829775.2 (Junco hyemalis)	NCBI SRA BioSample/accession SAMN42204072	yes_for_at_least_one_PIP	DatasetS4	CMNH	47.795999999999999	-91.027000000000001	SAMN42204072
75150	Setophaga tigrina	not_provided; latitude_longitude_available	not_provided	GCA_001746935.2 (Setophaga coronata)	NCBI SRA BioSample/accession SAMN42204599	yes_for_at_least_one_PIP	DatasetS4	CMNH	47.637	-91.091999999999999	SAMN42204599
75152	Troglodytes hiemalis	not_provided; latitude_longitude_available	not_provided	GCA_018697195.1 (Certhia americana)	NCBI SRA BioSample/accession SAMN42230984	yes_for_at_least_one_PIP	DatasetS4	CMNH	47.828000000000003	-91.085999999999999	SAMN42230984
75156	Melospiza lincolnii	not_provided; latitude_longitude_available	not_provided	GCA_003829775.2 (Junco hyemalis)	NCBI SRA BioSample/accession SAMN42203929	yes_for_at_least_one_PIP	DatasetS4	CMNH	47.779000000000003	-90.888000000000005	SAMN42203929
75158	Corthylio calendula	not_provided; latitude_longitude_available	not_provided	GCA_018697195.1 (Certhia americana)	NCBI SRA BioSample/accession SAMN42203952	yes_for_at_least_one_PIP	DatasetS4	CMNH	47.706000000000003	-90.960999999999999	SAMN42203952
75159	Empidonax alnorum	not_provided; latitude_longitude_available	not_provided	GCA_009829145.1 (Chiroxiphia lanceolata)	NCBI SRA BioSample/accession SAMN42204119	yes_for_at_least_one_PIP	DatasetS4	CMNH	47.706000000000003	-90.960999999999999	SAMN42204119
75160	Melospiza lincolnii	not_provided; latitude_longitude_available	not_provided	GCA_003829775.2 (Junco hyemalis)	NCBI SRA BioSample/accession SAMN42203930	yes_for_at_least_one_PIP	DatasetS4	CMNH	47.706000000000003	-90.960999999999999	SAMN42203930
75164	Cardellina canadensis	not_provided; latitude_longitude_available	not_provided	GCA_001746935.2 (Setophaga coronata)	NCBI SRA BioSample/accession SAMN42204453	yes_for_at_least_one_PIP	DatasetS4	CMNH	47.828000000000003	-91.085999999999999	SAMN42204453
75166	Empidonax flaviventris	not_provided; latitude_longitude_available	not_provided	GCA_009829145.1 (Chiroxiphia lanceolata)	NCBI SRA BioSample/accession SAMN42204160	yes_for_at_least_one_PIP	DatasetS4	CMNH	47.82	-91.084999999999994	SAMN42204160
75167	Empidonax flaviventris	not_provided; latitude_longitude_available	not_provided	GCA_009829145.1 (Chiroxiphia lanceolata)	NCBI SRA BioSample/accession SAMN42231190	yes_for_at_least_one_PIP	DatasetS4	CMNH	47.82	-91.084999999999994	SAMN42231190
75168	Zonotrichia albicollis	not_provided; latitude_longitude_available	not_provided	GCA_003829775.2 (Junco hyemalis)	NCBI SRA BioSample/accession SAMN42204073	yes_for_at_least_one_PIP	DatasetS4	CMNH	47.82	-91.084999999999994	SAMN42204073
75171	Catharus ustulatus	not_provided; latitude_longitude_available	not_provided	GCA_009819885.2 (Catharus ustulatus)	NCBI SRA BioSample/accession SAMN42203682	yes_for_at_least_one_PIP	DatasetS4	CMNH	47.82	-91.084999999999994	SAMN42203682
75172	Catharus ustulatus	not_provided; latitude_longitude_available	not_provided	GCA_009819885.2 (Catharus ustulatus)	NCBI SRA BioSample/accession SAMN42203755	yes_for_at_least_one_PIP	DatasetS4	CMNH	47.82	-91.084999999999994	SAMN42203755
75174	Catharus ustulatus	not_provided; latitude_longitude_available	not_provided	GCA_009819885.2 (Catharus ustulatus)	NCBI SRA BioSample/accession SAMN42203683	yes_for_at_least_one_PIP	DatasetS4	CMNH	47.82	-91.084999999999994	SAMN42203683
75175	Catharus ustulatus	not_provided; latitude_longitude_available	not_provided	GCA_009819885.2 (Catharus ustulatus)	NCBI SRA BioSample/accession SAMN42203779	yes_for_at_least_one_PIP	DatasetS4	CMNH	47.82	-91.084999999999994	SAMN42203779
75176	Troglodytes hiemalis	not_provided; latitude_longitude_available	not_provided	GCA_018697195.1 (Certhia americana)	NCBI SRA BioSample/accession SAMN42230982	yes_for_at_least_one_PIP	DatasetS4	CMNH	47.82	-91.084999999999994	SAMN42230982
75177	Troglodytes hiemalis	not_provided; latitude_longitude_available	not_provided	GCA_018697195.1 (Certhia americana)	NCBI SRA BioSample/accession SAMN42230981	yes_for_at_least_one_PIP	DatasetS4	CMNH	47.82	-91.084999999999994	SAMN42230981
75182	Vireo solitarius	not_provided; latitude_longitude_available	not_provided	GCA_020740725.1 (Corvus hawaiiensis)	NCBI SRA BioSample/accession SAMN42203890	yes_for_at_least_one_PIP	DatasetS4	CMNH	47.82	-91.084999999999994	SAMN42203890
75184	Setophaga magnolia	not_provided; latitude_longitude_available	not_provided	GCA_001746935.2 (Setophaga coronata)	NCBI SRA BioSample/accession SAMN42204519	yes_for_at_least_one_PIP	DatasetS4	CMNH	47.637	-91.091999999999999	SAMN42204519
75186	Setophaga tigrina	not_provided; latitude_longitude_available	not_provided	GCA_001746935.2 (Setophaga coronata)	NCBI SRA BioSample/accession SAMN42204597	yes_for_at_least_one_PIP	DatasetS4	CMNH	47.637	-91.091999999999999	SAMN42204597
75188	Setophaga fusca	not_provided; latitude_longitude_available	not_provided	GCA_001746935.2 (Setophaga coronata)	NCBI SRA BioSample/accession SAMN42231294	yes_for_at_least_one_PIP	DatasetS4	CMNH	47.692	-91.117999999999995	SAMN42231294
75189	Setophaga fusca	not_provided; latitude_longitude_available	not_provided	GCA_001746935.2 (Setophaga coronata)	NCBI SRA BioSample/accession SAMN42231295	yes_for_at_least_one_PIP	DatasetS4	CMNH	47.692	-91.117999999999995	SAMN42231295
75190	Geothlypis philadelphia	not_provided; latitude_longitude_available	not_provided	GCA_009764595.1 (Geothlypis trichas)	NCBI SRA BioSample/accession SAMN42204306	yes_for_at_least_one_PIP	DatasetS4	CMNH	47.692	-91.117999999999995	SAMN42204306
75191	Setophaga tigrina	not_provided; latitude_longitude_available	not_provided	GCA_001746935.2 (Setophaga coronata)	NCBI SRA BioSample/accession SAMN42204598	yes_for_at_least_one_PIP	DatasetS4	CMNH	47.692	-91.117999999999995	SAMN42204598
75192	Catharus ustulatus	not_provided; latitude_longitude_available	not_provided	GCA_009819885.2 (Catharus ustulatus)	NCBI SRA BioSample/accession SAMN42203756	yes_for_at_least_one_PIP	DatasetS4	CMNH	47.692	-91.117999999999995	SAMN42203756
75193	Setophaga magnolia	not_provided; latitude_longitude_available	not_provided	GCA_001746935.2 (Setophaga coronata)	NCBI SRA BioSample/accession SAMN42230851	yes_for_at_least_one_PIP	DatasetS4	CMNH	47.82	-91.084999999999994	SAMN42230851
75196	Zonotrichia albicollis	not_provided; latitude_longitude_available	not_provided	GCA_003829775.2 (Junco hyemalis)	NCBI SRA BioSample/accession SAMN42204282	yes_for_at_least_one_PIP	DatasetS4	CMNH	47.82	-91.084999999999994	SAMN42204282
75197	Setophaga tigrina	not_provided; latitude_longitude_available	not_provided	GCA_001746935.2 (Setophaga coronata)	NCBI SRA BioSample/accession SAMN42204601	yes_for_at_least_one_PIP	DatasetS4	CMNH	47.435000000000002	-91.59	SAMN42204601
75198	Setophaga tigrina	not_provided; latitude_longitude_available	not_provided	GCA_001746935.2 (Setophaga coronata)	NCBI SRA BioSample/accession SAMN42230864	yes_for_at_least_one_PIP	DatasetS4	CMNH	47.435000000000002	-91.59	SAMN42230864
75202	Setophaga magnolia	not_provided; latitude_longitude_available	not_provided	GCA_001746935.2 (Setophaga coronata)	NCBI SRA BioSample/accession SAMN42230850	yes_for_at_least_one_PIP	DatasetS4	CMNH	47.435000000000002	-91.59	SAMN42230850
75203	Setophaga pensylvanica	not_provided; latitude_longitude_available	not_provided	GCA_001746935.2 (Setophaga coronata)	NCBI SRA BioSample/accession SAMN42204570	yes_for_at_least_one_PIP	DatasetS4	CMNH	47.435000000000002	-91.59	SAMN42204570
75204	Setophaga tigrina	not_provided; latitude_longitude_available	not_provided	GCA_001746935.2 (Setophaga coronata)	NCBI SRA BioSample/accession SAMN42230934	yes_for_at_least_one_PIP	DatasetS4	CMNH	47.435000000000002	-91.59	SAMN42230934
75207	Corthylio calendula	not_provided; latitude_longitude_available	not_provided	GCA_018697195.1 (Certhia americana)	NCBI SRA BioSample/accession SAMN42203953	yes_for_at_least_one_PIP	DatasetS4	CMNH	47.478999999999999	-91.531000000000006	SAMN42203953
75208	Setophaga magnolia	not_provided; latitude_longitude_available	not_provided	GCA_001746935.2 (Setophaga coronata)	NCBI SRA BioSample/accession SAMN42230852	yes_for_at_least_one_PIP	DatasetS4	CMNH	47.478999999999999	-91.531000000000006	SAMN42230852
75209	Cardellina canadensis	not_provided; latitude_longitude_available	not_provided	GCA_001746935.2 (Setophaga coronata)	NCBI SRA BioSample/accession SAMN42204452	yes_for_at_least_one_PIP	DatasetS4	CMNH	47.478999999999999	-91.531000000000006	SAMN42204452
76926	Setophaga tigrina	not_provided; latitude_longitude_available	not_provided	GCA_001746935.2 (Setophaga coronata)	NCBI SRA BioSample/accession SAMN42204594	yes_for_at_least_one_PIP	DatasetS4	CMNH	46.169780000000003	-89.06832	SAMN42204594
76927	Setophaga virens	not_provided; latitude_longitude_available	not_provided	GCA_001746935.2 (Setophaga coronata)	NCBI SRA BioSample/accession SAMN42204423	yes_for_at_least_one_PIP	DatasetS4	CMNH	46.16536	-89.061760000000007	SAMN42204423
76928	Setophaga virens	not_provided; latitude_longitude_available	not_provided	GCA_001746935.2 (Setophaga coronata)	NCBI SRA BioSample/accession SAMN42204418	yes_for_at_least_one_PIP	DatasetS4	CMNH	46.16536	-89.061760000000007	SAMN42204418
76929	Setophaga pensylvanica	not_provided; latitude_longitude_available	not_provided	GCA_001746935.2 (Setophaga coronata)	NCBI SRA BioSample/accession SAMN42204407	yes_for_at_least_one_PIP	DatasetS4	CMNH	46.162280000000003	-89.044749999999993	SAMN42204407
76933	Leiothlypis ruficapilla	not_provided; latitude_longitude_available	not_provided	GCA_001746935.2 (Setophaga coronata)	NCBI SRA BioSample/accession SAMN42231227	yes_for_at_least_one_PIP	DatasetS4	CMNH	46.151060000000001	-89.038499999999999	SAMN42231227
76934	Empidonax flaviventris	not_provided; latitude_longitude_available	not_provided	GCA_009829145.1 (Chiroxiphia lanceolata)	NCBI SRA BioSample/accession SAMN42204154	yes_for_at_least_one_PIP	DatasetS4	CMNH	46.151060000000001	-89.038499999999999	SAMN42204154
76936	Catharus guttatus	not_provided; latitude_longitude_available	not_provided	GCA_009819885.2 (Catharus ustulatus)	NCBI SRA BioSample/accession SAMN42203722	yes_for_at_least_one_PIP	DatasetS4	CMNH	46.1267	-89.03107	SAMN42203722
76937	Leiothlypis ruficapilla	not_provided; latitude_longitude_available	not_provided	GCA_001746935.2 (Setophaga coronata)	NCBI SRA BioSample/accession SAMN42230751	yes_for_at_least_one_PIP	DatasetS4	CMNH	46.1267	-89.03107	SAMN42230751
76946	Catharus guttatus	not_provided; latitude_longitude_available	not_provided	GCA_009819885.2 (Catharus ustulatus)	NCBI SRA BioSample/accession SAMN42203774	yes_for_at_least_one_PIP	DatasetS4	CMNH	46.160350000000001	-89.044520000000006	SAMN42203774
76948	Catharus guttatus	not_provided; latitude_longitude_available	not_provided	GCA_009819885.2 (Catharus ustulatus)	NCBI SRA BioSample/accession SAMN42203723	yes_for_at_least_one_PIP	DatasetS4	CMNH	46.160350000000001	-89.044520000000006	SAMN42203723
76949	Catharus fuscescens	not_provided; latitude_longitude_available	not_provided	GCA_009819885.2 (Catharus ustulatus)	NCBI SRA BioSample/accession SAMN38349762	yes_for_at_least_one_PIP	DatasetS4	CMNH	46.160350000000001	-89.044520000000006	SAMN38349762
76951	Catharus ustulatus	not_provided; latitude_longitude_available	not_provided	GCA_009819885.2 (Catharus ustulatus)	NCBI SRA BioSample/accession SAMN42203750	yes_for_at_least_one_PIP	DatasetS4	CMNH	46.392139999999998	-88.945220000000006	SAMN42203750
76952	Setophaga pensylvanica	not_provided; latitude_longitude_available	not_provided	GCA_001746935.2 (Setophaga coronata)	NCBI SRA BioSample/accession SAMN42204569	yes_for_at_least_one_PIP	DatasetS4	CMNH	46.392139999999998	-88.945220000000006	SAMN42204569
76955	Vireo solitarius	not_provided; latitude_longitude_available	not_provided	GCA_020740725.1 (Corvus hawaiiensis)	NCBI SRA BioSample/accession SAMN42231573	yes_for_at_least_one_PIP	DatasetS4	CMNH	46.617899999999999	-88.860280000000003	SAMN42231573
76956	Catharus ustulatus	not_provided; latitude_longitude_available	not_provided	GCA_009819885.2 (Catharus ustulatus)	NCBI SRA BioSample/accession SAMN42203751	yes_for_at_least_one_PIP	DatasetS4	CMNH	46.630229999999997	-88.862539999999996	SAMN42203751
76961	Catharus ustulatus	not_provided; latitude_longitude_available	not_provided	GCA_009819885.2 (Catharus ustulatus)	NCBI SRA BioSample/accession SAMN42203752	yes_for_at_least_one_PIP	DatasetS4	CMNH	46.400219999999997	-88.921180000000007	SAMN42203752
76962	Catharus ustulatus	not_provided; latitude_longitude_available	not_provided	GCA_009819885.2 (Catharus ustulatus)	NCBI SRA BioSample/accession SAMN42203753	yes_for_at_least_one_PIP	DatasetS4	CMNH	46.400219999999997	-88.921180000000007	SAMN42203753
76965	Setophaga tigrina	not_provided; latitude_longitude_available	not_provided	GCA_001746935.2 (Setophaga coronata)	NCBI SRA BioSample/accession SAMN42230863	yes_for_at_least_one_PIP	DatasetS4	CMNH	46.405110000000001	-88.91431	SAMN42230863
76966	Setophaga tigrina	not_provided; latitude_longitude_available	not_provided	GCA_001746935.2 (Setophaga coronata)	NCBI SRA BioSample/accession SAMN42231308	yes_for_at_least_one_PIP	DatasetS4	CMNH	46.405110000000001	-88.91431	SAMN42231308
76968	Vireo solitarius	not_provided; latitude_longitude_available	not_provided	GCA_020740725.1 (Corvus hawaiiensis)	NCBI SRA BioSample/accession SAMN42231574	yes_for_at_least_one_PIP	DatasetS4	CMNH	46.535249999999998	-88.857830000000007	SAMN42231574
76969	Setophaga tigrina	not_provided; latitude_longitude_available	not_provided	GCA_001746935.2 (Setophaga coronata)	NCBI SRA BioSample/accession SAMN42204595	yes_for_at_least_one_PIP	DatasetS4	CMNH	46.535249999999998	-88.857830000000007	SAMN42204595
76972	Catharus fuscescens	not_provided; latitude_longitude_available	not_provided	GCA_009819885.2 (Catharus ustulatus)	NCBI SRA BioSample/accession SAMN38349763	yes_for_at_least_one_PIP	DatasetS4	CMNH	46.609960000000001	-88.864450000000005	SAMN38349763
76974	Empidonax alnorum	not_provided; latitude_longitude_available	not_provided	GCA_009829145.1 (Chiroxiphia lanceolata)	NCBI SRA BioSample/accession SAMN42204118	yes_for_at_least_one_PIP	DatasetS4	CMNH	46.688670000000002	-88.824299999999994	SAMN42204118
857	Catharus ustulatus	not_provided; latitude_longitude_available	not_provided	GCA_009819885.2 (Catharus ustulatus)	NCBI SRA BioSample/accession SAMN42231355	yes_for_at_least_one_PIP	DatasetS4	ROM	49.00222222	-65.989999999999995	SAMN42231355
859	Catharus ustulatus	not_provided; latitude_longitude_available	not_provided	GCA_009819885.2 (Catharus ustulatus)	NCBI SRA BioSample/accession SAMN42231359	yes_for_at_least_one_PIP	DatasetS4	ROM	49.00222222	-65.989999999999995	SAMN42231359
860	Catharus ustulatus	not_provided; latitude_longitude_available	not_provided	GCA_009819885.2 (Catharus ustulatus)	NCBI SRA BioSample/accession SAMN42231353	yes_for_at_least_one_PIP	DatasetS4	ROM	49.00222222	-65.989999999999995	SAMN42231353
862	Catharus ustulatus	not_provided; latitude_longitude_available	not_provided	GCA_009819885.2 (Catharus ustulatus)	NCBI SRA BioSample/accession SAMN42231360	yes_for_at_least_one_PIP	DatasetS4	ROM	49.00222222	-65.989999999999995	SAMN42231360
863	Catharus ustulatus	not_provided; latitude_longitude_available	not_provided	GCA_009819885.2 (Catharus ustulatus)	NCBI SRA BioSample/accession SAMN42231354	yes_for_at_least_one_PIP	DatasetS4	ROM	49.00222222	-65.989999999999995	SAMN42231354
864	Catharus ustulatus	not_provided; latitude_longitude_available	not_provided	GCA_009819885.2 (Catharus ustulatus)	NCBI SRA BioSample/accession SAMN42231358	yes_for_at_least_one_PIP	DatasetS4	ROM	49.00222222	-65.989999999999995	SAMN42231358
923	Catharus guttatus	not_provided; latitude_longitude_available	not_provided	GCA_009819885.2 (Catharus ustulatus)	NCBI SRA BioSample/accession SAMN42231350	yes_for_at_least_one_PIP	DatasetS4	ROM	50.41111111	-67.134444439999996	SAMN42231350
BURG054	Setophaga magnolia	not_provided; latitude_longitude_available	not_provided	GCA_001746935.2 (Setophaga coronata)	NCBI SRA BioSample/accession SAMN42231469	yes_for_at_least_one_PIP	DatasetS4	Theresa Burg/University of Lethbridge	45.615000000000002	-65.035555560000006	SAMN42231469
DOT-16630	Setophaga pensylvanica	not_provided; latitude_longitude_available	not_provided	GCA_001746935.2 (Setophaga coronata)	NCBI SRA BioSample/accession SAMN42204556	yes_for_at_least_one_PIP	DatasetS4	AMNH	43.727919999999997	-74.850311000000005	SAMN42204556
DOT-16639	Setophaga pensylvanica	not_provided; latitude_longitude_available	not_provided	GCA_001746935.2 (Setophaga coronata)	NCBI SRA BioSample/accession SAMN42204559	yes_for_at_least_one_PIP	DatasetS4	AMNH	43.681838999999997	-74.666578000000001	SAMN42204559
DOT-16643	Setophaga fusca	not_provided; latitude_longitude_available	not_provided	GCA_001746935.2 (Setophaga coronata)	NCBI SRA BioSample/accession SAMN42204210	yes_for_at_least_one_PIP	DatasetS4	AMNH	43.727919999999997	-74.850311000000005	SAMN42204210
DOT-16645	Cardellina canadensis	not_provided; latitude_longitude_available	not_provided	GCA_001746935.2 (Setophaga coronata)	NCBI SRA BioSample/accession SAMN42204442	yes_for_at_least_one_PIP	DatasetS4	AMNH	43.670741999999997	-74.741399999999999	SAMN42204442
DOT-16650	Troglodytes hiemalis	not_provided; latitude_longitude_available	not_provided	GCA_018697195.1 (Certhia americana)	NCBI SRA BioSample/accession SAMN42230979	yes_for_at_least_one_PIP	DatasetS4	AMNH	43.681838999999997	-74.666578000000001	SAMN42230979
DOT-16659	Sphyrapicus varius	not_provided; latitude_longitude_available	not_provided	GCA_014839835.1 (Picoides pubescens)	NCBI SRA BioSample/accession SAMN42204260	yes_for_at_least_one_PIP	DatasetS4	AMNH	43.749899999999997	-74.594936000000004	SAMN42204260
DOT-16660	Melospiza lincolnii	not_provided; latitude_longitude_available	not_provided	GCA_003829775.2 (Junco hyemalis)	NCBI SRA BioSample/accession SAMN42203913	yes_for_at_least_one_PIP	DatasetS4	AMNH	43.681838999999997	-74.666578000000001	SAMN42203913
DOT-16661	Melospiza lincolnii	not_provided; latitude_longitude_available	not_provided	GCA_003829775.2 (Junco hyemalis)	NCBI SRA BioSample/accession SAMN42203914	yes_for_at_least_one_PIP	DatasetS4	AMNH	43.681838999999997	-74.666578000000001	SAMN42203914
DOT-16662	Melospiza lincolnii	not_provided; latitude_longitude_available	not_provided	GCA_003829775.2 (Junco hyemalis)	NCBI SRA BioSample/accession SAMN42203915	yes_for_at_least_one_PIP	DatasetS4	AMNH	43.681838999999997	-74.666578000000001	SAMN42203915
DOT-16663	Melospiza lincolnii	not_provided; latitude_longitude_available	not_provided	GCA_003829775.2 (Junco hyemalis)	NCBI SRA BioSample/accession SAMN42203916	yes_for_at_least_one_PIP	DatasetS4	AMNH	43.681838999999997	-74.666578000000001	SAMN42203916
DOT-16664	Melospiza lincolnii	not_provided; latitude_longitude_available	not_provided	GCA_003829775.2 (Junco hyemalis)	NCBI SRA BioSample/accession SAMN42203917	yes_for_at_least_one_PIP	DatasetS4	AMNH	43.681838999999997	-74.666578000000001	SAMN42203917
DOT-16665	Melospiza lincolnii	not_provided; latitude_longitude_available	not_provided	GCA_003829775.2 (Junco hyemalis)	NCBI SRA BioSample/accession SAMN42203918	yes_for_at_least_one_PIP	DatasetS4	AMNH	43.681838999999997	-74.666578000000001	SAMN42203918
DOT-16673	Empidonax alnorum	not_provided; latitude_longitude_available	not_provided	GCA_009829145.1 (Chiroxiphia lanceolata)	NCBI SRA BioSample/accession SAMN42204106	yes_for_at_least_one_PIP	DatasetS4	AMNH	43.681838999999997	-74.666578000000001	SAMN42204106
DOT-16674	Empidonax alnorum	not_provided; latitude_longitude_available	not_provided	GCA_009829145.1 (Chiroxiphia lanceolata)	NCBI SRA BioSample/accession SAMN42204110	yes_for_at_least_one_PIP	DatasetS4	AMNH	43.681838999999997	-74.666578000000001	SAMN42204110
DOT-16675	Leiothlypis ruficapilla	not_provided; latitude_longitude_available	not_provided	GCA_001746935.2 (Setophaga coronata)	NCBI SRA BioSample/accession SAMN42230750	yes_for_at_least_one_PIP	DatasetS4	AMNH	43.681838999999997	-74.666578000000001	SAMN42230750
DOT-16677	Empidonax flaviventris	not_provided; latitude_longitude_available	not_provided	GCA_009829145.1 (Chiroxiphia lanceolata)	NCBI SRA BioSample/accession SAMN42204148	yes_for_at_least_one_PIP	DatasetS4	AMNH	43.681838999999997	-74.666578000000001	SAMN42204148
DOT-16681	Empidonax flaviventris	not_provided; latitude_longitude_available	not_provided	GCA_009829145.1 (Chiroxiphia lanceolata)	NCBI SRA BioSample/accession SAMN42204152	yes_for_at_least_one_PIP	DatasetS4	AMNH	43.670741999999997	-74.741399999999999	SAMN42204152
DOT-16684	Troglodytes hiemalis	not_provided; latitude_longitude_available	not_provided	GCA_018697195.1 (Certhia americana)	NCBI SRA BioSample/accession SAMN42230978	yes_for_at_least_one_PIP	DatasetS4	AMNH	43.670741999999997	-74.741399999999999	SAMN42230978
DOT-16689	Empidonax flaviventris	not_provided; latitude_longitude_available	not_provided	GCA_009829145.1 (Chiroxiphia lanceolata)	NCBI SRA BioSample/accession SAMN42204147	yes_for_at_least_one_PIP	DatasetS4	AMNH	43.670741999999997	-74.741399999999999	SAMN42204147
DOT-16692	Cardellina canadensis	not_provided; latitude_longitude_available	not_provided	GCA_001746935.2 (Setophaga coronata)	NCBI SRA BioSample/accession SAMN42204445	yes_for_at_least_one_PIP	DatasetS4	AMNH	43.670741999999997	-74.741399999999999	SAMN42204445
DOT-16693	Zonotrichia albicollis	not_provided; latitude_longitude_available	not_provided	GCA_003829775.2 (Junco hyemalis)	NCBI SRA BioSample/accession SAMN42204278	yes_for_at_least_one_PIP	DatasetS4	AMNH	43.670741999999997	-74.741399999999999	SAMN42204278
DOT-16707	Empidonax alnorum	not_provided; latitude_longitude_available	not_provided	GCA_009829145.1 (Chiroxiphia lanceolata)	NCBI SRA BioSample/accession SAMN42204107	yes_for_at_least_one_PIP	DatasetS4	AMNH	43.812430999999997	-74.702477999999999	SAMN42204107
DOT-16718	Setophaga palmarum	not_provided; latitude_longitude_available	not_provided	GCA_001746935.2 (Setophaga coronata)	NCBI SRA BioSample/accession SAMN42204224	yes_for_at_least_one_PIP	DatasetS4	AMNH	43.812430560000003	-74.702477779999995	SAMN42204224
DOT-16719	Setophaga palmarum	not_provided; latitude_longitude_available	not_provided	GCA_001746935.2 (Setophaga coronata)	NCBI SRA BioSample/accession SAMN42204225	yes_for_at_least_one_PIP	DatasetS4	AMNH	43.812430560000003	-74.702477779999995	SAMN42204225
DOT-16722	Empidonax flaviventris	not_provided; latitude_longitude_available	not_provided	GCA_009829145.1 (Chiroxiphia lanceolata)	NCBI SRA BioSample/accession SAMN42204150	yes_for_at_least_one_PIP	DatasetS4	AMNH	43.812430999999997	-74.702477999999999	SAMN42204150
DOT-16724	Melospiza lincolnii	not_provided; latitude_longitude_available	not_provided	GCA_003829775.2 (Junco hyemalis)	NCBI SRA BioSample/accession SAMN42203919	yes_for_at_least_one_PIP	DatasetS4	AMNH	43.812430999999997	-74.702477999999999	SAMN42203919
DOT-16725	Melospiza lincolnii	not_provided; latitude_longitude_available	not_provided	GCA_003829775.2 (Junco hyemalis)	NCBI SRA BioSample/accession SAMN42203920	yes_for_at_least_one_PIP	DatasetS4	AMNH	43.812430999999997	-74.702477999999999	SAMN42203920
DOT-16731	Troglodytes hiemalis	not_provided; latitude_longitude_available	not_provided	GCA_018697195.1 (Certhia americana)	NCBI SRA BioSample/accession SAMN42230977	yes_for_at_least_one_PIP	DatasetS4	AMNH	43.812430999999997	-74.702477999999999	SAMN42230977
DOT-16737	Empidonax flaviventris	not_provided; latitude_longitude_available	not_provided	GCA_009829145.1 (Chiroxiphia lanceolata)	NCBI SRA BioSample/accession SAMN42204149	yes_for_at_least_one_PIP	DatasetS4	AMNH	43.812430999999997	-74.702477999999999	SAMN42204149
DOT-16738	Catharus ustulatus	not_provided; latitude_longitude_available	not_provided	GCA_009819885.2 (Catharus ustulatus)	NCBI SRA BioSample/accession SAMN42203676	yes_for_at_least_one_PIP	DatasetS4	AMNH	43.812430560000003	-74.702477779999995	SAMN42203676
DOT-16785	Setophaga fusca	not_provided; latitude_longitude_available	not_provided	GCA_001746935.2 (Setophaga coronata)	NCBI SRA BioSample/accession SAMN42204209	yes_for_at_least_one_PIP	DatasetS4	AMNH	43.681838999999997	-74.666578000000001	SAMN42204209
DOT-16791	Sphyrapicus varius	not_provided; latitude_longitude_available	not_provided	GCA_014839835.1 (Picoides pubescens)	NCBI SRA BioSample/accession SAMN42204262	yes_for_at_least_one_PIP	DatasetS4	AMNH	43.727919999999997	-74.850311000000005	SAMN42204262
DOT-16794	Setophaga pensylvanica	not_provided; latitude_longitude_available	not_provided	GCA_001746935.2 (Setophaga coronata)	NCBI SRA BioSample/accession SAMN42204557	yes_for_at_least_one_PIP	DatasetS4	AMNH	43.681838999999997	-74.666578000000001	SAMN42204557
DOT-16795	Setophaga pensylvanica	not_provided; latitude_longitude_available	not_provided	GCA_001746935.2 (Setophaga coronata)	NCBI SRA BioSample/accession SAMN42204555	yes_for_at_least_one_PIP	DatasetS4	AMNH	43.681838999999997	-74.666578000000001	SAMN42204555
DOT-16796	Catharus guttatus	not_provided; latitude_longitude_available	not_provided	GCA_009819885.2 (Catharus ustulatus)	NCBI SRA BioSample/accession SAMN42203662	yes_for_at_least_one_PIP	DatasetS4	AMNH	43.670321999999999	-74.692318999999998	SAMN42203662
DOT-16798	Setophaga fusca	not_provided; latitude_longitude_available	not_provided	GCA_001746935.2 (Setophaga coronata)	NCBI SRA BioSample/accession SAMN42204211	yes_for_at_least_one_PIP	DatasetS4	AMNH	43.670321999999999	-74.692318999999998	SAMN42204211
DOT-16799	Vireo solitarius	not_provided; latitude_longitude_available	not_provided	GCA_020740725.1 (Corvus hawaiiensis)	NCBI SRA BioSample/accession SAMN42204273	yes_for_at_least_one_PIP	DatasetS4	AMNH	43.749899999999997	-74.594936000000004	SAMN42204273
DOT-16825	Setophaga pensylvanica	not_provided; latitude_longitude_available	not_provided	GCA_001746935.2 (Setophaga coronata)	NCBI SRA BioSample/accession SAMN42204561	yes_for_at_least_one_PIP	DatasetS4	AMNH	43.812430999999997	-74.702477999999999	SAMN42204561
DOT-17008	Vireo solitarius	not_provided; latitude_longitude_available	not_provided	GCA_020740725.1 (Corvus hawaiiensis)	NCBI SRA BioSample/accession SAMN42204274	yes_for_at_least_one_PIP	DatasetS4	AMNH	43.812430999999997	-74.702477999999999	SAMN42204274
DOT-17015	Vireo solitarius	not_provided; latitude_longitude_available	not_provided	GCA_020740725.1 (Corvus hawaiiensis)	NCBI SRA BioSample/accession SAMN42204276	yes_for_at_least_one_PIP	DatasetS4	AMNH	43.812430999999997	-74.702477999999999	SAMN42204276
DOT-17016	Vireo solitarius	not_provided; latitude_longitude_available	not_provided	GCA_020740725.1 (Corvus hawaiiensis)	NCBI SRA BioSample/accession SAMN42204275	yes_for_at_least_one_PIP	DatasetS4	AMNH	43.812430999999997	-74.702477999999999	SAMN42204275
DOT-17504	Setophaga palmarum	not_provided; latitude_longitude_available	not_provided	GCA_001746935.2 (Setophaga coronata)	NCBI SRA BioSample/accession SAMN42204218	yes_for_at_least_one_PIP	DatasetS4	AMNH	44.260858329999998	-74.64761944	SAMN42204218
DOT-17506	Zonotrichia albicollis	not_provided; latitude_longitude_available	not_provided	GCA_003829775.2 (Junco hyemalis)	NCBI SRA BioSample/accession SAMN42204277	yes_for_at_least_one_PIP	DatasetS4	AMNH	44.260857999999999	-74.647619000000006	SAMN42204277
DOT-17507	Empidonax alnorum	not_provided; latitude_longitude_available	not_provided	GCA_009829145.1 (Chiroxiphia lanceolata)	NCBI SRA BioSample/accession SAMN42204108	yes_for_at_least_one_PIP	DatasetS4	AMNH	44.260857999999999	-74.647619000000006	SAMN42204108
DOT-17513	Setophaga palmarum	not_provided; latitude_longitude_available	not_provided	GCA_001746935.2 (Setophaga coronata)	NCBI SRA BioSample/accession SAMN42204221	yes_for_at_least_one_PIP	DatasetS4	AMNH	44.521808329999999	-74.375811110000001	SAMN42204221
DOT-17526	Empidonax minimus	not_provided; latitude_longitude_available	not_provided	GCA_009829145.1 (Chiroxiphia lanceolata)	NCBI SRA BioSample/accession SAMN42204474	yes_for_at_least_one_PIP	DatasetS4	AMNH	44.521808329999999	-74.375811110000001	SAMN42204474
DOT-17530	Empidonax minimus	not_provided; latitude_longitude_available	not_provided	GCA_009829145.1 (Chiroxiphia lanceolata)	NCBI SRA BioSample/accession SAMN42204472	yes_for_at_least_one_PIP	DatasetS4	AMNH	44.521808329999999	-74.375811110000001	SAMN42204472
DOT-17531	Setophaga palmarum	not_provided; latitude_longitude_available	not_provided	GCA_001746935.2 (Setophaga coronata)	NCBI SRA BioSample/accession SAMN42204223	yes_for_at_least_one_PIP	DatasetS4	AMNH	44.521808329999999	-74.375811110000001	SAMN42204223
DOT-17532	Setophaga palmarum	not_provided; latitude_longitude_available	not_provided	GCA_001746935.2 (Setophaga coronata)	NCBI SRA BioSample/accession SAMN42204222	yes_for_at_least_one_PIP	DatasetS4	AMNH	44.521808329999999	-74.375811110000001	SAMN42204222
DOT-17533	Setophaga palmarum	not_provided; latitude_longitude_available	not_provided	GCA_001746935.2 (Setophaga coronata)	NCBI SRA BioSample/accession SAMN42204219	yes_for_at_least_one_PIP	DatasetS4	AMNH	44.521808329999999	-74.375811110000001	SAMN42204219
DOT-17536	Melospiza lincolnii	not_provided; latitude_longitude_available	not_provided	GCA_003829775.2 (Junco hyemalis)	NCBI SRA BioSample/accession SAMN42204177	yes_for_at_least_one_PIP	DatasetS4	AMNH	44.521808	-74.375810999999999	SAMN42204177
DOT-17546	Setophaga fusca	not_provided; latitude_longitude_available	not_provided	GCA_001746935.2 (Setophaga coronata)	NCBI SRA BioSample/accession SAMN42203706	yes_for_at_least_one_PIP	DatasetS4	AMNH	44.521808	-74.375810999999999	SAMN42203706
DOT-17552	Sphyrapicus varius	not_provided; latitude_longitude_available	not_provided	GCA_014839835.1 (Picoides pubescens)	NCBI SRA BioSample/accession SAMN42204263	yes_for_at_least_one_PIP	DatasetS4	AMNH	44.521808	-74.375810999999999	SAMN42204263
DOT-17554	Empidonax flaviventris	not_provided; latitude_longitude_available	not_provided	GCA_009829145.1 (Chiroxiphia lanceolata)	NCBI SRA BioSample/accession SAMN42204151	yes_for_at_least_one_PIP	DatasetS4	AMNH	44.521808	-74.375810999999999	SAMN42204151
DOT-17572	Setophaga fusca	not_provided; latitude_longitude_available	not_provided	GCA_001746935.2 (Setophaga coronata)	NCBI SRA BioSample/accession SAMN42203710	yes_for_at_least_one_PIP	DatasetS4	AMNH	44.521808	-74.375810999999999	SAMN42203710
DOT-17576	Vireo solitarius	not_provided; latitude_longitude_available	not_provided	GCA_020740725.1 (Corvus hawaiiensis)	NCBI SRA BioSample/accession SAMN42203874	yes_for_at_least_one_PIP	DatasetS4	AMNH	44.521808	-74.375810999999999	SAMN42203874
DOT-17596	Empidonax flaviventris	not_provided; latitude_longitude_available	not_provided	GCA_009829145.1 (Chiroxiphia lanceolata)	NCBI SRA BioSample/accession SAMN42204153	yes_for_at_least_one_PIP	DatasetS4	AMNH	44.521808	-74.375810999999999	SAMN42204153
DOT-17609	Setophaga palmarum	not_provided; latitude_longitude_available	not_provided	GCA_001746935.2 (Setophaga coronata)	NCBI SRA BioSample/accession SAMN42204216	yes_for_at_least_one_PIP	DatasetS4	AMNH	44.260858329999998	-74.64761944	SAMN42204216
DOT-17610	Sphyrapicus varius	not_provided; latitude_longitude_available	not_provided	GCA_014839835.1 (Picoides pubescens)	NCBI SRA BioSample/accession SAMN42204261	yes_for_at_least_one_PIP	DatasetS4	AMNH	44.260857999999999	-74.647619000000006	SAMN42204261
DOT-17622	Empidonax alnorum	not_provided; latitude_longitude_available	not_provided	GCA_009829145.1 (Chiroxiphia lanceolata)	NCBI SRA BioSample/accession SAMN42204109	yes_for_at_least_one_PIP	DatasetS4	AMNH	44.521808	-74.375810999999999	SAMN42204109
DOT-17624	Setophaga pensylvanica	not_provided; latitude_longitude_available	not_provided	GCA_001746935.2 (Setophaga coronata)	NCBI SRA BioSample/accession SAMN42204560	yes_for_at_least_one_PIP	DatasetS4	AMNH	44.521808	-74.375810999999999	SAMN42204560
DOT-17630	Setophaga fusca	not_provided; latitude_longitude_available	not_provided	GCA_001746935.2 (Setophaga coronata)	NCBI SRA BioSample/accession SAMN42203709	yes_for_at_least_one_PIP	DatasetS4	AMNH	44.521808	-74.375810999999999	SAMN42203709
DOT-17643	Setophaga fusca	not_provided; latitude_longitude_available	not_provided	GCA_001746935.2 (Setophaga coronata)	NCBI SRA BioSample/accession SAMN42203708	yes_for_at_least_one_PIP	DatasetS4	AMNH	44.521808	-74.375810999999999	SAMN42203708
DOT-17653	Vireo solitarius	not_provided; latitude_longitude_available	not_provided	GCA_020740725.1 (Corvus hawaiiensis)	NCBI SRA BioSample/accession SAMN42203875	yes_for_at_least_one_PIP	DatasetS4	AMNH	44.521808	-74.375810999999999	SAMN42203875
DOT-17654	Vireo solitarius	not_provided; latitude_longitude_available	not_provided	GCA_020740725.1 (Corvus hawaiiensis)	NCBI SRA BioSample/accession SAMN42203876	yes_for_at_least_one_PIP	DatasetS4	AMNH	44.521808	-74.375810999999999	SAMN42203876
DOT-17655	Vireo solitarius	not_provided; latitude_longitude_available	not_provided	GCA_020740725.1 (Corvus hawaiiensis)	NCBI SRA BioSample/accession SAMN42203877	yes_for_at_least_one_PIP	DatasetS4	AMNH	44.521808	-74.375810999999999	SAMN42203877
DOT-18667	Setophaga fusca	not_provided; latitude_longitude_available	not_provided	GCA_001746935.2 (Setophaga coronata)	NCBI SRA BioSample/accession SAMN42203711	yes_for_at_least_one_PIP	DatasetS4	AMNH	44.521808	-74.375810999999999	SAMN42203711
DOT-18669	Setophaga fusca	not_provided; latitude_longitude_available	not_provided	GCA_001746935.2 (Setophaga coronata)	NCBI SRA BioSample/accession SAMN42203707	yes_for_at_least_one_PIP	DatasetS4	AMNH	44.521808	-74.375810999999999	SAMN42203707
DOT-18671	Setophaga fusca	not_provided; latitude_longitude_available	not_provided	GCA_001746935.2 (Setophaga coronata)	NCBI SRA BioSample/accession SAMN42203816	yes_for_at_least_one_PIP	DatasetS4	AMNH	44.521808	-74.375810999999999	SAMN42203816
DOT-18672	Setophaga fusca	not_provided; latitude_longitude_available	not_provided	GCA_001746935.2 (Setophaga coronata)	NCBI SRA BioSample/accession SAMN42203814	yes_for_at_least_one_PIP	DatasetS4	AMNH	44.521808	-74.375810999999999	SAMN42203814
DOT-18673	Setophaga fusca	not_provided; latitude_longitude_available	not_provided	GCA_001746935.2 (Setophaga coronata)	NCBI SRA BioSample/accession SAMN42203815	yes_for_at_least_one_PIP	DatasetS4	AMNH	44.521808	-74.375810999999999	SAMN42203815
DOT-18755	Cardellina canadensis	not_provided; latitude_longitude_available	not_provided	GCA_001746935.2 (Setophaga coronata)	NCBI SRA BioSample/accession SAMN42204444	yes_for_at_least_one_PIP	DatasetS4	AMNH	44.521808	-74.375810999999999	SAMN42204444
DOT-18764	Setophaga palmarum	not_provided; latitude_longitude_available	not_provided	GCA_001746935.2 (Setophaga coronata)	NCBI SRA BioSample/accession SAMN42204220	yes_for_at_least_one_PIP	DatasetS4	AMNH	44.521808329999999	-74.375811110000001	SAMN42204220
DOT-18765	Setophaga palmarum	not_provided; latitude_longitude_available	not_provided	GCA_001746935.2 (Setophaga coronata)	NCBI SRA BioSample/accession SAMN42204215	yes_for_at_least_one_PIP	DatasetS4	AMNH	44.521808329999999	-74.375811110000001	SAMN42204215
DOT-18828	Vireo solitarius	not_provided; latitude_longitude_available	not_provided	GCA_020740725.1 (Corvus hawaiiensis)	NCBI SRA BioSample/accession SAMN42203878	yes_for_at_least_one_PIP	DatasetS4	AMNH	44.521808	-74.375810999999999	SAMN42203878
DOT-18836	Vireo solitarius	not_provided; latitude_longitude_available	not_provided	GCA_020740725.1 (Corvus hawaiiensis)	NCBI SRA BioSample/accession SAMN42203879	yes_for_at_least_one_PIP	DatasetS4	AMNH	44.521808	-74.375810999999999	SAMN42203879
DOT-18837	Vireo solitarius	not_provided; latitude_longitude_available	not_provided	GCA_020740725.1 (Corvus hawaiiensis)	NCBI SRA BioSample/accession SAMN42203880	yes_for_at_least_one_PIP	DatasetS4	AMNH	44.521808	-74.375810999999999	SAMN42203880
DOT-18850	Vireo solitarius	not_provided; latitude_longitude_available	not_provided	GCA_020740725.1 (Corvus hawaiiensis)	NCBI SRA BioSample/accession SAMN42203881	yes_for_at_least_one_PIP	DatasetS4	AMNH	44.521808	-74.375810999999999	SAMN42203881
DOT-20694	Catharus guttatus	not_provided; latitude_longitude_available	not_provided	GCA_009819885.2 (Catharus ustulatus)	NCBI SRA BioSample/accession SAMN42204102	yes_for_at_least_one_PIP	DatasetS4	AMNH	44.445305560000001	-74.110547220000001	SAMN42204102
DOT-20695	Catharus guttatus	not_provided; latitude_longitude_available	not_provided	GCA_009819885.2 (Catharus ustulatus)	NCBI SRA BioSample/accession SAMN42204099	yes_for_at_least_one_PIP	DatasetS4	AMNH	44.445305560000001	-74.110547220000001	SAMN42204099
DOT-20701	Catharus guttatus	not_provided; latitude_longitude_available	not_provided	GCA_009819885.2 (Catharus ustulatus)	NCBI SRA BioSample/accession SAMN42204101	yes_for_at_least_one_PIP	DatasetS4	AMNH	44.445305560000001	-74.110547220000001	SAMN42204101
DOT-20706	Setophaga palmarum	not_provided; latitude_longitude_available	not_provided	GCA_001746935.2 (Setophaga coronata)	NCBI SRA BioSample/accession SAMN42204217	yes_for_at_least_one_PIP	DatasetS4	AMNH	43.812430560000003	-74.702477779999995	SAMN42204217
DOT-21754	Catharus guttatus	not_provided; latitude_longitude_available	not_provided	GCA_009819885.2 (Catharus ustulatus)	NCBI SRA BioSample/accession SAMN42204100	yes_for_at_least_one_PIP	DatasetS4	AMNH	43.681838890000002	-74.666577779999997	SAMN42204100
DOT-21759	Setophaga pensylvanica	not_provided; latitude_longitude_available	not_provided	GCA_001746935.2 (Setophaga coronata)	NCBI SRA BioSample/accession SAMN42204562	yes_for_at_least_one_PIP	DatasetS4	AMNH	43.681838890000002	-74.666577779999997	SAMN42204562
DOT-21768	Setophaga pensylvanica	not_provided; latitude_longitude_available	not_provided	GCA_001746935.2 (Setophaga coronata)	NCBI SRA BioSample/accession SAMN42204564	yes_for_at_least_one_PIP	DatasetS4	AMNH	43.681838890000002	-74.666577779999997	SAMN42204564
DOT-21774	Catharus ustulatus	not_provided; latitude_longitude_available	not_provided	GCA_009819885.2 (Catharus ustulatus)	NCBI SRA BioSample/accession SAMN42203778	yes_for_at_least_one_PIP	DatasetS4	AMNH	43.681838890000002	-74.666577779999997	SAMN42203778
DOT-22907	Cardellina canadensis	not_provided; latitude_longitude_available	not_provided	GCA_001746935.2 (Setophaga coronata)	NCBI SRA BioSample/accession SAMN42204446	yes_for_at_least_one_PIP	DatasetS4	AMNH	43.681838890000002	-74.666577779999997	SAMN42204446
DOT-22952	Setophaga pensylvanica	not_provided; latitude_longitude_available	not_provided	GCA_001746935.2 (Setophaga coronata)	NCBI SRA BioSample/accession SAMN42204563	yes_for_at_least_one_PIP	DatasetS4	AMNH	43.681838890000002	-74.666577779999997	SAMN42204563
DOT-22958	Catharus ustulatus	not_provided; latitude_longitude_available	not_provided	GCA_009819885.2 (Catharus ustulatus)	NCBI SRA BioSample/accession SAMN42203748	yes_for_at_least_one_PIP	DatasetS4	AMNH	43.681838890000002	-74.666577779999997	SAMN42203748
DOT-22978	Cardellina canadensis	not_provided; latitude_longitude_available	not_provided	GCA_001746935.2 (Setophaga coronata)	NCBI SRA BioSample/accession SAMN42204443	yes_for_at_least_one_PIP	DatasetS4	AMNH	43.681838890000002	-74.666577779999997	SAMN42204443
DOT-22979	Empidonax alnorum	not_provided; latitude_longitude_available	not_provided	GCA_009829145.1 (Chiroxiphia lanceolata)	NCBI SRA BioSample/accession SAMN42204111	yes_for_at_least_one_PIP	DatasetS4	AMNH	43.681838890000002	-74.666577779999997	SAMN42204111
DOT-22985	Setophaga pensylvanica	not_provided; latitude_longitude_available	not_provided	GCA_001746935.2 (Setophaga coronata)	NCBI SRA BioSample/accession SAMN42204554	yes_for_at_least_one_PIP	DatasetS4	AMNH	43.681838890000002	-74.666577779999997	SAMN42204554
DOT-25	Oporornis agilis	not_provided; latitude_longitude_available	not_provided	GCA_009764595.1 (Geothlypis trichas)	NCBI SRA BioSample/accession SAMN42204385	yes_for_at_least_one_PIP	DatasetS4	AMNH	48.20969822	-94.467983919999995	SAMN42204385
DOT-25336	Empidonax minimus	not_provided; latitude_longitude_available	not_provided	GCA_009829145.1 (Chiroxiphia lanceolata)	NCBI SRA BioSample/accession SAMN42204473	yes_for_at_least_one_PIP	DatasetS4	AMNH	43.713611110000002	-74.114999999999995	SAMN42204473
DOT-26	Oporornis agilis	not_provided; latitude_longitude_available	not_provided	GCA_009764595.1 (Geothlypis trichas)	NCBI SRA BioSample/accession SAMN42204386	yes_for_at_least_one_PIP	DatasetS4	AMNH	48.20969822	-94.467983919999995	SAMN42204386
DOT-658	Setophaga pensylvanica	not_provided; latitude_longitude_available	not_provided	GCA_001746935.2 (Setophaga coronata)	NCBI SRA BioSample/accession SAMN42204558	yes_for_at_least_one_PIP	DatasetS4	AMNH	44.889557740000001	-73.436101199999996	SAMN42204558
HETH1	Catharus guttatus	not_provided; latitude_longitude_available	not_provided	GCA_009819885.2 (Catharus ustulatus)	NCBI SRA BioSample/accession SAMN42231352	yes_for_at_least_one_PIP	DatasetS4	Theresa Burg/University of Lethbridge	45.597944439999999	-64.950888890000002	SAMN42231352
HETH2	Catharus guttatus	not_provided; latitude_longitude_available	not_provided	GCA_009819885.2 (Catharus ustulatus)	NCBI SRA BioSample/accession SAMN42231351	yes_for_at_least_one_PIP	DatasetS4	Theresa Burg/University of Lethbridge	45.018916670000003	-63.037888889999998	SAMN42231351
MAWA40	Setophaga magnolia	not_provided; latitude_longitude_available	not_provided	GCA_001746935.2 (Setophaga coronata)	NCBI SRA BioSample/accession SAMN42231464	yes_for_at_least_one_PIP	DatasetS4	Theresa Burg/University of Lethbridge	45.013666669999999	-63.049472219999998	SAMN42231464
MAWA41	Setophaga magnolia	not_provided; latitude_longitude_available	not_provided	GCA_001746935.2 (Setophaga coronata)	NCBI SRA BioSample/accession SAMN42231461	yes_for_at_least_one_PIP	DatasetS4	Theresa Burg/University of Lethbridge	45.013666669999999	-63.049472219999998	SAMN42231461
MVZ:Bird:168665	Empidonax flaviventris	not_provided; latitude_longitude_available	not_provided	GCA_009829145.1 (Chiroxiphia lanceolata)	NCBI SRA BioSample/accession SAMN42204165	yes_for_at_least_one_PIP	DatasetS4	MVZ	47.7194	-91.378399999999999	SAMN42204165
MVZ:Bird:168673	Empidonax flaviventris	not_provided; latitude_longitude_available	not_provided	GCA_009829145.1 (Chiroxiphia lanceolata)	NCBI SRA BioSample/accession SAMN42231192	yes_for_at_least_one_PIP	DatasetS4	MVZ	47.433900000000001	-92.161199999999994	SAMN42231192
MVZ:Bird:168674	Empidonax flaviventris	not_provided; latitude_longitude_available	not_provided	GCA_009829145.1 (Chiroxiphia lanceolata)	NCBI SRA BioSample/accession SAMN42231191	yes_for_at_least_one_PIP	DatasetS4	MVZ	47.433900000000001	-92.161199999999994	SAMN42231191
MVZ:Bird:168679	Empidonax alnorum	not_provided; latitude_longitude_available	not_provided	GCA_009829145.1 (Chiroxiphia lanceolata)	NCBI SRA BioSample/accession SAMN42204125	yes_for_at_least_one_PIP	DatasetS4	MVZ	47.232900000000001	-95.157399999999996	SAMN42204125
MVZ:Bird:168680	Empidonax alnorum	not_provided; latitude_longitude_available	not_provided	GCA_009829145.1 (Chiroxiphia lanceolata)	NCBI SRA BioSample/accession SAMN42231189	yes_for_at_least_one_PIP	DatasetS4	MVZ	47.219700000000003	-94.734200000000001	SAMN42231189
MVZ:Bird:168681	Empidonax alnorum	not_provided; latitude_longitude_available	not_provided	GCA_009829145.1 (Chiroxiphia lanceolata)	NCBI SRA BioSample/accession SAMN42231186	yes_for_at_least_one_PIP	DatasetS4	MVZ	47.219700000000003	-94.734200000000001	SAMN42231186
MVZ:Bird:168682	Empidonax alnorum	not_provided; latitude_longitude_available	not_provided	GCA_009829145.1 (Chiroxiphia lanceolata)	NCBI SRA BioSample/accession SAMN42204290	yes_for_at_least_one_PIP	DatasetS4	MVZ	47.219700000000003	-94.734200000000001	SAMN42204290
MVZ:Bird:168683	Empidonax alnorum	not_provided; latitude_longitude_available	not_provided	GCA_009829145.1 (Chiroxiphia lanceolata)	NCBI SRA BioSample/accession SAMN42204127	yes_for_at_least_one_PIP	DatasetS4	MVZ	47.219700000000003	-94.734200000000001	SAMN42204127
MVZ:Bird:168685	Empidonax alnorum	not_provided; latitude_longitude_available	not_provided	GCA_009829145.1 (Chiroxiphia lanceolata)	NCBI SRA BioSample/accession SAMN42231188	yes_for_at_least_one_PIP	DatasetS4	MVZ	47.203899999999997	-94.734300000000005	SAMN42231188
MVZ:Bird:168686	Empidonax alnorum	not_provided; latitude_longitude_available	not_provided	GCA_009829145.1 (Chiroxiphia lanceolata)	NCBI SRA BioSample/accession SAMN42204128	yes_for_at_least_one_PIP	DatasetS4	MVZ	47.203899999999997	-94.734300000000005	SAMN42204128
MVZ:Bird:168687	Empidonax alnorum	not_provided; latitude_longitude_available	not_provided	GCA_009829145.1 (Chiroxiphia lanceolata)	NCBI SRA BioSample/accession SAMN42231187	yes_for_at_least_one_PIP	DatasetS4	MVZ	47.203899999999997	-94.734300000000005	SAMN42231187
MVZ:Bird:168688	Empidonax alnorum	not_provided; latitude_longitude_available	not_provided	GCA_009829145.1 (Chiroxiphia lanceolata)	NCBI SRA BioSample/accession SAMN42204129	yes_for_at_least_one_PIP	DatasetS4	MVZ	47.2012	-94.710999999999999	SAMN42204129
MVZ:Bird:168689	Empidonax alnorum	not_provided; latitude_longitude_available	not_provided	GCA_009829145.1 (Chiroxiphia lanceolata)	NCBI SRA BioSample/accession SAMN42204126	yes_for_at_least_one_PIP	DatasetS4	MVZ	47.228200000000001	-94.785200000000003	SAMN42204126
MVZ:Bird:168711	Empidonax minimus	not_provided; latitude_longitude_available	not_provided	GCA_009829145.1 (Chiroxiphia lanceolata)	NCBI SRA BioSample/accession SAMN42204477	yes_for_at_least_one_PIP	DatasetS4	MVZ	48.1614	-94.577100000000002	SAMN42204477
MVZ:Bird:168712	Empidonax minimus	not_provided; latitude_longitude_available	not_provided	GCA_009829145.1 (Chiroxiphia lanceolata)	NCBI SRA BioSample/accession SAMN42204476	yes_for_at_least_one_PIP	DatasetS4	MVZ	48.1614	-94.577100000000002	SAMN42204476
MVZ:Bird:168713	Empidonax minimus	not_provided; latitude_longitude_available	not_provided	GCA_009829145.1 (Chiroxiphia lanceolata)	NCBI SRA BioSample/accession SAMN42204478	yes_for_at_least_one_PIP	DatasetS4	MVZ	47.24738	-95.136150000000001	SAMN42204478
MVZ:Bird:168714	Empidonax minimus	not_provided; latitude_longitude_available	not_provided	GCA_009829145.1 (Chiroxiphia lanceolata)	NCBI SRA BioSample/accession SAMN42230705	yes_for_at_least_one_PIP	DatasetS4	MVZ	47.24738	-95.136150000000001	SAMN42230705
MVZ:Bird:168723	Empidonax minimus	not_provided; latitude_longitude_available	not_provided	GCA_009829145.1 (Chiroxiphia lanceolata)	NCBI SRA BioSample/accession SAMN42231199	yes_for_at_least_one_PIP	DatasetS4	MVZ	47.078899999999997	-96.32217	SAMN42231199
MVZ:Bird:168724	Empidonax minimus	not_provided; latitude_longitude_available	not_provided	GCA_009829145.1 (Chiroxiphia lanceolata)	NCBI SRA BioSample/accession SAMN42231196	yes_for_at_least_one_PIP	DatasetS4	MVZ	47.035170000000001	-96.527289999999994	SAMN42231196
MVZ:Bird:168725	Empidonax minimus	not_provided; latitude_longitude_available	not_provided	GCA_009829145.1 (Chiroxiphia lanceolata)	NCBI SRA BioSample/accession SAMN42231195	yes_for_at_least_one_PIP	DatasetS4	MVZ	47.035170000000001	-96.527289999999994	SAMN42231195
MVZ:Bird:168726	Empidonax minimus	not_provided; latitude_longitude_available	not_provided	GCA_009829145.1 (Chiroxiphia lanceolata)	NCBI SRA BioSample/accession SAMN42231194	yes_for_at_least_one_PIP	DatasetS4	MVZ	46.54242	-96.380989999999997	SAMN42231194
MVZ:Bird:168727	Empidonax minimus	not_provided; latitude_longitude_available	not_provided	GCA_009829145.1 (Chiroxiphia lanceolata)	NCBI SRA BioSample/accession SAMN42231197	yes_for_at_least_one_PIP	DatasetS4	MVZ	46.54242	-96.380989999999997	SAMN42231197
MVZ:Bird:168728	Empidonax minimus	not_provided; latitude_longitude_available	not_provided	GCA_009829145.1 (Chiroxiphia lanceolata)	NCBI SRA BioSample/accession SAMN42231198	yes_for_at_least_one_PIP	DatasetS4	MVZ	46.54242	-96.380989999999997	SAMN42231198
MVZ:Bird:178126	Sphyrapicus varius	not_provided; latitude_longitude_available	not_provided	GCA_014839835.1 (Picoides pubescens)	NCBI SRA BioSample/accession SAMN42204436	yes_for_at_least_one_PIP	DatasetS4	MVZ	44.606299999999997	-74.069450000000003	SAMN42204436
MVZ:Bird:178267	Oporornis agilis	not_provided; latitude_longitude_available	not_provided	GCA_009764595.1 (Geothlypis trichas)	NCBI SRA BioSample/accession SAMN42204387	yes_for_at_least_one_PIP	DatasetS4	MVZ	48.1614	-94.577100000000002	SAMN42204387
SWTH2	Catharus ustulatus	not_provided; latitude_longitude_available	not_provided	GCA_009819885.2 (Catharus ustulatus)	NCBI SRA BioSample/accession SAMN42231361	yes_for_at_least_one_PIP	DatasetS4	Theresa Burg/University of Lethbridge	45.565694399999998	-64.984443999999996	SAMN42231361
UMMZ:Bird:244705	Vireo olivaceus	not_provided; latitude_longitude_available	not_provided	GCA_020740725.1 (Corvus hawaiiensis)	NCBI SRA BioSample/accession SAMN42203857	yes_for_at_least_one_PIP	DatasetS4	UMMZ	55.235750000000003	-114.0553833	SAMN42203857
UMMZ:Bird:244706	Zonotrichia albicollis	not_provided; latitude_longitude_available	not_provided	GCA_003829775.2 (Junco hyemalis)	NCBI SRA BioSample/accession SAMN42204078	yes_for_at_least_one_PIP	DatasetS4	UMMZ	55.235750000000003	-114.0553833	SAMN42204078
UMMZ:Bird:244710	Oporornis agilis	not_provided; latitude_longitude_available	not_provided	GCA_009764595.1 (Geothlypis trichas)	NCBI SRA BioSample/accession SAMN42204512	yes_for_at_least_one_PIP	DatasetS4	UMMZ	55.235750000000003	-114.0553833	SAMN42204512
UMMZ:Bird:244712	Setophaga castanea	not_provided; latitude_longitude_available	not_provided	GCA_001746935.2 (Setophaga coronata)	NCBI SRA BioSample/accession SAMN42230839	yes_for_at_least_one_PIP	DatasetS4	UMMZ	55.276949999999999	-114.05871670000001	SAMN42230839
UMMZ:Bird:244713	Leiothlypis peregrina	not_provided; latitude_longitude_available	not_provided	GCA_001746935.2 (Setophaga coronata)	NCBI SRA BioSample/accession SAMN42230729	yes_for_at_least_one_PIP	DatasetS4	UMMZ	55.283716669999997	-114.1279667	SAMN42230729
UMMZ:Bird:244714	Leiothlypis peregrina	not_provided; latitude_longitude_available	not_provided	GCA_001746935.2 (Setophaga coronata)	NCBI SRA BioSample/accession SAMN42230730	yes_for_at_least_one_PIP	DatasetS4	UMMZ	55.283716669999997	-114.1279667	SAMN42230730
UMMZ:Bird:244716	Catharus ustulatus	not_provided; latitude_longitude_available	not_provided	GCA_009819885.2 (Catharus ustulatus)	NCBI SRA BioSample/accession SAMN42203687	yes_for_at_least_one_PIP	DatasetS4	UMMZ	55.283716669999997	-114.1279667	SAMN42203687
UMMZ:Bird:244717	Empidonax alnorum	not_provided; latitude_longitude_available	not_provided	GCA_009829145.1 (Chiroxiphia lanceolata)	NCBI SRA BioSample/accession SAMN42204132	yes_for_at_least_one_PIP	DatasetS4	UMMZ	55.283716669999997	-114.1279667	SAMN42204132
UMMZ:Bird:244718	Leiothlypis peregrina	not_provided; latitude_longitude_available	not_provided	GCA_001746935.2 (Setophaga coronata)	NCBI SRA BioSample/accession SAMN42230731	yes_for_at_least_one_PIP	DatasetS4	UMMZ	55.283716669999997	-114.1279667	SAMN42230731
UMMZ:Bird:244719	Empidonax alnorum	not_provided; latitude_longitude_available	not_provided	GCA_009829145.1 (Chiroxiphia lanceolata)	NCBI SRA BioSample/accession SAMN42204131	yes_for_at_least_one_PIP	DatasetS4	UMMZ	55.283716669999997	-114.1279667	SAMN42204131
UMMZ:Bird:244720	Leiothlypis peregrina	not_provided; latitude_longitude_available	not_provided	GCA_001746935.2 (Setophaga coronata)	NCBI SRA BioSample/accession SAMN42230732	yes_for_at_least_one_PIP	DatasetS4	UMMZ	55.283716669999997	-114.1279667	SAMN42230732
UMMZ:Bird:244721	Zonotrichia albicollis	not_provided; latitude_longitude_available	not_provided	GCA_003829775.2 (Junco hyemalis)	NCBI SRA BioSample/accession SAMN42204079	yes_for_at_least_one_PIP	DatasetS4	UMMZ	55.283716669999997	-114.1279667	SAMN42204079
UMMZ:Bird:244722	Corthylio calendula	not_provided; latitude_longitude_available	not_provided	GCA_018697195.1 (Certhia americana)	NCBI SRA BioSample/accession SAMN42203958	yes_for_at_least_one_PIP	DatasetS4	UMMZ	55.329683330000002	-114.01596670000001	SAMN42203958
UMMZ:Bird:244723	Catharus ustulatus	not_provided; latitude_longitude_available	not_provided	GCA_009819885.2 (Catharus ustulatus)	NCBI SRA BioSample/accession SAMN42203688	yes_for_at_least_one_PIP	DatasetS4	UMMZ	55.329683330000002	-114.01596670000001	SAMN42203688
UMMZ:Bird:244724	Setophaga coronata	not_provided; latitude_longitude_available	not_provided	GCA_001746935.2 (Setophaga coronata)	NCBI SRA BioSample/accession SAMN42203703	yes_for_at_least_one_PIP	DatasetS4	UMMZ	55.329683330000002	-114.01596670000001	SAMN42203703
UMMZ:Bird:244725	Catharus guttatus	not_provided; latitude_longitude_available	not_provided	GCA_009819885.2 (Catharus ustulatus)	NCBI SRA BioSample/accession SAMN42203673	yes_for_at_least_one_PIP	DatasetS4	UMMZ	55.500983329999997	-114.0366667	SAMN42203673
UMMZ:Bird:244726	Setophaga coronata	not_provided; latitude_longitude_available	not_provided	GCA_001746935.2 (Setophaga coronata)	NCBI SRA BioSample/accession SAMN42203806	yes_for_at_least_one_PIP	DatasetS4	UMMZ	55.500983329999997	-114.0366667	SAMN42203806
UMMZ:Bird:244727	Corthylio calendula	not_provided; latitude_longitude_available	not_provided	GCA_018697195.1 (Certhia americana)	NCBI SRA BioSample/accession SAMN42203959	yes_for_at_least_one_PIP	DatasetS4	UMMZ	55.500983329999997	-114.0366667	SAMN42203959
UMMZ:Bird:244731	Empidonax alnorum	not_provided; latitude_longitude_available	not_provided	GCA_009829145.1 (Chiroxiphia lanceolata)	NCBI SRA BioSample/accession SAMN42204135	yes_for_at_least_one_PIP	DatasetS4	UMMZ	55.49038333	-113.9824	SAMN42204135
UMMZ:Bird:244732	Leiothlypis peregrina	not_provided; latitude_longitude_available	not_provided	GCA_001746935.2 (Setophaga coronata)	NCBI SRA BioSample/accession SAMN42230728	yes_for_at_least_one_PIP	DatasetS4	UMMZ	55.49038333	-113.9824	SAMN42230728
UMMZ:Bird:244734	Corthylio calendula	not_provided; latitude_longitude_available	not_provided	GCA_018697195.1 (Certhia americana)	NCBI SRA BioSample/accession SAMN42203960	yes_for_at_least_one_PIP	DatasetS4	UMMZ	55.500983329999997	-114.0366667	SAMN42203960
UMMZ:Bird:244735	Setophaga coronata	not_provided; latitude_longitude_available	not_provided	GCA_001746935.2 (Setophaga coronata)	NCBI SRA BioSample/accession SAMN42203704	yes_for_at_least_one_PIP	DatasetS4	UMMZ	55.499000000000002	-114.083	SAMN42203704
UMMZ:Bird:244736	Corthylio calendula	not_provided; latitude_longitude_available	not_provided	GCA_018697195.1 (Certhia americana)	NCBI SRA BioSample/accession SAMN42203961	yes_for_at_least_one_PIP	DatasetS4	UMMZ	55.499000000000002	-114.083	SAMN42203961
UMMZ:Bird:244737	Setophaga coronata	not_provided; latitude_longitude_available	not_provided	GCA_001746935.2 (Setophaga coronata)	NCBI SRA BioSample/accession SAMN42203807	yes_for_at_least_one_PIP	DatasetS4	UMMZ	55.499000000000002	-114.083	SAMN42203807
UMMZ:Bird:244738	Setophaga coronata	not_provided; latitude_longitude_available	not_provided	GCA_001746935.2 (Setophaga coronata)	NCBI SRA BioSample/accession SAMN42203810	yes_for_at_least_one_PIP	DatasetS4	UMMZ	55.499000000000002	-114.083	SAMN42203810
UMMZ:Bird:244740	Corthylio calendula	not_provided; latitude_longitude_available	not_provided	GCA_018697195.1 (Certhia americana)	NCBI SRA BioSample/accession SAMN42203962	yes_for_at_least_one_PIP	DatasetS4	UMMZ	55.499000000000002	-114.083	SAMN42203962
UMMZ:Bird:244741	Leiothlypis peregrina	not_provided; latitude_longitude_available	not_provided	GCA_001746935.2 (Setophaga coronata)	NCBI SRA BioSample/accession SAMN42230734	yes_for_at_least_one_PIP	DatasetS4	UMMZ	55.512	-113.997	SAMN42230734
UMMZ:Bird:244742	Catharus ustulatus	not_provided; latitude_longitude_available	not_provided	GCA_009819885.2 (Catharus ustulatus)	NCBI SRA BioSample/accession SAMN42203762	yes_for_at_least_one_PIP	DatasetS4	UMMZ	55.512	-113.997	SAMN42203762
UMMZ:Bird:244744	Corthylio calendula	not_provided; latitude_longitude_available	not_provided	GCA_018697195.1 (Certhia americana)	NCBI SRA BioSample/accession SAMN42203963	yes_for_at_least_one_PIP	DatasetS4	UMMZ	55.500066670000002	-114.11715	SAMN42203963
UMMZ:Bird:244745	Catharus ustulatus	not_provided; latitude_longitude_available	not_provided	GCA_009819885.2 (Catharus ustulatus)	NCBI SRA BioSample/accession SAMN42203780	yes_for_at_least_one_PIP	DatasetS4	UMMZ	55.506999999999998	-114.14700000000001	SAMN42203780
UMMZ:Bird:244747	Setophaga castanea	not_provided; latitude_longitude_available	not_provided	GCA_001746935.2 (Setophaga coronata)	NCBI SRA BioSample/accession SAMN42230840	yes_for_at_least_one_PIP	DatasetS4	UMMZ	55.506999999999998	-114.14700000000001	SAMN42230840
UMMZ:Bird:244749	Empidonax alnorum	not_provided; latitude_longitude_available	not_provided	GCA_009829145.1 (Chiroxiphia lanceolata)	NCBI SRA BioSample/accession SAMN42204130	yes_for_at_least_one_PIP	DatasetS4	UMMZ	55.506999999999998	-114.14700000000001	SAMN42204130
UMMZ:Bird:244750	Vireo olivaceus	not_provided; latitude_longitude_available	not_provided	GCA_020740725.1 (Corvus hawaiiensis)	NCBI SRA BioSample/accession SAMN42203858	yes_for_at_least_one_PIP	DatasetS4	UMMZ	55.506999999999998	-114.14700000000001	SAMN42203858
UMMZ:Bird:244753	Vireo olivaceus	not_provided; latitude_longitude_available	not_provided	GCA_020740725.1 (Corvus hawaiiensis)	NCBI SRA BioSample/accession SAMN42203859	yes_for_at_least_one_PIP	DatasetS4	UMMZ	55.635950000000001	-114.5319167	SAMN42203859
UMMZ:Bird:244754	Vireo olivaceus	not_provided; latitude_longitude_available	not_provided	GCA_020740725.1 (Corvus hawaiiensis)	NCBI SRA BioSample/accession SAMN42203860	yes_for_at_least_one_PIP	DatasetS4	UMMZ	55.711966670000002	-115.13423330000001	SAMN42203860
UMMZ:Bird:244755	Vireo olivaceus	not_provided; latitude_longitude_available	not_provided	GCA_020740725.1 (Corvus hawaiiensis)	NCBI SRA BioSample/accession SAMN42203861	yes_for_at_least_one_PIP	DatasetS4	UMMZ	55.711966670000002	-115.13423330000001	SAMN42203861
UMMZ:Bird:244757	Empidonax alnorum	not_provided; latitude_longitude_available	not_provided	GCA_009829145.1 (Chiroxiphia lanceolata)	NCBI SRA BioSample/accession SAMN42204133	yes_for_at_least_one_PIP	DatasetS4	UMMZ	55.711966670000002	-115.13423330000001	SAMN42204133
UMMZ:Bird:244758	Setophaga castanea	not_provided; latitude_longitude_available	not_provided	GCA_001746935.2 (Setophaga coronata)	NCBI SRA BioSample/accession SAMN42230841	yes_for_at_least_one_PIP	DatasetS4	UMMZ	55.711966670000002	-115.13423330000001	SAMN42230841
UMMZ:Bird:244762	Empidonax minimus	not_provided; latitude_longitude_available	not_provided	GCA_009829145.1 (Chiroxiphia lanceolata)	NCBI SRA BioSample/accession SAMN42204483	yes_for_at_least_one_PIP	DatasetS4	UMMZ	55.711966670000002	-115.13423330000001	SAMN42204483
UMMZ:Bird:244763	Empidonax minimus	not_provided; latitude_longitude_available	not_provided	GCA_009829145.1 (Chiroxiphia lanceolata)	NCBI SRA BioSample/accession SAMN42204485	yes_for_at_least_one_PIP	DatasetS4	UMMZ	55.711966670000002	-115.13423330000001	SAMN42204485
UMMZ:Bird:244764	Empidonax minimus	not_provided; latitude_longitude_available	not_provided	GCA_009829145.1 (Chiroxiphia lanceolata)	NCBI SRA BioSample/accession SAMN42204484	yes_for_at_least_one_PIP	DatasetS4	UMMZ	55.711966670000002	-115.13423330000001	SAMN42204484
UMMZ:Bird:244765	Empidonax minimus	not_provided; latitude_longitude_available	not_provided	GCA_009829145.1 (Chiroxiphia lanceolata)	NCBI SRA BioSample/accession SAMN42204486	yes_for_at_least_one_PIP	DatasetS4	UMMZ	55.711966670000002	-115.13423330000001	SAMN42204486
UMMZ:Bird:244766	Empidonax alnorum	not_provided; latitude_longitude_available	not_provided	GCA_009829145.1 (Chiroxiphia lanceolata)	NCBI SRA BioSample/accession SAMN42204134	yes_for_at_least_one_PIP	DatasetS4	UMMZ	55.711966670000002	-115.13423330000001	SAMN42204134
UMMZ:Bird:244770	Zonotrichia albicollis	not_provided; latitude_longitude_available	not_provided	GCA_003829775.2 (Junco hyemalis)	NCBI SRA BioSample/accession SAMN42204285	yes_for_at_least_one_PIP	DatasetS4	UMMZ	55.450616670000002	-114.45215	SAMN42204285
UMMZ:Bird:244771	Setophaga castanea	not_provided; latitude_longitude_available	not_provided	GCA_001746935.2 (Setophaga coronata)	NCBI SRA BioSample/accession SAMN42230932	yes_for_at_least_one_PIP	DatasetS4	UMMZ	55.436050000000002	-114.55625000000001	SAMN42230932
UMMZ:Bird:244772	Zonotrichia albicollis	not_provided; latitude_longitude_available	not_provided	GCA_003829775.2 (Junco hyemalis)	NCBI SRA BioSample/accession SAMN42231342	yes_for_at_least_one_PIP	DatasetS4	UMMZ	55.436050000000002	-114.55625000000001	SAMN42231342
UMMZ:Bird:244773	Catharus ustulatus	not_provided; latitude_longitude_available	not_provided	GCA_009819885.2 (Catharus ustulatus)	NCBI SRA BioSample/accession SAMN42203781	yes_for_at_least_one_PIP	DatasetS4	UMMZ	55.436050000000002	-114.55625000000001	SAMN42203781
UMMZ:Bird:244774	Zonotrichia albicollis	not_provided; latitude_longitude_available	not_provided	GCA_003829775.2 (Junco hyemalis)	NCBI SRA BioSample/accession SAMN42231343	yes_for_at_least_one_PIP	DatasetS4	UMMZ	55.436050000000002	-114.55625000000001	SAMN42231343
UMMZ:Bird:244776	Zonotrichia albicollis	not_provided; latitude_longitude_available	not_provided	GCA_003829775.2 (Junco hyemalis)	NCBI SRA BioSample/accession SAMN42231341	yes_for_at_least_one_PIP	DatasetS4	UMMZ	55.5077	-114.2576	SAMN42231341
UMMZ:Bird:244777	Setophaga castanea	not_provided; latitude_longitude_available	not_provided	GCA_001746935.2 (Setophaga coronata)	NCBI SRA BioSample/accession SAMN42230838	yes_for_at_least_one_PIP	DatasetS4	UMMZ	55.5077	-114.2576	SAMN42230838
UMMZ:Bird:244778	Setophaga palmarum	not_provided; latitude_longitude_available	not_provided	GCA_001746935.2 (Setophaga coronata)	NCBI SRA BioSample/accession SAMN42204234	yes_for_at_least_one_PIP	DatasetS4	UMMZ	55.488700000000001	-114.3517667	SAMN42204234
UMMZ:Bird:244779	Setophaga palmarum	not_provided; latitude_longitude_available	not_provided	GCA_001746935.2 (Setophaga coronata)	NCBI SRA BioSample/accession SAMN42204235	yes_for_at_least_one_PIP	DatasetS4	UMMZ	55.488700000000001	-114.3517667	SAMN42204235
UMMZ:Bird:244780	Setophaga palmarum	not_provided; latitude_longitude_available	not_provided	GCA_001746935.2 (Setophaga coronata)	NCBI SRA BioSample/accession SAMN42204238	yes_for_at_least_one_PIP	DatasetS4	UMMZ	55.488700000000001	-114.3517667	SAMN42204238
UMMZ:Bird:244781	Setophaga palmarum	not_provided; latitude_longitude_available	not_provided	GCA_001746935.2 (Setophaga coronata)	NCBI SRA BioSample/accession SAMN42204236	yes_for_at_least_one_PIP	DatasetS4	UMMZ	55.56015	-114.1912667	SAMN42204236
UMMZ:Bird:244783	Zonotrichia albicollis	not_provided; latitude_longitude_available	not_provided	GCA_003829775.2 (Junco hyemalis)	NCBI SRA BioSample/accession SAMN42204080	yes_for_at_least_one_PIP	DatasetS4	UMMZ	54.651716669999999	-110.1897	SAMN42204080
UMMZ:Bird:244784	Catharus guttatus	not_provided; latitude_longitude_available	not_provided	GCA_009819885.2 (Catharus ustulatus)	NCBI SRA BioSample/accession SAMN42203670	yes_for_at_least_one_PIP	DatasetS4	UMMZ	54.651716669999999	-110.1897	SAMN42203670
UMMZ:Bird:244785	Catharus guttatus	not_provided; latitude_longitude_available	not_provided	GCA_009819885.2 (Catharus ustulatus)	NCBI SRA BioSample/accession SAMN42203671	yes_for_at_least_one_PIP	DatasetS4	UMMZ	54.651716669999999	-110.1897	SAMN42203671
UMMZ:Bird:244786	Oporornis agilis	not_provided; latitude_longitude_available	not_provided	GCA_009764595.1 (Geothlypis trichas)	NCBI SRA BioSample/accession SAMN42230804	yes_for_at_least_one_PIP	DatasetS4	UMMZ	54.651716669999999	-110.1897	SAMN42230804
UMMZ:Bird:244787	Oporornis agilis	not_provided; latitude_longitude_available	not_provided	GCA_009764595.1 (Geothlypis trichas)	NCBI SRA BioSample/accession SAMN42204185	yes_for_at_least_one_PIP	DatasetS4	UMMZ	54.651716669999999	-110.1897	SAMN42204185
UMMZ:Bird:244788	Oporornis agilis	not_provided; latitude_longitude_available	not_provided	GCA_009764595.1 (Geothlypis trichas)	NCBI SRA BioSample/accession SAMN42230803	yes_for_at_least_one_PIP	DatasetS4	UMMZ	54.651716669999999	-110.1897	SAMN42230803
UMMZ:Bird:244789	Oporornis agilis	not_provided; latitude_longitude_available	not_provided	GCA_009764595.1 (Geothlypis trichas)	NCBI SRA BioSample/accession SAMN42204394	yes_for_at_least_one_PIP	DatasetS4	UMMZ	54.651716669999999	-110.1897	SAMN42204394
UMMZ:Bird:244791	Corthylio calendula	not_provided; latitude_longitude_available	not_provided	GCA_018697195.1 (Certhia americana)	NCBI SRA BioSample/accession SAMN42203964	yes_for_at_least_one_PIP	DatasetS4	UMMZ	54.601149999999997	-110.1992333	SAMN42203964
UMMZ:Bird:244794	Vireo solitarius	not_provided; latitude_longitude_available	not_provided	GCA_020740725.1 (Corvus hawaiiensis)	NCBI SRA BioSample/accession SAMN42203909	yes_for_at_least_one_PIP	DatasetS4	UMMZ	54.601149999999997	-110.1992333	SAMN42203909
UMMZ:Bird:244795	Oporornis agilis	not_provided; latitude_longitude_available	not_provided	GCA_009764595.1 (Geothlypis trichas)	NCBI SRA BioSample/accession SAMN42204395	yes_for_at_least_one_PIP	DatasetS4	UMMZ	54.601149999999997	-110.1992333	SAMN42204395
UMMZ:Bird:244796	Setophaga palmarum	not_provided; latitude_longitude_available	not_provided	GCA_001746935.2 (Setophaga coronata)	NCBI SRA BioSample/accession SAMN42204237	yes_for_at_least_one_PIP	DatasetS4	UMMZ	54.726649999999999	-110.0634333	SAMN42204237
UMMZ:Bird:244799	Vireo solitarius	not_provided; latitude_longitude_available	not_provided	GCA_020740725.1 (Corvus hawaiiensis)	NCBI SRA BioSample/accession SAMN42203910	yes_for_at_least_one_PIP	DatasetS4	UMMZ	54.661133329999998	-110.26268330000001	SAMN42203910
UMMZ:Bird:244801	Setophaga coronata	not_provided; latitude_longitude_available	not_provided	GCA_001746935.2 (Setophaga coronata)	NCBI SRA BioSample/accession SAMN42203705	yes_for_at_least_one_PIP	DatasetS4	UMMZ	54.661133329999998	-110.26268330000001	SAMN42203705
UMMZ:Bird:244804	Catharus guttatus	not_provided; latitude_longitude_available	not_provided	GCA_009819885.2 (Catharus ustulatus)	NCBI SRA BioSample/accession SAMN42203674	yes_for_at_least_one_PIP	DatasetS4	UMMZ	54.601149999999997	-110.1992333	SAMN42203674
UMMZ:Bird:244805	Zonotrichia albicollis	not_provided; latitude_longitude_available	not_provided	GCA_003829775.2 (Junco hyemalis)	NCBI SRA BioSample/accession SAMN42204081	yes_for_at_least_one_PIP	DatasetS4	UMMZ	54.601149999999997	-110.1992333	SAMN42204081
UMMZ:Bird:244806	Oporornis agilis	not_provided; latitude_longitude_available	not_provided	GCA_009764595.1 (Geothlypis trichas)	NCBI SRA BioSample/accession SAMN42204392	yes_for_at_least_one_PIP	DatasetS4	UMMZ	54.672416669999997	-110.1236	SAMN42204392
UMMZ:Bird:244807	Oporornis agilis	not_provided; latitude_longitude_available	not_provided	GCA_009764595.1 (Geothlypis trichas)	NCBI SRA BioSample/accession SAMN42204393	yes_for_at_least_one_PIP	DatasetS4	UMMZ	54.672416669999997	-110.1236	SAMN42204393
UMMZ:Bird:244808	Vireo solitarius	not_provided; latitude_longitude_available	not_provided	GCA_020740725.1 (Corvus hawaiiensis)	NCBI SRA BioSample/accession SAMN42203911	yes_for_at_least_one_PIP	DatasetS4	UMMZ	54.66523333	-110.1331167	SAMN42203911
UMMZ:Bird:244809	Vireo solitarius	not_provided; latitude_longitude_available	not_provided	GCA_020740725.1 (Corvus hawaiiensis)	NCBI SRA BioSample/accession SAMN42203912	yes_for_at_least_one_PIP	DatasetS4	UMMZ	54.66523333	-110.1331167	SAMN42203912
UMMZ:Bird:244810	Leiothlypis peregrina	not_provided; latitude_longitude_available	not_provided	GCA_001746935.2 (Setophaga coronata)	NCBI SRA BioSample/accession SAMN42230733	yes_for_at_least_one_PIP	DatasetS4	UMMZ	54.66523333	-110.1331167	SAMN42230733
UMMZ:Bird:244812	Catharus guttatus	not_provided; latitude_longitude_available	not_provided	GCA_009819885.2 (Catharus ustulatus)	NCBI SRA BioSample/accession SAMN42203729	yes_for_at_least_one_PIP	DatasetS4	UMMZ	54.66523333	-110.1331167	SAMN42203729
UMMZ:Bird:244813	Vireo olivaceus	not_provided; latitude_longitude_available	not_provided	GCA_020740725.1 (Corvus hawaiiensis)	NCBI SRA BioSample/accession SAMN42203862	yes_for_at_least_one_PIP	DatasetS4	UMMZ	54.622383329999998	-110.2201	SAMN42203862
UMMZ:Bird:245210	Corthylio calendula	not_provided; latitude_longitude_available	not_provided	GCA_018697195.1 (Certhia americana)	NCBI SRA BioSample/accession SAMN42203975	yes_for_at_least_one_PIP	DatasetS4	UMMZ	46.134	-88.997	SAMN42203975
UMMZ:Bird:245211	Catharus guttatus	not_provided; latitude_longitude_available	not_provided	GCA_009819885.2 (Catharus ustulatus)	NCBI SRA BioSample/accession SAMN42204098	yes_for_at_least_one_PIP	DatasetS4	UMMZ	46.134	-88.997	SAMN42204098
UMMZ:Bird:245212	Sphyrapicus varius	not_provided; latitude_longitude_available	not_provided	GCA_014839835.1 (Picoides pubescens)	NCBI SRA BioSample/accession SAMN42204043	yes_for_at_least_one_PIP	DatasetS4	UMMZ	46.134	-88.997	SAMN42204043
UMMZ:Bird:245213	Vireo solitarius	not_provided; latitude_longitude_available	not_provided	GCA_020740725.1 (Corvus hawaiiensis)	NCBI SRA BioSample/accession SAMN42203900	yes_for_at_least_one_PIP	DatasetS4	UMMZ	46.168999999999997	-89.066000000000003	SAMN42203900
UMMZ:Bird:245214	Zonotrichia albicollis	not_provided; latitude_longitude_available	not_provided	GCA_003829775.2 (Junco hyemalis)	NCBI SRA BioSample/accession SAMN42204091	yes_for_at_least_one_PIP	DatasetS4	UMMZ	46.168999999999997	-89.066000000000003	SAMN42204091
UMMZ:Bird:245215	Zonotrichia albicollis	not_provided; latitude_longitude_available	not_provided	GCA_003829775.2 (Junco hyemalis)	NCBI SRA BioSample/accession SAMN42204092	yes_for_at_least_one_PIP	DatasetS4	UMMZ	46.168999999999997	-89.066000000000003	SAMN42204092
UMMZ:Bird:245216	Zonotrichia albicollis	not_provided; latitude_longitude_available	not_provided	GCA_003829775.2 (Junco hyemalis)	NCBI SRA BioSample/accession SAMN42204093	yes_for_at_least_one_PIP	DatasetS4	UMMZ	46.168999999999997	-89.066000000000003	SAMN42204093
UMMZ:Bird:245219	Setophaga fusca	not_provided; latitude_longitude_available	not_provided	GCA_001746935.2 (Setophaga coronata)	NCBI SRA BioSample/accession SAMN42203823	yes_for_at_least_one_PIP	DatasetS4	UMMZ	46.168999999999997	-89.066000000000003	SAMN42203823
UMMZ:Bird:245220	Vireo solitarius	not_provided; latitude_longitude_available	not_provided	GCA_020740725.1 (Corvus hawaiiensis)	NCBI SRA BioSample/accession SAMN42203901	yes_for_at_least_one_PIP	DatasetS4	UMMZ	46.174999999999997	-89.001999999999995	SAMN42203901
UMMZ:Bird:245221	Sphyrapicus varius	not_provided; latitude_longitude_available	not_provided	GCA_014839835.1 (Picoides pubescens)	NCBI SRA BioSample/accession SAMN42204044	yes_for_at_least_one_PIP	DatasetS4	UMMZ	46.174999999999997	-89.001999999999995	SAMN42204044
UMMZ:Bird:245222	Troglodytes hiemalis	not_provided; latitude_longitude_available	not_provided	GCA_018697195.1 (Certhia americana)	NCBI SRA BioSample/accession SAMN42230994	yes_for_at_least_one_PIP	DatasetS4	UMMZ	46.174999999999997	-89.001999999999995	SAMN42230994
UMMZ:Bird:245223	Corthylio calendula	not_provided; latitude_longitude_available	not_provided	GCA_018697195.1 (Certhia americana)	NCBI SRA BioSample/accession SAMN42203976	yes_for_at_least_one_PIP	DatasetS4	UMMZ	46.15	-89.039000000000001	SAMN42203976
UMMZ:Bird:245224	Corthylio calendula	not_provided; latitude_longitude_available	not_provided	GCA_018697195.1 (Certhia americana)	NCBI SRA BioSample/accession SAMN42203977	yes_for_at_least_one_PIP	DatasetS4	UMMZ	46.127000000000002	-89.033000000000001	SAMN42203977
UMMZ:Bird:245225	Zonotrichia albicollis	not_provided; latitude_longitude_available	not_provided	GCA_003829775.2 (Junco hyemalis)	NCBI SRA BioSample/accession SAMN42204094	yes_for_at_least_one_PIP	DatasetS4	UMMZ	46.127000000000002	-89.033000000000001	SAMN42204094
UMMZ:Bird:245230	Zonotrichia albicollis	not_provided; latitude_longitude_available	not_provided	GCA_003829775.2 (Junco hyemalis)	NCBI SRA BioSample/accession SAMN42204286	yes_for_at_least_one_PIP	DatasetS4	UMMZ	46.256999999999998	-89.614999999999995	SAMN42204286
UMMZ:Bird:245231	Zonotrichia albicollis	not_provided; latitude_longitude_available	not_provided	GCA_003829775.2 (Junco hyemalis)	NCBI SRA BioSample/accession SAMN42204095	yes_for_at_least_one_PIP	DatasetS4	UMMZ	46.256999999999998	-89.614999999999995	SAMN42204095
UMMZ:Bird:245232	Zonotrichia albicollis	not_provided; latitude_longitude_available	not_provided	GCA_003829775.2 (Junco hyemalis)	NCBI SRA BioSample/accession SAMN42204287	yes_for_at_least_one_PIP	DatasetS4	UMMZ	46.256999999999998	-89.614999999999995	SAMN42204287
UMMZ:Bird:245233	Setophaga coronata	not_provided; latitude_longitude_available	not_provided	GCA_001746935.2 (Setophaga coronata)	NCBI SRA BioSample/accession SAMN42203794	yes_for_at_least_one_PIP	DatasetS4	UMMZ	46.256999999999998	-89.614999999999995	SAMN42203794
UMMZ:Bird:245234	Troglodytes hiemalis	not_provided; latitude_longitude_available	not_provided	GCA_018697195.1 (Certhia americana)	NCBI SRA BioSample/accession SAMN42204632	yes_for_at_least_one_PIP	DatasetS4	UMMZ	46.256999999999998	-89.614999999999995	SAMN42204632
UMMZ:Bird:245236	Sphyrapicus varius	not_provided; latitude_longitude_available	not_provided	GCA_014839835.1 (Picoides pubescens)	NCBI SRA BioSample/accession SAMN42204045	yes_for_at_least_one_PIP	DatasetS4	UMMZ	46.325000000000003	-89.620999999999995	SAMN42204045
UMMZ:Bird:245237	Sphyrapicus varius	not_provided; latitude_longitude_available	not_provided	GCA_014839835.1 (Picoides pubescens)	NCBI SRA BioSample/accession SAMN42204046	yes_for_at_least_one_PIP	DatasetS4	UMMZ	46.325000000000003	-89.620999999999995	SAMN42204046
UMMZ:Bird:245238	Setophaga virens	not_provided; latitude_longitude_available	not_provided	GCA_001746935.2 (Setophaga coronata)	NCBI SRA BioSample/accession SAMN42204631	yes_for_at_least_one_PIP	DatasetS4	UMMZ	46.325000000000003	-89.620999999999995	SAMN42204631
UMMZ:Bird:245240	Empidonax flaviventris	not_provided; latitude_longitude_available	not_provided	GCA_009829145.1 (Chiroxiphia lanceolata)	NCBI SRA BioSample/accession SAMN42204176	yes_for_at_least_one_PIP	DatasetS4	UMMZ	46.325000000000003	-89.629000000000005	SAMN42204176
UMMZ:Bird:245241	Empidonax alnorum	not_provided; latitude_longitude_available	not_provided	GCA_009829145.1 (Chiroxiphia lanceolata)	NCBI SRA BioSample/accession SAMN42204146	yes_for_at_least_one_PIP	DatasetS4	UMMZ	46.325000000000003	-89.629000000000005	SAMN42204146
UMMZ:Bird:245243	Setophaga fusca	not_provided; latitude_longitude_available	not_provided	GCA_001746935.2 (Setophaga coronata)	NCBI SRA BioSample/accession SAMN42203824	yes_for_at_least_one_PIP	DatasetS4	UMMZ	46.445999999999998	-89.691000000000003	SAMN42203824
UMMZ:Bird:245245	Setophaga virens	not_provided; latitude_longitude_available	not_provided	GCA_001746935.2 (Setophaga coronata)	NCBI SRA BioSample/accession SAMN42204630	yes_for_at_least_one_PIP	DatasetS4	UMMZ	46.445999999999998	-89.691000000000003	SAMN42204630
UMMZ:Bird:245248	Setophaga coronata	not_provided; latitude_longitude_available	not_provided	GCA_001746935.2 (Setophaga coronata)	NCBI SRA BioSample/accession SAMN42204016	yes_for_at_least_one_PIP	DatasetS4	UMMZ	46.326000000000001	-89.622	SAMN42204016
UMMZ:Bird:245249	Setophaga virens	not_provided; latitude_longitude_available	not_provided	GCA_001746935.2 (Setophaga coronata)	NCBI SRA BioSample/accession SAMN42204432	yes_for_at_least_one_PIP	DatasetS4	UMMZ	46.326000000000001	-89.622	SAMN42204432
UMMZ:Bird:245250	Zonotrichia albicollis	not_provided; latitude_longitude_available	not_provided	GCA_003829775.2 (Junco hyemalis)	NCBI SRA BioSample/accession SAMN42204288	yes_for_at_least_one_PIP	DatasetS4	UMMZ	46.325000000000003	-89.629000000000005	SAMN42204288
UMMZ:Bird:245252	Empidonax alnorum	not_provided; latitude_longitude_available	not_provided	GCA_009829145.1 (Chiroxiphia lanceolata)	NCBI SRA BioSample/accession SAMN42204144	yes_for_at_least_one_PIP	DatasetS4	UMMZ	46.325000000000003	-89.629000000000005	SAMN42204144
UMMZ:Bird:245253	Empidonax alnorum	not_provided; latitude_longitude_available	not_provided	GCA_009829145.1 (Chiroxiphia lanceolata)	NCBI SRA BioSample/accession SAMN42204145	yes_for_at_least_one_PIP	DatasetS4	UMMZ	46.325000000000003	-89.629000000000005	SAMN42204145
UMMZ:Bird:245254	Setophaga tigrina	not_provided; latitude_longitude_available	not_provided	GCA_001746935.2 (Setophaga coronata)	NCBI SRA BioSample/accession SAMN42231310	yes_for_at_least_one_PIP	DatasetS4	UMMZ	46.325000000000003	-89.629000000000005	SAMN42231310
UMMZ:Bird:245256	Empidonax flaviventris	not_provided; latitude_longitude_available	not_provided	GCA_009829145.1 (Chiroxiphia lanceolata)	NCBI SRA BioSample/accession SAMN42204175	yes_for_at_least_one_PIP	DatasetS4	UMMZ	46.325000000000003	-89.629000000000005	SAMN42204175
UMMZ:Bird:245258	Setophaga fusca	not_provided; latitude_longitude_available	not_provided	GCA_001746935.2 (Setophaga coronata)	NCBI SRA BioSample/accession SAMN42203825	yes_for_at_least_one_PIP	DatasetS4	UMMZ	46.325000000000003	-89.629000000000005	SAMN42203825
UMMZ:Bird:245259	Vireo solitarius	not_provided; latitude_longitude_available	not_provided	GCA_020740725.1 (Corvus hawaiiensis)	NCBI SRA BioSample/accession SAMN42203902	yes_for_at_least_one_PIP	DatasetS4	UMMZ	46.354999999999997	-88.953000000000003	SAMN42203902
UMMZ:Bird:245260	Vireo olivaceus	not_provided; latitude_longitude_available	not_provided	GCA_020740725.1 (Corvus hawaiiensis)	NCBI SRA BioSample/accession SAMN42204063	yes_for_at_least_one_PIP	DatasetS4	UMMZ	46.354999999999997	-88.953000000000003	SAMN42204063
UMMZ:Bird:245261	Junco hyemalis	not_provided; latitude_longitude_available	not_provided	GCA_003829775.2 (Junco hyemalis)	NCBI SRA BioSample/accession SAMN42204383	yes_for_at_least_one_PIP	DatasetS4	UMMZ	46.618000000000002	-88.593999999999994	SAMN42204383
UMMZ:Bird:245262	Setophaga coronata	not_provided; latitude_longitude_available	not_provided	GCA_001746935.2 (Setophaga coronata)	NCBI SRA BioSample/accession SAMN42203795	yes_for_at_least_one_PIP	DatasetS4	UMMZ	46.622	-88.570999999999998	SAMN42203795
UMMZ:Bird:245263	Melospiza lincolnii	not_provided; latitude_longitude_available	not_provided	GCA_003829775.2 (Junco hyemalis)	NCBI SRA BioSample/accession SAMN42204183	yes_for_at_least_one_PIP	DatasetS4	UMMZ	46.622	-88.570999999999998	SAMN42204183
UMMZ:Bird:245264	Melospiza lincolnii	not_provided; latitude_longitude_available	not_provided	GCA_003829775.2 (Junco hyemalis)	NCBI SRA BioSample/accession SAMN42203943	yes_for_at_least_one_PIP	DatasetS4	UMMZ	46.622	-88.570999999999998	SAMN42203943
UMMZ:Bird:245265	Melospiza lincolnii	not_provided; latitude_longitude_available	not_provided	GCA_003829775.2 (Junco hyemalis)	NCBI SRA BioSample/accession SAMN42203944	yes_for_at_least_one_PIP	DatasetS4	UMMZ	46.622	-88.570999999999998	SAMN42203944
UMMZ:Bird:245266	Melospiza lincolnii	not_provided; latitude_longitude_available	not_provided	GCA_003829775.2 (Junco hyemalis)	NCBI SRA BioSample/accession SAMN42203945	yes_for_at_least_one_PIP	DatasetS4	UMMZ	46.622	-88.570999999999998	SAMN42203945
UMMZ:Bird:245269	Setophaga coronata	not_provided; latitude_longitude_available	not_provided	GCA_001746935.2 (Setophaga coronata)	NCBI SRA BioSample/accession SAMN42203796	yes_for_at_least_one_PIP	DatasetS4	UMMZ	46.622	-88.570999999999998	SAMN42203796
UMMZ:Bird:245270	Junco hyemalis	not_provided; latitude_longitude_available	not_provided	GCA_003829775.2 (Junco hyemalis)	NCBI SRA BioSample/accession SAMN42204376	yes_for_at_least_one_PIP	DatasetS4	UMMZ	46.622	-88.570999999999998	SAMN42204376
UMMZ:Bird:245271	Junco hyemalis	not_provided; latitude_longitude_available	not_provided	GCA_003829775.2 (Junco hyemalis)	NCBI SRA BioSample/accession SAMN42204375	yes_for_at_least_one_PIP	DatasetS4	UMMZ	46.631	-88.597999999999999	SAMN42204375
UMMZ:Bird:245272	Setophaga palmarum	not_provided; latitude_longitude_available	not_provided	GCA_001746935.2 (Setophaga coronata)	NCBI SRA BioSample/accession SAMN42204250	yes_for_at_least_one_PIP	DatasetS4	UMMZ	46.631	-88.597999999999999	SAMN42204250
UMMZ:Bird:245273	Setophaga coronata	not_provided; latitude_longitude_available	not_provided	GCA_001746935.2 (Setophaga coronata)	NCBI SRA BioSample/accession SAMN42203797	yes_for_at_least_one_PIP	DatasetS4	UMMZ	46.652999999999999	-88.569000000000003	SAMN42203797
UMMZ:Bird:245274	Junco hyemalis	not_provided; latitude_longitude_available	not_provided	GCA_003829775.2 (Junco hyemalis)	NCBI SRA BioSample/accession SAMN42204377	yes_for_at_least_one_PIP	DatasetS4	UMMZ	46.631	-88.597999999999999	SAMN42204377
UMMZ:Bird:245275	Corthylio calendula	not_provided; latitude_longitude_available	not_provided	GCA_018697195.1 (Certhia americana)	NCBI SRA BioSample/accession SAMN42203978	yes_for_at_least_one_PIP	DatasetS4	UMMZ	46.615000000000002	-88.555999999999997	SAMN42203978
UMMZ:Bird:245277	Setophaga palmarum	not_provided; latitude_longitude_available	not_provided	GCA_001746935.2 (Setophaga coronata)	NCBI SRA BioSample/accession SAMN42204257	yes_for_at_least_one_PIP	DatasetS4	UMMZ	46.615000000000002	-88.555999999999997	SAMN42204257
UMMZ:Bird:245280	Setophaga palmarum	not_provided; latitude_longitude_available	not_provided	GCA_001746935.2 (Setophaga coronata)	NCBI SRA BioSample/accession SAMN42204256	yes_for_at_least_one_PIP	DatasetS4	UMMZ	46.631	-88.597999999999999	SAMN42204256
UMMZ:Bird:245281	Setophaga palmarum	not_provided; latitude_longitude_available	not_provided	GCA_001746935.2 (Setophaga coronata)	NCBI SRA BioSample/accession SAMN42204258	yes_for_at_least_one_PIP	DatasetS4	UMMZ	46.603999999999999	-88.575999999999993	SAMN42204258
UMMZ:Bird:245282	Junco hyemalis	not_provided; latitude_longitude_available	not_provided	GCA_003829775.2 (Junco hyemalis)	NCBI SRA BioSample/accession SAMN42204384	yes_for_at_least_one_PIP	DatasetS4	UMMZ	46.603999999999999	-88.575999999999993	SAMN42204384
UMMZ:Bird:245283	Melospiza lincolnii	not_provided; latitude_longitude_available	not_provided	GCA_003829775.2 (Junco hyemalis)	NCBI SRA BioSample/accession SAMN42203946	yes_for_at_least_one_PIP	DatasetS4	UMMZ	46.603999999999999	-88.575999999999993	SAMN42203946
UMMZ:Bird:245284	Setophaga palmarum	not_provided; latitude_longitude_available	not_provided	GCA_001746935.2 (Setophaga coronata)	NCBI SRA BioSample/accession SAMN42204254	yes_for_at_least_one_PIP	DatasetS4	UMMZ	46.615000000000002	-88.555999999999997	SAMN42204254
UMMZ:Bird:245286	Melospiza lincolnii	not_provided; latitude_longitude_available	not_provided	GCA_003829775.2 (Junco hyemalis)	NCBI SRA BioSample/accession SAMN42203947	yes_for_at_least_one_PIP	DatasetS4	UMMZ	46.615000000000002	-88.555999999999997	SAMN42203947
UMMZ:Bird:245287	Melospiza lincolnii	not_provided; latitude_longitude_available	not_provided	GCA_003829775.2 (Junco hyemalis)	NCBI SRA BioSample/accession SAMN42203948	yes_for_at_least_one_PIP	DatasetS4	UMMZ	46.615000000000002	-88.555999999999997	SAMN42203948
UMMZ:Bird:245288	Setophaga palmarum	not_provided; latitude_longitude_available	not_provided	GCA_001746935.2 (Setophaga coronata)	NCBI SRA BioSample/accession SAMN42204252	yes_for_at_least_one_PIP	DatasetS4	UMMZ	46.615000000000002	-88.555999999999997	SAMN42204252
UMMZ:Bird:245289	Setophaga magnolia	not_provided; latitude_longitude_available	not_provided	GCA_001746935.2 (Setophaga coronata)	NCBI SRA BioSample/accession SAMN42204552	yes_for_at_least_one_PIP	DatasetS4	UMMZ	46.615000000000002	-88.555999999999997	SAMN42204552
UMMZ:Bird:245290	Melospiza lincolnii	not_provided; latitude_longitude_available	not_provided	GCA_003829775.2 (Junco hyemalis)	NCBI SRA BioSample/accession SAMN42203949	yes_for_at_least_one_PIP	DatasetS4	UMMZ	46.615000000000002	-88.555999999999997	SAMN42203949
UMMZ:Bird:245292	Corthylio calendula	not_provided; latitude_longitude_available	not_provided	GCA_018697195.1 (Certhia americana)	NCBI SRA BioSample/accession SAMN42204197	yes_for_at_least_one_PIP	DatasetS4	UMMZ	46.390999999999998	-88.531999999999996	SAMN42204197
UMMZ:Bird:245293	Vireo solitarius	not_provided; latitude_longitude_available	not_provided	GCA_020740725.1 (Corvus hawaiiensis)	NCBI SRA BioSample/accession SAMN42204065	yes_for_at_least_one_PIP	DatasetS4	UMMZ	46.390999999999998	-88.531999999999996	SAMN42204065
UMMZ:Bird:245298	Setophaga palmarum	not_provided; latitude_longitude_available	not_provided	GCA_001746935.2 (Setophaga coronata)	NCBI SRA BioSample/accession SAMN42204251	yes_for_at_least_one_PIP	DatasetS4	UMMZ	46.615000000000002	-88.555999999999997	SAMN42204251
UMMZ:Bird:245300	Leiothlypis ruficapilla	not_provided; latitude_longitude_available	not_provided	GCA_001746935.2 (Setophaga coronata)	NCBI SRA BioSample/accession SAMN42230790	yes_for_at_least_one_PIP	DatasetS4	UMMZ	46.622	-88.570999999999998	SAMN42230790
UMMZ:Bird:245305	Setophaga tigrina	not_provided; latitude_longitude_available	not_provided	GCA_001746935.2 (Setophaga coronata)	NCBI SRA BioSample/accession SAMN42204610	yes_for_at_least_one_PIP	DatasetS4	UMMZ	46.582999999999998	-88.793000000000006	SAMN42204610
UMMZ:Bird:245306	Catharus ustulatus	not_provided; latitude_longitude_available	not_provided	GCA_009819885.2 (Catharus ustulatus)	NCBI SRA BioSample/accession SAMN42203784	yes_for_at_least_one_PIP	DatasetS4	UMMZ	46.582999999999998	-88.793000000000006	SAMN42203784
UMMZ:Bird:245308	Setophaga fusca	not_provided; latitude_longitude_available	not_provided	GCA_001746935.2 (Setophaga coronata)	NCBI SRA BioSample/accession SAMN42203826	yes_for_at_least_one_PIP	DatasetS4	UMMZ	46.582999999999998	-88.793000000000006	SAMN42203826
UMMZ:Bird:245310	Geothlypis philadelphia	not_provided; latitude_longitude_available	not_provided	GCA_009764595.1 (Geothlypis trichas)	NCBI SRA BioSample/accession SAMN42204334	yes_for_at_least_one_PIP	DatasetS4	UMMZ	46.582999999999998	-88.793000000000006	SAMN42204334
UMMZ:Bird:245312	Setophaga pensylvanica	not_provided; latitude_longitude_available	not_provided	GCA_001746935.2 (Setophaga coronata)	NCBI SRA BioSample/accession SAMN42204588	yes_for_at_least_one_PIP	DatasetS4	UMMZ	46.582999999999998	-88.793000000000006	SAMN42204588
UMMZ:Bird:245313	Junco hyemalis	not_provided; latitude_longitude_available	not_provided	GCA_003829775.2 (Junco hyemalis)	NCBI SRA BioSample/accession SAMN42204372	yes_for_at_least_one_PIP	DatasetS4	UMMZ	46.582999999999998	-88.793000000000006	SAMN42204372
UMMZ:Bird:245314	Setophaga tigrina	not_provided; latitude_longitude_available	not_provided	GCA_001746935.2 (Setophaga coronata)	NCBI SRA BioSample/accession SAMN42204612	yes_for_at_least_one_PIP	DatasetS4	UMMZ	46.582999999999998	-88.793000000000006	SAMN42204612
UMMZ:Bird:245316	Catharus guttatus	not_provided; latitude_longitude_available	not_provided	GCA_009819885.2 (Catharus ustulatus)	NCBI SRA BioSample/accession SAMN42203743	yes_for_at_least_one_PIP	DatasetS4	UMMZ	46.555999999999997	-88.653000000000006	SAMN42203743
UMMZ:Bird:245317	Junco hyemalis	not_provided; latitude_longitude_available	not_provided	GCA_003829775.2 (Junco hyemalis)	NCBI SRA BioSample/accession SAMN42204381	yes_for_at_least_one_PIP	DatasetS4	UMMZ	46.555999999999997	-88.653000000000006	SAMN42204381
UMMZ:Bird:245318	Setophaga fusca	not_provided; latitude_longitude_available	not_provided	GCA_001746935.2 (Setophaga coronata)	NCBI SRA BioSample/accession SAMN42203827	yes_for_at_least_one_PIP	DatasetS4	UMMZ	46.582999999999998	-88.793000000000006	SAMN42203827
UMMZ:Bird:245319	Setophaga tigrina	not_provided; latitude_longitude_available	not_provided	GCA_001746935.2 (Setophaga coronata)	NCBI SRA BioSample/accession SAMN42230870	yes_for_at_least_one_PIP	DatasetS4	UMMZ	46.582999999999998	-88.793000000000006	SAMN42230870
UMMZ:Bird:245320	Leiothlypis ruficapilla	not_provided; latitude_longitude_available	not_provided	GCA_001746935.2 (Setophaga coronata)	NCBI SRA BioSample/accession SAMN42230789	yes_for_at_least_one_PIP	DatasetS4	UMMZ	46.582999999999998	-88.793000000000006	SAMN42230789
UMMZ:Bird:245321	Setophaga magnolia	not_provided; latitude_longitude_available	not_provided	GCA_001746935.2 (Setophaga coronata)	NCBI SRA BioSample/accession SAMN42230858	yes_for_at_least_one_PIP	DatasetS4	UMMZ	46.582999999999998	-88.793000000000006	SAMN42230858
UMMZ:Bird:245322	Setophaga fusca	not_provided; latitude_longitude_available	not_provided	GCA_001746935.2 (Setophaga coronata)	NCBI SRA BioSample/accession SAMN42203828	yes_for_at_least_one_PIP	DatasetS4	UMMZ	46.582999999999998	-88.793000000000006	SAMN42203828
UMMZ:Bird:245323	Setophaga fusca	not_provided; latitude_longitude_available	not_provided	GCA_001746935.2 (Setophaga coronata)	NCBI SRA BioSample/accession SAMN42203829	yes_for_at_least_one_PIP	DatasetS4	UMMZ	46.582999999999998	-88.793000000000006	SAMN42203829
UMMZ:Bird:245328	Setophaga magnolia	not_provided; latitude_longitude_available	not_provided	GCA_001746935.2 (Setophaga coronata)	NCBI SRA BioSample/accession SAMN42204550	yes_for_at_least_one_PIP	DatasetS4	UMMZ	46.582999999999998	-88.793000000000006	SAMN42204550
UMMZ:Bird:245329	Setophaga tigrina	not_provided; latitude_longitude_available	not_provided	GCA_001746935.2 (Setophaga coronata)	NCBI SRA BioSample/accession SAMN42204611	yes_for_at_least_one_PIP	DatasetS4	UMMZ	46.582999999999998	-88.793000000000006	SAMN42204611
UMMZ:Bird:245330	Corthylio calendula	not_provided; latitude_longitude_available	not_provided	GCA_018697195.1 (Certhia americana)	NCBI SRA BioSample/accession SAMN42203979	yes_for_at_least_one_PIP	DatasetS4	UMMZ	46.582999999999998	-88.793000000000006	SAMN42203979
UMMZ:Bird:245332	Geothlypis philadelphia	not_provided; latitude_longitude_available	not_provided	GCA_009764595.1 (Geothlypis trichas)	NCBI SRA BioSample/accession SAMN42204333	yes_for_at_least_one_PIP	DatasetS4	UMMZ	46.582999999999998	-88.793000000000006	SAMN42204333
UMMZ:Bird:245333	Geothlypis philadelphia	not_provided; latitude_longitude_available	not_provided	GCA_009764595.1 (Geothlypis trichas)	NCBI SRA BioSample/accession SAMN42204335	yes_for_at_least_one_PIP	DatasetS4	UMMZ	46.582999999999998	-88.793000000000006	SAMN42204335
UMMZ:Bird:245335	Cardellina canadensis	not_provided; latitude_longitude_available	not_provided	GCA_001746935.2 (Setophaga coronata)	NCBI SRA BioSample/accession SAMN42204468	yes_for_at_least_one_PIP	DatasetS4	UMMZ	46.325000000000003	-89.629000000000005	SAMN42204468
UMMZ:Bird:245336	Empidonax minimus	not_provided; latitude_longitude_available	not_provided	GCA_009829145.1 (Chiroxiphia lanceolata)	NCBI SRA BioSample/accession SAMN42204498	yes_for_at_least_one_PIP	DatasetS4	UMMZ	46.180999999999997	-87.751999999999995	SAMN42204498
UMMZ:Bird:245337	Leiothlypis peregrina	not_provided; latitude_longitude_available	not_provided	GCA_001746935.2 (Setophaga coronata)	NCBI SRA BioSample/accession SAMN42230749	yes_for_at_least_one_PIP	DatasetS4	UMMZ	48.014000000000003	-90.245999999999995	SAMN42230749
UMMZ:Bird:245343	Catharus ustulatus	not_provided; latitude_longitude_available	not_provided	GCA_009819885.2 (Catharus ustulatus)	NCBI SRA BioSample/accession SAMN42231183	yes_for_at_least_one_PIP	DatasetS4	UMMZ	47.972000000000001	-90.204999999999998	SAMN42231183
UMMZ:Bird:245344	Zonotrichia albicollis	not_provided; latitude_longitude_available	not_provided	GCA_003829775.2 (Junco hyemalis)	NCBI SRA BioSample/accession SAMN42204096	yes_for_at_least_one_PIP	DatasetS4	UMMZ	47.988	-90.185000000000002	SAMN42204096
UMMZ:Bird:245345	Catharus ustulatus	not_provided; latitude_longitude_available	not_provided	GCA_009819885.2 (Catharus ustulatus)	NCBI SRA BioSample/accession SAMN42203772	yes_for_at_least_one_PIP	DatasetS4	UMMZ	47.988	-90.185000000000002	SAMN42203772
UMMZ:Bird:245346	Catharus ustulatus	not_provided; latitude_longitude_available	not_provided	GCA_009819885.2 (Catharus ustulatus)	NCBI SRA BioSample/accession SAMN42231184	yes_for_at_least_one_PIP	DatasetS4	UMMZ	47.988	-90.185000000000002	SAMN42231184
UMMZ:Bird:245349	Zonotrichia albicollis	not_provided; latitude_longitude_available	not_provided	GCA_003829775.2 (Junco hyemalis)	NCBI SRA BioSample/accession SAMN42204097	yes_for_at_least_one_PIP	DatasetS4	UMMZ	47.988	-90.185000000000002	SAMN42204097
UMMZ:Bird:245350	Catharus ustulatus	not_provided; latitude_longitude_available	not_provided	GCA_009819885.2 (Catharus ustulatus)	NCBI SRA BioSample/accession SAMN42231182	yes_for_at_least_one_PIP	DatasetS4	UMMZ	47.988	-90.185000000000002	SAMN42231182
UMMZ:Bird:245355	Zonotrichia albicollis	not_provided; latitude_longitude_available	not_provided	GCA_003829775.2 (Junco hyemalis)	NCBI SRA BioSample/accession SAMN42204289	yes_for_at_least_one_PIP	DatasetS4	UMMZ	48.024000000000001	-90.441999999999993	SAMN42204289
UMMZ:Bird:245356	Catharus guttatus	not_provided; latitude_longitude_available	not_provided	GCA_009819885.2 (Catharus ustulatus)	NCBI SRA BioSample/accession SAMN42203740	yes_for_at_least_one_PIP	DatasetS4	UMMZ	47.996000000000002	-90.397999999999996	SAMN42203740
UMMZ:Bird:245357	Leiothlypis peregrina	not_provided; latitude_longitude_available	not_provided	GCA_001746935.2 (Setophaga coronata)	NCBI SRA BioSample/accession SAMN42230746	yes_for_at_least_one_PIP	DatasetS4	UMMZ	47.637	-91.091999999999999	SAMN42230746
UMMZ:Bird:245358	Leiothlypis peregrina	not_provided; latitude_longitude_available	not_provided	GCA_001746935.2 (Setophaga coronata)	NCBI SRA BioSample/accession SAMN42230745	yes_for_at_least_one_PIP	DatasetS4	UMMZ	47.706000000000003	-90.960999999999999	SAMN42230745
UMMZ:Bird:245360	Leiothlypis peregrina	not_provided; latitude_longitude_available	not_provided	GCA_001746935.2 (Setophaga coronata)	NCBI SRA BioSample/accession SAMN42230748	yes_for_at_least_one_PIP	DatasetS4	UMMZ	47.637	-91.091999999999999	SAMN42230748
UMMZ:Bird:245361	Catharus guttatus	not_provided; latitude_longitude_available	not_provided	GCA_009819885.2 (Catharus ustulatus)	NCBI SRA BioSample/accession SAMN42203777	yes_for_at_least_one_PIP	DatasetS4	UMMZ	47.712000000000003	-91.203000000000003	SAMN42203777
UMMZ:Bird:245363	Leiothlypis peregrina	not_provided; latitude_longitude_available	not_provided	GCA_001746935.2 (Setophaga coronata)	NCBI SRA BioSample/accession SAMN42230747	yes_for_at_least_one_PIP	DatasetS4	UMMZ	47.652999999999999	-91.049000000000007	SAMN42230747
UMMZ:Bird:245364	Catharus guttatus	not_provided; latitude_longitude_available	not_provided	GCA_009819885.2 (Catharus ustulatus)	NCBI SRA BioSample/accession SAMN42203741	yes_for_at_least_one_PIP	DatasetS4	UMMZ	47.652999999999999	-91.049000000000007	SAMN42203741
UMMZ:Bird:245367	Setophaga castanea	not_provided; latitude_longitude_available	not_provided	GCA_001746935.2 (Setophaga coronata)	NCBI SRA BioSample/accession SAMN42230847	yes_for_at_least_one_PIP	DatasetS4	UMMZ	47.478999999999999	-91.531000000000006	SAMN42230847
UMMZ:Bird:245368	Setophaga castanea	not_provided; latitude_longitude_available	not_provided	GCA_001746935.2 (Setophaga coronata)	NCBI SRA BioSample/accession SAMN42230848	yes_for_at_least_one_PIP	DatasetS4	UMMZ	47.478999999999999	-91.531000000000006	SAMN42230848
UMMZ:Bird:245830	Empidonax minimus	not_provided; latitude_longitude_available	not_provided	GCA_009829145.1 (Chiroxiphia lanceolata)	NCBI SRA BioSample/accession SAMN42204501	yes_for_at_least_one_PIP	DatasetS4	UMMZ	46.199469999999998	-89.044380000000004	SAMN42204501
UMMZ:Bird:245831	Empidonax minimus	not_provided; latitude_longitude_available	not_provided	GCA_009829145.1 (Chiroxiphia lanceolata)	NCBI SRA BioSample/accession SAMN42204496	yes_for_at_least_one_PIP	DatasetS4	UMMZ	46.199469999999998	-89.044380000000004	SAMN42204496
UMMZ:Bird:245832	Empidonax minimus	not_provided; latitude_longitude_available	not_provided	GCA_009829145.1 (Chiroxiphia lanceolata)	NCBI SRA BioSample/accession SAMN42204300	yes_for_at_least_one_PIP	DatasetS4	UMMZ	46.199469999999998	-89.044380000000004	SAMN42204300
UMMZ:Bird:245837	Empidonax minimus	not_provided; latitude_longitude_available	not_provided	GCA_009829145.1 (Chiroxiphia lanceolata)	NCBI SRA BioSample/accession SAMN42204500	yes_for_at_least_one_PIP	DatasetS4	UMMZ	46.124310000000001	-89.024010000000004	SAMN42204500
UMMZ:Bird:245838	Empidonax minimus	not_provided; latitude_longitude_available	not_provided	GCA_009829145.1 (Chiroxiphia lanceolata)	NCBI SRA BioSample/accession SAMN42204502	yes_for_at_least_one_PIP	DatasetS4	UMMZ	46.124310000000001	-89.024010000000004	SAMN42204502
UMMZ:Bird:245842	Leiothlypis ruficapilla	not_provided; latitude_longitude_available	not_provided	GCA_001746935.2 (Setophaga coronata)	NCBI SRA BioSample/accession SAMN42230791	yes_for_at_least_one_PIP	DatasetS4	UMMZ	46.160350000000001	-89.044520000000006	SAMN42230791
UMMZ:Bird:245843	Vireo olivaceus	not_provided; latitude_longitude_available	not_provided	GCA_020740725.1 (Corvus hawaiiensis)	NCBI SRA BioSample/accession SAMN42204272	yes_for_at_least_one_PIP	DatasetS4	UMMZ	46.160350000000001	-89.044520000000006	SAMN42204272
UMMZ:Bird:245845	Leiothlypis ruficapilla	not_provided; latitude_longitude_available	not_provided	GCA_001746935.2 (Setophaga coronata)	NCBI SRA BioSample/accession SAMN42230788	yes_for_at_least_one_PIP	DatasetS4	UMMZ	46.160350000000001	-89.044520000000006	SAMN42230788
UMMZ:Bird:245850	Catharus guttatus	not_provided; latitude_longitude_available	not_provided	GCA_009819885.2 (Catharus ustulatus)	NCBI SRA BioSample/accession SAMN42203744	yes_for_at_least_one_PIP	DatasetS4	UMMZ	46.160350000000001	-89.044520000000006	SAMN42203744
UMMZ:Bird:245851	Geothlypis philadelphia	not_provided; latitude_longitude_available	not_provided	GCA_009764595.1 (Geothlypis trichas)	NCBI SRA BioSample/accession SAMN42204337	yes_for_at_least_one_PIP	DatasetS4	UMMZ	46.160350000000001	-89.044520000000006	SAMN42204337
UMMZ:Bird:245852	Vireo olivaceus	not_provided; latitude_longitude_available	not_provided	GCA_020740725.1 (Corvus hawaiiensis)	NCBI SRA BioSample/accession SAMN42203870	yes_for_at_least_one_PIP	DatasetS4	UMMZ	46.160350000000001	-89.044520000000006	SAMN42203870
UMMZ:Bird:245853	Catharus guttatus	not_provided; latitude_longitude_available	not_provided	GCA_009819885.2 (Catharus ustulatus)	NCBI SRA BioSample/accession SAMN42203745	yes_for_at_least_one_PIP	DatasetS4	UMMZ	46.66019	-88.869249999999994	SAMN42203745
UMMZ:Bird:245854	Troglodytes hiemalis	not_provided; latitude_longitude_available	not_provided	GCA_018697195.1 (Certhia americana)	NCBI SRA BioSample/accession SAMN42230995	yes_for_at_least_one_PIP	DatasetS4	UMMZ	46.66019	-88.869249999999994	SAMN42230995
UMMZ:Bird:245856	Vireo olivaceus	not_provided; latitude_longitude_available	not_provided	GCA_020740725.1 (Corvus hawaiiensis)	NCBI SRA BioSample/accession SAMN42203871	yes_for_at_least_one_PIP	DatasetS4	UMMZ	46.66019	-88.869249999999994	SAMN42203871
UMMZ:Bird:245858	Vireo olivaceus	not_provided; latitude_longitude_available	not_provided	GCA_020740725.1 (Corvus hawaiiensis)	NCBI SRA BioSample/accession SAMN42203872	yes_for_at_least_one_PIP	DatasetS4	UMMZ	46.66019	-88.869249999999994	SAMN42203872
UMMZ:Bird:245859	Catharus guttatus	not_provided; latitude_longitude_available	not_provided	GCA_009819885.2 (Catharus ustulatus)	NCBI SRA BioSample/accession SAMN42203746	yes_for_at_least_one_PIP	DatasetS4	UMMZ	46.66019	-88.869249999999994	SAMN42203746
UMMZ:Bird:245863	Geothlypis philadelphia	not_provided; latitude_longitude_available	not_provided	GCA_009764595.1 (Geothlypis trichas)	NCBI SRA BioSample/accession SAMN42204336	yes_for_at_least_one_PIP	DatasetS4	UMMZ	46.66019	-88.869249999999994	SAMN42204336
UMMZ:Bird:245864	Vireo olivaceus	not_provided; latitude_longitude_available	not_provided	GCA_020740725.1 (Corvus hawaiiensis)	NCBI SRA BioSample/accession SAMN42203873	yes_for_at_least_one_PIP	DatasetS4	UMMZ	46.66019	-88.869249999999994	SAMN42203873
UMMZ:Bird:245880	Setophaga fusca	not_provided; latitude_longitude_available	not_provided	GCA_001746935.2 (Setophaga coronata)	NCBI SRA BioSample/accession SAMN42203830	yes_for_at_least_one_PIP	DatasetS4	UMMZ	46.66019	-88.869249999999994	SAMN42203830
UMMZ:Bird:245881	Sphyrapicus varius	not_provided; latitude_longitude_available	not_provided	GCA_014839835.1 (Picoides pubescens)	NCBI SRA BioSample/accession SAMN42204269	yes_for_at_least_one_PIP	DatasetS4	UMMZ	46.66019	-88.869249999999994	SAMN42204269
UMMZ:Bird:245882	Sphyrapicus varius	not_provided; latitude_longitude_available	not_provided	GCA_014839835.1 (Picoides pubescens)	NCBI SRA BioSample/accession SAMN42204271	yes_for_at_least_one_PIP	DatasetS4	UMMZ	46.66019	-88.869249999999994	SAMN42204271
UMMZ:Bird:245883	Sphyrapicus varius	not_provided; latitude_longitude_available	not_provided	GCA_014839835.1 (Picoides pubescens)	NCBI SRA BioSample/accession SAMN42204047	yes_for_at_least_one_PIP	DatasetS4	UMMZ	46.66019	-88.869249999999994	SAMN42204047
UMMZ:Bird:245889	Setophaga pensylvanica	not_provided; latitude_longitude_available	not_provided	GCA_001746935.2 (Setophaga coronata)	NCBI SRA BioSample/accession SAMN42204408	yes_for_at_least_one_PIP	DatasetS4	UMMZ	46.609774999999999	-88.864570000000001	SAMN42204408
UMMZ:Bird:245916	Troglodytes hiemalis	not_provided; latitude_longitude_available	not_provided	GCA_018697195.1 (Certhia americana)	NCBI SRA BioSample/accession SAMN42230991	yes_for_at_least_one_PIP	DatasetS4	UMMZ	46.66019	-88.869249999999994	SAMN42230991
UMMZ:Bird:245919	Catharus ustulatus	not_provided; latitude_longitude_available	not_provided	GCA_009819885.2 (Catharus ustulatus)	NCBI SRA BioSample/accession SAMN42203770	yes_for_at_least_one_PIP	DatasetS4	UMMZ	46.66019	-88.869249999999994	SAMN42203770
UMMZ:Bird:245924	Catharus ustulatus	not_provided; latitude_longitude_available	not_provided	GCA_009819885.2 (Catharus ustulatus)	NCBI SRA BioSample/accession SAMN42203771	yes_for_at_least_one_PIP	DatasetS4	UMMZ	46.66019	-88.869249999999994	SAMN42203771
UMMZ:Bird:245925	Catharus fuscescens	not_provided; latitude_longitude_available	not_provided	GCA_009819885.2 (Catharus ustulatus)	NCBI SRA BioSample/accession SAMN38349655	yes_for_at_least_one_PIP	DatasetS4	UMMZ	46.660097	-88.869010000000003	SAMN38349655
UMMZ:Bird:245932	Setophaga coronata	not_provided; latitude_longitude_available	not_provided	GCA_001746935.2 (Setophaga coronata)	NCBI SRA BioSample/accession SAMN42203812	yes_for_at_least_one_PIP	DatasetS4	UMMZ	46.609774999999999	-88.864570000000001	SAMN42203812
UMMZ:Bird:245935	Leiothlypis ruficapilla	not_provided; latitude_longitude_available	not_provided	GCA_001746935.2 (Setophaga coronata)	NCBI SRA BioSample/accession SAMN42230792	yes_for_at_least_one_PIP	DatasetS4	UMMZ	46.609774999999999	-88.864570000000001	SAMN42230792
UMMZ:Bird:245937	Setophaga coronata	not_provided; latitude_longitude_available	not_provided	GCA_001746935.2 (Setophaga coronata)	NCBI SRA BioSample/accession SAMN42203813	yes_for_at_least_one_PIP	DatasetS4	UMMZ	46.679729999999999	-88.823819999999998	SAMN42203813
UMMZ:Bird:245940	Setophaga magnolia	not_provided; latitude_longitude_available	not_provided	GCA_001746935.2 (Setophaga coronata)	NCBI SRA BioSample/accession SAMN42204551	yes_for_at_least_one_PIP	DatasetS4	UMMZ	46.679729999999999	-88.823819999999998	SAMN42204551
UMMZ:Bird:247174	Catharus guttatus	not_provided; latitude_longitude_available	not_provided	GCA_009819885.2 (Catharus ustulatus)	NCBI SRA BioSample/accession SAMN42203733	yes_for_at_least_one_PIP	DatasetS4	UMMZ	55.107548999999999	-98.471582999999995	SAMN42203733
UMMZ:Bird:247175	Catharus guttatus	not_provided; latitude_longitude_available	not_provided	GCA_009819885.2 (Catharus ustulatus)	NCBI SRA BioSample/accession SAMN42203734	yes_for_at_least_one_PIP	DatasetS4	UMMZ	55.107548999999999	-98.471582999999995	SAMN42203734
UMMZ:Bird:247176	Catharus guttatus	not_provided; latitude_longitude_available	not_provided	GCA_009819885.2 (Catharus ustulatus)	NCBI SRA BioSample/accession SAMN42203776	yes_for_at_least_one_PIP	DatasetS4	UMMZ	49.769601000000002	-96.043321000000006	SAMN42203776
UMMZ:Bird:247177	Catharus guttatus	not_provided; latitude_longitude_available	not_provided	GCA_009819885.2 (Catharus ustulatus)	NCBI SRA BioSample/accession SAMN42203738	yes_for_at_least_one_PIP	DatasetS4	UMMZ	54.941650000000003	-101.45536	SAMN42203738
UMMZ:Bird:247178	Catharus guttatus	not_provided; latitude_longitude_available	not_provided	GCA_009819885.2 (Catharus ustulatus)	NCBI SRA BioSample/accession SAMN42203737	yes_for_at_least_one_PIP	DatasetS4	UMMZ	54.941650000000003	-101.45536	SAMN42203737
UMMZ:Bird:247179	Catharus guttatus	not_provided; latitude_longitude_available	not_provided	GCA_009819885.2 (Catharus ustulatus)	NCBI SRA BioSample/accession SAMN42203739	yes_for_at_least_one_PIP	DatasetS4	UMMZ	54.676099999999998	-101.4898	SAMN42203739
UMMZ:Bird:247181	Catharus guttatus	not_provided; latitude_longitude_available	not_provided	GCA_009819885.2 (Catharus ustulatus)	NCBI SRA BioSample/accession SAMN42203731	yes_for_at_least_one_PIP	DatasetS4	UMMZ	49.609613000000003	-96.053289000000007	SAMN42203731
UMMZ:Bird:247182	Catharus guttatus	not_provided; latitude_longitude_available	not_provided	GCA_009819885.2 (Catharus ustulatus)	NCBI SRA BioSample/accession SAMN42203672	yes_for_at_least_one_PIP	DatasetS4	UMMZ	49.609613000000003	-96.053289000000007	SAMN42203672
UMMZ:Bird:247184	Catharus guttatus	not_provided; latitude_longitude_available	not_provided	GCA_009819885.2 (Catharus ustulatus)	NCBI SRA BioSample/accession SAMN42203675	yes_for_at_least_one_PIP	DatasetS4	UMMZ	49.609613000000003	-96.053289000000007	SAMN42203675
UMMZ:Bird:247186	Catharus guttatus	not_provided; latitude_longitude_available	not_provided	GCA_009819885.2 (Catharus ustulatus)	NCBI SRA BioSample/accession SAMN42203736	yes_for_at_least_one_PIP	DatasetS4	UMMZ	54.968600000000002	-101.4581	SAMN42203736
UMMZ:Bird:247187	Catharus ustulatus	not_provided; latitude_longitude_available	not_provided	GCA_009819885.2 (Catharus ustulatus)	NCBI SRA BioSample/accession SAMN42203767	yes_for_at_least_one_PIP	DatasetS4	UMMZ	54.958950000000002	-101.45261000000001	SAMN42203767
UMMZ:Bird:247188	Catharus ustulatus	not_provided; latitude_longitude_available	not_provided	GCA_009819885.2 (Catharus ustulatus)	NCBI SRA BioSample/accession SAMN42203766	yes_for_at_least_one_PIP	DatasetS4	UMMZ	54.958950000000002	-101.45261000000001	SAMN42203766
UMMZ:Bird:247189	Catharus ustulatus	not_provided; latitude_longitude_available	not_provided	GCA_009819885.2 (Catharus ustulatus)	NCBI SRA BioSample/accession SAMN42203764	yes_for_at_least_one_PIP	DatasetS4	UMMZ	55.280056999999999	-98.386347000000001	SAMN42203764
UMMZ:Bird:247190	Catharus ustulatus	not_provided; latitude_longitude_available	not_provided	GCA_009819885.2 (Catharus ustulatus)	NCBI SRA BioSample/accession SAMN42203768	yes_for_at_least_one_PIP	DatasetS4	UMMZ	54.987008000000003	-101.458855	SAMN42203768
UMMZ:Bird:247191	Catharus ustulatus	not_provided; latitude_longitude_available	not_provided	GCA_009819885.2 (Catharus ustulatus)	NCBI SRA BioSample/accession SAMN42203765	yes_for_at_least_one_PIP	DatasetS4	UMMZ	54.987008000000003	-101.458855	SAMN42203765
UMMZ:Bird:247192	Catharus ustulatus	not_provided; latitude_longitude_available	not_provided	GCA_009819885.2 (Catharus ustulatus)	NCBI SRA BioSample/accession SAMN42203769	yes_for_at_least_one_PIP	DatasetS4	UMMZ	54.941650000000003	-101.45536	SAMN42203769
UMMZ:Bird:247193	Catharus ustulatus	not_provided; latitude_longitude_available	not_provided	GCA_009819885.2 (Catharus ustulatus)	NCBI SRA BioSample/accession SAMN42203783	yes_for_at_least_one_PIP	DatasetS4	UMMZ	54.676099999999998	-101.4898	SAMN42203783
UMMZ:Bird:247194	Catharus ustulatus	not_provided; latitude_longitude_available	not_provided	GCA_009819885.2 (Catharus ustulatus)	NCBI SRA BioSample/accession SAMN42203763	yes_for_at_least_one_PIP	DatasetS4	UMMZ	50.627557000000003	-95.552583999999996	SAMN42203763
UMMZ:Bird:247195	Catharus ustulatus	not_provided; latitude_longitude_available	not_provided	GCA_009819885.2 (Catharus ustulatus)	NCBI SRA BioSample/accession SAMN42203690	yes_for_at_least_one_PIP	DatasetS4	UMMZ	50.627557000000003	-95.552583999999996	SAMN42203690
UMMZ:Bird:247196	Catharus ustulatus	not_provided; latitude_longitude_available	not_provided	GCA_009819885.2 (Catharus ustulatus)	NCBI SRA BioSample/accession SAMN42203689	yes_for_at_least_one_PIP	DatasetS4	UMMZ	50.627557000000003	-95.552583999999996	SAMN42203689
UMMZ:Bird:247197	Catharus ustulatus	not_provided; latitude_longitude_available	not_provided	GCA_009819885.2 (Catharus ustulatus)	NCBI SRA BioSample/accession SAMN42203782	yes_for_at_least_one_PIP	DatasetS4	UMMZ	54.968600000000002	-101.4581	SAMN42203782
UMMZ:Bird:247205	Empidonax alnorum	not_provided; latitude_longitude_available	not_provided	GCA_009829145.1 (Chiroxiphia lanceolata)	NCBI SRA BioSample/accession SAMN42204142	yes_for_at_least_one_PIP	DatasetS4	UMMZ	49.634869999999999	-96.09178	SAMN42204142
UMMZ:Bird:247206	Empidonax alnorum	not_provided; latitude_longitude_available	not_provided	GCA_009829145.1 (Chiroxiphia lanceolata)	NCBI SRA BioSample/accession SAMN42204138	yes_for_at_least_one_PIP	DatasetS4	UMMZ	49.634869999999999	-96.09178	SAMN42204138
UMMZ:Bird:247207	Empidonax alnorum	not_provided; latitude_longitude_available	not_provided	GCA_009829145.1 (Chiroxiphia lanceolata)	NCBI SRA BioSample/accession SAMN42204140	yes_for_at_least_one_PIP	DatasetS4	UMMZ	49.634869999999999	-96.09178	SAMN42204140
UMMZ:Bird:247208	Empidonax alnorum	not_provided; latitude_longitude_available	not_provided	GCA_009829145.1 (Chiroxiphia lanceolata)	NCBI SRA BioSample/accession SAMN42204139	yes_for_at_least_one_PIP	DatasetS4	UMMZ	54.958950000000002	-101.45261000000001	SAMN42204139
UMMZ:Bird:247209	Empidonax alnorum	not_provided; latitude_longitude_available	not_provided	GCA_009829145.1 (Chiroxiphia lanceolata)	NCBI SRA BioSample/accession SAMN42204143	yes_for_at_least_one_PIP	DatasetS4	UMMZ	55.280056999999999	-98.386347000000001	SAMN42204143
UMMZ:Bird:247210	Empidonax minimus	not_provided; latitude_longitude_available	not_provided	GCA_009829145.1 (Chiroxiphia lanceolata)	NCBI SRA BioSample/accession SAMN42204137	yes_for_at_least_one_PIP	DatasetS4	UMMZ	55.280056999999999	-98.386347000000001	SAMN42204137
UMMZ:Bird:247211	Empidonax alnorum	not_provided; latitude_longitude_available	not_provided	GCA_009829145.1 (Chiroxiphia lanceolata)	NCBI SRA BioSample/accession SAMN42204141	yes_for_at_least_one_PIP	DatasetS4	UMMZ	49.609613000000003	-96.053289000000007	SAMN42204141
UMMZ:Bird:247212	Empidonax alnorum	not_provided; latitude_longitude_available	not_provided	GCA_009829145.1 (Chiroxiphia lanceolata)	NCBI SRA BioSample/accession SAMN42204136	yes_for_at_least_one_PIP	DatasetS4	UMMZ	49.609613000000003	-96.053289000000007	SAMN42204136
UMMZ:Bird:247213	Empidonax flaviventris	not_provided; latitude_longitude_available	not_provided	GCA_009829145.1 (Chiroxiphia lanceolata)	NCBI SRA BioSample/accession SAMN42204170	yes_for_at_least_one_PIP	DatasetS4	UMMZ	49.634869999999999	-96.09178	SAMN42204170
UMMZ:Bird:247214	Empidonax flaviventris	not_provided; latitude_longitude_available	not_provided	GCA_009829145.1 (Chiroxiphia lanceolata)	NCBI SRA BioSample/accession SAMN42204172	yes_for_at_least_one_PIP	DatasetS4	UMMZ	49.634869999999999	-96.09178	SAMN42204172
UMMZ:Bird:247215	Empidonax flaviventris	not_provided; latitude_longitude_available	not_provided	GCA_009829145.1 (Chiroxiphia lanceolata)	NCBI SRA BioSample/accession SAMN42204173	yes_for_at_least_one_PIP	DatasetS4	UMMZ	49.549852000000001	-95.770257000000001	SAMN42204173
UMMZ:Bird:247216	Empidonax flaviventris	not_provided; latitude_longitude_available	not_provided	GCA_009829145.1 (Chiroxiphia lanceolata)	NCBI SRA BioSample/accession SAMN42204174	yes_for_at_least_one_PIP	DatasetS4	UMMZ	54.987008000000003	-101.458855	SAMN42204174
UMMZ:Bird:247217	Empidonax flaviventris	not_provided; latitude_longitude_available	not_provided	GCA_009829145.1 (Chiroxiphia lanceolata)	NCBI SRA BioSample/accession SAMN42204171	yes_for_at_least_one_PIP	DatasetS4	UMMZ	54.941650000000003	-101.45536	SAMN42204171
UMMZ:Bird:247218	Empidonax minimus	not_provided; latitude_longitude_available	not_provided	GCA_009829145.1 (Chiroxiphia lanceolata)	NCBI SRA BioSample/accession SAMN42204488	yes_for_at_least_one_PIP	DatasetS4	UMMZ	50.417929999999998	-95.604119999999995	SAMN42204488
UMMZ:Bird:247219	Empidonax minimus	not_provided; latitude_longitude_available	not_provided	GCA_009829145.1 (Chiroxiphia lanceolata)	NCBI SRA BioSample/accession SAMN42204489	yes_for_at_least_one_PIP	DatasetS4	UMMZ	50.417929999999998	-95.604119999999995	SAMN42204489
UMMZ:Bird:247220	Empidonax minimus	not_provided; latitude_longitude_available	not_provided	GCA_009829145.1 (Chiroxiphia lanceolata)	NCBI SRA BioSample/accession SAMN42230707	yes_for_at_least_one_PIP	DatasetS4	UMMZ	50.417929999999998	-95.604119999999995	SAMN42230707
UMMZ:Bird:247221	Empidonax minimus	not_provided; latitude_longitude_available	not_provided	GCA_009829145.1 (Chiroxiphia lanceolata)	NCBI SRA BioSample/accession SAMN42204494	yes_for_at_least_one_PIP	DatasetS4	UMMZ	55.280056999999999	-98.386347000000001	SAMN42204494
UMMZ:Bird:247222	Empidonax minimus	not_provided; latitude_longitude_available	not_provided	GCA_009829145.1 (Chiroxiphia lanceolata)	NCBI SRA BioSample/accession SAMN42230708	yes_for_at_least_one_PIP	DatasetS4	UMMZ	55.280056999999999	-98.386347000000001	SAMN42230708
UMMZ:Bird:247223	Empidonax minimus	not_provided; latitude_longitude_available	not_provided	GCA_009829145.1 (Chiroxiphia lanceolata)	NCBI SRA BioSample/accession SAMN42204490	yes_for_at_least_one_PIP	DatasetS4	UMMZ	49.769601000000002	-96.043321000000006	SAMN42204490
UMMZ:Bird:247224	Empidonax minimus	not_provided; latitude_longitude_available	not_provided	GCA_009829145.1 (Chiroxiphia lanceolata)	NCBI SRA BioSample/accession SAMN42204493	yes_for_at_least_one_PIP	DatasetS4	UMMZ	49.790999999999997	-96.034915999999996	SAMN42204493
UMMZ:Bird:247225	Empidonax minimus	not_provided; latitude_longitude_available	not_provided	GCA_009829145.1 (Chiroxiphia lanceolata)	NCBI SRA BioSample/accession SAMN42204495	yes_for_at_least_one_PIP	DatasetS4	UMMZ	50.432943000000002	-95.551069999999996	SAMN42204495
UMMZ:Bird:247226	Empidonax minimus	not_provided; latitude_longitude_available	not_provided	GCA_009829145.1 (Chiroxiphia lanceolata)	NCBI SRA BioSample/accession SAMN42204491	yes_for_at_least_one_PIP	DatasetS4	UMMZ	50.432943000000002	-95.551069999999996	SAMN42204491
UMMZ:Bird:247227	Empidonax minimus	not_provided; latitude_longitude_available	not_provided	GCA_009829145.1 (Chiroxiphia lanceolata)	NCBI SRA BioSample/accession SAMN42204492	yes_for_at_least_one_PIP	DatasetS4	UMMZ	50.432943000000002	-95.551069999999996	SAMN42204492
UMMZ:Bird:247228	Empidonax alnorum	not_provided; latitude_longitude_available	not_provided	GCA_009829145.1 (Chiroxiphia lanceolata)	NCBI SRA BioSample/accession SAMN42204487	yes_for_at_least_one_PIP	DatasetS4	UMMZ	49.609613000000003	-96.053289000000007	SAMN42204487
UMMZ:Bird:247229	Geothlypis philadelphia	not_provided; latitude_longitude_available	not_provided	GCA_009764595.1 (Geothlypis trichas)	NCBI SRA BioSample/accession SAMN42204327	yes_for_at_least_one_PIP	DatasetS4	UMMZ	50.630629999999996	-95.566779999999994	SAMN42204327
UMMZ:Bird:247230	Geothlypis philadelphia	not_provided; latitude_longitude_available	not_provided	GCA_009764595.1 (Geothlypis trichas)	NCBI SRA BioSample/accession SAMN42204330	yes_for_at_least_one_PIP	DatasetS4	UMMZ	50.630629999999996	-95.566779999999994	SAMN42204330
UMMZ:Bird:247231	Geothlypis philadelphia	not_provided; latitude_longitude_available	not_provided	GCA_009764595.1 (Geothlypis trichas)	NCBI SRA BioSample/accession SAMN42204329	yes_for_at_least_one_PIP	DatasetS4	UMMZ	55.107548999999999	-98.471582999999995	SAMN42204329
UMMZ:Bird:247232	Geothlypis philadelphia	not_provided; latitude_longitude_available	not_provided	GCA_009764595.1 (Geothlypis trichas)	NCBI SRA BioSample/accession SAMN42204328	yes_for_at_least_one_PIP	DatasetS4	UMMZ	49.579419000000001	-95.833685000000003	SAMN42204328
UMMZ:Bird:247238	Leiothlypis peregrina	not_provided; latitude_longitude_available	not_provided	GCA_001746935.2 (Setophaga coronata)	NCBI SRA BioSample/accession SAMN42230738	yes_for_at_least_one_PIP	DatasetS4	UMMZ	49.549852000000001	-95.770257000000001	SAMN42230738
UMMZ:Bird:247239	Leiothlypis peregrina	not_provided; latitude_longitude_available	not_provided	GCA_001746935.2 (Setophaga coronata)	NCBI SRA BioSample/accession SAMN42230744	yes_for_at_least_one_PIP	DatasetS4	UMMZ	55.280056999999999	-98.386347000000001	SAMN42230744
UMMZ:Bird:247240	Leiothlypis peregrina	not_provided; latitude_longitude_available	not_provided	GCA_001746935.2 (Setophaga coronata)	NCBI SRA BioSample/accession SAMN42204510	yes_for_at_least_one_PIP	DatasetS4	UMMZ	55.280056999999999	-98.386347000000001	SAMN42204510
UMMZ:Bird:247241	Leiothlypis peregrina	not_provided; latitude_longitude_available	not_provided	GCA_001746935.2 (Setophaga coronata)	NCBI SRA BioSample/accession SAMN42204509	yes_for_at_least_one_PIP	DatasetS4	UMMZ	55.280056999999999	-98.386347000000001	SAMN42204509
UMMZ:Bird:247242	Leiothlypis peregrina	not_provided; latitude_longitude_available	not_provided	GCA_001746935.2 (Setophaga coronata)	NCBI SRA BioSample/accession SAMN42230743	yes_for_at_least_one_PIP	DatasetS4	UMMZ	55.280056999999999	-98.386347000000001	SAMN42230743
UMMZ:Bird:247243	Leiothlypis peregrina	not_provided; latitude_longitude_available	not_provided	GCA_001746935.2 (Setophaga coronata)	NCBI SRA BioSample/accession SAMN42204508	yes_for_at_least_one_PIP	DatasetS4	UMMZ	55.280056999999999	-98.386347000000001	SAMN42204508
UMMZ:Bird:247244	Leiothlypis peregrina	not_provided; latitude_longitude_available	not_provided	GCA_001746935.2 (Setophaga coronata)	NCBI SRA BioSample/accession SAMN42230740	yes_for_at_least_one_PIP	DatasetS4	UMMZ	55.280056999999999	-98.386347000000001	SAMN42230740
UMMZ:Bird:247245	Leiothlypis peregrina	not_provided; latitude_longitude_available	not_provided	GCA_001746935.2 (Setophaga coronata)	NCBI SRA BioSample/accession SAMN42230736	yes_for_at_least_one_PIP	DatasetS4	UMMZ	54.987008000000003	-101.458855	SAMN42230736
UMMZ:Bird:247246	Leiothlypis peregrina	not_provided; latitude_longitude_available	not_provided	GCA_001746935.2 (Setophaga coronata)	NCBI SRA BioSample/accession SAMN42230742	yes_for_at_least_one_PIP	DatasetS4	UMMZ	54.987008000000003	-101.458855	SAMN42230742
UMMZ:Bird:247247	Leiothlypis peregrina	not_provided; latitude_longitude_available	not_provided	GCA_001746935.2 (Setophaga coronata)	NCBI SRA BioSample/accession SAMN42230735	yes_for_at_least_one_PIP	DatasetS4	UMMZ	54.941650000000003	-101.45536	SAMN42230735
UMMZ:Bird:247248	Leiothlypis peregrina	not_provided; latitude_longitude_available	not_provided	GCA_001746935.2 (Setophaga coronata)	NCBI SRA BioSample/accession SAMN42230741	yes_for_at_least_one_PIP	DatasetS4	UMMZ	54.941650000000003	-101.45536	SAMN42230741
UMMZ:Bird:247249	Leiothlypis peregrina	not_provided; latitude_longitude_available	not_provided	GCA_001746935.2 (Setophaga coronata)	NCBI SRA BioSample/accession SAMN42230737	yes_for_at_least_one_PIP	DatasetS4	UMMZ	54.676099999999998	-101.4898	SAMN42230737
UMMZ:Bird:247250	Leiothlypis peregrina	not_provided; latitude_longitude_available	not_provided	GCA_001746935.2 (Setophaga coronata)	NCBI SRA BioSample/accession SAMN42230739	yes_for_at_least_one_PIP	DatasetS4	UMMZ	54.968600000000002	-101.4581	SAMN42230739
UMMZ:Bird:247251	Leiothlypis ruficapilla	not_provided; latitude_longitude_available	not_provided	GCA_001746935.2 (Setophaga coronata)	NCBI SRA BioSample/accession SAMN42230787	yes_for_at_least_one_PIP	DatasetS4	UMMZ	49.634869999999999	-96.09178	SAMN42230787
UMMZ:Bird:247252	Leiothlypis ruficapilla	not_provided; latitude_longitude_available	not_provided	GCA_001746935.2 (Setophaga coronata)	NCBI SRA BioSample/accession SAMN42230785	yes_for_at_least_one_PIP	DatasetS4	UMMZ	50.630629999999996	-95.566779999999994	SAMN42230785
UMMZ:Bird:247253	Leiothlypis ruficapilla	not_provided; latitude_longitude_available	not_provided	GCA_001746935.2 (Setophaga coronata)	NCBI SRA BioSample/accession SAMN42230784	yes_for_at_least_one_PIP	DatasetS4	UMMZ	54.958950000000002	-101.45261000000001	SAMN42230784
UMMZ:Bird:247254	Leiothlypis ruficapilla	not_provided; latitude_longitude_available	not_provided	GCA_001746935.2 (Setophaga coronata)	NCBI SRA BioSample/accession SAMN42230786	yes_for_at_least_one_PIP	DatasetS4	UMMZ	54.987008000000003	-101.458855	SAMN42230786
UMMZ:Bird:247255	Leiothlypis ruficapilla	not_provided; latitude_longitude_available	not_provided	GCA_001746935.2 (Setophaga coronata)	NCBI SRA BioSample/accession SAMN42204511	yes_for_at_least_one_PIP	DatasetS4	UMMZ	49.609613000000003	-96.053289000000007	SAMN42204511
UMMZ:Bird:247272	Oporornis agilis	not_provided; latitude_longitude_available	not_provided	GCA_009764595.1 (Geothlypis trichas)	NCBI SRA BioSample/accession SAMN42204398	yes_for_at_least_one_PIP	DatasetS4	UMMZ	49.634869999999999	-96.09178	SAMN42204398
UMMZ:Bird:247273	Oporornis agilis	not_provided; latitude_longitude_available	not_provided	GCA_009764595.1 (Geothlypis trichas)	NCBI SRA BioSample/accession SAMN42204396	yes_for_at_least_one_PIP	DatasetS4	UMMZ	49.634869999999999	-96.09178	SAMN42204396
UMMZ:Bird:247274	Oporornis agilis	not_provided; latitude_longitude_available	not_provided	GCA_009764595.1 (Geothlypis trichas)	NCBI SRA BioSample/accession SAMN42204397	yes_for_at_least_one_PIP	DatasetS4	UMMZ	49.77901	-96.043469999999999	SAMN42204397
UMMZ:Bird:247288	Corthylio calendula	not_provided; latitude_longitude_available	not_provided	GCA_018697195.1 (Certhia americana)	NCBI SRA BioSample/accession SAMN42203969	yes_for_at_least_one_PIP	DatasetS4	UMMZ	54.958950000000002	-101.45261000000001	SAMN42203969
UMMZ:Bird:247289	Corthylio calendula	not_provided; latitude_longitude_available	not_provided	GCA_018697195.1 (Certhia americana)	NCBI SRA BioSample/accession SAMN42203967	yes_for_at_least_one_PIP	DatasetS4	UMMZ	54.958950000000002	-101.45261000000001	SAMN42203967
UMMZ:Bird:247290	Corthylio calendula	not_provided; latitude_longitude_available	not_provided	GCA_018697195.1 (Certhia americana)	NCBI SRA BioSample/accession SAMN42203968	yes_for_at_least_one_PIP	DatasetS4	UMMZ	49.549852000000001	-95.770257000000001	SAMN42203968
UMMZ:Bird:247291	Corthylio calendula	not_provided; latitude_longitude_available	not_provided	GCA_018697195.1 (Certhia americana)	NCBI SRA BioSample/accession SAMN42203965	yes_for_at_least_one_PIP	DatasetS4	UMMZ	55.280056999999999	-98.386347000000001	SAMN42203965
UMMZ:Bird:247292	Corthylio calendula	not_provided; latitude_longitude_available	not_provided	GCA_018697195.1 (Certhia americana)	NCBI SRA BioSample/accession SAMN42203966	yes_for_at_least_one_PIP	DatasetS4	UMMZ	55.280056999999999	-98.386347000000001	SAMN42203966
UMMZ:Bird:247293	Corthylio calendula	not_provided; latitude_longitude_available	not_provided	GCA_018697195.1 (Certhia americana)	NCBI SRA BioSample/accession SAMN42203973	yes_for_at_least_one_PIP	DatasetS4	UMMZ	50.627015	-95.537323999999998	SAMN42203973
UMMZ:Bird:247294	Corthylio calendula	not_provided; latitude_longitude_available	not_provided	GCA_018697195.1 (Certhia americana)	NCBI SRA BioSample/accession SAMN42203974	yes_for_at_least_one_PIP	DatasetS4	UMMZ	50.627015	-95.537323999999998	SAMN42203974
UMMZ:Bird:247295	Corthylio calendula	not_provided; latitude_longitude_available	not_provided	GCA_018697195.1 (Certhia americana)	NCBI SRA BioSample/accession SAMN42203971	yes_for_at_least_one_PIP	DatasetS4	UMMZ	54.968600000000002	-101.4581	SAMN42203971
UMMZ:Bird:247296	Corthylio calendula	not_provided; latitude_longitude_available	not_provided	GCA_018697195.1 (Certhia americana)	NCBI SRA BioSample/accession SAMN42203970	yes_for_at_least_one_PIP	DatasetS4	UMMZ	54.968600000000002	-101.4581	SAMN42203970
UMMZ:Bird:247297	Corthylio calendula	not_provided; latitude_longitude_available	not_provided	GCA_018697195.1 (Certhia americana)	NCBI SRA BioSample/accession SAMN42203972	yes_for_at_least_one_PIP	DatasetS4	UMMZ	54.968600000000002	-101.4581	SAMN42203972
UMMZ:Bird:247305	Setophaga castanea	not_provided; latitude_longitude_available	not_provided	GCA_001746935.2 (Setophaga coronata)	NCBI SRA BioSample/accession SAMN42230844	yes_for_at_least_one_PIP	DatasetS4	UMMZ	54.958950000000002	-101.45261000000001	SAMN42230844
UMMZ:Bird:247306	Setophaga castanea	not_provided; latitude_longitude_available	not_provided	GCA_001746935.2 (Setophaga coronata)	NCBI SRA BioSample/accession SAMN42204514	yes_for_at_least_one_PIP	DatasetS4	UMMZ	54.958950000000002	-101.45261000000001	SAMN42204514
UMMZ:Bird:247307	Setophaga castanea	not_provided; latitude_longitude_available	not_provided	GCA_001746935.2 (Setophaga coronata)	NCBI SRA BioSample/accession SAMN42230843	yes_for_at_least_one_PIP	DatasetS4	UMMZ	54.958950000000002	-101.45261000000001	SAMN42230843
UMMZ:Bird:247308	Setophaga castanea	not_provided; latitude_longitude_available	not_provided	GCA_001746935.2 (Setophaga coronata)	NCBI SRA BioSample/accession SAMN42230842	yes_for_at_least_one_PIP	DatasetS4	UMMZ	54.958950000000002	-101.45261000000001	SAMN42230842
UMMZ:Bird:247309	Setophaga castanea	not_provided; latitude_longitude_available	not_provided	GCA_001746935.2 (Setophaga coronata)	NCBI SRA BioSample/accession SAMN42204515	yes_for_at_least_one_PIP	DatasetS4	UMMZ	55.107548999999999	-98.471582999999995	SAMN42204515
UMMZ:Bird:247311	Setophaga castanea	not_provided; latitude_longitude_available	not_provided	GCA_001746935.2 (Setophaga coronata)	NCBI SRA BioSample/accession SAMN42230846	yes_for_at_least_one_PIP	DatasetS4	UMMZ	54.886670000000002	-101.479933	SAMN42230846
UMMZ:Bird:247312	Setophaga castanea	not_provided; latitude_longitude_available	not_provided	GCA_001746935.2 (Setophaga coronata)	NCBI SRA BioSample/accession SAMN42230845	yes_for_at_least_one_PIP	DatasetS4	UMMZ	54.941650000000003	-101.45536	SAMN42230845
UMMZ:Bird:247313	Setophaga coronata	not_provided; latitude_longitude_available	not_provided	GCA_001746935.2 (Setophaga coronata)	NCBI SRA BioSample/accession SAMN42203802	yes_for_at_least_one_PIP	DatasetS4	UMMZ	49.634869999999999	-96.09178	SAMN42203802
UMMZ:Bird:247314	Setophaga coronata	not_provided; latitude_longitude_available	not_provided	GCA_001746935.2 (Setophaga coronata)	NCBI SRA BioSample/accession SAMN42203800	yes_for_at_least_one_PIP	DatasetS4	UMMZ	54.958950000000002	-101.45261000000001	SAMN42203800
UMMZ:Bird:247315	Setophaga coronata	not_provided; latitude_longitude_available	not_provided	GCA_001746935.2 (Setophaga coronata)	NCBI SRA BioSample/accession SAMN42203801	yes_for_at_least_one_PIP	DatasetS4	UMMZ	54.958950000000002	-101.45261000000001	SAMN42203801
UMMZ:Bird:247316	Setophaga coronata	not_provided; latitude_longitude_available	not_provided	GCA_001746935.2 (Setophaga coronata)	NCBI SRA BioSample/accession SAMN42203808	yes_for_at_least_one_PIP	DatasetS4	UMMZ	54.958950000000002	-101.45261000000001	SAMN42203808
UMMZ:Bird:247317	Setophaga coronata	not_provided; latitude_longitude_available	not_provided	GCA_001746935.2 (Setophaga coronata)	NCBI SRA BioSample/accession SAMN42203798	yes_for_at_least_one_PIP	DatasetS4	UMMZ	55.280056999999999	-98.386347000000001	SAMN42203798
UMMZ:Bird:247318	Setophaga coronata	not_provided; latitude_longitude_available	not_provided	GCA_001746935.2 (Setophaga coronata)	NCBI SRA BioSample/accession SAMN42203799	yes_for_at_least_one_PIP	DatasetS4	UMMZ	54.987008000000003	-101.458855	SAMN42203799
UMMZ:Bird:247319	Setophaga coronata	not_provided; latitude_longitude_available	not_provided	GCA_001746935.2 (Setophaga coronata)	NCBI SRA BioSample/accession SAMN42203809	yes_for_at_least_one_PIP	DatasetS4	UMMZ	54.987008000000003	-101.458855	SAMN42203809
UMMZ:Bird:247320	Setophaga coronata	not_provided; latitude_longitude_available	not_provided	GCA_001746935.2 (Setophaga coronata)	NCBI SRA BioSample/accession SAMN42203803	yes_for_at_least_one_PIP	DatasetS4	UMMZ	54.941650000000003	-101.45536	SAMN42203803
UMMZ:Bird:247321	Setophaga coronata	not_provided; latitude_longitude_available	not_provided	GCA_001746935.2 (Setophaga coronata)	NCBI SRA BioSample/accession SAMN42203804	yes_for_at_least_one_PIP	DatasetS4	UMMZ	54.941650000000003	-101.45536	SAMN42203804
UMMZ:Bird:247322	Setophaga coronata	not_provided; latitude_longitude_available	not_provided	GCA_001746935.2 (Setophaga coronata)	NCBI SRA BioSample/accession SAMN42203805	yes_for_at_least_one_PIP	DatasetS4	UMMZ	54.968600000000002	-101.4581	SAMN42203805
UMMZ:Bird:247323	Setophaga fusca	not_provided; latitude_longitude_available	not_provided	GCA_001746935.2 (Setophaga coronata)	NCBI SRA BioSample/accession SAMN42203832	yes_for_at_least_one_PIP	DatasetS4	UMMZ	49.634869999999999	-96.09178	SAMN42203832
UMMZ:Bird:247324	Setophaga fusca	not_provided; latitude_longitude_available	not_provided	GCA_001746935.2 (Setophaga coronata)	NCBI SRA BioSample/accession SAMN42203833	yes_for_at_least_one_PIP	DatasetS4	UMMZ	50.630629999999996	-95.566779999999994	SAMN42203833
UMMZ:Bird:247325	Setophaga fusca	not_provided; latitude_longitude_available	not_provided	GCA_001746935.2 (Setophaga coronata)	NCBI SRA BioSample/accession SAMN42203834	yes_for_at_least_one_PIP	DatasetS4	UMMZ	50.627015	-95.537323999999998	SAMN42203834
UMMZ:Bird:247327	Setophaga fusca	not_provided; latitude_longitude_available	not_provided	GCA_001746935.2 (Setophaga coronata)	NCBI SRA BioSample/accession SAMN42203831	yes_for_at_least_one_PIP	DatasetS4	UMMZ	50.627557000000003	-95.552583999999996	SAMN42203831
UMMZ:Bird:247328	Setophaga fusca	not_provided; latitude_longitude_available	not_provided	GCA_001746935.2 (Setophaga coronata)	NCBI SRA BioSample/accession SAMN42203835	yes_for_at_least_one_PIP	DatasetS4	UMMZ	54.968600000000002	-101.4581	SAMN42203835
UMMZ:Bird:247329	Setophaga palmarum	not_provided; latitude_longitude_available	not_provided	GCA_001746935.2 (Setophaga coronata)	NCBI SRA BioSample/accession SAMN42204243	yes_for_at_least_one_PIP	DatasetS4	UMMZ	55.280056999999999	-98.386347000000001	SAMN42204243
UMMZ:Bird:247330	Setophaga palmarum	not_provided; latitude_longitude_available	not_provided	GCA_001746935.2 (Setophaga coronata)	NCBI SRA BioSample/accession SAMN42204240	yes_for_at_least_one_PIP	DatasetS4	UMMZ	55.280056999999999	-98.386347000000001	SAMN42204240
UMMZ:Bird:247331	Setophaga palmarum	not_provided; latitude_longitude_available	not_provided	GCA_001746935.2 (Setophaga coronata)	NCBI SRA BioSample/accession SAMN42204242	yes_for_at_least_one_PIP	DatasetS4	UMMZ	54.987008000000003	-101.458855	SAMN42204242
UMMZ:Bird:247332	Setophaga palmarum	not_provided; latitude_longitude_available	not_provided	GCA_001746935.2 (Setophaga coronata)	NCBI SRA BioSample/accession SAMN42204245	yes_for_at_least_one_PIP	DatasetS4	UMMZ	54.829357000000002	-101.463555	SAMN42204245
UMMZ:Bird:247333	Setophaga palmarum	not_provided; latitude_longitude_available	not_provided	GCA_001746935.2 (Setophaga coronata)	NCBI SRA BioSample/accession SAMN42204239	yes_for_at_least_one_PIP	DatasetS4	UMMZ	54.829357000000002	-101.463555	SAMN42204239
UMMZ:Bird:247334	Setophaga palmarum	not_provided; latitude_longitude_available	not_provided	GCA_001746935.2 (Setophaga coronata)	NCBI SRA BioSample/accession SAMN42204244	yes_for_at_least_one_PIP	DatasetS4	UMMZ	54.829357000000002	-101.463555	SAMN42204244
UMMZ:Bird:247335	Setophaga palmarum	not_provided; latitude_longitude_available	not_provided	GCA_001746935.2 (Setophaga coronata)	NCBI SRA BioSample/accession SAMN42204241	yes_for_at_least_one_PIP	DatasetS4	UMMZ	54.968600000000002	-101.4581	SAMN42204241
UMMZ:Bird:247336	Setophaga tigrina	not_provided; latitude_longitude_available	not_provided	GCA_001746935.2 (Setophaga coronata)	NCBI SRA BioSample/accession SAMN42204609	yes_for_at_least_one_PIP	DatasetS4	UMMZ	55.107548999999999	-98.471582999999995	SAMN42204609
UMMZ:Bird:247337	Setophaga tigrina	not_provided; latitude_longitude_available	not_provided	GCA_001746935.2 (Setophaga coronata)	NCBI SRA BioSample/accession SAMN42204606	yes_for_at_least_one_PIP	DatasetS4	UMMZ	54.676099999999998	-101.4898	SAMN42204606
UMMZ:Bird:247338	Setophaga tigrina	not_provided; latitude_longitude_available	not_provided	GCA_001746935.2 (Setophaga coronata)	NCBI SRA BioSample/accession SAMN42204608	yes_for_at_least_one_PIP	DatasetS4	UMMZ	54.676099999999998	-101.4898	SAMN42204608
UMMZ:Bird:247339	Setophaga tigrina	not_provided; latitude_longitude_available	not_provided	GCA_001746935.2 (Setophaga coronata)	NCBI SRA BioSample/accession SAMN42230869	yes_for_at_least_one_PIP	DatasetS4	UMMZ	54.749400000000001	-101.52549999999999	SAMN42230869
UMMZ:Bird:247340	Setophaga tigrina	not_provided; latitude_longitude_available	not_provided	GCA_001746935.2 (Setophaga coronata)	NCBI SRA BioSample/accession SAMN42230867	yes_for_at_least_one_PIP	DatasetS4	UMMZ	54.749400000000001	-101.52549999999999	SAMN42230867
UMMZ:Bird:247341	Setophaga tigrina	not_provided; latitude_longitude_available	not_provided	GCA_001746935.2 (Setophaga coronata)	NCBI SRA BioSample/accession SAMN42204607	yes_for_at_least_one_PIP	DatasetS4	UMMZ	54.601320000000001	-99.780699999999996	SAMN42204607
UMMZ:Bird:247342	Setophaga tigrina	not_provided; latitude_longitude_available	not_provided	GCA_001746935.2 (Setophaga coronata)	NCBI SRA BioSample/accession SAMN42204605	yes_for_at_least_one_PIP	DatasetS4	UMMZ	54.968600000000002	-101.4581	SAMN42204605
UMMZ:Bird:247343	Setophaga tigrina	not_provided; latitude_longitude_available	not_provided	GCA_001746935.2 (Setophaga coronata)	NCBI SRA BioSample/accession SAMN42230868	yes_for_at_least_one_PIP	DatasetS4	UMMZ	54.968600000000002	-101.4581	SAMN42230868
UMMZ:Bird:247344	Setophaga tigrina	not_provided; latitude_longitude_available	not_provided	GCA_001746935.2 (Setophaga coronata)	NCBI SRA BioSample/accession SAMN42204410	yes_for_at_least_one_PIP	DatasetS4	UMMZ	54.968600000000002	-101.4581	SAMN42204410
UMMZ:Bird:247357	Vireo solitarius	not_provided; latitude_longitude_available	not_provided	GCA_020740725.1 (Corvus hawaiiensis)	NCBI SRA BioSample/accession SAMN42203907	yes_for_at_least_one_PIP	DatasetS4	UMMZ	49.634869999999999	-96.09178	SAMN42203907
UMMZ:Bird:247358	Vireo solitarius	not_provided; latitude_longitude_available	not_provided	GCA_020740725.1 (Corvus hawaiiensis)	NCBI SRA BioSample/accession SAMN42203906	yes_for_at_least_one_PIP	DatasetS4	UMMZ	54.958950000000002	-101.45261000000001	SAMN42203906
UMMZ:Bird:247359	Vireo solitarius	not_provided; latitude_longitude_available	not_provided	GCA_020740725.1 (Corvus hawaiiensis)	NCBI SRA BioSample/accession SAMN42203905	yes_for_at_least_one_PIP	DatasetS4	UMMZ	54.958950000000002	-101.45261000000001	SAMN42203905
UMMZ:Bird:247360	Vireo solitarius	not_provided; latitude_longitude_available	not_provided	GCA_020740725.1 (Corvus hawaiiensis)	NCBI SRA BioSample/accession SAMN42204064	yes_for_at_least_one_PIP	DatasetS4	UMMZ	55.280056999999999	-98.386347000000001	SAMN42204064
UMMZ:Bird:247361	Vireo solitarius	not_provided; latitude_longitude_available	not_provided	GCA_020740725.1 (Corvus hawaiiensis)	NCBI SRA BioSample/accession SAMN42203903	yes_for_at_least_one_PIP	DatasetS4	UMMZ	55.280056999999999	-98.386347000000001	SAMN42203903
UMMZ:Bird:247362	Vireo solitarius	not_provided; latitude_longitude_available	not_provided	GCA_020740725.1 (Corvus hawaiiensis)	NCBI SRA BioSample/accession SAMN42203904	yes_for_at_least_one_PIP	DatasetS4	UMMZ	55.280056999999999	-98.386347000000001	SAMN42203904
UMMZ:Bird:247363	Vireo solitarius	not_provided; latitude_longitude_available	not_provided	GCA_020740725.1 (Corvus hawaiiensis)	NCBI SRA BioSample/accession SAMN42203908	yes_for_at_least_one_PIP	DatasetS4	UMMZ	50.627557000000003	-95.552583999999996	SAMN42203908
UMMZ:Bird:247364	Zonotrichia albicollis	not_provided; latitude_longitude_available	not_provided	GCA_003829775.2 (Junco hyemalis)	NCBI SRA BioSample/accession SAMN42204084	yes_for_at_least_one_PIP	DatasetS4	UMMZ	50.417929999999998	-95.604119999999995	SAMN42204084
UMMZ:Bird:247365	Zonotrichia albicollis	not_provided; latitude_longitude_available	not_provided	GCA_003829775.2 (Junco hyemalis)	NCBI SRA BioSample/accession SAMN42204085	yes_for_at_least_one_PIP	DatasetS4	UMMZ	55.280056999999999	-98.386347000000001	SAMN42204085
UMMZ:Bird:247366	Zonotrichia albicollis	not_provided; latitude_longitude_available	not_provided	GCA_003829775.2 (Junco hyemalis)	NCBI SRA BioSample/accession SAMN42204083	yes_for_at_least_one_PIP	DatasetS4	UMMZ	50.432943000000002	-95.551069999999996	SAMN42204083
UMMZ:Bird:247367	Zonotrichia albicollis	not_provided; latitude_longitude_available	not_provided	GCA_003829775.2 (Junco hyemalis)	NCBI SRA BioSample/accession SAMN42204086	yes_for_at_least_one_PIP	DatasetS4	UMMZ	49.609613000000003	-96.053289000000007	SAMN42204086
UMMZ:Bird:247368	Zonotrichia albicollis	not_provided; latitude_longitude_available	not_provided	GCA_003829775.2 (Junco hyemalis)	NCBI SRA BioSample/accession SAMN42204090	yes_for_at_least_one_PIP	DatasetS4	UMMZ	49.609613000000003	-96.053289000000007	SAMN42204090
UMMZ:Bird:247369	Zonotrichia albicollis	not_provided; latitude_longitude_available	not_provided	GCA_003829775.2 (Junco hyemalis)	NCBI SRA BioSample/accession SAMN42204082	yes_for_at_least_one_PIP	DatasetS4	UMMZ	49.609613000000003	-96.053289000000007	SAMN42204082
UMMZ:Bird:247370	Zonotrichia albicollis	not_provided; latitude_longitude_available	not_provided	GCA_003829775.2 (Junco hyemalis)	NCBI SRA BioSample/accession SAMN42204089	yes_for_at_least_one_PIP	DatasetS4	UMMZ	49.609613000000003	-96.053289000000007	SAMN42204089
UMMZ:Bird:247372	Zonotrichia albicollis	not_provided; latitude_longitude_available	not_provided	GCA_003829775.2 (Junco hyemalis)	NCBI SRA BioSample/accession SAMN42204088	yes_for_at_least_one_PIP	DatasetS4	UMMZ	54.968600000000002	-101.4581	SAMN42204088
UMMZ:Bird:247373	Zonotrichia albicollis	not_provided; latitude_longitude_available	not_provided	GCA_003829775.2 (Junco hyemalis)	NCBI SRA BioSample/accession SAMN42204087	yes_for_at_least_one_PIP	DatasetS4	UMMZ	54.968600000000002	-101.4581	SAMN42204087
UMMZ:Bird:247374	Catharus fuscescens	not_provided; latitude_longitude_available	not_provided	GCA_009819885.2 (Catharus ustulatus)	NCBI SRA BioSample/accession SAMN38349656	yes_for_at_least_one_PIP	DatasetS4	UMMZ	50.417929999999998	-95.604119999999995	SAMN38349656
UMMZ:Bird:247375	Catharus fuscescens	not_provided; latitude_longitude_available	not_provided	GCA_009819885.2 (Catharus ustulatus)	NCBI SRA BioSample/accession SAMN38349657	yes_for_at_least_one_PIP	DatasetS4	UMMZ	49.549852000000001	-95.770257000000001	SAMN38349657
UMMZ:Bird:247376	Catharus fuscescens	not_provided; latitude_longitude_available	not_provided	GCA_009819885.2 (Catharus ustulatus)	NCBI SRA BioSample/accession SAMN38349658	yes_for_at_least_one_PIP	DatasetS4	UMMZ	49.769601000000002	-96.043321000000006	SAMN38349658
UMMZ:Bird:247377	Catharus fuscescens	not_provided; latitude_longitude_available	not_provided	GCA_009819885.2 (Catharus ustulatus)	NCBI SRA BioSample/accession SAMN38349659	yes_for_at_least_one_PIP	DatasetS4	UMMZ	49.769601000000002	-96.043321000000006	SAMN38349659
UMMZ:Bird:247378	Catharus fuscescens	not_provided; latitude_longitude_available	not_provided	GCA_009819885.2 (Catharus ustulatus)	NCBI SRA BioSample/accession SAMN38349660	yes_for_at_least_one_PIP	DatasetS4	UMMZ	49.790999999999997	-96.034915999999996	SAMN38349660
UMMZ:Bird:247379	Catharus fuscescens	not_provided; latitude_longitude_available	not_provided	GCA_009819885.2 (Catharus ustulatus)	NCBI SRA BioSample/accession SAMN38349661	yes_for_at_least_one_PIP	DatasetS4	UMMZ	49.790999999999997	-96.034915999999996	SAMN38349661
UMMZ:Bird:247380	Catharus fuscescens	not_provided; latitude_longitude_available	not_provided	GCA_009819885.2 (Catharus ustulatus)	NCBI SRA BioSample/accession SAMN38349662	yes_for_at_least_one_PIP	DatasetS4	UMMZ	49.790999999999997	-96.034915999999996	SAMN38349662
UMMZ:Bird:247381	Junco hyemalis	not_provided; latitude_longitude_available	not_provided	GCA_003829775.2 (Junco hyemalis)	NCBI SRA BioSample/accession SAMN42204374	yes_for_at_least_one_PIP	DatasetS4	UMMZ	54.958950000000002	-101.45261000000001	SAMN42204374
UMMZ:Bird:247382	Junco hyemalis	not_provided; latitude_longitude_available	not_provided	GCA_003829775.2 (Junco hyemalis)	NCBI SRA BioSample/accession SAMN42204370	yes_for_at_least_one_PIP	DatasetS4	UMMZ	54.958950000000002	-101.45261000000001	SAMN42204370
UMMZ:Bird:247383	Junco hyemalis	not_provided; latitude_longitude_available	not_provided	GCA_003829775.2 (Junco hyemalis)	NCBI SRA BioSample/accession SAMN42204371	yes_for_at_least_one_PIP	DatasetS4	UMMZ	54.958950000000002	-101.45261000000001	SAMN42204371
UMMZ:Bird:247384	Junco hyemalis	not_provided; latitude_longitude_available	not_provided	GCA_003829775.2 (Junco hyemalis)	NCBI SRA BioSample/accession SAMN42204373	yes_for_at_least_one_PIP	DatasetS4	UMMZ	55.107548999999999	-98.471582999999995	SAMN42204373
UMMZ:Bird:247386	Junco hyemalis	not_provided; latitude_longitude_available	not_provided	GCA_003829775.2 (Junco hyemalis)	NCBI SRA BioSample/accession SAMN42204368	yes_for_at_least_one_PIP	DatasetS4	UMMZ	55.107548999999999	-98.471582999999995	SAMN42204368
UMMZ:Bird:247387	Junco hyemalis	not_provided; latitude_longitude_available	not_provided	GCA_003829775.2 (Junco hyemalis)	NCBI SRA BioSample/accession SAMN42204380	yes_for_at_least_one_PIP	DatasetS4	UMMZ	55.107548999999999	-98.471582999999995	SAMN42204380
UMMZ:Bird:247388	Junco hyemalis	not_provided; latitude_longitude_available	not_provided	GCA_003829775.2 (Junco hyemalis)	NCBI SRA BioSample/accession SAMN42204366	yes_for_at_least_one_PIP	DatasetS4	UMMZ	54.987008000000003	-101.458855	SAMN42204366
UMMZ:Bird:247389	Junco hyemalis	not_provided; latitude_longitude_available	not_provided	GCA_003829775.2 (Junco hyemalis)	NCBI SRA BioSample/accession SAMN42204382	yes_for_at_least_one_PIP	DatasetS4	UMMZ	54.987008000000003	-101.458855	SAMN42204382
UMMZ:Bird:247390	Junco hyemalis	not_provided; latitude_longitude_available	not_provided	GCA_003829775.2 (Junco hyemalis)	NCBI SRA BioSample/accession SAMN42204378	yes_for_at_least_one_PIP	DatasetS4	UMMZ	50.627015	-95.537323999999998	SAMN42204378
UMMZ:Bird:247391	Melospiza lincolnii	not_provided; latitude_longitude_available	not_provided	GCA_003829775.2 (Junco hyemalis)	NCBI SRA BioSample/accession SAMN42203935	yes_for_at_least_one_PIP	DatasetS4	UMMZ	55.107548999999999	-98.471582999999995	SAMN42203935
UMMZ:Bird:247392	Melospiza lincolnii	not_provided; latitude_longitude_available	not_provided	GCA_003829775.2 (Junco hyemalis)	NCBI SRA BioSample/accession SAMN42203937	yes_for_at_least_one_PIP	DatasetS4	UMMZ	54.987008000000003	-101.458855	SAMN42203937
UMMZ:Bird:247393	Melospiza lincolnii	not_provided; latitude_longitude_available	not_provided	GCA_003829775.2 (Junco hyemalis)	NCBI SRA BioSample/accession SAMN42203938	yes_for_at_least_one_PIP	DatasetS4	UMMZ	54.987008000000003	-101.458855	SAMN42203938
UMMZ:Bird:247394	Melospiza lincolnii	not_provided; latitude_longitude_available	not_provided	GCA_003829775.2 (Junco hyemalis)	NCBI SRA BioSample/accession SAMN42203936	yes_for_at_least_one_PIP	DatasetS4	UMMZ	54.987008000000003	-101.458855	SAMN42203936
UMMZ:Bird:247395	Melospiza lincolnii	not_provided; latitude_longitude_available	not_provided	GCA_003829775.2 (Junco hyemalis)	NCBI SRA BioSample/accession SAMN42203939	yes_for_at_least_one_PIP	DatasetS4	UMMZ	54.829357000000002	-101.463555	SAMN42203939
UMMZ:Bird:247396	Melospiza lincolnii	not_provided; latitude_longitude_available	not_provided	GCA_003829775.2 (Junco hyemalis)	NCBI SRA BioSample/accession SAMN42203940	yes_for_at_least_one_PIP	DatasetS4	UMMZ	54.829357000000002	-101.463555	SAMN42203940
UMMZ:Bird:247397	Melospiza lincolnii	not_provided; latitude_longitude_available	not_provided	GCA_003829775.2 (Junco hyemalis)	NCBI SRA BioSample/accession SAMN42203942	yes_for_at_least_one_PIP	DatasetS4	UMMZ	54.968600000000002	-101.4581	SAMN42203942
UMMZ:Bird:247398	Melospiza lincolnii	not_provided; latitude_longitude_available	not_provided	GCA_003829775.2 (Junco hyemalis)	NCBI SRA BioSample/accession SAMN42203941	yes_for_at_least_one_PIP	DatasetS4	UMMZ	54.968600000000002	-101.4581	SAMN42203941
UMMZ:Bird:247405	Poecile atricapillus	not_provided; latitude_longitude_available	not_provided	GCA_001522545.3 (Parus major)	NCBI SRA BioSample/accession SAMN42231267	yes_for_at_least_one_PIP	DatasetS4	UMMZ	55.280056999999999	-98.386347000000001	SAMN42231267
UMMZ:Bird:247406	Poecile atricapillus	not_provided; latitude_longitude_available	not_provided	GCA_001522545.3 (Parus major)	NCBI SRA BioSample/accession SAMN42231263	yes_for_at_least_one_PIP	DatasetS4	UMMZ	54.987008000000003	-101.458855	SAMN42231263
UMMZ:Bird:247407	Poecile atricapillus	not_provided; latitude_longitude_available	not_provided	GCA_001522545.3 (Parus major)	NCBI SRA BioSample/accession SAMN42231265	yes_for_at_least_one_PIP	DatasetS4	UMMZ	54.987008000000003	-101.458855	SAMN42231265
UMMZ:Bird:247408	Poecile atricapillus	not_provided; latitude_longitude_available	not_provided	GCA_001522545.3 (Parus major)	NCBI SRA BioSample/accession SAMN42231266	yes_for_at_least_one_PIP	DatasetS4	UMMZ	50.432943000000002	-95.551069999999996	SAMN42231266
UMMZ:Bird:247409	Poecile atricapillus	not_provided; latitude_longitude_available	not_provided	GCA_001522545.3 (Parus major)	NCBI SRA BioSample/accession SAMN42231264	yes_for_at_least_one_PIP	DatasetS4	UMMZ	54.601320000000001	-99.780699999999996	SAMN42231264
UMMZ:Bird:247410	Setophaga magnolia	not_provided; latitude_longitude_available	not_provided	GCA_001746935.2 (Setophaga coronata)	NCBI SRA BioSample/accession SAMN42204547	yes_for_at_least_one_PIP	DatasetS4	UMMZ	49.634869999999999	-96.09178	SAMN42204547
UMMZ:Bird:247411	Setophaga magnolia	not_provided; latitude_longitude_available	not_provided	GCA_001746935.2 (Setophaga coronata)	NCBI SRA BioSample/accession SAMN42204545	yes_for_at_least_one_PIP	DatasetS4	UMMZ	55.280056999999999	-98.386347000000001	SAMN42204545
UMMZ:Bird:247412	Setophaga magnolia	not_provided; latitude_longitude_available	not_provided	GCA_001746935.2 (Setophaga coronata)	NCBI SRA BioSample/accession SAMN42204553	yes_for_at_least_one_PIP	DatasetS4	UMMZ	55.280056999999999	-98.386347000000001	SAMN42204553
UMMZ:Bird:247413	Setophaga magnolia	not_provided; latitude_longitude_available	not_provided	GCA_001746935.2 (Setophaga coronata)	NCBI SRA BioSample/accession SAMN42230855	yes_for_at_least_one_PIP	DatasetS4	UMMZ	54.987008000000003	-101.458855	SAMN42230855
UMMZ:Bird:247414	Setophaga magnolia	not_provided; latitude_longitude_available	not_provided	GCA_001746935.2 (Setophaga coronata)	NCBI SRA BioSample/accession SAMN42204549	yes_for_at_least_one_PIP	DatasetS4	UMMZ	54.987008000000003	-101.458855	SAMN42204549
UMMZ:Bird:247416	Setophaga magnolia	not_provided; latitude_longitude_available	not_provided	GCA_001746935.2 (Setophaga coronata)	NCBI SRA BioSample/accession SAMN42230854	yes_for_at_least_one_PIP	DatasetS4	UMMZ	54.941650000000003	-101.45536	SAMN42230854
UMMZ:Bird:247417	Setophaga magnolia	not_provided; latitude_longitude_available	not_provided	GCA_001746935.2 (Setophaga coronata)	NCBI SRA BioSample/accession SAMN42230856	yes_for_at_least_one_PIP	DatasetS4	UMMZ	54.601320000000001	-99.780699999999996	SAMN42230856
UMMZ:Bird:247419	Setophaga magnolia	not_provided; latitude_longitude_available	not_provided	GCA_001746935.2 (Setophaga coronata)	NCBI SRA BioSample/accession SAMN42204548	yes_for_at_least_one_PIP	DatasetS4	UMMZ	50.627557000000003	-95.552583999999996	SAMN42204548
UMMZ:Bird:247420	Setophaga magnolia	not_provided; latitude_longitude_available	not_provided	GCA_001746935.2 (Setophaga coronata)	NCBI SRA BioSample/accession SAMN42204544	yes_for_at_least_one_PIP	DatasetS4	UMMZ	54.968600000000002	-101.4581	SAMN42204544
UMMZ:Bird:247421	Setophaga pensylvanica	not_provided; latitude_longitude_available	not_provided	GCA_001746935.2 (Setophaga coronata)	NCBI SRA BioSample/accession SAMN42230862	yes_for_at_least_one_PIP	DatasetS4	UMMZ	50.417929999999998	-95.604119999999995	SAMN42230862
UMMZ:Bird:247422	Setophaga pensylvanica	not_provided; latitude_longitude_available	not_provided	GCA_001746935.2 (Setophaga coronata)	NCBI SRA BioSample/accession SAMN42204585	yes_for_at_least_one_PIP	DatasetS4	UMMZ	50.417929999999998	-95.604119999999995	SAMN42204585
UMMZ:Bird:247423	Setophaga pensylvanica	not_provided; latitude_longitude_available	not_provided	GCA_001746935.2 (Setophaga coronata)	NCBI SRA BioSample/accession SAMN42204586	yes_for_at_least_one_PIP	DatasetS4	UMMZ	49.609613000000003	-96.053289000000007	SAMN42204586
UMMZ:Bird:247424	Setophaga virens	not_provided; latitude_longitude_available	not_provided	GCA_001746935.2 (Setophaga coronata)	NCBI SRA BioSample/accession SAMN42204431	yes_for_at_least_one_PIP	DatasetS4	UMMZ	50.417929999999998	-95.604119999999995	SAMN42204431
UMMZ:Bird:247425	Setophaga virens	not_provided; latitude_longitude_available	not_provided	GCA_001746935.2 (Setophaga coronata)	NCBI SRA BioSample/accession SAMN42204433	yes_for_at_least_one_PIP	DatasetS4	UMMZ	49.790999999999997	-96.034915999999996	SAMN42204433
UMMZ:Bird:247426	Setophaga virens	not_provided; latitude_longitude_available	not_provided	GCA_001746935.2 (Setophaga coronata)	NCBI SRA BioSample/accession SAMN42204434	yes_for_at_least_one_PIP	DatasetS4	UMMZ	49.609613000000003	-96.053289000000007	SAMN42204434
UMMZ:Bird:247435	Sphyrapicus varius	not_provided; latitude_longitude_available	not_provided	GCA_014839835.1 (Picoides pubescens)	NCBI SRA BioSample/accession SAMN42204053	yes_for_at_least_one_PIP	DatasetS4	UMMZ	54.958950000000002	-101.45261000000001	SAMN42204053
UMMZ:Bird:247436	Sphyrapicus varius	not_provided; latitude_longitude_available	not_provided	GCA_014839835.1 (Picoides pubescens)	NCBI SRA BioSample/accession SAMN42204270	yes_for_at_least_one_PIP	DatasetS4	UMMZ	55.280056999999999	-98.386347000000001	SAMN42204270
UMMZ:Bird:247437	Sphyrapicus varius	not_provided; latitude_longitude_available	not_provided	GCA_014839835.1 (Picoides pubescens)	NCBI SRA BioSample/accession SAMN42204051	yes_for_at_least_one_PIP	DatasetS4	UMMZ	55.280056999999999	-98.386347000000001	SAMN42204051
UMMZ:Bird:247438	Sphyrapicus varius	not_provided; latitude_longitude_available	not_provided	GCA_014839835.1 (Picoides pubescens)	NCBI SRA BioSample/accession SAMN42204049	yes_for_at_least_one_PIP	DatasetS4	UMMZ	55.280056999999999	-98.386347000000001	SAMN42204049
UMMZ:Bird:247439	Sphyrapicus varius	not_provided; latitude_longitude_available	not_provided	GCA_014839835.1 (Picoides pubescens)	NCBI SRA BioSample/accession SAMN42204048	yes_for_at_least_one_PIP	DatasetS4	UMMZ	55.280056999999999	-98.386347000000001	SAMN42204048
UMMZ:Bird:247440	Sphyrapicus varius	not_provided; latitude_longitude_available	not_provided	GCA_014839835.1 (Picoides pubescens)	NCBI SRA BioSample/accession SAMN42204052	yes_for_at_least_one_PIP	DatasetS4	UMMZ	55.107548999999999	-98.471582999999995	SAMN42204052
UMMZ:Bird:247441	Sphyrapicus varius	not_provided; latitude_longitude_available	not_provided	GCA_014839835.1 (Picoides pubescens)	NCBI SRA BioSample/accession SAMN42204056	yes_for_at_least_one_PIP	DatasetS4	UMMZ	49.790999999999997	-96.034915999999996	SAMN42204056
UMMZ:Bird:247442	Sphyrapicus varius	not_provided; latitude_longitude_available	not_provided	GCA_014839835.1 (Picoides pubescens)	NCBI SRA BioSample/accession SAMN42204054	yes_for_at_least_one_PIP	DatasetS4	UMMZ	54.749400000000001	-101.52549999999999	SAMN42204054
UMMZ:Bird:247443	Sphyrapicus varius	not_provided; latitude_longitude_available	not_provided	GCA_014839835.1 (Picoides pubescens)	NCBI SRA BioSample/accession SAMN42204055	yes_for_at_least_one_PIP	DatasetS4	UMMZ	54.749400000000001	-101.52549999999999	SAMN42204055
UMMZ:Bird:247444	Sphyrapicus varius	not_provided; latitude_longitude_available	not_provided	GCA_014839835.1 (Picoides pubescens)	NCBI SRA BioSample/accession SAMN42204057	yes_for_at_least_one_PIP	DatasetS4	UMMZ	49.609613000000003	-96.053289000000007	SAMN42204057
UMMZ:Bird:247445	Sphyrapicus varius	not_provided; latitude_longitude_available	not_provided	GCA_014839835.1 (Picoides pubescens)	NCBI SRA BioSample/accession SAMN42204050	yes_for_at_least_one_PIP	DatasetS4	UMMZ	49.609613000000003	-96.053289000000007	SAMN42204050
UMMZ:Bird:247446	Vireo olivaceus	not_provided; latitude_longitude_available	not_provided	GCA_020740725.1 (Corvus hawaiiensis)	NCBI SRA BioSample/accession SAMN42203867	yes_for_at_least_one_PIP	DatasetS4	UMMZ	49.634869999999999	-96.09178	SAMN42203867
UMMZ:Bird:247447	Vireo olivaceus	not_provided; latitude_longitude_available	not_provided	GCA_020740725.1 (Corvus hawaiiensis)	NCBI SRA BioSample/accession SAMN42203869	yes_for_at_least_one_PIP	DatasetS4	UMMZ	49.549852000000001	-95.770257000000001	SAMN42203869
UMMZ:Bird:247448	Vireo olivaceus	not_provided; latitude_longitude_available	not_provided	GCA_020740725.1 (Corvus hawaiiensis)	NCBI SRA BioSample/accession SAMN42203864	yes_for_at_least_one_PIP	DatasetS4	UMMZ	54.987008000000003	-101.458855	SAMN42203864
UMMZ:Bird:247449	Vireo olivaceus	not_provided; latitude_longitude_available	not_provided	GCA_020740725.1 (Corvus hawaiiensis)	NCBI SRA BioSample/accession SAMN42203868	yes_for_at_least_one_PIP	DatasetS4	UMMZ	49.609613000000003	-96.053289000000007	SAMN42203868
UMMZ:Bird:247450	Vireo olivaceus	not_provided; latitude_longitude_available	not_provided	GCA_020740725.1 (Corvus hawaiiensis)	NCBI SRA BioSample/accession SAMN42203865	yes_for_at_least_one_PIP	DatasetS4	UMMZ	49.609613000000003	-96.053289000000007	SAMN42203865
UMMZ:Bird:247451	Vireo olivaceus	not_provided; latitude_longitude_available	not_provided	GCA_020740725.1 (Corvus hawaiiensis)	NCBI SRA BioSample/accession SAMN42203866	yes_for_at_least_one_PIP	DatasetS4	UMMZ	49.609613000000003	-96.053289000000007	SAMN42203866
UMMZ:Bird:247452	Vireo olivaceus	not_provided; latitude_longitude_available	not_provided	GCA_020740725.1 (Corvus hawaiiensis)	NCBI SRA BioSample/accession SAMN42203863	yes_for_at_least_one_PIP	DatasetS4	UMMZ	50.627557000000003	-95.552583999999996	SAMN42203863
UMMZ:Bird:247453	Vireo olivaceus	not_provided; latitude_longitude_available	not_provided	GCA_020740725.1 (Corvus hawaiiensis)	NCBI SRA BioSample/accession SAMN42204061	yes_for_at_least_one_PIP	DatasetS4	UMMZ	54.968600000000002	-101.4581	SAMN42204061
UMMZ:Bird:247454	Vireo olivaceus	not_provided; latitude_longitude_available	not_provided	GCA_020740725.1 (Corvus hawaiiensis)	NCBI SRA BioSample/accession SAMN42204062	yes_for_at_least_one_PIP	DatasetS4	UMMZ	49.609613000000003	-96.053289000000007	SAMN42204062
UMMZ:Bird:248003	Cardellina canadensis	not_provided; latitude_longitude_available	not_provided	GCA_001746935.2 (Setophaga coronata)	NCBI SRA BioSample/accession SAMN42204466	yes_for_at_least_one_PIP	DatasetS4	UMMZ	45.594659999999998	-84.759559999999993	SAMN42204466
UMMZ:Bird:248004	Cardellina canadensis	not_provided; latitude_longitude_available	not_provided	GCA_001746935.2 (Setophaga coronata)	NCBI SRA BioSample/accession SAMN42204470	yes_for_at_least_one_PIP	DatasetS4	UMMZ	45.594659999999998	-84.759559999999993	SAMN42204470
UMMZ:Bird:248005	Cardellina canadensis	not_provided; latitude_longitude_available	not_provided	GCA_001746935.2 (Setophaga coronata)	NCBI SRA BioSample/accession SAMN42204467	yes_for_at_least_one_PIP	DatasetS4	UMMZ	45.594659999999998	-84.759559999999993	SAMN42204467
UMMZ:Bird:248006	Cardellina canadensis	not_provided; latitude_longitude_available	not_provided	GCA_001746935.2 (Setophaga coronata)	NCBI SRA BioSample/accession SAMN42204469	yes_for_at_least_one_PIP	DatasetS4	UMMZ	45.475582000000003	-84.169083999999998	SAMN42204469
UMMZ:Bird:248007	Cardellina canadensis	not_provided; latitude_longitude_available	not_provided	GCA_001746935.2 (Setophaga coronata)	NCBI SRA BioSample/accession SAMN42204465	yes_for_at_least_one_PIP	DatasetS4	UMMZ	46.474302999999999	-86.326556999999994	SAMN42204465
UMMZ:Bird:248008	Catharus fuscescens	not_provided; latitude_longitude_available	not_provided	GCA_009819885.2 (Catharus ustulatus)	NCBI SRA BioSample/accession SAMN38349663	yes_for_at_least_one_PIP	DatasetS4	UMMZ	45.594659999999998	-84.759559999999993	SAMN38349663
UMMZ:Bird:248009	Catharus fuscescens	not_provided; latitude_longitude_available	not_provided	GCA_009819885.2 (Catharus ustulatus)	NCBI SRA BioSample/accession SAMN38349664	yes_for_at_least_one_PIP	DatasetS4	UMMZ	45.569819000000003	-84.967726999999996	SAMN38349664
UMMZ:Bird:248010	Catharus fuscescens	not_provided; latitude_longitude_available	not_provided	GCA_009819885.2 (Catharus ustulatus)	NCBI SRA BioSample/accession SAMN38349665	yes_for_at_least_one_PIP	DatasetS4	UMMZ	45.475582000000003	-84.169083999999998	SAMN38349665
UMMZ:Bird:248011	Catharus fuscescens	not_provided; latitude_longitude_available	not_provided	GCA_009819885.2 (Catharus ustulatus)	NCBI SRA BioSample/accession SAMN38349666	yes_for_at_least_one_PIP	DatasetS4	UMMZ	45.475582000000003	-84.169083999999998	SAMN38349666
UMMZ:Bird:248012	Catharus guttatus	not_provided; latitude_longitude_available	not_provided	GCA_009819885.2 (Catharus ustulatus)	NCBI SRA BioSample/accession SAMN42231176	yes_for_at_least_one_PIP	DatasetS4	UMMZ	45.594659999999998	-84.759559999999993	SAMN42231176
UMMZ:Bird:248013	Catharus guttatus	not_provided; latitude_longitude_available	not_provided	GCA_009819885.2 (Catharus ustulatus)	NCBI SRA BioSample/accession SAMN42231178	yes_for_at_least_one_PIP	DatasetS4	UMMZ	45.539960000000001	-84.861159999999998	SAMN42231178
UMMZ:Bird:248015	Catharus guttatus	not_provided; latitude_longitude_available	not_provided	GCA_009819885.2 (Catharus ustulatus)	NCBI SRA BioSample/accession SAMN42231175	yes_for_at_least_one_PIP	DatasetS4	UMMZ	45.569823999999997	-84.833450999999997	SAMN42231175
UMMZ:Bird:248016	Catharus guttatus	not_provided; latitude_longitude_available	not_provided	GCA_009819885.2 (Catharus ustulatus)	NCBI SRA BioSample/accession SAMN42231177	yes_for_at_least_one_PIP	DatasetS4	UMMZ	45.537140000000001	-84.877799999999993	SAMN42231177
UMMZ:Bird:248017	Catharus guttatus	not_provided; latitude_longitude_available	not_provided	GCA_009819885.2 (Catharus ustulatus)	NCBI SRA BioSample/accession SAMN42231179	yes_for_at_least_one_PIP	DatasetS4	UMMZ	45.565060000000003	-84.843410000000006	SAMN42231179
UMMZ:Bird:248018	Catharus ustulatus	not_provided; latitude_longitude_available	not_provided	GCA_009819885.2 (Catharus ustulatus)	NCBI SRA BioSample/accession SAMN42231180	yes_for_at_least_one_PIP	DatasetS4	UMMZ	46.474302999999999	-86.326556999999994	SAMN42231180
UMMZ:Bird:248019	Catharus ustulatus	not_provided; latitude_longitude_available	not_provided	GCA_009819885.2 (Catharus ustulatus)	NCBI SRA BioSample/accession SAMN42231181	yes_for_at_least_one_PIP	DatasetS4	UMMZ	46.351652000000001	-85.782647999999995	SAMN42231181
UMMZ:Bird:248035	Empidonax flaviventris	not_provided; latitude_longitude_available	not_provided	GCA_009829145.1 (Chiroxiphia lanceolata)	NCBI SRA BioSample/accession SAMN42204299	yes_for_at_least_one_PIP	DatasetS4	UMMZ	46.474302999999999	-86.326556999999994	SAMN42204299
UMMZ:Bird:248037	Empidonax minimus	not_provided; latitude_longitude_available	not_provided	GCA_009829145.1 (Chiroxiphia lanceolata)	NCBI SRA BioSample/accession SAMN42204497	yes_for_at_least_one_PIP	DatasetS4	UMMZ	45.612160000000003	-84.768529999999998	SAMN42204497
UMMZ:Bird:248038	Empidonax minimus	not_provided; latitude_longitude_available	not_provided	GCA_009829145.1 (Chiroxiphia lanceolata)	NCBI SRA BioSample/accession SAMN42231200	yes_for_at_least_one_PIP	DatasetS4	UMMZ	46.424560999999997	-85.874418000000006	SAMN42231200
UMMZ:Bird:248039	Empidonax minimus	not_provided; latitude_longitude_available	not_provided	GCA_009829145.1 (Chiroxiphia lanceolata)	NCBI SRA BioSample/accession SAMN42204499	yes_for_at_least_one_PIP	DatasetS4	UMMZ	46.424560999999997	-85.874418000000006	SAMN42204499
UMMZ:Bird:248040	Geothlypis philadelphia	not_provided; latitude_longitude_available	not_provided	GCA_009764595.1 (Geothlypis trichas)	NCBI SRA BioSample/accession SAMN42204331	yes_for_at_least_one_PIP	DatasetS4	UMMZ	46.471124000000003	-85.952708999999999	SAMN42204331
UMMZ:Bird:248041	Geothlypis philadelphia	not_provided; latitude_longitude_available	not_provided	GCA_009764595.1 (Geothlypis trichas)	NCBI SRA BioSample/accession SAMN42231207	yes_for_at_least_one_PIP	DatasetS4	UMMZ	46.471124000000003	-85.952708999999999	SAMN42231207
UMMZ:Bird:248042	Geothlypis philadelphia	not_provided; latitude_longitude_available	not_provided	GCA_009764595.1 (Geothlypis trichas)	NCBI SRA BioSample/accession SAMN42231208	yes_for_at_least_one_PIP	DatasetS4	UMMZ	45.475582000000003	-84.169083999999998	SAMN42231208
UMMZ:Bird:248043	Geothlypis philadelphia	not_provided; latitude_longitude_available	not_provided	GCA_009764595.1 (Geothlypis trichas)	NCBI SRA BioSample/accession SAMN42204332	yes_for_at_least_one_PIP	DatasetS4	UMMZ	45.569819000000003	-84.967726999999996	SAMN42204332
UMMZ:Bird:248044	Geothlypis philadelphia	not_provided; latitude_longitude_available	not_provided	GCA_009764595.1 (Geothlypis trichas)	NCBI SRA BioSample/accession SAMN42231209	yes_for_at_least_one_PIP	DatasetS4	UMMZ	45.537140000000001	-84.877799999999993	SAMN42231209
UMMZ:Bird:248045	Junco hyemalis	not_provided; latitude_longitude_available	not_provided	GCA_003829775.2 (Junco hyemalis)	NCBI SRA BioSample/accession SAMN42204379	yes_for_at_least_one_PIP	DatasetS4	UMMZ	46.434784999999998	-85.940945999999997	SAMN42204379
UMMZ:Bird:248046	Junco hyemalis	not_provided; latitude_longitude_available	not_provided	GCA_003829775.2 (Junco hyemalis)	NCBI SRA BioSample/accession SAMN42231226	yes_for_at_least_one_PIP	DatasetS4	UMMZ	46.421678	-85.853824000000003	SAMN42231226
UMMZ:Bird:248047	Junco hyemalis	not_provided; latitude_longitude_available	not_provided	GCA_003829775.2 (Junco hyemalis)	NCBI SRA BioSample/accession SAMN42204367	yes_for_at_least_one_PIP	DatasetS4	UMMZ	46.421678	-85.853824000000003	SAMN42204367
UMMZ:Bird:248048	Junco hyemalis	not_provided; latitude_longitude_available	not_provided	GCA_003829775.2 (Junco hyemalis)	NCBI SRA BioSample/accession SAMN42204365	yes_for_at_least_one_PIP	DatasetS4	UMMZ	46.424560999999997	-85.874418000000006	SAMN42204365
UMMZ:Bird:248049	Junco hyemalis	not_provided; latitude_longitude_available	not_provided	GCA_003829775.2 (Junco hyemalis)	NCBI SRA BioSample/accession SAMN42231225	yes_for_at_least_one_PIP	DatasetS4	UMMZ	46.380944999999997	-85.821759999999998	SAMN42231225
UMMZ:Bird:248050	Leiothlypis ruficapilla	not_provided; latitude_longitude_available	not_provided	GCA_001746935.2 (Setophaga coronata)	NCBI SRA BioSample/accession SAMN42231233	yes_for_at_least_one_PIP	DatasetS4	UMMZ	45.594659999999998	-84.759559999999993	SAMN42231233
UMMZ:Bird:248051	Leiothlypis ruficapilla	not_provided; latitude_longitude_available	not_provided	GCA_001746935.2 (Setophaga coronata)	NCBI SRA BioSample/accession SAMN42231228	yes_for_at_least_one_PIP	DatasetS4	UMMZ	45.594659999999998	-84.759559999999993	SAMN42231228
UMMZ:Bird:248052	Leiothlypis ruficapilla	not_provided; latitude_longitude_available	not_provided	GCA_001746935.2 (Setophaga coronata)	NCBI SRA BioSample/accession SAMN42231229	yes_for_at_least_one_PIP	DatasetS4	UMMZ	45.594659999999998	-84.759559999999993	SAMN42231229
UMMZ:Bird:248053	Leiothlypis ruficapilla	not_provided; latitude_longitude_available	not_provided	GCA_001746935.2 (Setophaga coronata)	NCBI SRA BioSample/accession SAMN42231232	yes_for_at_least_one_PIP	DatasetS4	UMMZ	46.434784999999998	-85.940945999999997	SAMN42231232
UMMZ:Bird:248054	Leiothlypis ruficapilla	not_provided; latitude_longitude_available	not_provided	GCA_001746935.2 (Setophaga coronata)	NCBI SRA BioSample/accession SAMN42231231	yes_for_at_least_one_PIP	DatasetS4	UMMZ	46.434784999999998	-85.940945999999997	SAMN42231231
UMMZ:Bird:248055	Leiothlypis ruficapilla	not_provided; latitude_longitude_available	not_provided	GCA_001746935.2 (Setophaga coronata)	NCBI SRA BioSample/accession SAMN42231230	yes_for_at_least_one_PIP	DatasetS4	UMMZ	45.594659999999998	-84.759559999999993	SAMN42231230
UMMZ:Bird:248056	Leiothlypis ruficapilla	not_provided; latitude_longitude_available	not_provided	GCA_001746935.2 (Setophaga coronata)	NCBI SRA BioSample/accession SAMN42231234	yes_for_at_least_one_PIP	DatasetS4	UMMZ	45.475582000000003	-84.169083999999998	SAMN42231234
UMMZ:Bird:248057	Melospiza lincolnii	not_provided; latitude_longitude_available	not_provided	GCA_003829775.2 (Junco hyemalis)	NCBI SRA BioSample/accession SAMN42204184	yes_for_at_least_one_PIP	DatasetS4	UMMZ	46.359032999999997	-85.782257000000001	SAMN42204184
UMMZ:Bird:248059	Melospiza lincolnii	not_provided; latitude_longitude_available	not_provided	GCA_003829775.2 (Junco hyemalis)	NCBI SRA BioSample/accession SAMN42204182	yes_for_at_least_one_PIP	DatasetS4	UMMZ	46.402180000000001	-85.928619999999995	SAMN42204182
UMMZ:Bird:248087	Corthylio calendula	not_provided; latitude_longitude_available	not_provided	GCA_018697195.1 (Certhia americana)	NCBI SRA BioSample/accession SAMN42204198	yes_for_at_least_one_PIP	DatasetS4	UMMZ	46.359032999999997	-85.782257000000001	SAMN42204198
UMMZ:Bird:248088	Corthylio calendula	not_provided; latitude_longitude_available	not_provided	GCA_018697195.1 (Certhia americana)	NCBI SRA BioSample/accession SAMN42204199	yes_for_at_least_one_PIP	DatasetS4	UMMZ	46.474302999999999	-86.326556999999994	SAMN42204199
UMMZ:Bird:248099	Setophaga coronata	not_provided; latitude_longitude_available	not_provided	GCA_001746935.2 (Setophaga coronata)	NCBI SRA BioSample/accession SAMN42231291	yes_for_at_least_one_PIP	DatasetS4	UMMZ	45.569823999999997	-84.833450999999997	SAMN42231291
UMMZ:Bird:248100	Setophaga coronata	not_provided; latitude_longitude_available	not_provided	GCA_001746935.2 (Setophaga coronata)	NCBI SRA BioSample/accession SAMN42231293	yes_for_at_least_one_PIP	DatasetS4	UMMZ	45.475582000000003	-84.169083999999998	SAMN42231293
UMMZ:Bird:248101	Setophaga coronata	not_provided; latitude_longitude_available	not_provided	GCA_001746935.2 (Setophaga coronata)	NCBI SRA BioSample/accession SAMN42231292	yes_for_at_least_one_PIP	DatasetS4	UMMZ	46.402180000000001	-85.928619999999995	SAMN42231292
UMMZ:Bird:248102	Setophaga coronata	not_provided; latitude_longitude_available	not_provided	GCA_001746935.2 (Setophaga coronata)	NCBI SRA BioSample/accession SAMN42231290	yes_for_at_least_one_PIP	DatasetS4	UMMZ	45.569823999999997	-84.833450999999997	SAMN42231290
UMMZ:Bird:248103	Setophaga fusca	not_provided; latitude_longitude_available	not_provided	GCA_001746935.2 (Setophaga coronata)	NCBI SRA BioSample/accession SAMN42231296	yes_for_at_least_one_PIP	DatasetS4	UMMZ	45.539960000000001	-84.861159999999998	SAMN42231296
UMMZ:Bird:248104	Setophaga fusca	not_provided; latitude_longitude_available	not_provided	GCA_001746935.2 (Setophaga coronata)	NCBI SRA BioSample/accession SAMN42231298	yes_for_at_least_one_PIP	DatasetS4	UMMZ	45.539960000000001	-84.861159999999998	SAMN42231298
UMMZ:Bird:248105	Setophaga fusca	not_provided; latitude_longitude_available	not_provided	GCA_001746935.2 (Setophaga coronata)	NCBI SRA BioSample/accession SAMN42231299	yes_for_at_least_one_PIP	DatasetS4	UMMZ	46.471124000000003	-85.952708999999999	SAMN42231299
UMMZ:Bird:248106	Setophaga fusca	not_provided; latitude_longitude_available	not_provided	GCA_001746935.2 (Setophaga coronata)	NCBI SRA BioSample/accession SAMN42231297	yes_for_at_least_one_PIP	DatasetS4	UMMZ	46.471124000000003	-85.952708999999999	SAMN42231297
UMMZ:Bird:248107	Setophaga fusca	not_provided; latitude_longitude_available	not_provided	GCA_001746935.2 (Setophaga coronata)	NCBI SRA BioSample/accession SAMN42231300	yes_for_at_least_one_PIP	DatasetS4	UMMZ	45.569823999999997	-84.833450999999997	SAMN42231300
UMMZ:Bird:248108	Setophaga magnolia	not_provided; latitude_longitude_available	not_provided	GCA_001746935.2 (Setophaga coronata)	NCBI SRA BioSample/accession SAMN42231301	yes_for_at_least_one_PIP	DatasetS4	UMMZ	46.402180000000001	-85.928619999999995	SAMN42231301
UMMZ:Bird:248109	Setophaga palmarum	not_provided; latitude_longitude_available	not_provided	GCA_001746935.2 (Setophaga coronata)	NCBI SRA BioSample/accession SAMN42204248	yes_for_at_least_one_PIP	DatasetS4	UMMZ	46.351652000000001	-85.782647999999995	SAMN42204248
UMMZ:Bird:248110	Setophaga palmarum	not_provided; latitude_longitude_available	not_provided	GCA_001746935.2 (Setophaga coronata)	NCBI SRA BioSample/accession SAMN42204247	yes_for_at_least_one_PIP	DatasetS4	UMMZ	46.351652000000001	-85.782647999999995	SAMN42204247
UMMZ:Bird:248111	Setophaga palmarum	not_provided; latitude_longitude_available	not_provided	GCA_001746935.2 (Setophaga coronata)	NCBI SRA BioSample/accession SAMN42204249	yes_for_at_least_one_PIP	DatasetS4	UMMZ	46.359032999999997	-85.782257000000001	SAMN42204249
UMMZ:Bird:248112	Setophaga palmarum	not_provided; latitude_longitude_available	not_provided	GCA_001746935.2 (Setophaga coronata)	NCBI SRA BioSample/accession SAMN42204253	yes_for_at_least_one_PIP	DatasetS4	UMMZ	46.351652000000001	-85.782647999999995	SAMN42204253
UMMZ:Bird:248113	Setophaga palmarum	not_provided; latitude_longitude_available	not_provided	GCA_001746935.2 (Setophaga coronata)	NCBI SRA BioSample/accession SAMN42204259	yes_for_at_least_one_PIP	DatasetS4	UMMZ	46.421678	-85.853824000000003	SAMN42204259
UMMZ:Bird:248114	Setophaga palmarum	not_provided; latitude_longitude_available	not_provided	GCA_001746935.2 (Setophaga coronata)	NCBI SRA BioSample/accession SAMN42204255	yes_for_at_least_one_PIP	DatasetS4	UMMZ	46.421678	-85.853824000000003	SAMN42204255
UMMZ:Bird:248115	Setophaga palmarum	not_provided; latitude_longitude_available	not_provided	GCA_001746935.2 (Setophaga coronata)	NCBI SRA BioSample/accession SAMN42204246	yes_for_at_least_one_PIP	DatasetS4	UMMZ	46.413065000000003	-85.810567000000006	SAMN42204246
UMMZ:Bird:248116	Setophaga palmarum	not_provided; latitude_longitude_available	not_provided	GCA_001746935.2 (Setophaga coronata)	NCBI SRA BioSample/accession SAMN42204406	yes_for_at_least_one_PIP	DatasetS4	UMMZ	46.421678	-85.853824000000003	SAMN42204406
UMMZ:Bird:248118	Setophaga pensylvanica	not_provided; latitude_longitude_available	not_provided	GCA_001746935.2 (Setophaga coronata)	NCBI SRA BioSample/accession SAMN42204587	yes_for_at_least_one_PIP	DatasetS4	UMMZ	45.565060000000003	-84.843410000000006	SAMN42204587
UMMZ:Bird:248127	Setophaga tigrina	not_provided; latitude_longitude_available	not_provided	GCA_001746935.2 (Setophaga coronata)	NCBI SRA BioSample/accession SAMN42231309	yes_for_at_least_one_PIP	DatasetS4	UMMZ	46.471124000000003	-85.952708999999999	SAMN42231309
UMMZ:Bird:248128	Setophaga tigrina	not_provided; latitude_longitude_available	not_provided	GCA_001746935.2 (Setophaga coronata)	NCBI SRA BioSample/accession SAMN42231311	yes_for_at_least_one_PIP	DatasetS4	UMMZ	46.471124000000003	-85.952708999999999	SAMN42231311
UMMZ:Bird:248129	Setophaga virens	not_provided; latitude_longitude_available	not_provided	GCA_001746935.2 (Setophaga coronata)	NCBI SRA BioSample/accession SAMN42231131	yes_for_at_least_one_PIP	DatasetS4	UMMZ	45.539960000000001	-84.861159999999998	SAMN42231131
UMMZ:Bird:248130	Setophaga virens	not_provided; latitude_longitude_available	not_provided	GCA_001746935.2 (Setophaga coronata)	NCBI SRA BioSample/accession SAMN42231129	yes_for_at_least_one_PIP	DatasetS4	UMMZ	46.471124000000003	-85.952708999999999	SAMN42231129
UMMZ:Bird:248131	Setophaga virens	not_provided; latitude_longitude_available	not_provided	GCA_001746935.2 (Setophaga coronata)	NCBI SRA BioSample/accession SAMN42231315	yes_for_at_least_one_PIP	DatasetS4	UMMZ	46.424560999999997	-85.874418000000006	SAMN42231315
UMMZ:Bird:248132	Setophaga virens	not_provided; latitude_longitude_available	not_provided	GCA_001746935.2 (Setophaga coronata)	NCBI SRA BioSample/accession SAMN42231128	yes_for_at_least_one_PIP	DatasetS4	UMMZ	45.574041000000001	-84.98554	SAMN42231128
UMMZ:Bird:248134	Setophaga virens	not_provided; latitude_longitude_available	not_provided	GCA_001746935.2 (Setophaga coronata)	NCBI SRA BioSample/accession SAMN42231130	yes_for_at_least_one_PIP	DatasetS4	UMMZ	46.434784999999998	-85.940945999999997	SAMN42231130
UMMZ:Bird:248140	Sphyrapicus varius	not_provided; latitude_longitude_available	not_provided	GCA_014839835.1 (Picoides pubescens)	NCBI SRA BioSample/accession SAMN42231322	yes_for_at_least_one_PIP	DatasetS4	UMMZ	45.594659999999998	-84.759559999999993	SAMN42231322
UMMZ:Bird:248141	Sphyrapicus varius	not_provided; latitude_longitude_available	not_provided	GCA_014839835.1 (Picoides pubescens)	NCBI SRA BioSample/accession SAMN42231323	yes_for_at_least_one_PIP	DatasetS4	UMMZ	45.594659999999998	-84.759559999999993	SAMN42231323
UMMZ:Bird:248143	Troglodytes hiemalis	not_provided; latitude_longitude_available	not_provided	GCA_018697195.1 (Certhia americana)	NCBI SRA BioSample/accession SAMN42230992	yes_for_at_least_one_PIP	DatasetS4	UMMZ	45.594659999999998	-84.759559999999993	SAMN42230992
UMMZ:Bird:248144	Troglodytes hiemalis	not_provided; latitude_longitude_available	not_provided	GCA_018697195.1 (Certhia americana)	NCBI SRA BioSample/accession SAMN42230993	yes_for_at_least_one_PIP	DatasetS4	UMMZ	45.569823999999997	-84.833450999999997	SAMN42230993
UMMZ:Bird:248147	Vireo olivaceus	not_provided; latitude_longitude_available	not_provided	GCA_020740725.1 (Corvus hawaiiensis)	NCBI SRA BioSample/accession SAMN42231334	yes_for_at_least_one_PIP	DatasetS4	UMMZ	46.471124000000003	-85.952708999999999	SAMN42231334
UMMZ:Bird:248148	Vireo olivaceus	not_provided; latitude_longitude_available	not_provided	GCA_020740725.1 (Corvus hawaiiensis)	NCBI SRA BioSample/accession SAMN42231335	yes_for_at_least_one_PIP	DatasetS4	UMMZ	45.475582000000003	-84.169083999999998	SAMN42231335
UMMZ:Bird:248149	Vireo olivaceus	not_provided; latitude_longitude_available	not_provided	GCA_020740725.1 (Corvus hawaiiensis)	NCBI SRA BioSample/accession SAMN42231333	yes_for_at_least_one_PIP	DatasetS4	UMMZ	45.475582000000003	-84.169083999999998	SAMN42231333
UMMZ:Bird:248150	Vireo olivaceus	not_provided; latitude_longitude_available	not_provided	GCA_020740725.1 (Corvus hawaiiensis)	NCBI SRA BioSample/accession SAMN42231332	yes_for_at_least_one_PIP	DatasetS4	UMMZ	45.565060000000003	-84.843410000000006	SAMN42231332
UMMZ:Bird:248151	Vireo solitarius	not_provided; latitude_longitude_available	not_provided	GCA_020740725.1 (Corvus hawaiiensis)	NCBI SRA BioSample/accession SAMN42231340	yes_for_at_least_one_PIP	DatasetS4	UMMZ	45.594659999999998	-84.759559999999993	SAMN42231340
UMMZ:Bird:248153	Vireo solitarius	not_provided; latitude_longitude_available	not_provided	GCA_020740725.1 (Corvus hawaiiensis)	NCBI SRA BioSample/accession SAMN42231339	yes_for_at_least_one_PIP	DatasetS4	UMMZ	46.424560999999997	-85.874418000000006	SAMN42231339
UMMZ:Bird:248154	Vireo solitarius	not_provided; latitude_longitude_available	not_provided	GCA_020740725.1 (Corvus hawaiiensis)	NCBI SRA BioSample/accession SAMN42231338	yes_for_at_least_one_PIP	DatasetS4	UMMZ	46.424560999999997	-85.874418000000006	SAMN42231338
UMMZ:Bird:248155	Vireo solitarius	not_provided; latitude_longitude_available	not_provided	GCA_020740725.1 (Corvus hawaiiensis)	NCBI SRA BioSample/accession SAMN42231336	yes_for_at_least_one_PIP	DatasetS4	UMMZ	46.434488999999999	-85.940566000000004	SAMN42231336
UMMZ:Bird:248157	Vireo solitarius	not_provided; latitude_longitude_available	not_provided	GCA_020740725.1 (Corvus hawaiiensis)	NCBI SRA BioSample/accession SAMN42231337	yes_for_at_least_one_PIP	DatasetS4	UMMZ	46.380944999999997	-85.821759999999998	SAMN42231337
UMMZ:Bird:248159	Zonotrichia albicollis	not_provided; latitude_longitude_available	not_provided	GCA_003829775.2 (Junco hyemalis)	NCBI SRA BioSample/accession SAMN42231345	yes_for_at_least_one_PIP	DatasetS4	UMMZ	45.594659999999998	-84.759559999999993	SAMN42231345
UMMZ:Bird:248160	Zonotrichia albicollis	not_provided; latitude_longitude_available	not_provided	GCA_003829775.2 (Junco hyemalis)	NCBI SRA BioSample/accession SAMN42231348	yes_for_at_least_one_PIP	DatasetS4	UMMZ	45.594659999999998	-84.759559999999993	SAMN42231348
UMMZ:Bird:248161	Zonotrichia albicollis	not_provided; latitude_longitude_available	not_provided	GCA_003829775.2 (Junco hyemalis)	NCBI SRA BioSample/accession SAMN42231349	yes_for_at_least_one_PIP	DatasetS4	UMMZ	45.594659999999998	-84.759559999999993	SAMN42231349
UMMZ:Bird:248164	Zonotrichia albicollis	not_provided; latitude_longitude_available	not_provided	GCA_003829775.2 (Junco hyemalis)	NCBI SRA BioSample/accession SAMN42231344	yes_for_at_least_one_PIP	DatasetS4	UMMZ	45.594659999999998	-84.759559999999993	SAMN42231344
UMMZ:Bird:248165	Zonotrichia albicollis	not_provided; latitude_longitude_available	not_provided	GCA_003829775.2 (Junco hyemalis)	NCBI SRA BioSample/accession SAMN42231347	yes_for_at_least_one_PIP	DatasetS4	UMMZ	45.594659999999998	-84.759559999999993	SAMN42231347
UMMZ:Bird:248166	Zonotrichia albicollis	not_provided; latitude_longitude_available	not_provided	GCA_003829775.2 (Junco hyemalis)	NCBI SRA BioSample/accession SAMN42231346	yes_for_at_least_one_PIP	DatasetS4	UMMZ	45.569819000000003	-84.967726999999996	SAMN42231346
UMMZ:Bird:248480	Geothlypis philadelphia	not_provided; latitude_longitude_available	not_provided	GCA_009764595.1 (Geothlypis trichas)	NCBI SRA BioSample/accession SAMN42231377	yes_for_at_least_one_PIP	DatasetS4	UMMZ	46.434035000000002	-89.180252999999993	SAMN42231377
UMMZ:Bird:248482	Geothlypis philadelphia	not_provided; latitude_longitude_available	not_provided	GCA_009764595.1 (Geothlypis trichas)	NCBI SRA BioSample/accession SAMN42231378	yes_for_at_least_one_PIP	DatasetS4	UMMZ	46.434035000000002	-89.180252999999993	SAMN42231378
UMMZ:Bird:248515	Poecile atricapillus	not_provided; latitude_longitude_available	not_provided	GCA_001522545.3 (Parus major)	NCBI SRA BioSample/accession SAMN42231415	yes_for_at_least_one_PIP	DatasetS4	UMMZ	46.434035000000002	-89.180252999999993	SAMN42231415
UMMZ:Bird:248516	Poecile atricapillus	not_provided; latitude_longitude_available	not_provided	GCA_001522545.3 (Parus major)	NCBI SRA BioSample/accession SAMN42231416	yes_for_at_least_one_PIP	DatasetS4	UMMZ	46.434035000000002	-89.180252999999993	SAMN42231416
UMMZ:Bird:248526	Setophaga coronata	not_provided; latitude_longitude_available	not_provided	GCA_001746935.2 (Setophaga coronata)	NCBI SRA BioSample/accession SAMN42231455	yes_for_at_least_one_PIP	DatasetS4	UMMZ	46.434035000000002	-89.180252999999993	SAMN42231455
UMMZ:Bird:248529	Setophaga fusca	not_provided; latitude_longitude_available	not_provided	GCA_001746935.2 (Setophaga coronata)	NCBI SRA BioSample/accession SAMN42231456	yes_for_at_least_one_PIP	DatasetS4	UMMZ	46.434035000000002	-89.180252999999993	SAMN42231456
UMMZ:Bird:248530	Setophaga magnolia	not_provided; latitude_longitude_available	not_provided	GCA_001746935.2 (Setophaga coronata)	NCBI SRA BioSample/accession SAMN42231473	yes_for_at_least_one_PIP	DatasetS4	UMMZ	46.434035000000002	-89.180252999999993	SAMN42231473
UMMZ:Bird:248542	Setophaga tigrina	not_provided; latitude_longitude_available	not_provided	GCA_001746935.2 (Setophaga coronata)	NCBI SRA BioSample/accession SAMN42231476	yes_for_at_least_one_PIP	DatasetS4	UMMZ	46.434035000000002	-89.180252999999993	SAMN42231476
UMMZ:Bird:248543	Setophaga tigrina	not_provided; latitude_longitude_available	not_provided	GCA_001746935.2 (Setophaga coronata)	NCBI SRA BioSample/accession SAMN42231478	yes_for_at_least_one_PIP	DatasetS4	UMMZ	46.434035000000002	-89.180252999999993	SAMN42231478
UMMZ:Bird:248544	Setophaga tigrina	not_provided; latitude_longitude_available	not_provided	GCA_001746935.2 (Setophaga coronata)	NCBI SRA BioSample/accession SAMN42231477	yes_for_at_least_one_PIP	DatasetS4	UMMZ	46.434035000000002	-89.180252999999993	SAMN42231477
UMMZ:Bird:T-9448	Troglodytes hiemalis	not_provided; latitude_longitude_available	not_provided	GCA_018697195.1 (Certhia americana)	NCBI SRA BioSample/accession SAMN42231137	yes_for_at_least_one_PIP	DatasetS4	UMMZ	46.180079999999997	-87.589519999999993	SAMN42231137
YPWA1	Setophaga palmarum	not_provided; latitude_longitude_available	not_provided	GCA_001746935.2 (Setophaga coronata)	NCBI SRA BioSample/accession SAMN42231474	yes_for_at_least_one_PIP	DatasetS4	Theresa Burg/University of Lethbridge	45.013666669999999	-63.049472219999998	SAMN42231474
YPWA2	Setophaga palmarum	not_provided; latitude_longitude_available	not_provided	GCA_001746935.2 (Setophaga coronata)	NCBI SRA BioSample/accession SAMN42231475	yes_for_at_least_one_PIP	DatasetS4	Theresa Burg/University of Lethbridge	45.013666669999999	-63.049472219999998	SAMN42231475
Z00.13.13	Melospiza lincolnii	not_provided; latitude_longitude_available	not_provided	GCA_003829775.2 (Junco hyemalis)	NCBI SRA BioSample/accession SAMN42203932	yes_for_at_least_one_PIP	DatasetS4	RAM	58.566389000000001	-117.764167	SAMN42203932
Z00.13.17	Setophaga tigrina	not_provided; latitude_longitude_available	not_provided	GCA_001746935.2 (Setophaga coronata)	NCBI SRA BioSample/accession SAMN42204409	yes_for_at_least_one_PIP	DatasetS4	RAM	58.590555999999999	-118.48694399999999	SAMN42204409
Z00.13.6	Setophaga castanea	not_provided; latitude_longitude_available	not_provided	GCA_001746935.2 (Setophaga coronata)	NCBI SRA BioSample/accession SAMN42230823	yes_for_at_least_one_PIP	DatasetS4	RAM	58.560277999999997	-117.709722	SAMN42230823
Z02.10.1	Catharus fuscescens	not_provided; latitude_longitude_available	not_provided	GCA_009819885.2 (Catharus ustulatus)	NCBI SRA BioSample/accession SAMN38349769	yes_for_at_least_one_PIP	DatasetS4	RAM	53.504167000000002	-112.839444	SAMN38349769
Z02.11.21	Corthylio calendula	not_provided; latitude_longitude_available	not_provided	GCA_018697195.1 (Certhia americana)	NCBI SRA BioSample/accession SAMN42203954	yes_for_at_least_one_PIP	DatasetS4	RAM	53.288888999999998	-116.945278	SAMN42203954
Z02.16.7	Catharus fuscescens	not_provided; latitude_longitude_available	not_provided	GCA_009819885.2 (Catharus ustulatus)	NCBI SRA BioSample/accession SAMN38349770	yes_for_at_least_one_PIP	DatasetS4	RAM	53.506110999999997	-112.8425	SAMN38349770
Z02.4.12	Melospiza lincolnii	not_provided; latitude_longitude_available	not_provided	GCA_003829775.2 (Junco hyemalis)	NCBI SRA BioSample/accession SAMN42231237	yes_for_at_least_one_PIP	DatasetS4	RAM	53.45	-112.53	SAMN42231237
Z02.9.39	Setophaga palmarum	not_provided; latitude_longitude_available	not_provided	GCA_001746935.2 (Setophaga coronata)	NCBI SRA BioSample/accession SAMN52635806	yes_for_at_least_one_PIP	DatasetS4	RAM	50.461666999999998	-111.47416699999999	SAMN52635806
Z04.3.3	Geothlypis philadelphia	not_provided; latitude_longitude_available	not_provided	GCA_009764595.1 (Geothlypis trichas)	NCBI SRA BioSample/accession SAMN42204323	yes_for_at_least_one_PIP	DatasetS4	RAM	54.721944000000001	-118.24333300000001	SAMN42204323
Z04.3.5	Geothlypis philadelphia	not_provided; latitude_longitude_available	not_provided	GCA_009764595.1 (Geothlypis trichas)	NCBI SRA BioSample/accession SAMN42204321	yes_for_at_least_one_PIP	DatasetS4	RAM	54.792222000000002	-118.30805599999999	SAMN42204321
Z04.3.8	Geothlypis philadelphia	not_provided; latitude_longitude_available	not_provided	GCA_009764595.1 (Geothlypis trichas)	NCBI SRA BioSample/accession SAMN42204316	yes_for_at_least_one_PIP	DatasetS4	RAM	54.826943999999997	-118.538611	SAMN42204316
Z06.2.15	Melospiza lincolnii	not_provided; latitude_longitude_available	not_provided	GCA_003829775.2 (Junco hyemalis)	NCBI SRA BioSample/accession SAMN42231235	yes_for_at_least_one_PIP	DatasetS4	RAM	54.274830000000001	-112.33287	SAMN42231235
Z07.4.11	Vireo solitarius	not_provided; latitude_longitude_available	not_provided	GCA_020740725.1 (Corvus hawaiiensis)	NCBI SRA BioSample/accession SAMN42203898	yes_for_at_least_one_PIP	DatasetS4	RAM	51.869079999999997	-114.99500999999999	SAMN42203898
Z07.4.13	Vireo solitarius	not_provided; latitude_longitude_available	not_provided	GCA_020740725.1 (Corvus hawaiiensis)	NCBI SRA BioSample/accession SAMN42203899	yes_for_at_least_one_PIP	DatasetS4	RAM	51.973370000000003	-115.25676	SAMN42203899
Z07.4.26	Geothlypis philadelphia	not_provided; latitude_longitude_available	not_provided	GCA_009764595.1 (Geothlypis trichas)	NCBI SRA BioSample/accession SAMN42204324	yes_for_at_least_one_PIP	DatasetS4	RAM	52.932200000000002	-115.05509000000001	SAMN42204324
Z07.4.27	Geothlypis philadelphia	not_provided; latitude_longitude_available	not_provided	GCA_009764595.1 (Geothlypis trichas)	NCBI SRA BioSample/accession SAMN42204319	yes_for_at_least_one_PIP	DatasetS4	RAM	52.90851	-115.10765000000001	SAMN42204319
Z07.4.28	Geothlypis philadelphia	not_provided; latitude_longitude_available	not_provided	GCA_009764595.1 (Geothlypis trichas)	NCBI SRA BioSample/accession SAMN42204322	yes_for_at_least_one_PIP	DatasetS4	RAM	52.907789999999999	-115.10451999999999	SAMN42204322
Z07.4.29	Geothlypis philadelphia	not_provided; latitude_longitude_available	not_provided	GCA_009764595.1 (Geothlypis trichas)	NCBI SRA BioSample/accession SAMN42204325	yes_for_at_least_one_PIP	DatasetS4	RAM	52.902790000000003	-115.07424	SAMN42204325
Z08.3.6	Setophaga magnolia	not_provided; latitude_longitude_available	not_provided	GCA_001746935.2 (Setophaga coronata)	NCBI SRA BioSample/accession SAMN42204405	yes_for_at_least_one_PIP	DatasetS4	RAM	54.559820000000002	-114.6242	SAMN42204405
Z08.4.1	Melospiza lincolnii	not_provided; latitude_longitude_available	not_provided	GCA_003829775.2 (Junco hyemalis)	NCBI SRA BioSample/accession SAMN42203933	yes_for_at_least_one_PIP	DatasetS4	RAM	51.85324	-114.91497	SAMN42203933
Z09.5.12	Setophaga tigrina	not_provided; latitude_longitude_available	not_provided	GCA_001746935.2 (Setophaga coronata)	NCBI SRA BioSample/accession SAMN42204602	yes_for_at_least_one_PIP	DatasetS4	RAM	55.991889999999998	-113.56	SAMN42204602
Z09.6.12	Setophaga fusca	not_provided; latitude_longitude_available	not_provided	GCA_001746935.2 (Setophaga coronata)	NCBI SRA BioSample/accession SAMN42203716	yes_for_at_least_one_PIP	DatasetS4	RAM	54.600050000000003	-110.19844000000001	SAMN42203716
Z09.6.13	Setophaga fusca	not_provided; latitude_longitude_available	not_provided	GCA_001746935.2 (Setophaga coronata)	NCBI SRA BioSample/accession SAMN42203717	yes_for_at_least_one_PIP	DatasetS4	RAM	54.599939999999997	-110.19826999999999	SAMN42203717
Z09.6.14	Leiothlypis ruficapilla	not_provided; latitude_longitude_available	not_provided	GCA_001746935.2 (Setophaga coronata)	NCBI SRA BioSample/accession SAMN42230767	yes_for_at_least_one_PIP	DatasetS4	RAM	54.601640000000003	-110.19987	SAMN42230767
Z09.6.15	Leiothlypis ruficapilla	not_provided; latitude_longitude_available	not_provided	GCA_001746935.2 (Setophaga coronata)	NCBI SRA BioSample/accession SAMN42230770	yes_for_at_least_one_PIP	DatasetS4	RAM	54.670050000000003	-110.27571	SAMN42230770
Z09.6.17	Setophaga castanea	not_provided; latitude_longitude_available	not_provided	GCA_001746935.2 (Setophaga coronata)	NCBI SRA BioSample/accession SAMN42230817	yes_for_at_least_one_PIP	DatasetS4	RAM	54.664569999999998	-110.26139999999999	SAMN42230817
Z09.6.18	Setophaga tigrina	not_provided; latitude_longitude_available	not_provided	GCA_001746935.2 (Setophaga coronata)	NCBI SRA BioSample/accession SAMN42204603	yes_for_at_least_one_PIP	DatasetS4	RAM	54.670409999999997	-110.27033	SAMN42204603
Z09.6.20	Setophaga castanea	not_provided; latitude_longitude_available	not_provided	GCA_001746935.2 (Setophaga coronata)	NCBI SRA BioSample/accession SAMN42230821	yes_for_at_least_one_PIP	DatasetS4	RAM	54.659939999999999	-110.25771	SAMN42230821
Z09.6.25	Setophaga pensylvanica	not_provided; latitude_longitude_available	not_provided	GCA_001746935.2 (Setophaga coronata)	NCBI SRA BioSample/accession SAMN42204580	yes_for_at_least_one_PIP	DatasetS4	RAM	54.561059999999998	-110.3002	SAMN42204580
Z09.6.29	Cardellina canadensis	not_provided; latitude_longitude_available	not_provided	GCA_001746935.2 (Setophaga coronata)	NCBI SRA BioSample/accession SAMN42204458	yes_for_at_least_one_PIP	DatasetS4	RAM	54.563409999999998	-110.30431	SAMN42204458
Z09.6.5	Setophaga pensylvanica	not_provided; latitude_longitude_available	not_provided	GCA_001746935.2 (Setophaga coronata)	NCBI SRA BioSample/accession SAMN42204584	yes_for_at_least_one_PIP	DatasetS4	RAM	54.563920000000003	-110.30506	SAMN42204584
Z10.2.18	Cardellina canadensis	not_provided; latitude_longitude_available	not_provided	GCA_001746935.2 (Setophaga coronata)	NCBI SRA BioSample/accession SAMN42204463	yes_for_at_least_one_PIP	DatasetS4	RAM	57.172440000000002	-117.38818000000001	SAMN42204463
Z10.2.33	Setophaga magnolia	not_provided; latitude_longitude_available	not_provided	GCA_001746935.2 (Setophaga coronata)	NCBI SRA BioSample/accession SAMN42204539	yes_for_at_least_one_PIP	DatasetS4	RAM	57.380659999999999	-117.13317000000001	SAMN42204539
Z10.2.35	Corthylio calendula	not_provided; latitude_longitude_available	not_provided	GCA_018697195.1 (Certhia americana)	NCBI SRA BioSample/accession SAMN42203955	yes_for_at_least_one_PIP	DatasetS4	RAM	57.381019999999999	-117.14378000000001	SAMN42203955
Z10.2.36	Setophaga magnolia	not_provided; latitude_longitude_available	not_provided	GCA_001746935.2 (Setophaga coronata)	NCBI SRA BioSample/accession SAMN42204540	yes_for_at_least_one_PIP	DatasetS4	RAM	57.380929999999999	-117.14019999999999	SAMN42204540
Z11.4.10	Empidonax flaviventris	not_provided; latitude_longitude_available	not_provided	GCA_009829145.1 (Chiroxiphia lanceolata)	NCBI SRA BioSample/accession SAMN42204169	yes_for_at_least_one_PIP	DatasetS4	RAM	53.39405	-117.81313	SAMN42204169
Z11.4.20	Empidonax flaviventris	not_provided; latitude_longitude_available	not_provided	GCA_009829145.1 (Chiroxiphia lanceolata)	NCBI SRA BioSample/accession SAMN42204168	yes_for_at_least_one_PIP	DatasetS4	RAM	53.398330000000001	-117.04034	SAMN42204168
Z13.4.11	Melospiza lincolnii	not_provided; latitude_longitude_available	not_provided	GCA_003829775.2 (Junco hyemalis)	NCBI SRA BioSample/accession SAMN42231236	yes_for_at_least_one_PIP	DatasetS4	RAM	55.62865	-119.5517	SAMN42231236
Z13.4.18	Oporornis agilis	not_provided; latitude_longitude_available	not_provided	GCA_009764595.1 (Geothlypis trichas)	NCBI SRA BioSample/accession SAMN42204391	yes_for_at_least_one_PIP	DatasetS4	RAM	55.70861	-119.67468	SAMN42204391
Z13.4.20	Junco hyemalis	not_provided; latitude_longitude_available	not_provided	GCA_003829775.2 (Junco hyemalis)	NCBI SRA BioSample/accession SAMN42204360	yes_for_at_least_one_PIP	DatasetS4	RAM	55.686039999999998	-119.68137	SAMN42204360
Z13.4.27	Cardellina canadensis	not_provided; latitude_longitude_available	not_provided	GCA_001746935.2 (Setophaga coronata)	NCBI SRA BioSample/accession SAMN42204464	yes_for_at_least_one_PIP	DatasetS4	RAM	55.642119999999998	-119.67514	SAMN42204464
Z13.4.28	Setophaga virens	not_provided; latitude_longitude_available	not_provided	GCA_001746935.2 (Setophaga coronata)	NCBI SRA BioSample/accession SAMN42204628	yes_for_at_least_one_PIP	DatasetS4	RAM	55.616399999999999	-119.61024	SAMN42204628
Z13.4.29	Junco hyemalis	not_provided; latitude_longitude_available	not_provided	GCA_003829775.2 (Junco hyemalis)	NCBI SRA BioSample/accession SAMN42204364	yes_for_at_least_one_PIP	DatasetS4	RAM	55.614530000000002	-119.60402999999999	SAMN42204364
Z13.4.48	Setophaga virens	not_provided; latitude_longitude_available	not_provided	GCA_001746935.2 (Setophaga coronata)	NCBI SRA BioSample/accession SAMN42204629	yes_for_at_least_one_PIP	DatasetS4	RAM	55.770009999999999	-119.83564	SAMN42204629
Z13.4.51	Junco hyemalis	not_provided; latitude_longitude_available	not_provided	GCA_003829775.2 (Junco hyemalis)	NCBI SRA BioSample/accession SAMN42204358	yes_for_at_least_one_PIP	DatasetS4	RAM	55.76858	-119.83875	SAMN42204358
Z13.4.6	Junco hyemalis	not_provided; latitude_longitude_available	not_provided	GCA_003829775.2 (Junco hyemalis)	NCBI SRA BioSample/accession SAMN42204363	yes_for_at_least_one_PIP	DatasetS4	RAM	55.672759999999997	-119.53409000000001	SAMN42204363
Z13.4.60	Sphyrapicus varius	not_provided; latitude_longitude_available	not_provided	GCA_014839835.1 (Picoides pubescens)	NCBI SRA BioSample/accession SAMN42204036	yes_for_at_least_one_PIP	DatasetS4	RAM	55.694110000000002	-119.59161	SAMN42204036
Z13.4.9	Geothlypis philadelphia	not_provided; latitude_longitude_available	not_provided	GCA_009764595.1 (Geothlypis trichas)	NCBI SRA BioSample/accession SAMN42204320	yes_for_at_least_one_PIP	DatasetS4	RAM	55.628459999999997	-119.55238	SAMN42204320
Z13.5.11	Setophaga tigrina	not_provided; latitude_longitude_available	not_provided	GCA_001746935.2 (Setophaga coronata)	NCBI SRA BioSample/accession SAMN42204604	yes_for_at_least_one_PIP	DatasetS4	RAM	59.821240000000003	-111.95223900000001	SAMN42204604
Z13.5.3	Setophaga castanea	not_provided; latitude_longitude_available	not_provided	GCA_001746935.2 (Setophaga coronata)	NCBI SRA BioSample/accession SAMN42230824	yes_for_at_least_one_PIP	DatasetS4	RAM	59.863349999999997	-111.61593999999999	SAMN42230824
Z15.4.11	Sphyrapicus varius	not_provided; latitude_longitude_available	not_provided	GCA_014839835.1 (Picoides pubescens)	NCBI SRA BioSample/accession SAMN42204037	yes_for_at_least_one_PIP	DatasetS4	RAM	51.779159999999997	-115.28003	SAMN42204037
Z15.4.12	Sphyrapicus varius	not_provided; latitude_longitude_available	not_provided	GCA_014839835.1 (Picoides pubescens)	NCBI SRA BioSample/accession SAMN42204038	yes_for_at_least_one_PIP	DatasetS4	RAM	51.83614	-115.15629	SAMN42204038
Z15.4.13	Corthylio calendula	not_provided; latitude_longitude_available	not_provided	GCA_018697195.1 (Certhia americana)	NCBI SRA BioSample/accession SAMN42203956	yes_for_at_least_one_PIP	DatasetS4	RAM	51.848179999999999	-115.11539999999999	SAMN42203956
Z15.5.2	Cardellina canadensis	not_provided; latitude_longitude_available	not_provided	GCA_001746935.2 (Setophaga coronata)	NCBI SRA BioSample/accession SAMN42204461	yes_for_at_least_one_PIP	DatasetS4	RAM	54.564050000000002	-110.30566	SAMN42204461
Z15.5.3	Setophaga pensylvanica	not_provided; latitude_longitude_available	not_provided	GCA_001746935.2 (Setophaga coronata)	NCBI SRA BioSample/accession SAMN42204581	yes_for_at_least_one_PIP	DatasetS4	RAM	54.547319999999999	-110.37925	SAMN42204581
Z15.5.4	Setophaga pensylvanica	not_provided; latitude_longitude_available	not_provided	GCA_001746935.2 (Setophaga coronata)	NCBI SRA BioSample/accession SAMN42204582	yes_for_at_least_one_PIP	DatasetS4	RAM	54.547359999999998	-110.37754	SAMN42204582
Z15.5.5	Setophaga magnolia	not_provided; latitude_longitude_available	not_provided	GCA_001746935.2 (Setophaga coronata)	NCBI SRA BioSample/accession SAMN42204541	yes_for_at_least_one_PIP	DatasetS4	RAM	54.547289999999997	-110.37994999999999	SAMN42204541
Z15.5.6	Leiothlypis ruficapilla	not_provided; latitude_longitude_available	not_provided	GCA_001746935.2 (Setophaga coronata)	NCBI SRA BioSample/accession SAMN42230769	yes_for_at_least_one_PIP	DatasetS4	RAM	54.62623	-110.19897	SAMN42230769
Z16.1.31	Sphyrapicus varius	not_provided; latitude_longitude_available	not_provided	GCA_014839835.1 (Picoides pubescens)	NCBI SRA BioSample/accession SAMN42204039	yes_for_at_least_one_PIP	DatasetS4	RAM	53.54768	-113.02364	SAMN42204039
Z16.1.32	Sphyrapicus varius	not_provided; latitude_longitude_available	not_provided	GCA_014839835.1 (Picoides pubescens)	NCBI SRA BioSample/accession SAMN42204040	yes_for_at_least_one_PIP	DatasetS4	RAM	53.54768	-113.02364	SAMN42204040
Z16.1.34	Sphyrapicus varius	not_provided; latitude_longitude_available	not_provided	GCA_014839835.1 (Picoides pubescens)	NCBI SRA BioSample/accession SAMN42204041	yes_for_at_least_one_PIP	DatasetS4	RAM	53.54768	-113.02364	SAMN42204041
Z16.1.35	Sphyrapicus varius	not_provided; latitude_longitude_available	not_provided	GCA_014839835.1 (Picoides pubescens)	NCBI SRA BioSample/accession SAMN42204042	yes_for_at_least_one_PIP	DatasetS4	RAM	53.54768	-113.02364	SAMN42204042
Z16.4.1	Setophaga magnolia	not_provided; latitude_longitude_available	not_provided	GCA_001746935.2 (Setophaga coronata)	NCBI SRA BioSample/accession SAMN42204404	yes_for_at_least_one_PIP	DatasetS4	RAM	55.351990000000001	-113.4315	SAMN42204404
Z16.4.3	Empidonax flaviventris	not_provided; latitude_longitude_available	not_provided	GCA_009829145.1 (Chiroxiphia lanceolata)	NCBI SRA BioSample/accession SAMN42204166	yes_for_at_least_one_PIP	DatasetS4	RAM	55.22495	-113.05240999999999	SAMN42204166
Z16.4.6	Oporornis agilis	not_provided; latitude_longitude_available	not_provided	GCA_009764595.1 (Geothlypis trichas)	NCBI SRA BioSample/accession SAMN42204390	yes_for_at_least_one_PIP	DatasetS4	RAM	55.345910000000003	-113.35043	SAMN42204390
Z16.5.10	Sphyrapicus varius	not_provided; latitude_longitude_available	not_provided	GCA_014839835.1 (Picoides pubescens)	NCBI SRA BioSample/accession SAMN42204267	yes_for_at_least_one_PIP	DatasetS4	RAM	51.989240000000002	-115.23181	SAMN42204267
Z20.4.10	Leiothlypis peregrina	not_provided; latitude_longitude_available	not_provided	GCA_001746935.2 (Setophaga coronata)	NCBI SRA BioSample/accession SAMN42230713	yes_for_at_least_one_PIP	DatasetS4	RAM	54.561999999999998	-110.303411	SAMN42230713
Z20.4.11	Setophaga magnolia	not_provided; latitude_longitude_available	not_provided	GCA_001746935.2 (Setophaga coronata)	NCBI SRA BioSample/accession SAMN42230853	yes_for_at_least_one_PIP	DatasetS4	RAM	54.564362000000003	-110.304261	SAMN42230853
Z20.4.12	Vireo olivaceus	not_provided; latitude_longitude_available	not_provided	GCA_020740725.1 (Corvus hawaiiensis)	NCBI SRA BioSample/accession SAMN42230997	yes_for_at_least_one_PIP	DatasetS4	RAM	54.623570000000001	-110.22181999999999	SAMN42230997
Z20.4.13	Setophaga pensylvanica	not_provided; latitude_longitude_available	not_provided	GCA_001746935.2 (Setophaga coronata)	NCBI SRA BioSample/accession SAMN42230861	yes_for_at_least_one_PIP	DatasetS4	RAM	54.622042999999998	-110.218673	SAMN42230861
Z20.4.14	Setophaga pensylvanica	not_provided; latitude_longitude_available	not_provided	GCA_001746935.2 (Setophaga coronata)	NCBI SRA BioSample/accession SAMN42230860	yes_for_at_least_one_PIP	DatasetS4	RAM	54.622003999999997	-110.21832499999999	SAMN42230860
Z20.4.15	Geothlypis philadelphia	not_provided; latitude_longitude_available	not_provided	GCA_009764595.1 (Geothlypis trichas)	NCBI SRA BioSample/accession SAMN42231206	yes_for_at_least_one_PIP	DatasetS4	RAM	54.622819999999997	-110.22127999999999	SAMN42231206
Z20.4.16	Troglodytes hiemalis	not_provided; latitude_longitude_available	not_provided	GCA_018697195.1 (Certhia americana)	NCBI SRA BioSample/accession SAMN42230989	yes_for_at_least_one_PIP	DatasetS4	RAM	54.635095999999997	-110.20978100000001	SAMN42230989
Z20.4.17	Troglodytes hiemalis	not_provided; latitude_longitude_available	not_provided	GCA_018697195.1 (Certhia americana)	NCBI SRA BioSample/accession SAMN42230988	yes_for_at_least_one_PIP	DatasetS4	RAM	54.62182	-110.22026	SAMN42230988
Z20.4.18	Setophaga tigrina	not_provided; latitude_longitude_available	not_provided	GCA_001746935.2 (Setophaga coronata)	NCBI SRA BioSample/accession SAMN42230866	yes_for_at_least_one_PIP	DatasetS4	RAM	54.602150999999999	-110.197115	SAMN42230866
Z20.4.19	Empidonax minimus	not_provided; latitude_longitude_available	not_provided	GCA_009829145.1 (Chiroxiphia lanceolata)	NCBI SRA BioSample/accession SAMN42230706	yes_for_at_least_one_PIP	DatasetS4	RAM	51.850700000000003	-115.10577000000001	SAMN42230706
Z20.4.2	Leiothlypis ruficapilla	not_provided; latitude_longitude_available	not_provided	GCA_001746935.2 (Setophaga coronata)	NCBI SRA BioSample/accession SAMN42230768	yes_for_at_least_one_PIP	DatasetS4	RAM	54.623049999999999	-110.21098000000001	SAMN42230768
Z20.4.3	Vireo olivaceus	not_provided; latitude_longitude_available	not_provided	GCA_020740725.1 (Corvus hawaiiensis)	NCBI SRA BioSample/accession SAMN42230996	yes_for_at_least_one_PIP	DatasetS4	RAM	54.597462	-110.20245300000001	SAMN42230996
Z20.4.4	Setophaga virens	not_provided; latitude_longitude_available	not_provided	GCA_001746935.2 (Setophaga coronata)	NCBI SRA BioSample/accession SAMN42230871	yes_for_at_least_one_PIP	DatasetS4	RAM	54.599739999999997	-110.19955	SAMN42230871
Z20.4.5	Setophaga castanea	not_provided; latitude_longitude_available	not_provided	GCA_001746935.2 (Setophaga coronata)	NCBI SRA BioSample/accession SAMN42230822	yes_for_at_least_one_PIP	DatasetS4	RAM	54.600059999999999	-110.19711	SAMN42230822
Z20.4.6	Setophaga fusca	not_provided; latitude_longitude_available	not_provided	GCA_001746935.2 (Setophaga coronata)	NCBI SRA BioSample/accession SAMN42230849	yes_for_at_least_one_PIP	DatasetS4	RAM	54.600090000000002	-110.19743	SAMN42230849
Z20.4.9	Sphyrapicus varius	not_provided; latitude_longitude_available	not_provided	GCA_014839835.1 (Picoides pubescens)	NCBI SRA BioSample/accession SAMN42230976	yes_for_at_least_one_PIP	DatasetS4	RAM	54.561999999999998	-110.30315	SAMN42230976
Z95.10.101	Setophaga palmarum	not_provided; latitude_longitude_available	not_provided	GCA_001746935.2 (Setophaga coronata)	NCBI SRA BioSample/accession SAMN42204233	yes_for_at_least_one_PIP	DatasetS4	RAM	58.93	-115.43	SAMN42204233
Z95.10.11	Setophaga palmarum	not_provided; latitude_longitude_available	not_provided	GCA_001746935.2 (Setophaga coronata)	NCBI SRA BioSample/accession SAMN42204230	yes_for_at_least_one_PIP	DatasetS4	RAM	58.92	-115.22	SAMN42204230
Z95.10.22	Setophaga palmarum	not_provided; latitude_longitude_available	not_provided	GCA_001746935.2 (Setophaga coronata)	NCBI SRA BioSample/accession SAMN42204232	yes_for_at_least_one_PIP	DatasetS4	RAM	58.98	-115.57	SAMN42204232
Z95.10.23	Melospiza lincolnii	not_provided; latitude_longitude_available	not_provided	GCA_003829775.2 (Junco hyemalis)	NCBI SRA BioSample/accession SAMN42203934	yes_for_at_least_one_PIP	DatasetS4	RAM	58.98	-115.57	SAMN42203934
Z95.10.47	Melospiza lincolnii	not_provided; latitude_longitude_available	not_provided	GCA_003829775.2 (Junco hyemalis)	NCBI SRA BioSample/accession SAMN42204181	yes_for_at_least_one_PIP	DatasetS4	RAM	58.93	-115.25	SAMN42204181
Z95.10.7	Corthylio calendula	not_provided; latitude_longitude_available	not_provided	GCA_018697195.1 (Certhia americana)	NCBI SRA BioSample/accession SAMN42203957	yes_for_at_least_one_PIP	DatasetS4	RAM	58.98	-115.57	SAMN42203957
Z95.10.91	Setophaga palmarum	not_provided; latitude_longitude_available	not_provided	GCA_001746935.2 (Setophaga coronata)	NCBI SRA BioSample/accession SAMN42204231	yes_for_at_least_one_PIP	DatasetS4	RAM	58.92	-115.23	SAMN42204231
Z95.11.10	Sphyrapicus varius	not_provided; latitude_longitude_available	not_provided	GCA_014839835.1 (Picoides pubescens)	NCBI SRA BioSample/accession SAMN42204268	yes_for_at_least_one_PIP	DatasetS4	RAM	51.83	-115.1	SAMN42204268
Z95.11.25	Corthylio calendula	not_provided; latitude_longitude_available	not_provided	GCA_018697195.1 (Certhia americana)	NCBI SRA BioSample/accession SAMN42204402	yes_for_at_least_one_PIP	DatasetS4	RAM	51.65	-115.37	SAMN42204402
Z95.11.6	Junco hyemalis	not_provided; latitude_longitude_available	not_provided	GCA_003829775.2 (Junco hyemalis)	NCBI SRA BioSample/accession SAMN42204355	yes_for_at_least_one_PIP	DatasetS4	RAM	51.88	-115.05	SAMN42204355
Z95.11.8	Junco hyemalis	not_provided; latitude_longitude_available	not_provided	GCA_003829775.2 (Junco hyemalis)	NCBI SRA BioSample/accession SAMN42204507	yes_for_at_least_one_PIP	DatasetS4	RAM	51.88	-115.05	SAMN42204507
Z95.12.6	Sphyrapicus varius	not_provided; latitude_longitude_available	not_provided	GCA_014839835.1 (Picoides pubescens)	NCBI SRA BioSample/accession SAMN42204266	yes_for_at_least_one_PIP	DatasetS4	RAM	51.77	-115.22	SAMN42204266
Z95.9.13	Junco hyemalis	not_provided; latitude_longitude_available	not_provided	GCA_003829775.2 (Junco hyemalis)	NCBI SRA BioSample/accession SAMN42204357	yes_for_at_least_one_PIP	DatasetS4	RAM	52.2	-115.13	SAMN42204357
Z95.9.17	Corthylio calendula	not_provided; latitude_longitude_available	not_provided	GCA_018697195.1 (Certhia americana)	NCBI SRA BioSample/accession SAMN42204401	yes_for_at_least_one_PIP	DatasetS4	RAM	52.2	-115.13	SAMN42204401
Z95.9.2	Junco hyemalis	not_provided; latitude_longitude_available	not_provided	GCA_003829775.2 (Junco hyemalis)	NCBI SRA BioSample/accession SAMN42204362	yes_for_at_least_one_PIP	DatasetS4	RAM	52.32	-115.25	SAMN42204362
Z96.16.8	Setophaga pensylvanica	not_provided; latitude_longitude_available	not_provided	GCA_001746935.2 (Setophaga coronata)	NCBI SRA BioSample/accession SAMN42204583	yes_for_at_least_one_PIP	DatasetS4	RAM	53.45	-112.53	SAMN42204583
Z96.19.8	Geothlypis philadelphia	not_provided; latitude_longitude_available	not_provided	GCA_009764595.1 (Geothlypis trichas)	NCBI SRA BioSample/accession SAMN42204326	yes_for_at_least_one_PIP	DatasetS4	RAM	53.33	-114.05	SAMN42204326
Z96.7.1	Cardellina canadensis	not_provided; latitude_longitude_available	not_provided	GCA_001746935.2 (Setophaga coronata)	NCBI SRA BioSample/accession SAMN42204462	yes_for_at_least_one_PIP	DatasetS4	RAM	53.63	-113.63	SAMN42204462
Z97.15.4	Cardellina canadensis	not_provided; latitude_longitude_available	not_provided	GCA_001746935.2 (Setophaga coronata)	NCBI SRA BioSample/accession SAMN42204459	yes_for_at_least_one_PIP	DatasetS4	RAM	53.53	-113.53	SAMN42204459
Z98.10.4	Corthylio calendula	not_provided; latitude_longitude_available	not_provided	GCA_018697195.1 (Certhia americana)	NCBI SRA BioSample/accession SAMN42231284	yes_for_at_least_one_PIP	DatasetS4	RAM	53.92	-118.7	SAMN42231284
Z98.6.1	Setophaga virens	not_provided; latitude_longitude_available	not_provided	GCA_001746935.2 (Setophaga coronata)	NCBI SRA BioSample/accession SAMN42204429	yes_for_at_least_one_PIP	DatasetS4	RAM	54.97	-113.5	SAMN42204429
Z98.6.10	Oporornis agilis	not_provided; latitude_longitude_available	not_provided	GCA_009764595.1 (Geothlypis trichas)	NCBI SRA BioSample/accession SAMN42204388	yes_for_at_least_one_PIP	DatasetS4	RAM	54.9	-113.47	SAMN42204388
Z98.6.14	Setophaga virens	not_provided; latitude_longitude_available	not_provided	GCA_001746935.2 (Setophaga coronata)	NCBI SRA BioSample/accession SAMN42204428	yes_for_at_least_one_PIP	DatasetS4	RAM	54.87	-113.53	SAMN42204428
Z98.6.25	Oporornis agilis	not_provided; latitude_longitude_available	not_provided	GCA_009764595.1 (Geothlypis trichas)	NCBI SRA BioSample/accession SAMN42204389	yes_for_at_least_one_PIP	DatasetS4	RAM	54.98	-113.5	SAMN42204389
Z98.6.29	Setophaga magnolia	not_provided; latitude_longitude_available	not_provided	GCA_001746935.2 (Setophaga coronata)	NCBI SRA BioSample/accession SAMN42204543	yes_for_at_least_one_PIP	DatasetS4	RAM	55.12	-113.22	SAMN42204543
Z98.6.3	Troglodytes hiemalis	not_provided; latitude_longitude_available	not_provided	GCA_018697195.1 (Certhia americana)	NCBI SRA BioSample/accession SAMN42231136	yes_for_at_least_one_PIP	DatasetS4	RAM	54.98	-113.5	SAMN42231136
Z98.6.32	Setophaga castanea	not_provided; latitude_longitude_available	not_provided	GCA_001746935.2 (Setophaga coronata)	NCBI SRA BioSample/accession SAMN42230819	yes_for_at_least_one_PIP	DatasetS4	RAM	55.33	-113.32	SAMN42230819
Z98.6.38	Setophaga castanea	not_provided; latitude_longitude_available	not_provided	GCA_001746935.2 (Setophaga coronata)	NCBI SRA BioSample/accession SAMN42230825	yes_for_at_least_one_PIP	DatasetS4	RAM	55.33	-113.32	SAMN42230825
Z98.6.44	Setophaga tigrina	not_provided; latitude_longitude_available	not_provided	GCA_001746935.2 (Setophaga coronata)	NCBI SRA BioSample/accession SAMN42230865	yes_for_at_least_one_PIP	DatasetS4	RAM	55.33	-113.32	SAMN42230865
Z98.6.45	Empidonax flaviventris	not_provided; latitude_longitude_available	not_provided	GCA_009829145.1 (Chiroxiphia lanceolata)	NCBI SRA BioSample/accession SAMN42204167	yes_for_at_least_one_PIP	DatasetS4	RAM	55.33	-113.32	SAMN42204167
Z98.6.46	Setophaga castanea	not_provided; latitude_longitude_available	not_provided	GCA_001746935.2 (Setophaga coronata)	NCBI SRA BioSample/accession SAMN42230818	yes_for_at_least_one_PIP	DatasetS4	RAM	55.33	-113.32	SAMN42230818
Z98.6.53	Setophaga virens	not_provided; latitude_longitude_available	not_provided	GCA_001746935.2 (Setophaga coronata)	NCBI SRA BioSample/accession SAMN42204426	yes_for_at_least_one_PIP	DatasetS4	RAM	55.33	-113.35	SAMN42204426
Z98.6.8	Geothlypis philadelphia	not_provided; latitude_longitude_available	not_provided	GCA_009764595.1 (Geothlypis trichas)	NCBI SRA BioSample/accession SAMN42204318	yes_for_at_least_one_PIP	DatasetS4	RAM	54.98	-113.5	SAMN42204318
Z99.10.17	Setophaga virens	not_provided; latitude_longitude_available	not_provided	GCA_001746935.2 (Setophaga coronata)	NCBI SRA BioSample/accession SAMN42204430	yes_for_at_least_one_PIP	DatasetS4	RAM	54.808889000000001	-118.2325	SAMN42204430
Z99.10.18	Cardellina canadensis	not_provided; latitude_longitude_available	not_provided	GCA_001746935.2 (Setophaga coronata)	NCBI SRA BioSample/accession SAMN42204457	yes_for_at_least_one_PIP	DatasetS4	RAM	54.808889000000001	-118.2325	SAMN42204457
Z99.10.20	Setophaga magnolia	not_provided; latitude_longitude_available	not_provided	GCA_001746935.2 (Setophaga coronata)	NCBI SRA BioSample/accession SAMN42204542	yes_for_at_least_one_PIP	DatasetS4	RAM	54.779722	-118.211389	SAMN42204542
Z99.10.22	Cardellina canadensis	not_provided; latitude_longitude_available	not_provided	GCA_001746935.2 (Setophaga coronata)	NCBI SRA BioSample/accession SAMN42204460	yes_for_at_least_one_PIP	DatasetS4	RAM	54.780278000000003	-118.211389	SAMN42204460
Z99.10.23	Geothlypis philadelphia	not_provided; latitude_longitude_available	not_provided	GCA_009764595.1 (Geothlypis trichas)	NCBI SRA BioSample/accession SAMN42204317	yes_for_at_least_one_PIP	DatasetS4	RAM	54.780278000000003	-118.211389	SAMN42204317
Z99.10.24	Melospiza lincolnii	not_provided; latitude_longitude_available	not_provided	GCA_003829775.2 (Junco hyemalis)	NCBI SRA BioSample/accession SAMN42204180	yes_for_at_least_one_PIP	DatasetS4	RAM	54.780278000000003	-118.211389	SAMN42204180
Z99.10.38	Setophaga virens	not_provided; latitude_longitude_available	not_provided	GCA_001746935.2 (Setophaga coronata)	NCBI SRA BioSample/accession SAMN42204427	yes_for_at_least_one_PIP	DatasetS4	RAM	54.8825	-119.24	SAMN42204427
Z99.3.14	Setophaga fusca	not_provided; latitude_longitude_available	not_provided	GCA_001746935.2 (Setophaga coronata)	NCBI SRA BioSample/accession SAMN42231572	yes_for_at_least_one_PIP	DatasetS4	RAM	46.82	-71.23	SAMN42231572
Z99.9.7	Vireo solitarius	not_provided; latitude_longitude_available	not_provided	GCA_020740725.1 (Corvus hawaiiensis)	NCBI SRA BioSample/accession SAMN42231577	yes_for_at_least_one_PIP	DatasetS4	RAM	56.424166999999997	-111.236389	SAMN42231577
Z99.9.9	Setophaga castanea	not_provided; latitude_longitude_available	not_provided	GCA_001746935.2 (Setophaga coronata)	NCBI SRA BioSample/accession SAMN42230820	yes_for_at_least_one_PIP	DatasetS4	RAM	56.427500000000002	-111.2975	SAMN42230820
bbwa 1	Setophaga castanea	not_provided; latitude_longitude_available	not_provided	GCA_001746935.2 (Setophaga coronata)	NCBI SRA BioSample/accession SAMN42231439	yes_for_at_least_one_PIP	DatasetS4	Theresa Burg/University of Lethbridge	45.384999999999998	-63.911388889999998	SAMN42231439
bbwa 6	Setophaga castanea	not_provided; latitude_longitude_available	not_provided	GCA_001746935.2 (Setophaga coronata)	NCBI SRA BioSample/accession SAMN42231437	yes_for_at_least_one_PIP	DatasetS4	Theresa Burg/University of Lethbridge	45.615000000000002	-65.035555560000006	SAMN42231437
bbwa 8	Setophaga castanea	not_provided; latitude_longitude_available	not_provided	GCA_001746935.2 (Setophaga coronata)	NCBI SRA BioSample/accession SAMN42231438	yes_for_at_least_one_PIP	DatasetS4	Theresa Burg/University of Lethbridge	45.615000000000002	-65.035555560000006	SAMN42231438
btnw 1	Setophaga virens	not_provided; latitude_longitude_available	not_provided	GCA_001746935.2 (Setophaga coronata)	NCBI SRA BioSample/accession SAMN42231484	yes_for_at_least_one_PIP	DatasetS4	Theresa Burg/University of Lethbridge	45.384999999999998	-63.911388889999998	SAMN42231484
btnw 2	Setophaga virens	not_provided; latitude_longitude_available	not_provided	GCA_001746935.2 (Setophaga coronata)	NCBI SRA BioSample/accession SAMN42231482	yes_for_at_least_one_PIP	DatasetS4	Theresa Burg/University of Lethbridge	45.384999999999998	-63.911388889999998	SAMN42231482
btnw 4	Setophaga virens	not_provided; latitude_longitude_available	not_provided	GCA_001746935.2 (Setophaga coronata)	NCBI SRA BioSample/accession SAMN42231487	yes_for_at_least_one_PIP	DatasetS4	Theresa Burg/University of Lethbridge	45.615000000000002	-65.035555560000006	SAMN42231487
btnw 5	Setophaga virens	not_provided; latitude_longitude_available	not_provided	GCA_001746935.2 (Setophaga coronata)	NCBI SRA BioSample/accession SAMN42231483	yes_for_at_least_one_PIP	DatasetS4	Theresa Burg/University of Lethbridge	45.615000000000002	-65.035555560000006	SAMN42231483
btnw 6	Setophaga virens	not_provided; latitude_longitude_available	not_provided	GCA_001746935.2 (Setophaga coronata)	NCBI SRA BioSample/accession SAMN42231485	yes_for_at_least_one_PIP	DatasetS4	Theresa Burg/University of Lethbridge	45.615000000000002	-65.035555560000006	SAMN42231485
btnw 7	Setophaga virens	not_provided; latitude_longitude_available	not_provided	GCA_001746935.2 (Setophaga coronata)	NCBI SRA BioSample/accession SAMN42231481	yes_for_at_least_one_PIP	DatasetS4	Theresa Burg/University of Lethbridge	45.615000000000002	-65.035555560000006	SAMN42231481
mawa 19	Setophaga magnolia	not_provided; latitude_longitude_available	not_provided	GCA_001746935.2 (Setophaga coronata)	NCBI SRA BioSample/accession SAMN42231466	yes_for_at_least_one_PIP	DatasetS4	Theresa Burg/University of Lethbridge	45.615000000000002	-65.035555560000006	SAMN42231466
mawa 22	Setophaga magnolia	not_provided; latitude_longitude_available	not_provided	GCA_001746935.2 (Setophaga coronata)	NCBI SRA BioSample/accession SAMN42231472	yes_for_at_least_one_PIP	DatasetS4	Theresa Burg/University of Lethbridge	45.615000000000002	-65.035555560000006	SAMN42231472
mawa 5	Setophaga magnolia	not_provided; latitude_longitude_available	not_provided	GCA_001746935.2 (Setophaga coronata)	NCBI SRA BioSample/accession SAMN42231468	yes_for_at_least_one_PIP	DatasetS4	Theresa Burg/University of Lethbridge	45.384999999999998	-63.911388889999998	SAMN42231468
mawa 6	Setophaga magnolia	not_provided; latitude_longitude_available	not_provided	GCA_001746935.2 (Setophaga coronata)	NCBI SRA BioSample/accession SAMN42231467	yes_for_at_least_one_PIP	DatasetS4	Theresa Burg/University of Lethbridge	45.384999999999998	-63.911388889999998	SAMN42231467
zo-10645	Sphyrapicus varius	not_provided; latitude_longitude_available	not_provided	GCA_014839835.1 (Picoides pubescens)	NCBI SRA BioSample/accession SAMN42204032	yes_for_at_least_one_PIP	DatasetS4	NYSM	42.942909909999997	-74.185376910000002	SAMN42204032
zo-10927	Catharus ustulatus	not_provided; latitude_longitude_available	not_provided	GCA_009819885.2 (Catharus ustulatus)	NCBI SRA BioSample/accession SAMN42203685	yes_for_at_least_one_PIP	DatasetS4	NYSM	44.213299999999997	-73.86	SAMN42203685
zo-10931	Setophaga coronata	not_provided; latitude_longitude_available	not_provided	GCA_001746935.2 (Setophaga coronata)	NCBI SRA BioSample/accession SAMN42203699	yes_for_at_least_one_PIP	DatasetS4	NYSM	44.213299999999997	-73.86	SAMN42203699
zo-10932	Vireo solitarius	not_provided; latitude_longitude_available	not_provided	GCA_020740725.1 (Corvus hawaiiensis)	NCBI SRA BioSample/accession SAMN42203896	yes_for_at_least_one_PIP	DatasetS4	NYSM	44.213299999999997	-73.86	SAMN42203896
zo-10935	Setophaga coronata	not_provided; latitude_longitude_available	not_provided	GCA_001746935.2 (Setophaga coronata)	NCBI SRA BioSample/accession SAMN42203700	yes_for_at_least_one_PIP	DatasetS4	NYSM	44.213299999999997	-73.86	SAMN42203700
zo-10936	Setophaga coronata	not_provided; latitude_longitude_available	not_provided	GCA_001746935.2 (Setophaga coronata)	NCBI SRA BioSample/accession SAMN42203790	yes_for_at_least_one_PIP	DatasetS4	NYSM	44.213299999999997	-73.86	SAMN42203790
zo-10937	Setophaga coronata	not_provided; latitude_longitude_available	not_provided	GCA_001746935.2 (Setophaga coronata)	NCBI SRA BioSample/accession SAMN42203701	yes_for_at_least_one_PIP	DatasetS4	NYSM	44.213299999999997	-73.86	SAMN42203701
zo-10985	Empidonax flaviventris	not_provided; latitude_longitude_available	not_provided	GCA_009829145.1 (Chiroxiphia lanceolata)	NCBI SRA BioSample/accession SAMN42204297	yes_for_at_least_one_PIP	DatasetS4	NYSM	44.131333300000001	-73.774000000000001	SAMN42204297
zo-10986	Empidonax flaviventris	not_provided; latitude_longitude_available	not_provided	GCA_009829145.1 (Chiroxiphia lanceolata)	NCBI SRA BioSample/accession SAMN42204296	yes_for_at_least_one_PIP	DatasetS4	NYSM	44.131333300000001	-73.774000000000001	SAMN42204296
zo-10987	Leiothlypis ruficapilla	not_provided; latitude_longitude_available	not_provided	GCA_001746935.2 (Setophaga coronata)	NCBI SRA BioSample/accession SAMN42230764	yes_for_at_least_one_PIP	DatasetS4	NYSM	44.131300000000003	-73.774000000000001	SAMN42230764
zo-10988	Zonotrichia albicollis	not_provided; latitude_longitude_available	not_provided	GCA_003829775.2 (Junco hyemalis)	NCBI SRA BioSample/accession SAMN42204075	yes_for_at_least_one_PIP	DatasetS4	NYSM	44.131300000000003	-73.774000000000001	SAMN42204075
zo-11090	Setophaga coronata	not_provided; latitude_longitude_available	not_provided	GCA_001746935.2 (Setophaga coronata)	NCBI SRA BioSample/accession SAMN42203791	yes_for_at_least_one_PIP	DatasetS4	NYSM	44.249499999999998	-73.866	SAMN42203791
zo-11092	Zonotrichia albicollis	not_provided; latitude_longitude_available	not_provided	GCA_003829775.2 (Junco hyemalis)	NCBI SRA BioSample/accession SAMN42204076	yes_for_at_least_one_PIP	DatasetS4	NYSM	44.249499999999998	-73.866	SAMN42204076
zo-11094	Setophaga coronata	not_provided; latitude_longitude_available	not_provided	GCA_001746935.2 (Setophaga coronata)	NCBI SRA BioSample/accession SAMN42203792	yes_for_at_least_one_PIP	DatasetS4	NYSM	44.249499999999998	-73.856999999999999	SAMN42203792
zo-11098	Setophaga magnolia	not_provided; latitude_longitude_available	not_provided	GCA_001746935.2 (Setophaga coronata)	NCBI SRA BioSample/accession SAMN42204538	yes_for_at_least_one_PIP	DatasetS4	NYSM	44.502200000000002	-74.4208	SAMN42204538
zo-11099	Catharus guttatus	not_provided; latitude_longitude_available	not_provided	GCA_009819885.2 (Catharus ustulatus)	NCBI SRA BioSample/accession SAMN42203668	yes_for_at_least_one_PIP	DatasetS4	NYSM	44.502200000000002	-74.4208	SAMN42203668
zo-11100	Sphyrapicus varius	not_provided; latitude_longitude_available	not_provided	GCA_014839835.1 (Picoides pubescens)	NCBI SRA BioSample/accession SAMN42204033	yes_for_at_least_one_PIP	DatasetS4	NYSM	44.515099999999997	-73.872399999999999	SAMN42204033
zo-11147	Empidonax minimus	not_provided; latitude_longitude_available	not_provided	GCA_009829145.1 (Chiroxiphia lanceolata)	NCBI SRA BioSample/accession SAMN42204480	yes_for_at_least_one_PIP	DatasetS4	NYSM	44.824069000000001	-73.658462	SAMN42204480
zo-11197	Empidonax flaviventris	not_provided; latitude_longitude_available	not_provided	GCA_009829145.1 (Chiroxiphia lanceolata)	NCBI SRA BioSample/accession SAMN42231193	yes_for_at_least_one_PIP	DatasetS4	NYSM	44.09	-73.816100000000006	SAMN42231193
zo-11198	Leiothlypis ruficapilla	not_provided; latitude_longitude_available	not_provided	GCA_001746935.2 (Setophaga coronata)	NCBI SRA BioSample/accession SAMN42230765	yes_for_at_least_one_PIP	DatasetS4	NYSM	44.09	-73.816100000000006	SAMN42230765
zo-11201	Vireo solitarius	not_provided; latitude_longitude_available	not_provided	GCA_020740725.1 (Corvus hawaiiensis)	NCBI SRA BioSample/accession SAMN42203897	yes_for_at_least_one_PIP	DatasetS4	NYSM	43.947899999999997	-74.838999999999999	SAMN42203897
zo-11203	Setophaga palmarum	not_provided; latitude_longitude_available	not_provided	GCA_001746935.2 (Setophaga coronata)	NCBI SRA BioSample/accession SAMN42204229	yes_for_at_least_one_PIP	DatasetS4	NYSM	43.947899999999997	-74.838999999999999	SAMN42204229
zo-11208	Zonotrichia albicollis	not_provided; latitude_longitude_available	not_provided	GCA_003829775.2 (Junco hyemalis)	NCBI SRA BioSample/accession SAMN42204077	yes_for_at_least_one_PIP	DatasetS4	NYSM	43.947899999999997	-74.838999999999999	SAMN42204077
zo-11210	Setophaga palmarum	not_provided; latitude_longitude_available	not_provided	GCA_001746935.2 (Setophaga coronata)	NCBI SRA BioSample/accession SAMN42204228	yes_for_at_least_one_PIP	DatasetS4	NYSM	43.947899999999997	-74.838999999999999	SAMN42204228
zo-11216	Setophaga coronata	not_provided; latitude_longitude_available	not_provided	GCA_001746935.2 (Setophaga coronata)	NCBI SRA BioSample/accession SAMN42203702	yes_for_at_least_one_PIP	DatasetS4	NYSM	43.947899999999997	-74.838999999999999	SAMN42203702
zo-11217	Cardellina canadensis	not_provided; latitude_longitude_available	not_provided	GCA_001746935.2 (Setophaga coronata)	NCBI SRA BioSample/accession SAMN42204455	yes_for_at_least_one_PIP	DatasetS4	NYSM	43.947899999999997	-74.838999999999999	SAMN42204455
zo-11254	Catharus ustulatus	not_provided; latitude_longitude_available	not_provided	GCA_009819885.2 (Catharus ustulatus)	NCBI SRA BioSample/accession SAMN42203757	yes_for_at_least_one_PIP	DatasetS4	NYSM	44.213299999999997	-73.86	SAMN42203757
zo-11256	Catharus ustulatus	not_provided; latitude_longitude_available	not_provided	GCA_009819885.2 (Catharus ustulatus)	NCBI SRA BioSample/accession SAMN42203684	yes_for_at_least_one_PIP	DatasetS4	NYSM	44.213299999999997	-73.86	SAMN42203684
zo-14306	Setophaga pensylvanica	not_provided; latitude_longitude_available	not_provided	GCA_001746935.2 (Setophaga coronata)	NCBI SRA BioSample/accession SAMN42204579	yes_for_at_least_one_PIP	DatasetS4	NYSM	43.036099999999998	-73.423100000000005	SAMN42204579
zo-14319	Setophaga coronata	not_provided; latitude_longitude_available	not_provided	GCA_001746935.2 (Setophaga coronata)	NCBI SRA BioSample/accession SAMN42204207	yes_for_at_least_one_PIP	DatasetS4	NYSM	44.6646	-71.770200000000003	SAMN42204207
zo-14326	Junco hyemalis	not_provided; latitude_longitude_available	not_provided	GCA_003829775.2 (Junco hyemalis)	NCBI SRA BioSample/accession SAMN42204352	yes_for_at_least_one_PIP	DatasetS4	NYSM	43.087023000000002	-72.925397000000004	SAMN42204352
zo-15352	Setophaga coronata	not_provided; latitude_longitude_available	not_provided	GCA_001746935.2 (Setophaga coronata)	NCBI SRA BioSample/accession SAMN42204208	yes_for_at_least_one_PIP	DatasetS4	NYSM	44.528239999999997	-72.815945999999997	SAMN42204208
zo-15356	Zonotrichia albicollis	not_provided; latitude_longitude_available	not_provided	GCA_003829775.2 (Junco hyemalis)	NCBI SRA BioSample/accession SAMN42204283	yes_for_at_least_one_PIP	DatasetS4	NYSM	44.528239999999997	-72.815945999999997	SAMN42204283
zo-15357	Zonotrichia albicollis	not_provided; latitude_longitude_available	not_provided	GCA_003829775.2 (Junco hyemalis)	NCBI SRA BioSample/accession SAMN42204284	yes_for_at_least_one_PIP	DatasetS4	NYSM	44.528239999999997	-72.815945999999997	SAMN42204284
zo-15379	Melospiza lincolnii	not_provided; latitude_longitude_available	not_provided	GCA_003829775.2 (Junco hyemalis)	NCBI SRA BioSample/accession SAMN42204179	yes_for_at_least_one_PIP	DatasetS4	NYSM	45.035241509999999	-70.343554389999994	SAMN42204179
zo-15381	Empidonax flaviventris	not_provided; latitude_longitude_available	not_provided	GCA_009829145.1 (Chiroxiphia lanceolata)	NCBI SRA BioSample/accession SAMN42204295	yes_for_at_least_one_PIP	DatasetS4	NYSM	45.035241509999999	-70.343554389999994	SAMN42204295
zo-15384	Catharus ustulatus	not_provided; latitude_longitude_available	not_provided	GCA_009819885.2 (Catharus ustulatus)	NCBI SRA BioSample/accession SAMN42204105	yes_for_at_least_one_PIP	DatasetS4	NYSM	45.035241509999999	-70.343554389999994	SAMN42204105
zo-15385	Empidonax flaviventris	not_provided; latitude_longitude_available	not_provided	GCA_009829145.1 (Chiroxiphia lanceolata)	NCBI SRA BioSample/accession SAMN42204294	yes_for_at_least_one_PIP	DatasetS4	NYSM	45.035241509999999	-70.343554389999994	SAMN42204294
zo-15389	Empidonax flaviventris	not_provided; latitude_longitude_available	not_provided	GCA_009829145.1 (Chiroxiphia lanceolata)	NCBI SRA BioSample/accession SAMN42204291	yes_for_at_least_one_PIP	DatasetS4	NYSM	45.035241509999999	-70.343554389999994	SAMN42204291
zo-15398	Empidonax minimus	not_provided; latitude_longitude_available	not_provided	GCA_009829145.1 (Chiroxiphia lanceolata)	NCBI SRA BioSample/accession SAMN42204479	yes_for_at_least_one_PIP	DatasetS4	NYSM	45.46698	-70.108829999999998	SAMN42204479
zo-16451	Sphyrapicus varius	not_provided; latitude_longitude_available	not_provided	GCA_014839835.1 (Picoides pubescens)	NCBI SRA BioSample/accession SAMN42204035	yes_for_at_least_one_PIP	DatasetS4	NYSM	43.98415	-74.398099999999999	SAMN42204035
zo-16648	Setophaga castanea	not_provided; latitude_longitude_available	not_provided	GCA_001746935.2 (Setophaga coronata)	NCBI SRA BioSample/accession SAMN42230813	yes_for_at_least_one_PIP	DatasetS4	NYSM	45.421280000000003	-70.550449999999998	SAMN42230813
zo-16652	Setophaga castanea	not_provided; latitude_longitude_available	not_provided	GCA_001746935.2 (Setophaga coronata)	NCBI SRA BioSample/accession SAMN42230816	yes_for_at_least_one_PIP	DatasetS4	NYSM	45.421280000000003	-70.550449999999998	SAMN42230816
zo-16666	Setophaga castanea	not_provided; latitude_longitude_available	not_provided	GCA_001746935.2 (Setophaga coronata)	NCBI SRA BioSample/accession SAMN42230814	yes_for_at_least_one_PIP	DatasetS4	NYSM	45.422980000000003	-70.550299999999993	SAMN42230814
zo-16667	Setophaga castanea	not_provided; latitude_longitude_available	not_provided	GCA_001746935.2 (Setophaga coronata)	NCBI SRA BioSample/accession SAMN42230815	yes_for_at_least_one_PIP	DatasetS4	NYSM	45.423430000000003	-70.54571	SAMN42230815
zo-19309	Geothlypis philadelphia	not_provided; latitude_longitude_available	not_provided	GCA_009764595.1 (Geothlypis trichas)	NCBI SRA BioSample/accession SAMN42231204	yes_for_at_least_one_PIP	DatasetS4	NYSM	42.30753	-74.149979999999999	SAMN42231204
zo-19310	Geothlypis philadelphia	not_provided; latitude_longitude_available	not_provided	GCA_009764595.1 (Geothlypis trichas)	NCBI SRA BioSample/accession SAMN42231202	yes_for_at_least_one_PIP	DatasetS4	NYSM	42.314704999999996	-74.143879999999996	SAMN42231202
zo-19312	Empidonax minimus	not_provided; latitude_longitude_available	not_provided	GCA_009829145.1 (Chiroxiphia lanceolata)	NCBI SRA BioSample/accession SAMN42204481	yes_for_at_least_one_PIP	DatasetS4	NYSM	42.281689999999998	-74.106319999999997	SAMN42204481
zo-19313	Empidonax minimus	not_provided; latitude_longitude_available	not_provided	GCA_009829145.1 (Chiroxiphia lanceolata)	NCBI SRA BioSample/accession SAMN42204482	yes_for_at_least_one_PIP	DatasetS4	NYSM	42.281689999999998	-74.106319999999997	SAMN42204482
zo-19314	Geothlypis philadelphia	not_provided; latitude_longitude_available	not_provided	GCA_009764595.1 (Geothlypis trichas)	NCBI SRA BioSample/accession SAMN42231203	yes_for_at_least_one_PIP	DatasetS4	NYSM	42.270189999999999	-74.113849999999999	SAMN42231203
zo-19321	Geothlypis philadelphia	not_provided; latitude_longitude_available	not_provided	GCA_009764595.1 (Geothlypis trichas)	NCBI SRA BioSample/accession SAMN42231205	yes_for_at_least_one_PIP	DatasetS4	NYSM	42.165439999999997	-74.231030000000004	SAMN42231205
zo-9393	Sphyrapicus varius	not_provided; latitude_longitude_available	not_provided	GCA_014839835.1 (Picoides pubescens)	NCBI SRA BioSample/accession SAMN42204034	yes_for_at_least_one_PIP	DatasetS4	NYSM	43.716099999999997	-73.705299999999994	SAMN42204034
zt-1039	Setophaga coronata	not_provided; latitude_longitude_available	not_provided	GCA_001746935.2 (Setophaga coronata)	NCBI SRA BioSample/accession SAMN42203793	yes_for_at_least_one_PIP	DatasetS4	NYSM	44.502200000000002	-74.4208	SAMN42203793
zt-1040	Catharus guttatus	not_provided; latitude_longitude_available	not_provided	GCA_009819885.2 (Catharus ustulatus)	NCBI SRA BioSample/accession SAMN42203727	yes_for_at_least_one_PIP	DatasetS4	NYSM	44.502200000000002	-74.4208	SAMN42203727
zt-1046	Setophaga magnolia	not_provided; latitude_longitude_available	not_provided	GCA_001746935.2 (Setophaga coronata)	NCBI SRA BioSample/accession SAMN42204536	yes_for_at_least_one_PIP	DatasetS4	NYSM	44.502200000000002	-74.4208	SAMN42204536
zt-1047	Leiothlypis ruficapilla	not_provided; latitude_longitude_available	not_provided	GCA_001746935.2 (Setophaga coronata)	NCBI SRA BioSample/accession SAMN42230763	yes_for_at_least_one_PIP	DatasetS4	NYSM	44.502200000000002	-74.4208	SAMN42230763
zt-1049	Setophaga magnolia	not_provided; latitude_longitude_available	not_provided	GCA_001746935.2 (Setophaga coronata)	NCBI SRA BioSample/accession SAMN42204534	yes_for_at_least_one_PIP	DatasetS4	NYSM	44.502200000000002	-74.4208	SAMN42204534
zt-1055	Catharus guttatus	not_provided; latitude_longitude_available	not_provided	GCA_009819885.2 (Catharus ustulatus)	NCBI SRA BioSample/accession SAMN42203728	yes_for_at_least_one_PIP	DatasetS4	NYSM	43.947899999999997	-74.838999999999999	SAMN42203728
zt-1060	Leiothlypis ruficapilla	not_provided; latitude_longitude_available	not_provided	GCA_001746935.2 (Setophaga coronata)	NCBI SRA BioSample/accession SAMN42230762	yes_for_at_least_one_PIP	DatasetS4	NYSM	43.947899999999997	-74.838999999999999	SAMN42230762
zt-1061	Leiothlypis ruficapilla	not_provided; latitude_longitude_available	not_provided	GCA_001746935.2 (Setophaga coronata)	NCBI SRA BioSample/accession SAMN42230766	yes_for_at_least_one_PIP	DatasetS4	NYSM	43.947899999999997	-74.838999999999999	SAMN42230766
zt-1069	Setophaga magnolia	not_provided; latitude_longitude_available	not_provided	GCA_001746935.2 (Setophaga coronata)	NCBI SRA BioSample/accession SAMN42204532	yes_for_at_least_one_PIP	DatasetS4	NYSM	43.947899999999997	-74.838999999999999	SAMN42204532
zt-1071	Setophaga coronata	not_provided; latitude_longitude_available	not_provided	GCA_001746935.2 (Setophaga coronata)	NCBI SRA BioSample/accession SAMN42203811	yes_for_at_least_one_PIP	DatasetS4	NYSM	43.947899999999997	-74.838999999999999	SAMN42203811
zt-1078	Setophaga magnolia	not_provided; latitude_longitude_available	not_provided	GCA_001746935.2 (Setophaga coronata)	NCBI SRA BioSample/accession SAMN42204537	yes_for_at_least_one_PIP	DatasetS4	NYSM	43.947899999999997	-74.838999999999999	SAMN42204537
zt-1154	Cardellina canadensis	not_provided; latitude_longitude_available	not_provided	GCA_001746935.2 (Setophaga coronata)	NCBI SRA BioSample/accession SAMN42204456	yes_for_at_least_one_PIP	DatasetS4	NYSM	44.528199999999998	-72.815899999999999	SAMN42204456
zt-903	Empidonax flaviventris	not_provided; latitude_longitude_available	not_provided	GCA_009829145.1 (Chiroxiphia lanceolata)	NCBI SRA BioSample/accession SAMN42204298	yes_for_at_least_one_PIP	DatasetS4	NYSM	44.99928319	-75.10846583	SAMN42204298
zt-904	Catharus ustulatus	not_provided; latitude_longitude_available	not_provided	GCA_009819885.2 (Catharus ustulatus)	NCBI SRA BioSample/accession SAMN42203758	yes_for_at_least_one_PIP	DatasetS4	NYSM	44.249499999999998	-73.856999999999999	SAMN42203758
zt-905	Catharus ustulatus	not_provided; latitude_longitude_available	not_provided	GCA_009819885.2 (Catharus ustulatus)	NCBI SRA BioSample/accession SAMN42203759	yes_for_at_least_one_PIP	DatasetS4	NYSM	44.249499999999998	-73.856999999999999	SAMN42203759
zt-907	Empidonax flaviventris	not_provided; latitude_longitude_available	not_provided	GCA_009829145.1 (Chiroxiphia lanceolata)	NCBI SRA BioSample/accession SAMN42204293	yes_for_at_least_one_PIP	DatasetS4	NYSM	44.99928319	-75.10846583	SAMN42204293
zt-913	Empidonax flaviventris	not_provided; latitude_longitude_available	not_provided	GCA_009829145.1 (Chiroxiphia lanceolata)	NCBI SRA BioSample/accession SAMN42204292	yes_for_at_least_one_PIP	DatasetS4	NYSM	44.903181940000003	-75.17761806	SAMN42204292
zt-914	Catharus ustulatus	not_provided; latitude_longitude_available	not_provided	GCA_009819885.2 (Catharus ustulatus)	NCBI SRA BioSample/accession SAMN42204104	yes_for_at_least_one_PIP	DatasetS4	NYSM	44.155000000000001	-73.924999999999997	SAMN42204104
zt-915	Catharus ustulatus	not_provided; latitude_longitude_available	not_provided	GCA_009819885.2 (Catharus ustulatus)	NCBI SRA BioSample/accession SAMN42203760	yes_for_at_least_one_PIP	DatasetS4	NYSM	44.155000000000001	-73.924999999999997	SAMN42203760
zt-936	Catharus ustulatus	not_provided; latitude_longitude_available	not_provided	GCA_009819885.2 (Catharus ustulatus)	NCBI SRA BioSample/accession SAMN42203686	yes_for_at_least_one_PIP	DatasetS4	NYSM	44.090299999999999	-73.816100000000006	SAMN42203686
zt-942	Catharus ustulatus	not_provided; latitude_longitude_available	not_provided	GCA_009819885.2 (Catharus ustulatus)	NCBI SRA BioSample/accession SAMN42203761	yes_for_at_least_one_PIP	DatasetS4	NYSM	44.090299999999999	-73.816100000000006	SAMN42203761
