treatment	candidate_topology_id	expected_shared_quartets	normalized_expected_quartet_score	rank	is_optimal
T_background	topo118	5452.74227645	0.967656127143	1	true
T_background	topo643	4850.1968219	0.860727031394	2	false
T_background	topo13	4838.1968219	0.858597483922	3	false
T_background	topo106	4659.38997395	0.826866011348	4	false
T_background	topo109	4655.56224083	0.826186733066	5	false
T_background	topo114	4535.59163998	0.804896475595	6	false
T_background	topo117	4533.44576961	0.804515664528	7	false
T_background	topo206	4181.70628126	0.742095169701	8	false
T_background	topo205	4175.18115322	0.74093720554	9	false
T_background	topo631	4056.8445194	0.719936915599	10	false
T_background	topo634	4053.01678628	0.719257637317	11	false
T_background	topo1	4044.8445194	0.717807368128	12	false
T_background	topo107	4044.1699941	0.717687665323	13	false
T_background	topo108	4043.12058725	0.717501435182	14	false
T_background	topo4	4041.01678628	0.717128089846	15	false
T_background	topo110	4040.46876851	0.717030837357	16	false
T_background	topo111	4039.37230498	0.71683625643	17	false
T_background	topo112	3983.07482649	0.706845577017	18	false
T_background	topo113	3981.27322802	0.706525861228	19	false
T_background	topo115	3979.4474649	0.706201857124	20	false
T_background	topo116	3977.42133025	0.705842294631	21	false
T_background	topo639	3933.04618543	0.697967379846	22	false
T_background	topo642	3930.90031507	0.697586568779	23	false
T_background	topo9	3921.04618543	0.695837832375	24	false
T_background	topo12	3918.90031507	0.695457021308	25	false
T_background	topo181	3702.88444305	0.657122350142	26	false
T_background	topo121	3699.50868537	0.656523280455	27	false
T_background	topo187	3699.42098612	0.656507717146	28	false
T_background	topo136	3696.27161576	0.655948822672	29	false
T_background	topo184	3596.47829048	0.638239270716	30	false
T_background	topo190	3595.14755342	0.63800311507	31	false
T_background	topo120	3582.75668839	0.635804203797	32	false
T_background	topo119	3582.58556737	0.635773836268	33	false
T_background	topo153	3578.35172684	0.635022489236	34	false
T_background	topo168	3575.86397328	0.634581006793	35	false
T_background	topo195	3574.94630568	0.6344181554	36	false
T_background	topo201	3572.7442664	0.634027376468	37	false
T_background	topo671	3570.67882431	0.633660838387	38	false
T_background	topo670	3567.41626029	0.633081856307	39	false
T_background	topo100	3558.67882431	0.631531290916	40	false
T_background	topo101	3555.41626029	0.630952308835	41	false
T_background	topo198	3547.53570297	0.629553807093	42	false
T_background	topo204	3546.89184142	0.629439545948	43	false
T_background	topo632	3441.62453955	0.610758569574	44	false
T_background	topo633	3440.57513271	0.610572339434	45	false
T_background	topo635	3437.92331396	0.610101741608	46	false
T_background	topo636	3436.82685044	0.609907160681	47	false
T_background	topo2	3429.62453955	0.608629022103	48	false
T_background	topo3	3428.57513271	0.608442791962	49	false
T_background	topo5	3425.92331396	0.607972194137	50	false
T_background	topo6	3424.82685044	0.60777761321	51	false
T_background	topo637	3380.52937194	0.599916481268	52	false
T_background	topo638	3378.72777347	0.599596765479	53	false
T_background	topo640	3376.90201035	0.599272761375	54	false
T_background	topo641	3374.8758757	0.598913198882	55	false
T_background	topo7	3368.52937194	0.597786933797	56	false
T_background	topo8	3366.72777347	0.597467218008	57	false
T_background	topo10	3364.90201035	0.597143213904	58	false
T_background	topo11	3362.8758757	0.596783651411	59	false
T_background	topo124	3325.44605108	0.590141269046	60	false
T_background	topo139	3322.94905502	0.58969814641	61	false
T_background	topo160	3248.41538076	0.576471229949	62	false
T_background	topo175	3246.91337195	0.576204680026	63	false
T_background	topo931	3236.43355399	0.574344907541	64	false
T_background	topo930	3230.43355399	0.573280133805	65	false
T_background	topo929	3229.90842595	0.57318694338	66	false
T_background	topo932	3223.90842595	0.572122169644	67	false
T_background	topo646	3095.59175395	0.549350799282	68	false
T_background	topo286	3093.90387511	0.549051264439	69	false
T_background	topo652	3091.94615893	0.548703843643	70	false
T_background	topo391	3090.37147375	0.548424396406	71	false
T_background	topo182	3087.6644632	0.547944004117	72	false
T_background	topo183	3086.61505636	0.547757773976	73	false
T_background	topo188	3084.3275138	0.547351821437	74	false
T_background	topo122	3084.28870551	0.54734493443	75	false
T_background	topo16	3083.59175395	0.547221251811	76	false
T_background	topo123	3083.23929867	0.547158704289	77	false
T_background	topo189	3083.23105027	0.547157240509	78	false
T_background	topo76	3081.90387511	0.546921716967	79	false
T_background	topo137	3081.17814343	0.546792926963	80	false
T_background	topo138	3080.08167991	0.546598346035	81	false
T_background	topo31	3079.94615893	0.546574296172	82	false
T_background	topo82	3078.37147375	0.546294848935	83	false
T_background	topo226	3065.87232173	0.544076720804	84	false
T_background	topo133	3062.92812243	0.543554236455	85	false
T_background	topo856	3062.87232173	0.543544333936	86	false
T_background	topo331	3062.63525212	0.543502263021	87	false
T_background	topo148	3061.81618351	0.54335690923	88	false
T_background	topo874	3059.63525212	0.542969876153	89	false
T_background	topo151	3025.83491335	0.536971590657	90	false
T_background	topo152	3024.03331488	0.536651874869	91	false
T_background	topo193	3022.42949219	0.536367256821	92	false
T_background	topo166	3021.86566856	0.53626719939	93	false
T_background	topo194	3020.62789372	0.536047541033	94	false
T_background	topo167	3019.83953391	0.535907636897	95	false
T_background	topo199	3018.74596168	0.535713569065	96	false
T_background	topo200	3016.71982703	0.535354006572	97	false
T_background	topo253	2981.54870922	0.529112459488	98	false
T_background	topo358	2980.30021119	0.52889089817	99	false
T_background	topo645	2980.21123385	0.528875108048	100	false
T_background	topo644	2980.04011283	0.528844740519	101	false
T_background	topo498	2971.42622887	0.527316100952	102	false
T_background	topo660	2969.72351828	0.527013934034	103	false
T_background	topo79	2969.54870922	0.526982912017	104	false
T_background	topo603	2969.1094169	0.526904954197	105	false
T_background	topo85	2968.30021119	0.526761350699	106	false
T_background	topo15	2968.21123385	0.526745560577	107	false
T_background	topo14	2968.04011283	0.526715193048	108	false
T_background	topo666	2967.54956346	0.526628139035	109	false
T_background	topo90	2959.42622887	0.525186553481	110	false
T_background	topo48	2957.72351828	0.524884386563	111	false
T_background	topo96	2957.1094169	0.524775406726	112	false
T_background	topo63	2955.54956346	0.524498591564	113	false
T_background	topo438	2944.71536321	0.522575929584	114	false
T_background	topo493	2943.03337406	0.52227743994	115	false
T_background	topo598	2942.28236965	0.522144164978	116	false
T_background	topo543	2942.22760964	0.522134447142	117	false
T_background	topo894	2941.71536321	0.522043542717	118	false
T_background	topo912	2939.22760964	0.521602060274	119	false
T_background	topo165	2938.79207637	0.521524769541	120	false
T_background	topo180	2937.86250053	0.521359804885	121	false
T_background	topo93	2931.03337406	0.520147892468	122	false
T_background	topo99	2930.28236965	0.520014617507	123	false
T_background	topo928	2925.8982627	0.51923660385	124	false
T_background	topo933	2925.8982627	0.51923660385	124	false
T_background	topo691	2767.97535214	0.491211242616	126	false
T_background	topo736	2764.51189521	0.49059660962	127	false
T_background	topo676	2758.97535214	0.489614082013	128	false
T_background	topo721	2755.51189521	0.488999449017	129	false
T_background	topo649	2720.38867767	0.482766402426	130	false
T_background	topo655	2717.80944258	0.482308685462	131	false
T_background	topo19	2708.38867767	0.480636854955	132	false
T_background	topo34	2705.80944258	0.480179137991	133	false
T_background	topo126	2697.80060082	0.478757870599	134	false
T_background	topo125	2697.15673927	0.478643609454	135	false
T_background	topo141	2695.30360477	0.478314747963	136	false
T_background	topo140	2694.65974322	0.478200486818	137	false
T_background	topo229	2691.80968744	0.477694709395	138	false
T_background	topo334	2689.31269138	0.477251586759	139	false
T_background	topo859	2688.80968744	0.477162322527	140	false
T_background	topo877	2686.31269138	0.476719199891	141	false
T_background	topo162	2663.18738998	0.472615330963	142	false
T_background	topo161	2661.85665292	0.472379175318	143	false
T_background	topo177	2661.68538116	0.472348781041	144	false
T_background	topo176	2660.3546441	0.472112625395	145	false
T_background	topo700	2651.20556321	0.470489008555	146	false
T_background	topo745	2649.87482615	0.47025285291	147	false
T_background	topo697	2645.20556321	0.46942423482	148	false
T_background	topo244	2644.04087487	0.469217546562	149	false
T_background	topo742	2643.87482615	0.469188079174	150	false
T_background	topo349	2642.79237685	0.468995985243	151	false
T_background	topo783	2640.03721477	0.468507047874	152	false
T_background	topo868	2638.04087487	0.468152772826	153	false
T_background	topo828	2637.83517549	0.468116268942	154	false
T_background	topo886	2636.79237685	0.467931211508	155	false
T_background	topo663	2634.01821693	0.467438902738	156	false
T_background	topo669	2632.62335097	0.467191366632	157	false
T_background	topo768	2631.03721477	0.466909887271	158	false
T_background	topo813	2628.83517549	0.466519108339	159	false
T_background	topo55	2622.01821693	0.465309355267	160	false
T_background	topo70	2620.62335097	0.46506181916	161	false
T_background	topo445	2614.77901713	0.464024670297	162	false
T_background	topo550	2613.27700831	0.463758120374	163	false
T_background	topo862	2612.65110966	0.463647046968	164	false
T_background	topo897	2611.77901713	0.46349228343	165	false
T_background	topo915	2610.27700831	0.463225733507	166	false
T_background	topo880	2609.30084639	0.463052501578	167	false
T_background	topo484	2608.78810374	0.462961509093	168	false
T_background	topo589	2608.03709933	0.462828234132	169	false
T_background	topo211	2606.65110966	0.462582273232	170	false
T_background	topo316	2603.30084639	0.461987727842	171	false
T_background	topo908	2602.78810374	0.461896735358	172	false
T_background	topo802	2602.26297569	0.461803544932	173	false
T_background	topo926	2602.03709933	0.461763460396	174	false
T_background	topo847	2601.61911414	0.461689283788	175	false
T_background	topo799	2596.26297569	0.460738771197	176	false
T_background	topo844	2595.61911414	0.460624510052	177	false
T_background	topo900	2488.10356172	0.441544553987	178	false
T_background	topo918	2485.75866529	0.4411284233	179	false
T_background	topo423	2482.10356172	0.440479780251	180	false
T_background	topo647	2480.3717741	0.440172453257	181	false
T_background	topo528	2479.75866529	0.440063649564	182	false
T_background	topo648	2479.32236726	0.439986223116	183	false
T_background	topo287	2478.68389526	0.439872918413	184	false
T_background	topo288	2477.63448842	0.439686688273	185	false
T_background	topo653	2476.85268661	0.439547947933	186	false
T_background	topo654	2475.75622308	0.439353367006	187	false
T_background	topo392	2475.27800142	0.439268500696	188	false
T_background	topo393	2474.1815379	0.439073919769	189	false
T_background	topo17	2468.3717741	0.438042905785	190	false
T_background	topo18	2467.32236726	0.437856675645	191	false
T_background	topo77	2466.68389526	0.437743370942	192	false
T_background	topo78	2465.63448842	0.437557140802	193	false
T_background	topo32	2464.85268661	0.437418400462	194	false
T_background	topo33	2463.75622308	0.437223819535	195	false
T_background	topo83	2463.27800142	0.437138953225	196	false
T_background	topo84	2462.1815379	0.436944372298	197	false
T_background	topo394	2453.05762418	0.435325221683	198	false
T_background	topo289	2451.69972708	0.435084246155	199	false
T_background	topo227	2450.65234188	0.434898374778	200	false
T_background	topo228	2449.60293503	0.434712144638	201	false
T_background	topo857	2447.65234188	0.434365987911	202	false
T_background	topo332	2447.5417798	0.434346367311	203	false
T_background	topo858	2446.60293503	0.43417975777	204	false
T_background	topo333	2446.44531627	0.434151786384	205	false
T_background	topo875	2444.5417798	0.433813980443	206	false
T_background	topo876	2443.44531627	0.433619399516	207	false
T_background	topo28	2441.05762418	0.433195674212	208	false
T_background	topo43	2439.69972708	0.432954698684	209	false
T_background	topo238	2429.29175879	0.431107676804	210	false
T_background	topo343	2428.17981988	0.430910349579	211	false
T_background	topo760	2426.29175879	0.430575289936	212	false
T_background	topo715	2425.17981988	0.430377962711	213	false
T_background	topo134	2422.77009374	0.429950327194	214	false
T_background	topo135	2420.86936438	0.429613019411	215	false
T_background	topo149	2420.02518786	0.429463209914	216	false
T_background	topo496	2418.90941538	0.429265202374	217	false
T_background	topo150	2418.01751018	0.429106922836	218	false
T_background	topo658	2417.20670479	0.428963035456	219	false
T_background	topo497	2417.10781691	0.428945486585	220	false
T_background	topo659	2415.40510632	0.428643319667	221	false
T_background	topo601	2415.11111218	0.428591146794	222	false
T_background	topo664	2413.55125874	0.428314331631	223	false
T_background	topo602	2413.08497753	0.428231584301	224	false
T_background	topo665	2411.52512409	0.427954769138	225	false
T_background	topo163	2407.49079552	0.427238827954	226	false
T_background	topo88	2406.90941538	0.427135654903	227	false
T_background	topo164	2405.211079	0.426834264242	228	false
T_background	topo46	2405.20670479	0.426833487985	229	false
T_background	topo89	2405.10781691	0.426815939114	230	false
T_background	topo178	2404.5164622	0.426710995954	231	false
T_background	topo47	2403.40510632	0.426513772196	232	false
T_background	topo94	2403.11111218	0.426461599323	233	false
T_background	topo179	2402.07063752	0.426276954307	234	false
T_background	topo61	2401.55125874	0.42618478416	235	false
T_background	topo95	2401.08497753	0.42610203683	236	false
T_background	topo62	2399.52512409	0.425825221667	237	false
T_background	topo694	2392.77227586	0.42462684576	238	false
T_background	topo436	2392.19854972	0.424525031006	239	false
T_background	topo437	2390.39695125	0.424205315217	240	false
T_background	topo739	2390.37517886	0.424201451439	241	false
T_background	topo892	2389.19854972	0.423992644138	242	false
T_background	topo541	2388.22930493	0.423820639738	243	false
T_background	topo893	2387.39695125	0.423672928349	244	false
T_background	topo542	2386.20317028	0.423461077245	245	false
T_background	topo910	2385.22930493	0.423288252871	246	false
T_background	topo679	2383.77227586	0.423029685157	247	false
T_background	topo911	2383.20317028	0.422928690377	248	false
T_background	topo724	2381.37517886	0.422604290836	249	false
T_background	topo241	2340.03071163	0.415267207032	250	false
T_background	topo869	2340.03071163	0.415267207032	250	false
T_background	topo346	2338.7822136	0.415045645714	252	false
T_background	topo887	2338.7822136	0.415045645714	252	false
T_background	topo606	2329.18161571	0.413341901634	254	false
T_background	topo501	2328.57346844	0.413233978428	255	false
T_background	topo60	2317.18161571	0.411212354163	256	false
T_background	topo75	2316.57346844	0.411104430957	257	false
T_background	topo450	2305.15571273	0.40907820989	258	false
T_background	topo786	2304.33191341	0.408932016577	259	false
T_background	topo555	2304.22613689	0.408913245234	260	false
T_background	topo210	2303.03754775	0.408702315483	261	false
T_background	topo831	2302.908963	0.408679496539	262	false
T_background	topo209	2302.78149694	0.408656876121	263	false
T_background	topo207	2302.75250125	0.408651730479	264	false
T_background	topo208	2302.72283777	0.408646466329	265	false
T_background	topo854	2302.15571273	0.408545823022	266	false
T_background	topo809	2301.22613689	0.408380858366	267	false
T_background	topo481	2298.25281244	0.407853205403	268	false
T_background	topo909	2298.25281244	0.407853205403	268	false
T_background	topo586	2297.50180804	0.407719930441	270	false
T_background	topo927	2297.50180804	0.407719930441	270	false
T_background	topo775	2295.33191341	0.407334855974	272	false
T_background	topo820	2293.908963	0.407082335936	273	false
T_background	topo127	2290.98519183	0.406563476812	274	false
T_background	topo130	2290.13633764	0.406412837202	275	false
T_background	topo142	2288.95243217	0.406202738629	276	false
T_background	topo145	2287.95739436	0.40602615694	277	false
T_background	topo154	2251.94974238	0.399636156589	278	false
T_background	topo157	2251.12882775	0.399490475199	279	false
T_background	topo169	2249.31082311	0.399167847934	280	false
T_background	topo172	2248.22540519	0.398975227186	281	false
T_background	topo865	2237.44803338	0.397062650111	282	false
T_background	topo883	2235.16413004	0.396657343397	283	false
T_background	topo214	2231.44803338	0.395997876376	284	false
T_background	topo319	2229.16413004	0.395592569661	285	false
T_background	topo310	2214.92482578	0.393065630129	286	false
T_background	topo415	2214.92482578	0.393065630129	286	false
T_background	topo692	2152.75537229	0.382032896591	288	false
T_background	topo903	2152.39826036	0.38196952269	289	false
T_background	topo693	2151.70596545	0.38184666645	290	false
T_background	topo921	2150.8324528	0.381691650897	291	false
T_background	topo737	2149.41842289	0.381440713911	292	false
T_background	topo738	2148.32195936	0.381246132983	293	false
T_background	topo430	2146.39826036	0.380904748955	294	false
T_background	topo535	2144.8324528	0.380626877161	295	false
T_background	topo677	2143.75537229	0.380435735987	296	false
T_background	topo678	2142.70596545	0.380249505847	297	false
T_background	topo722	2140.41842289	0.379843553307	298	false
T_background	topo723	2139.32195936	0.37964897238	299	false
T_background	topo185	2138.78643831	0.379553937588	300	false
T_background	topo186	2138.55871245	0.379513524835	301	false
T_background	topo524	2138.39164908	0.379483877388	302	false
T_background	topo629	2138.39164908	0.379483877388	302	false
T_background	topo191	2137.76729506	0.379373078095	304	false
T_background	topo192	2137.29499046	0.379289261839	305	false
T_background	topo129	2125.52768105	0.377201008172	306	false
T_background	topo400	2125.44122237	0.377185665017	307	false
T_background	topo132	2125.12213576	0.377129039177	308	false
T_background	topo144	2124.47359688	0.377013947981	309	false
T_background	topo295	2124.26546336	0.376977012132	310	false
T_background	topo147	2124.0209949	0.376933628199	311	false
T_background	topo196	2116.72672016	0.375639169505	312	false
T_background	topo688	2116.44122237	0.375588504414	313	false
T_background	topo197	2116.39535901	0.375580365396	314	false
T_background	topo202	2115.71110462	0.375458936046	315	false
T_background	topo733	2115.26546336	0.375379851528	316	false
T_background	topo203	2115.07600489	0.375346229795	317	false
T_background	topo131	2103.7501997	0.373336326478	318	false
T_background	topo128	2103.30869548	0.373257976128	319	false
T_background	topo146	2101.96127675	0.373018860116	320	false
T_background	topo143	2101.62598905	0.372959359192	321	false
T_background	topo492	2092.74322742	0.371383003978	322	false
T_background	topo597	2091.99222301	0.371249729017	323	false
T_background	topo489	2090.16399233	0.370925287015	324	false
T_background	topo594	2089.41298792	0.370792012053	325	false
T_background	topo781	2087.52040128	0.370456149295	326	false
T_background	topo159	2086.64999245	0.370301684552	327	false
T_background	topo156	2086.4922316	0.37027368795	328	false
T_background	topo782	2085.71880281	0.370136433507	329	false
T_background	topo171	2084.29662123	0.369884049908	330	false
T_background	topo174	2084.28900574	0.369882698445	331	false
T_background	topo826	2083.83687077	0.369802461539	332	false
T_background	topo827	2081.81073612	0.369442899046	333	false
T_background	topo21	2080.74322742	0.369253456507	334	false
T_background	topo20	2079.99222301	0.369120181546	335	false
T_background	topo766	2078.52040128	0.368858988692	336	false
T_background	topo36	2078.16399233	0.368795739543	337	false
T_background	topo35	2077.41298792	0.368662464582	338	false
T_background	topo767	2076.71880281	0.368539272903	339	false
T_background	topo811	2074.83687077	0.368205300936	340	false
T_background	topo812	2072.81073612	0.367845738442	341	false
T_background	topo716	2069.23814609	0.367211738436	342	false
T_background	topo761	2069.12874701	0.367192324226	343	false
T_background	topo397	2066.23814609	0.366679351568	344	false
T_background	topo292	2066.12874701	0.366659937358	345	false
T_background	topo155	2064.27324603	0.366330655905	346	false
T_background	topo231	2064.16423719	0.366311310947	347	false
T_background	topo158	2063.80238462	0.366247095762	348	false
T_background	topo230	2063.52037564	0.366197049803	349	false
T_background	topo170	2062.92468517	0.366091337209	350	false
T_background	topo173	2062.22928759	0.365967930362	351	false
T_background	topo336	2061.66724113	0.365868188311	352	false
T_background	topo804	2061.16423719	0.36577892408	353	false
T_background	topo335	2061.02337958	0.365753927166	354	false
T_background	topo849	2060.52037564	0.365664662935	355	false
T_background	topo803	2058.66724113	0.365335801443	356	false
T_background	topo848	2058.02337958	0.365221540299	357	false
T_background	topo252	2048.15066586	0.36346950592	358	false
T_background	topo357	2046.90216783	0.363247944601	359	false
T_background	topo249	2046.7557999	0.363221969813	360	false
T_background	topo354	2045.50730187	0.363000408495	361	false
T_background	topo57	2036.15066586	0.361339958448	362	false
T_background	topo56	2034.90216783	0.36111839713	363	false
T_background	topo72	2034.7557999	0.361092422342	364	false
T_background	topo71	2033.50730187	0.360870861024	365	false
T_background	topo447	2029.55102634	0.360168771312	366	false
T_background	topo446	2028.22028928	0.359932615666	367	false
T_background	topo552	2028.04901753	0.359902221389	368	false
T_background	topo551	2026.71828046	0.359666065743	369	false
T_background	topo702	2026.55102634	0.359636384444	370	false
T_background	topo747	2025.22028928	0.359400228798	371	false
T_background	topo701	2025.04901753	0.359369834521	372	false
T_background	topo746	2023.71828046	0.359133678876	373	false
T_background	topo486	2023.56011296	0.359105610108	374	false
T_background	topo591	2022.80910855	0.358972335146	375	false
T_background	topo485	2022.22937589	0.358869454462	376	false
T_background	topo590	2021.47837149	0.358736179501	377	false
T_background	topo699	2017.56011296	0.358040836372	378	false
T_background	topo698	2016.80910855	0.357907561411	379	false
T_background	topo246	2016.39542462	0.357834148114	380	false
T_background	topo744	2016.22937589	0.357804680727	381	false
T_background	topo245	2015.75156307	0.357719886969	382	false
T_background	topo743	2015.47837149	0.357671405765	383	false
T_background	topo351	2015.1469266	0.357612586796	384	false
T_background	topo350	2014.50306504	0.357498325651	385	false
T_background	topo801	2010.39542462	0.356769374379	386	false
T_background	topo846	2009.75156307	0.356655113234	387	false
T_background	topo800	2009.1469266	0.35654781306	388	false
T_background	topo845	2008.50306504	0.356433551916	389	false
T_background	topo622	1999.49531219	0.354835015474	390	false
T_background	topo517	1998.85908047	0.354722108336	391	false
T_background	topo863	1997.43112981	0.354468700942	392	false
T_background	topo864	1996.38172297	0.354282470802	393	false
T_background	topo881	1994.20737407	0.353896605869	394	false
T_background	topo882	1993.11091054	0.353702024941	395	false
T_background	topo212	1991.43112981	0.353403927207	396	false
T_background	topo780	1990.49531219	0.35323785487	397	false
T_background	topo213	1990.38172297	0.353217697066	398	false
T_background	topo825	1989.85908047	0.353124947733	399	false
T_background	topo317	1988.20737407	0.352831832133	400	false
T_background	topo318	1987.11091054	0.352637251206	401	false
T_background	topo855	1982.93286798	0.351895806208	402	false
T_background	topo810	1982.79001084	0.351870454452	403	false
T_background	topo514	1979.93286798	0.35136341934	404	false
T_background	topo619	1979.79001084	0.351338067584	405	false
T_background	topo416	1970.11697989	0.349621469369	406	false
T_background	topo311	1969.05441455	0.34943290409	407	false
T_background	topo223	1964.11697989	0.348556695633	408	false
T_background	topo328	1963.05441455	0.348368130354	409	false
T_background	topo898	1935.58674823	0.343493655408	410	false
T_background	topo899	1933.78514976	0.34317393962	411	false
T_background	topo916	1931.76036058	0.342814615896	412	false
T_background	topo917	1929.73422593	0.342455053403	413	false
T_background	topo421	1929.58674823	0.342428881673	414	false
T_background	topo422	1927.78514976	0.342109165884	415	false
T_background	topo526	1925.76036058	0.341749842161	416	false
T_background	topo527	1923.73422593	0.341390279668	417	false
T_background	topo630	1847.56165914	0.327872521587	418	false
T_background	topo525	1846.78257028	0.327734262693	419	false
T_background	topo435	1841.56165914	0.326807747851	420	false
T_background	topo540	1840.78257028	0.326669488958	421	false
T_background	topo499	1818.28494026	0.322677008033	422	false
T_background	topo604	1816.27307018	0.322319976962	423	false
T_background	topo500	1815.29446921	0.322146312193	424	false
T_background	topo605	1813.1760167	0.321770366762	425	false
T_background	topo29	1806.28494026	0.320547460561	426	false
T_background	topo30	1804.27307018	0.320190429491	427	false
T_background	topo44	1803.29446921	0.320016764722	428	false
T_background	topo45	1801.1760167	0.319640819291	429	false
T_background	topo290	1795.37700557	0.318611713499	430	false
T_background	topo395	1793.1037534	0.318208296965	431	false
T_background	topo291	1792.61296009	0.318121199662	432	false
T_background	topo396	1790.17396567	0.317688370127	433	false
T_background	topo239	1789.1337301	0.317503767543	434	false
T_background	topo240	1787.23300075	0.31716645976	435	false
T_background	topo344	1786.38882423	0.317016650262	436	false
T_background	topo805	1786.1337301	0.316971380675	437	false
T_background	topo345	1784.38114654	0.316660363184	438	false
T_background	topo850	1784.23300075	0.316634072892	439	false
T_background	topo807	1783.38882423	0.316484263394	440	false
T_background	topo58	1783.37700557	0.316482166028	441	false
T_background	topo852	1781.38114654	0.316127976316	442	false
T_background	topo59	1781.1037534	0.316078749494	443	false
T_background	topo73	1780.61296009	0.315991652191	444	false
T_background	topo74	1778.17396567	0.315558822656	445	false
T_background	topo448	1773.85443189	0.314792268303	446	false
T_background	topo449	1771.57471536	0.31438770459	447	false
T_background	topo553	1770.88009856	0.314264436303	448	false
T_background	topo717	1770.85443189	0.314259881435	449	false
T_background	topo762	1768.57471536	0.313855317722	450	false
T_background	topo554	1768.43427388	0.313830394655	451	false
T_background	topo719	1767.88009856	0.313732049435	452	false
T_background	topo764	1765.43427388	0.313298007788	453	false
T_background	topo491	1765.12682561	0.313243447312	454	false
T_background	topo596	1764.3758212	0.313110172351	455	false
T_background	topo488	1762.72972861	0.312818052992	456	false
T_background	topo593	1761.9787242	0.31268477803	457	false
T_background	topo681	1756.12682561	0.311646286709	458	false
T_background	topo680	1755.3758212	0.311513011748	459	false
T_background	topo726	1753.72972861	0.311220892388	460	false
T_background	topo725	1752.9787242	0.311087617427	461	false
T_background	topo251	1718.46436234	0.304962619759	462	false
T_background	topo356	1717.21586432	0.304741058441	463	false
T_background	topo248	1717.04141193	0.304710099721	464	false
T_background	topo353	1715.7929139	0.304488538403	465	false
T_background	topo243	1712.38526137	0.303883808585	466	false
T_background	topo483	1712.38526137	0.303883808585	466	false
T_background	topo242	1711.63425697	0.303750533623	468	false
T_background	topo588	1711.63425697	0.303750533623	468	false
T_background	topo348	1711.13676335	0.303662247266	470	false
T_background	topo482	1711.13676335	0.303662247266	470	false
T_background	topo347	1710.38575894	0.303528972305	472	false
T_background	topo587	1710.38575894	0.303528972305	472	false
T_background	topo777	1709.46436234	0.303365459156	474	false
T_background	topo776	1708.21586432	0.303143897838	475	false
T_background	topo822	1708.04141193	0.303112939118	476	false
T_background	topo821	1706.7929139	0.302891377799	477	false
T_background	topo675	1696.35166352	0.301038449605	478	false
T_background	topo674	1696.22363812	0.301015729924	479	false
T_background	topo672	1696.12357976	0.300997973339	480	false
T_background	topo673	1696.10874802	0.300995341264	481	false
T_background	topo104	1684.35166352	0.298908902134	482	false
T_background	topo105	1684.22363812	0.298886182453	483	false
T_background	topo103	1684.12357976	0.298868425868	484	false
T_background	topo102	1684.10874802	0.298865793793	485	false
T_background	topo650	1683.93276166	0.298834562849	486	false
T_background	topo651	1683.2941953	0.298721241403	487	false
T_background	topo656	1681.57257724	0.29841571912	488	false
T_background	topo657	1680.78819318	0.298276520528	489	false
T_background	topo22	1671.93276166	0.296705015378	490	false
T_background	topo25	1671.2941953	0.296591693932	491	false
T_background	topo37	1669.57257724	0.296286171649	492	false
T_background	topo40	1668.78819318	0.296146973057	493	false
T_background	topo232	1657.3488282	0.29411691716	494	false
T_background	topo235	1656.499974	0.293966277551	495	false
T_background	topo337	1655.31606854	0.293756178978	496	false
T_background	topo860	1654.3488282	0.293584530292	497	false
T_background	topo340	1654.32103072	0.293579597289	498	false
T_background	topo861	1653.499974	0.293433890683	499	false
T_background	topo878	1652.31606854	0.29322379211	500	false
T_background	topo879	1651.32103072	0.293047210421	501	false
T_background	topo661	1642.35531878	0.291456134655	502	false
T_background	topo662	1641.28883897	0.291266874706	503	false
T_background	topo667	1640.03383021	0.291044157979	504	false
T_background	topo668	1638.70321302	0.290808023607	505	false
T_background	topo49	1630.35531878	0.289326587183	506	false
T_background	topo52	1629.28883897	0.289137327235	507	false
T_background	topo64	1628.03383021	0.288914610508	508	false
T_background	topo67	1626.70321302	0.288678476136	509	false
T_background	topo439	1618.31337874	0.287189596938	510	false
T_background	topo442	1617.49246411	0.287043915548	511	false
T_background	topo544	1615.67445947	0.286721288282	512	false
T_background	topo895	1615.31337874	0.28665721007	513	false
T_background	topo547	1614.58904156	0.286528667535	514	false
T_background	topo896	1614.49246411	0.28651152868	515	false
T_background	topo913	1612.67445947	0.286188901415	516	false
T_background	topo914	1611.58904156	0.285996280667	517	false
T_background	topo490	1609.80258313	0.285679251664	518	false
T_background	topo595	1609.05157872	0.285545976703	519	false
T_background	topo487	1607.51867979	0.28527394495	520	false
T_background	topo592	1606.76767538	0.285140669988	521	false
T_background	topo216	1603.80258313	0.284614477928	522	false
T_background	topo215	1603.05157872	0.284481202967	523	false
T_background	topo321	1601.51867979	0.284209171214	524	false
T_background	topo320	1600.76767538	0.284075896253	525	false
T_background	topo303	1587.27937552	0.281682231681	526	false
T_background	topo408	1587.27937552	0.281682231681	526	false
T_background	topo309	1586.63551397	0.281567970537	528	false
T_background	topo414	1586.63551397	0.281567970537	528	false
T_background	topo250	1566.53070929	0.278000125872	530	false
T_background	topo355	1565.28221126	0.277778564554	531	false
T_background	topo247	1564.96490173	0.277722254078	532	false
T_background	topo352	1563.7164037	0.27750069276	533	false
T_background	topo432	1560.53070929	0.276935352137	534	false
T_background	topo431	1559.28221126	0.276713790818	535	false
T_background	topo537	1558.96490173	0.276657480343	536	false
T_background	topo536	1557.7164037	0.276435919025	537	false
T_background	topo506	1553.1636583	0.275627978403	538	false
T_background	topo611	1553.1636583	0.275627978403	538	false
T_background	topo512	1551.83292124	0.275391822757	540	false
T_background	topo617	1551.83292124	0.275391822757	540	false
T_background	topo268	1529.23992506	0.271382417934	542	false
T_background	topo283	1528.90105847	0.271322281894	543	false
T_background	topo373	1528.30910574	0.271217232607	544	false
T_background	topo388	1527.72602632	0.271113757998	545	false
T_background	topo80	1517.23992506	0.269252870463	546	false
T_background	topo81	1516.90105847	0.269192734422	547	false
T_background	topo86	1516.30910574	0.269087685136	548	false
T_background	topo87	1515.72602632	0.268984210527	549	false
T_background	topo387	1515.55003995	0.268952979583	550	false
T_background	topo372	1515.25163752	0.268900024404	551	false
T_background	topo282	1514.24999759	0.268722271089	552	false
T_background	topo267	1513.90453847	0.268660965123	553	false
T_background	topo463	1509.72220033	0.267918757823	554	false
T_background	topo478	1509.39730353	0.267861100892	555	false
T_background	topo568	1508.48830121	0.267699787259	556	false
T_background	topo583	1507.86003174	0.267588293121	557	false
T_background	topo24	1503.55003995	0.266823432112	558	false
T_background	topo27	1503.25163752	0.266770476933	559	false
T_background	topo39	1502.24999759	0.266592723618	560	false
T_background	topo42	1501.90453847	0.266531417652	561	false
T_background	topo91	1497.72220033	0.265789210351	562	false
T_background	topo92	1497.39730353	0.265731553421	563	false
T_background	topo97	1496.48830121	0.265570239788	564	false
T_background	topo477	1496.33983531	0.26554389269	565	false
T_background	topo98	1495.86003174	0.26545874565	566	false
T_background	topo582	1495.68404537	0.265427514706	567	false
T_background	topo462	1494.38681374	0.265197305012	568	false
T_background	topo567	1493.83724032	0.265099776455	569	false
T_background	topo234	1491.89131741	0.264754448521	570	false
T_background	topo237	1491.48577212	0.264682479525	571	false
T_background	topo339	1490.83723324	0.26456738833	572	false
T_background	topo505	1490.66853845	0.264537451367	573	false
T_background	topo342	1490.38463127	0.264487068548	574	false
T_background	topo759	1488.89131741	0.264222061653	575	false
T_background	topo610	1488.65666837	0.264180420296	576	false
T_background	topo753	1488.48577212	0.264150092657	577	false
T_background	topo511	1487.86020549	0.26403907817	578	false
T_background	topo714	1487.83723324	0.264035001462	579	false
T_background	topo708	1487.38463127	0.26395468168	580	false
T_background	topo616	1485.74175299	0.263663132739	581	false
T_background	topo26	1484.33983531	0.263414345218	582	false
T_background	topo23	1483.68404537	0.263297967235	583	false
T_background	topo41	1482.38681374	0.263067757541	584	false
T_background	topo38	1481.83724032	0.262970228984	585	false
T_background	topo689	1481.66853845	0.262940290763	586	false
T_background	topo690	1479.65666837	0.262583259693	587	false
T_background	topo734	1478.86020549	0.262441917567	588	false
T_background	topo735	1476.74175299	0.262065972136	589	false
T_background	topo384	1473.97259708	0.261574551389	590	false
T_background	topo279	1473.96625932	0.261573426675	591	false
T_background	topo369	1471.99127243	0.261222940981	592	false
T_background	topo264	1471.81955832	0.261192468202	593	false
T_background	topo236	1470.11383606	0.260889766826	594	false
T_background	topo233	1469.67233184	0.260811416476	595	false
T_background	topo341	1468.32491312	0.260572300464	596	false
T_background	topo338	1467.98962541	0.26051279954	597	false
T_background	topo798	1467.11383606	0.260357379958	598	false
T_background	topo843	1466.67233184	0.260279029609	599	false
T_background	topo301	1465.69070205	0.260104827339	600	false
T_background	topo792	1465.32491312	0.260039913596	601	false
T_background	topo837	1464.98962541	0.259980412673	602	false
T_background	topo406	1463.41744988	0.259701410804	603	false
T_background	topo307	1462.89857212	0.259609329569	604	false
T_background	topo51	1461.97259708	0.259445003917	605	false
T_background	topo54	1461.96625932	0.259443879204	606	false
T_background	topo412	1460.4595777	0.259176500035	607	false
T_background	topo66	1459.99127243	0.259093393509	608	false
T_background	topo69	1459.81955832	0.259062920731	609	false
T_background	topo778	1456.69070205	0.258507666735	610	false
T_background	topo779	1454.41744988	0.258104250201	611	false
T_background	topo579	1454.10660249	0.258049086512	612	false
T_background	topo823	1453.89857212	0.258012168966	613	false
T_background	topo564	1453.55350205	0.257950932041	614	false
T_background	topo474	1453.07947021	0.257866809266	615	false
T_background	topo444	1453.01362881	0.2578551249	616	false
T_background	topo441	1452.85586796	0.257827128298	617	false
T_background	topo459	1452.30183359	0.257728808091	618	false
T_background	topo824	1451.4595777	0.257579339431	619	false
T_background	topo546	1450.6602576	0.257437490257	620	false
T_background	topo549	1450.6526421	0.257436138794	621	false
T_background	topo713	1450.01362881	0.257322738032	622	false
T_background	topo758	1449.85586796	0.25729474143	623	false
T_background	topo752	1447.6602576	0.256905103389	624	false
T_background	topo707	1447.6526421	0.256903751926	625	false
T_background	topo50	1442.10660249	0.25591953904	626	false
T_background	topo494	1441.59269584	0.255828339989	627	false
T_background	topo53	1441.55350205	0.25582138457	628	false
T_background	topo495	1441.48329676	0.255808925778	629	false
T_background	topo65	1441.07947021	0.255737261795	630	false
T_background	topo599	1440.84169143	0.255695065027	631	false
T_background	topo600	1440.73229235	0.255675650817	632	false
T_background	topo68	1440.30183359	0.255599260619	633	false
T_background	topo399	1438.59269584	0.255295953121	634	false
T_background	topo294	1438.48329676	0.255276538911	635	false
T_background	topo398	1437.84169143	0.25516267816	636	false
T_background	topo293	1437.73229235	0.255143263949	637	false
T_background	topo440	1430.63688239	0.253884096254	638	false
T_background	topo443	1430.16602098	0.253800536111	639	false
T_background	topo545	1429.28832154	0.253644777558	640	false
T_background	topo548	1428.59292395	0.25352137071	641	false
T_background	topo842	1427.63688239	0.253351709386	642	false
T_background	topo836	1427.16602098	0.253268149243	643	false
T_background	topo797	1426.28832154	0.25311239069	644	false
T_background	topo791	1425.59292395	0.252988983842	645	false
T_background	topo255	1397.06531691	0.24792640939	646	false
T_background	topo254	1396.92245977	0.247901057634	647	false
T_background	topo360	1395.81681888	0.247704848072	648	false
T_background	topo359	1395.67396174	0.247679496316	649	false
T_background	topo516	1394.06531691	0.247394022522	650	false
T_background	topo621	1393.92245977	0.247368670766	651	false
T_background	topo515	1392.81681888	0.247172461204	652	false
T_background	topo620	1392.67396174	0.247147109448	653	false
T_background	topo943	1357.76482047	0.240952053323	654	false
T_background	topo941	1357.50876967	0.240906613961	655	false
T_background	topo935	1357.47977397	0.240901468318	656	false
T_background	topo937	1357.45011049	0.240896204169	657	false
T_background	topo695	1356.31635984	0.240695006184	658	false
T_background	topo696	1355.67779349	0.240581684737	659	false
T_background	topo740	1354.13831352	0.240308485097	660	false
T_background	topo741	1353.35392946	0.240169286505	661	false
T_background	topo942	1351.76482047	0.239887279587	662	false
T_background	topo944	1351.50876967	0.239841840225	663	false
T_background	topo938	1351.47977397	0.239836694583	664	false
T_background	topo936	1351.45011049	0.239831430434	665	false
T_background	topo682	1347.31635984	0.23909784558	666	false
T_background	topo685	1346.67779349	0.238984524133	667	false
T_background	topo727	1345.13831352	0.238711324494	668	false
T_background	topo730	1344.35392946	0.238572125902	669	false
T_background	topo521	1335.34429597	0.236973255718	670	false
T_background	topo626	1333.33242589	0.236616224648	671	false
T_background	topo523	1332.64915667	0.236494970128	672	false
T_background	topo628	1330.53070417	0.236119024697	673	false
T_background	topo224	1329.34429597	0.235908481983	674	false
T_background	topo225	1327.33242589	0.235551450912	675	false
T_background	topo329	1326.64915667	0.235430196393	676	false
T_background	topo330	1324.53070417	0.235054250962	677	false
T_background	topo313	1313.757049	0.233142333452	678	false
T_background	topo784	1312.66901526	0.232949248494	679	false
T_background	topo785	1311.60253545	0.232759988545	680	false
T_background	topo418	1311.48379683	0.232738916917	681	false
T_background	topo315	1310.82206193	0.232621483927	682	false
T_background	topo829	1310.31944224	0.232532287886	683	false
T_background	topo830	1308.98882505	0.232296153514	684	false
T_background	topo420	1308.3830675	0.232188654392	685	false
T_background	topo433	1307.757049	0.232077559716	686	false
T_background	topo434	1305.48379683	0.231674143182	687	false
T_background	topo538	1304.82206193	0.231556710191	688	false
T_background	topo769	1303.66901526	0.231352087891	689	false
T_background	topo772	1302.60253545	0.231162827942	690	false
T_background	topo539	1302.3830675	0.231123880657	691	false
T_background	topo814	1301.31944224	0.230935127283	692	false
T_background	topo817	1299.98882505	0.230698992911	693	false
T_background	topo866	1200.99211737	0.213130810535	694	false
T_background	topo867	1200.35355101	0.213017489088	695	false
T_background	topo884	1198.9272647	0.212764377055	696	false
T_background	topo885	1198.14288064	0.212625178463	697	false
T_background	topo217	1194.99211737	0.2120660368	698	false
T_background	topo220	1194.35355101	0.211952715353	699	false
T_background	topo706	1193.51371104	0.211803675428	700	false
T_background	topo712	1193.28598517	0.211763262675	701	false
T_background	topo322	1192.9272647	0.211699603319	702	false
T_background	topo751	1192.49456779	0.211622815935	703	false
T_background	topo325	1192.14288064	0.211560404728	704	false
T_background	topo757	1192.02226319	0.211538999679	705	false
T_background	topo259	1190.59611927	0.211285912914	706	false
T_background	topo274	1190.18619002	0.21121316593	707	false
T_background	topo364	1189.72226269	0.211130836324	708	false
T_background	topo379	1189.06738879	0.211014620903	709	false
T_background	topo386	1187.93363814	0.210813422918	710	false
T_background	topo371	1187.63523571	0.210760467739	711	false
T_background	topo703	1187.51371104	0.210738901692	712	false
T_background	topo709	1187.28598517	0.210698488939	713	false
T_background	topo281	1186.81573387	0.210615037066	714	false
T_background	topo748	1186.49456779	0.210558042199	715	false
T_background	topo266	1186.47027475	0.210553731101	716	false
T_background	topo754	1186.02226319	0.210474225943	717	false
T_background	topo870	1184.59611927	0.210221139178	718	false
T_background	topo872	1184.18619002	0.210148392194	719	false
T_background	topo888	1183.72226269	0.210066062589	720	false
T_background	topo890	1183.06738879	0.209949847168	721	false
T_background	topo684	1178.93363814	0.209216262314	722	false
T_background	topo687	1178.63523571	0.209163307135	723	false
T_background	topo729	1177.81573387	0.209017876463	724	false
T_background	topo732	1177.47027475	0.208956570497	725	false
T_background	topo790	1171.45399289	0.207888907344	726	false
T_background	topo796	1171.12263173	0.207830103236	727	false
T_background	topo454	1171.07839454	0.207822252802	728	false
T_background	topo469	1170.81046047	0.207774704609	729	false
T_background	topo835	1170.43837734	0.207708673885	730	false
T_background	topo841	1169.80327762	0.207595967634	731	false
T_background	topo559	1169.77343275	0.207590671296	732	false
T_background	topo574	1169.20139421	0.207489156026	733	false
T_background	topo476	1168.72343349	0.207404336024	734	false
T_background	topo581	1168.06764356	0.207287958041	735	false
T_background	topo461	1166.95255002	0.207090070989	736	false
T_background	topo566	1166.4029766	0.206992542432	737	false
T_background	topo787	1165.45399289	0.206824133609	738	false
T_background	topo793	1165.12263173	0.2067653295	739	false
T_background	topo904	1165.07839454	0.206757479067	740	false
T_background	topo906	1164.81046047	0.206709930874	741	false
T_background	topo832	1164.43837734	0.20664390015	742	false
T_background	topo838	1163.80327762	0.206531193899	743	false
T_background	topo922	1163.77343275	0.20652589756	744	false
T_background	topo924	1163.20139421	0.206424382291	745	false
T_background	topo312	1162.19473983	0.206245739101	746	false
T_background	topo520	1162.19473983	0.206245739101	746	false
T_background	topo417	1160.76790269	0.205992529315	748	false
T_background	topo522	1160.76790269	0.205992529315	748	false
T_background	topo901	1160.73536221	0.205986754607	750	false
T_background	topo314	1160.4508531	0.205936264969	751	false
T_background	topo625	1160.4508531	0.205936264969	751	false
T_background	topo686	1159.72343349	0.20580717542	753	false
T_background	topo902	1159.6688824	0.205797494658	754	false
T_background	topo683	1159.06764356	0.205690797437	755	false
T_background	topo419	1158.8186725	0.205646614464	756	false
T_background	topo627	1158.8186725	0.205646614464	756	false
T_background	topo919	1158.24293204	0.205544442244	758	false
T_background	topo731	1157.95255002	0.205492910386	759	false
T_background	topo728	1157.4029766	0.205395381829	760	false
T_background	topo920	1156.91231486	0.205308307872	761	false
T_background	topo424	1154.73536221	0.204921980872	762	false
T_background	topo427	1153.6688824	0.204732720923	763	false
T_background	topo529	1152.24293204	0.204479668508	764	false
T_background	topo532	1150.91231486	0.204243534136	765	false
T_background	topo383	1144.28629356	0.203067665228	766	false
T_background	topo278	1144.2799558	0.203066540515	767	false
T_background	topo368	1142.27688445	0.202711070888	768	false
T_background	topo263	1142.10517035	0.20268059811	769	false
T_background	topo771	1135.28629356	0.201470504625	770	false
T_background	topo774	1135.2799558	0.201469379911	771	false
T_background	topo816	1133.27688445	0.201113910285	772	false
T_background	topo819	1133.10517035	0.201083437506	773	false
T_background	topo578	1124.42029898	0.199542200351	774	false
T_background	topo563	1123.86719854	0.199444045881	775	false
T_background	topo473	1123.36508224	0.199354939173	776	false
T_background	topo458	1122.58744562	0.199216937998	777	false
T_background	topo770	1115.42029898	0.197945039748	778	false
T_background	topo773	1114.86719854	0.197846885277	779	false
T_background	topo815	1114.36508224	0.19775777857	780	false
T_background	topo818	1113.58744562	0.197619777395	781	false
T_background	topo940	1050.3640678	0.186400012032	782	false
T_background	topo945	1050.3640678	0.186400012032	782	false
T_background	topo934	1050.19221496	0.186369514634	784	false
T_background	topo939	1050.19221496	0.186369514634	784	false
T_background	topo385	1032.60939566	0.183249227269	786	false
T_background	topo370	1032.31099323	0.18319627209	787	false
T_background	topo280	1031.60468505	0.183070929024	788	false
T_background	topo265	1031.25922593	0.183009623059	789	false
T_background	topo219	1026.60939566	0.182184453534	790	false
T_background	topo222	1026.31099323	0.182131498355	791	false
T_background	topo324	1025.60468505	0.182006155289	792	false
T_background	topo327	1025.25922593	0.181944849323	793	false
T_background	topo366	1025.24342739	0.181942045677	794	false
T_background	topo276	1025.17198814	0.181929367904	795	false
T_background	topo261	1025.13860848	0.181923444274	796	false
T_background	topo381	1025.13098933	0.181922092162	797	false
T_background	topo711	1019.24342739	0.180877271941	798	false
T_background	topo750	1019.17198814	0.180864594168	799	false
T_background	topo756	1019.13860848	0.180858670538	800	false
T_background	topo705	1019.13098933	0.180857318426	801	false
T_background	topo475	1013.39919101	0.179840140375	802	false
T_background	topo718	1013.22952601	0.179810031235	803	false
T_background	topo580	1012.74340108	0.179723762392	804	false
T_background	topo460	1011.74150121	0.179545962947	805	false
T_background	topo720	1011.62849641	0.179525908858	806	false
T_background	topo763	1011.58009612	0.179517319632	807	false
T_background	topo565	1011.19192779	0.17944843439	808	false
T_background	topo502	1010.22952601	0.179277644367	809	false
T_background	topo806	1009.83931604	0.179208396813	810	false
T_background	topo765	1009.77372308	0.179196756536	811	false
T_background	topo607	1008.62849641	0.17899352199	812	false
T_background	topo508	1008.58009612	0.178984932764	813	false
T_background	topo851	1008.38114359	0.178949626192	814	false
T_background	topo808	1008.30118253	0.178935436118	815	false
T_background	topo221	1007.39919101	0.17877536664	816	false
T_background	topo298	1006.83931604	0.178676009945	817	false
T_background	topo613	1006.77372308	0.178664369669	818	false
T_background	topo218	1006.74340108	0.178658988657	819	false
T_background	topo853	1006.63766663	0.178640224778	820	false
T_background	topo471	1006.33162517	0.178585913962	821	false
T_background	topo326	1005.74150121	0.178481189212	822	false
T_background	topo456	1005.62088376	0.178459784163	823	false
T_background	topo304	1005.38114359	0.178417239324	824	false
T_background	topo403	1005.30118253	0.17840304925	825	false
T_background	topo576	1005.26499475	0.178396627285	826	false
T_background	topo323	1005.19192779	0.178383660654	827	false
T_background	topo561	1004.75923088	0.17830687327	828	false
T_background	topo275	1003.80005208	0.178136655205	829	false
T_background	topo409	1003.63766663	0.178107837911	830	false
T_background	topo380	1003.07127118	0.178007324078	831	false
T_background	topo260	1002.91962291	0.17798041223	832	false
T_background	topo365	1002.39581956	0.177887456887	833	false
T_background	topo710	1000.33162517	0.177521140226	834	false
T_background	topo755	999.620883757	0.177395010427	835	false
T_background	topo704	999.264994751	0.177331853549	836	false
T_background	topo749	998.759230876	0.177242099534	837	false
T_background	topo795	997.800052081	0.177071881469	838	false
T_background	topo789	997.071271182	0.176942550343	839	false
T_background	topo840	996.919622914	0.176915638494	840	false
T_background	topo297	996.737229051	0.176883270461	841	false
T_background	topo513	996.737229051	0.176883270461	841	false
T_background	topo834	996.395819559	0.176822683152	843	false
T_background	topo402	996.28906739	0.176803738667	844	false
T_background	topo507	996.28906739	0.176803738667	844	false
T_background	topo296	995.436651223	0.176652466943	846	false
T_background	topo618	995.436651223	0.176652466943	846	false
T_background	topo401	994.882273047	0.176554085723	848	false
T_background	topo612	994.882273047	0.176554085723	848	false
T_background	topo382	992.352640507	0.176105171341	850	false
T_background	topo277	992.346302747	0.176104046628	851	false
T_background	topo367	990.200374259	0.175723225246	852	false
T_background	topo262	990.028660151	0.175692752467	853	false
T_background	topo426	986.352640507	0.175040397606	854	false
T_background	topo429	986.346302747	0.175039272892	855	false
T_background	topo531	984.200374259	0.17465845151	856	false
T_background	topo534	984.028660151	0.174627978731	857	false
T_background	topo470	983.484017345	0.174531325172	858	false
T_background	topo455	983.401898186	0.174516752118	859	false
T_background	topo560	983.387294817	0.174514160571	860	false
T_background	topo575	983.2052766	0.174481859201	861	false
T_background	topo833	977.484017345	0.173466551437	862	false
T_background	topo839	977.401898186	0.173451978383	863	false
T_background	topo794	977.387294817	0.173449386835	864	false
T_background	topo788	977.2052766	0.173417085466	865	false
T_background	topo308	974.51824348	0.172940238417	866	false
T_background	topo519	974.51824348	0.172940238417	866	false
T_background	topo302	974.064715164	0.172859754244	868	false
T_background	topo624	974.064715164	0.172859754244	868	false
T_background	topo413	973.44145956	0.172749149878	870	false
T_background	topo518	973.44145956	0.172749149878	870	false
T_background	topo407	972.822554897	0.172639317639	872	false
T_background	topo623	972.822554897	0.172639317639	872	false
T_background	topo577	972.486645925	0.172579706464	874	false
T_background	topo562	971.933545483	0.172481551994	875	false
T_background	topo472	971.288572045	0.172367093531	876	false
T_background	topo457	970.510935424	0.172229092356	877	false
T_background	topo425	966.486645925	0.171514932729	878	false
T_background	topo428	965.933545483	0.171416778258	879	false
T_background	topo530	965.288572045	0.171302319795	880	false
T_background	topo533	964.510935424	0.17116431862	881	false
T_background	topo256	883.308560255	0.156753959229	882	false
T_background	topo871	883.308560255	0.156753959229	882	false
T_background	topo271	883.041488145	0.156706564001	884	false
T_background	topo873	883.041488145	0.156706564001	884	false
T_background	topo361	882.321510012	0.156578795033	886	false
T_background	topo889	882.321510012	0.156578795033	886	false
T_background	topo376	881.809493257	0.156487931368	888	false
T_background	topo891	881.809493257	0.156487931368	888	false
T_background	topo451	863.790835527	0.153290299118	890	false
T_background	topo905	863.790835527	0.153290299118	890	false
T_background	topo466	863.409707799	0.153222663318	892	false
T_background	topo907	863.409707799	0.153222663318	892	false
T_background	topo556	862.628730881	0.153084069367	894	false
T_background	topo923	862.628730881	0.153084069367	894	false
T_background	topo571	861.943498675	0.152962466491	896	false
T_background	topo925	861.943498675	0.152962466491	896	false
T_background	topo389	844.846804303	0.149928447969	898	false
T_background	topo284	844.257516471	0.149823871601	899	false
T_background	topo374	843.585938629	0.14970469186	900	false
T_background	topo269	842.890068376	0.149581201131	901	false
T_background	topo504	841.846804303	0.149396061101	902	false
T_background	topo390	841.456594336	0.149326813547	903	false
T_background	topo510	841.257516471	0.149291484733	904	false
T_background	topo285	840.978602873	0.149241988087	905	false
T_background	topo609	840.585938629	0.149172304992	906	false
T_background	topo375	840.338585805	0.149128409193	907	false
T_background	topo615	839.890068376	0.149048814264	908	false
T_background	topo270	839.75401192	0.149024669374	909	false
T_background	topo300	838.456594336	0.148794426679	910	false
T_background	topo405	837.978602873	0.14870960122	911	false
T_background	topo306	837.338585805	0.148596022326	912	false
T_background	topo411	836.75401192	0.148492282506	913	false
T_background	topo584	824.980809721	0.146402983092	914	false
T_background	topo479	824.674136416	0.146348560145	915	false
T_background	topo569	823.844759208	0.146201376967	916	false
T_background	topo464	823.372343648	0.14611754102	917	false
T_background	topo503	821.980809721	0.145870596224	918	false
T_background	topo608	821.674136416	0.145816173277	919	false
T_background	topo585	821.590599754	0.14580134867	920	false
T_background	topo480	821.426783592	0.145772277479	921	false
T_background	topo509	820.844759208	0.145668990099	922	false
T_background	topo570	820.565845609	0.145619493453	923	false
T_background	topo614	820.372343648	0.145585154152	924	false
T_background	topo465	820.236287193	0.145561009262	925	false
T_background	topo299	818.590599754	0.145268961802	926	false
T_background	topo305	818.426783592	0.145239890611	927	false
T_background	topo404	817.565845609	0.145087106585	928	false
T_background	topo410	817.236287193	0.145028622394	929	false
T_background	topo273	714.99893036	0.126885347003	930	false
T_background	topo363	714.99893036	0.126885347003	930	false
T_background	topo258	714.925838551	0.126872375963	932	false
T_background	topo378	714.925838551	0.126872375963	932	false
T_background	topo272	696.087128146	0.123529215288	934	false
T_background	topo468	696.087128146	0.123529215288	934	false
T_background	topo377	695.408113824	0.123408715852	936	false
T_background	topo453	695.408113824	0.123408715852	936	false
T_background	topo257	695.059843969	0.123346911086	938	false
T_background	topo573	695.059843969	0.123346911086	938	false
T_background	topo362	694.586173096	0.123262852368	940	false
T_background	topo558	694.586173096	0.123262852368	940	false
T_background	topo467	675.674370883	0.119906720654	942	false
T_background	topo557	675.674370883	0.119906720654	942	false
T_background	topo452	675.542119242	0.119883250975	944	false
T_background	topo572	675.542119242	0.119883250975	944	false
T_chr1	topo118	3969.17540984	0.969273604356	1	true
T_chr1	topo643	3525.17540984	0.860848695931	2	false
T_chr1	topo13	3513.17540984	0.857918293001	3	false
T_chr1	topo106	3388.99525959	0.827593469985	4	false
T_chr1	topo109	3385.91461785	0.826841176521	5	false
T_chr1	topo114	3300.6064126	0.806008891965	6	false
T_chr1	topo117	3299.10925981	0.805643286888	7	false
T_chr1	topo206	3049.99830204	0.744810330167	8	false
T_chr1	topo205	3043.52744807	0.74323014605	9	false
T_chr1	topo631	2944.99525959	0.719168561561	10	false
T_chr1	topo634	2941.91461785	0.718416268096	11	false
T_chr1	topo107	2940.5915715	0.718093179854	12	false
T_chr1	topo108	2939.86400671	0.717915508354	13	false
T_chr1	topo110	2937.63471855	0.71737111564	14	false
T_chr1	topo111	2936.86513055	0.717183182063	15	false
T_chr1	topo1	2932.99525959	0.71623815863	16	false
T_chr1	topo4	2929.91461785	0.715485865166	17	false
T_chr1	topo112	2896.9140721	0.707427123834	18	false
T_chr1	topo113	2895.48966328	0.707079282853	19	false
T_chr1	topo115	2894.5068599	0.706839282027	20	false
T_chr1	topo116	2892.85062698	0.706434829544	21	false
T_chr1	topo639	2856.6064126	0.69758398354	22	false
T_chr1	topo642	2855.10925981	0.697218378463	23	false
T_chr1	topo9	2844.6064126	0.69465358061	24	false
T_chr1	topo12	2843.10925981	0.694287975533	25	false
T_chr1	topo181	2696.44630943	0.658472847235	26	false
T_chr1	topo187	2693.56169422	0.657768423496	27	false
T_chr1	topo121	2693.0434147	0.657641859511	28	false
T_chr1	topo136	2690.49373498	0.657019227101	29	false
T_chr1	topo184	2623.78427607	0.640728760945	30	false
T_chr1	topo190	2622.67543242	0.640457981056	31	false
T_chr1	topo153	2607.29594315	0.63670230602	32	false
T_chr1	topo168	2605.45690716	0.636253212983	33	false
T_chr1	topo120	2604.16471328	0.635937658921	34	false
T_chr1	topo119	2603.99542673	0.635896319104	35	false
T_chr1	topo195	2603.91765903	0.635877328212	36	false
T_chr1	topo201	2602.36433733	0.635498006673	37	false
T_chr1	topo671	2597.58685594	0.634331344551	38	false
T_chr1	topo670	2594.35142896	0.633541252492	39	false
T_chr1	topo198	2586.74254423	0.631683160984	40	false
T_chr1	topo204	2586.31492187	0.6315787355	41	false
T_chr1	topo100	2585.58685594	0.631400941621	42	false
T_chr1	topo101	2582.35142896	0.630610849562	43	false
T_chr1	topo632	2496.5915715	0.609668271429	44	false
T_chr1	topo633	2495.86400671	0.609490599929	45	false
T_chr1	topo635	2493.63471855	0.608946207215	46	false
T_chr1	topo636	2492.86513055	0.608758273638	47	false
T_chr1	topo2	2484.5915715	0.606737868498	48	false
T_chr1	topo3	2483.86400671	0.606560196999	49	false
T_chr1	topo5	2481.63471855	0.606015804285	50	false
T_chr1	topo6	2480.86513055	0.605827870707	51	false
T_chr1	topo637	2452.9140721	0.599002215409	52	false
T_chr1	topo638	2451.48966328	0.598654374428	53	false
T_chr1	topo640	2450.5068599	0.598414373602	54	false
T_chr1	topo641	2448.85062698	0.598009921119	55	false
T_chr1	topo7	2440.9140721	0.596071812478	56	false
T_chr1	topo8	2439.48966328	0.595723971497	57	false
T_chr1	topo10	2438.5068599	0.595483970672	58	false
T_chr1	topo11	2436.85062698	0.595079518189	59	false
T_chr1	topo124	2423.83655779	0.591901479314	60	false
T_chr1	topo139	2421.8647597	0.591419965738	61	false
T_chr1	topo160	2370.42849435	0.57885921718	62	false
T_chr1	topo175	2369.35896392	0.578598037587	63	false
T_chr1	topo931	2359.99830204	0.576312161669	64	false
T_chr1	topo930	2353.99830204	0.574846960204	65	false
T_chr1	topo929	2353.52744807	0.574731977551	66	false
T_chr1	topo932	2347.52744807	0.573266776086	67	false
T_chr1	topo182	2248.04262134	0.548972557103	68	false
T_chr1	topo646	2247.72078451	0.548893964471	69	false
T_chr1	topo183	2247.31505655	0.548794885603	70	false
T_chr1	topo286	2246.01933714	0.548478470609	71	false
T_chr1	topo188	2245.28179491	0.548298362615	72	false
T_chr1	topo652	2244.73815603	0.548165605869	73	false
T_chr1	topo122	2244.63972661	0.54814156938	74	false
T_chr1	topo189	2244.51220691	0.548110429037	75	false
T_chr1	topo123	2243.91216182	0.54796389788	76	false
T_chr1	topo391	2243.20417642	0.547791007672	77	false
T_chr1	topo137	2242.21383567	0.54754916622	78	false
T_chr1	topo138	2241.44424767	0.547361232643	79	false
T_chr1	topo16	2235.72078451	0.54596356154	80	false
T_chr1	topo76	2234.01933714	0.545548067679	81	false
T_chr1	topo31	2232.73815603	0.545235202939	82	false
T_chr1	topo133	2232.5707696	0.545194327131	83	false
T_chr1	topo148	2231.78927228	0.545003485293	84	false
T_chr1	topo82	2231.20417642	0.544860604742	85	false
T_chr1	topo226	2231.0434147	0.544821346691	86	false
T_chr1	topo331	2228.49373498	0.544198714281	87	false
T_chr1	topo856	2228.0434147	0.544088745958	88	false
T_chr1	topo874	2225.49373498	0.543466113548	89	false
T_chr1	topo151	2203.60360265	0.538120537889	90	false
T_chr1	topo152	2202.17919384	0.537772696908	91	false
T_chr1	topo166	2200.85450726	0.537449208121	92	false
T_chr1	topo193	2200.22531853	0.537295560081	93	false
T_chr1	topo167	2199.19827434	0.537044755638	94	false
T_chr1	topo194	2198.80090971	0.5369477191	95	false
T_chr1	topo199	2197.76193742	0.536694001812	96	false
T_chr1	topo200	2196.1057045	0.536289549328	97	false
T_chr1	topo253	2167.50598381	0.529305490553	98	false
T_chr1	topo358	2166.52008477	0.529064733765	99	false
T_chr1	topo645	2160.16471328	0.527512750496	100	false
T_chr1	topo644	2159.99542673	0.52747141068	101	false
T_chr1	topo498	2158.95117787	0.527216404853	102	false
T_chr1	topo603	2157.28308349	0.526809055796	103	false
T_chr1	topo660	2157.26203581	0.526803915949	104	false
T_chr1	topo666	2155.73679857	0.526431452641	105	false
T_chr1	topo79	2155.50598381	0.526375087623	106	false
T_chr1	topo85	2154.52008477	0.526134330835	107	false
T_chr1	topo15	2148.16471328	0.524582347566	108	false
T_chr1	topo14	2147.99542673	0.524541007749	109	false
T_chr1	topo90	2146.95117787	0.524286001923	110	false
T_chr1	topo438	2145.29594315	0.5238817932	111	false
T_chr1	topo96	2145.28308349	0.523878652866	112	false
T_chr1	topo48	2145.26203581	0.523873513019	113	false
T_chr1	topo165	2143.9091126	0.523543128839	114	false
T_chr1	topo63	2143.73679857	0.523501049711	115	false
T_chr1	topo543	2143.45690716	0.523432700162	116	false
T_chr1	topo180	2143.19577595	0.523368931857	117	false
T_chr1	topo894	2142.29594315	0.523149192467	118	false
T_chr1	topo493	2140.80195209	0.522784359486	119	false
T_chr1	topo912	2140.45690716	0.522700099429	120	false
T_chr1	topo598	2140.26718688	0.52265376969	121	false
T_chr1	topo93	2128.80195209	0.519853956555	122	false
T_chr1	topo928	2128.76287505	0.519844413933	123	false
T_chr1	topo933	2128.76287505	0.519844413933	123	false
T_chr1	topo99	2128.26718688	0.519723366759	125	false
T_chr1	topo691	2012.44630943	0.491439880202	126	false
T_chr1	topo736	2009.56169422	0.490735456463	127	false
T_chr1	topo676	2003.44630943	0.489242078004	128	false
T_chr1	topo721	2000.56169422	0.488537654265	129	false
T_chr1	topo649	1977.38976783	0.482879064183	130	false
T_chr1	topo655	1975.29502514	0.482367527507	131	false
T_chr1	topo126	1967.05165395	0.480354494249	132	false
T_chr1	topo125	1966.62403159	0.480250068764	133	false
T_chr1	topo19	1965.38976783	0.479948661253	134	false
T_chr1	topo141	1965.07985586	0.479872980673	135	false
T_chr1	topo140	1964.6522335	0.479768555189	136	false
T_chr1	topo34	1963.29502514	0.479437124576	137	false
T_chr1	topo229	1961.83655779	0.479080966493	138	false
T_chr1	topo334	1959.8647597	0.478599452918	139	false
T_chr1	topo859	1958.83655779	0.478348365761	140	false
T_chr1	topo877	1956.8647597	0.477866852185	141	false
T_chr1	topo162	1944.21446839	0.474777647957	142	false
T_chr1	topo177	1943.14493795	0.474516468365	143	false
T_chr1	topo161	1943.10562474	0.474506868068	144	false
T_chr1	topo176	1942.03609431	0.474245688476	145	false
T_chr1	topo700	1933.78427607	0.472230592447	146	false
T_chr1	topo745	1932.67543242	0.471959812558	147	false
T_chr1	topo697	1927.78427607	0.470765390982	148	false
T_chr1	topo244	1926.68200293	0.470496215612	149	false
T_chr1	topo742	1926.67543242	0.470494611093	150	false
T_chr1	topo349	1925.69610389	0.470255458824	151	false
T_chr1	topo868	1920.68200293	0.469031014147	152	false
T_chr1	topo783	1919.91765903	0.468844361179	153	false
T_chr1	topo886	1919.69610389	0.468790257359	154	false
T_chr1	topo828	1918.36433733	0.46846503964	155	false
T_chr1	topo663	1914.67447841	0.467563975193	156	false
T_chr1	topo669	1913.71209084	0.467328959912	157	false
T_chr1	topo768	1910.91765903	0.466646558981	158	false
T_chr1	topo813	1909.36433733	0.466267237442	159	false
T_chr1	topo445	1908.42849435	0.466038704359	160	false
T_chr1	topo550	1907.35896392	0.465777524767	161	false
T_chr1	topo897	1905.42849435	0.465306103627	162	false
T_chr1	topo915	1904.35896392	0.465044924034	163	false
T_chr1	topo484	1903.21339819	0.464765176604	164	false
T_chr1	topo589	1902.67863298	0.464634586808	165	false
T_chr1	topo55	1902.67447841	0.464633572262	166	false
T_chr1	topo70	1901.71209084	0.464398556982	167	false
T_chr1	topo908	1897.21339819	0.463299975139	168	false
T_chr1	topo862	1896.74486206	0.463185558501	169	false
T_chr1	topo802	1896.74254423	0.463184992486	170	false
T_chr1	topo926	1896.67863298	0.463169385343	171	false
T_chr1	topo847	1896.31492187	0.463080567002	172	false
T_chr1	topo880	1894.0277146	0.462522030427	173	false
T_chr1	topo211	1890.74486206	0.461720357036	174	false
T_chr1	topo799	1890.74254423	0.461719791021	175	false
T_chr1	topo844	1890.31492187	0.461615365537	176	false
T_chr1	topo316	1888.0277146	0.461056828962	177	false
T_chr1	topo900	1807.60680109	0.441418022244	178	false
T_chr1	topo918	1805.91062224	0.441003814956	179	false
T_chr1	topo423	1801.60680109	0.439952820779	180	false
T_chr1	topo528	1799.91062224	0.439538613491	181	false
T_chr1	topo647	1799.31709642	0.439393674339	182	false
T_chr1	topo648	1798.58953163	0.43921600284	183	false
T_chr1	topo287	1797.61564905	0.438978180477	184	false
T_chr1	topo288	1796.88808426	0.438800508978	185	false
T_chr1	topo653	1796.45825673	0.438695544988	186	false
T_chr1	topo654	1795.68866873	0.438507611411	187	false
T_chr1	topo392	1794.92427711	0.438320946791	188	false
T_chr1	topo393	1794.15468911	0.438133013214	189	false
T_chr1	topo17	1787.31709642	0.436463271409	190	false
T_chr1	topo18	1786.58953163	0.436285599909	191	false
T_chr1	topo77	1785.61564905	0.436047777547	192	false
T_chr1	topo78	1784.88808426	0.435870106048	193	false
T_chr1	topo32	1784.45825673	0.435765142058	194	false
T_chr1	topo33	1783.68866873	0.43557720848	195	false
T_chr1	topo83	1782.92427711	0.43539054386	196	false
T_chr1	topo227	1782.63972661	0.435321056559	197	false
T_chr1	topo84	1782.15468911	0.435202610283	198	false
T_chr1	topo228	1781.91216182	0.43514338506	199	false
T_chr1	topo394	1781.39226593	0.435016426357	200	false
T_chr1	topo289	1780.24269373	0.434735700544	201	false
T_chr1	topo332	1780.21383567	0.4347286534	202	false
T_chr1	topo857	1779.63972661	0.434588455826	203	false
T_chr1	topo333	1779.44424767	0.434540719822	204	false
T_chr1	topo858	1778.91216182	0.434410784327	205	false
T_chr1	topo875	1777.21383567	0.433996052667	206	false
T_chr1	topo876	1776.44424767	0.43380811909	207	false
T_chr1	topo238	1770.5707696	0.43237381431	208	false
T_chr1	topo343	1769.78927228	0.432182972473	209	false
T_chr1	topo28	1769.39226593	0.432086023427	210	false
T_chr1	topo43	1768.24269373	0.431805297613	211	false
T_chr1	topo760	1767.5707696	0.431641213578	212	false
T_chr1	topo715	1766.78927228	0.43145037174	213	false
T_chr1	topo134	1764.88358497	0.430985002435	214	false
T_chr1	topo135	1763.60413345	0.43067256006	215	false
T_chr1	topo149	1762.74437518	0.43046260688	216	false
T_chr1	topo150	1761.35890166	0.430124273911	217	false
T_chr1	topo163	1755.41017615	0.428671593689	218	false
T_chr1	topo496	1755.25883738	0.428634636722	219	false
T_chr1	topo497	1753.83442856	0.428286795741	220	false
T_chr1	topo658	1753.56969532	0.428222147818	221	false
T_chr1	topo164	1753.53235026	0.428213028147	222	false
T_chr1	topo178	1753.35655645	0.428170099254	223	false
T_chr1	topo601	1752.68068358	0.428005050935	224	false
T_chr1	topo659	1752.1452865	0.427874306837	225	false
T_chr1	topo179	1751.3094416	0.42767019331	226	false
T_chr1	topo664	1751.13439866	0.42762744778	227	false
T_chr1	topo602	1751.02445066	0.427600598452	228	false
T_chr1	topo665	1749.47816574	0.427222995297	229	false
T_chr1	topo88	1743.25883738	0.425704233792	230	false
T_chr1	topo694	1742.11529275	0.425424979914	231	false
T_chr1	topo89	1741.83442856	0.425356392811	232	false
T_chr1	topo436	1741.60360265	0.425300025068	233	false
T_chr1	topo46	1741.56969532	0.425291744888	234	false
T_chr1	topo94	1740.68068358	0.425074648005	235	false
T_chr1	topo437	1740.17919384	0.424952184087	236	false
T_chr1	topo47	1740.1452865	0.424943903906	237	false
T_chr1	topo739	1740.11856332	0.4249373781	238	false
T_chr1	topo61	1739.13439866	0.42469704485	239	false
T_chr1	topo95	1739.02445066	0.424670195521	240	false
T_chr1	topo541	1738.85450726	0.424628695301	241	false
T_chr1	topo892	1738.60360265	0.424567424336	242	false
T_chr1	topo62	1737.47816574	0.424292592367	243	false
T_chr1	topo542	1737.19827434	0.424224242818	244	false
T_chr1	topo893	1737.17919384	0.424219583355	245	false
T_chr1	topo910	1735.85450726	0.423896094568	246	false
T_chr1	topo911	1734.19827434	0.423491642085	247	false
T_chr1	topo679	1733.11529275	0.423227177716	248	false
T_chr1	topo724	1731.11856332	0.422739575902	249	false
T_chr1	topo241	1701.91742991	0.415608651993	250	false
T_chr1	topo869	1701.91742991	0.415608651993	250	false
T_chr1	topo346	1700.93153087	0.415367895206	252	false
T_chr1	topo887	1700.93153087	0.415367895206	252	false
T_chr1	topo606	1692.90109428	0.413406860629	254	false
T_chr1	topo501	1692.5091862	0.413311156582	255	false
T_chr1	topo450	1681.9091126	0.410722616019	256	false
T_chr1	topo555	1681.19577595	0.410548419036	257	false
T_chr1	topo60	1680.90109428	0.410476457698	258	false
T_chr1	topo75	1680.5091862	0.410380753651	259	false
T_chr1	topo854	1678.9091126	0.409990015286	260	false
T_chr1	topo809	1678.19577595	0.409815818304	261	false
T_chr1	topo786	1677.33010163	0.409604420422	262	false
T_chr1	topo210	1676.3587341	0.409367212234	263	false
T_chr1	topo831	1676.3396296	0.409362546911	264	false
T_chr1	topo209	1676.04840921	0.409291430821	265	false
T_chr1	topo208	1676.04585859	0.409290807959	266	false
T_chr1	topo207	1676.02124799	0.409284798044	267	false
T_chr1	topo481	1671.97797121	0.408297428867	268	false
T_chr1	topo909	1671.97797121	0.408297428867	268	false
T_chr1	topo586	1671.443206	0.408166839071	270	false
T_chr1	topo927	1671.443206	0.408166839071	270	false
T_chr1	topo127	1668.92841727	0.407552727051	272	false
T_chr1	topo775	1668.33010163	0.407406618225	273	false
T_chr1	topo130	1668.29351295	0.40739768326	274	false
T_chr1	topo142	1667.40214936	0.407180012054	275	false
T_chr1	topo820	1667.3396296	0.407164744713	276	false
T_chr1	topo145	1666.62564005	0.406990388292	277	false
T_chr1	topo154	1641.50474662	0.400855859981	278	false
T_chr1	topo157	1640.91839804	0.400712673514	279	false
T_chr1	topo169	1639.67864879	0.400409926444	280	false
T_chr1	topo172	1638.82416129	0.400201260389	281	false
T_chr1	topo865	1626.41384538	0.397170658213	282	false
T_chr1	topo883	1624.5845837	0.396723952064	283	false
T_chr1	topo214	1620.41384538	0.395705456748	284	false
T_chr1	topo319	1618.5845837	0.395258750599	285	false
T_chr1	topo310	1612.85065874	0.393858524724	286	false
T_chr1	topo415	1612.85065874	0.393858524724	286	false
T_chr1	topo903	1565.01924369	0.382178081488	288	false
T_chr1	topo692	1564.04262134	0.38193959007	289	false
T_chr1	topo921	1563.88591452	0.381901322227	290	false
T_chr1	topo693	1563.31505655	0.38176191857	291	false
T_chr1	topo737	1561.28179491	0.381265395582	292	false
T_chr1	topo738	1560.51220691	0.381077462004	293	false
T_chr1	topo524	1559.89372914	0.380926429581	294	false
T_chr1	topo629	1559.89372914	0.380926429581	294	false
T_chr1	topo430	1559.01924369	0.380712880022	296	false
T_chr1	topo185	1558.44669848	0.380573064343	297	false
T_chr1	topo186	1558.32503032	0.380543352948	298	false
T_chr1	topo535	1557.88591452	0.380436120761	299	false
T_chr1	topo191	1557.54962608	0.380353999042	300	false
T_chr1	topo192	1557.18750296	0.38026556849	301	false
T_chr1	topo677	1555.04262134	0.379741787872	302	false
T_chr1	topo678	1554.31505655	0.379564116373	303	false
T_chr1	topo722	1552.28179491	0.379067593384	304	false
T_chr1	topo723	1551.51220691	0.378879659807	305	false
T_chr1	topo129	1550.09467225	0.378533497497	306	false
T_chr1	topo132	1549.79472982	0.378460251481	307	false
T_chr1	topo144	1549.36844559	0.378356152768	308	false
T_chr1	topo147	1549.02647995	0.378272644675	309	false
T_chr1	topo400	1546.11779085	0.377562342088	310	false
T_chr1	topo295	1545.06623191	0.377305551137	311	false
T_chr1	topo196	1542.19286974	0.376603875393	312	false
T_chr1	topo197	1541.88832213	0.376529504794	313	false
T_chr1	topo202	1541.58274768	0.376454883437	314	false
T_chr1	topo203	1540.97447816	0.376306343873	315	false
T_chr1	topo688	1537.11779085	0.37536453989	316	false
T_chr1	topo733	1536.06623191	0.37510774894	317	false
T_chr1	topo131	1534.13342587	0.374635757234	318	false
T_chr1	topo128	1533.88164744	0.37457427288	319	false
T_chr1	topo146	1532.7726512	0.374303455726	320	false
T_chr1	topo143	1532.62616294	0.374267683257	321	false
T_chr1	topo159	1522.88469426	0.371888814228	322	false
T_chr1	topo156	1522.6710016	0.371836630426	323	false
T_chr1	topo174	1521.22500119	0.371483516773	324	false
T_chr1	topo171	1521.17986565	0.371472494665	325	false
T_chr1	topo492	1520.60486399	0.371332079118	326	false
T_chr1	topo597	1520.07009877	0.371201489322	327	false
T_chr1	topo489	1518.5101213	0.370820542441	328	false
T_chr1	topo594	1517.97535608	0.370689952645	329	false
T_chr1	topo781	1516.22531853	0.370262593048	330	false
T_chr1	topo782	1514.80090971	0.369914752067	331	false
T_chr1	topo826	1513.76193742	0.369661034779	332	false
T_chr1	topo827	1512.1057045	0.369256582295	333	false
T_chr1	topo21	1508.60486399	0.368401676187	334	false
T_chr1	topo20	1508.07009877	0.368271086391	335	false
T_chr1	topo766	1507.22531853	0.36806479085	336	false
T_chr1	topo716	1506.78677417	0.367957698211	337	false
T_chr1	topo761	1506.62310101	0.367917729185	338	false
T_chr1	topo36	1506.5101213	0.367890139511	339	false
T_chr1	topo155	1506.45797679	0.36787740581	340	false
T_chr1	topo158	1506.14241162	0.367800344717	341	false
T_chr1	topo35	1505.97535608	0.367759549715	342	false
T_chr1	topo767	1505.80090971	0.367716949869	343	false
T_chr1	topo170	1505.51856171	0.367648000418	344	false
T_chr1	topo231	1505.05165395	0.367533981428	345	false
T_chr1	topo173	1504.97117244	0.367514327823	346	false
T_chr1	topo811	1504.76193742	0.367463232581	347	false
T_chr1	topo230	1504.62403159	0.367429555944	348	false
T_chr1	topo397	1503.78677417	0.367225097478	349	false
T_chr1	topo292	1503.62310101	0.367185128452	350	false
T_chr1	topo812	1503.1057045	0.367058780098	351	false
T_chr1	topo336	1503.07985586	0.367052467853	352	false
T_chr1	topo335	1502.6522335	0.366948042368	353	false
T_chr1	topo804	1502.05165395	0.366801380696	354	false
T_chr1	topo849	1501.62403159	0.366696955211	355	false
T_chr1	topo803	1500.07985586	0.36631986712	356	false
T_chr1	topo848	1499.6522335	0.366215441636	357	false
T_chr1	topo252	1487.82903327	0.363328213253	358	false
T_chr1	topo249	1486.8666457	0.363093197973	359	false
T_chr1	topo357	1486.84313423	0.363087456466	360	false
T_chr1	topo354	1485.88074665	0.362852441185	361	false
T_chr1	topo447	1482.21446839	0.361957135137	362	false
T_chr1	topo552	1481.14493795	0.361695955544	363	false
T_chr1	topo446	1481.10562474	0.361686355248	364	false
T_chr1	topo551	1480.03609431	0.361425175655	365	false
T_chr1	topo702	1479.21446839	0.361224534404	366	false
T_chr1	topo701	1478.14493795	0.360963354812	367	false
T_chr1	topo747	1478.10562474	0.360953754515	368	false
T_chr1	topo746	1477.03609431	0.360692574923	369	false
T_chr1	topo486	1476.99937223	0.360683607382	370	false
T_chr1	topo591	1476.46460701	0.360553017585	371	false
T_chr1	topo485	1475.89052858	0.360412827493	372	false
T_chr1	topo57	1475.82903327	0.360397810323	373	false
T_chr1	topo590	1475.35576337	0.360282237696	374	false
T_chr1	topo72	1474.8666457	0.360162795042	375	false
T_chr1	topo56	1474.84313423	0.360157053535	376	false
T_chr1	topo71	1473.88074665	0.359922038255	377	false
T_chr1	topo699	1470.99937223	0.359218405916	378	false
T_chr1	topo698	1470.46460701	0.35908781612	379	false
T_chr1	topo246	1469.89709909	0.358949230547	380	false
T_chr1	topo744	1469.89052858	0.358947626027	381	false
T_chr1	topo245	1469.46947673	0.358844805063	382	false
T_chr1	topo743	1469.35576337	0.358817036231	383	false
T_chr1	topo351	1468.91120004	0.358708473759	384	false
T_chr1	topo350	1468.48357769	0.358604048275	385	false
T_chr1	topo801	1463.89709909	0.357484029082	386	false
T_chr1	topo846	1463.46947673	0.357379603597	387	false
T_chr1	topo800	1462.91120004	0.357243272294	388	false
T_chr1	topo845	1462.48357769	0.35713884681	389	false
T_chr1	topo622	1455.55671749	0.355447305859	390	false
T_chr1	topo517	1455.13672496	0.35534474358	391	false
T_chr1	topo863	1448.34117397	0.353685268369	392	false
T_chr1	topo864	1447.61360918	0.35350759687	393	false
T_chr1	topo780	1446.55671749	0.353249503661	394	false
T_chr1	topo825	1446.13672496	0.353146941383	395	false
T_chr1	topo881	1445.74781529	0.353051969546	396	false
T_chr1	topo882	1444.97822729	0.352864035968	397	false
T_chr1	topo855	1444.11201723	0.352652507261	398	false
T_chr1	topo810	1443.96916009	0.352617621512	399	false
T_chr1	topo212	1442.34117397	0.352220066904	400	false
T_chr1	topo213	1441.61360918	0.352042395405	401	false
T_chr1	topo514	1441.11201723	0.351919906529	402	false
T_chr1	topo619	1440.96916009	0.351885020779	403	false
T_chr1	topo317	1439.74781529	0.35158676808	404	false
T_chr1	topo318	1438.97822729	0.351398834503	405	false
T_chr1	topo416	1430.41634349	0.349308020388	406	false
T_chr1	topo311	1429.53225229	0.349092125101	407	false
T_chr1	topo223	1424.41634349	0.347842818922	408	false
T_chr1	topo328	1423.53225229	0.347626923636	409	false
T_chr1	topo898	1403.91446059	0.342836254113	410	false
T_chr1	topo899	1402.49005177	0.342488413132	411	false
T_chr1	topo916	1401.30822234	0.342199810095	412	false
T_chr1	topo917	1399.65198942	0.341795357612	413	false
T_chr1	topo421	1397.91446059	0.341371052648	414	false
T_chr1	topo422	1396.49005177	0.341023211667	415	false
T_chr1	topo526	1395.30822234	0.34073460863	416	false
T_chr1	topo527	1393.65198942	0.340330156146	417	false
T_chr1	topo630	1343.24585955	0.328020966924	418	false
T_chr1	topo525	1342.68300988	0.327883518896	419	false
T_chr1	topo435	1337.24585955	0.326555765459	420	false
T_chr1	topo540	1336.68300988	0.326418317431	421	false
T_chr1	topo499	1319.00087383	0.322100335489	422	false
T_chr1	topo604	1317.61028158	0.321760752522	423	false
T_chr1	topo500	1316.5835344	0.321510020611	424	false
T_chr1	topo605	1315.08728607	0.321144636404	425	false
T_chr1	topo29	1307.00087383	0.319169932559	426	false
T_chr1	topo30	1305.61028158	0.318830349592	427	false
T_chr1	topo44	1304.5835344	0.318579617681	428	false
T_chr1	topo45	1303.08728607	0.318214233474	429	false
T_chr1	topo239	1302.88358497	0.318164489614	430	false
T_chr1	topo290	1301.89882853	0.317924011852	431	false
T_chr1	topo240	1301.60413345	0.317852047239	432	false
T_chr1	topo344	1300.74437518	0.31764209406	433	false
T_chr1	topo395	1300.11701923	0.317488893584	434	false
T_chr1	topo291	1300.05549667	0.317473869761	435	false
T_chr1	topo805	1299.88358497	0.317431888881	436	false
T_chr1	topo345	1299.35890166	0.31730376109	437	false
T_chr1	topo850	1298.60413345	0.317119446507	438	false
T_chr1	topo396	1298.10476432	0.316997500445	439	false
T_chr1	topo807	1297.74437518	0.316909493327	440	false
T_chr1	topo852	1296.35890166	0.316571160358	441	false
T_chr1	topo448	1293.41017615	0.315851080868	442	false
T_chr1	topo449	1291.53235026	0.315392515326	443	false
T_chr1	topo553	1291.35655645	0.315349586434	444	false
T_chr1	topo717	1290.41017615	0.315118480135	445	false
T_chr1	topo58	1289.89882853	0.314993608922	446	false
T_chr1	topo554	1289.3094416	0.314849680489	447	false
T_chr1	topo762	1288.53235026	0.314659914594	448	false
T_chr1	topo719	1288.35655645	0.314616985701	449	false
T_chr1	topo59	1288.11701923	0.314558490654	450	false
T_chr1	topo73	1288.05549667	0.314543466831	451	false
T_chr1	topo764	1286.3094416	0.314117079757	452	false
T_chr1	topo74	1286.10476432	0.314067097515	453	false
T_chr1	topo491	1285.33038891	0.313877994849	454	false
T_chr1	topo596	1284.79562369	0.313747405052	455	false
T_chr1	topo488	1283.33365948	0.313390393035	456	false
T_chr1	topo593	1282.79889426	0.313259803239	457	false
T_chr1	topo681	1276.33038891	0.311680192651	458	false
T_chr1	topo680	1275.79562369	0.311549602855	459	false
T_chr1	topo726	1274.33365948	0.311192590837	460	false
T_chr1	topo725	1273.79889426	0.311062001041	461	false
T_chr1	topo251	1250.48465649	0.305368658483	462	false
T_chr1	topo356	1249.49875744	0.305127901695	463	false
T_chr1	topo248	1249.49418446	0.305126784971	464	false
T_chr1	topo353	1248.50828541	0.304886028184	465	false
T_chr1	topo243	1245.13252607	0.304061666928	466	false
T_chr1	topo483	1245.13252607	0.304061666928	466	false
T_chr1	topo242	1244.59776086	0.303931077132	468	false
T_chr1	topo588	1244.59776086	0.303931077132	468	false
T_chr1	topo348	1244.14662702	0.30382091014	470	false
T_chr1	topo482	1244.14662702	0.30382091014	470	false
T_chr1	topo347	1243.61186181	0.303690320344	472	false
T_chr1	topo587	1243.61186181	0.303690320344	472	false
T_chr1	topo777	1241.48465649	0.303170856285	474	false
T_chr1	topo776	1240.49875744	0.302930099498	475	false
T_chr1	topo822	1240.49418446	0.302928982774	476	false
T_chr1	topo821	1239.50828541	0.302688225986	477	false
T_chr1	topo675	1228.26172369	0.299941812867	478	false
T_chr1	topo674	1228.10656125	0.29990392216	479	false
T_chr1	topo673	1228.02064266	0.299882940821	480	false
T_chr1	topo672	1228.00833736	0.299879935864	481	false
T_chr1	topo650	1220.51913499	0.298051070816	482	false
T_chr1	topo651	1220.09451852	0.297947379369	483	false
T_chr1	topo656	1218.59217231	0.297580506059	484	false
T_chr1	topo657	1218.02631676	0.297442323994	485	false
T_chr1	topo104	1216.26172369	0.297011409937	486	false
T_chr1	topo105	1216.10656125	0.29697351923	487	false
T_chr1	topo102	1216.02064266	0.296952537891	488	false
T_chr1	topo103	1216.00833736	0.296949532933	489	false
T_chr1	topo22	1208.51913499	0.295120667886	490	false
T_chr1	topo25	1208.09451852	0.295016976439	491	false
T_chr1	topo232	1206.92841727	0.29473221423	492	false
T_chr1	topo37	1206.59217231	0.294650103128	493	false
T_chr1	topo235	1206.29351295	0.29457717044	494	false
T_chr1	topo40	1206.02631676	0.294511921064	495	false
T_chr1	topo337	1205.40214936	0.294359499234	496	false
T_chr1	topo340	1204.62564005	0.294169875471	497	false
T_chr1	topo860	1203.92841727	0.293999613498	498	false
T_chr1	topo861	1203.29351295	0.293844569707	499	false
T_chr1	topo878	1202.40214936	0.293626898501	500	false
T_chr1	topo879	1201.62564005	0.293437274738	501	false
T_chr1	topo661	1190.55347092	0.290733448331	502	false
T_chr1	topo662	1189.68899271	0.290522342541	503	false
T_chr1	topo667	1189.04480379	0.29036503145	504	false
T_chr1	topo668	1187.91255257	0.290088535426	505	false
T_chr1	topo439	1179.50474662	0.28803534716	506	false
T_chr1	topo442	1178.91839804	0.287892160694	507	false
T_chr1	topo49	1178.55347092	0.287803045401	508	false
T_chr1	topo52	1177.68899271	0.287591939611	509	false
T_chr1	topo544	1177.67864879	0.287589413624	510	false
T_chr1	topo64	1177.04480379	0.28743462852	511	false
T_chr1	topo547	1176.82416129	0.287380747569	512	false
T_chr1	topo895	1176.50474662	0.287302746428	513	false
T_chr1	topo896	1175.91839804	0.287159559961	514	false
T_chr1	topo67	1175.91255257	0.287158132496	515	false
T_chr1	topo913	1174.67864879	0.286856812891	516	false
T_chr1	topo914	1173.82416129	0.286648146836	517	false
T_chr1	topo490	1169.62894154	0.285623673148	518	false
T_chr1	topo595	1169.09417633	0.285493083352	519	false
T_chr1	topo487	1167.79967986	0.285176966999	520	false
T_chr1	topo592	1167.26491464	0.285046377203	521	false
T_chr1	topo216	1163.62894154	0.284158471683	522	false
T_chr1	topo215	1163.09417633	0.284027881887	523	false
T_chr1	topo321	1161.79967986	0.283711765534	524	false
T_chr1	topo320	1161.26491464	0.283581175737	525	false
T_chr1	topo303	1156.0657549	0.282311539659	526	false
T_chr1	topo408	1156.0657549	0.282311539659	526	false
T_chr1	topo309	1155.63813254	0.282207114174	528	false
T_chr1	topo414	1155.63813254	0.282207114174	528	false
T_chr1	topo250	1138.17379855	0.277942319548	530	false
T_chr1	topo355	1137.1878995	0.277701562761	531	false
T_chr1	topo247	1137.04046938	0.277665560287	532	false
T_chr1	topo352	1136.05457033	0.2774248035	533	false
T_chr1	topo506	1133.67970317	0.276844860359	534	false
T_chr1	topo611	1133.67970317	0.276844860359	534	false
T_chr1	topo512	1132.57085952	0.27657408047	536	false
T_chr1	topo617	1132.57085952	0.27657408047	536	false
T_chr1	topo432	1132.17379855	0.276477118083	538	false
T_chr1	topo431	1131.1878995	0.276236361295	539	false
T_chr1	topo537	1131.04046938	0.276200358822	540	false
T_chr1	topo536	1130.05457033	0.275959602034	541	false
T_chr1	topo268	1107.461922	0.270442471796	542	false
T_chr1	topo283	1107.22911312	0.270385619809	543	false
T_chr1	topo373	1106.78343132	0.270276784206	544	false
T_chr1	topo388	1106.31053339	0.270161302416	545	false
T_chr1	topo387	1098.80902572	0.268329432411	546	false
T_chr1	topo372	1098.61622615	0.268282350708	547	false
T_chr1	topo282	1097.71472418	0.268062203707	548	false
T_chr1	topo267	1097.4799014	0.268004859926	549	false
T_chr1	topo80	1095.461922	0.267512068865	550	false
T_chr1	topo81	1095.22911312	0.267455216878	551	false
T_chr1	topo86	1094.78343132	0.267346381275	552	false
T_chr1	topo87	1094.31053339	0.267230899486	553	false
T_chr1	topo463	1093.75008668	0.267094038261	554	false
T_chr1	topo478	1093.54155566	0.267043114936	555	false
T_chr1	topo568	1092.92168104	0.266891741401	556	false
T_chr1	topo583	1092.40979401	0.266766738465	557	false
T_chr1	topo234	1088.09467225	0.265712984676	558	false
T_chr1	topo237	1087.79472982	0.265639738661	559	false
T_chr1	topo339	1087.36844559	0.265535639948	560	false
T_chr1	topo342	1087.02647995	0.265452131855	561	false
T_chr1	topo24	1086.80902572	0.265399029481	562	false
T_chr1	topo27	1086.61622615	0.265351947777	563	false
T_chr1	topo39	1085.71472418	0.265131800777	564	false
T_chr1	topo42	1085.4799014	0.265074456996	565	false
T_chr1	topo477	1085.37435049	0.265048681438	566	false
T_chr1	topo759	1085.09467225	0.264980383943	567	false
T_chr1	topo582	1084.90828634	0.26493486846	568	false
T_chr1	topo753	1084.79472982	0.264907137928	569	false
T_chr1	topo714	1084.36844559	0.264803039215	570	false
T_chr1	topo708	1084.02647995	0.264719531122	571	false
T_chr1	topo462	1083.76806607	0.264656426391	572	false
T_chr1	topo505	1083.72639875	0.26464625122	573	false
T_chr1	topo567	1083.4072921	0.264568325299	574	false
T_chr1	topo610	1082.3358065	0.264306668253	575	false
T_chr1	topo91	1081.75008668	0.26416363533	576	false
T_chr1	topo92	1081.54155566	0.264112712005	577	false
T_chr1	topo511	1081.40707258	0.264079871205	578	false
T_chr1	topo97	1080.92168104	0.26396133847	579	false
T_chr1	topo98	1080.40979401	0.263836335535	580	false
T_chr1	topo616	1079.91082426	0.263714486998	581	false
T_chr1	topo689	1074.72639875	0.262448449022	582	false
T_chr1	topo26	1073.37435049	0.262118278507	583	false
T_chr1	topo690	1073.3358065	0.262108866055	584	false
T_chr1	topo23	1072.90828634	0.26200446553	585	false
T_chr1	topo734	1072.40707258	0.261882069007	586	false
T_chr1	topo236	1072.13342587	0.261815244414	587	false
T_chr1	topo233	1071.88164744	0.261753760059	588	false
T_chr1	topo41	1071.76806607	0.261726023461	589	false
T_chr1	topo38	1071.4072921	0.261637922369	590	false
T_chr1	topo735	1070.91082426	0.2615166848	591	false
T_chr1	topo341	1070.7726512	0.261482942905	592	false
T_chr1	topo338	1070.62616294	0.261447170437	593	false
T_chr1	topo798	1069.13342587	0.261082643681	594	false
T_chr1	topo843	1068.88164744	0.261021159327	595	false
T_chr1	topo384	1068.84336165	0.261011809926	596	false
T_chr1	topo279	1068.81154458	0.26100404019	597	false
T_chr1	topo792	1067.7726512	0.260750342172	598	false
T_chr1	topo837	1067.62616294	0.260714569704	599	false
T_chr1	topo369	1067.56651142	0.260700002789	600	false
T_chr1	topo264	1067.36613721	0.260651071358	601	false
T_chr1	topo301	1064.55445175	0.259964457082	602	false
T_chr1	topo406	1062.77264244	0.259529338814	603	false
T_chr1	topo307	1062.68303543	0.25950745676	604	false
T_chr1	topo444	1060.88469426	0.259068301408	605	false
T_chr1	topo412	1060.73230308	0.259031087444	606	false
T_chr1	topo441	1060.6710016	0.259016117606	607	false
T_chr1	topo549	1059.22500119	0.258663003953	608	false
T_chr1	topo546	1059.17986565	0.258651981845	609	false
T_chr1	topo713	1057.88469426	0.258335700675	610	false
T_chr1	topo758	1057.6710016	0.258283516873	611	false
T_chr1	topo51	1056.84336165	0.258081406996	612	false
T_chr1	topo54	1056.81154458	0.258073637259	613	false
T_chr1	topo707	1056.22500119	0.25793040322	614	false
T_chr1	topo752	1056.17986565	0.257919381112	615	false
T_chr1	topo66	1055.56651142	0.257769599858	616	false
T_chr1	topo778	1055.55445175	0.257766654884	617	false
T_chr1	topo69	1055.36613721	0.257720668428	618	false
T_chr1	topo579	1054.94262227	0.257617245975	619	false
T_chr1	topo564	1054.5041125	0.257510161782	620	false
T_chr1	topo474	1054.32463576	0.257466333519	621	false
T_chr1	topo779	1053.77264244	0.257331536616	622	false
T_chr1	topo823	1053.68303543	0.257309654562	623	false
T_chr1	topo459	1053.65430189	0.257302637823	624	false
T_chr1	topo824	1051.73230308	0.256833285246	625	false
T_chr1	topo494	1050.00187033	0.256410713145	626	false
T_chr1	topo495	1049.83819717	0.25637074412	627	false
T_chr1	topo599	1049.46710511	0.256280123349	628	false
T_chr1	topo600	1049.30343195	0.256240154324	629	false
T_chr1	topo399	1047.00187033	0.255678112413	630	false
T_chr1	topo294	1046.83819717	0.255638143387	631	false
T_chr1	topo398	1046.46710511	0.255547522616	632	false
T_chr1	topo293	1046.30343195	0.255507553591	633	false
T_chr1	topo440	1044.45797679	0.255056892989	634	false
T_chr1	topo443	1044.14241162	0.254979831897	635	false
T_chr1	topo545	1043.51856171	0.254827487597	636	false
T_chr1	topo548	1042.97117244	0.254693815003	637	false
T_chr1	topo50	1042.94262227	0.254686843045	638	false
T_chr1	topo53	1042.5041125	0.254579758851	639	false
T_chr1	topo65	1042.32463576	0.254535930588	640	false
T_chr1	topo68	1041.65430189	0.254372234893	641	false
T_chr1	topo842	1041.45797679	0.254324292257	642	false
T_chr1	topo836	1041.14241162	0.254247231164	643	false
T_chr1	topo797	1040.51856171	0.254094886865	644	false
T_chr1	topo791	1039.97117244	0.25396121427	645	false
T_chr1	topo255	1017.26657209	0.248416745322	646	false
T_chr1	topo254	1017.12371495	0.248381859573	647	false
T_chr1	topo360	1016.28067305	0.248175988534	648	false
T_chr1	topo359	1016.1378159	0.248141102785	649	false
T_chr1	topo516	1014.26657209	0.247684144589	650	false
T_chr1	topo621	1014.12371495	0.24764925884	651	false
T_chr1	topo515	1013.28067305	0.247443387802	652	false
T_chr1	topo620	1013.1378159	0.247408502052	653	false
T_chr1	topo943	986.358734099	0.240869043736	654	false
T_chr1	topo941	986.04840921	0.240793262322	655	false
T_chr1	topo937	986.045858593	0.240792639461	656	false
T_chr1	topo935	986.02124799	0.240786629546	657	false
T_chr1	topo695	985.24465991	0.240596986547	658	false
T_chr1	topo696	984.820043434	0.2404932951	659	false
T_chr1	topo740	983.415710491	0.240150356652	660	false
T_chr1	topo741	982.849854936	0.240012174588	661	false
T_chr1	topo942	980.358734099	0.239403842271	662	false
T_chr1	topo944	980.04840921	0.239328060857	663	false
T_chr1	topo936	980.045858593	0.239327437996	664	false
T_chr1	topo938	980.02124799	0.239321428081	665	false
T_chr1	topo682	976.24465991	0.238399184349	666	false
T_chr1	topo685	975.820043434	0.238295492902	667	false
T_chr1	topo727	974.415710491	0.237952554454	668	false
T_chr1	topo730	973.849854936	0.23781437239	669	false
T_chr1	topo521	968.024951382	0.236391929519	670	false
T_chr1	topo626	966.634359133	0.236052346553	671	false
T_chr1	topo523	965.873092966	0.235866445169	672	false
T_chr1	topo628	964.376844638	0.235501060962	673	false
T_chr1	topo224	962.024951382	0.234926728054	674	false
T_chr1	topo225	960.634359133	0.234587145087	675	false
T_chr1	topo329	959.873092966	0.234401243704	676	false
T_chr1	topo330	958.376844638	0.234035859496	677	false
T_chr1	topo784	953.209094133	0.232773893561	678	false
T_chr1	topo785	952.344615922	0.232562787771	679	false
T_chr1	topo313	952.243593812	0.232538118147	680	false
T_chr1	topo829	951.672342547	0.232398618449	681	false
T_chr1	topo830	950.54009133	0.232122122425	682	false
T_chr1	topo418	950.461784506	0.232102999879	683	false
T_chr1	topo315	950.229320351	0.232046232076	684	false
T_chr1	topo420	948.278588002	0.23156986276	685	false
T_chr1	topo433	946.243593812	0.231072916682	686	false
T_chr1	topo434	944.461784506	0.230637798414	687	false
T_chr1	topo538	944.229320351	0.230581030611	688	false
T_chr1	topo769	944.209094133	0.230576091363	689	false
T_chr1	topo772	943.344615922	0.230364985573	690	false
T_chr1	topo814	942.672342547	0.230200816251	691	false
T_chr1	topo539	942.278588002	0.230104661295	692	false
T_chr1	topo817	941.54009133	0.229924320227	693	false
T_chr1	topo866	869.543212547	0.212342664847	694	false
T_chr1	topo867	869.118596071	0.212238973399	695	false
T_chr1	topo706	868.446698484	0.212074895845	696	false
T_chr1	topo712	868.325030323	0.21204518445	697	false
T_chr1	topo884	867.881730873	0.211936930616	698	false
T_chr1	topo751	867.549626075	0.211855830543	699	false
T_chr1	topo885	867.315875318	0.211798748552	700	false
T_chr1	topo757	867.187502965	0.211767399991	701	false
T_chr1	topo259	865.474832632	0.211349165478	702	false
T_chr1	topo274	865.170961081	0.211274959971	703	false
T_chr1	topo364	864.880441731	0.211204015075	704	false
T_chr1	topo379	864.335749324	0.211071001056	705	false
T_chr1	topo217	863.543212547	0.210877463381	706	false
T_chr1	topo386	863.534550641	0.210875348142	707	false
T_chr1	topo371	863.341751066	0.210828266439	708	false
T_chr1	topo220	863.118596071	0.210773771934	709	false
T_chr1	topo281	862.538262362	0.210632054301	710	false
T_chr1	topo703	862.446698484	0.210609694379	711	false
T_chr1	topo709	862.325030323	0.210579982985	712	false
T_chr1	topo266	862.303439578	0.21057471052	713	false
T_chr1	topo322	861.881730873	0.210471729151	714	false
T_chr1	topo748	861.549626075	0.210390629078	715	false
T_chr1	topo325	861.315875318	0.210333547086	716	false
T_chr1	topo754	861.187502965	0.210302198526	717	false
T_chr1	topo870	859.474832632	0.209883964013	718	false
T_chr1	topo872	859.170961081	0.209809758506	719	false
T_chr1	topo888	858.880441731	0.209738813609	720	false
T_chr1	topo890	858.335749324	0.209605799591	721	false
T_chr1	topo684	854.534550641	0.208677545944	722	false
T_chr1	topo687	854.341751066	0.208630464241	723	false
T_chr1	topo729	853.538262362	0.208434252103	724	false
T_chr1	topo732	853.303439578	0.208376908322	725	false
T_chr1	topo790	852.192869735	0.208105706895	726	false
T_chr1	topo796	851.888322132	0.208031336296	727	false
T_chr1	topo454	851.762997305	0.208000731943	728	false
T_chr1	topo469	851.63856607	0.207970345805	729	false
T_chr1	topo835	851.582747676	0.207956714939	730	false
T_chr1	topo841	850.97447816	0.207808175375	731	false
T_chr1	topo559	850.863528999	0.207781081563	732	false
T_chr1	topo574	850.435009944	0.207676437105	733	false
T_chr1	topo476	850.099875405	0.207594597169	734	false
T_chr1	topo581	849.633811261	0.207480784191	735	false
T_chr1	topo461	848.591604252	0.207226276985	736	false
T_chr1	topo566	848.23083028	0.207138175893	737	false
T_chr1	topo787	846.192869735	0.20664050543	738	false
T_chr1	topo793	845.888322132	0.206566134831	739	false
T_chr1	topo904	845.762997305	0.206535530478	740	false
T_chr1	topo906	845.63856607	0.206505144339	741	false
T_chr1	topo832	845.582747676	0.206491513474	742	false
T_chr1	topo312	845.216581947	0.206402095714	743	false
T_chr1	topo520	845.216581947	0.206402095714	743	false
T_chr1	topo838	844.97447816	0.20634297391	745	false
T_chr1	topo922	844.863528999	0.206315880097	746	false
T_chr1	topo924	844.435009944	0.20621123564	747	false
T_chr1	topo417	844.160273701	0.206144144982	748	false
T_chr1	topo522	844.160273701	0.206144144982	748	false
T_chr1	topo314	843.98608087	0.20610160705	750	false
T_chr1	topo625	843.98608087	0.20610160705	750	false
T_chr1	topo419	842.724900674	0.205793626538	752	false
T_chr1	topo627	842.724900674	0.205793626538	752	false
T_chr1	topo686	841.099875405	0.205396794971	754	false
T_chr1	topo901	840.898236195	0.205347554626	755	false
T_chr1	topo683	840.633811261	0.205282981993	756	false
T_chr1	topo902	840.033757984	0.205136448836	757	false
T_chr1	topo731	839.591604252	0.205028474787	758	false
T_chr1	topo728	839.23083028	0.204940373695	759	false
T_chr1	topo919	839.218627466	0.204937393765	760	false
T_chr1	topo920	838.086376249	0.204660897741	761	false
T_chr1	topo424	834.898236195	0.203882353161	762	false
T_chr1	topo427	834.033757984	0.203671247371	763	false
T_chr1	topo529	833.218627466	0.2034721923	764	false
T_chr1	topo532	832.086376249	0.203195696276	765	false
T_chr1	topo383	831.498984863	0.203052255156	766	false
T_chr1	topo278	831.467167793	0.20304448542	767	false
T_chr1	topo368	830.194050179	0.202733589787	768	false
T_chr1	topo263	829.993675972	0.202684658357	769	false
T_chr1	topo771	822.498984863	0.200854452958	770	false
T_chr1	topo774	822.467167793	0.200846683222	771	false
T_chr1	topo816	821.194050179	0.200535787589	772	false
T_chr1	topo819	820.993675972	0.200486856159	773	false
T_chr1	topo578	817.598245484	0.199657691205	774	false
T_chr1	topo563	817.159735712	0.199550607011	775	false
T_chr1	topo473	816.952174518	0.199499920517	776	false
T_chr1	topo458	816.281840645	0.199336224822	777	false
T_chr1	topo770	808.598245484	0.197459889007	778	false
T_chr1	topo773	808.159735712	0.197352804814	779	false
T_chr1	topo815	807.952174518	0.197302118319	780	false
T_chr1	topo818	807.281840645	0.197138422624	781	false
T_chr1	topo940	758.203571654	0.185153497352	782	false
T_chr1	topo945	758.203571654	0.185153497352	782	false
T_chr1	topo934	758.033553291	0.185111978826	784	false
T_chr1	topo939	758.033553291	0.185111978826	784	false
T_chr1	topo385	747.833103277	0.182621026441	786	false
T_chr1	topo370	747.640303702	0.182573944738	787	false
T_chr1	topo280	747.004282744	0.182418628265	788	false
T_chr1	topo366	746.846737954	0.182380155789	789	false
T_chr1	topo265	746.76945996	0.182361284484	790	false
T_chr1	topo381	746.736589215	0.182353257439	791	false
T_chr1	topo276	746.672177946	0.182337528192	792	false
T_chr1	topo261	746.641087606	0.182329935923	793	false
T_chr1	topo219	741.833103277	0.181155824976	794	false
T_chr1	topo222	741.640303702	0.181108743273	795	false
T_chr1	topo324	741.004282744	0.1809534268	796	false
T_chr1	topo711	740.846737954	0.180914954323	797	false
T_chr1	topo327	740.76945996	0.180896083018	798	false
T_chr1	topo705	740.736589215	0.180888055974	799	false
T_chr1	topo750	740.672177946	0.180872326727	800	false
T_chr1	topo756	740.641087606	0.180864734458	801	false
T_chr1	topo718	735.928437319	0.179713904107	802	false
T_chr1	topo720	734.840793385	0.179448301193	803	false
T_chr1	topo763	734.540988168	0.179375088686	804	false
T_chr1	topo475	734.398428042	0.179340275468	805	false
T_chr1	topo580	733.932363897	0.17922646249	806	false
T_chr1	topo471	733.604862294	0.179146486519	807	false
T_chr1	topo765	733.248472284	0.179059455991	808	false
T_chr1	topo460	733.057624634	0.179012850948	809	false
T_chr1	topo456	732.92925228	0.178981502388	810	false
T_chr1	topo502	732.928437319	0.178981303375	811	false
T_chr1	topo576	732.835849835	0.178958693488	812	false
T_chr1	topo565	732.696850663	0.178924749857	813	false
T_chr1	topo806	732.538227352	0.178886014005	814	false
T_chr1	topo561	732.364745864	0.178843649784	815	false
T_chr1	topo607	731.840793385	0.17871570046	816	false
T_chr1	topo851	731.593440561	0.17865529684	817	false
T_chr1	topo508	731.540988168	0.178642487953	818	false
T_chr1	topo808	731.316348654	0.178587630929	819	false
T_chr1	topo275	731.010874003	0.178513033945	820	false
T_chr1	topo380	730.482760466	0.17838406849	821	false
T_chr1	topo260	730.428062802	0.178370711307	822	false
T_chr1	topo613	730.248472284	0.178326855259	823	false
T_chr1	topo853	730.166689912	0.178306883983	824	false
T_chr1	topo365	730.104455307	0.178291686278	825	false
T_chr1	topo298	729.538227352	0.178153413273	826	false
T_chr1	topo304	728.593440561	0.177922696108	827	false
T_chr1	topo221	728.398428042	0.177875074003	828	false
T_chr1	topo403	728.316348654	0.177855030196	829	false
T_chr1	topo218	727.932363897	0.177761261025	830	false
T_chr1	topo710	727.604862294	0.177681285053	831	false
T_chr1	topo409	727.166689912	0.177574283251	832	false
T_chr1	topo326	727.057624634	0.177547649483	833	false
T_chr1	topo755	726.92925228	0.177516300923	834	false
T_chr1	topo704	726.835849835	0.177493492023	835	false
T_chr1	topo323	726.696850663	0.177459548391	836	false
T_chr1	topo297	726.382836922	0.177382866159	837	false
T_chr1	topo513	726.382836922	0.177382866159	837	false
T_chr1	topo749	726.364745864	0.177378448319	839	false
T_chr1	topo402	726.126569925	0.177320285696	840	false
T_chr1	topo507	726.126569925	0.177320285696	840	false
T_chr1	topo296	725.487297735	0.177164175271	842	false
T_chr1	topo618	725.487297735	0.177164175271	842	false
T_chr1	topo401	725.125740565	0.177075882922	844	false
T_chr1	topo612	725.125740565	0.177075882922	844	false
T_chr1	topo795	725.010874003	0.177047832479	846	false
T_chr1	topo789	724.482760466	0.176918867025	847	false
T_chr1	topo840	724.428062802	0.176905509842	848	false
T_chr1	topo834	724.104455307	0.176826484813	849	false
T_chr1	topo382	719.188126926	0.175625916221	850	false
T_chr1	topo277	719.156309855	0.175618146485	851	false
T_chr1	topo367	717.740335098	0.175272365103	852	false
T_chr1	topo262	717.539960891	0.175223433673	853	false
T_chr1	topo470	716.862579647	0.175058017008	854	false
T_chr1	topo455	716.716227475	0.175022277772	855	false
T_chr1	topo560	716.703441921	0.175019155536	856	false
T_chr1	topo575	716.582021086	0.174989504539	857	false
T_chr1	topo426	713.188126926	0.174160714756	858	false
T_chr1	topo429	713.156309855	0.17415294502	859	false
T_chr1	topo531	711.740335098	0.173807163638	860	false
T_chr1	topo534	711.539960891	0.173758232208	861	false
T_chr1	topo833	710.862579647	0.173592815543	862	false
T_chr1	topo839	710.716227475	0.173557076307	863	false
T_chr1	topo794	710.703441921	0.173553954071	864	false
T_chr1	topo788	710.582021086	0.173524303073	865	false
T_chr1	topo308	710.169812117	0.173423641543	866	false
T_chr1	topo519	710.169812117	0.173423641543	866	false
T_chr1	topo302	709.825993792	0.173339681024	868	false
T_chr1	topo624	709.825993792	0.173339681024	868	false
T_chr1	topo413	709.384287278	0.173231816185	870	false
T_chr1	topo518	709.384287278	0.173231816185	870	false
T_chr1	topo407	708.871911817	0.173106693972	872	false
T_chr1	topo623	708.871911817	0.173106693972	872	false
T_chr1	topo577	705.287387546	0.17223135227	874	false
T_chr1	topo562	704.848877774	0.172124268077	875	false
T_chr1	topo472	704.498459437	0.172038695833	876	false
T_chr1	topo457	703.828125565	0.171875000138	877	false
T_chr1	topo425	699.287387546	0.170766150805	878	false
T_chr1	topo428	698.848877774	0.170659066611	879	false
T_chr1	topo530	698.498459437	0.170573494368	880	false
T_chr1	topo533	697.828125565	0.170409798673	881	false
T_chr1	topo256	637.487137933	0.155674514758	882	false
T_chr1	topo871	637.487137933	0.155674514758	882	false
T_chr1	topo271	637.326123525	0.155635195	884	false
T_chr1	topo873	637.326123525	0.155635195	884	false
T_chr1	topo361	636.725279286	0.15548846869	886	false
T_chr1	topo889	636.725279286	0.15548846869	886	false
T_chr1	topo376	636.323444022	0.15539034042	888	false
T_chr1	topo891	636.323444022	0.15539034042	888	false
T_chr1	topo451	623.775302607	0.152326081223	890	false
T_chr1	topo905	623.775302607	0.152326081223	890	false
T_chr1	topo466	623.483403625	0.15225479942	892	false
T_chr1	topo907	623.483403625	0.15225479942	892	false
T_chr1	topo556	623.018691444	0.152141316592	894	false
T_chr1	topo923	623.018691444	0.152141316592	894	false
T_chr1	topo571	622.422704642	0.151995776469	896	false
T_chr1	topo925	622.422704642	0.151995776469	896	false
T_chr1	topo389	614.21832805	0.149992265702	898	false
T_chr1	topo284	613.663540039	0.149856786334	899	false
T_chr1	topo374	613.362501016	0.149783272531	900	false
T_chr1	topo269	612.702056926	0.149621991923	901	false
T_chr1	topo504	611.21832805	0.149259664969	902	false
T_chr1	topo390	610.828118083	0.1491643756	903	false
T_chr1	topo510	610.663540039	0.149124185602	904	false
T_chr1	topo285	610.438900524	0.149069328577	905	false
T_chr1	topo609	610.362501016	0.149050671799	906	false
T_chr1	topo375	610.115148192	0.148990268179	907	false
T_chr1	topo615	609.702056926	0.148889391191	908	false
T_chr1	topo270	609.620274554	0.148869419916	909	false
T_chr1	topo300	607.828118083	0.148431774868	910	false
T_chr1	topo405	607.438900524	0.148336727845	911	false
T_chr1	topo306	607.115148192	0.148257667446	912	false
T_chr1	topo411	606.620274554	0.148136819183	913	false
T_chr1	topo584	600.31758867	0.146597701751	914	false
T_chr1	topo479	600.120625356	0.146549603261	915	false
T_chr1	topo569	599.356107957	0.146362907926	916	false
T_chr1	topo464	598.990221599	0.146273558388	917	false
T_chr1	topo503	597.31758867	0.145865101018	918	false
T_chr1	topo608	597.120625356	0.145817002529	919	false
T_chr1	topo585	596.927378703	0.145769811649	920	false
T_chr1	topo480	596.873272531	0.145756598909	921	false
T_chr1	topo509	596.356107957	0.145630307193	922	false
T_chr1	topo570	596.131468443	0.145575450169	923	false
T_chr1	topo614	595.990221599	0.145540957656	924	false
T_chr1	topo465	595.908439228	0.14552098638	925	false
T_chr1	topo299	593.927378703	0.145037210917	926	false
T_chr1	topo305	593.873272531	0.145023998176	927	false
T_chr1	topo404	593.131468443	0.144842849437	928	false
T_chr1	topo410	592.908439228	0.144788385648	929	false
T_chr1	topo273	515.847831157	0.125970166339	930	false
T_chr1	topo363	515.847831157	0.125970166339	930	false
T_chr1	topo258	515.777028664	0.125952876353	932	false
T_chr1	topo378	515.777028664	0.125952876353	932	false
T_chr1	topo272	502.605955496	0.122736497069	934	false
T_chr1	topo468	502.605955496	0.122736497069	934	false
T_chr1	topo377	502.065193338	0.122604442817	936	false
T_chr1	topo453	502.065193338	0.122604442817	936	false
T_chr1	topo257	501.876289284	0.122558312401	938	false
T_chr1	topo573	501.876289284	0.122558312401	938	false
T_chr1	topo362	501.540399075	0.12247628793	940	false
T_chr1	topo558	501.540399075	0.12247628793	940	false
T_chr1	topo467	488.298523415	0.11924261866	942	false
T_chr1	topo557	488.298523415	0.11924261866	942	false
T_chr1	topo452	488.164453958	0.119209878866	944	false
T_chr1	topo572	488.164453958	0.119209878866	944	false
T_chr16_outside	topo118	1483.56686661	0.963355108189	1	true
T_chr16_outside	topo13	1325.02141207	0.860403514328	2	false
T_chr16_outside	topo643	1325.02141207	0.860403514328	2	false
T_chr16_outside	topo106	1270.39471436	0.8249316327	4	false
T_chr16_outside	topo109	1269.64762298	0.824446508426	5	false
T_chr16_outside	topo114	1234.98522738	0.80193845934	6	false
T_chr16_outside	topo117	1234.33650981	0.80151721416	7	false
T_chr16_outside	topo206	1131.70797923	0.734875311188	8	false
T_chr16_outside	topo205	1131.65370515	0.734840068276	9	false
T_chr16_outside	topo631	1111.84925981	0.721980038839	10	false
T_chr16_outside	topo1	1111.84925981	0.721980038839	10	false
T_chr16_outside	topo4	1111.10216843	0.721494914565	12	false
T_chr16_outside	topo634	1111.10216843	0.721494914565	12	false
T_chr16_outside	topo107	1103.57842259	0.716609365321	14	false
T_chr16_outside	topo108	1103.25658054	0.716400376976	15	false
T_chr16_outside	topo110	1102.83404996	0.716126006468	16	false
T_chr16_outside	topo111	1102.50717444	0.715913749633	17	false
T_chr16_outside	topo112	1086.16075439	0.705299191162	18	false
T_chr16_outside	topo113	1085.78356474	0.705054262817	19	false
T_chr16_outside	topo115	1084.940605	0.704506886361	20	false
T_chr16_outside	topo116	1084.57070326	0.704266690432	21	false
T_chr16_outside	topo639	1076.43977284	0.698986865479	22	false
T_chr16_outside	topo9	1076.43977284	0.698986865479	22	false
T_chr16_outside	topo12	1075.79105526	0.698565620299	24	false
T_chr16_outside	topo642	1075.79105526	0.698565620299	24	false
T_chr16_outside	topo121	1006.46527067	0.653548877056	26	false
T_chr16_outside	topo181	1006.43813362	0.6535312556	27	false
T_chr16_outside	topo187	1005.8592919	0.653155384353	28	false
T_chr16_outside	topo136	1005.77788078	0.653102519985	29	false
T_chr16_outside	topo120	978.591975112	0.635449334488	30	false
T_chr16_outside	topo119	978.590140638	0.635448143272	31	false
T_chr16_outside	topo100	973.091968374	0.631877901542	32	false
T_chr16_outside	topo671	973.091968374	0.631877901542	32	false
T_chr16_outside	topo101	973.064831332	0.631860280086	34	false
T_chr16_outside	topo670	973.064831332	0.631860280086	34	false
T_chr16_outside	topo184	972.694014412	0.631619489878	36	false
T_chr16_outside	topo190	972.472120994	0.631475403243	37	false
T_chr16_outside	topo153	971.055783692	0.630555703696	38	false
T_chr16_outside	topo195	971.02864665	0.630538082241	39	false
T_chr16_outside	topo168	970.407066116	0.630134458517	40	false
T_chr16_outside	topo201	970.379929074	0.630116837061	41	false
T_chr16_outside	topo198	960.793158736	0.623891661517	42	false
T_chr16_outside	topo204	960.576919544	0.623751246457	43	false
T_chr16_outside	topo2	945.032968049	0.61365777146	44	false
T_chr16_outside	topo632	945.032968049	0.61365777146	44	false
T_chr16_outside	topo3	944.711125997	0.613448783115	46	false
T_chr16_outside	topo633	944.711125997	0.613448783115	46	false
T_chr16_outside	topo5	944.288595415	0.613174412607	48	false
T_chr16_outside	topo635	944.288595415	0.613174412607	48	false
T_chr16_outside	topo6	943.96171989	0.612962155772	50	false
T_chr16_outside	topo636	943.96171989	0.612962155772	50	false
T_chr16_outside	topo637	927.615299845	0.602347597302	52	false
T_chr16_outside	topo7	927.615299845	0.602347597302	52	false
T_chr16_outside	topo8	927.238110193	0.602102668957	54	false
T_chr16_outside	topo638	927.238110193	0.602102668957	54	false
T_chr16_outside	topo10	926.39515045	0.6015552925	56	false
T_chr16_outside	topo640	926.39515045	0.6015552925	56	false
T_chr16_outside	topo11	926.025248719	0.601315096571	58	false
T_chr16_outside	topo641	926.025248719	0.601315096571	58	false
T_chr16_outside	topo124	901.609493286	0.585460709926	60	false
T_chr16_outside	topo139	901.084295322	0.585119672287	61	false
T_chr16_outside	topo160	877.986886411	0.570121354812	62	false
T_chr16_outside	topo175	877.554408027	0.569840524693	63	false
T_chr16_outside	topo930	876.435251957	0.569113799972	64	false
T_chr16_outside	topo931	876.435251957	0.569113799972	64	false
T_chr16_outside	topo929	876.380977872	0.56907855706	66	false
T_chr16_outside	topo932	876.380977872	0.56907855706	66	false
T_chr16_outside	topo286	847.884537967	0.550574375303	68	false
T_chr16_outside	topo76	847.884537967	0.550574375303	68	false
T_chr16_outside	topo646	847.870969445	0.550565564575	70	false
T_chr16_outside	topo16	847.870969445	0.550565564575	70	false
T_chr16_outside	topo31	847.208002894	0.550135066814	72	false
T_chr16_outside	topo652	847.208002894	0.550135066814	72	false
T_chr16_outside	topo391	847.167297331	0.550108634631	74	false
T_chr16_outside	topo82	847.167297331	0.550108634631	74	false
T_chr16_outside	topo122	839.648978904	0.545226609678	76	false
T_chr16_outside	topo182	839.621841862	0.545208988222	77	false
T_chr16_outside	topo123	839.327136852	0.545017621333	78	false
T_chr16_outside	topo183	839.29999981	0.544999999877	79	false
T_chr16_outside	topo188	839.045718888	0.544834882395	80	false
T_chr16_outside	topo137	838.964307762	0.544782018027	81	false
T_chr16_outside	topo189	838.718843363	0.54462262556	82	false
T_chr16_outside	topo138	838.637432237	0.544569761193	83	false
T_chr16_outside	topo226	834.82890703	0.542096692877	84	false
T_chr16_outside	topo856	834.82890703	0.542096692877	84	false
T_chr16_outside	topo331	834.141517141	0.541650335806	86	false
T_chr16_outside	topo874	834.141517141	0.541650335806	86	false
T_chr16_outside	topo133	830.357352825	0.53919308625	88	false
T_chr16_outside	topo148	830.026911238	0.538978513791	89	false
T_chr16_outside	topo151	822.2313107	0.533916435519	90	false
T_chr16_outside	topo193	822.204173657	0.533898814063	91	false
T_chr16_outside	topo152	821.854121048	0.533671507174	92	false
T_chr16_outside	topo194	821.826984006	0.533653885718	93	false
T_chr16_outside	topo166	821.011161305	0.533124130717	94	false
T_chr16_outside	topo199	820.984024263	0.533106509261	95	false
T_chr16_outside	topo167	820.641259574	0.532883934788	96	false
T_chr16_outside	topo200	820.614122532	0.532866313333	97	false
T_chr16_outside	topo15	820.046520567	0.532497740628	98	false
T_chr16_outside	topo645	820.046520567	0.532497740628	98	false
T_chr16_outside	topo14	820.044686093	0.532496549411	100	false
T_chr16_outside	topo644	820.044686093	0.532496549411	100	false
T_chr16_outside	topo79	814.042725403	0.528599172339	102	false
T_chr16_outside	topo253	814.042725403	0.528599172339	102	false
T_chr16_outside	topo358	813.780126421	0.52842865352	104	false
T_chr16_outside	topo85	813.780126421	0.52842865352	104	false
T_chr16_outside	topo498	812.475050992	0.527581201943	106	false
T_chr16_outside	topo90	812.475050992	0.527581201943	106	false
T_chr16_outside	topo660	812.461482471	0.527572391215	108	false
T_chr16_outside	topo48	812.461482471	0.527572391215	108	false
T_chr16_outside	topo603	811.826333416	0.527159956763	110	false
T_chr16_outside	topo96	811.826333416	0.527159956763	110	false
T_chr16_outside	topo63	811.812764895	0.527151146036	112	false
T_chr16_outside	topo666	811.812764895	0.527151146036	112	false
T_chr16_outside	topo493	802.231421965	0.520929494783	114	false
T_chr16_outside	topo93	802.231421965	0.520929494783	114	false
T_chr16_outside	topo598	802.015182773	0.520789079723	116	false
T_chr16_outside	topo99	802.015182773	0.520789079723	116	false
T_chr16_outside	topo894	799.419420056	0.519103519517	118	false
T_chr16_outside	topo438	799.419420056	0.519103519517	118	false
T_chr16_outside	topo912	798.770702479	0.518682274337	120	false
T_chr16_outside	topo543	798.770702479	0.518682274337	120	false
T_chr16_outside	topo928	797.135387642	0.517620381586	122	false
T_chr16_outside	topo933	797.135387642	0.517620381586	122	false
T_chr16_outside	topo165	794.882963768	0.51615776868	124	false
T_chr16_outside	topo180	794.666724575	0.51601735362	125	false
T_chr16_outside	topo676	755.529042715	0.490603274491	126	false
T_chr16_outside	topo691	755.529042715	0.490603274491	126	false
T_chr16_outside	topo721	754.950200994	0.490227403243	128	false
T_chr16_outside	topo736	754.950200994	0.490227403243	128	false
T_chr16_outside	topo19	742.998909839	0.482466824571	130	false
T_chr16_outside	topo649	742.998909839	0.482466824571	130	false
T_chr16_outside	topo655	742.514417439	0.482152219116	132	false
T_chr16_outside	topo34	742.514417439	0.482152219116	132	false
T_chr16_outside	topo126	730.748946877	0.474512303167	134	false
T_chr16_outside	topo125	730.532707684	0.474371888107	135	false
T_chr16_outside	topo141	730.223748913	0.474171265528	136	false
T_chr16_outside	topo140	730.007509721	0.474030850468	137	false
T_chr16_outside	topo229	729.973129649	0.474008525746	138	false
T_chr16_outside	topo859	729.973129649	0.474008525746	138	false
T_chr16_outside	topo334	729.447931686	0.473667488108	140	false
T_chr16_outside	topo877	729.447931686	0.473667488108	140	false
T_chr16_outside	topo768	720.119555741	0.467610101131	142	false
T_chr16_outside	topo783	720.119555741	0.467610101131	142	false
T_chr16_outside	topo813	719.470838165	0.467188855951	144	false
T_chr16_outside	topo828	719.470838165	0.467188855951	144	false
T_chr16_outside	topo55	719.343738514	0.46710632371	146	false
T_chr16_outside	topo663	719.343738514	0.46710632371	146	false
T_chr16_outside	topo162	718.972921594	0.466865533502	148	false
T_chr16_outside	topo669	718.91126013	0.466825493591	149	false
T_chr16_outside	topo70	718.91126013	0.466825493591	149	false
T_chr16_outside	topo161	718.751028175	0.466721446867	151	false
T_chr16_outside	topo177	718.540443209	0.466584703383	152	false
T_chr16_outside	topo176	718.318549791	0.466440616747	153	false
T_chr16_outside	topo697	717.421287139	0.465857978662	154	false
T_chr16_outside	topo700	717.421287139	0.465857978662	154	false
T_chr16_outside	topo244	717.358871943	0.465817449313	156	false
T_chr16_outside	topo868	717.358871943	0.465817449313	156	false
T_chr16_outside	topo742	717.199393721	0.465713892027	158	false
T_chr16_outside	topo745	717.199393721	0.465713892027	158	false
T_chr16_outside	topo349	717.096272961	0.465646930494	160	false
T_chr16_outside	topo886	717.096272961	0.465646930494	160	false
T_chr16_outside	topo211	715.9062476	0.464874186753	162	false
T_chr16_outside	topo862	715.9062476	0.464874186753	162	false
T_chr16_outside	topo316	715.273131795	0.464463072594	164	false
T_chr16_outside	topo880	715.273131795	0.464463072594	164	false
T_chr16_outside	topo445	706.350522775	0.458669170633	166	false
T_chr16_outside	topo897	706.350522775	0.458669170633	166	false
T_chr16_outside	topo550	705.91804439	0.458388340513	168	false
T_chr16_outside	topo915	705.91804439	0.458388340513	168	false
T_chr16_outside	topo908	705.574705547	0.458165393213	170	false
T_chr16_outside	topo484	705.574705547	0.458165393213	170	false
T_chr16_outside	topo799	705.520431463	0.458130150301	172	false
T_chr16_outside	topo802	705.520431463	0.458130150301	172	false
T_chr16_outside	topo926	705.358466355	0.458024978153	174	false
T_chr16_outside	topo589	705.358466355	0.458024978153	174	false
T_chr16_outside	topo844	705.304192271	0.457989735241	176	false
T_chr16_outside	topo847	705.304192271	0.457989735241	176	false
T_chr16_outside	topo77	681.068246203	0.442252107924	178	false
T_chr16_outside	topo287	681.068246203	0.442252107924	178	false
T_chr16_outside	topo17	681.054677682	0.442243297196	180	false
T_chr16_outside	topo647	681.054677682	0.442243297196	180	false
T_chr16_outside	topo78	680.746404152	0.442043119579	182	false
T_chr16_outside	topo288	680.746404152	0.442043119579	182	false
T_chr16_outside	topo18	680.732835631	0.442034308851	184	false
T_chr16_outside	topo648	680.732835631	0.442034308851	184	false
T_chr16_outside	topo900	680.496760626	0.441881013393	186	false
T_chr16_outside	topo423	680.496760626	0.441881013393	186	false
T_chr16_outside	topo32	680.394429879	0.441814564856	188	false
T_chr16_outside	topo653	680.394429879	0.441814564856	188	false
T_chr16_outside	topo83	680.353724316	0.441788132673	190	false
T_chr16_outside	topo392	680.353724316	0.441788132673	190	false
T_chr16_outside	topo33	680.067554354	0.441602308022	192	false
T_chr16_outside	topo654	680.067554354	0.441602308022	192	false
T_chr16_outside	topo393	680.026848791	0.441575875838	194	false
T_chr16_outside	topo84	680.026848791	0.441575875838	194	false
T_chr16_outside	topo918	679.848043049	0.441459768214	196	false
T_chr16_outside	topo528	679.848043049	0.441459768214	196	false
T_chr16_outside	topo28	671.665358252	0.436146336527	198	false
T_chr16_outside	topo394	671.665358252	0.436146336527	198	false
T_chr16_outside	topo43	671.457033355	0.43601106062	200	false
T_chr16_outside	topo289	671.457033355	0.43601106062	200	false
T_chr16_outside	topo227	668.012615267	0.433774425498	202	false
T_chr16_outside	topo857	668.012615267	0.433774425498	202	false
T_chr16_outside	topo228	667.690773216	0.433565437153	204	false
T_chr16_outside	topo858	667.690773216	0.433565437153	204	false
T_chr16_outside	topo332	667.327944126	0.433329833848	206	false
T_chr16_outside	topo875	667.327944126	0.433329833848	206	false
T_chr16_outside	topo876	667.001068601	0.433117577013	208	false
T_chr16_outside	topo333	667.001068601	0.433117577013	208	false
T_chr16_outside	topo496	663.650577999	0.430941933766	210	false
T_chr16_outside	topo88	663.650577999	0.430941933766	210	false
T_chr16_outside	topo658	663.637009478	0.430933123038	212	false
T_chr16_outside	topo46	663.637009478	0.430933123038	212	false
T_chr16_outside	topo89	663.273388348	0.430697005421	214	false
T_chr16_outside	topo497	663.273388348	0.430697005421	214	false
T_chr16_outside	topo47	663.259819827	0.430688194693	216	false
T_chr16_outside	topo659	663.259819827	0.430688194693	216	false
T_chr16_outside	topo601	662.430428604	0.430149628964	218	false
T_chr16_outside	topo94	662.430428604	0.430149628964	218	false
T_chr16_outside	topo664	662.416860083	0.430140818236	220	false
T_chr16_outside	topo61	662.416860083	0.430140818236	220	false
T_chr16_outside	topo602	662.060526874	0.429909433035	222	false
T_chr16_outside	topo95	662.060526874	0.429909433035	222	false
T_chr16_outside	topo62	662.046958353	0.429900622307	224	false
T_chr16_outside	topo665	662.046958353	0.429900622307	224	false
T_chr16_outside	topo238	658.720989188	0.42774090207	226	false
T_chr16_outside	topo760	658.720989188	0.42774090207	226	false
T_chr16_outside	topo343	658.390547602	0.427526329611	228	false
T_chr16_outside	topo715	658.390547602	0.427526329611	228	false
T_chr16_outside	topo134	657.88650877	0.427199031669	230	false
T_chr16_outside	topo149	657.280812688	0.426805722525	231	false
T_chr16_outside	topo135	657.265230937	0.426795604504	232	false
T_chr16_outside	topo150	656.658608514	0.42640169384	233	false
T_chr16_outside	topo163	652.080619368	0.423428973616	234	false
T_chr16_outside	topo164	651.678728741	0.423168005676	235	false
T_chr16_outside	topo178	651.159905754	0.422831107633	236	false
T_chr16_outside	topo179	650.761195916	0.42257220514	237	false
T_chr16_outside	topo694	650.656983109	0.422504534487	238	false
T_chr16_outside	topo679	650.656983109	0.422504534487	238	false
T_chr16_outside	topo436	650.594947063	0.42246425134	240	false
T_chr16_outside	topo892	650.594947063	0.42246425134	240	false
T_chr16_outside	topo724	650.25661554	0.422244555545	242	false
T_chr16_outside	topo739	650.25661554	0.422244555545	242	false
T_chr16_outside	topo437	650.217757412	0.422219322995	244	false
T_chr16_outside	topo893	650.217757412	0.422219322995	244	false
T_chr16_outside	topo541	649.374797668	0.421671946538	246	false
T_chr16_outside	topo910	649.374797668	0.421671946538	246	false
T_chr16_outside	topo542	649.004895938	0.421431750609	248	false
T_chr16_outside	topo911	649.004895938	0.421431750609	248	false
T_chr16_outside	topo241	638.113281712	0.414359273839	250	false
T_chr16_outside	topo869	638.113281712	0.414359273839	250	false
T_chr16_outside	topo346	637.85068273	0.41418875502	252	false
T_chr16_outside	topo887	637.85068273	0.41418875502	252	false
T_chr16_outside	topo60	636.280521434	0.413169169762	254	false
T_chr16_outside	topo606	636.280521434	0.413169169762	254	false
T_chr16_outside	topo75	636.064282242	0.413028754702	256	false
T_chr16_outside	topo501	636.064282242	0.413028754702	256	false
T_chr16_outside	topo775	627.001811784	0.407144033626	258	false
T_chr16_outside	topo786	627.001811784	0.407144033626	258	false
T_chr16_outside	topo209	626.733087731	0.406969537487	260	false
T_chr16_outside	topo207	626.731253257	0.406968346271	261	false
T_chr16_outside	topo210	626.678813647	0.406934294576	262	false
T_chr16_outside	topo208	626.676979173	0.406933103359	263	false
T_chr16_outside	topo820	626.5693334	0.406863203506	264	false
T_chr16_outside	topo831	626.5693334	0.406863203506	264	false
T_chr16_outside	topo481	626.274841233	0.406671974826	266	false
T_chr16_outside	topo909	626.274841233	0.406671974826	266	false
T_chr16_outside	topo586	626.05860204	0.406531559766	268	false
T_chr16_outside	topo927	626.05860204	0.406531559766	268	false
T_chr16_outside	topo450	623.246600131	0.404705584501	270	false
T_chr16_outside	topo854	623.246600131	0.404705584501	270	false
T_chr16_outside	topo555	623.030360939	0.404565169441	272	false
T_chr16_outside	topo809	623.030360939	0.404565169441	272	false
T_chr16_outside	topo127	622.056774561	0.403932970494	274	false
T_chr16_outside	topo130	621.842824685	0.403794042003	275	false
T_chr16_outside	topo142	621.550282813	0.403604079749	276	false
T_chr16_outside	topo145	621.331754305	0.40346217812	277	false
T_chr16_outside	topo214	611.034187994	0.396775446749	278	false
T_chr16_outside	topo865	611.034187994	0.396775446749	278	false
T_chr16_outside	topo319	610.57954634	0.396480224896	280	false
T_chr16_outside	topo883	610.57954634	0.396480224896	280	false
T_chr16_outside	topo154	610.444995758	0.396392854389	282	false
T_chr16_outside	topo157	610.210429707	0.396240538771	283	false
T_chr16_outside	topo169	609.63217432	0.395865048259	284	false
T_chr16_outside	topo172	609.4012439	0.395715093442	285	false
T_chr16_outside	topo310	602.074167031	0.390957251319	286	false
T_chr16_outside	topo415	602.074167031	0.390957251319	286	false
T_chr16_outside	topo677	588.712750952	0.382281007112	288	false
T_chr16_outside	topo692	588.712750952	0.382281007112	288	false
T_chr16_outside	topo678	588.390908901	0.382072018767	290	false
T_chr16_outside	topo693	588.390908901	0.382072018767	290	false
T_chr16_outside	topo722	588.136627979	0.381906901285	292	false
T_chr16_outside	topo737	588.136627979	0.381906901285	292	false
T_chr16_outside	topo723	587.809752454	0.381694644451	294	false
T_chr16_outside	topo738	587.809752454	0.381694644451	294	false
T_chr16_outside	topo430	587.379016669	0.381414945889	296	false
T_chr16_outside	topo903	587.379016669	0.381414945889	296	false
T_chr16_outside	topo535	586.946538284	0.381134115769	298	false
T_chr16_outside	topo921	586.946538284	0.381134115769	298	false
T_chr16_outside	topo185	580.339739825	0.376843986899	300	false
T_chr16_outside	topo186	580.233682124	0.376775118262	301	false
T_chr16_outside	topo191	580.217668989	0.376764720123	302	false
T_chr16_outside	topo192	580.107487499	0.3766931737	303	false
T_chr16_outside	topo400	579.323431522	0.376184046443	304	false
T_chr16_outside	topo688	579.323431522	0.376184046443	304	false
T_chr16_outside	topo295	579.199231455	0.376103397049	306	false
T_chr16_outside	topo733	579.199231455	0.376103397049	306	false
T_chr16_outside	topo524	578.497919946	0.375647999965	308	false
T_chr16_outside	topo629	578.497919946	0.375647999965	308	false
T_chr16_outside	topo129	575.433008803	0.373657797924	310	false
T_chr16_outside	topo132	575.327405943	0.373589224639	311	false
T_chr16_outside	topo144	575.10515129	0.373444903435	312	false
T_chr16_outside	topo147	574.994514957	0.37337306166	313	false
T_chr16_outside	topo196	574.533850424	0.373073928846	314	false
T_chr16_outside	topo197	574.507036874	0.37305651745	315	false
T_chr16_outside	topo202	574.128356941	0.37281062139	316	false
T_chr16_outside	topo203	574.101526733	0.372793199177	317	false
T_chr16_outside	topo492	572.13836343	0.371518417812	318	false
T_chr16_outside	topo21	572.13836343	0.371518417812	318	false
T_chr16_outside	topo597	571.922124238	0.371378002752	320	false
T_chr16_outside	topo20	571.922124238	0.371378002752	320	false
T_chr16_outside	topo36	571.65387103	0.371203812357	322	false
T_chr16_outside	topo489	571.65387103	0.371203812357	322	false
T_chr16_outside	topo35	571.437631838	0.371063397297	324	false
T_chr16_outside	topo594	571.437631838	0.371063397297	324	false
T_chr16_outside	topo766	571.295082748	0.370970832953	326	false
T_chr16_outside	topo781	571.295082748	0.370970832953	326	false
T_chr16_outside	topo767	570.917893097	0.370725904608	328	false
T_chr16_outside	topo782	570.917893097	0.370725904608	328	false
T_chr16_outside	topo811	570.074933353	0.370178528152	330	false
T_chr16_outside	topo826	570.074933353	0.370178528152	330	false
T_chr16_outside	topo812	569.705031623	0.369938332223	332	false
T_chr16_outside	topo827	569.705031623	0.369938332223	332	false
T_chr16_outside	topo131	569.616773827	0.369881021966	334	false
T_chr16_outside	topo128	569.427048037	0.369757823401	335	false
T_chr16_outside	topo146	569.188625555	0.369603003607	336	false
T_chr16_outside	topo143	568.999826107	0.369480406563	337	false
T_chr16_outside	topo156	563.82123	0.366117681818	338	false
T_chr16_outside	topo159	563.765298184	0.366081362457	339	false
T_chr16_outside	topo171	563.116755578	0.365660230895	340	false
T_chr16_outside	topo174	563.064004552	0.365625976982	341	false
T_chr16_outside	topo292	562.505646	0.365263406494	342	false
T_chr16_outside	topo761	562.505646	0.365263406494	342	false
T_chr16_outside	topo397	562.451371916	0.365228163582	344	false
T_chr16_outside	topo716	562.451371916	0.365228163582	344	false
T_chr16_outside	topo252	560.321632584	0.363845215964	346	false
T_chr16_outside	topo57	560.321632584	0.363845215964	346	false
T_chr16_outside	topo357	560.059033603	0.363674697145	348	false
T_chr16_outside	topo56	560.059033603	0.363674697145	348	false
T_chr16_outside	topo72	559.8891542	0.363564385844	350	false
T_chr16_outside	topo249	559.8891542	0.363564385844	350	false
T_chr16_outside	topo354	559.626555218	0.363393867025	352	false
T_chr16_outside	topo71	559.626555218	0.363393867025	352	false
T_chr16_outside	topo231	559.11258324	0.363060118987	354	false
T_chr16_outside	topo804	559.11258324	0.363060118987	354	false
T_chr16_outside	topo230	558.896344048	0.362919703927	356	false
T_chr16_outside	topo849	558.896344048	0.362919703927	356	false
T_chr16_outside	topo336	558.587385277	0.362719081349	358	false
T_chr16_outside	topo803	558.587385277	0.362719081349	358	false
T_chr16_outside	topo335	558.371146085	0.362578666289	360	false
T_chr16_outside	topo848	558.371146085	0.362578666289	360	false
T_chr16_outside	topo155	557.815269234	0.362217707295	362	false
T_chr16_outside	topo158	557.659973002	0.362116865585	363	false
T_chr16_outside	topo170	557.406123462	0.361952028222	364	false
T_chr16_outside	topo173	557.258115151	0.361855918929	365	false
T_chr16_outside	topo212	549.089955837	0.356551919375	366	false
T_chr16_outside	topo863	549.089955837	0.356551919375	366	false
T_chr16_outside	topo213	548.768113786	0.35634293103	368	false
T_chr16_outside	topo864	548.768113786	0.35634293103	368	false
T_chr16_outside	topo317	548.45955878	0.356142570636	370	false
T_chr16_outside	topo881	548.45955878	0.356142570636	370	false
T_chr16_outside	topo318	548.132683255	0.355930313802	372	false
T_chr16_outside	topo882	548.132683255	0.355930313802	372	false
T_chr16_outside	topo447	547.336557957	0.355413349323	374	false
T_chr16_outside	topo702	547.336557957	0.355413349323	374	false
T_chr16_outside	topo747	547.114664539	0.355269262688	376	false
T_chr16_outside	topo446	547.114664539	0.355269262688	376	false
T_chr16_outside	topo552	546.904079573	0.355132519203	378	false
T_chr16_outside	topo701	546.904079573	0.355132519203	378	false
T_chr16_outside	topo551	546.682186155	0.354988432568	380	false
T_chr16_outside	topo746	546.682186155	0.354988432568	380	false
T_chr16_outside	topo699	546.56074073	0.354909571903	382	false
T_chr16_outside	topo486	546.56074073	0.354909571903	382	false
T_chr16_outside	topo246	546.498325534	0.354869042554	384	false
T_chr16_outside	topo801	546.498325534	0.354869042554	384	false
T_chr16_outside	topo698	546.344501538	0.354769156843	386	false
T_chr16_outside	topo591	546.344501538	0.354769156843	386	false
T_chr16_outside	topo485	546.338847312	0.354765485267	388	false
T_chr16_outside	topo744	546.338847312	0.354765485267	388	false
T_chr16_outside	topo245	546.282086341	0.354728627494	390	false
T_chr16_outside	topo846	546.282086341	0.354728627494	390	false
T_chr16_outside	topo351	546.235726552	0.354698523735	392	false
T_chr16_outside	topo800	546.235726552	0.354698523735	392	false
T_chr16_outside	topo590	546.12260812	0.354625070207	394	false
T_chr16_outside	topo743	546.12260812	0.354625070207	394	false
T_chr16_outside	topo350	546.01948736	0.354558108675	396	false
T_chr16_outside	topo845	546.01948736	0.354558108675	396	false
T_chr16_outside	topo622	543.938594704	0.353206879678	398	false
T_chr16_outside	topo780	543.938594704	0.353206879678	398	false
T_chr16_outside	topo517	543.722355512	0.353066464618	400	false
T_chr16_outside	topo825	543.722355512	0.353066464618	400	false
T_chr16_outside	topo223	539.700636407	0.350454958706	402	false
T_chr16_outside	topo416	539.700636407	0.350454958706	402	false
T_chr16_outside	topo311	539.522162256	0.3503390664	404	false
T_chr16_outside	topo328	539.522162256	0.3503390664	404	false
T_chr16_outside	topo514	538.820850747	0.349883669316	406	false
T_chr16_outside	topo619	538.820850747	0.349883669316	406	false
T_chr16_outside	topo810	538.820850747	0.349883669316	406	false
T_chr16_outside	topo855	538.820850747	0.349883669316	406	false
T_chr16_outside	topo421	531.672287633	0.345241745216	410	false
T_chr16_outside	topo898	531.672287633	0.345241745216	410	false
T_chr16_outside	topo899	531.295097982	0.344996816871	412	false
T_chr16_outside	topo422	531.295097982	0.344996816871	412	false
T_chr16_outside	topo916	530.452138238	0.344449440414	414	false
T_chr16_outside	topo526	530.452138238	0.344449440414	414	false
T_chr16_outside	topo527	530.082236508	0.344209244486	416	false
T_chr16_outside	topo917	530.082236508	0.344209244486	416	false
T_chr16_outside	topo630	504.315799588	0.327477791941	418	false
T_chr16_outside	topo435	504.315799588	0.327477791941	418	false
T_chr16_outside	topo525	504.099560396	0.327337376881	420	false
T_chr16_outside	topo540	504.099560396	0.327337376881	420	false
T_chr16_outside	topo29	499.284066436	0.32421043275	422	false
T_chr16_outside	topo499	499.284066436	0.32421043275	422	false
T_chr16_outside	topo44	498.710934805	0.323838269354	424	false
T_chr16_outside	topo500	498.710934805	0.323838269354	424	false
T_chr16_outside	topo30	498.662788603	0.323807005586	426	false
T_chr16_outside	topo604	498.662788603	0.323807005586	426	false
T_chr16_outside	topo605	498.08873063	0.323434240669	428	false
T_chr16_outside	topo45	498.08873063	0.323434240669	428	false
T_chr16_outside	topo290	493.478177034	0.320440374698	430	false
T_chr16_outside	topo58	493.478177034	0.320440374698	430	false
T_chr16_outside	topo59	492.986734168	0.320121255953	432	false
T_chr16_outside	topo395	492.986734168	0.320121255953	432	false
T_chr16_outside	topo291	492.557463421	0.319842508715	434	false
T_chr16_outside	topo73	492.557463421	0.319842508715	434	false
T_chr16_outside	topo74	492.069201344	0.319525455418	436	false
T_chr16_outside	topo396	492.069201344	0.319525455418	436	false
T_chr16_outside	topo239	486.250145133	0.315746847489	438	false
T_chr16_outside	topo805	486.250145133	0.315746847489	438	false
T_chr16_outside	topo807	485.644449052	0.315353538345	440	false
T_chr16_outside	topo344	485.644449052	0.315353538345	440	false
T_chr16_outside	topo240	485.628867301	0.315343420325	442	false
T_chr16_outside	topo850	485.628867301	0.315343420325	442	false
T_chr16_outside	topo852	485.022244877	0.314949509661	444	false
T_chr16_outside	topo345	485.022244877	0.314949509661	444	false
T_chr16_outside	topo448	480.444255732	0.311976789436	446	false
T_chr16_outside	topo717	480.444255732	0.311976789436	446	false
T_chr16_outside	topo449	480.042365104	0.311715821496	448	false
T_chr16_outside	topo762	480.042365104	0.311715821496	448	false
T_chr16_outside	topo491	479.7964367	0.311556127727	450	false
T_chr16_outside	topo681	479.7964367	0.311556127727	450	false
T_chr16_outside	topo596	479.580197508	0.311415712667	452	false
T_chr16_outside	topo680	479.580197508	0.311415712667	452	false
T_chr16_outside	topo553	479.523542118	0.311378923453	454	false
T_chr16_outside	topo719	479.523542118	0.311378923453	454	false
T_chr16_outside	topo488	479.39606913	0.311296148786	456	false
T_chr16_outside	topo726	479.39606913	0.311296148786	456	false
T_chr16_outside	topo593	479.179829938	0.311155733726	458	false
T_chr16_outside	topo725	479.179829938	0.311155733726	458	false
T_chr16_outside	topo554	479.12483228	0.311120020961	460	false
T_chr16_outside	topo764	479.12483228	0.311120020961	460	false
T_chr16_outside	topo105	468.117076876	0.303972127841	462	false
T_chr16_outside	topo674	468.117076876	0.303972127841	462	false
T_chr16_outside	topo103	468.115242402	0.303970936625	464	false
T_chr16_outside	topo672	468.115242402	0.303970936625	464	false
T_chr16_outside	topo104	468.089939834	0.303954506386	466	false
T_chr16_outside	topo675	468.089939834	0.303954506386	466	false
T_chr16_outside	topo102	468.08810536	0.303953315169	468	false
T_chr16_outside	topo673	468.08810536	0.303953315169	468	false
T_chr16_outside	topo251	467.979705854	0.303882925879	470	false
T_chr16_outside	topo777	467.979705854	0.303882925879	470	false
T_chr16_outside	topo356	467.717106873	0.30371240706	472	false
T_chr16_outside	topo776	467.717106873	0.30371240706	472	false
T_chr16_outside	topo248	467.54722747	0.30360209576	474	false
T_chr16_outside	topo822	467.54722747	0.30360209576	474	false
T_chr16_outside	topo353	467.284628488	0.30343157694	476	false
T_chr16_outside	topo821	467.284628488	0.30343157694	476	false
T_chr16_outside	topo243	467.252735303	0.30341086708	478	false
T_chr16_outside	topo483	467.252735303	0.30341086708	478	false
T_chr16_outside	topo242	467.036496111	0.30327045202	480	false
T_chr16_outside	topo588	467.036496111	0.30327045202	480	false
T_chr16_outside	topo348	466.990136321	0.303240348261	482	false
T_chr16_outside	topo482	466.990136321	0.303240348261	482	false
T_chr16_outside	topo347	466.773897129	0.303099933201	484	false
T_chr16_outside	topo587	466.773897129	0.303099933201	484	false
T_chr16_outside	topo22	463.413626664	0.300917939392	486	false
T_chr16_outside	topo650	463.413626664	0.300917939392	486	false
T_chr16_outside	topo25	463.199676788	0.300779010901	488	false
T_chr16_outside	topo651	463.199676788	0.300779010901	488	false
T_chr16_outside	topo37	462.980404929	0.300636626578	490	false
T_chr16_outside	topo656	462.980404929	0.300636626578	490	false
T_chr16_outside	topo40	462.761876421	0.300494724949	492	false
T_chr16_outside	topo657	462.761876421	0.300494724949	492	false
T_chr16_outside	topo661	451.801847861	0.293377823287	494	false
T_chr16_outside	topo49	451.801847861	0.293377823287	494	false
T_chr16_outside	topo662	451.599846261	0.293246653416	496	false
T_chr16_outside	topo52	451.599846261	0.293246653416	496	false
T_chr16_outside	topo64	450.989026423	0.292850017158	498	false
T_chr16_outside	topo667	450.989026423	0.292850017158	498	false
T_chr16_outside	topo67	450.790660454	0.292721208087	500	false
T_chr16_outside	topo668	450.790660454	0.292721208087	500	false
T_chr16_outside	topo860	450.420410925	0.292480786315	502	false
T_chr16_outside	topo232	450.420410925	0.292480786315	502	false
T_chr16_outside	topo861	450.206461048	0.292341857824	504	false
T_chr16_outside	topo235	450.206461048	0.292341857824	504	false
T_chr16_outside	topo337	449.913919176	0.292151895569	506	false
T_chr16_outside	topo878	449.913919176	0.292151895569	506	false
T_chr16_outside	topo340	449.695390668	0.292009993941	508	false
T_chr16_outside	topo879	449.695390668	0.292009993941	508	false
T_chr16_outside	topo490	440.173641585	0.28582703999	510	false
T_chr16_outside	topo216	440.173641585	0.28582703999	510	false
T_chr16_outside	topo595	439.957402393	0.28568662493	512	false
T_chr16_outside	topo215	439.957402393	0.28568662493	512	false
T_chr16_outside	topo321	439.718999931	0.285531818137	514	false
T_chr16_outside	topo487	439.718999931	0.285531818137	514	false
T_chr16_outside	topo320	439.502760739	0.285391403077	516	false
T_chr16_outside	topo592	439.502760739	0.285391403077	516	false
T_chr16_outside	topo439	438.808632122	0.284940670209	518	false
T_chr16_outside	topo895	438.808632122	0.284940670209	518	false
T_chr16_outside	topo896	438.574066071	0.284788354591	520	false
T_chr16_outside	topo442	438.574066071	0.284788354591	520	false
T_chr16_outside	topo544	437.995810683	0.28441286408	522	false
T_chr16_outside	topo913	437.995810683	0.28441286408	522	false
T_chr16_outside	topo914	437.764880264	0.284262909262	524	false
T_chr16_outside	topo547	437.764880264	0.284262909262	524	false
T_chr16_outside	topo303	431.213620622	0.28000884456	526	false
T_chr16_outside	topo408	431.213620622	0.28000884456	526	false
T_chr16_outside	topo309	430.99738143	0.2798684295	528	false
T_chr16_outside	topo414	430.99738143	0.2798684295	528	false
T_chr16_outside	topo432	428.356910739	0.278153838142	530	false
T_chr16_outside	topo250	428.356910739	0.278153838142	530	false
T_chr16_outside	topo355	428.094311757	0.277983319323	532	false
T_chr16_outside	topo431	428.094311757	0.277983319323	532	false
T_chr16_outside	topo537	427.924432355	0.277873008022	534	false
T_chr16_outside	topo247	427.924432355	0.277873008022	534	false
T_chr16_outside	topo352	427.661833373	0.277702489203	536	false
T_chr16_outside	topo536	427.661833373	0.277702489203	536	false
T_chr16_outside	topo80	421.778003054	0.273881820165	538	false
T_chr16_outside	topo268	421.778003054	0.273881820165	538	false
T_chr16_outside	topo81	421.671945353	0.273812951528	540	false
T_chr16_outside	topo283	421.671945353	0.273812951528	540	false
T_chr16_outside	topo373	421.525674417	0.273717970401	542	false
T_chr16_outside	topo86	421.525674417	0.273717970401	542	false
T_chr16_outside	topo388	421.415492926	0.273646423978	544	false
T_chr16_outside	topo87	421.415492926	0.273646423978	544	false
T_chr16_outside	topo506	419.483955129	0.272392178655	546	false
T_chr16_outside	topo611	419.483955129	0.272392178655	546	false
T_chr16_outside	topo512	419.26206171	0.27224809202	548	false
T_chr16_outside	topo617	419.26206171	0.27224809202	548	false
T_chr16_outside	topo24	416.74101423	0.270611048201	550	false
T_chr16_outside	topo387	416.74101423	0.270611048201	550	false
T_chr16_outside	topo27	416.635411371	0.270542474916	552	false
T_chr16_outside	topo372	416.635411371	0.270542474916	552	false
T_chr16_outside	topo282	416.535273406	0.270477450264	554	false
T_chr16_outside	topo39	416.535273406	0.270477450264	554	false
T_chr16_outside	topo267	416.424637073	0.270405608489	556	false
T_chr16_outside	topo42	416.424637073	0.270405608489	556	false
T_chr16_outside	topo463	415.972113653	0.270111762112	558	false
T_chr16_outside	topo91	415.972113653	0.270111762112	558	false
T_chr16_outside	topo92	415.855747864	0.270036199912	560	false
T_chr16_outside	topo478	415.855747864	0.270036199912	560	false
T_chr16_outside	topo568	415.56662017	0.269848454656	562	false
T_chr16_outside	topo97	415.56662017	0.269848454656	562	false
T_chr16_outside	topo583	415.450237724	0.269772881639	564	false
T_chr16_outside	topo98	415.450237724	0.269772881639	564	false
T_chr16_outside	topo26	410.965484818	0.266860704427	566	false
T_chr16_outside	topo477	410.965484818	0.266860704427	566	false
T_chr16_outside	topo23	410.775759028	0.266737505862	568	false
T_chr16_outside	topo582	410.775759028	0.266737505862	568	false
T_chr16_outside	topo41	410.618747672	0.266635550436	570	false
T_chr16_outside	topo462	410.618747672	0.266635550436	570	false
T_chr16_outside	topo38	410.429948224	0.266512953392	572	false
T_chr16_outside	topo567	410.429948224	0.266512953392	572	false
T_chr16_outside	topo505	406.942139706	0.264248142666	574	false
T_chr16_outside	topo689	406.942139706	0.264248142666	574	false
T_chr16_outside	topo511	406.453132905	0.263930605783	576	false
T_chr16_outside	topo734	406.453132905	0.263930605783	576	false
T_chr16_outside	topo610	406.320861873	0.263844715502	578	false
T_chr16_outside	topo690	406.320861873	0.263844715502	578	false
T_chr16_outside	topo616	405.830928731	0.263526577098	580	false
T_chr16_outside	topo735	405.830928731	0.263526577098	580	false
T_chr16_outside	topo54	405.154714738	0.263087477102	582	false
T_chr16_outside	topo279	405.154714738	0.263087477102	582	false
T_chr16_outside	topo51	405.129235427	0.263070932096	584	false
T_chr16_outside	topo384	405.129235427	0.263070932096	584	false
T_chr16_outside	topo69	404.453421106	0.262632091627	586	false
T_chr16_outside	topo264	404.453421106	0.262632091627	586	false
T_chr16_outside	topo66	404.424761006	0.262613481173	588	false
T_chr16_outside	topo369	404.424761006	0.262613481173	588	false
T_chr16_outside	topo759	403.796645166	0.262205613744	590	false
T_chr16_outside	topo234	403.796645166	0.262205613744	590	false
T_chr16_outside	topo753	403.691042307	0.262137040459	592	false
T_chr16_outside	topo237	403.691042307	0.262137040459	592	false
T_chr16_outside	topo339	403.468787653	0.261992719255	594	false
T_chr16_outside	topo714	403.468787653	0.261992719255	594	false
T_chr16_outside	topo342	403.35815132	0.261920877481	596	false
T_chr16_outside	topo708	403.35815132	0.261920877481	596	false
T_chr16_outside	topo778	401.136250304	0.260478084613	598	false
T_chr16_outside	topo301	401.136250304	0.260478084613	598	false
T_chr16_outside	topo406	400.644807438	0.260158965869	600	false
T_chr16_outside	topo779	400.644807438	0.260158965869	600	false
T_chr16_outside	topo823	400.215536691	0.25988021863	602	false
T_chr16_outside	topo307	400.215536691	0.25988021863	602	false
T_chr16_outside	topo412	399.727274614	0.259563165334	604	false
T_chr16_outside	topo824	399.727274614	0.259563165334	604	false
T_chr16_outside	topo50	399.163980225	0.259197389756	606	false
T_chr16_outside	topo579	399.163980225	0.259197389756	606	false
T_chr16_outside	topo53	399.049389555	0.259122980231	608	false
T_chr16_outside	topo564	399.049389555	0.259122980231	608	false
T_chr16_outside	topo474	398.754834453	0.258931710684	610	false
T_chr16_outside	topo65	398.754834453	0.258931710684	610	false
T_chr16_outside	topo459	398.647531704	0.258862033574	612	false
T_chr16_outside	topo68	398.647531704	0.258862033574	612	false
T_chr16_outside	topo236	397.980410191	0.258428837786	614	false
T_chr16_outside	topo798	397.980410191	0.258428837786	614	false
T_chr16_outside	topo233	397.790684401	0.258305639221	616	false
T_chr16_outside	topo843	397.790684401	0.258305639221	616	false
T_chr16_outside	topo341	397.552261919	0.258150819428	618	false
T_chr16_outside	topo792	397.552261919	0.258150819428	618	false
T_chr16_outside	topo338	397.363462471	0.258028222384	620	false
T_chr16_outside	topo837	397.363462471	0.258028222384	620	false
T_chr16_outside	topo441	392.184866364	0.254665497639	622	false
T_chr16_outside	topo758	392.184866364	0.254665497639	622	false
T_chr16_outside	topo444	392.128934548	0.254629178278	624	false
T_chr16_outside	topo713	392.128934548	0.254629178278	624	false
T_chr16_outside	topo294	391.645099591	0.254314999734	626	false
T_chr16_outside	topo495	391.645099591	0.254314999734	626	false
T_chr16_outside	topo399	391.590825507	0.254279756823	628	false
T_chr16_outside	topo494	391.590825507	0.254279756823	628	false
T_chr16_outside	topo546	391.480391942	0.254208046716	630	false
T_chr16_outside	topo752	391.480391942	0.254208046716	630	false
T_chr16_outside	topo293	391.428860399	0.254174584675	632	false
T_chr16_outside	topo600	391.428860399	0.254174584675	632	false
T_chr16_outside	topo549	391.427640916	0.254173792802	634	false
T_chr16_outside	topo707	391.427640916	0.254173792802	634	false
T_chr16_outside	topo398	391.374586315	0.254139341763	636	false
T_chr16_outside	topo599	391.374586315	0.254139341763	636	false
T_chr16_outside	topo440	386.178905598	0.250765523116	638	false
T_chr16_outside	topo842	386.178905598	0.250765523116	638	false
T_chr16_outside	topo836	386.023609365	0.250664681406	640	false
T_chr16_outside	topo443	386.023609365	0.250664681406	640	false
T_chr16_outside	topo545	385.769759826	0.250499844043	642	false
T_chr16_outside	topo797	385.769759826	0.250499844043	642	false
T_chr16_outside	topo791	385.621751514	0.25040373475	644	false
T_chr16_outside	topo548	385.621751514	0.25040373475	644	false
T_chr16_outside	topo516	379.798744817	0.246622561569	646	false
T_chr16_outside	topo621	379.798744817	0.246622561569	646	false
T_chr16_outside	topo254	379.798744817	0.246622561569	646	false
T_chr16_outside	topo255	379.798744817	0.246622561569	646	false
T_chr16_outside	topo359	379.536145835	0.24645204275	650	false
T_chr16_outside	topo360	379.536145835	0.24645204275	650	false
T_chr16_outside	topo515	379.536145835	0.24645204275	650	false
T_chr16_outside	topo620	379.536145835	0.24645204275	650	false
T_chr16_outside	topo941	371.460360458	0.241208026271	654	false
T_chr16_outside	topo944	371.460360458	0.241208026271	654	false
T_chr16_outside	topo935	371.458525984	0.241206835055	656	false
T_chr16_outside	topo938	371.458525984	0.241206835055	656	false
T_chr16_outside	topo942	371.406086374	0.24117278336	658	false
T_chr16_outside	topo943	371.406086374	0.24117278336	658	false
T_chr16_outside	topo936	371.4042519	0.241171592143	660	false
T_chr16_outside	topo937	371.4042519	0.241171592143	660	false
T_chr16_outside	topo682	371.071699934	0.240955649308	662	false
T_chr16_outside	topo695	371.071699934	0.240955649308	662	false
T_chr16_outside	topo685	370.857750058	0.240816720817	664	false
T_chr16_outside	topo696	370.857750058	0.240816720817	664	false
T_chr16_outside	topo727	370.72260303	0.240728963006	666	false
T_chr16_outside	topo740	370.72260303	0.240728963006	666	false
T_chr16_outside	topo730	370.504074522	0.240587061378	668	false
T_chr16_outside	topo741	370.504074522	0.240587061378	668	false
T_chr16_outside	topo224	367.31934459	0.238519054929	670	false
T_chr16_outside	topo521	367.31934459	0.238519054929	670	false
T_chr16_outside	topo523	366.776063706	0.238166275134	672	false
T_chr16_outside	topo329	366.776063706	0.238166275134	672	false
T_chr16_outside	topo225	366.698066758	0.238115627765	674	false
T_chr16_outside	topo626	366.698066758	0.238115627765	674	false
T_chr16_outside	topo628	366.153859531	0.237762246449	676	false
T_chr16_outside	topo330	366.153859531	0.237762246449	676	false
T_chr16_outside	topo433	361.513455189	0.234748996876	678	false
T_chr16_outside	topo313	361.513455189	0.234748996876	678	false
T_chr16_outside	topo418	361.022012323	0.234429878132	680	false
T_chr16_outside	topo434	361.022012323	0.234429878132	680	false
T_chr16_outside	topo538	360.592741575	0.234151130893	682	false
T_chr16_outside	topo315	360.592741575	0.234151130893	682	false
T_chr16_outside	topo420	360.104479498	0.233834077596	684	false
T_chr16_outside	topo539	360.104479498	0.233834077596	684	false
T_chr16_outside	topo769	359.459921131	0.233415533202	686	false
T_chr16_outside	topo784	359.459921131	0.233415533202	686	false
T_chr16_outside	topo772	359.257919531	0.233284363332	688	false
T_chr16_outside	topo785	359.257919531	0.233284363332	688	false
T_chr16_outside	topo829	358.647099693	0.232887727073	690	false
T_chr16_outside	topo814	358.647099693	0.232887727073	690	false
T_chr16_outside	topo817	358.448733724	0.232758918002	692	false
T_chr16_outside	topo830	358.448733724	0.232758918002	692	false
T_chr16_outside	topo866	331.448904819	0.215226561571	694	false
T_chr16_outside	topo217	331.448904819	0.215226561571	694	false
T_chr16_outside	topo867	331.234954942	0.215087633079	696	false
T_chr16_outside	topo220	331.234954942	0.215087633079	696	false
T_chr16_outside	topo322	331.04553383	0.214964632357	698	false
T_chr16_outside	topo884	331.04553383	0.214964632357	698	false
T_chr16_outside	topo325	330.827005322	0.214822730729	700	false
T_chr16_outside	topo885	330.827005322	0.214822730729	700	false
T_chr16_outside	topo870	325.121286636	0.211117718595	702	false
T_chr16_outside	topo259	325.121286636	0.211117718595	702	false
T_chr16_outside	topo703	325.067012552	0.211082475683	704	false
T_chr16_outside	topo706	325.067012552	0.211082475683	704	false
T_chr16_outside	topo872	325.015228935	0.211048849958	706	false
T_chr16_outside	topo274	325.015228935	0.211048849958	706	false
T_chr16_outside	topo709	324.960954851	0.211013607046	708	false
T_chr16_outside	topo712	324.960954851	0.211013607046	708	false
T_chr16_outside	topo751	324.944941717	0.211003208907	710	false
T_chr16_outside	topo748	324.944941717	0.211003208907	710	false
T_chr16_outside	topo364	324.841820957	0.210936247375	712	false
T_chr16_outside	topo888	324.841820957	0.210936247375	712	false
T_chr16_outside	topo757	324.834760226	0.210931662484	714	false
T_chr16_outside	topo754	324.834760226	0.210931662484	714	false
T_chr16_outside	topo379	324.731639466	0.210864700952	716	false
T_chr16_outside	topo890	324.731639466	0.210864700952	716	false
T_chr16_outside	topo386	324.3990875	0.210648758117	718	false
T_chr16_outside	topo684	324.3990875	0.210648758117	718	false
T_chr16_outside	topo687	324.293484641	0.210580184832	720	false
T_chr16_outside	topo371	324.293484641	0.210580184832	720	false
T_chr16_outside	topo281	324.277471507	0.210569786693	722	false
T_chr16_outside	topo729	324.277471507	0.210569786693	722	false
T_chr16_outside	topo266	324.166835174	0.210497944918	724	false
T_chr16_outside	topo732	324.166835174	0.210497944918	724	false
T_chr16_outside	topo424	319.837126016	0.207686445465	726	false
T_chr16_outside	topo901	319.837126016	0.207686445465	726	false
T_chr16_outside	topo902	319.635124415	0.207555275594	728	false
T_chr16_outside	topo427	319.635124415	0.207555275594	728	false
T_chr16_outside	topo454	319.315397235	0.207347660542	730	false
T_chr16_outside	topo904	319.315397235	0.207347660542	730	false
T_chr16_outside	topo790	319.261123151	0.20731241763	732	false
T_chr16_outside	topo787	319.261123151	0.20731241763	732	false
T_chr16_outside	topo793	319.234309601	0.207295006234	734	false
T_chr16_outside	topo796	319.234309601	0.207295006234	734	false
T_chr16_outside	topo469	319.171894404	0.207254476886	736	false
T_chr16_outside	topo906	319.171894404	0.207254476886	736	false
T_chr16_outside	topo529	319.024304577	0.207158639336	738	false
T_chr16_outside	topo919	319.024304577	0.207158639336	738	false
T_chr16_outside	topo559	318.909903752	0.207084353086	740	false
T_chr16_outside	topo922	318.909903752	0.207084353086	740	false
T_chr16_outside	topo835	318.855629668	0.207049110174	742	false
T_chr16_outside	topo832	318.855629668	0.207049110174	742	false
T_chr16_outside	topo838	318.828799461	0.207031687961	744	false
T_chr16_outside	topo841	318.828799461	0.207031687961	744	false
T_chr16_outside	topo920	318.825938608	0.207029830265	746	false
T_chr16_outside	topo532	318.825938608	0.207029830265	746	false
T_chr16_outside	topo924	318.766384264	0.206991158613	748	false
T_chr16_outside	topo574	318.766384264	0.206991158613	748	false
T_chr16_outside	topo686	318.623558088	0.206898414343	750	false
T_chr16_outside	topo476	318.623558088	0.206898414343	750	false
T_chr16_outside	topo683	318.433832298	0.206775215778	752	false
T_chr16_outside	topo581	318.433832298	0.206775215778	752	false
T_chr16_outside	topo461	318.360945772	0.206727886865	754	false
T_chr16_outside	topo731	318.360945772	0.206727886865	754	false
T_chr16_outside	topo566	318.172146324	0.206605289821	756	false
T_chr16_outside	topo728	318.172146324	0.206605289821	756	false
T_chr16_outside	topo312	316.978157887	0.205829972654	758	false
T_chr16_outside	topo520	316.978157887	0.205829972654	758	false
T_chr16_outside	topo417	316.607628987	0.205589369472	760	false
T_chr16_outside	topo522	316.607628987	0.205589369472	760	false
T_chr16_outside	topo314	316.464772229	0.205496605344	762	false
T_chr16_outside	topo625	316.464772229	0.205496605344	762	false
T_chr16_outside	topo419	316.09377183	0.205255695993	764	false
T_chr16_outside	topo627	316.09377183	0.205255695993	764	false
T_chr16_outside	topo278	312.812788008	0.203125187018	766	false
T_chr16_outside	topo774	312.812788008	0.203125187018	766	false
T_chr16_outside	topo383	312.787308697	0.203108642011	768	false
T_chr16_outside	topo771	312.787308697	0.203108642011	768	false
T_chr16_outside	topo263	312.111494376	0.202669801543	770	false
T_chr16_outside	topo819	312.111494376	0.202669801543	770	false
T_chr16_outside	topo368	312.082834276	0.202651191088	772	false
T_chr16_outside	topo816	312.082834276	0.202651191088	772	false
T_chr16_outside	topo770	306.822053495	0.199235099672	774	false
T_chr16_outside	topo578	306.822053495	0.199235099672	774	false
T_chr16_outside	topo773	306.707462825	0.199160690146	776	false
T_chr16_outside	topo563	306.707462825	0.199160690146	776	false
T_chr16_outside	topo815	306.412907723	0.198969420599	778	false
T_chr16_outside	topo473	306.412907723	0.198969420599	778	false
T_chr16_outside	topo818	306.305604974	0.19889974349	780	false
T_chr16_outside	topo458	306.305604974	0.19889974349	780	false
T_chr16_outside	topo940	292.160496143	0.189714607885	782	false
T_chr16_outside	topo945	292.160496143	0.189714607885	782	false
T_chr16_outside	topo934	292.15866167	0.189713416669	784	false
T_chr16_outside	topo939	292.15866167	0.189713416669	784	false
T_chr16_outside	topo385	284.776292385	0.18491967038	786	false
T_chr16_outside	topo219	284.776292385	0.18491967038	786	false
T_chr16_outside	topo222	284.670689525	0.184851097094	788	false
T_chr16_outside	topo370	284.670689525	0.184851097094	788	false
T_chr16_outside	topo280	284.600402307	0.184805456044	790	false
T_chr16_outside	topo324	284.600402307	0.184805456044	790	false
T_chr16_outside	topo327	284.489765974	0.184733614269	792	false
T_chr16_outside	topo265	284.489765974	0.184733614269	792	false
T_chr16_outside	topo221	279.000762973	0.181169326606	794	false
T_chr16_outside	topo475	279.000762973	0.181169326606	794	false
T_chr16_outside	topo218	278.811037182	0.18104612804	796	false
T_chr16_outside	topo580	278.811037182	0.18104612804	796	false
T_chr16_outside	topo460	278.683876573	0.180963556216	798	false
T_chr16_outside	topo326	278.683876573	0.180963556216	798	false
T_chr16_outside	topo276	278.499810194	0.180844032593	800	false
T_chr16_outside	topo750	278.499810194	0.180844032593	800	false
T_chr16_outside	topo261	278.497520878	0.180842546025	802	false
T_chr16_outside	topo756	278.497520878	0.180842546025	802	false
T_chr16_outside	topo565	278.495077125	0.180840959172	804	false
T_chr16_outside	topo323	278.495077125	0.180840959172	804	false
T_chr16_outside	topo366	278.396689434	0.180777071061	806	false
T_chr16_outside	topo711	278.396689434	0.180777071061	806	false
T_chr16_outside	topo381	278.394400118	0.180775584492	808	false
T_chr16_outside	topo705	278.394400118	0.180775584492	808	false
T_chr16_outside	topo298	277.301088687	0.180065642005	810	false
T_chr16_outside	topo502	277.301088687	0.180065642005	810	false
T_chr16_outside	topo718	277.301088687	0.180065642005	810	false
T_chr16_outside	topo806	277.301088687	0.180065642005	810	false
T_chr16_outside	topo508	277.039107956	0.179895524647	814	false
T_chr16_outside	topo763	277.039107956	0.179895524647	814	false
T_chr16_outside	topo403	276.984833872	0.179860281735	816	false
T_chr16_outside	topo808	276.984833872	0.179860281735	816	false
T_chr16_outside	topo304	276.78770303	0.179732274695	818	false
T_chr16_outside	topo607	276.78770303	0.179732274695	818	false
T_chr16_outside	topo720	276.78770303	0.179732274695	818	false
T_chr16_outside	topo851	276.78770303	0.179732274695	818	false
T_chr16_outside	topo613	276.525250798	0.179561851168	822	false
T_chr16_outside	topo765	276.525250798	0.179561851168	822	false
T_chr16_outside	topo409	276.470976714	0.179526608256	824	false
T_chr16_outside	topo853	276.470976714	0.179526608256	824	false
T_chr16_outside	topo429	273.189992892	0.177396099281	826	false
T_chr16_outside	topo277	273.189992892	0.177396099281	826	false
T_chr16_outside	topo382	273.164513582	0.177379554274	828	false
T_chr16_outside	topo426	273.164513582	0.177379554274	828	false
T_chr16_outside	topo275	272.789178078	0.177135829921	830	false
T_chr16_outside	topo795	272.789178078	0.177135829921	830	false
T_chr16_outside	topo471	272.726762881	0.177095300572	832	false
T_chr16_outside	topo710	272.726762881	0.177095300572	832	false
T_chr16_outside	topo456	272.691631477	0.177072487972	834	false
T_chr16_outside	topo755	272.691631477	0.177072487972	834	false
T_chr16_outside	topo380	272.588510717	0.177005526439	836	false
T_chr16_outside	topo789	272.588510717	0.177005526439	836	false
T_chr16_outside	topo260	272.491560112	0.176942571502	838	false
T_chr16_outside	topo840	272.491560112	0.176942571502	838	false
T_chr16_outside	topo262	272.48869926	0.176940713805	840	false
T_chr16_outside	topo534	272.48869926	0.176940713805	840	false
T_chr16_outside	topo531	272.46003916	0.176922103351	842	false
T_chr16_outside	topo367	272.46003916	0.176922103351	842	false
T_chr16_outside	topo576	272.429144916	0.176902042153	844	false
T_chr16_outside	topo704	272.429144916	0.176902042153	844	false
T_chr16_outside	topo561	272.394485011	0.176879535722	846	false
T_chr16_outside	topo749	272.394485011	0.176879535722	846	false
T_chr16_outside	topo365	272.291364251	0.176812574189	848	false
T_chr16_outside	topo834	272.291364251	0.176812574189	848	false
T_chr16_outside	topo297	270.354392129	0.175554800083	850	false
T_chr16_outside	topo513	270.354392129	0.175554800083	850	false
T_chr16_outside	topo402	270.162497464	0.175430193159	852	false
T_chr16_outside	topo507	270.162497464	0.175430193159	852	false
T_chr16_outside	topo296	269.949353488	0.175291787979	854	false
T_chr16_outside	topo618	269.949353488	0.175291787979	854	false
T_chr16_outside	topo401	269.756532482	0.175166579534	856	false
T_chr16_outside	topo612	269.756532482	0.175166579534	856	false
T_chr16_outside	topo425	267.19925838	0.173506011935	858	false
T_chr16_outside	topo577	267.19925838	0.173506011935	858	false
T_chr16_outside	topo428	267.08466771	0.173431602409	860	false
T_chr16_outside	topo562	267.08466771	0.173431602409	860	false
T_chr16_outside	topo472	266.790112608	0.173240332862	862	false
T_chr16_outside	topo530	266.790112608	0.173240332862	862	false
T_chr16_outside	topo455	266.685670711	0.173172513449	864	false
T_chr16_outside	topo839	266.685670711	0.173172513449	864	false
T_chr16_outside	topo560	266.683852895	0.173171333049	866	false
T_chr16_outside	topo794	266.683852895	0.173171333049	866	false
T_chr16_outside	topo457	266.682809859	0.173170655753	868	false
T_chr16_outside	topo533	266.682809859	0.173170655753	868	false
T_chr16_outside	topo575	266.623255514	0.1731319841	870	false
T_chr16_outside	topo788	266.623255514	0.1731319841	870	false
T_chr16_outside	topo470	266.621437699	0.1731308037	872	false
T_chr16_outside	topo833	266.621437699	0.1731308037	872	false
T_chr16_outside	topo308	264.348431363	0.17165482556	874	false
T_chr16_outside	topo519	264.348431363	0.17165482556	874	false
T_chr16_outside	topo302	264.238721372	0.171583585307	876	false
T_chr16_outside	topo624	264.238721372	0.171583585307	876	false
T_chr16_outside	topo413	264.057172282	0.171465696287	878	false
T_chr16_outside	topo518	264.057172282	0.171465696287	878	false
T_chr16_outside	topo407	263.95064308	0.171396521481	880	false
T_chr16_outside	topo623	263.95064308	0.171396521481	880	false
T_chr16_outside	topo256	245.821422322	0.159624300209	882	false
T_chr16_outside	topo871	245.821422322	0.159624300209	882	false
T_chr16_outside	topo271	245.71536462	0.159555431572	884	false
T_chr16_outside	topo873	245.71536462	0.159555431572	884	false
T_chr16_outside	topo361	245.596230726	0.1594780719	886	false
T_chr16_outside	topo889	245.596230726	0.1594780719	886	false
T_chr16_outside	topo376	245.486049235	0.159406525478	888	false
T_chr16_outside	topo891	245.486049235	0.159406525478	888	false
T_chr16_outside	topo451	240.01553292	0.155854242156	890	false
T_chr16_outside	topo905	240.01553292	0.155854242156	890	false
T_chr16_outside	topo466	239.926304173	0.155796301411	892	false
T_chr16_outside	topo907	239.926304173	0.155796301411	892	false
T_chr16_outside	topo556	239.610039438	0.1555909347	894	false
T_chr16_outside	topo923	239.610039438	0.1555909347	894	false
T_chr16_outside	topo571	239.520794033	0.155532983138	896	false
T_chr16_outside	topo925	239.520794033	0.155532983138	896	false
T_chr16_outside	topo300	230.628476253	0.149758750814	898	false
T_chr16_outside	topo504	230.628476253	0.149758750814	898	false
T_chr16_outside	topo389	230.628476253	0.149758750814	898	false
T_chr16_outside	topo390	230.628476253	0.149758750814	898	false
T_chr16_outside	topo284	230.593976433	0.149736348333	902	false
T_chr16_outside	topo510	230.593976433	0.149736348333	902	false
T_chr16_outside	topo285	230.539702349	0.149701105421	904	false
T_chr16_outside	topo405	230.539702349	0.149701105421	904	false
T_chr16_outside	topo306	230.223437613	0.14949573871	906	false
T_chr16_outside	topo609	230.223437613	0.14949573871	906	false
T_chr16_outside	topo374	230.223437613	0.14949573871	906	false
T_chr16_outside	topo375	230.223437613	0.14949573871	906	false
T_chr16_outside	topo269	230.18801145	0.149472734708	910	false
T_chr16_outside	topo615	230.18801145	0.149472734708	910	false
T_chr16_outside	topo270	230.133737366	0.149437491796	912	false
T_chr16_outside	topo411	230.133737366	0.149437491796	912	false
T_chr16_outside	topo299	224.663221051	0.145885208475	914	false
T_chr16_outside	topo503	224.663221051	0.145885208475	914	false
T_chr16_outside	topo584	224.663221051	0.145885208475	914	false
T_chr16_outside	topo585	224.663221051	0.145885208475	914	false
T_chr16_outside	topo305	224.55351106	0.145813968221	918	false
T_chr16_outside	topo608	224.55351106	0.145813968221	918	false
T_chr16_outside	topo479	224.55351106	0.145813968221	918	false
T_chr16_outside	topo480	224.55351106	0.145813968221	918	false
T_chr16_outside	topo569	224.48865125	0.145771851461	922	false
T_chr16_outside	topo509	224.48865125	0.145771851461	922	false
T_chr16_outside	topo570	224.434377166	0.14573660855	924	false
T_chr16_outside	topo404	224.434377166	0.14573660855	924	false
T_chr16_outside	topo464	224.382122049	0.145702676655	926	false
T_chr16_outside	topo614	224.382122049	0.145702676655	926	false
T_chr16_outside	topo410	224.327847965	0.145667433743	928	false
T_chr16_outside	topo465	224.327847965	0.145667433743	928	false
T_chr16_outside	topo273	199.151099203	0.129318895586	930	false
T_chr16_outside	topo363	199.151099203	0.129318895586	930	false
T_chr16_outside	topo258	199.148809887	0.129317409018	932	false
T_chr16_outside	topo378	199.148809887	0.129317409018	932	false
T_chr16_outside	topo272	193.48117265	0.125637125098	934	false
T_chr16_outside	topo468	193.48117265	0.125637125098	934	false
T_chr16_outside	topo377	193.342920486	0.125547350965	936	false
T_chr16_outside	topo453	193.342920486	0.125547350965	936	false
T_chr16_outside	topo257	193.183554685	0.125443866679	938	false
T_chr16_outside	topo573	193.183554685	0.125443866679	938	false
T_chr16_outside	topo362	193.045774021	0.125354398715	940	false
T_chr16_outside	topo558	193.045774021	0.125354398715	940	false
T_chr16_outside	topo452	187.377665284	0.121673808626	942	false
T_chr16_outside	topo572	187.377665284	0.121673808626	942	false
T_chr16_outside	topo467	187.375847468	0.121672628226	944	false
T_chr16_outside	topo557	187.375847468	0.121672628226	944	false
T_supergene	topo116	1580.09961806	0.868186603328	1	true
T_supergene	topo119	1516.10902773	0.833026938312	2	false
T_supergene	topo111	1509.01586753	0.829129597542	3	false
T_supergene	topo117	1439.65421408	0.791018798945	4	false
T_supergene	topo115	1408.77673602	0.774053151661	5	false
T_supergene	topo641	1396.09961806	0.767087702229	6	false
T_supergene	topo11	1384.09961806	0.760494295636	7	false
T_supergene	topo109	1372.12348979	0.753914005378	8	false
T_supergene	topo110	1349.86678517	0.741685046798	9	false
T_supergene	topo644	1332.10902773	0.731928037213	10	false
T_supergene	topo636	1325.01586753	0.728030696443	11	false
T_supergene	topo14	1320.10902773	0.72533463062	12	false
T_supergene	topo118	1316.03240842	0.723094729902	13	false
T_supergene	topo6	1313.01586753	0.721437289849	14	false
T_supergene	topo114	1301.01540478	0.714843628999	15	false
T_supergene	topo112	1291.09977419	0.709395480323	16	false
T_supergene	topo107	1282.47900075	0.70465879162	17	false
T_supergene	topo167	1268.09961806	0.696758031899	18	false
T_supergene	topo200	1268.09961806	0.696758031899	18	false
T_supergene	topo108	1261.9687277	0.693389410822	20	false
T_supergene	topo642	1255.65421408	0.689919897846	21	false
T_supergene	topo106	1249.41228661	0.686490267369	22	false
T_supergene	topo12	1243.65421408	0.683326491253	23	false
T_supergene	topo113	1242.48809533	0.682685766666	24	false
T_supergene	topo120	1239.85856385	0.681240969149	25	false
T_supergene	topo640	1224.77673602	0.672954250562	26	false
T_supergene	topo10	1212.77673602	0.666360843969	27	false
T_supergene	topo138	1197.01586753	0.657701026113	28	false
T_supergene	topo189	1197.01586753	0.657701026113	28	false
T_supergene	topo634	1188.12348979	0.652815104279	30	false
T_supergene	topo4	1176.12348979	0.646221697686	31	false
T_supergene	topo635	1165.86678517	0.640586145699	32	false
T_supergene	topo5	1153.86678517	0.633992739106	33	false
T_supergene	topo643	1132.03240842	0.621995828803	34	false
T_supergene	topo168	1127.65421408	0.619590227517	35	false
T_supergene	topo201	1127.65421408	0.619590227517	35	false
T_supergene	topo13	1120.03240842	0.61540242221	37	false
T_supergene	topo639	1117.01540478	0.6137447279	38	false
T_supergene	topo637	1107.09977419	0.608296579224	39	false
T_supergene	topo9	1105.01540478	0.607151321307	40	false
T_supergene	topo207	1100.10902773	0.60445550974	41	false
T_supergene	topo208	1100.10902773	0.60445550974	41	false
T_supergene	topo632	1098.47900075	0.603559890521	43	false
T_supergene	topo166	1096.77673602	0.602624580233	44	false
T_supergene	topo199	1096.77673602	0.602624580233	44	false
T_supergene	topo7	1095.09977419	0.601703172631	46	false
T_supergene	topo2	1086.47900075	0.596966483927	47	false
T_supergene	topo602	1084.09961806	0.5956591308	48	false
T_supergene	topo665	1084.09961806	0.5956591308	48	false
T_supergene	topo633	1077.9687277	0.592290509723	50	false
T_supergene	topo62	1072.09961806	0.589065724207	51	false
T_supergene	topo95	1072.09961806	0.589065724207	51	false
T_supergene	topo542	1066.09961806	0.58576902091	53	false
T_supergene	topo3	1065.9687277	0.585697103129	54	false
T_supergene	topo631	1065.41228661	0.58539136627	55	false
T_supergene	topo911	1063.09961806	0.584120669262	56	false
T_supergene	topo136	1060.12348979	0.58248543395	57	false
T_supergene	topo187	1060.12348979	0.58248543395	57	false
T_supergene	topo638	1058.48809533	0.581586865567	59	false
T_supergene	topo645	1055.85856385	0.58014206805	60	false
T_supergene	topo1	1053.41228661	0.578797959676	61	false
T_supergene	topo8	1046.48809533	0.574993458974	62	false
T_supergene	topo15	1043.85856385	0.573548661456	63	false
T_supergene	topo172	1038.76942128	0.570752429275	64	false
T_supergene	topo137	1037.86678517	0.570256475369	65	false
T_supergene	topo188	1037.86678517	0.570256475369	65	false
T_supergene	topo179	1036.40503455	0.569453315685	67	false
T_supergene	topo203	1017.4392245	0.559032540936	68	false
T_supergene	topo393	1013.01586753	0.556602125014	69	false
T_supergene	topo654	1013.01586753	0.556602125014	69	false
T_supergene	topo150	1012.71045104	0.556434313756	71	false
T_supergene	topo33	1001.01586753	0.550008718421	72	false
T_supergene	topo84	1001.01586753	0.550008718421	72	false
T_supergene	topo333	995.015867526	0.546712015124	74	false
T_supergene	topo192	993.744640994	0.546013539008	75	false
T_supergene	topo876	992.015867526	0.545063663476	76	false
T_supergene	topo145	991.38025426	0.544714425418	77	false
T_supergene	topo153	989.015404778	0.543415057571	78	false
T_supergene	topo195	989.015404778	0.543415057571	78	false
T_supergene	topo151	979.099774188	0.537966908895	80	false
T_supergene	topo193	979.099774188	0.537966908895	80	false
T_supergene	topo827	974.099618057	0.535219570361	82	false
T_supergene	topo122	970.479000748	0.533230220191	83	false
T_supergene	topo182	970.479000748	0.533230220191	83	false
T_supergene	topo812	965.099618057	0.530274515416	85	false
T_supergene	topo123	949.968727696	0.521960839393	86	false
T_supergene	topo183	949.968727696	0.521960839393	86	false
T_supergene	topo603	943.65421408	0.518491326418	88	false
T_supergene	topo666	943.65421408	0.518491326418	88	false
T_supergene	topo121	937.412286611	0.51506169594	90	false
T_supergene	topo181	937.412286611	0.51506169594	90	false
T_supergene	topo63	931.65421408	0.511897919824	92	false
T_supergene	topo96	931.65421408	0.511897919824	92	false
T_supergene	topo152	930.488095332	0.511257195237	94	false
T_supergene	topo194	930.488095332	0.511257195237	94	false
T_supergene	topo543	925.65421408	0.508601216528	96	false
T_supergene	topo917	925.099618057	0.508296493438	97	false
T_supergene	topo912	922.65421408	0.506952864879	98	false
T_supergene	topo196	921.105943214	0.506102166601	99	false
T_supergene	topo527	919.099618057	0.504999790141	100	false
T_supergene	topo185	918.232352068	0.504523270367	101	false
T_supergene	topo672	916.109027728	0.503356608642	102	false
T_supergene	topo673	916.109027728	0.503356608642	102	false
T_supergene	topo601	912.776736023	0.501525679134	104	false
T_supergene	topo664	912.776736023	0.501525679134	104	false
T_supergene	topo102	904.109027728	0.496763202048	106	false
T_supergene	topo103	904.109027728	0.496763202048	106	false
T_supergene	topo738	903.015867526	0.496162564575	108	false
T_supergene	topo61	900.776736023	0.49493227254	109	false
T_supergene	topo94	900.776736023	0.49493227254	109	false
T_supergene	topo205	900.032408422	0.494523301331	111	false
T_supergene	topo206	900.032408422	0.494523301331	111	false
T_supergene	topo541	894.776736023	0.491635569244	113	false
T_supergene	topo723	894.015867526	0.49121750963	114	false
T_supergene	topo910	891.776736023	0.489987217595	115	false
T_supergene	topo175	878.446945527	0.482663156883	116	false
T_supergene	topo391	876.123489788	0.481386532851	117	false
T_supergene	topo652	876.123489788	0.481386532851	117	false
T_supergene	topo180	873.441277646	0.479912789916	119	false
T_supergene	topo31	864.123489788	0.474793126257	120	false
T_supergene	topo82	864.123489788	0.474793126257	120	false
T_supergene	topo173	859.766336767	0.472399086136	122	false
T_supergene	topo331	858.123489788	0.471496422961	123	false
T_supergene	topo174	856.89274562	0.470820189901	124	false
T_supergene	topo874	855.123489788	0.469848071312	125	false
T_supergene	topo668	854.76942128	0.469653528176	126	false
T_supergene	topo882	854.015867526	0.469239487652	127	false
T_supergene	topo392	853.866785172	0.46915757427	128	false
T_supergene	topo653	853.866785172	0.46915757427	128	false
T_supergene	topo396	852.405034547	0.468354414586	130	false
T_supergene	topo318	848.015867526	0.465942784355	131	false
T_supergene	topo154	846.102858701	0.464891680605	132	false
T_supergene	topo67	842.76942128	0.463060121583	133	false
T_supergene	topo32	841.866785172	0.462564167677	134	false
T_supergene	topo83	841.866785172	0.462564167677	134	false
T_supergene	topo74	840.405034547	0.461761007993	136	false
T_supergene	topo127	840.355676408	0.461733888136	137	false
T_supergene	topo178	839.840733247	0.461450952334	138	false
T_supergene	topo204	837.239676975	0.460021800535	139	false
T_supergene	topo547	836.76942128	0.459763418286	140	false
T_supergene	topo332	835.866785172	0.45926746438	141	false
T_supergene	topo554	834.405034547	0.458464304696	142	false
T_supergene	topo914	833.76942128	0.458115066638	143	false
T_supergene	topo828	833.65421408	0.458051765978	144	false
T_supergene	topo583	833.439224504	0.457933639837	145	false
T_supergene	topo139	833.426462666	0.457926627839	146	false
T_supergene	topo875	832.866785172	0.457619112732	147	false
T_supergene	topo169	832.470678632	0.457401471776	148	false
T_supergene	topo764	831.405034547	0.456815953048	149	false
T_supergene	topo605	828.710451036	0.455335412657	150	false
T_supergene	topo165	827.228341212	0.4545210666	151	false
T_supergene	topo813	824.65421408	0.453106711033	152	false
T_supergene	topo209	823.858563851	0.452669540577	153	false
T_supergene	topo210	823.858563851	0.452669540577	153	false
T_supergene	topo98	821.439224504	0.451340233244	155	false
T_supergene	topo45	816.710451036	0.448742006064	156	false
T_supergene	topo190	814.729435544	0.447653536013	157	false
T_supergene	topo146	812.377169747	0.446361082278	158	false
T_supergene	topo148	811.219755396	0.445725140327	159	false
T_supergene	topo345	810.710451036	0.445445302767	160	false
T_supergene	topo388	809.744640994	0.444914637909	161	false
T_supergene	topo147	809.5035786	0.444782186044	162	false
T_supergene	topo852	807.710451036	0.443796951119	163	false
T_supergene	topo657	807.38025426	0.443615524319	164	false
T_supergene	topo498	805.015404778	0.442316156472	165	false
T_supergene	topo660	805.015404778	0.442316156472	165	false
T_supergene	topo826	802.776736023	0.441086118694	167	false
T_supergene	topo935	800.109027728	0.439620344905	168	false
T_supergene	topo937	800.109027728	0.439620344905	168	false
T_supergene	topo87	797.744640994	0.438321231315	170	false
T_supergene	topo40	795.38025426	0.437022117725	171	false
T_supergene	topo496	795.099774188	0.436868007796	172	false
T_supergene	topo658	795.099774188	0.436868007796	172	false
T_supergene	topo936	794.109027728	0.436323641609	174	false
T_supergene	topo938	794.109027728	0.436323641609	174	false
T_supergene	topo149	794.073888559	0.436304334373	176	false
T_supergene	topo811	793.776736023	0.436141063749	177	false
T_supergene	topo142	793.197378065	0.435822735201	178	false
T_supergene	topo176	793.14397265	0.435793391566	179	false
T_supergene	topo48	793.015404778	0.435722749878	180	false
T_supergene	topo90	793.015404778	0.435722749878	180	false
T_supergene	topo198	791.026740541	0.43463007722	182	false
T_supergene	topo135	790.904730471	0.434563038721	183	false
T_supergene	topo340	789.38025426	0.433725414429	184	false
T_supergene	topo438	787.015404778	0.432426046582	185	false
T_supergene	topo287	786.479000748	0.432131319092	186	false
T_supergene	topo647	786.479000748	0.432131319092	186	false
T_supergene	topo879	786.38025426	0.43207706278	188	false
T_supergene	topo160	786.02107266	0.431879710253	189	false
T_supergene	topo918	784.65421408	0.431128689055	190	false
T_supergene	topo894	784.015404778	0.430777694933	191	false
T_supergene	topo46	783.099774188	0.430274601202	192	false
T_supergene	topo88	783.099774188	0.430274601202	192	false
T_supergene	topo528	778.65421408	0.427831985758	194	false
T_supergene	topo436	777.099774188	0.426977897906	195	false
T_supergene	topo202	776.164621242	0.426464077605	196	false
T_supergene	topo17	774.479000748	0.425537912499	197	false
T_supergene	topo77	774.479000748	0.425537912499	197	false
T_supergene	topo892	774.099774188	0.425329546257	199	false
T_supergene	topo184	773.825701151	0.425178956677	200	false
T_supergene	topo140	770.633731219	0.423425127043	201	false
T_supergene	topo133	770.316021003	0.423250560991	202	false
T_supergene	topo227	768.479000748	0.422241209202	203	false
T_supergene	topo163	768.226183041	0.422102298374	204	false
T_supergene	topo736	766.123489788	0.420946972411	205	false
T_supergene	topo288	765.968727696	0.420861938294	206	false
T_supergene	topo648	765.968727696	0.420861938294	206	false
T_supergene	topo857	765.479000748	0.420592857554	208	false
T_supergene	topo134	765.352591894	0.42052340214	209	false
T_supergene	topo171	765.14008574	0.420406640516	210	false
T_supergene	topo155	763.433055478	0.419468711801	211	false
T_supergene	topo164	758.280991946	0.416637907662	212	false
T_supergene	topo128	757.685873184	0.416310919332	213	false
T_supergene	topo721	757.123489788	0.416001917466	214	false
T_supergene	topo191	756.527970958	0.415674709318	215	false
T_supergene	topo18	753.968727696	0.414268531701	216	false
T_supergene	topo78	753.968727696	0.414268531701	216	false
T_supergene	topo916	753.776736023	0.414163041771	218	false
T_supergene	topo286	753.412286611	0.413962794841	219	false
T_supergene	topo646	753.412286611	0.413962794841	219	false
T_supergene	topo177	752.240238257	0.413318812229	221	false
T_supergene	topo124	751.618993881	0.412977469166	222	false
T_supergene	topo228	747.968727696	0.410971828404	223	false
T_supergene	topo526	747.776736023	0.410866338474	224	false
T_supergene	topo497	746.488095332	0.410158294139	225	false
T_supergene	topo659	746.488095332	0.410158294139	225	false
T_supergene	topo143	745.503435456	0.409617272229	227	false
T_supergene	topo858	744.968727696	0.409323476756	228	false
T_supergene	topo830	744.76942128	0.409213967736	229	false
T_supergene	topo737	743.866785172	0.408718013831	230	false
T_supergene	topo412	742.405034547	0.407914854146	231	false
T_supergene	topo16	741.412286611	0.407369388248	232	false
T_supergene	topo76	741.412286611	0.407369388248	232	false
T_supergene	topo156	739.738471967	0.406449709872	234	false
T_supergene	topo463	737.105943214	0.405003265502	235	false
T_supergene	topo817	735.76942128	0.404268912791	236	false
T_supergene	topo226	735.412286611	0.404072684951	237	false
T_supergene	topo722	734.866785172	0.403772958886	238	false
T_supergene	topo130	734.598673081	0.40362564455	239	false
T_supergene	topo47	734.488095332	0.403564887545	240	false
T_supergene	topo89	734.488095332	0.403564887545	240	false
T_supergene	topo268	734.232352068	0.403424369268	242	false
T_supergene	topo129	733.991289674	0.403291917403	243	false
T_supergene	topo824	733.405034547	0.402969799201	244	false
T_supergene	topo856	732.412286611	0.402424333303	245	false
T_supergene	topo170	729.347189126	0.400740213806	246	false
T_supergene	topo437	728.488095332	0.400268184248	247	false
T_supergene	topo186	727.228618466	0.399576163992	248	false
T_supergene	topo893	725.488095332	0.3986198326	249	false
T_supergene	topo91	725.105943214	0.398409858909	250	false
T_supergene	topo141	724.420794785	0.398033403728	251	false
T_supergene	topo80	722.232352068	0.396830962675	252	false
T_supergene	topo157	721.611584838	0.396489881779	253	false
T_supergene	topo197	720.735074345	0.396008282607	254	false
T_supergene	topo616	718.710451036	0.394895852218	255	false
T_supergene	topo574	717.439224504	0.394197376101	256	false
T_supergene	topo841	717.439224504	0.394197376101	256	false
T_supergene	topo880	717.123489788	0.394023895488	258	false
T_supergene	topo670	716.032408422	0.393424400232	259	false
T_supergene	topo671	716.032408422	0.393424400232	259	false
T_supergene	topo838	711.439224504	0.390900672804	261	false
T_supergene	topo924	711.439224504	0.390900672804	261	false
T_supergene	topo316	711.123489788	0.390727192191	263	false
T_supergene	topo735	709.710451036	0.389950797273	264	false
T_supergene	topo100	704.032408422	0.386830993638	265	false
T_supergene	topo101	704.032408422	0.386830993638	265	false
T_supergene	topo934	702.109027728	0.385774191059	267	false
T_supergene	topo939	702.109027728	0.385774191059	267	false
T_supergene	topo161	700.718099782	0.385009944935	269	false
T_supergene	topo741	697.38025426	0.383175963879	270	false
T_supergene	topo144	696.56743268	0.382729358615	271	false
T_supergene	topo920	695.76942128	0.382290890813	272	false
T_supergene	topo783	695.015404778	0.381876596032	273	false
T_supergene	topo881	694.866785172	0.381794936908	274	false
T_supergene	topo669	694.446945527	0.381564255784	275	false
T_supergene	topo379	693.744640994	0.381178374172	276	false
T_supergene	topo757	693.744640994	0.381178374172	276	false
T_supergene	topo420	693.405034547	0.380991777223	278	false
T_supergene	topo532	689.76942128	0.378994187517	279	false
T_supergene	topo501	689.441277646	0.378813888817	280	false
T_supergene	topo317	688.866785172	0.378498233611	281	false
T_supergene	topo125	688.826262434	0.37847596837	282	false
T_supergene	topo730	688.38025426	0.378230908934	283	false
T_supergene	topo754	687.744640994	0.377881670876	284	false
T_supergene	topo890	687.744640994	0.377881670876	284	false
T_supergene	topo539	687.405034547	0.377695073927	286	false
T_supergene	topo768	686.015404778	0.376931541087	287	false
T_supergene	topo781	685.099774188	0.376428447356	288	false
T_supergene	topo70	682.446945527	0.374970849191	289	false
T_supergene	topo75	677.441277646	0.372220482223	290	false
T_supergene	topo692	676.479000748	0.371691758653	291	false
T_supergene	topo550	676.446945527	0.371674145894	292	false
T_supergene	topo766	676.099774188	0.371483392411	293	false
T_supergene	topo459	675.766336767	0.371300185037	294	false
T_supergene	topo158	673.917642229	0.370284418807	295	false
T_supergene	topo915	673.446945527	0.370025794246	296	false
T_supergene	topo264	672.89274562	0.369721288802	297	false
T_supergene	topo555	671.441277646	0.368923778927	298	false
T_supergene	topo628	669.710451036	0.367972775295	299	false
T_supergene	topo809	668.441277646	0.367275427278	300	false
T_supergene	topo677	667.479000748	0.366746703707	301	false
T_supergene	topo132	667.268080188	0.36663081329	302	false
T_supergene	topo68	663.766336767	0.364706778444	303	false
T_supergene	topo330	663.710451036	0.364676071998	304	false
T_supergene	topo661	662.102858701	0.363792779506	305	false
T_supergene	topo69	660.89274562	0.363127882209	306	false
T_supergene	topo419	660.07483777	0.362678482291	307	false
T_supergene	topo627	660.07483777	0.362678482291	307	false
T_supergene	topo162	659.814365389	0.362535365599	309	false
T_supergene	topo548	657.766336767	0.361410075147	310	false
T_supergene	topo650	656.355676408	0.360634987037	311	false
T_supergene	topo693	655.968727696	0.360422377855	312	false
T_supergene	topo291	655.840733247	0.360352051235	313	false
T_supergene	topo549	654.89274562	0.359831178912	314	false
T_supergene	topo791	654.766336767	0.359761723499	315	false
T_supergene	topo598	653.239676975	0.358922899437	316	false
T_supergene	topo707	651.89274562	0.358182827264	317	false
T_supergene	topo49	650.102858701	0.357199372913	318	false
T_supergene	topo655	649.426462666	0.35682772674	319	false
T_supergene	topo667	648.470678632	0.356302570677	320	false
T_supergene	topo885	648.38025426	0.356252886956	321	false
T_supergene	topo678	646.968727696	0.35547732291	322	false
T_supergene	topo900	646.015404778	0.354953519109	323	false
T_supergene	topo22	644.355676408	0.354041580444	324	false
T_supergene	topo439	644.102858701	0.353902669616	325	false
T_supergene	topo73	643.840733247	0.353758644641	326	false
T_supergene	topo691	643.412286611	0.353523234402	327	false
T_supergene	topo606	643.228341212	0.353422165501	328	false
T_supergene	topo126	642.613326	0.353084245055	329	false
T_supergene	topo325	642.38025426	0.352956183659	330	false
T_supergene	topo99	641.239676975	0.352329492843	331	false
T_supergene	topo895	641.102858701	0.352254317968	332	false
T_supergene	topo423	640.015404778	0.351656815812	333	false
T_supergene	topo674	639.858563851	0.351570639478	334	false
T_supergene	topo675	639.858563851	0.351570639478	334	false
T_supergene	topo232	638.355676408	0.350744877147	336	false
T_supergene	topo553	637.840733247	0.350461941345	337	false
T_supergene	topo34	637.426462666	0.350234320146	338	false
T_supergene	topo782	636.488095332	0.349718733699	339	false
T_supergene	topo64	636.470678632	0.349709164084	340	false
T_supergene	topo898	636.099774188	0.349505370433	341	false
T_supergene	topo860	635.355676408	0.349096525499	342	false
T_supergene	topo719	634.840733247	0.348813589696	343	false
T_supergene	topo676	634.412286611	0.348578179457	344	false
T_supergene	topo131	631.475183574	0.346964386579	345	false
T_supergene	topo334	631.426462666	0.34693761685	346	false
T_supergene	topo60	631.228341212	0.346828758908	347	false
T_supergene	topo358	630.729435544	0.346554634914	348	false
T_supergene	topo544	630.470678632	0.346412460787	349	false
T_supergene	topo421	630.099774188	0.346208667136	350	false
T_supergene	topo877	628.426462666	0.345289265201	351	false
T_supergene	topo462	628.377169747	0.34526218118	352	false
T_supergene	topo104	627.858563851	0.344977232885	353	false
T_supergene	topo105	627.858563851	0.344977232885	353	false
T_supergene	topo767	627.488095332	0.344773678754	355	false
T_supergene	topo863	627.479000748	0.344768681729	356	false
T_supergene	topo913	627.470678632	0.344764109139	357	false
T_supergene	topo289	627.219755396	0.344626239229	358	false
T_supergene	topo267	625.5035786	0.343683284945	359	false
T_supergene	topo450	625.228341212	0.343532055611	360	false
T_supergene	topo159	624.981639453	0.343396505194	361	false
T_supergene	topo854	622.228341212	0.341883703963	362	false
T_supergene	topo212	621.479000748	0.341471978433	363	false
T_supergene	topo454	621.105943214	0.341267001766	364	false
T_supergene	topo790	621.105943214	0.341267001766	364	false
T_supergene	topo571	619.439224504	0.340351222255	366	false
T_supergene	topo925	619.439224504	0.340351222255	366	false
T_supergene	topo85	618.729435544	0.339961228321	368	false
T_supergene	topo259	618.232352068	0.339688105532	369	false
T_supergene	topo706	618.232352068	0.339688105532	369	false
T_supergene	topo41	616.377169747	0.338668774586	371	false
T_supergene	topo43	615.219755396	0.338032832635	372	false
T_supergene	topo787	615.105943214	0.337970298469	373	false
T_supergene	topo904	615.105943214	0.337970298469	373	false
T_supergene	topo765	614.07483777	0.337403757017	375	false
T_supergene	topo853	614.07483777	0.337403757017	375	false
T_supergene	topo42	613.5035786	0.337089878352	377	false
T_supergene	topo703	612.232352068	0.336391402235	378	false
T_supergene	topo870	612.232352068	0.336391402235	378	false
T_supergene	topo409	611.07483777	0.335755405368	380	false
T_supergene	topo613	611.07483777	0.335755405368	380	false
T_supergene	topo341	610.377169747	0.335372071289	382	false
T_supergene	topo500	610.073888559	0.335205433274	383	false
T_supergene	topo343	609.219755396	0.334736129338	384	false
T_supergene	topo656	609.197378065	0.334723834102	385	false
T_supergene	topo354	609.14397265	0.334694490467	386	false
T_supergene	topo342	607.5035786	0.333793175055	387	false
T_supergene	topo792	607.377169747	0.333723719641	388	false
T_supergene	topo493	607.026740541	0.333531176121	389	false
T_supergene	topo864	606.968727696	0.333499300932	390	false
T_supergene	topo604	606.904730471	0.333464137622	391	false
T_supergene	topo715	606.219755396	0.33308777769	392	false
T_supergene	topo708	604.5035786	0.332144823407	393	false
T_supergene	topo663	602.02107266	0.330780809154	394	false
T_supergene	topo213	600.968727696	0.330202597635	395	false
T_supergene	topo929	600.032408422	0.329688136495	396	false
T_supergene	topo931	600.032408422	0.329688136495	396	false
T_supergene	topo44	598.073888559	0.328612026681	398	false
T_supergene	topo37	597.197378065	0.328130427508	399	false
T_supergene	topo71	597.14397265	0.328101083873	400	false
T_supergene	topo376	595.744640994	0.327332220326	401	false
T_supergene	topo891	595.744640994	0.327332220326	401	false
T_supergene	topo93	595.026740541	0.326937769528	403	false
T_supergene	topo30	594.904730471	0.326870731028	404	false
T_supergene	topo862	594.412286611	0.326600157479	405	false
T_supergene	topo930	594.032408422	0.326391433199	406	false
T_supergene	topo932	594.032408422	0.326391433199	406	false
T_supergene	topo568	592.164621242	0.325365176506	408	false
T_supergene	topo344	592.073888559	0.325315323384	409	false
T_supergene	topo337	591.197378065	0.324833724212	410	false
T_supergene	topo551	591.14397265	0.324804380577	411	false
T_supergene	topo55	590.02107266	0.32418740256	412	false
T_supergene	topo253	589.825701151	0.324080055578	413	false
T_supergene	topo807	589.073888559	0.323666971736	414	false
T_supergene	topo240	588.904730471	0.323574027732	415	false
T_supergene	topo211	588.412286611	0.323303454182	416	false
T_supergene	topo878	588.197378065	0.323185372563	417	false
T_supergene	topo746	588.14397265	0.323156028928	418	false
T_supergene	topo899	587.488095332	0.322795656776	419	false
T_supergene	topo594	586.633731219	0.322326225945	420	false
T_supergene	topo394	586.316021003	0.322151659892	421	false
T_supergene	topo850	585.904730471	0.321925676083	422	false
T_supergene	topo831	584.446945527	0.321124695345	423	false
T_supergene	topo290	584.226183041	0.321003397275	424	false
T_supergene	topo445	584.02107266	0.320890699263	425	false
T_supergene	topo422	581.488095332	0.319498953479	426	false
T_supergene	topo499	581.352591894	0.319424501041	427	false
T_supergene	topo369	581.14008574	0.319307739417	428	false
T_supergene	topo897	581.02107266	0.319242347615	429	false
T_supergene	topo97	580.164621242	0.318771769913	430	false
T_supergene	topo517	579.441277646	0.318374328377	431	false
T_supergene	topo579	579.433055478	0.318369810702	432	false
T_supergene	topo79	577.825701151	0.317486648984	433	false
T_supergene	topo820	575.446945527	0.3161796404	434	false
T_supergene	topo35	574.633731219	0.315732819351	435	false
T_supergene	topo28	574.316021003	0.315558253299	436	false
T_supergene	topo395	574.280991946	0.315539006563	437	false
T_supergene	topo582	573.685873184	0.315212018233	438	false
T_supergene	topo373	572.527970958	0.314575808219	439	false
T_supergene	topo58	572.226183041	0.314409990682	440	false
T_supergene	topo825	570.441277646	0.313429273432	441	false
T_supergene	topo29	569.352591894	0.312831094448	442	false
T_supergene	topo66	569.14008574	0.312714332824	443	false
T_supergene	topo335	568.633731219	0.312436116054	444	false
T_supergene	topo238	568.316021003	0.312261550002	445	false
T_supergene	topo249	568.240238257	0.31221991113	446	false
T_supergene	topo649	567.618993881	0.311878568067	447	false
T_supergene	topo50	567.433055478	0.311776404109	448	false
T_supergene	topo448	566.226183041	0.311113287385	449	false
T_supergene	topo458	565.766336767	0.310860624597	450	false
T_supergene	topo848	565.633731219	0.310787764406	451	false
T_supergene	topo760	565.316021003	0.310613198354	452	false
T_supergene	topo239	563.352591894	0.309534391151	453	false
T_supergene	topo717	563.226183041	0.309464935737	454	false
T_supergene	topo546	563.14008574	0.309417629527	455	false
T_supergene	topo263	562.89274562	0.309281728363	456	false
T_supergene	topo59	562.280991946	0.30894559997	457	false
T_supergene	topo23	561.685873184	0.30861861164	458	false
T_supergene	topo567	561.503435456	0.30851837113	459	false
T_supergene	topo440	561.433055478	0.308479700812	460	false
T_supergene	topo86	560.527970958	0.307982401625	461	false
T_supergene	topo805	560.352591894	0.307886039502	462	false
T_supergene	topo752	560.14008574	0.307769277879	463	false
T_supergene	topo842	558.433055478	0.306831349164	464	false
T_supergene	topo818	556.766336767	0.305915569652	465	false
T_supergene	topo449	556.280991946	0.305648896673	466	false
T_supergene	topo72	556.240238257	0.305626504537	467	false
T_supergene	topo384	555.738471967	0.305350808773	468	false
T_supergene	topo233	555.685873184	0.305321908343	469	false
T_supergene	topo19	555.618993881	0.305285161473	470	false
T_supergene	topo819	553.89274562	0.304336673418	471	false
T_supergene	topo762	553.280991946	0.304000545025	472	false
T_supergene	topo843	552.685873184	0.303673556695	473	false
T_supergene	topo784	552.102858701	0.303353219067	474	false
T_supergene	topo651	550.598673081	0.302526743451	475	false
T_supergene	topo552	550.240238257	0.30232980124	476	false
T_supergene	topo387	549.991289674	0.302193016304	477	false
T_supergene	topo229	549.618993881	0.301988458176	478	false
T_supergene	topo38	549.503435456	0.301924964536	479	false
T_supergene	topo701	547.240238257	0.300681449592	480	false
T_supergene	topo859	546.618993881	0.300340106528	481	false
T_supergene	topo695	546.355676408	0.300195426598	482	false
T_supergene	topo307	545.840733247	0.299912490795	483	false
T_supergene	topo474	545.347189126	0.299641312707	484	false
T_supergene	topo51	543.738471967	0.29875740218	485	false
T_supergene	topo338	543.503435456	0.29862826124	486	false
T_supergene	topo283	543.228618466	0.298477262893	487	false
T_supergene	topo769	543.102858701	0.298408164122	488	false
T_supergene	topo837	540.503435456	0.296979909591	489	false
T_supergene	topo489	540.420794785	0.296934502629	490	false
T_supergene	topo739	539.426462666	0.2963881663	491	false
T_supergene	topo25	538.598673081	0.295933336857	492	false
T_supergene	topo829	538.470678632	0.295863010238	493	false
T_supergene	topo455	538.436139991	0.295844032962	494	false
T_supergene	topo575	538.436139991	0.295844032962	494	false
T_supergene	topo24	537.991289674	0.295599609711	496	false
T_supergene	topo441	537.738471967	0.295460698883	497	false
T_supergene	topo662	537.611584838	0.29539098068	498	false
T_supergene	topo682	537.355676408	0.295250371653	499	false
T_supergene	topo589	537.239676975	0.2951866357	500	false
T_supergene	topo847	537.239676975	0.2951866357	500	false
T_supergene	topo823	536.840733247	0.29496743585	502	false
T_supergene	topo478	536.735074345	0.294909381508	503	false
T_supergene	topo260	535.562548844	0.294265136727	504	false
T_supergene	topo576	535.562548844	0.294265136727	504	false
T_supergene	topo921	535.446945527	0.294201618422	506	false
T_supergene	topo758	534.738471967	0.293812347235	507	false
T_supergene	topo65	533.347189126	0.293047906113	508	false
T_supergene	topo622	533.228341212	0.292982605062	509	false
T_supergene	topo235	532.598673081	0.292636633561	510	false
T_supergene	topo788	532.436139991	0.292547329665	511	false
T_supergene	topo839	532.436139991	0.292547329665	511	false
T_supergene	topo234	531.991289674	0.292302906414	513	false
T_supergene	topo844	531.239676975	0.291889932404	514	false
T_supergene	topo926	531.239676975	0.291889932404	514	false
T_supergene	topo81	531.228618466	0.2918838563	516	false
T_supergene	topo525	530.441277646	0.291451251454	517	false
T_supergene	topo724	530.426462666	0.291443111355	518	false
T_supergene	topo861	529.598673081	0.290988281912	519	false
T_supergene	topo704	529.562548844	0.290968433431	520	false
T_supergene	topo840	529.562548844	0.290968433431	520	false
T_supergene	topo814	529.470678632	0.290917955293	522	false
T_supergene	topo535	529.446945527	0.290904915125	523	false
T_supergene	topo759	528.991289674	0.290654554766	524	false
T_supergene	topo36	528.420794785	0.290341096036	525	false
T_supergene	topo545	527.347189126	0.289751202817	526	false
T_supergene	topo52	525.611584838	0.288797574087	527	false
T_supergene	topo92	524.735074345	0.288315974915	528	false
T_supergene	topo540	524.441277646	0.288154548157	529	false
T_supergene	topo797	524.347189126	0.288102851168	530	false
T_supergene	topo780	524.228341212	0.288037550117	531	false
T_supergene	topo941	523.858563851	0.287834375742	532	false
T_supergene	topo943	523.858563851	0.287834375742	532	false
T_supergene	topo451	523.105943214	0.28742084792	534	false
T_supergene	topo905	523.105943214	0.28742084792	534	false
T_supergene	topo336	522.420794785	0.287044392739	536	false
T_supergene	topo256	520.232352068	0.285841951685	537	false
T_supergene	topo871	520.232352068	0.285841951685	537	false
T_supergene	topo442	519.611584838	0.28550087079	539	false
T_supergene	topo803	519.420794785	0.285396041091	540	false
T_supergene	topo461	518.377169747	0.28482262074	541	false
T_supergene	topo942	517.858563851	0.284537672445	542	false
T_supergene	topo944	517.858563851	0.284537672445	542	false
T_supergene	topo295	517.219755396	0.284186678789	544	false
T_supergene	topo457	516.766336767	0.283937547674	545	false
T_supergene	topo357	516.718099782	0.283911043836	546	false
T_supergene	topo896	516.611584838	0.283852519142	547	false
T_supergene	topo266	515.5035786	0.283243724505	548	false
T_supergene	topo380	514.741556481	0.282825031033	549	false
T_supergene	topo456	514.741556481	0.282825031033	549	false
T_supergene	topo349	514.729435544	0.282818371178	551	false
T_supergene	topo745	514.729435544	0.282818371178	551	false
T_supergene	topo262	513.89274562	0.28235865144	553	false
T_supergene	topo282	512.56743268	0.281630457516	554	false
T_supergene	topo261	511.867965334	0.281246134799	555	false
T_supergene	topo381	511.867965334	0.281246134799	555	false
T_supergene	topo533	510.766336767	0.280640844378	557	false
T_supergene	topo731	509.377169747	0.279877565795	558	false
T_supergene	topo755	508.741556481	0.279528327737	559	false
T_supergene	topo789	508.741556481	0.279528327737	559	false
T_supergene	topo742	508.729435544	0.279521667881	561	false
T_supergene	topo886	508.729435544	0.279521667881	561	false
T_supergene	topo733	508.219755396	0.279241623844	563	false
T_supergene	topo534	507.89274562	0.279061948143	564	false
T_supergene	topo732	506.5035786	0.27829866956	565	false
T_supergene	topo705	505.867965334	0.277949431502	566	false
T_supergene	topo756	505.867965334	0.277949431502	566	false
T_supergene	topo597	504.826262434	0.277377067271	568	false
T_supergene	topo56	504.718099782	0.277317637243	569	false
T_supergene	topo901	503.102858701	0.276430142144	570	false
T_supergene	topo928	502.032408422	0.275841982649	571	false
T_supergene	topo933	502.032408422	0.275841982649	571	false
T_supergene	topo39	500.56743268	0.275037050923	573	false
T_supergene	topo511	500.073888559	0.274765872835	574	false
T_supergene	topo740	499.197378065	0.274284273662	575	false
T_supergene	topo353	499.14397265	0.274254930027	576	false
T_supergene	topo446	498.718099782	0.274020933946	577	false
T_supergene	topo866	497.355676408	0.273272349675	578	false
T_supergene	topo424	497.102858701	0.273133438847	579	false
T_supergene	topo610	496.904730471	0.273024577182	580	false
T_supergene	topo315	496.840733247	0.272989413872	581	false
T_supergene	topo747	495.718099782	0.272372582298	582	false
T_supergene	topo339	494.56743268	0.271740347626	583	false
T_supergene	topo20	492.826262434	0.270783660678	584	false
T_supergene	topo786	492.02107266	0.270341248714	585	false
T_supergene	topo714	491.56743268	0.270091995978	586	false
T_supergene	topo217	491.355676408	0.269975646378	587	false
T_supergene	topo734	491.073888559	0.269820817889	588	false
T_supergene	topo484	491.026740541	0.269794912385	589	false
T_supergene	topo802	491.026740541	0.269794912385	589	false
T_supergene	topo538	490.840733247	0.269692710575	591	false
T_supergene	topo883	490.426462666	0.269465089377	592	false
T_supergene	topo727	490.197378065	0.269339218717	593	false
T_supergene	topo821	490.14397265	0.269309875082	594	false
T_supergene	topo564	489.917642229	0.269185517708	595	false
T_supergene	topo919	489.470678632	0.268939933315	596	false
T_supergene	topo312	488.229267554	0.268257839316	597	false
T_supergene	topo520	488.229267554	0.268257839316	597	false
T_supergene	topo690	487.904730471	0.268079522237	599	false
T_supergene	topo230	486.826262434	0.267486957381	600	false
T_supergene	topo799	485.026740541	0.266498209088	601	false
T_supergene	topo908	485.026740541	0.266498209088	601	false
T_supergene	topo319	484.426462666	0.26616838608	603	false
T_supergene	topo630	484.228341212	0.266059528139	604	false
T_supergene	topo849	483.826262434	0.265838605733	605	false
T_supergene	topo529	483.470678632	0.265643230018	606	false
T_supergene	topo372	483.268080188	0.265531912191	607	false
T_supergene	topo775	483.02107266	0.265396193769	608	false
T_supergene	topo407	481.071753257	0.264325139152	609	false
T_supergene	topo623	481.071753257	0.264325139152	609	false
T_supergene	topo435	478.228341212	0.262762824842	611	false
T_supergene	topo401	478.19816211	0.262746242918	612	false
T_supergene	topo612	478.19816211	0.262746242918	612	false
T_supergene	topo53	477.917642229	0.262592111115	614	false
T_supergene	topo524	477.234009093	0.262216488513	615	false
T_supergene	topo629	477.234009093	0.262216488513	615	false
T_supergene	topo593	476.633731219	0.261886665505	617	false
T_supergene	topo400	476.316021003	0.261712099452	618	false
T_supergene	topo559	476.164621242	0.26162891277	619	false
T_supergene	topo835	476.164621242	0.26162891277	619	false
T_supergene	topo252	475.814365389	0.2614364645	621	false
T_supergene	topo301	474.226183041	0.260563836836	622	false
T_supergene	topo244	473.825701151	0.260343791841	623	false
T_supergene	topo700	473.825701151	0.260343791841	623	false
T_supergene	topo443	471.917642229	0.259295407818	625	false
T_supergene	topo505	471.352591894	0.258984940601	626	false
T_supergene	topo27	471.268080188	0.258938505598	627	false
T_supergene	topo368	471.14008574	0.258868178978	628	false
T_supergene	topo832	470.164621242	0.258332209473	629	false
T_supergene	topo922	470.164621242	0.258332209473	629	false
T_supergene	topo578	469.433055478	0.257930250263	631	false
T_supergene	topo460	469.377169747	0.257899543817	632	false
T_supergene	topo836	468.917642229	0.25764705617	633	false
T_supergene	topo311	468.219755396	0.257263601866	634	false
T_supergene	topo697	467.825701151	0.257047088545	635	false
T_supergene	topo868	467.825701151	0.257047088545	635	false
T_supergene	topo725	467.633731219	0.25694161056	637	false
T_supergene	topo688	467.316021003	0.256767044507	638	false
T_supergene	topo265	466.5035786	0.256320647582	639	false
T_supergene	topo237	465.268080188	0.255641802301	640	false
T_supergene	topo778	465.226183041	0.255618781891	641	false
T_supergene	topo406	464.280991946	0.255099446124	642	false
T_supergene	topo57	463.814365389	0.254843057906	643	false
T_supergene	topo581	463.685873184	0.254772457793	644	false
T_supergene	topo326	463.377169747	0.25460284052	645	false
T_supergene	topo689	462.352591894	0.254039885656	646	false
T_supergene	topo753	462.268080188	0.253993450653	647	false
T_supergene	topo328	462.219755396	0.253966898569	648	false
T_supergene	topo816	462.14008574	0.253923124033	649	false
T_supergene	topo327	460.5035786	0.253023944286	650	false
T_supergene	topo770	460.433055478	0.252985195317	651	false
T_supergene	topo492	458.613326	0.251985343956	652	false
T_supergene	topo248	458.240238257	0.251780350691	653	false
T_supergene	topo447	457.814365389	0.25154635461	654	false
T_supergene	topo694	457.618993881	0.251439007627	655	false
T_supergene	topo364	456.527970958	0.250839544482	656	false
T_supergene	topo751	456.527970958	0.250839544482	656	false
T_supergene	topo779	455.280991946	0.250154391179	658	false
T_supergene	topo702	454.814365389	0.249898002961	659	false
T_supergene	topo683	454.685873184	0.249827402848	660	false
T_supergene	topo350	451.936704097	0.248316870383	661	false
T_supergene	topo590	451.936704097	0.248316870383	661	false
T_supergene	topo566	451.503435456	0.24807881069	663	false
T_supergene	topo523	451.073888559	0.247842795911	664	false
T_supergene	topo748	450.527970958	0.247542841186	665	false
T_supergene	topo888	450.527970958	0.247542841186	665	false
T_supergene	topo884	450.197378065	0.247361196739	667	false
T_supergene	topo352	450.14397265	0.247331853104	668	false
T_supergene	topo822	449.240238257	0.246835295746	669	false
T_supergene	topo679	448.618993881	0.246493952682	670	false
T_supergene	topo626	447.904730471	0.246101500259	671	false
T_supergene	topo477	447.475183574	0.24586548548	672	false
T_supergene	topo21	446.613326	0.245391937363	673	false
T_supergene	topo743	445.936704097	0.245020167086	674	false
T_supergene	topo845	445.936704097	0.245020167086	674	false
T_supergene	topo383	445.738471967	0.244911248334	676	false
T_supergene	topo329	445.073888559	0.244546092615	677	false
T_supergene	topo322	444.197378065	0.244064493442	678	false
T_supergene	topo536	444.14397265	0.244035149807	679	false
T_supergene	topo903	443.02107266	0.243418171791	680	false
T_supergene	topo728	442.503435456	0.243133755745	681	false
T_supergene	topo718	442.229267554	0.242983114041	682	false
T_supergene	topo806	442.229267554	0.242983114041	682	false
T_supergene	topo225	441.904730471	0.242804796962	684	false
T_supergene	topo279	440.981639453	0.242297604095	685	false
T_supergene	topo231	440.613326	0.242095234066	686	false
T_supergene	topo696	440.598673081	0.242087183011	687	false
T_supergene	topo452	440.436139991	0.241997879116	688	false
T_supergene	topo572	440.436139991	0.241997879116	688	false
T_supergene	topo386	439.991289674	0.241753455865	690	false
T_supergene	topo586	439.239676975	0.241340481854	691	false
T_supergene	topo927	439.239676975	0.241340481854	691	false
T_supergene	topo298	439.229267554	0.241334762393	693	false
T_supergene	topo502	439.229267554	0.241334762393	693	false
T_supergene	topo804	437.613326	0.240446882418	695	false
T_supergene	topo257	437.562548844	0.240418982881	696	false
T_supergene	topo573	437.562548844	0.240418982881	696	false
T_supergene	topo310	437.522728274	0.240397103447	698	false
T_supergene	topo415	437.522728274	0.240397103447	698	false
T_supergene	topo430	437.02107266	0.240121468494	700	false
T_supergene	topo771	436.738471967	0.239966193389	701	false
T_supergene	topo26	435.475183574	0.239272078887	702	false
T_supergene	topo473	435.347189126	0.239201752267	703	false
T_supergene	topo464	435.071753257	0.239050413877	704	false
T_supergene	topo465	435.071753257	0.239050413877	704	false
T_supergene	topo269	432.19816211	0.237471517643	706	false
T_supergene	topo270	432.19816211	0.237471517643	706	false
T_supergene	topo410	432.071753257	0.237402062229	708	false
T_supergene	topo614	432.071753257	0.237402062229	708	false
T_supergene	topo685	431.598673081	0.237142128066	710	false
T_supergene	topo810	431.234009093	0.236941763238	711	false
T_supergene	topo855	431.234009093	0.236941763238	711	false
T_supergene	topo684	430.991289674	0.23680840092	713	false
T_supergene	topo488	430.420794785	0.23649494219	714	false
T_supergene	topo236	429.475183574	0.23597537559	715	false
T_supergene	topo411	429.19816211	0.235823165995	716	false
T_supergene	topo615	429.19816211	0.235823165995	716	false
T_supergene	topo54	428.981639453	0.235704197502	718	false
T_supergene	topo314	428.534675856	0.235458613108	719	false
T_supergene	topo625	428.534675856	0.235458613108	719	false
T_supergene	topo514	428.234009093	0.23529341159	721	false
T_supergene	topo619	428.234009093	0.23529341159	721	false
T_supergene	topo592	427.633731219	0.234963588582	723	false
T_supergene	topo785	427.611584838	0.234951420241	724	false
T_supergene	topo416	427.316021003	0.234789022529	725	false
T_supergene	topo274	427.228618466	0.234740999157	726	false
T_supergene	topo712	427.228618466	0.234740999157	726	false
T_supergene	topo798	426.475183574	0.234327023942	728	false
T_supergene	topo815	426.347189126	0.234256697322	729	false
T_supergene	topo940	425.858563851	0.233988221896	730	false
T_supergene	topo945	425.858563851	0.233988221896	730	false
T_supergene	topo313	425.226183041	0.233640759913	732	false
T_supergene	topo444	422.981639453	0.232407494205	733	false
T_supergene	topo521	422.352591894	0.232061863678	734	false
T_supergene	topo367	422.14008574	0.231945102055	735	false
T_supergene	topo320	421.633731219	0.231666885285	736	false
T_supergene	topo726	421.420794785	0.231549887245	737	false
T_supergene	topo223	421.316021003	0.231492319233	738	false
T_supergene	topo709	421.228618466	0.23144429586	739	false
T_supergene	topo872	421.228618466	0.23144429586	739	false
T_supergene	topo469	420.735074345	0.231173117772	741	false
T_supergene	topo796	420.735074345	0.231173117772	741	false
T_supergene	topo577	420.433055478	0.231007173339	743	false
T_supergene	topo713	419.981639453	0.230759142557	744	false
T_supergene	topo433	419.226183041	0.230344056616	745	false
T_supergene	topo772	418.611584838	0.230006365296	746	false
T_supergene	topo377	416.741556481	0.228978877187	747	false
T_supergene	topo453	416.741556481	0.228978877187	747	false
T_supergene	topo346	416.729435544	0.228972217332	749	false
T_supergene	topo887	416.729435544	0.228972217332	749	false
T_supergene	topo224	416.352591894	0.228765160382	751	false
T_supergene	topo531	416.14008574	0.228648398758	752	false
T_supergene	topo418	415.280991946	0.228176369201	753	false
T_supergene	topo793	414.735074345	0.227876414475	754	false
T_supergene	topo906	414.735074345	0.227876414475	754	false
T_supergene	topo580	414.685873184	0.22784938087	756	false
T_supergene	topo425	414.433055478	0.227710470043	757	false
T_supergene	topo258	413.867965334	0.227399980953	758	false
T_supergene	topo378	413.867965334	0.227399980953	758	false
T_supergene	topo245	411.032969704	0.225842291046	760	false
T_supergene	topo591	411.032969704	0.225842291046	760	false
T_supergene	topo434	409.280991946	0.224879665904	762	false
T_supergene	topo247	409.240238257	0.224857273768	763	false
T_supergene	topo365	408.834028349	0.22463408151	764	false
T_supergene	topo561	408.834028349	0.22463408151	764	false
T_supergene	topo218	408.685873184	0.224552677574	766	false
T_supergene	topo865	408.618993881	0.224515930704	767	false
T_supergene	topo356	406.718099782	0.223471483397	768	false
T_supergene	topo351	405.723767663	0.222925147068	769	false
T_supergene	topo485	405.723767663	0.222925147068	769	false
T_supergene	topo308	405.559464331	0.222834870511	771	false
T_supergene	topo519	405.559464331	0.222834870511	771	false
T_supergene	topo698	405.032969704	0.22254558775	773	false
T_supergene	topo846	405.032969704	0.22254558775	773	false
T_supergene	topo537	403.240238257	0.221560570471	775	false
T_supergene	topo749	402.834028349	0.221337378214	776	false
T_supergene	topo834	402.834028349	0.221337378214	776	false
T_supergene	topo214	402.618993881	0.221219227407	778	false
T_supergene	topo281	402.56743268	0.221190897077	779	false
T_supergene	topo565	402.503435456	0.221155733767	780	false
T_supergene	topo417	402.404481452	0.221101363435	781	false
T_supergene	topo522	402.404481452	0.221101363435	781	false
T_supergene	topo744	399.723767663	0.219628443771	783	false
T_supergene	topo800	399.723767663	0.219628443771	783	false
T_supergene	topo776	397.718099782	0.218526428452	785	false
T_supergene	topo382	396.738471967	0.217988171411	786	false
T_supergene	topo323	396.503435456	0.21785903047	787	false
T_supergene	topo596	394.826262434	0.216937506832	788	false
T_supergene	topo729	393.56743268	0.216245842132	789	false
T_supergene	topo481	393.026740541	0.215948758539	790	false
T_supergene	topo909	393.026740541	0.215948758539	790	false
T_supergene	topo512	391.931036216	0.215346723195	792	false
T_supergene	topo617	391.931036216	0.215346723195	792	false
T_supergene	topo867	391.598673081	0.215164106088	794	false
T_supergene	topo716	391.522728274	0.215122378172	795	false
T_supergene	topo761	391.522728274	0.215122378172	795	false
T_supergene	topo385	390.991289674	0.214830378942	797	false
T_supergene	topo426	390.738471967	0.214691468114	798	false
T_supergene	topo292	388.522728274	0.213474026524	799	false
T_supergene	topo397	388.522728274	0.213474026524	799	false
T_supergene	topo472	386.347189126	0.212278675344	801	false
T_supergene	topo680	385.826262434	0.211992451887	802	false
T_supergene	topo220	385.598673081	0.211867402792	803	false
T_supergene	topo219	384.991289674	0.211533675645	804	false
T_supergene	topo720	382.534675856	0.210183887833	805	false
T_supergene	topo851	382.534675856	0.210183887833	805	false
T_supergene	topo297	381.864880821	0.209815868583	807	false
T_supergene	topo513	381.864880821	0.209815868583	807	false
T_supergene	topo487	381.420794785	0.209571865267	809	false
T_supergene	topo530	380.347189126	0.208981972047	810	false
T_supergene	topo563	379.917642229	0.208745957269	811	false
T_supergene	topo304	379.534675856	0.208535536185	812	false
T_supergene	topo607	379.534675856	0.208535536185	812	false
T_supergene	topo902	378.611584838	0.208028343318	814	false
T_supergene	topo556	378.164621242	0.207782758924	815	false
T_supergene	topo923	378.164621242	0.207782758924	815	false
T_supergene	topo241	375.825701151	0.206497637995	817	false
T_supergene	topo869	375.825701151	0.206497637995	817	false
T_supergene	topo321	375.420794785	0.20627516197	819	false
T_supergene	topo309	374.729996827	0.205895602652	820	false
T_supergene	topo414	374.729996827	0.205895602652	820	false
T_supergene	topo371	373.268080188	0.205092351752	822	false
T_supergene	topo470	373.041131735	0.2049676548	823	false
T_supergene	topo560	373.041131735	0.2049676548	823	false
T_supergene	topo427	372.611584838	0.204731640021	825	false
T_supergene	topo773	370.917642229	0.203800902324	826	false
T_supergene	topo794	367.041131735	0.201670951503	827	false
T_supergene	topo833	367.041131735	0.201670951503	827	false
T_supergene	topo251	365.814365389	0.20099690406	829	false
T_supergene	topo246	364.82003327	0.200450567731	830	false
T_supergene	topo486	364.82003327	0.200450567731	830	false
T_supergene	topo687	364.268080188	0.200147296806	832	false
T_supergene	topo296	361.204082964	0.198463781848	833	false
T_supergene	topo618	361.204082964	0.198463781848	833	false
T_supergene	topo276	359.898025573	0.197746167897	835	false
T_supergene	topo366	359.898025573	0.197746167897	835	false
T_supergene	topo584	359.559464331	0.197560145237	837	false
T_supergene	topo585	359.559464331	0.197560145237	837	false
T_supergene	topo699	358.82003327	0.197153864434	839	false
T_supergene	topo801	358.82003327	0.197153864434	839	false
T_supergene	topo361	358.527970958	0.196993390636	841	false
T_supergene	topo889	358.527970958	0.196993390636	841	false
T_supergene	topo355	357.718099782	0.196548406474	843	false
T_supergene	topo777	356.814365389	0.196051849115	844	false
T_supergene	topo299	356.559464331	0.195911793588	845	false
T_supergene	topo503	356.559464331	0.195911793588	845	false
T_supergene	topo763	356.404481452	0.19582663816	847	false
T_supergene	topo808	356.404481452	0.19582663816	847	false
T_supergene	topo413	354.710538843	0.194895900463	849	false
T_supergene	topo518	354.710538843	0.194895900463	849	false
T_supergene	topo347	353.936704097	0.194470716537	851	false
T_supergene	topo587	353.936704097	0.194470716537	851	false
T_supergene	topo711	353.898025573	0.1944494646	853	false
T_supergene	topo750	353.898025573	0.1944494646	853	false
T_supergene	topo280	353.56743268	0.194267820154	855	false
T_supergene	topo403	353.404481452	0.194178286512	856	false
T_supergene	topo508	353.404481452	0.194178286512	856	false
T_supergene	topo431	351.718099782	0.193251703177	858	false
T_supergene	topo506	351.027301823	0.192872143859	859	false
T_supergene	topo611	351.027301823	0.192872143859	859	false
T_supergene	topo491	348.613326	0.191545783517	861	false
T_supergene	topo324	347.56743268	0.190971116857	862	false
T_supergene	topo359	345.931036216	0.190071997921	863	false
T_supergene	topo360	345.931036216	0.190071997921	863	false
T_supergene	topo595	345.826262434	0.190014429909	865	false
T_supergene	topo515	342.931036216	0.188423646272	866	false
T_supergene	topo620	342.931036216	0.188423646272	866	false
T_supergene	topo215	339.826262434	0.186717726612	868	false
T_supergene	topo681	339.613326	0.186600728572	869	false
T_supergene	topo476	337.475183574	0.185425925041	870	false
T_supergene	topo389	335.864880821	0.184541143308	871	false
T_supergene	topo390	335.864880821	0.184541143308	871	false
T_supergene	topo300	332.864880821	0.18289279166	873	false
T_supergene	topo504	332.864880821	0.18289279166	873	false
T_supergene	topo278	330.981639453	0.181858043656	875	false
T_supergene	topo562	330.917642229	0.181822880346	876	false
T_supergene	topo271	329.228618466	0.180894845311	877	false
T_supergene	topo873	329.228618466	0.180894845311	877	false
T_supergene	topo599	328.729996827	0.180620877377	879	false
T_supergene	topo600	328.729996827	0.180620877377	879	false
T_supergene	topo303	328.517060393	0.180503879337	881	false
T_supergene	topo408	328.517060393	0.180503879337	881	false
T_supergene	topo686	328.475183574	0.180480870096	883	false
T_supergene	topo293	325.729996827	0.178972525729	884	false
T_supergene	topo398	325.729996827	0.178972525729	884	false
T_supergene	topo302	325.41118635	0.178797355138	886	false
T_supergene	topo624	325.41118635	0.178797355138	886	false
T_supergene	topo428	324.917642229	0.178526177049	888	false
T_supergene	topo370	324.268080188	0.178169274828	889	false
T_supergene	topo275	324.105128959	0.178079741187	890	false
T_supergene	topo471	324.105128959	0.178079741187	890	false
T_supergene	topo466	322.735074345	0.177326963926	892	false
T_supergene	topo907	322.735074345	0.177326963926	892	false
T_supergene	topo774	321.981639453	0.176912988711	894	false
T_supergene	topo222	318.268080188	0.174872571532	895	false
T_supergene	topo710	318.105128959	0.17478303789	896	false
T_supergene	topo795	318.105128959	0.17478303789	896	false
T_supergene	topo250	316.814365389	0.174073827137	898	false
T_supergene	topo374	315.204082964	0.173189056573	899	false
T_supergene	topo375	315.204082964	0.173189056573	899	false
T_supergene	topo242	313.032969704	0.1719961372	901	false
T_supergene	topo588	313.032969704	0.1719961372	901	false
T_supergene	topo306	312.204082964	0.171540704925	903	false
T_supergene	topo609	312.204082964	0.171540704925	903	false
T_supergene	topo362	310.834028349	0.170787927664	905	false
T_supergene	topo558	310.834028349	0.170787927664	905	false
T_supergene	topo432	310.814365389	0.17077712384	907	false
T_supergene	topo569	308.710538843	0.169621175188	908	false
T_supergene	topo570	308.710538843	0.169621175188	908	false
T_supergene	topo348	307.723767663	0.169078993221	910	false
T_supergene	topo482	307.723767663	0.169078993221	910	false
T_supergene	topo402	305.774536067	0.16800798685	912	false
T_supergene	topo507	305.774536067	0.16800798685	912	false
T_supergene	topo404	305.710538843	0.16797282354	914	false
T_supergene	topo509	305.710538843	0.16797282354	914	false
T_supergene	topo254	305.027301823	0.167597418584	916	false
T_supergene	topo255	305.027301823	0.167597418584	916	false
T_supergene	topo516	302.027301823	0.165949066936	918	false
T_supergene	topo621	302.027301823	0.165949066936	918	false
T_supergene	topo490	299.613326	0.164622706593	920	false
T_supergene	topo216	293.613326	0.161326003297	921	false
T_supergene	topo475	288.475183574	0.158502848118	922	false
T_supergene	topo494	282.517060393	0.155229154062	923	false
T_supergene	topo495	282.517060393	0.155229154062	923	false
T_supergene	topo221	282.475183574	0.155206144821	925	false
T_supergene	topo277	281.981639453	0.154934966733	926	false
T_supergene	topo294	279.517060393	0.153580802414	927	false
T_supergene	topo399	279.517060393	0.153580802414	927	false
T_supergene	topo479	279.41118635	0.153522629863	929	false
T_supergene	topo480	279.41118635	0.153522629863	929	false
T_supergene	topo305	276.41118635	0.151874278214	931	false
T_supergene	topo608	276.41118635	0.151874278214	931	false
T_supergene	topo429	275.981639453	0.151638263436	933	false
T_supergene	topo467	275.041131735	0.151121500954	934	false
T_supergene	topo557	275.041131735	0.151121500954	934	false
T_supergene	topo243	266.82003327	0.146604413885	936	false
T_supergene	topo483	266.82003327	0.146604413885	936	false
T_supergene	topo273	261.898025573	0.143900014051	938	false
T_supergene	topo363	261.898025573	0.143900014051	938	false
T_supergene	topo284	259.774536067	0.142733261575	940	false
T_supergene	topo285	259.774536067	0.142733261575	940	false
T_supergene	topo405	256.774536067	0.141084909927	942	false
T_supergene	topo510	256.774536067	0.141084909927	942	false
T_supergene	topo272	226.105128959	0.12423358734	944	false
T_supergene	topo468	226.105128959	0.12423358734	944	false
T_chr16_all	topo118	2799.59927503	0.83321406995	1	true
T_chr16_all	topo117	2673.99072389	0.795830572585	2	false
T_chr16_all	topo116	2664.67032132	0.793056643251	3	false
T_chr16_all	topo109	2641.77111276	0.786241402608	4	false
T_chr16_all	topo111	2611.52304196	0.777239000584	5	false
T_chr16_all	topo114	2536.00063216	0.754762092905	6	false
T_chr16_all	topo106	2519.80700097	0.749942559812	7	false
T_chr16_all	topo119	2494.69916837	0.742469990585	8	false
T_chr16_all	topo115	2493.71734102	0.742177780065	9	false
T_chr16_all	topo643	2457.05382049	0.731266018002	10	false
T_chr16_all	topo110	2452.70083513	0.729970486647	11	false
T_chr16_all	topo13	2445.05382049	0.727694589431	12	false
T_chr16_all	topo107	2386.05742334	0.710136137899	13	false
T_chr16_all	topo112	2377.26052858	0.707518014458	14	false
T_chr16_all	topo108	2365.22530824	0.703936103642	15	false
T_chr16_all	topo642	2331.44526934	0.693882520637	16	false
T_chr16_all	topo113	2328.27166007	0.692937994069	17	false
T_chr16_all	topo641	2322.12486678	0.691108591302	18	false
T_chr16_all	topo12	2319.44526934	0.690311092066	19	false
T_chr16_all	topo11	2310.12486678	0.687537162731	20	false
T_chr16_all	topo634	2299.22565822	0.68429335066	21	false
T_chr16_all	topo4	2287.22565822	0.680721922089	22	false
T_chr16_all	topo636	2268.97758742	0.675290948636	23	false
T_chr16_all	topo6	2256.97758742	0.671719520064	24	false
T_chr16_all	topo120	2218.45053896	0.660253136596	25	false
T_chr16_all	topo639	2193.45517762	0.652814040957	26	false
T_chr16_all	topo9	2181.45517762	0.649242612386	27	false
T_chr16_all	topo631	2177.26154642	0.647994507864	28	false
T_chr16_all	topo1	2165.26154642	0.644423079293	29	false
T_chr16_all	topo644	2152.15371382	0.640521938637	30	false
T_chr16_all	topo640	2151.17188647	0.640229728117	31	false
T_chr16_all	topo14	2140.15371382	0.636950510066	32	false
T_chr16_all	topo10	2139.17188647	0.636658299546	33	false
T_chr16_all	topo635	2110.15538059	0.628022434698	34	false
T_chr16_all	topo5	2098.15538059	0.624451006127	35	false
T_chr16_all	topo168	2098.0612802	0.624423000058	36	false
T_chr16_all	topo201	2098.03414315	0.624414923558	37	false
T_chr16_all	topo167	2088.74087763	0.621649070724	38	false
T_chr16_all	topo200	2088.71374059	0.621640994223	39	false
T_chr16_all	topo187	2065.98278169	0.614875827885	40	false
T_chr16_all	topo136	2065.90137057	0.614851598383	41	false
T_chr16_all	topo632	2043.5119688	0.608188085951	42	false
T_chr16_all	topo189	2035.73471089	0.60587342586	43	false
T_chr16_all	topo138	2035.65329976	0.605849196358	44	false
T_chr16_all	topo637	2034.71507403	0.60556996251	45	false
T_chr16_all	topo206	2031.74038765	0.604684639182	46	false
T_chr16_all	topo205	2031.68611357	0.604668486181	47	false
T_chr16_all	topo2	2031.5119688	0.60461665738	48	false
T_chr16_all	topo7	2022.71507403	0.601998533938	49	false
T_chr16_all	topo633	2022.67985369	0.601988051694	50	false
T_chr16_all	topo3	2010.67985369	0.598416623123	51	false
T_chr16_all	topo638	1985.72620553	0.590989942121	52	false
T_chr16_all	topo8	1973.72620553	0.587418513549	53	false
T_chr16_all	topo153	1960.07118847	0.583354520378	54	false
T_chr16_all	topo195	1960.04405143	0.583346443878	55	false
T_chr16_all	topo121	1943.87755728	0.578534987285	56	false
T_chr16_all	topo181	1943.85042024	0.578526910784	57	false
T_chr16_all	topo166	1917.78789733	0.570770207538	58	false
T_chr16_all	topo199	1917.76076029	0.570762131037	59	false
T_chr16_all	topo188	1876.91250406	0.558604911923	60	false
T_chr16_all	topo137	1876.83109293	0.558580682421	61	false
T_chr16_all	topo645	1875.90508442	0.558305084648	62	false
T_chr16_all	topo15	1863.90508442	0.554733656077	63	false
T_chr16_all	topo122	1810.12797965	0.538728565372	64	false
T_chr16_all	topo182	1810.10084261	0.538720488872	65	false
T_chr16_all	topo151	1801.33108489	0.536110441931	66	false
T_chr16_all	topo193	1801.30394785	0.53610236543	67	false
T_chr16_all	topo204	1797.81659652	0.53506446325	68	false
T_chr16_all	topo123	1789.29586455	0.532528531115	69	false
T_chr16_all	topo183	1789.26872751	0.532520454615	70	false
T_chr16_all	topo190	1787.20155654	0.53190522516	71	false
T_chr16_all	topo175	1756.00135355	0.522619450462	72	false
T_chr16_all	topo603	1755.4805475	0.522464448659	73	false
T_chr16_all	topo666	1755.46697897	0.522460410409	74	false
T_chr16_all	topo152	1752.34221638	0.521530421542	75	false
T_chr16_all	topo194	1752.31507934	0.521522345041	76	false
T_chr16_all	topo198	1751.81989928	0.521374970023	77	false
T_chr16_all	topo184	1746.51971556	0.519797534394	78	false
T_chr16_all	topo602	1746.16014493	0.519690519325	79	false
T_chr16_all	topo665	1746.14657641	0.519686481074	80	false
T_chr16_all	topo96	1743.4805475	0.518893020088	81	false
T_chr16_all	topo63	1743.46697897	0.518888981838	82	false
T_chr16_all	topo139	1734.51075799	0.516223439878	83	false
T_chr16_all	topo95	1734.16014493	0.516119090753	84	false
T_chr16_all	topo62	1734.14657641	0.516115052503	85	false
T_chr16_all	topo207	1726.84028098	0.513940559817	86	false
T_chr16_all	topo208	1726.7860069	0.513924406816	87	false
T_chr16_all	topo543	1724.42491656	0.513221701357	88	false
T_chr16_all	topo652	1723.33149268	0.512896277584	89	false
T_chr16_all	topo391	1723.29078712	0.512884162833	90	false
T_chr16_all	topo912	1721.42491656	0.512328844214	91	false
T_chr16_all	topo542	1715.10451399	0.510447772022	92	false
T_chr16_all	topo911	1712.10451399	0.509554914879	93	false
T_chr16_all	topo31	1711.33149268	0.509324849013	94	false
T_chr16_all	topo82	1711.29078712	0.509312734262	95	false
T_chr16_all	topo654	1693.08342188	0.503893875559	96	false
T_chr16_all	topo393	1693.04271632	0.503881760809	97	false
T_chr16_all	topo331	1692.26500693	0.503650299681	98	false
T_chr16_all	topo874	1689.26500693	0.502757442539	99	false
T_chr16_all	topo671	1689.1243768	0.502715588332	100	false
T_chr16_all	topo670	1689.09723975	0.502707511832	101	false
T_chr16_all	topo179	1687.16623046	0.502132806685	102	false
T_chr16_all	topo33	1681.08342188	0.500322446988	103	false
T_chr16_all	topo84	1681.04271632	0.500310332237	104	false
T_chr16_all	topo100	1677.1243768	0.499144159761	105	false
T_chr16_all	topo101	1677.09723975	0.49913608326	106	false
T_chr16_all	topo150	1669.36905955	0.496836029628	107	false
T_chr16_all	topo180	1668.10800222	0.496460714947	108	false
T_chr16_all	topo160	1664.00795907	0.495240464009	109	false
T_chr16_all	topo333	1662.01693613	0.494647897657	110	false
T_chr16_all	topo876	1659.01693613	0.493755040514	111	false
T_chr16_all	topo124	1653.22848717	0.492032287847	112	false
T_chr16_all	topo172	1648.17066518	0.490526983685	113	false
T_chr16_all	topo148	1641.24666663	0.488466269832	114	false
T_chr16_all	topo165	1622.11130498	0.48277122172	115	false
T_chr16_all	topo498	1617.49045577	0.481395968979	116	false
T_chr16_all	topo660	1617.47688725	0.481391930729	117	false
T_chr16_all	topo145	1612.71200856	0.479973812073	118	false
T_chr16_all	topo90	1605.49045577	0.477824540408	119	false
T_chr16_all	topo48	1605.47688725	0.477820502158	120	false
T_chr16_all	topo286	1601.29682458	0.476576435886	121	false
T_chr16_all	topo646	1601.28325606	0.476572397636	122	false
T_chr16_all	topo133	1600.67337383	0.476390885068	123	false
T_chr16_all	topo203	1591.54075124	0.47367284263	124	false
T_chr16_all	topo76	1589.29682458	0.473005007315	125	false
T_chr16_all	topo16	1589.28325606	0.473000969064	126	false
T_chr16_all	topo438	1586.43482483	0.472153221677	127	false
T_chr16_all	topo894	1583.43482483	0.471260364534	128	false
T_chr16_all	topo601	1575.20716463	0.468811656139	129	false
T_chr16_all	topo664	1575.19359611	0.468807617889	130	false
T_chr16_all	topo192	1573.85212849	0.468408371575	131	false
T_chr16_all	topo226	1570.24119364	0.467333688584	132	false
T_chr16_all	topo856	1567.24119364	0.466440831441	133	false
T_chr16_all	topo94	1563.20716463	0.465240227568	134	false
T_chr16_all	topo61	1563.19359611	0.465236189317	135	false
T_chr16_all	topo828	1553.12505224	0.462239598882	136	false
T_chr16_all	topo541	1544.15153369	0.459568908837	137	false
T_chr16_all	topo813	1544.12505224	0.459561027454	138	false
T_chr16_all	topo827	1543.80464968	0.459465669548	139	false
T_chr16_all	topo910	1541.15153369	0.458676051694	140	false
T_chr16_all	topo812	1534.80464968	0.456787098119	141	false
T_chr16_all	topo653	1534.26121505	0.456625361622	142	false
T_chr16_all	topo392	1534.22050949	0.456613246871	143	false
T_chr16_all	topo32	1522.26121505	0.453053933051	144	false
T_chr16_all	topo83	1522.22050949	0.4530418183	145	false
T_chr16_all	topo736	1521.07369078	0.452700503209	146	false
T_chr16_all	topo721	1512.07369078	0.450021931781	147	false
T_chr16_all	topo176	1511.46252244	0.449840036441	148	false
T_chr16_all	topo332	1503.1947293	0.44737938372	149	false
T_chr16_all	topo140	1500.64124094	0.446619416946	150	false
T_chr16_all	topo875	1500.1947293	0.446486526577	151	false
T_chr16_all	topo185	1498.57209189	0.446003598778	152	false
T_chr16_all	topo196	1495.63979364	0.445130890964	153	false
T_chr16_all	topo178	1491.000639	0.443750190179	154	false
T_chr16_all	topo738	1490.82561998	0.443698101185	155	false
T_chr16_all	topo723	1481.82561998	0.441019529756	156	false
T_chr16_all	topo931	1476.46766038	0.439424898922	157	false
T_chr16_all	topo929	1476.41338629	0.439408745921	158	false
T_chr16_all	topo177	1470.78068147	0.437732345675	159	false
T_chr16_all	topo930	1470.46766038	0.437639184636	160	false
T_chr16_all	topo932	1470.41338629	0.437623031635	161	false
T_chr16_all	topo287	1467.54724695	0.436770013974	162	false
T_chr16_all	topo647	1467.53367843	0.436765975723	163	false
T_chr16_all	topo918	1464.50225713	0.435863767003	164	false
T_chr16_all	topo127	1462.41245097	0.435241800884	165	false
T_chr16_all	topo496	1458.75035219	0.434151890532	166	false
T_chr16_all	topo658	1458.73678367	0.434147852282	167	false
T_chr16_all	topo528	1458.50225713	0.434078052717	168	false
T_chr16_all	topo154	1456.54785446	0.433496385256	169	false
T_chr16_all	topo77	1455.54724695	0.433198585402	170	false
T_chr16_all	topo17	1455.53367843	0.433194547152	171	false
T_chr16_all	topo598	1455.25485975	0.433111565401	172	false
T_chr16_all	topo917	1455.18185456	0.433089837668	173	false
T_chr16_all	topo141	1454.6445437	0.43292992372	174	false
T_chr16_all	topo149	1451.35470125	0.431950803943	175	false
T_chr16_all	topo209	1450.59165158	0.431723705828	176	false
T_chr16_all	topo210	1450.5373775	0.431707552827	177	false
T_chr16_all	topo527	1449.18185456	0.431304123382	178	false
T_chr16_all	topo135	1448.16996141	0.431002964705	179	false
T_chr16_all	topo88	1446.75035219	0.430580461961	180	false
T_chr16_all	topo46	1446.73678367	0.43057642371	181	false
T_chr16_all	topo288	1446.71513185	0.430569979717	182	false
T_chr16_all	topo648	1446.70156333	0.430565941466	183	false
T_chr16_all	topo358	1444.50956197	0.429913560109	184	false
T_chr16_all	topo99	1443.25485975	0.42954013683	185	false
T_chr16_all	topo169	1442.10285295	0.429197277664	186	false
T_chr16_all	topo227	1436.49161601	0.427527266671	187	false
T_chr16_all	topo78	1434.71513185	0.426998551145	188	false
T_chr16_all	topo18	1434.70156333	0.426994512895	189	false
T_chr16_all	topo857	1433.49161601	0.426634409528	190	false
T_chr16_all	topo85	1432.50956197	0.426342131537	191	false
T_chr16_all	topo880	1432.39662158	0.426308518328	192	false
T_chr16_all	topo436	1427.69472125	0.42490914323	193	false
T_chr16_all	topo316	1426.39662158	0.424522804043	194	false
T_chr16_all	topo892	1424.69472125	0.424016286087	195	false
T_chr16_all	topo134	1423.23910066	0.423583065674	196	false
T_chr16_all	topo163	1420.30680241	0.42271035786	197	false
T_chr16_all	topo174	1419.95675017	0.422606175647	198	false
T_chr16_all	topo161	1419.46912796	0.422461049987	199	false
T_chr16_all	topo125	1419.35897012	0.422428264916	200	false
T_chr16_all	topo173	1417.02445192	0.421733467833	201	false
T_chr16_all	topo228	1415.65950091	0.421327232414	202	false
T_chr16_all	topo783	1415.13496052	0.421171119202	203	false
T_chr16_all	topo142	1414.74766088	0.421055851452	204	false
T_chr16_all	topo669	1413.35820566	0.420642323112	205	false
T_chr16_all	topo858	1412.65950091	0.420434375271	206	false
T_chr16_all	topo164	1409.95972069	0.419630869252	207	false
T_chr16_all	topo497	1409.76148368	0.419571870143	208	false
T_chr16_all	topo659	1409.74791516	0.419567831893	209	false
T_chr16_all	topo493	1409.25816251	0.419422072174	210	false
T_chr16_all	topo768	1406.13496052	0.418492547774	211	false
T_chr16_all	topo253	1403.86842655	0.417817984093	212	false
T_chr16_all	topo882	1402.14855078	0.417306116304	213	false
T_chr16_all	topo70	1401.35820566	0.417070894541	214	false
T_chr16_all	topo691	1398.94132933	0.416351586109	215	false
T_chr16_all	topo89	1397.76148368	0.416000441571	216	false
T_chr16_all	topo47	1397.74791516	0.415996403321	217	false
T_chr16_all	topo93	1397.25816251	0.415850643603	218	false
T_chr16_all	topo318	1396.14855078	0.415520402018	219	false
T_chr16_all	topo655	1391.94088011	0.414268119079	220	false
T_chr16_all	topo79	1391.86842655	0.414246555522	221	false
T_chr16_all	topo676	1389.94132933	0.41367301468	222	false
T_chr16_all	topo147	1384.49809356	0.412053004035	223	false
T_chr16_all	topo672	1384.22427013	0.411971508967	224	false
T_chr16_all	topo673	1384.19713309	0.411963432467	225	false
T_chr16_all	topo550	1382.36498992	0.411418151761	226	false
T_chr16_all	topo146	1381.5657953	0.411180296221	227	false
T_chr16_all	topo34	1379.94088011	0.410696690508	228	false
T_chr16_all	topo915	1379.36498992	0.410525294618	229	false
T_chr16_all	topo162	1378.78728698	0.410353359221	230	false
T_chr16_all	topo437	1378.70585274	0.41032912284	231	false
T_chr16_all	topo893	1375.70585274	0.409436265698	232	false
T_chr16_all	topo126	1373.36227288	0.408738771689	233	false
T_chr16_all	topo826	1372.85166938	0.408586806362	234	false
T_chr16_all	topo103	1372.22427013	0.408400080396	235	false
T_chr16_all	topo102	1372.19713309	0.408392003895	236	false
T_chr16_all	topo811	1363.85166938	0.405908234934	237	false
T_chr16_all	topo334	1360.87439435	0.405022141176	238	false
T_chr16_all	topo877	1357.87439435	0.404129284033	239	false
T_chr16_all	topo130	1356.44149777	0.403702826716	240	false
T_chr16_all	topo202	1350.29297818	0.401872910173	241	false
T_chr16_all	topo396	1344.47423589	0.400141141634	242	false
T_chr16_all	topo191	1336.74563995	0.39784096427	243	false
T_chr16_all	topo74	1332.47423589	0.396569713063	244	false
T_chr16_all	topo737	1332.00341315	0.396429587247	245	false
T_chr16_all	topo157	1331.82201455	0.396375599567	246	false
T_chr16_all	topo171	1328.25684132	0.395314536107	247	false
T_chr16_all	topo128	1327.11292122	0.394974083697	248	false
T_chr16_all	topo605	1326.79918167	0.394880708829	249	false
T_chr16_all	topo900	1326.5121654	0.394795287323	250	false
T_chr16_all	topo501	1325.50555989	0.394495702348	251	false
T_chr16_all	topo722	1323.00341315	0.393751015819	252	false
T_chr16_all	topo663	1321.36481117	0.393263336659	253	false
T_chr16_all	topo155	1321.24832471	0.393228668069	254	false
T_chr16_all	topo423	1320.5121654	0.393009573037	255	false
T_chr16_all	topo45	1314.79918167	0.391309280258	256	false
T_chr16_all	topo143	1314.50326156	0.391221208799	257	false
T_chr16_all	topo554	1313.52986683	0.390931507984	258	false
T_chr16_all	topo75	1313.50555989	0.390924273776	259	false
T_chr16_all	topo649	1310.61790372	0.390064852298	260	false
T_chr16_all	topo764	1310.52986683	0.390038650841	261	false
T_chr16_all	topo862	1310.31853421	0.38997575423	262	false
T_chr16_all	topo129	1309.42429848	0.389709612642	263	false
T_chr16_all	topo55	1309.36481117	0.389691908087	264	false
T_chr16_all	topo186	1307.46230059	0.389125684699	265	false
T_chr16_all	topo668	1305.56008173	0.388559548135	266	false
T_chr16_all	topo211	1304.31853421	0.388190039944	267	false
T_chr16_all	topo156	1303.55970197	0.387964197014	268	false
T_chr16_all	topo928	1299.16779606	0.386657082162	269	false
T_chr16_all	topo933	1299.16779606	0.386657082162	269	false
T_chr16_all	topo289	1298.67678875	0.386510949033	271	false
T_chr16_all	topo19	1298.61790372	0.386493423726	272	false
T_chr16_all	topo345	1295.73269591	0.385634730927	273	false
T_chr16_all	topo197	1295.24211122	0.385488723577	274	false
T_chr16_all	topo555	1294.47163859	0.385259416246	275	false
T_chr16_all	topo67	1293.56008173	0.384988119564	276	false
T_chr16_all	topo852	1292.73269591	0.384741873784	277	false
T_chr16_all	topo809	1291.47163859	0.384366559103	278	false
T_chr16_all	topo445	1290.37159543	0.384039165308	279	false
T_chr16_all	topo897	1287.37159543	0.383146308165	280	false
T_chr16_all	topo170	1286.75331259	0.382962295413	281	false
T_chr16_all	topo43	1286.67678875	0.382939520462	282	false
T_chr16_all	topo916	1284.22887426	0.382210974483	283	false
T_chr16_all	topo229	1279.59212353	0.380830989146	284	false
T_chr16_all	topo606	1279.50886265	0.380806209121	285	false
T_chr16_all	topo526	1278.22887426	0.380425260197	286	false
T_chr16_all	topo859	1276.59212353	0.379938132003	287	false
T_chr16_all	topo547	1274.53430154	0.379325684983	288	false
T_chr16_all	topo144	1271.67258397	0.378473983324	289	false
T_chr16_all	topo914	1271.53430154	0.37843282784	290	false
T_chr16_all	topo657	1270.14213068	0.378018491274	291	false
T_chr16_all	topo343	1267.610303	0.37726497113	292	false
T_chr16_all	topo60	1267.50886265	0.377234780549	293	false
T_chr16_all	topo692	1265.1917517	0.376545164196	294	false
T_chr16_all	topo715	1264.610303	0.376372113987	295	false
T_chr16_all	topo40	1258.14213068	0.374447062703	296	false
T_chr16_all	topo394	1257.98137926	0.374399220017	297	false
T_chr16_all	topo781	1256.39485694	0.373927040755	298	false
T_chr16_all	topo677	1256.1917517	0.373866592768	299	false
T_chr16_all	topo583	1248.88946223	0.37169329233	300	false
T_chr16_all	topo450	1248.47494134	0.371569923019	301	false
T_chr16_all	topo766	1247.39485694	0.371248469326	302	false
T_chr16_all	topo28	1245.98137926	0.370827791445	303	false
T_chr16_all	topo854	1245.47494134	0.370677065876	304	false
T_chr16_all	topo693	1244.3596366	0.370345129939	305	false
T_chr16_all	topo881	1243.32634395	0.370037602367	306	false
T_chr16_all	topo589	1242.59814333	0.369820875991	307	false
T_chr16_all	topo132	1242.59548613	0.369820085158	308	false
T_chr16_all	topo847	1242.54386925	0.36980472299	309	false
T_chr16_all	topo340	1239.07564493	0.368772513372	310	false
T_chr16_all	topo317	1237.32634395	0.368251888081	311	false
T_chr16_all	topo98	1236.88946223	0.368121863758	312	false
T_chr16_all	topo926	1236.59814333	0.368035161705	313	false
T_chr16_all	topo844	1236.54386925	0.368019008704	314	false
T_chr16_all	topo879	1236.07564493	0.367879656229	315	false
T_chr16_all	topo678	1235.3596366	0.367666558511	316	false
T_chr16_all	topo745	1231.92882926	0.3666454849	317	false
T_chr16_all	topo349	1231.82570851	0.366614794198	318	false
T_chr16_all	topo158	1231.57761523	0.366540956914	319	false
T_chr16_all	topo388	1231.16013392	0.366416706524	320	false
T_chr16_all	topo238	1227.03701019	0.365189586367	321	false
T_chr16_all	topo742	1225.92882926	0.364859770615	322	false
T_chr16_all	topo886	1225.82570851	0.364829079912	323	false
T_chr16_all	topo760	1224.03701019	0.364296729224	324	false
T_chr16_all	topo87	1219.16013392	0.362845277952	325	false
T_chr16_all	topo831	1211.01627893	0.360421511585	326	false
T_chr16_all	topo782	1207.40598843	0.359347020366	327	false
T_chr16_all	topo820	1202.01627893	0.357742940157	328	false
T_chr16_all	topo131	1201.0919574	0.357467844465	329	false
T_chr16_all	topo767	1198.40598843	0.356668448937	330	false
T_chr16_all	topo484	1196.60144609	0.356131382764	331	false
T_chr16_all	topo802	1196.547172	0.356115229763	332	false
T_chr16_all	topo700	1191.24698829	0.354537794134	333	false
T_chr16_all	topo244	1191.18457309	0.354519218183	334	false
T_chr16_all	topo908	1190.60144609	0.354345668479	335	false
T_chr16_all	topo799	1190.547172	0.354329515477	336	false
T_chr16_all	topo739	1189.68307821	0.354072344704	337	false
T_chr16_all	topo159	1188.74693764	0.35379373144	338	false
T_chr16_all	topo697	1185.24698829	0.352752079848	339	false
T_chr16_all	topo868	1185.18457309	0.352733503897	340	false
T_chr16_all	topo724	1180.68307821	0.351393773276	341	false
T_chr16_all	topo863	1176.56895658	0.350169332317	342	false
T_chr16_all	topo935	1171.56755371	0.348680819557	343	false
T_chr16_all	topo937	1171.51327963	0.348664666556	344	false
T_chr16_all	topo212	1170.56895658	0.348383618031	345	false
T_chr16_all	topo354	1168.77052787	0.347848371389	346	false
T_chr16_all	topo898	1167.77206182	0.347551208875	347	false
T_chr16_all	topo938	1165.56755371	0.346895105271	348	false
T_chr16_all	topo936	1165.51327963	0.34687895227	349	false
T_chr16_all	topo421	1161.77206182	0.34576549459	350	false
T_chr16_all	topo594	1158.07136306	0.344664096148	351	false
T_chr16_all	topo71	1156.77052787	0.344276942818	352	false
T_chr16_all	topo268	1156.01035512	0.344050700929	353	false
T_chr16_all	topo864	1155.73684148	0.34396929806	354	false
T_chr16_all	topo463	1153.07805687	0.343177993115	355	false
T_chr16_all	topo213	1149.73684148	0.342183583774	356	false
T_chr16_all	topo291	1148.39819667	0.34178517758	357	false
T_chr16_all	topo35	1146.07136306	0.341092667576	358	false
T_chr16_all	topo80	1144.01035512	0.340479272358	359	false
T_chr16_all	topo412	1142.13230916	0.339920330107	360	false
T_chr16_all	topo91	1141.07805687	0.339606564544	361	false
T_chr16_all	topo551	1137.8261588	0.338638737739	362	false
T_chr16_all	topo73	1136.39819667	0.338213749008	363	false
T_chr16_all	topo746	1134.8261588	0.337745880596	364	false
T_chr16_all	topo824	1133.13230916	0.337241758679	365	false
T_chr16_all	topo249	1128.12939246	0.335752795374	366	false
T_chr16_all	topo335	1127.0048773	0.335418118245	367	false
T_chr16_all	topo616	1124.54137977	0.334684934454	368	false
T_chr16_all	topo848	1124.0048773	0.334525261102	369	false
T_chr16_all	topo517	1123.16363316	0.334274890821	370	false
T_chr16_all	topo921	1122.39348381	0.334045679706	371	false
T_chr16_all	topo650	1119.76930307	0.333264673533	372	false
T_chr16_all	topo786	1119.02288444	0.333042525132	373	false
T_chr16_all	topo899	1118.78319331	0.332971188486	374	false
T_chr16_all	topo553	1117.36427537	0.332548891478	375	false
T_chr16_all	topo535	1116.39348381	0.33225996542	376	false
T_chr16_all	topo72	1116.12939246	0.332181366803	377	false
T_chr16_all	topo735	1115.54137977	0.332006363026	378	false
T_chr16_all	topo719	1114.36427537	0.331656034335	379	false
T_chr16_all	topo825	1114.16363316	0.331596319392	380	false
T_chr16_all	topo661	1113.90470656	0.331519257906	381	false
T_chr16_all	topo422	1112.78319331	0.331185474201	382	false
T_chr16_all	topo489	1112.07466582	0.330974602921	383	false
T_chr16_all	topo775	1110.02288444	0.330363953703	384	false
T_chr16_all	topo500	1108.78482336	0.329995483144	385	false
T_chr16_all	topo694	1108.27597699	0.329844040771	386	false
T_chr16_all	topo674	1107.97564073	0.329754654978	387	false
T_chr16_all	topo675	1107.94850368	0.329746578478	388	false
T_chr16_all	topo22	1107.76930307	0.329693244962	389	false
T_chr16_all	topo604	1105.56751907	0.329037952106	390	false
T_chr16_all	topo830	1103.218155	0.328338736608	391	false
T_chr16_all	topo49	1101.90470656	0.327947829334	392	false
T_chr16_all	topo883	1101.00600901	0.327680359823	393	false
T_chr16_all	topo36	1100.07466582	0.32740317435	394	false
T_chr16_all	topo667	1099.45970506	0.327220150314	395	false
T_chr16_all	topo679	1099.27597699	0.327165469342	396	false
T_chr16_all	topo552	1097.14431783	0.326531046973	397	false
T_chr16_all	topo44	1096.78482336	0.326424054573	398	false
T_chr16_all	topo295	1096.41898685	0.326315174658	399	false
T_chr16_all	topo105	1095.97564073	0.326183226407	400	false
T_chr16_all	topo104	1095.94850368	0.326175149906	401	false
T_chr16_all	topo319	1095.00600901	0.325894645538	402	false
T_chr16_all	topo817	1094.218155	0.32566016518	403	false
T_chr16_all	topo701	1094.14431783	0.32563818983	404	false
T_chr16_all	topo30	1093.56751907	0.325466523534	405	false
T_chr16_all	topo232	1088.77608733	0.324040502182	406	false
T_chr16_all	topo64	1087.45970506	0.323648721743	407	false
T_chr16_all	topo733	1087.41898685	0.323636603229	408	false
T_chr16_all	topo860	1085.77608733	0.323147645039	409	false
T_chr16_all	topo439	1082.91149082	0.322295086555	410	false
T_chr16_all	topo336	1081.00818006	0.321728625018	411	false
T_chr16_all	topo499	1080.63665833	0.321618053074	412	false
T_chr16_all	topo895	1079.91149082	0.321402229412	413	false
T_chr16_all	topo803	1078.00818006	0.320835767876	414	false
T_chr16_all	topo344	1077.71833761	0.320749505241	415	false
T_chr16_all	topo290	1077.70436008	0.320745345261	416	false
T_chr16_all	topo264	1077.34616673	0.320638740097	417	false
T_chr16_all	topo622	1077.16693592	0.320585397594	418	false
T_chr16_all	topo357	1076.77713338	0.320469384936	419	false
T_chr16_all	topo597	1076.74838667	0.320460829367	420	false
T_chr16_all	topo807	1074.71833761	0.319856648098	421	false
T_chr16_all	topo240	1074.53359777	0.319801666004	422	false
T_chr16_all	topo459	1074.41386847	0.319766032283	423	false
T_chr16_all	topo656	1072.17778299	0.319100530653	424	false
T_chr16_all	topo850	1071.53359777	0.318908808861	425	false
T_chr16_all	topo29	1068.63665833	0.318046624503	426	false
T_chr16_all	topo544	1068.46648932	0.317995978963	427	false
T_chr16_all	topo780	1068.16693592	0.317906826166	428	false
T_chr16_all	topo741	1067.88432878	0.317822716899	429	false
T_chr16_all	topo395	1067.26772611	0.3176392042	430	false
T_chr16_all	topo58	1065.70436008	0.317173916689	431	false
T_chr16_all	topo913	1065.46648932	0.31710312182	432	false
T_chr16_all	topo69	1065.34616673	0.317067311526	433	false
T_chr16_all	topo586	1065.29827901	0.317053059231	434	false
T_chr16_all	topo927	1065.29827901	0.317053059231	434	false
T_chr16_all	topo56	1064.77713338	0.316897956364	436	false
T_chr16_all	topo20	1064.74838667	0.316889400795	437	false
T_chr16_all	topo68	1062.41386847	0.316194603712	438	false
T_chr16_all	topo37	1060.17778299	0.315529102082	439	false
T_chr16_all	topo730	1058.88432878	0.315144145471	440	false
T_chr16_all	topo524	1055.73192904	0.314205931262	441	false
T_chr16_all	topo629	1055.73192904	0.314205931262	441	false
T_chr16_all	topo400	1055.63945253	0.31417840849	443	false
T_chr16_all	topo59	1055.26772611	0.314067775629	444	false
T_chr16_all	topo346	1054.58011827	0.313863130439	445	false
T_chr16_all	topo887	1054.58011827	0.313863130439	445	false
T_chr16_all	topo420	1053.50951405	0.313544498228	447	false
T_chr16_all	topo239	1049.60273703	0.312381766973	448	false
T_chr16_all	topo539	1047.50951405	0.311758783942	449	false
T_chr16_all	topo448	1046.67043877	0.311509059159	450	false
T_chr16_all	topo688	1046.63945253	0.311499837061	451	false
T_chr16_all	topo805	1046.60273703	0.31148890983	452	false
T_chr16_all	topo549	1046.32038654	0.311404876945	453	false
T_chr16_all	topo446	1045.83276432	0.311259751286	454	false
T_chr16_all	topo230	1045.72260648	0.311226966215	455	false
T_chr16_all	topo717	1043.67043877	0.310616202016	456	false
T_chr16_all	topo548	1043.38808828	0.310532169131	457	false
T_chr16_all	topo707	1043.32038654	0.310512019802	458	false
T_chr16_all	topo747	1042.83276432	0.310366894143	459	false
T_chr16_all	topo849	1042.72260648	0.310334109072	460	false
T_chr16_all	topo267	1041.92821567	0.310097683236	461	false
T_chr16_all	topo337	1041.11129724	0.30985455275	462	false
T_chr16_all	topo791	1040.38808828	0.309639311989	463	false
T_chr16_all	topo310	1039.59689531	0.309403837888	464	false
T_chr16_all	topo415	1039.59689531	0.309403837888	464	false
T_chr16_all	topo462	1038.99591742	0.309224975422	466	false
T_chr16_all	topo878	1038.11129724	0.308961695608	467	false
T_chr16_all	topo449	1036.32335705	0.308429570551	468	false
T_chr16_all	topo841	1036.26802396	0.30841310237	469	false
T_chr16_all	topo574	1036.20560877	0.308394526419	470	false
T_chr16_all	topo252	1036.13599797	0.308373808921	471	false
T_chr16_all	topo628	1035.86431057	0.308292949574	472	false
T_chr16_all	topo525	1034.54083804	0.307899058941	473	false
T_chr16_all	topo762	1033.32335705	0.307536713408	474	false
T_chr16_all	topo492	1030.75168943	0.30677133614	475	false
T_chr16_all	topo903	1030.40008933	0.306666693252	476	false
T_chr16_all	topo838	1030.26802396	0.306627388085	477	false
T_chr16_all	topo924	1030.20560877	0.306608812133	478	false
T_chr16_all	topo42	1029.92821567	0.306526254665	479	false
T_chr16_all	topo330	1029.86431057	0.306507235288	480	false
T_chr16_all	topo540	1028.54083804	0.306113344656	481	false
T_chr16_all	topo41	1026.99591742	0.305653546851	482	false
T_chr16_all	topo430	1024.40008933	0.304880978967	483	false
T_chr16_all	topo57	1024.13599797	0.304802380349	484	false
T_chr16_all	topo865	1019.65318188	0.303468208891	485	false
T_chr16_all	topo481	1019.30158177	0.303363566004	486	false
T_chr16_all	topo909	1019.30158177	0.303363566004	486	false
T_chr16_all	topo21	1018.75168943	0.303199907569	488	false
T_chr16_all	topo757	1018.57940122	0.303148631315	489	false
T_chr16_all	topo379	1018.47628046	0.303117940613	490	false
T_chr16_all	topo920	1014.59535989	0.301962904729	491	false
T_chr16_all	topo241	1013.93898286	0.301767554424	492	false
T_chr16_all	topo869	1013.93898286	0.301767554424	492	false
T_chr16_all	topo651	1013.79834987	0.301725699366	494	false
T_chr16_all	topo214	1013.65318188	0.301682494606	495	false
T_chr16_all	topo754	1012.57940122	0.30136291703	496	false
T_chr16_all	topo890	1012.47628046	0.301332226327	497	false
T_chr16_all	topo342	1010.86172992	0.300851705333	498	false
T_chr16_all	topo532	1008.59535989	0.300177190443	499	false
T_chr16_all	topo341	1007.92943167	0.29997899752	500	false
T_chr16_all	topo708	1007.86172992	0.299958848191	501	false
T_chr16_all	topo311	1007.74191765	0.299923189777	502	false
T_chr16_all	topo568	1007.73124141	0.299920012325	503	false
T_chr16_all	topo447	1005.15092335	0.29915206052	504	false
T_chr16_all	topo792	1004.92943167	0.299086140377	505	false
T_chr16_all	topo702	1002.15092335	0.298259203377	506	false
T_chr16_all	topo25	1001.79834987	0.298154270794	507	false
T_chr16_all	topo328	1001.74191765	0.298137475492	508	false
T_chr16_all	topo231	999.72590924	0.297537472988	509	false
T_chr16_all	topo590	998.059312216	0.297041461969	510	false
T_chr16_all	topo350	997.956191456	0.297010771267	511	false
T_chr16_all	topo804	996.72590924	0.296644615845	512	false
T_chr16_all	topo97	995.731241412	0.296348583754	513	false
T_chr16_all	topo934	994.267689397	0.295913002797	514	false
T_chr16_all	topo939	994.267689397	0.295913002797	514	false
T_chr16_all	topo373	994.053645375	0.295849299219	516	false
T_chr16_all	topo743	992.059312216	0.295255747683	517	false
T_chr16_all	topo845	991.956191456	0.295225056981	518	false
T_chr16_all	topo662	989.211431099	0.294408164018	519	false
T_chr16_all	topo630	988.544140801	0.294209565715	520	false
T_chr16_all	topo369	985.564846745	0.293322871055	521	false
T_chr16_all	topo582	984.461632212	0.292994533396	522	false
T_chr16_all	topo235	982.805134129	0.292501528015	523	false
T_chr16_all	topo435	982.544140801	0.292423851429	524	false
T_chr16_all	topo86	982.053645375	0.292277870647	525	false
T_chr16_all	topo861	979.805134129	0.291608670872	526	false
T_chr16_all	topo885	979.207259582	0.291430732019	527	false
T_chr16_all	topo579	978.597035703	0.291249117769	528	false
T_chr16_all	topo52	977.211431099	0.290836735446	529	false
T_chr16_all	topo419	976.1686096	0.290526371905	530	false
T_chr16_all	topo627	976.1686096	0.290526371905	530	false
T_chr16_all	topo66	973.564846745	0.289751442484	532	false
T_chr16_all	topo325	973.207259582	0.289645017733	533	false
T_chr16_all	topo23	972.461632212	0.289423104825	534	false
T_chr16_all	topo567	971.93338368	0.289265888	535	false
T_chr16_all	topo810	970.05485984	0.288706803524	536	false
T_chr16_all	topo855	970.05485984	0.288706803524	536	false
T_chr16_all	topo514	967.05485984	0.287813946381	538	false
T_chr16_all	topo619	967.05485984	0.287813946381	538	false
T_chr16_all	topo416	967.01665741	0.28780257661	540	false
T_chr16_all	topo387	966.732303904	0.28771794759	541	false
T_chr16_all	topo50	966.597035703	0.287677689197	542	false
T_chr16_all	topo353	966.428601138	0.287627559862	543	false
T_chr16_all	topo283	964.900563818	0.287172786851	544	false
T_chr16_all	topo223	961.01665741	0.286016862325	545	false
T_chr16_all	topo384	960.867707395	0.285972531963	546	false
T_chr16_all	topo38	959.93338368	0.285694459428	547	false
T_chr16_all	topo442	958.185650909	0.285174300866	548	false
T_chr16_all	topo821	957.428601138	0.284948988434	549	false
T_chr16_all	topo591	957.377471242	0.284933771203	550	false
T_chr16_all	topo245	957.315056046	0.284915195252	551	false
T_chr16_all	topo593	955.813561157	0.284468321773	552	false
T_chr16_all	topo896	955.185650909	0.284281443723	553	false
T_chr16_all	topo24	954.732303904	0.284146519019	554	false
T_chr16_all	topo546	954.620477682	0.284113237405	555	false
T_chr16_all	topo761	954.028374274	0.283937016153	556	false
T_chr16_all	topo716	953.97410019	0.283920863152	557	false
T_chr16_all	topo233	953.476557585	0.283772784995	558	false
T_chr16_all	topo81	952.900563818	0.283601358279	559	false
T_chr16_all	topo478	952.590822209	0.283509173276	560	false
T_chr16_all	topo485	952.062614975	0.283351968742	561	false
T_chr16_all	topo351	951.959494215	0.28332127804	562	false
T_chr16_all	topo752	951.620477682	0.283220380262	563	false
T_chr16_all	topo698	951.377471242	0.283148056917	564	false
T_chr16_all	topo846	951.315056046	0.283129480966	565	false
T_chr16_all	topo292	951.028374274	0.28304415901	566	false
T_chr16_all	topo397	950.97410019	0.283028006009	567	false
T_chr16_all	topo843	950.476557585	0.282879927853	568	false
T_chr16_all	topo51	948.867707395	0.282401103391	569	false
T_chr16_all	topo440	947.611961076	0.282027369368	570	false
T_chr16_all	topo725	946.813561157	0.281789750344	571	false
T_chr16_all	topo744	946.062614975	0.281566254457	572	false
T_chr16_all	topo307	946.056269938	0.281564366053	573	false
T_chr16_all	topo800	945.959494215	0.281535563754	574	false
T_chr16_all	topo842	944.611961076	0.281134512225	575	false
T_chr16_all	topo474	944.102023579	0.280982745113	576	false
T_chr16_all	topo259	943.353638704	0.280760011519	577	false
T_chr16_all	topo706	943.29936462	0.280743858518	578	false
T_chr16_all	topo338	940.866897927	0.280019910097	579	false
T_chr16_all	topo92	940.590822209	0.279937744705	580	false
T_chr16_all	topo454	940.421340449	0.279887303705	581	false
T_chr16_all	topo790	940.367066365	0.279871150704	582	false
T_chr16_all	topo837	937.866897927	0.279127052954	583	false
T_chr16_all	topo870	937.353638704	0.278974297233	584	false
T_chr16_all	topo703	937.29936462	0.278958144232	585	false
T_chr16_all	topo823	937.056269938	0.278885794624	586	false
T_chr16_all	topo234	935.78793484	0.27850831394	587	false
T_chr16_all	topo904	934.421340449	0.278101589419	588	false
T_chr16_all	topo787	934.367066365	0.278085436418	589	false
T_chr16_all	topo759	932.78793484	0.277615456798	590	false
T_chr16_all	topo65	932.102023579	0.277411316541	591	false
T_chr16_all	topo441	929.923338331	0.276762898313	592	false
T_chr16_all	topo282	929.102706086	0.276518662526	593	false
T_chr16_all	topo758	926.923338331	0.27587004117	594	false
T_chr16_all	topo248	925.787465727	0.275531983847	595	false
T_chr16_all	topo695	917.427376342	0.273043862006	596	false
T_chr16_all	topo39	917.102706086	0.272947233954	597	false
T_chr16_all	topo822	916.787465727	0.272853412419	598	false
T_chr16_all	topo545	913.116948952	0.271760996712	599	false
T_chr16_all	topo784	911.562779833	0.271298446379	600	false
T_chr16_all	topo486	911.380774001	0.271244277976	601	false
T_chr16_all	topo246	911.318358804	0.271225702025	602	false
T_chr16_all	topo797	910.116948952	0.270868139569	603	false
T_chr16_all	topo488	909.816863916	0.270778828546	604	false
T_chr16_all	topo682	908.427376342	0.270365290578	605	false
T_chr16_all	topo511	906.527021464	0.269799708769	606	false
T_chr16_all	topo699	905.380774001	0.269458563691	607	false
T_chr16_all	topo801	905.318358804	0.269439987739	608	false
T_chr16_all	topo610	903.225592345	0.268817140579	609	false
T_chr16_all	topo769	902.562779833	0.26861987495	610	false
T_chr16_all	topo726	900.816863916	0.268100257118	611	false
T_chr16_all	topo372	899.903491558	0.267828420107	612	false
T_chr16_all	topo339	898.036220333	0.267272684623	613	false
T_chr16_all	topo734	897.527021464	0.267121137341	614	false
T_chr16_all	topo829	897.117778325	0.266999338787	615	false
T_chr16_all	topo941	895.318924309	0.266463965568	616	false
T_chr16_all	topo943	895.264650225	0.266447812567	617	false
T_chr16_all	topo714	895.036220333	0.26637982748	618	false
T_chr16_all	topo690	894.225592345	0.26613856915	619	false
T_chr16_all	topo765	890.600088569	0.265059550169	620	false
T_chr16_all	topo853	890.545814484	0.265043397168	621	false
T_chr16_all	topo944	889.318924309	0.264678251282	622	false
T_chr16_all	topo942	889.264650225	0.264662098281	623	false
T_chr16_all	topo564	888.967031784	0.264573521364	624	false
T_chr16_all	topo814	888.117778325	0.264320767359	625	false
T_chr16_all	topo27	887.903491558	0.264256991535	626	false
T_chr16_all	topo613	887.600088569	0.264166693026	627	false
T_chr16_all	topo409	887.545814484	0.264150540025	628	false
T_chr16_all	topo505	878.2947316	0.261397241548	629	false
T_chr16_all	topo352	877.805806023	0.261251727983	630	false
T_chr16_all	topo53	876.967031784	0.261002092793	631	false
T_chr16_all	topo301	875.362433346	0.260524533734	632	false
T_chr16_all	topo263	875.004239996	0.26041792857	633	false
T_chr16_all	topo356	874.435206655	0.260248573409	634	false
T_chr16_all	topo596	874.406459942	0.26024001784	635	false
T_chr16_all	topo458	872.071941741	0.259545220756	636	false
T_chr16_all	topo536	871.805806023	0.259466013697	637	false
T_chr16_all	topo740	869.919981095	0.258904756278	638	false
T_chr16_all	topo689	869.2947316	0.258718670119	639	false
T_chr16_all	topo237	868.959122495	0.258618786457	640	false
T_chr16_all	topo592	867.136491958	0.258076336892	641	false
T_chr16_all	topo778	866.362433346	0.257845962305	642	false
T_chr16_all	topo819	866.004239996	0.257739357142	643	false
T_chr16_all	topo753	865.959122495	0.257725929314	644	false
T_chr16_all	topo776	865.435206655	0.257570001981	645	false
T_chr16_all	topo680	865.406459942	0.257561446411	646	false
T_chr16_all	topo406	864.925799384	0.257418392674	647	false
T_chr16_all	topo818	863.071941741	0.256866649328	648	false
T_chr16_all	topo320	861.136491958	0.256290622606	649	false
T_chr16_all	topo727	860.919981095	0.25622618485	650	false
T_chr16_all	topo571	858.960018537	0.25564286266	651	false
T_chr16_all	topo925	858.960018537	0.25564286266	651	false
T_chr16_all	topo477	858.440668392	0.255488294164	653	false
T_chr16_all	topo443	857.941251594	0.255339658213	654	false
T_chr16_all	topo315	857.433474823	0.255188534173	655	false
T_chr16_all	topo779	855.925799384	0.254739821245	656	false
T_chr16_all	topo836	854.941251594	0.25444680107	657	false
T_chr16_all	topo538	851.433474823	0.253402819888	658	false
T_chr16_all	topo26	846.440668392	0.251916865593	659	false
T_chr16_all	topo279	846.136354191	0.25182629589	660	false
T_chr16_all	topo376	841.230690229	0.250366276854	661	false
T_chr16_all	topo891	841.230690229	0.250366276854	661	false
T_chr16_all	topo266	839.670413774	0.249901908861	663	false
T_chr16_all	topo247	837.164670612	0.249156151968	664	false
T_chr16_all	topo461	836.738115519	0.249029201047	665	false
T_chr16_all	topo54	834.136354191	0.248254867319	666	false
T_chr16_all	topo251	833.794071244	0.248152997394	667	false
T_chr16_all	topo537	831.164670612	0.247370437682	668	false
T_chr16_all	topo732	830.670413774	0.247223337433	669	false
T_chr16_all	topo866	828.804581226	0.246668030127	670	false
T_chr16_all	topo491	828.4097627	0.246550524613	671	false
T_chr16_all	topo731	827.738115519	0.246350629619	672	false
T_chr16_all	topo236	827.455593766	0.246266545764	673	false
T_chr16_all	topo777	824.794071244	0.245474425965	674	false
T_chr16_all	topo798	824.455593766	0.245373688621	675	false
T_chr16_all	topo901	822.939984717	0.244922614499	676	false
T_chr16_all	topo217	822.804581226	0.244882315841	677	false
T_chr16_all	topo487	821.139794716	0.244386843665	678	false
T_chr16_all	topo347	820.710601226	0.244259107508	679	false
T_chr16_all	topo587	820.710601226	0.244259107508	679	false
T_chr16_all	topo681	819.4097627	0.243871953185	681	false
T_chr16_all	topo523	817.849952265	0.243407723888	682	false
T_chr16_all	topo424	816.939984717	0.243136900214	683	false
T_chr16_all	topo321	815.139794716	0.24260112938	684	false
T_chr16_all	topo444	815.110574001	0.242592432738	685	false
T_chr16_all	topo626	814.602797229	0.242441308699	686	false
T_chr16_all	topo713	812.110574001	0.241699575596	687	false
T_chr16_all	topo329	811.849952265	0.241622009603	688	false
T_chr16_all	topo696	811.456423138	0.241504887839	689	false
T_chr16_all	topo512	811.193097926	0.24142651724	690	false
T_chr16_all	topo617	811.193097926	0.24142651724	690	false
T_chr16_all	topo225	808.602797229	0.240655594413	692	false
T_chr16_all	topo919	808.49498321	0.240623506908	693	false
T_chr16_all	topo260	808.054108956	0.240492294332	694	false
T_chr16_all	topo576	807.99169376	0.240473718381	695	false
T_chr16_all	topo309	805.727378257	0.239799814957	696	false
T_chr16_all	topo414	805.727378257	0.239799814957	696	false
T_chr16_all	topo312	805.207425441	0.239645067096	698	false
T_chr16_all	topo520	805.207425441	0.239645067096	698	false
T_chr16_all	topo455	805.121810702	0.239619586518	700	false
T_chr16_all	topo575	805.059395505	0.239601010567	701	false
T_chr16_all	topo529	802.49498321	0.238837792622	702	false
T_chr16_all	topo685	802.456423138	0.23882631641	703	false
T_chr16_all	topo840	802.054108956	0.238706580047	704	false
T_chr16_all	topo704	801.99169376	0.238688004095	705	false
T_chr16_all	topo839	799.121810702	0.237833872233	706	false
T_chr16_all	topo788	799.059395505	0.237815296281	707	false
T_chr16_all	topo559	795.074524994	0.236629322915	708	false
T_chr16_all	topo835	795.02025091	0.236613169914	709	false
T_chr16_all	topo261	790.365486212	0.235227823277	710	false
T_chr16_all	topo381	790.262365452	0.235197132575	711	false
T_chr16_all	topo521	789.671936485	0.235021409668	712	false
T_chr16_all	topo922	789.074524994	0.234843608629	713	false
T_chr16_all	topo832	789.02025091	0.234827455628	714	false
T_chr16_all	topo456	787.433187957	0.234355115463	715	false
T_chr16_all	topo380	787.330067197	0.234324424761	716	false
T_chr16_all	topo785	786.869504369	0.234187352491	717	false
T_chr16_all	topo313	786.73963823	0.234148701854	718	false
T_chr16_all	topo262	786.381444881	0.234042096691	719	false
T_chr16_all	topo355	785.812411539	0.23387274153	720	false
T_chr16_all	topo595	785.783664827	0.23386418596	721	false
T_chr16_all	topo756	784.365486212	0.233442108992	722	false
T_chr16_all	topo705	784.262365452	0.233411418289	723	false
T_chr16_all	topo224	783.671936485	0.233235695382	724	false
T_chr16_all	topo457	783.449146626	0.233169388877	725	false
T_chr16_all	topo368	783.222920015	0.233102059528	726	false
T_chr16_all	topo581	782.119705482	0.23277372187	727	false
T_chr16_all	topo751	781.472912675	0.23258122401	728	false
T_chr16_all	topo755	781.433187957	0.232569401178	729	false
T_chr16_all	topo364	781.369791915	0.232550533308	730	false
T_chr16_all	topo789	781.330067197	0.232538710475	731	false
T_chr16_all	topo884	781.242911895	0.232512771397	732	false
T_chr16_all	topo433	780.73963823	0.232362987569	733	false
T_chr16_all	topo534	780.381444881	0.232256382405	734	false
T_chr16_all	topo242	780.069465815	0.232163531493	735	false
T_chr16_all	topo588	780.069465815	0.232163531493	735	false
T_chr16_all	topo431	779.812411539	0.232087027244	737	false
T_chr16_all	topo215	779.783664827	0.232078471675	738	false
T_chr16_all	topo772	777.869504369	0.231508781062	739	false
T_chr16_all	topo533	777.449146626	0.231383674591	740	false
T_chr16_all	topo418	776.303004268	0.231042560794	741	false
T_chr16_all	topo578	776.255108973	0.231028306242	742	false
T_chr16_all	topo748	775.472912675	0.230795509725	743	false
T_chr16_all	topo888	775.369791915	0.230764819022	744	false
T_chr16_all	topo322	775.242911895	0.230727057112	745	false
T_chr16_all	topo348	774.713903984	0.230569614281	746	false
T_chr16_all	topo482	774.713903984	0.230569614281	746	false
T_chr16_all	topo816	774.222920015	0.2304234881	748	false
T_chr16_all	topo683	773.119705482	0.230095150441	749	false
T_chr16_all	topo506	770.511256952	0.229318826474	750	false
T_chr16_all	topo611	770.511256952	0.229318826474	750	false
T_chr16_all	topo434	770.303004268	0.229256846508	752	false
T_chr16_all	topo566	769.67558178	0.229070113625	753	false
T_chr16_all	topo770	767.255108973	0.228349734813	754	false
T_chr16_all	topo256	766.053774389	0.227992194759	755	false
T_chr16_all	topo871	766.053774389	0.227992194759	755	false
T_chr16_all	topo386	764.390377174	0.227497136064	757	false
T_chr16_all	topo451	763.121476135	0.227119486945	758	false
T_chr16_all	topo905	763.121476135	0.227119486945	758	false
T_chr16_all	topo728	760.67558178	0.226391542196	760	false
T_chr16_all	topo303	759.730681015	0.226110321731	761	false
T_chr16_all	topo408	759.730681015	0.226110321731	761	false
T_chr16_all	topo383	758.525780665	0.225751720436	763	false
T_chr16_all	topo684	755.390377174	0.224818564635	764	false
T_chr16_all	topo274	752.243847401	0.223882097441	765	false
T_chr16_all	topo712	752.189573316	0.223865944439	766	false
T_chr16_all	topo265	750.993344574	0.22350992398	767	false
T_chr16_all	topo771	749.525780665	0.223073149007	768	false
T_chr16_all	topo460	748.06104632	0.222637216167	769	false
T_chr16_all	topo401	747.954694592	0.222605563867	770	false
T_chr16_all	topo612	747.954694592	0.222605563867	770	false
T_chr16_all	topo872	746.243847401	0.222096383155	772	false
T_chr16_all	topo709	746.189573316	0.222080230154	773	false
T_chr16_all	topo250	745.171276128	0.221777165514	774	false
T_chr16_all	topo407	745.022396337	0.221732856053	775	false
T_chr16_all	topo623	745.022396337	0.221732856053	775	false
T_chr16_all	topo314	744.999448086	0.221726026216	777	false
T_chr16_all	topo625	744.999448086	0.221726026216	777	false
T_chr16_all	topo327	744.993344574	0.221724209695	779	false
T_chr16_all	topo326	742.06104632	0.220851501881	780	false
T_chr16_all	topo473	741.760096849	0.220761933586	781	false
T_chr16_all	topo796	739.969383945	0.220228983317	782	false
T_chr16_all	topo469	739.906968749	0.220210407366	783	false
T_chr16_all	topo490	739.786967585	0.220174692734	784	false
T_chr16_all	topo432	739.171276128	0.219991451229	785	false
T_chr16_all	topo243	734.072768573	0.218474038266	786	false
T_chr16_all	topo483	734.072768573	0.218474038266	786	false
T_chr16_all	topo793	733.969383945	0.218443269031	788	false
T_chr16_all	topo906	733.906968749	0.21842469308	789	false
T_chr16_all	topo216	733.786967585	0.218388978448	790	false
T_chr16_all	topo815	732.760096849	0.218083362158	791	false
T_chr16_all	topo281	726.844904187	0.216322888151	792	false
T_chr16_all	topo359	725.467182051	0.215912851801	793	false
T_chr16_all	topo360	725.467182051	0.215912851801	793	false
T_chr16_all	topo867	722.833628023	0.215129055959	795	false
T_chr16_all	topo515	722.467182051	0.215019994658	796	false
T_chr16_all	topo620	722.467182051	0.215019994658	796	false
T_chr16_all	topo600	720.158857225	0.214332993222	798	false
T_chr16_all	topo599	720.104583141	0.214316840221	799	false
T_chr16_all	topo718	719.530356242	0.214145939358	800	false
T_chr16_all	topo806	719.530356242	0.214145939358	800	false
T_chr16_all	topo417	719.012110439	0.213991699535	802	false
T_chr16_all	topo522	719.012110439	0.213991699535	802	false
T_chr16_all	topo940	718.019059994	0.213696148808	804	false
T_chr16_all	topo945	718.019059994	0.213696148808	804	false
T_chr16_all	topo729	717.844904187	0.213644316722	806	false
T_chr16_all	topo293	717.158857225	0.213440136079	807	false
T_chr16_all	topo398	717.104583141	0.213423983078	808	false
T_chr16_all	topo220	716.833628023	0.213343341673	809	false
T_chr16_all	topo298	716.530356242	0.213253082215	810	false
T_chr16_all	topo502	716.530356242	0.213253082215	810	false
T_chr16_all	topo902	698.246709254	0.207811520611	812	false
T_chr16_all	topo371	697.561564828	0.20760760858	813	false
T_chr16_all	topo367	694.6001249	0.206726227649	814	false
T_chr16_all	topo580	693.496910366	0.20639788999	815	false
T_chr16_all	topo427	692.246709254	0.206025806326	816	false
T_chr16_all	topo531	688.6001249	0.204940513363	817	false
T_chr16_all	topo687	688.561564828	0.204929037151	818	false
T_chr16_all	topo577	687.632313857	0.204652474362	819	false
T_chr16_all	topo218	687.496910366	0.204612175704	820	false
T_chr16_all	topo563	686.625105054	0.204352709838	821	false
T_chr16_all	topo254	684.82604664	0.203817275786	822	false
T_chr16_all	topo255	684.82604664	0.203817275786	822	false
T_chr16_all	topo516	681.82604664	0.202924418643	824	false
T_chr16_all	topo621	681.82604664	0.202924418643	824	false
T_chr16_all	topo425	681.632313857	0.202866760077	826	false
T_chr16_all	topo561	681.22851336	0.202746581357	827	false
T_chr16_all	topo365	681.1253926	0.202715890655	828	false
T_chr16_all	topo565	680.998512581	0.202678128744	829	false
T_chr16_all	topo773	677.625105054	0.201674138409	830	false
T_chr16_all	topo385	675.767582058	0.201121304184	831	false
T_chr16_all	topo749	675.22851336	0.200960867071	832	false
T_chr16_all	topo834	675.1253926	0.200930176369	833	false
T_chr16_all	topo323	674.998512581	0.200892414459	834	false
T_chr16_all	topo495	674.162159984	0.200643499995	835	false
T_chr16_all	topo494	674.107885899	0.200627346994	836	false
T_chr16_all	topo294	671.162159984	0.199750642852	837	false
T_chr16_all	topo399	671.107885899	0.199734489851	838	false
T_chr16_all	topo308	669.907895694	0.199377349909	839	false
T_chr16_all	topo519	669.907895694	0.199377349909	839	false
T_chr16_all	topo382	669.902985549	0.199375888556	841	false
T_chr16_all	topo219	669.767582058	0.199335589898	842	false
T_chr16_all	topo426	663.902985549	0.197590174271	843	false
T_chr16_all	topo269	662.386173561	0.197138742131	844	false
T_chr16_all	topo270	662.331899476	0.19712258913	845	false
T_chr16_all	topo464	659.453875306	0.196266034317	846	false
T_chr16_all	topo465	659.399601222	0.196249881316	847	false
T_chr16_all	topo615	659.386173561	0.196245884988	848	false
T_chr16_all	topo411	659.331899476	0.196229731987	849	false
T_chr16_all	topo720	659.322378886	0.196226898478	850	false
T_chr16_all	topo851	659.322378886	0.196226898478	850	false
T_chr16_all	topo614	656.453875306	0.195373177174	852	false
T_chr16_all	topo410	656.399601222	0.195357024173	853	false
T_chr16_all	topo304	656.322378886	0.195334041335	854	false
T_chr16_all	topo607	656.322378886	0.195334041335	854	false
T_chr16_all	topo476	656.098741662	0.195267482638	856	false
T_chr16_all	topo472	653.137301734	0.194386101707	857	false
T_chr16_all	topo297	652.219272949	0.194112878854	858	false
T_chr16_all	topo513	652.219272949	0.194112878854	858	false
T_chr16_all	topo530	647.137301734	0.192600387421	860	false
T_chr16_all	topo686	647.098741662	0.192588911209	861	false
T_chr16_all	topo278	643.794427461	0.191605484363	862	false
T_chr16_all	topo560	639.724984631	0.190394340664	863	false
T_chr16_all	topo470	639.662569434	0.190375764712	864	false
T_chr16_all	topo276	638.397835766	0.189999355883	865	false
T_chr16_all	topo366	638.294715007	0.189968665181	866	false
T_chr16_all	topo280	638.167834987	0.18993090327	867	false
T_chr16_all	topo774	634.794427461	0.188926912935	868	false
T_chr16_all	topo794	633.724984631	0.188608626378	869	false
T_chr16_all	topo833	633.662569434	0.188590050427	870	false
T_chr16_all	topo763	633.443589408	0.1885248778	871	false
T_chr16_all	topo808	633.389315324	0.188508724799	872	false
T_chr16_all	topo750	632.397835766	0.188213641597	873	false
T_chr16_all	topo711	632.294715007	0.188182950895	874	false
T_chr16_all	topo324	632.167834987	0.188145188984	875	false
T_chr16_all	topo296	631.153436452	0.187843284658	876	false
T_chr16_all	topo618	631.153436452	0.187843284658	876	false
T_chr16_all	topo257	630.746103529	0.187722054622	878	false
T_chr16_all	topo573	630.746103529	0.187722054622	878	false
T_chr16_all	topo508	630.443589408	0.187632020657	880	false
T_chr16_all	topo403	630.389315324	0.187615867656	881	false
T_chr16_all	topo452	627.813805275	0.186849346808	882	false
T_chr16_all	topo572	627.813805275	0.186849346808	882	false
T_chr16_all	topo413	618.767711124	0.184157056882	884	false
T_chr16_all	topo518	618.767711124	0.184157056882	884	false
T_chr16_all	topo556	617.774660679	0.183861506155	886	false
T_chr16_all	topo923	617.774660679	0.183861506155	886	false
T_chr16_all	topo258	613.016775221	0.182445468816	888	false
T_chr16_all	topo378	613.016775221	0.182445468816	888	false
T_chr16_all	topo377	610.084476967	0.181572761002	890	false
T_chr16_all	topo453	610.084476967	0.181572761002	890	false
T_chr16_all	topo370	608.938769713	0.1812317767	892	false
T_chr16_all	topo361	604.124201684	0.179798869549	893	false
T_chr16_all	topo889	604.124201684	0.179798869549	893	false
T_chr16_all	topo222	602.938769713	0.179446062415	895	false
T_chr16_all	topo562	598.002309939	0.177976877958	896	false
T_chr16_all	topo275	596.894307037	0.17764711519	897	false
T_chr16_all	topo471	596.831891841	0.177628539238	898	false
T_chr16_all	topo428	592.002309939	0.176191163672	899	false
T_chr16_all	topo795	590.894307037	0.175861400904	900	false
T_chr16_all	topo710	590.831891841	0.175842824953	901	false
T_chr16_all	topo302	589.649907723	0.175491043965	902	false
T_chr16_all	topo624	589.649907723	0.175491043965	902	false
T_chr16_all	topo584	584.222685382	0.173875799221	904	false
T_chr16_all	topo585	584.222685382	0.173875799221	904	false
T_chr16_all	topo299	581.222685382	0.172982942078	906	false
T_chr16_all	topo503	581.222685382	0.172982942078	906	false
T_chr16_all	topo402	575.937033531	0.171409831408	908	false
T_chr16_all	topo507	575.937033531	0.171409831408	908	false
T_chr16_all	topo271	574.943983086	0.17111428068	910	false
T_chr16_all	topo873	574.943983086	0.17111428068	910	false
T_chr16_all	topo475	567.475946547	0.168891650758	912	false
T_chr16_all	topo389	566.493357074	0.168599213415	913	false
T_chr16_all	topo390	566.493357074	0.168599213415	913	false
T_chr16_all	topo300	563.493357074	0.167706356272	915	false
T_chr16_all	topo504	563.493357074	0.167706356272	915	false
T_chr16_all	topo466	562.661378518	0.167458743607	917	false
T_chr16_all	topo907	562.661378518	0.167458743607	917	false
T_chr16_all	topo221	561.475946547	0.167105936472	919	false
T_chr16_all	topo277	555.171632346	0.165229652484	920	false
T_chr16_all	topo429	549.171632346	0.163443938198	921	false
T_chr16_all	topo374	545.427520577	0.162329619219	922	false
T_chr16_all	topo375	545.427520577	0.162329619219	922	false
T_chr16_all	topo306	542.427520577	0.161436762076	924	false
T_chr16_all	topo609	542.427520577	0.161436762076	924	false
T_chr16_all	topo569	533.199190093	0.158690235147	926	false
T_chr16_all	topo570	533.144916009	0.158674082145	927	false
T_chr16_all	topo509	530.199190093	0.157797378004	928	false
T_chr16_all	topo404	530.144916009	0.157781225003	929	false
T_chr16_all	topo479	503.96469741	0.149989493277	930	false
T_chr16_all	topo480	503.96469741	0.149989493277	930	false
T_chr16_all	topo362	503.879802369	0.149964226896	932	false
T_chr16_all	topo558	503.879802369	0.149964226896	932	false
T_chr16_all	topo305	500.96469741	0.149096636134	934	false
T_chr16_all	topo608	500.96469741	0.149096636134	934	false
T_chr16_all	topo284	490.3685125	0.145943009672	936	false
T_chr16_all	topo285	490.314238415	0.145926856671	937	false
T_chr16_all	topo510	487.3685125	0.14505015253	938	false
T_chr16_all	topo405	487.314238415	0.145033999528	939	false
T_chr16_all	topo467	462.416979203	0.137624100953	940	false
T_chr16_all	topo557	462.416979203	0.137624100953	940	false
T_chr16_all	topo273	461.049124776	0.137217001421	942	false
T_chr16_all	topo363	461.049124776	0.137217001421	942	false
T_chr16_all	topo272	419.58630161	0.124876875479	944	false
T_chr16_all	topo468	419.58630161	0.124876875479	944	false
T_all	topo118	6768.77468487	0.9079509973	1	true
T_all	topo109	6027.68573062	0.80854268687	2	false
T_all	topo643	5982.22923032	0.802445235456	3	false
T_all	topo117	5973.09998369	0.80122065509	4	false
T_all	topo13	5958.22923032	0.799225919561	5	false
T_all	topo106	5908.80226056	0.792595876668	6	false
T_all	topo114	5836.60704476	0.782911743093	7	false
T_all	topo116	5557.5209483	0.745475646989	8	false
T_all	topo111	5548.38817251	0.744250593227	9	false
T_all	topo110	5390.33555368	0.723049705389	10	false
T_all	topo115	5388.22420092	0.72276649241	11	false
T_all	topo107	5326.64899484	0.714506907424	12	false
T_all	topo108	5305.08931495	0.711614931583	13	false
T_all	topo112	5274.17460068	0.707468088622	14	false
T_all	topo634	5241.14027607	0.703036925026	15	false
T_all	topo113	5223.76132335	0.700705744246	16	false
T_all	topo4	5217.14027607	0.699817609131	17	false
T_all	topo642	5186.55452915	0.695714893246	18	false
T_all	topo12	5162.55452915	0.692495577351	19	false
T_all	topo631	5122.25680601	0.687090114824	20	false
T_all	topo119	5098.6945951	0.683929523152	21	false
T_all	topo1	5098.25680601	0.683870798929	22	false
T_all	topo206	5081.73868969	0.68165508916	23	false
T_all	topo205	5075.21356164	0.680779820475	24	false
T_all	topo639	5050.06159021	0.677405981249	25	false
T_all	topo9	5026.06159021	0.674186665354	26	false
T_all	topo120	4822.61525225	0.646896747451	27	false
T_all	topo641	4770.97549376	0.639969885145	28	false
T_all	topo636	4761.84271796	0.638744831383	29	false
T_all	topo187	4759.54447591	0.638436549417	30	false
T_all	topo136	4756.39510555	0.638014098665	31	false
T_all	topo11	4746.97549376	0.63675056925	32	false
T_all	topo6	4737.84271796	0.635525515488	33	false
T_all	topo168	4703.51818736	0.630921286031	34	false
T_all	topo201	4700.39848048	0.630502814283	35	false
T_all	topo181	4640.29672966	0.622440875877	36	false
T_all	topo121	4636.92097198	0.621988057944	37	false
T_all	topo635	4603.79009913	0.617543943546	38	false
T_all	topo640	4601.67874637	0.617260730567	39	false
T_all	topo5	4579.79009913	0.61432462765	40	false
T_all	topo10	4577.67874637	0.614041414671	41	false
T_all	topo153	4567.36713162	0.612658233618	42	false
T_all	topo195	4563.96171046	0.612201436681	43	false
T_all	topo632	4540.1035403	0.60900114558	44	false
T_all	topo633	4518.5438604	0.606109169739	45	false
T_all	topo2	4516.1035403	0.605781829684	46	false
T_all	topo3	4494.5438604	0.602889853844	47	false
T_all	topo637	4487.62914613	0.601962326778	48	false
T_all	topo7	4463.62914613	0.598743010883	49	false
T_all	topo638	4437.21586881	0.595199982402	50	false
T_all	topo8	4413.21586881	0.591980666507	51	false
T_all	topo190	4409.87698896	0.5915327953	52	false
T_all	topo204	4384.13151839	0.58807934519	53	false
T_all	topo184	4370.30399163	0.586224546161	54	false
T_all	topo198	4338.56244351	0.581966793227	55	false
T_all	topo644	4312.14914055	0.578423761308	56	false
T_all	topo14	4288.14914055	0.575204445413	57	false
T_all	topo167	4287.93915197	0.57517627793	58	false
T_all	topo671	4286.71123273	0.5750115671	59	false
T_all	topo200	4284.81944509	0.574757806182	60	false
T_all	topo670	4283.44866871	0.574573932758	61	false
T_all	topo189	4280.2469178	0.574144455774	62	false
T_all	topo138	4277.09754744	0.573722005022	63	false
T_all	topo100	4262.71123273	0.571792251205	64	false
T_all	topo101	4259.44866871	0.571354616862	65	false
T_all	topo139	4156.37551769	0.557528573801	66	false
T_all	topo175	4125.36031747	0.553368251841	67	false
T_all	topo188	4122.19429897	0.552943567937	68	false
T_all	topo137	4119.04492861	0.552521117184	69	false
T_all	topo166	4118.64240459	0.552467123351	70	false
T_all	topo199	4115.5226977	0.552048651604	71	false
T_all	topo124	4077.06504496	0.546890012737	72	false
T_all	topo182	4058.14346395	0.544351906633	73	false
T_all	topo122	4054.76770626	0.5438990887	74	false
T_all	topo183	4036.58378405	0.541459930792	75	false
T_all	topo645	4036.0697977	0.541390985607	76	false
T_all	topo160	4034.43645342	0.541171891807	77	false
T_all	topo123	4033.20802637	0.541007112859	78	false
T_all	topo15	4012.0697977	0.538171669712	79	false
T_all	topo151	4004.93468754	0.537214579147	80	false
T_all	topo193	4001.52926638	0.53675778221	81	false
T_all	topo652	3968.06964872	0.532269570586	82	false
T_all	topo391	3966.49496354	0.532058345209	83	false
T_all	topo152	3954.52141022	0.530452234771	84	false
T_all	topo194	3951.11598905	0.529995437834	85	false
T_all	topo31	3944.06964872	0.52905025469	86	false
T_all	topo82	3942.49496354	0.528839029314	87	false
T_all	topo331	3920.75874191	0.52592337249	88	false
T_all	topo874	3914.75874191	0.525118543516	89	false
T_all	topo603	3912.76363098	0.524850923002	90	false
T_all	topo666	3911.20377754	0.524641687128	91	false
T_all	topo96	3888.76363098	0.521631607107	92	false
T_all	topo63	3887.20377754	0.521422371233	93	false
T_all	topo148	3873.03593891	0.519521923395	94	false
T_all	topo543	3867.88182372	0.518830559856	95	false
T_all	topo912	3861.88182372	0.518025730882	96	false
T_all	topo646	3849.00404056	0.516298328714	97	false
T_all	topo286	3847.31616172	0.516071919748	98	false
T_all	topo931	3836.46596241	0.514616493952	99	false
T_all	topo133	3833.24414343	0.514184325074	100	false
T_all	topo929	3829.94083437	0.513741225267	101	false
T_all	topo16	3825.00404056	0.513079012819	102	false
T_all	topo930	3824.46596241	0.513006836005	103	false
T_all	topo76	3823.31616172	0.512852603853	104	false
T_all	topo932	3817.94083437	0.51213156732	105	false
T_all	topo180	3811.30377818	0.511241284799	106	false
T_all	topo226	3801.28460834	0.509897331769	107	false
T_all	topo856	3795.28460834	0.509092502795	108	false
T_all	topo498	3776.44163365	0.506564940798	109	false
T_all	topo660	3774.73892306	0.506336542329	110	false
T_all	topo165	3766.02041758	0.505167058025	111	false
T_all	topo90	3752.44163365	0.503345624902	112	false
T_all	topo48	3750.73892306	0.503117226434	113	false
T_all	topo438	3731.73076799	0.500567507443	114	false
T_all	topo894	3725.73076799	0.499762678469	115	false
T_all	topo358	3611.02964673	0.48437688085	116	false
T_all	topo598	3595.52204663	0.482296719869	117	false
T_all	topo85	3587.02964673	0.481157564954	118	false
T_all	topo99	3571.52204663	0.479077403974	119	false
T_all	topo253	3571.37441037	0.479057600318	120	false
T_all	topo493	3550.0601146	0.476198539853	121	false
T_all	topo79	3547.37441037	0.475838284422	122	false
T_all	topo736	3530.635385	0.47359294232	123	false
T_all	topo93	3526.0601146	0.472979223957	124	false
T_all	topo721	3512.635385	0.471178455399	125	false
T_all	topo602	3497.18459559	0.469105914902	126	false
T_all	topo665	3495.62474215	0.468896679028	127	false
T_all	topo654	3488.77209061	0.467977476943	128	false
T_all	topo393	3487.19740543	0.467766251566	129	false
T_all	topo95	3473.18459559	0.465886599006	130	false
T_all	topo62	3471.62474215	0.465677363132	131	false
T_all	topo828	3471.48938957	0.465659207186	132	false
T_all	topo140	3465.29347444	0.464828098516	133	false
T_all	topo33	3464.77209061	0.464758161047	134	false
T_all	topo84	3463.19740543	0.464546935671	135	false
T_all	topo176	3453.49861675	0.463245957981	136	false
T_all	topo813	3453.48938957	0.463244720264	137	false
T_all	topo542	3452.30278833	0.463085551755	138	false
T_all	topo911	3446.30278833	0.462280722781	139	false
T_all	topo333	3441.4611838	0.461631278846	140	false
T_all	topo179	3438.47567207	0.461230807789	141	false
T_all	topo876	3435.4611838	0.460826449872	142	false
T_all	topo150	3430.72796121	0.460191544093	143	false
T_all	topo928	3427.93067112	0.45981632074	144	false
T_all	topo933	3427.93067112	0.45981632074	144	false
T_all	topo141	3419.72439955	0.458715546553	146	false
T_all	topo177	3413.92561942	0.457937708842	147	false
T_all	topo691	3411.38763875	0.45759726878	148	false
T_all	topo207	3402.86152897	0.456453592082	149	false
T_all	topo208	3402.83186549	0.456449613078	150	false
T_all	topo676	3393.38763875	0.455182781858	151	false
T_all	topo125	3385.98300171	0.454189537452	152	false
T_all	topo655	3367.23590524	0.451674836384	153	false
T_all	topo161	3362.5747527	0.451049597947	154	false
T_all	topo34	3343.23590524	0.448455520489	155	false
T_all	topo126	3340.41392683	0.44807698549	156	false
T_all	topo783	3335.05261955	0.447357829584	157	false
T_all	topo653	3330.71947178	0.446776589105	158	false
T_all	topo392	3329.1447866	0.446565363729	159	false
T_all	topo601	3327.88784821	0.446396760323	160	false
T_all	topo669	3327.0702965	0.446287095439	161	false
T_all	topo880	3326.42433618	0.446200447509	162	false
T_all	topo664	3326.32799477	0.446187524449	163	false
T_all	topo162	3323.00175537	0.445741348809	164	false
T_all	topo334	3320.73915405	0.445437847626	165	false
T_all	topo768	3317.05261955	0.444943342662	166	false
T_all	topo877	3314.73915405	0.444633018652	167	false
T_all	topo316	3314.42433618	0.444590789561	168	false
T_all	topo32	3306.71947178	0.44355727321	169	false
T_all	topo83	3305.1447866	0.443346047833	170	false
T_all	topo94	3303.88784821	0.443177444427	171	false
T_all	topo70	3303.0702965	0.443067779543	172	false
T_all	topo61	3302.32799477	0.442968208554	173	false
T_all	topo550	3289.72395384	0.441277525666	174	false
T_all	topo649	3288.00767155	0.441047306714	175	false
T_all	topo172	3286.99482648	0.440911445537	176	false
T_all	topo915	3283.72395384	0.440472696692	177	false
T_all	topo332	3283.40856497	0.440430391009	178	false
T_all	topo541	3283.00604095	0.440376397176	179	false
T_all	topo145	3279.33764862	0.43988432577	180	false
T_all	topo875	3277.40856497	0.439625562035	181	false
T_all	topo910	3277.00604095	0.439571568202	182	false
T_all	topo918	3270.41287937	0.438687173625	183	false
T_all	topo647	3266.85077485	0.43820935947	184	false
T_all	topo287	3265.16289601	0.437982950504	185	false
T_all	topo19	3264.00767155	0.437827990818	186	false
T_all	topo528	3258.41287937	0.437077515677	187	false
T_all	topo648	3245.29109495	0.435317383629	188	false
T_all	topo178	3244.35719545	0.435192112066	189	false
T_all	topo288	3243.60321611	0.435090974663	190	false
T_all	topo17	3242.85077485	0.434990043575	191	false
T_all	topo229	3241.42868132	0.434799286562	192	false
T_all	topo77	3241.16289601	0.434763634608	193	false
T_all	topo663	3236.03928959	0.434076363459	194	false
T_all	topo859	3235.42868132	0.433994457588	195	false
T_all	topo18	3221.29109495	0.432098067734	196	false
T_all	topo78	3219.60321611	0.431871658768	197	false
T_all	topo227	3219.13134262	0.431808362525	198	false
T_all	topo149	3214.09907642	0.431133343584	199	false
T_all	topo496	3214.00918956	0.431121286327	200	false
T_all	topo857	3213.13134262	0.431003533551	201	false
T_all	topo658	3212.30647898	0.430892887858	202	false
T_all	topo55	3212.03928959	0.430857047564	203	false
T_all	topo135	3211.77409485	0.430821474829	204	false
T_all	topo862	3207.06339627	0.430189590379	205	false
T_all	topo445	3198.80008979	0.429081165632	206	false
T_all	topo228	3197.57166273	0.428916386684	207	false
T_all	topo211	3195.06339627	0.428579932431	208	false
T_all	topo897	3192.80008979	0.428276336658	209	false
T_all	topo858	3191.57166273	0.42811155771	210	false
T_all	topo88	3190.00918956	0.427901970431	211	false
T_all	topo46	3188.30647898	0.427673571963	212	false
T_all	topo134	3188.12268563	0.427648918261	213	false
T_all	topo163	3175.71697856	0.425984839512	214	false
T_all	topo436	3169.29832391	0.425123852972	215	false
T_all	topo745	3164.60426169	0.424494200093	216	false
T_all	topo497	3163.59591224	0.42435894195	217	false
T_all	topo164	3163.49207095	0.42434501287	218	false
T_all	topo892	3163.29832391	0.424319023998	219	false
T_all	topo659	3161.89320166	0.424130543482	220	false
T_all	topo349	3157.52181239	0.423544173359	221	false
T_all	topo742	3152.60426169	0.422884542145	222	false
T_all	topo886	3145.52181239	0.421934515411	223	false
T_all	topo589	3145.27677631	0.421901646721	224	false
T_all	topo89	3139.59591224	0.421139626055	225	false
T_all	topo847	3138.85879112	0.421040749982	226	false
T_all	topo47	3137.89320166	0.420911227586	227	false
T_all	topo900	3134.11896649	0.420404958618	228	false
T_all	topo926	3133.27677631	0.420291988774	229	false
T_all	topo203	3132.5152294	0.420189836271	230	false
T_all	topo127	3131.34086824	0.420032309623	231	false
T_all	topo192	3131.03963146	0.419991902275	232	false
T_all	topo210	3126.8961116	0.419436098135	233	false
T_all	topo844	3126.85879112	0.419431092035	234	false
T_all	topo209	3126.64006079	0.419401751951	235	false
T_all	topo700	3125.03126436	0.419185950954	236	false
T_all	topo423	3122.11896649	0.41879530067	237	false
T_all	topo437	3118.88504658	0.418361508596	238	false
T_all	topo244	3117.86657603	0.418224892827	239	false
T_all	topo697	3113.03126436	0.417576293006	240	false
T_all	topo893	3112.88504658	0.417556679622	241	false
T_all	topo868	3105.86657603	0.416615234879	242	false
T_all	topo484	3099.81484428	0.415803466704	243	false
T_all	topo154	3098.05260108	0.41556708264	244	false
T_all	topo802	3093.28971623	0.414928198019	245	false
T_all	topo908	3087.81484428	0.414193808757	246	false
T_all	topo142	3082.14981024	0.413433911501	247	false
T_all	topo169	3081.78150174	0.413384507276	248	false
T_all	topo799	3081.28971623	0.413318540072	249	false
T_all	topo289	3078.91948248	0.413000601271	250	false
T_all	topo185	3057.01879038	0.41006288268	251	false
T_all	topo827	3055.91035418	0.409914199085	252	false
T_all	topo43	3054.91948248	0.409781285376	253	false
T_all	topo738	3051.33782689	0.409300848677	254	false
T_all	topo394	3039.37364519	0.40769599533	255	false
T_all	topo812	3037.91035418	0.407499712164	256	false
T_all	topo196	3037.83266337	0.407489290862	257	false
T_all	topo343	3037.39957527	0.40743119722	258	false
T_all	topo723	3033.33782689	0.406886361756	259	false
T_all	topo715	3031.39957527	0.406626368246	260	false
T_all	topo130	3024.73501072	0.405732395804	261	false
T_all	topo501	3018.01474609	0.404830951857	262	false
T_all	topo28	3015.37364519	0.404476679435	263	false
T_all	topo238	2997.60777979	0.402093598899	264	false
T_all	topo75	2994.01474609	0.401611635961	265	false
T_all	topo760	2991.60777979	0.401288769925	266	false
T_all	topo555	2975.66741454	0.399150558624	267	false
T_all	topo157	2972.74041259	0.398757935961	268	false
T_all	topo606	2972.40995692	0.398713609245	269	false
T_all	topo809	2969.66741454	0.39834572965	270	false
T_all	topo60	2948.40995692	0.39549429335	271	false
T_all	topo174	2941.18175136	0.394524715139	272	false
T_all	topo147	2933.5245735	0.393497595372	273	false
T_all	topo450	2930.38405394	0.39307633185	274	false
T_all	topo739	2929.80164153	0.392998208119	275	false
T_all	topo854	2924.38405394	0.392271502876	276	false
T_all	topo173	2921.99562435	0.391951123321	277	false
T_all	topo146	2914.3384465	0.390924003554	278	false
T_all	topo724	2911.80164153	0.390583721197	279	false
T_all	topo191	2894.29526602	0.388235448159	280	false
T_all	topo737	2893.28520806	0.38809996084	281	false
T_all	topo202	2891.87572586	0.387910895487	282	false
T_all	topo831	2887.35590853	0.387304615496	283	false
T_all	topo826	2886.6136068	0.387205044506	284	false
T_all	topo722	2875.28520806	0.385685473918	285	false
T_all	topo820	2869.35590853	0.384890128575	286	false
T_all	topo811	2868.6136068	0.384790557585	287	false
T_all	topo186	2865.78733091	0.384411446132	288	false
T_all	topo128	2860.99456866	0.383768553811	289	false
T_all	topo129	2859.51897072	0.383570619816	290	false
T_all	topo917	2854.83384398	0.382942165524	291	false
T_all	topo694	2850.39126974	0.382346246779	292	false
T_all	topo171	2849.43670697	0.382218203484	293	false
T_all	topo143	2847.1294245	0.381908708853	294	false
T_all	topo882	2847.12677807	0.381908353866	295	false
T_all	topo527	2842.83384398	0.381332507577	296	false
T_all	topo197	2837.13043335	0.380567462555	297	false
T_all	topo318	2835.12677807	0.380298695918	298	false
T_all	topo679	2832.39126974	0.379931759858	299	false
T_all	topo692	2829.23437304	0.379508299535	300	false
T_all	topo155	2827.7063015	0.379303326828	301	false
T_all	topo156	2826.23070356	0.379105392832	302	false
T_all	topo144	2821.04102956	0.378409259498	303	false
T_all	topo677	2811.23437304	0.377093812614	304	false
T_all	topo693	2807.67469314	0.376616323695	305	false
T_all	topo786	2796.35298607	0.375097650714	306	false
T_all	topo132	2792.39021595	0.374566092012	307	false
T_all	topo170	2792.2718743	0.374550217881	308	false
T_all	topo678	2789.67469314	0.374201836773	309	false
T_all	topo775	2778.35298607	0.372683163792	310	false
T_all	topo781	2772.62017547	0.371914175113	311	false
T_all	topo346	2755.51164914	0.369619268832	312	false
T_all	topo887	2755.51164914	0.369619268832	312	false
T_all	topo766	2754.62017547	0.369499688191	314	false
T_all	topo158	2737.72002685	0.367232733313	315	false
T_all	topo586	2736.74148501	0.367101473509	316	false
T_all	topo927	2736.74148501	0.367101473509	316	false
T_all	topo131	2735.22538328	0.366898106408	318	false
T_all	topo883	2725.59059271	0.365605713308	319	false
T_all	topo782	2722.20689814	0.365151830737	320	false
T_all	topo241	2715.85641278	0.3642999883	321	false
T_all	topo869	2715.85641278	0.3642999883	321	false
T_all	topo319	2713.59059271	0.36399605536	323	false
T_all	topo159	2711.6316319	0.363733283957	324	false
T_all	topo767	2704.20689814	0.362737343815	325	false
T_all	topo481	2691.27955299	0.361003293492	326	false
T_all	topo909	2691.27955299	0.361003293492	326	false
T_all	topo881	2689.07415924	0.360707466028	328	false
T_all	topo921	2686.27939833	0.360332581936	329	false
T_all	topo916	2685.5370966	0.360233010946	330	false
T_all	topo317	2677.07415924	0.359097808081	331	false
T_all	topo594	2676.04671914	0.358959989153	332	false
T_all	topo535	2674.27939833	0.358722923988	333	false
T_all	topo526	2673.5370966	0.358623352998	334	false
T_all	topo354	2654.65127452	0.356090043531	335	false
T_all	topo310	2652.44755405	0.355794440516	336	false
T_all	topo415	2652.44755405	0.355794440516	336	false
T_all	topo35	2652.04671914	0.355740673258	338	false
T_all	topo865	2646.06702726	0.354938568378	339	false
T_all	topo396	2642.57900021	0.35447069084	340	false
T_all	topo605	2641.88646774	0.354377795807	341	false
T_all	topo295	2641.48521876	0.354323973006	342	false
T_all	topo214	2634.06702726	0.35332891043	343	false
T_all	topo71	2630.65127452	0.352870727635	344	false
T_all	topo489	2630.58478711	0.352861809136	345	false
T_all	topo335	2629.6571108	0.352737372341	346	false
T_all	topo863	2624.91013056	0.352100621134	347	false
T_all	topo848	2623.6571108	0.351932543367	348	false
T_all	topo733	2623.48521876	0.351909486084	349	false
T_all	topo74	2618.57900021	0.351251374945	350	false
T_all	topo45	2617.88646774	0.351158479912	351	false
T_all	topo551	2617.86225311	0.351155231806	352	false
T_all	topo524	2615.62565817	0.350855219071	353	false
T_all	topo629	2615.62565817	0.350855219071	353	false
T_all	topo249	2614.99603816	0.350770762999	355	false
T_all	topo212	2612.91013056	0.350490963187	356	false
T_all	topo672	2612.23260749	0.350400081488	357	false
T_all	topo673	2612.21777575	0.350398091985	358	false
T_all	topo746	2611.86225311	0.350350402832	359	false
T_all	topo36	2606.58478711	0.349642493241	360	false
T_all	topo864	2603.35045066	0.349208645294	361	false
T_all	topo554	2602.83930843	0.349140081614	362	false
T_all	topo400	2601.75724338	0.348994935396	363	false
T_all	topo764	2596.83930843	0.34833525264	364	false
T_all	topo597	2596.81848544	0.348332459483	365	false
T_all	topo903	2595.41933302	0.348144779748	366	false
T_all	topo345	2595.09159758	0.348100817918	367	false
T_all	topo213	2591.35045066	0.347598987346	368	false
T_all	topo72	2590.99603816	0.347551447103	369	false
T_all	topo852	2589.09159758	0.347295988944	370	false
T_all	topo103	2588.23260749	0.347180765592	371	false
T_all	topo102	2588.21777575	0.34717877609	372	false
T_all	topo336	2584.08803592	0.346624820378	373	false
T_all	topo688	2583.75724338	0.346580448474	374	false
T_all	topo430	2583.41933302	0.3465351218	375	false
T_all	topo517	2578.30035812	0.345848471914	376	false
T_all	topo552	2578.28925578	0.345846982667	377	false
T_all	topo803	2578.08803592	0.345819991404	378	false
T_all	topo20	2572.81848544	0.345113143587	379	false
T_all	topo701	2572.28925578	0.345042153693	380	false
T_all	topo898	2571.68652241	0.344961304147	381	false
T_all	topo357	2563.62026761	0.343879311551	382	false
T_all	topo825	2560.30035812	0.343433984993	383	false
T_all	topo421	2559.68652241	0.343351646199	384	false
T_all	topo492	2551.35655342	0.342234279466	385	false
T_all	topo230	2550.34663807	0.342098811277	386	false
T_all	topo849	2544.34663807	0.341293982303	387	false
T_all	topo56	2539.62026761	0.340659995655	388	false
T_all	topo622	2532.72365341	0.3397348965	389	false
T_all	topo21	2527.35655342	0.33901496357	390	false
T_all	topo446	2526.93838906	0.338958871772	391	false
T_all	topo252	2523.96503125	0.338560031019	392	false
T_all	topo899	2521.27324509	0.33819895977	393	false
T_all	topo747	2520.93838906	0.338154042798	394	false
T_all	topo780	2514.72365341	0.337320409578	395	false
T_all	topo422	2509.27324509	0.336589301823	396	false
T_all	topo231	2504.77756319	0.335986259314	397	false
T_all	topo57	2499.96503125	0.335340715124	398	false
T_all	topo804	2498.77756319	0.335181430341	399	false
T_all	topo668	2493.4726343	0.334469836929	400	false
T_all	topo657	2488.16844744	0.33375834305	401	false
T_all	topo447	2487.36539173	0.333650622633	402	false
T_all	topo702	2481.36539173	0.33284579366	403	false
T_all	topo590	2473.41507558	0.331779352862	404	false
T_all	topo67	2469.4726343	0.331250521034	405	false
T_all	topo350	2466.43976914	0.330843698074	406	false
T_all	topo40	2464.16844744	0.330539027154	407	false
T_all	topo743	2461.41507558	0.330169694914	408	false
T_all	topo716	2460.76087436	0.330081941564	409	false
T_all	topo761	2460.65147529	0.330067266973	410	false
T_all	topo397	2454.76087436	0.32927711259	411	false
T_all	topo292	2454.65147529	0.329262438	412	false
T_all	topo845	2454.43976914	0.329234040126	413	false
T_all	topo547	2451.35846284	0.328820719361	414	false
T_all	topo291	2448.45369334	0.328431078919	415	false
T_all	topo914	2445.35846284	0.328015890388	416	false
T_all	topo340	2443.70128498	0.327793599595	417	false
T_all	topo879	2437.70128498	0.326988770621	418	false
T_all	topo311	2437.27416994	0.326931478195	419	false
T_all	topo591	2433.84207825	0.326471103723	420	false
T_all	topo485	2427.95314356	0.325681172845	421	false
T_all	topo245	2426.78453278	0.325524417542	422	false
T_all	topo500	2425.36835777	0.325334454429	423	false
T_all	topo328	2425.27416994	0.325321820247	424	false
T_all	topo73	2424.45369334	0.325211763024	425	false
T_all	topo604	2423.17780065	0.325040617123	426	false
T_all	topo698	2421.84207825	0.324861445775	427	false
T_all	topo351	2420.87069426	0.324731146111	428	false
T_all	topo744	2415.95314356	0.324071514897	429	false
T_all	topo846	2414.78453278	0.323914759594	430	false
T_all	topo855	2414.16687707	0.323831908394	431	false
T_all	topo810	2414.02401993	0.323812745799	432	false
T_all	topo800	2408.87069426	0.323121488163	433	false
T_all	topo553	2408.72083181	0.32310138589	434	false
T_all	topo514	2408.16687707	0.32302707942	435	false
T_all	topo619	2408.02401993	0.323007916825	436	false
T_all	topo719	2402.72083181	0.322296556916	437	false
T_all	topo44	2401.36835777	0.322115138533	438	false
T_all	topo499	2399.63753216	0.321882968767	439	false
T_all	topo30	2399.17780065	0.321821301228	440	false
T_all	topo416	2397.4330009	0.321587256995	441	false
T_all	topo486	2388.38014623	0.320372923706	442	false
T_all	topo223	2385.4330009	0.319977599047	443	false
T_all	topo246	2381.21545789	0.319411865579	444	false
T_all	topo290	2379.60318861	0.31919559874	445	false
T_all	topo344	2378.46271279	0.319042617409	446	false
T_all	topo525	2377.22384792	0.318876438353	447	false
T_all	topo699	2376.38014623	0.318763265758	448	false
T_all	topo240	2376.13773122	0.318730748654	449	false
T_all	topo29	2375.63753216	0.318663652872	450	false
T_all	topo807	2372.46271279	0.318237788435	451	false
T_all	topo850	2370.13773122	0.31792591968	452	false
T_all	topo801	2369.21545789	0.317802207632	453	false
T_all	topo395	2367.38474534	0.317556639214	454	false
T_all	topo540	2365.22384792	0.317266780406	455	false
T_all	topo58	2355.60318861	0.315976282845	456	false
T_all	topo239	2352.486322	0.315558192085	457	false
T_all	topo805	2346.486322	0.314753363112	458	false
T_all	topo59	2343.38474534	0.314337323319	459	false
T_all	topo583	2341.29925624	0.314057579643	460	false
T_all	topo650	2340.28843806	0.313921990351	461	false
T_all	topo448	2340.08061493	0.313894113337	462	false
T_all	topo388	2337.47066731	0.31354401976	463	false
T_all	topo675	2336.21022738	0.313374946663	464	false
T_all	topo674	2336.08220197	0.313357773571	465	false
T_all	topo717	2334.08061493	0.313089284363	466	false
T_all	topo630	2331.79000035	0.312782025534	467	false
T_all	topo449	2327.85570731	0.312254286695	468	false
T_all	topo762	2321.85570731	0.311449457721	469	false
T_all	topo435	2319.79000035	0.311172367586	470	false
T_all	topo98	2317.29925624	0.310838263748	471	false
T_all	topo22	2316.28843806	0.310702674455	472	false
T_all	topo87	2313.47066731	0.310324703865	473	false
T_all	topo104	2312.21022738	0.310155630768	474	false
T_all	topo105	2312.08220197	0.310138457676	475	false
T_all	topo661	2304.45817748	0.309115785041	476	false
T_all	topo232	2295.70450461	0.307941583448	477	false
T_all	topo656	2290.7699553	0.307279672073	478	false
T_all	topo860	2289.70450461	0.307136754474	479	false
T_all	topo667	2288.50450884	0.306975789248	480	false
T_all	topo49	2280.45817748	0.305896469146	481	false
T_all	topo37	2266.7699553	0.304060356178	482	false
T_all	topo64	2264.50450884	0.303756473353	483	false
T_all	topo268	2263.47227713	0.303618011687	484	false
T_all	topo439	2262.41623744	0.303476356465	485	false
T_all	topo895	2256.41623744	0.302671527491	486	false
T_all	topo463	2246.82814354	0.301385398195	487	false
T_all	topo337	2246.5134466	0.301343185326	488	false
T_all	topo544	2246.1451381	0.3012937811	489	false
T_all	topo878	2240.5134466	0.300538356352	490	false
T_all	topo913	2240.1451381	0.300488952127	491	false
T_all	topo80	2239.47227713	0.300398695791	492	false
T_all	topo593	2238.61245542	0.300283360888	493	false
T_all	topo651	2233.89286838	0.299650284156	494	false
T_all	topo91	2222.82814354	0.2981660823	495	false
T_all	topo725	2220.61245542	0.297868873966	496	false
T_all	topo353	2214.93688655	0.297107563588	497	false
T_all	topo25	2209.89286838	0.296430968261	498	false
T_all	topo616	2204.45220402	0.295701167542	499	false
T_all	topo412	2202.86461224	0.295488210898	500	false
T_all	topo821	2196.93688655	0.294693076667	501	false
T_all	topo488	2193.15052339	0.294185180871	502	false
T_all	topo235	2189.09864708	0.293641669628	503	false
T_all	topo735	2186.45220402	0.29328668062	504	false
T_all	topo824	2184.86461224	0.293073723976	505	false
T_all	topo861	2183.09864708	0.292836840655	506	false
T_all	topo662	2178.90042381	0.2922736987	507	false
T_all	topo248	2175.28165018	0.291788283056	508	false
T_all	topo726	2175.15052339	0.291770693949	509	false
T_all	topo596	2159.20208363	0.289631399548	510	false
T_all	topo935	2157.5888017	0.289414996875	511	false
T_all	topo937	2157.55913822	0.28941101787	512	false
T_all	topo822	2157.28165018	0.289373796135	513	false
T_all	topo52	2154.90042381	0.289054382804	514	false
T_all	topo938	2145.5888017	0.287805338927	515	false
T_all	topo936	2145.55913822	0.287801359922	516	false
T_all	topo264	2144.71230394	0.287687767128	517	false
T_all	topo680	2141.20208363	0.287216912627	518	false
T_all	topo267	2139.40811707	0.286976273249	519	false
T_all	topo442	2137.10404895	0.286667209785	520	false
T_all	topo896	2131.10404895	0.285862380812	521	false
T_all	topo459	2128.06817036	0.285455153636	522	false
T_all	topo356	2123.9339641	0.284900598806	523	false
T_all	topo462	2122.76398349	0.284743659757	524	false
T_all	topo69	2120.71230394	0.284468451233	525	false
T_all	topo42	2115.40811707	0.283756957354	526	false
T_all	topo491	2113.74015161	0.283533219531	527	false
T_all	topo776	2105.9339641	0.282486111884	528	false
T_all	topo549	2105.54538772	0.282433988963	529	false
T_all	topo68	2104.06817036	0.282235837741	530	false
T_all	topo373	2100.8370767	0.281802424775	531	false
T_all	topo568	2100.65292245	0.281777722662	532	false
T_all	topo707	2099.54538772	0.28162915999	533	false
T_all	topo41	2098.76398349	0.281524343862	534	false
T_all	topo342	2097.88820987	0.281406869197	535	false
T_all	topo681	2095.74015161	0.28111873261	536	false
T_all	topo708	2091.88820987	0.280602040223	537	false
T_all	topo548	2086.35926072	0.279860397145	538	false
T_all	topo251	2084.27872773	0.279581318274	539	false
T_all	topo791	2080.35926072	0.279055568171	540	false
T_all	topo341	2078.70208286	0.278833277379	541	false
T_all	topo86	2076.8370767	0.27858310888	542	false
T_all	topo97	2076.65292245	0.278558406767	543	false
T_all	topo792	2072.70208286	0.278028448405	544	false
T_all	topo283	2072.12967694	0.277951666926	545	false
T_all	topo582	2069.36991855	0.277581478009	546	false
T_all	topo777	2066.27872773	0.277166831352	547	false
T_all	topo387	2065.54132963	0.277067918126	548	false
T_all	topo347	2064.32246304	0.276904421601	549	false
T_all	topo587	2064.32246304	0.276904421601	549	false
T_all	topo567	2055.34067578	0.275699621164	551	false
T_all	topo830	2053.75824633	0.275487356986	552	false
T_all	topo369	2053.13135817	0.27540326736	553	false
T_all	topo741	2050.73418372	0.275081714784	554	false
T_all	topo81	2048.12967694	0.274732351031	555	false
T_all	topo478	2046.13237787	0.274464437005	556	false
T_all	topo23	2045.36991855	0.274362162113	557	false
T_all	topo24	2041.54132963	0.27384860223	558	false
T_all	topo817	2035.75824633	0.273072870065	559	false
T_all	topo592	2034.4014066	0.272890866077	560	false
T_all	topo579	2033.53965797	0.272775272699	561	false
T_all	topo730	2032.73418372	0.272667227863	562	false
T_all	topo38	2031.34067578	0.272480305269	563	false
T_all	topo384	2029.71106904	0.272261712816	564	false
T_all	topo66	2029.13135817	0.272183951464	565	false
T_all	topo282	2026.81743027	0.271873565428	566	false
T_all	topo233	2025.35820503	0.271677827636	567	false
T_all	topo242	2024.66722667	0.271585141069	568	false
T_all	topo588	2024.66722667	0.271585141069	568	false
T_all	topo234	2023.88260709	0.27147989364	570	false
T_all	topo320	2022.4014066	0.271281208129	571	false
T_all	topo92	2022.13237787	0.271245121109	572	false
T_all	topo843	2019.35820503	0.270872998662	573	false
T_all	topo348	2018.86053101	0.270806241584	574	false
T_all	topo482	2018.86053101	0.270806241584	574	false
T_all	topo759	2017.88260709	0.270675064666	576	false
T_all	topo352	2013.86037635	0.270135530027	577	false
T_all	topo546	2013.80034334	0.270127477309	578	false
T_all	topo338	2011.49306087	0.269817982678	579	false
T_all	topo50	2009.53965797	0.269555956804	580	false
T_all	topo307	2008.73930537	0.269448598977	581	false
T_all	topo752	2007.80034334	0.269322648335	582	false
T_all	topo51	2005.71106904	0.269042396921	583	false
T_all	topo837	2005.49306087	0.269013153704	584	false
T_all	topo39	2002.81743027	0.268654249533	585	false
T_all	topo536	2001.86037635	0.26852587208	586	false
T_all	topo420	2001.78810205	0.268516177337	587	false
T_all	topo628	2000.24115521	0.26830867273	588	false
T_all	topo372	1998.51971771	0.268077762268	589	false
T_all	topo474	1998.42665934	0.268065279589	590	false
T_all	topo440	1992.06993787	0.267212600653	591	false
T_all	topo823	1990.73930537	0.267034112055	592	false
T_all	topo441	1990.59433993	0.267014666657	593	false
T_all	topo539	1989.78810205	0.266906519389	594	false
T_all	topo487	1988.93947458	0.26679268606	595	false
T_all	topo330	1988.24115521	0.266699014783	596	false
T_all	topo511	1987.93409405	0.266657826163	597	false
T_all	topo842	1986.06993787	0.266407771679	598	false
T_all	topo610	1985.56139884	0.266339557189	599	false
T_all	topo339	1985.40466592	0.266318533323	600	false
T_all	topo758	1984.59433993	0.266209837683	601	false
T_all	topo714	1979.40466592	0.265513704349	602	false
T_all	topo243	1979.20529464	0.265486961052	603	false
T_all	topo483	1979.20529464	0.265486961052	603	false
T_all	topo321	1976.93947458	0.265183028112	605	false
T_all	topo27	1974.51971771	0.264858446372	606	false
T_all	topo65	1974.42665934	0.264845963694	607	false
T_all	topo247	1974.20513999	0.264816249495	608	false
T_all	topo734	1969.93409405	0.264243339242	609	false
T_all	topo690	1967.56139884	0.263925070267	610	false
T_all	topo537	1962.20513999	0.263206591548	611	false
T_all	topo505	1962.02113035	0.263181908832	612	false
T_all	topo309	1961.3655108	0.263093965231	613	false
T_all	topo414	1961.3655108	0.263093965231	613	false
T_all	topo237	1956.75385231	0.262475365837	615	false
T_all	topo545	1956.63551066	0.262459491705	616	false
T_all	topo595	1954.87784115	0.262223721147	617	false
T_all	topo753	1950.75385231	0.261670536863	618	false
T_all	topo797	1950.63551066	0.261654662731	619	false
T_all	topo689	1944.02113035	0.260767421911	620	false
T_all	topo477	1943.81501888	0.260739774498	621	false
T_all	topo512	1943.76395745	0.260732925211	622	false
T_all	topo617	1943.76395745	0.260732925211	622	false
T_all	topo564	1943.47114428	0.260693647791	624	false
T_all	topo215	1942.87784115	0.2606140632	625	false
T_all	topo301	1939.9168851	0.260216885995	626	false
T_all	topo406	1927.69844183	0.258577926469	627	false
T_all	topo355	1923.00031104	0.25794772784	628	false
T_all	topo778	1921.9168851	0.257802399074	629	false
T_all	topo26	1919.81501888	0.257520458602	630	false
T_all	topo53	1919.47114428	0.257474331895	631	false
T_all	topo303	1915.79643592	0.256981413269	632	false
T_all	topo408	1915.79643592	0.256981413269	632	false
T_all	topo279	1914.94789877	0.256867592055	634	false
T_all	topo431	1911.00031104	0.256338069892	635	false
T_all	topo779	1909.69844183	0.256163439548	636	false
T_all	topo490	1909.41590913	0.25612554113	637	false
T_all	topo506	1904.19096012	0.255424676073	638	false
T_all	topo611	1904.19096012	0.255424676073	638	false
T_all	topo695	1902.67203625	0.255220930416	640	false
T_all	topo443	1902.08366321	0.255142007138	641	false
T_all	topo236	1899.58901964	0.254807380233	642	false
T_all	topo216	1897.41590913	0.254515883183	643	false
T_all	topo836	1896.08366321	0.254337178164	644	false
T_all	topo798	1893.58901964	0.254002551259	645	false
T_all	topo54	1890.94789877	0.253648276159	646	false
T_all	topo841	1887.24250212	0.253151241063	647	false
T_all	topo574	1886.64061871	0.253070505528	648	false
T_all	topo757	1885.76690418	0.252953307067	649	false
T_all	topo682	1884.67203625	0.252806443495	650	false
T_all	topo250	1883.34507468	0.252628447308	651	false
T_all	topo379	1882.81202978	0.252556945645	652	false
T_all	topo943	1881.62338432	0.252397502927	653	false
T_all	topo941	1881.36733352	0.252363156743	654	false
T_all	topo444	1875.99526827	0.251642557782	655	false
T_all	topo838	1875.24250212	0.251541583115	656	false
T_all	topo924	1874.64061871	0.25146084758	657	false
T_all	topo754	1873.76690418	0.251343649119	658	false
T_all	topo432	1871.34507468	0.25101878936	659	false
T_all	topo890	1870.81202978	0.250947287697	660	false
T_all	topo713	1869.99526827	0.250837728808	661	false
T_all	topo942	1869.62338432	0.25078784498	662	false
T_all	topo944	1869.36733352	0.250753498795	663	false
T_all	topo784	1864.77187397	0.250137072296	664	false
T_all	topo740	1853.33569159	0.248603043808	665	false
T_all	topo920	1852.68173614	0.248515323426	666	false
T_all	topo829	1848.79012087	0.247993309305	667	false
T_all	topo769	1846.77187397	0.247722585374	668	false
T_all	topo885	1846.5231349	0.247689219973	669	false
T_all	topo532	1840.68173614	0.246905665478	670	false
T_all	topo727	1835.33569159	0.246188556886	671	false
T_all	topo325	1834.5231349	0.246079562026	672	false
T_all	topo814	1830.79012087	0.245578822384	673	false
T_all	topo419	1818.89351027	0.243983032901	674	false
T_all	topo627	1818.89351027	0.243983032901	674	false
T_all	topo706	1811.7460631	0.243024287472	676	false
T_all	topo259	1808.82847134	0.242632927074	677	false
T_all	topo315	1807.66279517	0.242476565416	678	false
T_all	topo703	1799.7460631	0.241414629524	679	false
T_all	topo870	1796.82847134	0.241023269126	680	false
T_all	topo696	1796.27646657	0.240949224222	681	false
T_all	topo538	1795.66279517	0.240866907468	682	false
T_all	topo790	1792.5599361	0.240450695654	683	false
T_all	topo454	1792.18433775	0.240400313582	684	false
T_all	topo523	1783.72304523	0.239265331352	685	false
T_all	topo626	1781.23715636	0.238931878788	686	false
T_all	topo787	1780.5599361	0.238841037706	687	false
T_all	topo904	1780.18433775	0.238790655634	688	false
T_all	topo685	1778.27646657	0.2385347373	689	false
T_all	topo329	1771.72304523	0.237655673405	690	false
T_all	topo599	1769.57168826	0.237367094333	691	false
T_all	topo600	1769.46228918	0.237352419742	692	false
T_all	topo225	1769.23715636	0.23732222084	693	false
T_all	topo398	1763.57168826	0.23656226536	694	false
T_all	topo293	1763.46228918	0.236547590769	695	false
T_all	topo521	1757.69688787	0.235774230431	696	false
T_all	topo934	1752.30124269	0.235050468503	697	false
T_all	topo939	1752.30124269	0.235050468503	697	false
T_all	topo224	1745.69688787	0.234164572484	699	false
T_all	topo360	1741.7478551	0.233634856485	700	false
T_all	topo359	1741.60499796	0.233615693891	701	false
T_all	topo785	1739.21412029	0.233294985955	702	false
T_all	topo313	1738.98323204	0.233264015029	703	false
T_all	topo515	1735.7478551	0.232830027512	704	false
T_all	topo620	1735.60499796	0.232810864917	705	false
T_all	topo433	1726.98323204	0.231654357081	706	false
T_all	topo418	1726.76478877	0.231625055503	707	false
T_all	topo494	1724.10975623	0.231268914317	708	false
T_all	topo495	1724.00035715	0.231254239726	709	false
T_all	topo772	1721.21412029	0.230880499033	710	false
T_all	topo399	1718.10975623	0.230464085343	711	false
T_all	topo294	1718.00035715	0.230449410752	712	false
T_all	topo434	1714.76478877	0.230015397555	713	false
T_all	topo263	1704.99791597	0.228705287185	714	false
T_all	topo255	1702.09261873	0.228315575954	715	false
T_all	topo266	1701.97385335	0.228299644983	716	false
T_all	topo254	1701.94976159	0.228296413359	717	false
T_all	topo866	1698.34779377	0.227813252015	718	false
T_all	topo516	1696.09261873	0.22751074698	719	false
T_all	topo621	1695.94976159	0.227491584385	720	false
T_all	topo458	1688.35378239	0.226472673694	721	false
T_all	topo819	1686.99791597	0.226290800264	722	false
T_all	topo217	1686.34779377	0.226203594067	723	false
T_all	topo461	1685.32971977	0.226067031492	724	false
T_all	topo732	1683.97385335	0.225885158062	725	false
T_all	topo818	1670.35378239	0.224058186772	726	false
T_all	topo731	1667.32971977	0.22365254457	727	false
T_all	topo901	1663.83822091	0.22318420133	728	false
T_all	topo424	1651.83822091	0.221574543382	729	false
T_all	topo312	1650.42400739	0.221384843379	730	false
T_all	topo520	1650.42400739	0.221384843379	730	false
T_all	topo884	1649.12464277	0.221210548996	732	false
T_all	topo751	1649.02253875	0.221196852951	733	false
T_all	topo919	1647.71361068	0.221021275745	734	false
T_all	topo835	1646.60299859	0.22087230028	735	false
T_all	topo364	1646.25023365	0.220824981039	736	false
T_all	topo559	1645.93805399	0.220783105834	737	false
T_all	topo322	1637.12464277	0.219600891049	738	false
T_all	topo748	1637.02253875	0.219587195003	739	false
T_all	topo529	1635.71361068	0.219411617797	740	false
T_all	topo832	1634.60299859	0.219262642332	741	false
T_all	topo888	1634.25023365	0.219215323091	742	false
T_all	topo922	1633.93805399	0.219173447886	743	false
T_all	topo581	1631.75351674	0.218880418074	744	false
T_all	topo386	1627.92492781	0.218366858191	745	false
T_all	topo765	1623.84856085	0.217820061818	746	false
T_all	topo853	1620.7125044	0.217399396968	747	false
T_all	topo712	1620.51460364	0.217372850924	748	false
T_all	topo566	1617.90641206	0.217022992899	749	false
T_all	topo613	1617.84856085	0.217015232844	750	false
T_all	topo274	1617.41480848	0.216957050098	751	false
T_all	topo409	1614.7125044	0.216594567994	752	false
T_all	topo683	1613.75351674	0.216465931153	753	false
T_all	topo368	1613.41697019	0.216420787417	754	false
T_all	topo684	1609.92492781	0.21595237127	755	false
T_all	topo709	1608.51460364	0.215763192976	756	false
T_all	topo872	1605.41480848	0.21534739215	757	false
T_all	topo728	1599.90641206	0.214608505977	758	false
T_all	topo816	1595.41697019	0.214006300496	759	false
T_all	topo578	1593.85335446	0.213796559954	760	false
T_all	topo867	1591.95222409	0.213541545821	761	false
T_all	topo796	1591.85770608	0.213528867348	762	false
T_all	topo469	1591.54553482	0.213486993269	763	false
T_all	topo383	1590.02476553	0.213283000071	764	false
T_all	topo281	1589.38316655	0.213196937163	765	false
T_all	topo314	1588.98552896	0.213143598787	766	false
T_all	topo625	1588.98552896	0.213143598787	766	false
T_all	topo220	1579.95222409	0.211931887873	768	false
T_all	topo793	1579.85770608	0.2119192094	769	false
T_all	topo906	1579.54553482	0.211877335321	770	false
T_all	topo770	1575.85335446	0.211382073032	771	false
T_all	topo771	1572.02476553	0.210868513149	772	false
T_all	topo729	1571.38316655	0.210782450241	773	false
T_all	topo417	1563.17238414	0.209681070978	774	false
T_all	topo522	1563.17238414	0.209681070978	774	false
T_all	topo371	1560.90331589	0.209376702333	776	false
T_all	topo473	1558.71227137	0.209082799647	777	false
T_all	topo687	1542.90331589	0.206962215412	778	false
T_all	topo576	1540.82754359	0.20668377513	779	false
T_all	topo815	1540.71227137	0.206668312725	780	false
T_all	topo260	1538.48217176	0.206369171262	781	false
T_all	topo902	1538.28046724	0.206342114988	782	false
T_all	topo261	1537.00657382	0.206171237266	783	false
T_all	topo381	1536.99895467	0.206170215247	784	false
T_all	topo704	1528.82754359	0.205074117182	785	false
T_all	topo840	1526.48217176	0.204759513314	786	false
T_all	topo427	1526.28046724	0.204732457041	787	false
T_all	topo756	1525.00657382	0.204561579318	788	false
T_all	topo705	1524.99895467	0.204560557299	789	false
T_all	topo455	1521.83803818	0.20413655777	790	false
T_all	topo575	1521.64141659	0.204110183312	791	false
T_all	topo456	1520.36244024	0.203938623774	792	false
T_all	topo380	1517.81282766	0.203596623429	793	false
T_all	topo839	1509.83803818	0.202526899823	794	false
T_all	topo788	1509.64141659	0.202500525364	795	false
T_all	topo755	1508.36244024	0.202328965827	796	false
T_all	topo476	1506.19861707	0.202038714563	797	false
T_all	topo789	1505.81282766	0.201986965481	798	false
T_all	topo262	1503.92140577	0.201733253625	799	false
T_all	topo563	1503.78484077	0.201714935046	800	false
T_all	topo265	1497.76280453	0.200907150172	801	false
T_all	topo534	1491.92140577	0.200123595677	802	false
T_all	topo686	1488.19861707	0.199624227642	803	false
T_all	topo457	1487.27727219	0.199500640133	804	false
T_all	topo773	1485.78484077	0.199300448124	805	false
T_all	topo327	1485.76280453	0.199297492225	806	false
T_all	topo571	1481.38272318	0.198709956161	807	false
T_all	topo925	1481.38272318	0.198709956161	807	false
T_all	topo460	1481.11867095	0.198674536681	809	false
T_all	topo376	1477.55413425	0.198196396278	810	false
T_all	topo891	1477.55413425	0.198196396278	810	false
T_all	topo940	1476.22263165	0.198017790966	812	false
T_all	topo945	1476.22263165	0.198017790966	812	false
T_all	topo533	1475.27727219	0.197890982185	814	false
T_all	topo278	1475.26159525	0.19788887931	815	false
T_all	topo401	1473.08043516	0.197596302503	816	false
T_all	topo612	1473.08043516	0.197596302503	816	false
T_all	topo326	1469.11867095	0.197064878733	818	false
T_all	topo774	1457.26159525	0.195474392388	819	false
T_all	topo718	1455.45879356	0.195232567882	820	false
T_all	topo407	1453.89430815	0.195022710685	821	false
T_all	topo623	1453.89430815	0.195022710685	821	false
T_all	topo806	1452.06858359	0.194777811347	823	false
T_all	topo502	1449.45879356	0.194427738908	824	false
T_all	topo298	1446.06858359	0.193972982373	825	false
T_all	topo580	1427.42927426	0.191472739673	826	false
T_all	topo385	1423.60068534	0.19095917979	827	false
T_all	topo218	1415.42927426	0.189863081726	828	false
T_all	topo565	1413.69536324	0.189630498088	829	false
T_all	topo561	1413.59325922	0.189616802042	830	false
T_all	topo367	1412.34046	0.189448753856	831	false
T_all	topo219	1411.60068534	0.189349521842	832	false
T_all	topo365	1411.22984791	0.189299778391	833	false
T_all	topo256	1403.54091232	0.188268398702	834	false
T_all	topo871	1403.54091232	0.188268398702	834	false
T_all	topo323	1401.69536324	0.18802084014	836	false
T_all	topo749	1401.59325922	0.188007144094	837	false
T_all	topo531	1400.34046	0.187839095909	838	false
T_all	topo834	1399.22984791	0.187690120444	839	false
T_all	topo720	1394.16317227	0.187010485885	840	false
T_all	topo577	1392.9197014	0.186843688988	841	false
T_all	topo851	1390.91581945	0.186574891945	842	false
T_all	topo382	1389.09111247	0.186330129105	843	false
T_all	topo607	1388.16317227	0.186205656911	844	false
T_all	topo451	1386.89677874	0.18603578521	845	false
T_all	topo905	1386.89677874	0.18603578521	845	false
T_all	topo280	1385.17211773	0.185804442352	847	false
T_all	topo366	1385.14145296	0.185800329036	848	false
T_all	topo276	1385.07001371	0.185790746306	849	false
T_all	topo304	1384.91581945	0.185770062971	850	false
T_all	topo425	1380.9197014	0.18523403104	851	false
T_all	topo308	1380.07770781	0.185121087567	852	false
T_all	topo519	1380.07770781	0.185121087567	852	false
T_all	topo297	1378.60210987	0.184923153571	854	false
T_all	topo513	1378.60210987	0.184923153571	854	false
T_all	topo426	1377.09111247	0.184720471157	856	false
T_all	topo324	1373.17211773	0.184194784404	857	false
T_all	topo711	1373.14145296	0.184190671088	858	false
T_all	topo750	1373.07001371	0.184181088358	859	false
T_all	topo763	1367.98457758	0.183498937301	860	false
T_all	topo808	1364.70566398	0.183059109856	861	false
T_all	topo508	1361.98457758	0.182694108327	862	false
T_all	topo403	1358.70566398	0.182254280882	863	false
T_all	topo472	1357.63576117	0.182110766086	864	false
T_all	topo296	1356.64073419	0.181977294995	865	false
T_all	topo618	1356.64073419	0.181977294995	865	false
T_all	topo370	1356.57907342	0.181969023932	867	false
T_all	topo470	1356.52514908	0.181961790621	868	false
T_all	topo560	1356.42842655	0.181948816439	869	false
T_all	topo530	1345.63576117	0.180501108138	870	false
T_all	topo222	1344.57907342	0.180359365985	871	false
T_all	topo833	1344.52514908	0.180352132673	872	false
T_all	topo794	1344.42842655	0.180339158491	873	false
T_all	topo471	1330.43675413	0.178462341266	874	false
T_all	topo413	1328.1519984	0.17815586833	875	false
T_all	topo518	1328.1519984	0.17815586833	875	false
T_all	topo275	1327.90518104	0.178122760703	877	false
T_all	topo710	1318.43675413	0.176852683318	878	false
T_all	topo795	1315.90518104	0.176513102755	879	false
T_all	topo562	1302.85118771	0.17476206408	880	false
T_all	topo402	1302.06360346	0.174656418975	881	false
T_all	topo507	1302.06360346	0.174656418975	881	false
T_all	topo475	1301.87437459	0.174631036162	883	false
T_all	topo302	1299.47590151	0.174309309392	884	false
T_all	topo624	1299.47590151	0.174309309392	884	false
T_all	topo428	1290.85118771	0.173152406132	886	false
T_all	topo221	1289.87437459	0.173021378214	887	false
T_all	topo269	1275.08823049	0.171037992017	888	false
T_all	topo277	1274.3279422	0.170936008343	889	false
T_all	topo270	1271.95217403	0.170617327167	890	false
T_all	topo615	1269.08823049	0.170233163043	891	false
T_all	topo411	1265.95217403	0.169812498193	892	false
T_all	topo429	1262.3279422	0.169326350396	893	false
T_all	topo464	1258.44409691	0.168805378525	894	false
T_all	topo465	1255.30804045	0.168384713675	895	false
T_all	topo614	1252.44409691	0.168000549551	896	false
T_all	topo410	1249.30804045	0.167579884702	897	false
T_all	topo361	1240.84948097	0.166445269077	898	false
T_all	topo889	1240.84948097	0.166445269077	898	false
T_all	topo556	1240.79335212	0.166437740057	900	false
T_all	topo923	1240.79335212	0.166437740057	900	false
T_all	topo271	1212.27010661	0.162611684321	902	false
T_all	topo873	1212.27010661	0.162611684321	902	false
T_all	topo466	1186.14478214	0.159107281307	904	false
T_all	topo907	1186.14478214	0.159107281307	904	false
T_all	topo584	1184.54027405	0.15889205554	906	false
T_all	topo585	1181.15006408	0.158437299005	907	false
T_all	topo389	1180.71168512	0.158378495657	908	false
T_all	topo503	1178.54027405	0.158087226566	909	false
T_all	topo390	1177.32147516	0.157923739122	910	false
T_all	topo299	1175.15006408	0.157632470032	911	false
T_all	topo504	1174.71168512	0.157573666683	912	false
T_all	topo300	1171.32147516	0.157118910148	913	false
T_all	topo374	1158.79002159	0.155437963996	914	false
T_all	topo375	1155.54266877	0.155002370056	915	false
T_all	topo609	1152.79002159	0.154633135023	916	false
T_all	topo306	1149.54266877	0.154197541082	917	false
T_all	topo257	1132.62239281	0.15192788636	918	false
T_all	topo573	1132.62239281	0.15192788636	918	false
T_all	topo569	1132.55529805	0.151918886392	920	false
T_all	topo570	1129.27638445	0.151479058947	921	false
T_all	topo258	1128.79380388	0.151414326477	922	false
T_all	topo378	1128.79380388	0.151414326477	922	false
T_all	topo509	1126.55529805	0.151114057418	924	false
T_all	topo404	1123.27638445	0.150674229973	925	false
T_all	topo452	1115.97825923	0.149695272868	926	false
T_all	topo572	1115.97825923	0.149695272868	926	false
T_all	topo377	1112.1496703	0.149181712985	928	false
T_all	topo453	1112.1496703	0.149181712985	928	false
T_all	topo479	1104.08532277	0.148099976226	930	false
T_all	topo284	1104.03205254	0.148092830656	931	false
T_all	topo480	1100.83796994	0.147664382286	932	false
T_all	topo285	1100.75313894	0.147653003211	933	false
T_all	topo608	1098.08532277	0.147295147252	934	false
T_all	topo510	1098.03205254	0.147288001682	935	false
T_all	topo305	1094.83796994	0.146859553312	936	false
T_all	topo405	1094.75313894	0.146848174237	937	false
T_all	topo362	1005.42020144	0.134865218168	938	false
T_all	topo558	1005.42020144	0.134865218168	938	false
T_all	topo273	976.896955933	0.131039162432	940	false
T_all	topo363	976.896955933	0.131039162432	940	false
T_all	topo467	950.715502618	0.127527230398	942	false
T_all	topo557	950.715502618	0.127527230398	942	false
T_all	topo272	922.192257106	0.123701174662	944	false
T_all	topo468	922.192257106	0.123701174662	944	false
