topology_id	topology_number	focal_quartet_split	quartet_class	tree_sha256	classification_method
topo1	1	AB|CD	species	ff5efb24ae16101c9306a64b98ea6fe617435331650e6efb76d1de2dababa130	unrooted_graph_distances_four_point
topo2	2	AC|BD	haplotype	bd44429c68c1f293cd31eceff6046c5f88ef7e15fabfcee4ccd30c80ffcd0dcc	unrooted_graph_distances_four_point
topo3	3	AD|BC	third	4ba78c938e92ed0168237435489462b8a71390e35dd4ef011e1eaf7981caadeb	unrooted_graph_distances_four_point
topo4	4	AB|CD	species	2d49b5005f17870b4169db9dfa319d71e5727a3616caae437eb324de35a25fb0	unrooted_graph_distances_four_point
topo5	5	AD|BC	third	3e9709f63680d387a846ad0fb6bb97c0e89ed0ff7c28b823495c3793fa87756a	unrooted_graph_distances_four_point
topo6	6	AC|BD	haplotype	a8a2f1eb23d09145156ccdbc2a86bc9568a189f69341430f39b6b8f0f572b45d	unrooted_graph_distances_four_point
topo7	7	AC|BD	haplotype	c039c3372320bdaca128249ccad8aab024252a2d7f873a6ef8ed0495021aac19	unrooted_graph_distances_four_point
topo8	8	AD|BC	third	178ecf8c4078cebab53918c558b8326a1b19b7887d614f3c7015af4e44c7dbd7	unrooted_graph_distances_four_point
topo9	9	AB|CD	species	682752335b54fe64caed85b26be7bbf08f6723b1f29a498c6aea6b4a50b8d44f	unrooted_graph_distances_four_point
topo10	10	AD|BC	third	5c494201971ee42421e460bba8ac72c382a1fe994ca6ce627275cb3a02b7ff49	unrooted_graph_distances_four_point
topo11	11	AC|BD	haplotype	cfc3f219e3b52f5e8b844870be4508f4f284cbd0cc1049eea2d36841a5b660ad	unrooted_graph_distances_four_point
topo12	12	AB|CD	species	ea62993cfab763b70e4ef4ef287cfac56b8a7adfb731fe71d865d66b2d0af30d	unrooted_graph_distances_four_point
topo13	13	AB|CD	species	d006a3109b9937443b9721a3706bcb9feaf36d09c9463f494c820bc60c24b942	unrooted_graph_distances_four_point
topo14	14	AC|BD	haplotype	efe5e8ce51323a5de746af1c04af4133f2e9a017b0a6b28d1082123c92b8778e	unrooted_graph_distances_four_point
topo15	15	AD|BC	third	1c2ddf33f11f34b3655e998dee9c47d5b0a817b48e651cd4aa9d075338ad597b	unrooted_graph_distances_four_point
topo16	16	AB|CD	species	81e3f92d23c2b76727d74f460d987ea8d19f8e60986ea441ba79059187bc7027	unrooted_graph_distances_four_point
topo17	17	AC|BD	haplotype	59666212e3bb022362c847af9cb34b9f82ca34f267dddbbfeb721473c8191aee	unrooted_graph_distances_four_point
topo18	18	AD|BC	third	202b43a15d5de347e0c91c385ae259301241a9867580718dd7ebd65dd631aba0	unrooted_graph_distances_four_point
topo19	19	AB|CD	species	67c431ebf10aa8b8bf61f947d39dfe9866ead89e1375ae6601406b1235fd00cc	unrooted_graph_distances_four_point
topo20	20	AB|CD	species	0ae00420d1d3ce9c1a105bbe4d425121038574a97f2b86d23083f7827fde44aa	unrooted_graph_distances_four_point
topo21	21	AB|CD	species	c34c38b51289005b194b3ac86b17acdd7dca004993fa2d6b9c4c89f554401a9d	unrooted_graph_distances_four_point
topo22	22	AC|BD	haplotype	6e762ccf8fdf95728c10890b4ecc0351900a41b20cf85eb6114f401f6f3a6b85	unrooted_graph_distances_four_point
topo23	23	AC|BD	haplotype	3549ed8f3f6082f3933c72903c5f2e247d437e3c41d124fd25b8629e4befab4f	unrooted_graph_distances_four_point
topo24	24	AC|BD	haplotype	d580950d61f43c9ffc366579e5bcf16470daef12eea1ea96d0f1e5a62984f6cf	unrooted_graph_distances_four_point
topo25	25	AD|BC	third	5c4fecc688e44ebd3b05b92520306bd028e0224bde2b781c457ab8eddf2a49e0	unrooted_graph_distances_four_point
topo26	26	AD|BC	third	0db7e5a10f1ed48d4a6bb2a243a04940ce16351dfe5becbbbfe8d199a513c4e5	unrooted_graph_distances_four_point
topo27	27	AD|BC	third	347f53479c2113f1b1f9bbaa4872c539c5141c484e7242d5f35472c129e23073	unrooted_graph_distances_four_point
topo28	28	AB|CD	species	6df9ea560b86949793772ba4a72572a4f1ad1e64694e3beeeb85fd60f2ff4e67	unrooted_graph_distances_four_point
topo29	29	AC|BD	haplotype	225c1529469f633cb2c2b59827f699c2996788e8ae1ae8e8da5a991d6a443fbe	unrooted_graph_distances_four_point
topo30	30	AD|BC	third	61deb51251472992df23f9af43d0bb5a15f1296ef19529253a58f565adc7dc66	unrooted_graph_distances_four_point
topo31	31	AB|CD	species	4d2f122ed90d1dd944c35b5307efc0d1cb9b0dbea36017d500e8f7b4707b6fb1	unrooted_graph_distances_four_point
topo32	32	AD|BC	third	23674ca18f108b24345f18349cba873d90ffb68d9719093405506b0c8f502114	unrooted_graph_distances_four_point
topo33	33	AC|BD	haplotype	d5373f728fe234278c46f75478279371727b6882c1e58f6c265bd756e2e2b67c	unrooted_graph_distances_four_point
topo34	34	AB|CD	species	47e2b4e8c9e401471ee362c01466f2c5ff645462333ee66ac3418fa286f19397	unrooted_graph_distances_four_point
topo35	35	AB|CD	species	c836a1ad30b7f315bc0f4a2359dc8e66f38ac1f450e3ff93aeef603a15e26700	unrooted_graph_distances_four_point
topo36	36	AB|CD	species	8fe280506996691e4f47fe4cfd508cb04dd1e57a41de9f111968a078a795f61a	unrooted_graph_distances_four_point
topo37	37	AD|BC	third	cc9adf7127c4b5589e1869050b32b75d0ea15c2fe2900059535f03b74623bfd8	unrooted_graph_distances_four_point
topo38	38	AD|BC	third	3dd2c8a0e7dc91a311078db19405e8f31beab6e21860e395a16f7e3151ee5f88	unrooted_graph_distances_four_point
topo39	39	AD|BC	third	9a67d6c61382e1edd1087af6e2a433204ac09488b76889ce149ca869def23e66	unrooted_graph_distances_four_point
topo40	40	AC|BD	haplotype	1d53496a749090db8eba8f0fbf612b473cf82daa6f2cee08ddd40c1bcee7ddaf	unrooted_graph_distances_four_point
topo41	41	AC|BD	haplotype	fa993a2410ff13e98271f1ef17f772aaa914f71bc01180607f7a676bedd166f9	unrooted_graph_distances_four_point
topo42	42	AC|BD	haplotype	5fd62aa24674337c0d02b14a3d6d14ba00a63bec6b35ea543ea887713acdc17b	unrooted_graph_distances_four_point
topo43	43	AB|CD	species	af4dca8aed22b01cb7a7d0dfe65f709f4559370268b3d47b6e39dffac85cfce8	unrooted_graph_distances_four_point
topo44	44	AD|BC	third	041f92749a5d94a4c63a7bedde614fdb17a4c0c450542345971bad5ee5b40de6	unrooted_graph_distances_four_point
topo45	45	AC|BD	haplotype	cdb2deac00f5b7a95a647f7a5af61437e44e4884174faafa5f3f452ddea0a571	unrooted_graph_distances_four_point
topo46	46	AC|BD	haplotype	dc02c781adfe2e349d040a6406d9fad0346fe29eeb4de43c6e246c4f26a8ef62	unrooted_graph_distances_four_point
topo47	47	AD|BC	third	c1fbcdd895b868d41ae9ca8dbab450aaffac86ee0c3575e085766f371ee6693c	unrooted_graph_distances_four_point
topo48	48	AB|CD	species	cdb990b6ef4a29ce795436c5fbbd91cbcef4cad114b3f6d4bf6852b92bd9da65	unrooted_graph_distances_four_point
topo49	49	AC|BD	haplotype	0a19dec15617e924e72b62ef3e290fc7e291522cdb043dff9e6f0d774523adf1	unrooted_graph_distances_four_point
topo50	50	AC|BD	haplotype	fbbc4d3f9f69b48c5ea81167b631a468c5fe1748286f34bd2fc81e84c682b652	unrooted_graph_distances_four_point
topo51	51	AC|BD	haplotype	850627dd01520ef80ebba76b7cfa522dd6a3832f7640bd126f81d378d524e0a0	unrooted_graph_distances_four_point
topo52	52	AD|BC	third	8820981d8699686cc3505f0fdb6fe9b5d81f387f738e308a51564d2cdf2d8e0d	unrooted_graph_distances_four_point
topo53	53	AD|BC	third	76d129fd864479ee1e3526365a266802913500b9e0d32c0839469fb76b65ad74	unrooted_graph_distances_four_point
topo54	54	AD|BC	third	ff0a0feafba6fb36cce8e20fa0ff81430b070cf862794a486d869eb8cd461543	unrooted_graph_distances_four_point
topo55	55	AB|CD	species	7078043705f2ca42f773e7d72e56915d2df7c4b6e15f4df781790dcd4ab98f2a	unrooted_graph_distances_four_point
topo56	56	AB|CD	species	d72a2d1e81d5048b77abcc337c7be157d3473751b0373f7ab7deea4903f52cb7	unrooted_graph_distances_four_point
topo57	57	AB|CD	species	0291ebfb47cd9fdcb71f5115dec5e5ac12b9b001b8e3acf3d68a77f5969622e3	unrooted_graph_distances_four_point
topo58	58	AC|BD	haplotype	fd3529800ee3bc5fd2d8127e1c19ac8114f34fbec3f9f9caf4b14a31a2d0d2a6	unrooted_graph_distances_four_point
topo59	59	AD|BC	third	c222f3d396a5c43014c7b5e647776553dde083f40a9fcf42104618ea8c4db9d7	unrooted_graph_distances_four_point
topo60	60	AB|CD	species	2be4a9b331c93ce76210da9dcfb76a8514bd04a4cfd41a39d0cefc410fab25ea	unrooted_graph_distances_four_point
topo61	61	AD|BC	third	d8b6c6d5a59793cb130ac61e5a48c259e9ce46eba590185388ae73b0dacf6eac	unrooted_graph_distances_four_point
topo62	62	AC|BD	haplotype	afbe339227c6b6387d58a760deb2650350177a4a5b63510d01345b4869011173	unrooted_graph_distances_four_point
topo63	63	AB|CD	species	21d28f1b60c9ab2f29ca54acca9d1886078e9ce63aa67ec32c761a5e427a36fe	unrooted_graph_distances_four_point
topo64	64	AD|BC	third	13b40808099f9a78f8a2b139f5680e67ca4b298eae5df00b62c0f529f42ae6c4	unrooted_graph_distances_four_point
topo65	65	AD|BC	third	2d5cc40889525c897034d2a8490aec1beef5aa19fa02dddf8eb5443f770e6cac	unrooted_graph_distances_four_point
topo66	66	AD|BC	third	65415c0608b054fcf041f93181fe8b0c9614b522f754666e9b46a0d2db9a42a6	unrooted_graph_distances_four_point
topo67	67	AC|BD	haplotype	961f3c7a5ea4300db5da867e1602240175fd38293f3393309d5e627ed65e1c80	unrooted_graph_distances_four_point
topo68	68	AC|BD	haplotype	4c212fefb63eb5f1c77c3377e547d6b649e09d36a024576db0b7c9859746ca01	unrooted_graph_distances_four_point
topo69	69	AC|BD	haplotype	b2115c2e11a8e6f2543e7428d948a1e2115782a5221576753562ebc43480ce65	unrooted_graph_distances_four_point
topo70	70	AB|CD	species	dc7d61b287f91ac829f8e74b738326aff80220e1e3ac1ef2ce02ad29486122a6	unrooted_graph_distances_four_point
topo71	71	AB|CD	species	7f8db2f842b66df43605576fda2ec9dc6d3582c5c64c87c0babe66b21c8d0b5e	unrooted_graph_distances_four_point
topo72	72	AB|CD	species	276b0f80bd7af6ffe1b804a5ba1425af5bfcb4a2d62a13762fddc0dfbdcac381	unrooted_graph_distances_four_point
topo73	73	AD|BC	third	486c781031bba47e938f01cbe8961e4eb27fb09e9e41fd8a477af6dab934cc11	unrooted_graph_distances_four_point
topo74	74	AC|BD	haplotype	31dfde09e19cf3302de1f50d04625e8eadae4db3cd3366582dae06ae6c885ca6	unrooted_graph_distances_four_point
topo75	75	AB|CD	species	1f04f655138f143107f405be8c86c3338deb8e032e4614b99b5f61dc194306fe	unrooted_graph_distances_four_point
topo76	76	AB|CD	species	dece6cd254e9abc3c5f358ef10a03763c3911b70eb3edba5643cbdd6aa2408ca	unrooted_graph_distances_four_point
topo77	77	AC|BD	haplotype	1eb507dee48dacacb827cdb738f8605292e09fc049e1177e1a5f1d0f8dba58a7	unrooted_graph_distances_four_point
topo78	78	AD|BC	third	00c6ea7b104447e3ea81484109cb93217d41f2bc81c94947439d44a88edb8537	unrooted_graph_distances_four_point
topo79	79	AB|CD	species	7aeeb0de299e6363fb72f1967ce167e711dca18e8da2fb095fee150a160c30b0	unrooted_graph_distances_four_point
topo80	80	AC|BD	haplotype	562a850bc39114ef3230c6e6bf457db20da3c32df5d1d807653cec58dc222df3	unrooted_graph_distances_four_point
topo81	81	AD|BC	third	edd832a1a8befd8136686100616b401e9b769a974005d848790fb3b39767e3fc	unrooted_graph_distances_four_point
topo82	82	AB|CD	species	ce42cdf69e49379fdae397ac58eb6fe3f6c1672ea1d057b0c053b4f4ea9440f3	unrooted_graph_distances_four_point
topo83	83	AD|BC	third	cfdfe10c7b60c2e0d509cacb0e5b15e5062c45ca96d10a9e0cd0168c7a949ea9	unrooted_graph_distances_four_point
topo84	84	AC|BD	haplotype	ce5fb8c55d8f2fe60973304790973787d9a3b76ec98dede992d268c843fffbad	unrooted_graph_distances_four_point
topo85	85	AB|CD	species	63967da42de9661e76e7c43c993896b54674b475ca9cd5a5388f4cc2a8249bb4	unrooted_graph_distances_four_point
topo86	86	AD|BC	third	fa961bfe96e6c8e7acac9af2774f13ceab05400710d3f9914774f9eddcb46921	unrooted_graph_distances_four_point
topo87	87	AC|BD	haplotype	806608259c3c2c4be98d516bf7dcdc7d4936208bde54f4dce731bb3e6700c51a	unrooted_graph_distances_four_point
topo88	88	AC|BD	haplotype	1ac2760405b0dcee3a43a4117a8eee4245e826c905f313181c080a0bc80f6cf4	unrooted_graph_distances_four_point
topo89	89	AD|BC	third	237fb4cd60b6924399e2bd5fcb2ca7c7c1f1cb323622672af1a7ecd10e37ad28	unrooted_graph_distances_four_point
topo90	90	AB|CD	species	2f08bb6d9e4690b7335d84ee04ba6bfe23762c01a4b3feeb69c12c7ebb13c3c7	unrooted_graph_distances_four_point
topo91	91	AC|BD	haplotype	236e2ec54bcd242604101bc58dc484af5b965d18c018edc7bdc9e4a3adbc6311	unrooted_graph_distances_four_point
topo92	92	AD|BC	third	7c0d0bac075e24f272864b8a9f398f0207714b0869f520524697368a48bf8886	unrooted_graph_distances_four_point
topo93	93	AB|CD	species	ef27762adfd62bfaab72cc83709d1d7b4d60b80535cd91818c91c449d9634c90	unrooted_graph_distances_four_point
topo94	94	AD|BC	third	488b44da8f9a5c057730b7856443ade5c410b14a01e7a599ee7ef2de8a6f8a0c	unrooted_graph_distances_four_point
topo95	95	AC|BD	haplotype	c7236cf2038ece81e522220a525bcf2029d8fb256b6e8b033ba585c15ca6e4c1	unrooted_graph_distances_four_point
topo96	96	AB|CD	species	680708880147647d216353ddd5f8ed545f9315ce426a77805f69bff730db588b	unrooted_graph_distances_four_point
topo97	97	AD|BC	third	b4bcd210fb69994c3d8f51bb067dd24b0eddde898a58156c3623d164a73c9134	unrooted_graph_distances_four_point
topo98	98	AC|BD	haplotype	2767c8523cbce01d9865a52b78ba585e2e1b2846f062d21d762c7bbd48f7c2bd	unrooted_graph_distances_four_point
topo99	99	AB|CD	species	c7da1acb0fff0117c431e9b41986a987d17f883a83cc72608157868604ce49fb	unrooted_graph_distances_four_point
topo100	100	AB|CD	species	08435494b147aa4b7b3a153b79a8320064f6852944e9198338de4866be083ecf	unrooted_graph_distances_four_point
topo101	101	AB|CD	species	ae6649f849c76c16309db6515d2f368c33524f953ffd0e6b7fe1fac9d4285890	unrooted_graph_distances_four_point
topo102	102	AC|BD	haplotype	e46d5f8287309b2608e8ff0748d0c2d7e3797d69f809f4b6b4520cf6545de640	unrooted_graph_distances_four_point
topo103	103	AC|BD	haplotype	57592779a6c4a5811b78b197918e9eec709db9ca89726992fd23aea9084542dd	unrooted_graph_distances_four_point
topo104	104	AD|BC	third	63da2d72e3ea2da86a11fa588af085e3c3d2306b4411e12778cc60e950c75c9e	unrooted_graph_distances_four_point
topo105	105	AD|BC	third	406d87599cbfab89eb377fe5b3bfaf87724980ce41a0282aab156642bf192a98	unrooted_graph_distances_four_point
topo106	106	AB|CD	species	872146604ee7bdae158ded7a1dd769cf73a65e8c24ddaac3207caa12219922fd	unrooted_graph_distances_four_point
topo107	107	AC|BD	haplotype	9db447ec0175cc7711729aaf3a5a97d081518fba2a220e708aac171c6b84e92c	unrooted_graph_distances_four_point
topo108	108	AD|BC	third	b52545430a0ecb01bd95052fc2469ed758b79a91d50da3ac1930d7624efae2a7	unrooted_graph_distances_four_point
topo109	109	AB|CD	species	78db269d11b5d84dd6b11cbc2daa248d82f5ba08268a3d2bcb793fb537e6a031	unrooted_graph_distances_four_point
topo110	110	AD|BC	third	ea6a1586425b43633503b99ceaaf37d43868cc896abef43818f84b328ce4951c	unrooted_graph_distances_four_point
topo111	111	AC|BD	haplotype	2679b41afa2220383e14ad6483c980c602fab4e44bc773ac40111bb0d92b04a6	unrooted_graph_distances_four_point
topo112	112	AC|BD	haplotype	3ed0ffd1071ff634b3afc0044c4f4f64ba19157451038ddbebfe9e813ce69aaa	unrooted_graph_distances_four_point
topo113	113	AD|BC	third	8cb0c9fa7f74aac59a8f120c6aa5ba069c8f1cdd61822ad4e0712d1f21628a2d	unrooted_graph_distances_four_point
topo114	114	AB|CD	species	cf2e08499cf43d70b9babdd957181a35d0ec1c5846540b213bfab2c1417c9f6c	unrooted_graph_distances_four_point
topo115	115	AD|BC	third	e4d0897098a412901606faacfd869f73a65e7091ba4a81f5fcbae0329f1abc4f	unrooted_graph_distances_four_point
topo116	116	AC|BD	haplotype	4ca899e7f106cf89b550ee2652a5a02948c8e781a132fffa4dcc30a3ee964144	unrooted_graph_distances_four_point
topo117	117	AB|CD	species	009a6f2d505e18489670341b61ebee856e3ff283e658b7e29ec98fd0bf1bfafe	unrooted_graph_distances_four_point
topo118	118	AB|CD	species	8a6022eeccec3a04f4a25c0a78177bb7619948f1da51e7339444f7e926f98c63	unrooted_graph_distances_four_point
topo119	119	AC|BD	haplotype	6e998de266e381586d324de222d0a6fcc96e5964afec904a6b5739671baaaacf	unrooted_graph_distances_four_point
topo120	120	AD|BC	third	cbc15b257c67391b0df6740cfb7fc117352fd1925cb1e37c11c87d17abfa05a3	unrooted_graph_distances_four_point
topo121	121	AB|CD	species	12455ee2077cebd0477c2e98591785c653b17747d127e0e1b1442a65fc9f775b	unrooted_graph_distances_four_point
topo122	122	AC|BD	haplotype	ca2f60448bc9092d48af4d5b85810e72376517dd27723d9e6ae5404cc8ac6b91	unrooted_graph_distances_four_point
topo123	123	AD|BC	third	17f1b9ff1f130abeb46a74d90ee86ef43c485b638a6e92e2095afcef09abdcad	unrooted_graph_distances_four_point
topo124	124	AB|CD	species	05182d8f1b33bd09a8dc0429f42ed7dedf15a2dc90ad6d476296f5b115b4c252	unrooted_graph_distances_four_point
topo125	125	AB|CD	species	d8237527a698b74b62cb9bc7cbebed33f3cb26050debd0d466c33a5616f32a1e	unrooted_graph_distances_four_point
topo126	126	AB|CD	species	2803d9bcf49ddcfa894afe447a1d451411b806f03bb92568c2f888037aab3405	unrooted_graph_distances_four_point
topo127	127	AC|BD	haplotype	46080d2231accd7564925cec2ab5ac1e270094146503aa7e59ad78e71ef9eecb	unrooted_graph_distances_four_point
topo128	128	AC|BD	haplotype	c424785eb8c9a034b043d95770135c6d7e3f161f460821bda02a35ae178a7b82	unrooted_graph_distances_four_point
topo129	129	AC|BD	haplotype	489a62eab343d6c373cefca4c0fe9040625cfb0f1bcc654329c3f9df6ff0d8b9	unrooted_graph_distances_four_point
topo130	130	AD|BC	third	44a8f0f3207cf3be55fe43684453823fc62ffd08fa0c40570ead63ac14ffea99	unrooted_graph_distances_four_point
topo131	131	AD|BC	third	3b7275b28eb9aa70b22d96344298fd93605c26d6e7c5ebafc7494fe2acdf138d	unrooted_graph_distances_four_point
topo132	132	AD|BC	third	0ae4a43980d66e636baa026361369804668990340ca697f8ba6cf8ac5b64e8b5	unrooted_graph_distances_four_point
topo133	133	AB|CD	species	a72425d186ee2af1b741e3122f64030b5a6c9e880f243299e162acfd083f9ab4	unrooted_graph_distances_four_point
topo134	134	AC|BD	haplotype	1b11c22b8d24cfc1bec137aaed2e0e76b0b93d0d2eaa4aa5c6d77586b5ab9574	unrooted_graph_distances_four_point
topo135	135	AD|BC	third	a5f081b2185be002053cd34499f48981e99f81022caf669424a1ecf1183eaa5a	unrooted_graph_distances_four_point
topo136	136	AB|CD	species	d45e9db7847cb1997281bc7ae9e0f89b2ddd292ba92548ab8063d7b65bf0538b	unrooted_graph_distances_four_point
topo137	137	AD|BC	third	51d610c88f40cf217bf11b109fcc44a97ca632e5b534b9a5a106ff5bff92d889	unrooted_graph_distances_four_point
topo138	138	AC|BD	haplotype	dedd1bcf3dc02d99dd08f92bb89d2cff2e0202e39e8d25e52bbf5f8af4ce7a22	unrooted_graph_distances_four_point
topo139	139	AB|CD	species	3c09fa6a46d7924ae325d27761cc060d5f136d72979f9a09e299df48d5bc3a33	unrooted_graph_distances_four_point
topo140	140	AB|CD	species	425be3d9c5bca06748e5124577d088a71b21825a4fceac9afd51e93b45aea1a1	unrooted_graph_distances_four_point
topo141	141	AB|CD	species	8c6188a9f5753cf0fedff0c0006fe0296d41541972442262058302f6e964631e	unrooted_graph_distances_four_point
topo142	142	AD|BC	third	9f42c1261de9bf8435b9c0f2345883f3eac0d2f8ef1663677f6cc5d552fc63fc	unrooted_graph_distances_four_point
topo143	143	AD|BC	third	d50b7d343092071d3aa849c536758346d2bfa0a6b453eac93fd25bbb5b2cec28	unrooted_graph_distances_four_point
topo144	144	AD|BC	third	96e2dcce4ff8cc22f7a799a3bc9297d2a200f11829fee85d86d6fc33179a28a0	unrooted_graph_distances_four_point
topo145	145	AC|BD	haplotype	33cc4fd20d0e2cbf6fc476728dd05265328916bc318d18b3fd6c80423b21ba96	unrooted_graph_distances_four_point
topo146	146	AC|BD	haplotype	a2d1f48c5315cc8a1cbe4830047f53e5a131d21814a7a34b16543ff8acd1e1ff	unrooted_graph_distances_four_point
topo147	147	AC|BD	haplotype	40991d88b0e06294a4cf021f6153595c5298e62dfa64eda51d7c39809e282a91	unrooted_graph_distances_four_point
topo148	148	AB|CD	species	414428071c4ac51e1e7a69157fcddd350e53eb2300fc544b8f1e22d7f5bebc47	unrooted_graph_distances_four_point
topo149	149	AD|BC	third	55005eefd3c33cda6b6b3c4f4bf922ca669514ced212bc17b987513120fd1500	unrooted_graph_distances_four_point
topo150	150	AC|BD	haplotype	2586fcbfda0a63d51e4c0011849aee892b82bfb98e7788109e0823b33afb6b04	unrooted_graph_distances_four_point
topo151	151	AC|BD	haplotype	efab0a1c70417b33e6ed18a7090cc650baa49dd9b181830141b91a4f63a3bafd	unrooted_graph_distances_four_point
topo152	152	AD|BC	third	9c08d9fea250413428c3cff8645c0eac994c4759c5fe0c12a9daae5e53f80e5c	unrooted_graph_distances_four_point
topo153	153	AB|CD	species	2f7e2495b08c7a130e52d163cd287e104749c9300808e62a27260b8f32ddf094	unrooted_graph_distances_four_point
topo154	154	AC|BD	haplotype	24e07cedb7dad0886dcf4fc9f192fb9f450b0936a04aaaae364329f6c3faf8d3	unrooted_graph_distances_four_point
topo155	155	AC|BD	haplotype	42e6d42e1f6ccaf68e0f47878489422bbb7dbfc8fbd2efb091d5fd7434a5ac8d	unrooted_graph_distances_four_point
topo156	156	AC|BD	haplotype	8bcea9b5f71c51eb374d981c69f587dd98e2a3ac7b519a4f7432199aed5ab626	unrooted_graph_distances_four_point
topo157	157	AD|BC	third	3ee44fd5995d52655ef0274538c2a8d5a40a8d5771711cf23d02dd3079aaf3f3	unrooted_graph_distances_four_point
topo158	158	AD|BC	third	ee2dfdc3aacc6ea6ef3c954542c4678bd81dd5032531c80c58e1f61307681134	unrooted_graph_distances_four_point
topo159	159	AD|BC	third	2c693b718ea5000f87f540dd327078c49bd28149bfcc374178d5cdf92d545c72	unrooted_graph_distances_four_point
topo160	160	AB|CD	species	9ceb8f4525b0e80b36c0b993290e5e11b5d8cde4a5f1bec89b57eb848e156774	unrooted_graph_distances_four_point
topo161	161	AB|CD	species	7cfbdef9e0c1e0f99968c8ce24e36a81bcfdc56ee5d13581f1d9ab82ea4acd52	unrooted_graph_distances_four_point
topo162	162	AB|CD	species	dffe1bdc6715f1b5ece58711ba47429ba1df72b652896d8a4d932781a5cc09de	unrooted_graph_distances_four_point
topo163	163	AC|BD	haplotype	287dee3038d4b7441ec0cd4c108a595d7f8490da5b5a87d86f5ddb90a6ce6899	unrooted_graph_distances_four_point
topo164	164	AD|BC	third	5ad8e2cca70913193c2ac9906d566777c324984dc1bbb7213d387232f5253123	unrooted_graph_distances_four_point
topo165	165	AB|CD	species	f6dcd1951f3971078af43ca6e28b17c9c0966533d7069823ab62ef9dbbd160f7	unrooted_graph_distances_four_point
topo166	166	AD|BC	third	0d11e022b30dbf839aae1f51b2097a1786371b8a9779ab416c5055213a07bf8c	unrooted_graph_distances_four_point
topo167	167	AC|BD	haplotype	3b3d94501610f25402b63bb64a1729b681476d099ea2b3775612a0b9242ff6aa	unrooted_graph_distances_four_point
topo168	168	AB|CD	species	698be3e4b940080f6b557dd767fa769068c1ef37eafb544549ad980a75ae8361	unrooted_graph_distances_four_point
topo169	169	AD|BC	third	12528d77a352f6acb5b717107f7f0a43ef3b1d0b7db3230e17b86dbe2f6bc791	unrooted_graph_distances_four_point
topo170	170	AD|BC	third	cc715067e91558fcf38c9af84e3c1186ca656d1182c4b580b7b001b41607ef40	unrooted_graph_distances_four_point
topo171	171	AD|BC	third	279f816a0ca821c762a101be149cdb08209df18548d0e4adc0ac7588cf7834df	unrooted_graph_distances_four_point
topo172	172	AC|BD	haplotype	446e56d614b505b5fb1332c3a0516a46e59d8df31442592b565a23db352c0ad5	unrooted_graph_distances_four_point
topo173	173	AC|BD	haplotype	86e7ad91a9e55808d21f529bb9225ea26aa866a7a93b95a1aae694e84836367c	unrooted_graph_distances_four_point
topo174	174	AC|BD	haplotype	90a4ece2cb667d2cb79b267288ee8752dd335dc7c06286ea177a633ece9f0d98	unrooted_graph_distances_four_point
topo175	175	AB|CD	species	77dd75db44882aea898b70efd5f7a9f6f367df679b92ec828b5d86c7ec12cbc8	unrooted_graph_distances_four_point
topo176	176	AB|CD	species	01de8b4f77ffde1d7d28a790cdc98d650169fe97b9a41ad7007e3c44c1d92c33	unrooted_graph_distances_four_point
topo177	177	AB|CD	species	cf2b506af8077ad587874ed3aea5a6fa3715a27947297ff9fcd5b2f659a5bf86	unrooted_graph_distances_four_point
topo178	178	AD|BC	third	88c58af48af06be73f0aa5d71278f46a1b20bc2c55735da2f90be598d4bfa013	unrooted_graph_distances_four_point
topo179	179	AC|BD	haplotype	6214f38b4b9fe96737821988b541b7eb98bf94dd8c0e4c5f4505aa33b679bf92	unrooted_graph_distances_four_point
topo180	180	AB|CD	species	cecf1486bd5978596e2cb36189ae00ec05414b0879f3ca73d877e0843a5a74f9	unrooted_graph_distances_four_point
topo181	181	AB|CD	species	45d7f46c9368f7fcd7ea54b13d3708a10b365b458d7ebd396aefbb5f6d041360	unrooted_graph_distances_four_point
topo182	182	AC|BD	haplotype	79671b5841117e4a6d7b987d14d5b9bfc75f2ecd7fb50e2bbdcb0ffad15418a7	unrooted_graph_distances_four_point
topo183	183	AD|BC	third	d0b89dfc1e1ba539b534788c074ed572bcce06441d0e35d343b089b81248b148	unrooted_graph_distances_four_point
topo184	184	AB|CD	species	6148bbb0a2558054fcee69cf73b215f699591531b4b925d73dd0915cb18c60ef	unrooted_graph_distances_four_point
topo185	185	AC|BD	haplotype	904018b7826a5cf4141bdb24313204955e92b7931d4fb81510cf11cdb552ea8f	unrooted_graph_distances_four_point
topo186	186	AD|BC	third	37f3acdfffbf5f47d9ed872f3187a963767f272a0eb0265ec5882ac2a0bddd09	unrooted_graph_distances_four_point
topo187	187	AB|CD	species	f8fad090019ee18fc8bf41bc0f5e2a9dcf4dcb8155d4c8386193dcb44aacb086	unrooted_graph_distances_four_point
topo188	188	AD|BC	third	e964b96eeef7b59fe7ef5bc2bdfea6384a5c7dfeeee1884a2a966db45bd7c4d4	unrooted_graph_distances_four_point
topo189	189	AC|BD	haplotype	94535caf5f5627d7e949d1af8768e842aaff15db3558d400f2c8c6a71168767b	unrooted_graph_distances_four_point
topo190	190	AB|CD	species	ea79ee36cca68fa7a3169aa503129c981199797b9f21652f0de84cebea881bd0	unrooted_graph_distances_four_point
topo191	191	AD|BC	third	6cea049051670e0d81960a58ddc6151145ff5da0995abf6a31b26998071b72f2	unrooted_graph_distances_four_point
topo192	192	AC|BD	haplotype	8e9dbb47058fd6a3ffe0d322ad83de5da9b19a4312724c0ee506f8983ca5a768	unrooted_graph_distances_four_point
topo193	193	AC|BD	haplotype	cba92d9026746b0dd22c77b703d525dd320f87d788eb39df12f2ff800f8a20bf	unrooted_graph_distances_four_point
topo194	194	AD|BC	third	ce4015e5a02582a65cd8af42d8bfba0ba4011de70daf186c6790424a87e3c582	unrooted_graph_distances_four_point
topo195	195	AB|CD	species	9710d296495a2b96483ff48e605ebe35d6ed750cbf688dc49acab0b0d00f8fd0	unrooted_graph_distances_four_point
topo196	196	AC|BD	haplotype	7b3f1b00ad54bdc86df392f91f67f6cc34e3fd3813e8f56ee3233d7a5d9fcd1d	unrooted_graph_distances_four_point
topo197	197	AD|BC	third	fdf2ea2f3410f19e1d874ef9219f997fefc59f52a055199c2b721279fe436d82	unrooted_graph_distances_four_point
topo198	198	AB|CD	species	492effc4a645ddd4d872b1c62b46df5f2f6e71449fb1746579d87fec1091ceaf	unrooted_graph_distances_four_point
topo199	199	AD|BC	third	d7b39e4a78635b6e258dc7881d8723ba27132cb918c73812cf40c80884dacee7	unrooted_graph_distances_four_point
topo200	200	AC|BD	haplotype	1e34bcc8f2b8b2e28bb8df679a69cd234711feaaf705d0aa1c3d7992d6474514	unrooted_graph_distances_four_point
topo201	201	AB|CD	species	6d6b778d5fe0484688607d80802115dfadbaf5b836602e8a99f7a8d94c53286b	unrooted_graph_distances_four_point
topo202	202	AD|BC	third	ec77f690f186ae4a4790e855ee7a1107d52092b78a4a0b74a6a40107bbbbcd8c	unrooted_graph_distances_four_point
topo203	203	AC|BD	haplotype	cf462b99b36fba84765ab64b7ace8939c733ea74303f623c384789cdb6502ea3	unrooted_graph_distances_four_point
topo204	204	AB|CD	species	d89e211dbaf8492be4006202ebda82f4ba763d059465da415d1c4d595a6cf79c	unrooted_graph_distances_four_point
topo205	205	AB|CD	species	e58a53cc20cf6dde6b23203444bb1f6059525e03721955b1a08561d8cf7a9218	unrooted_graph_distances_four_point
topo206	206	AB|CD	species	241ca8978fcbbd93d5b1cad6f44345b1e5c53718b5cfeee528115c31d1feefba	unrooted_graph_distances_four_point
topo207	207	AC|BD	haplotype	02ac858f1b1be70e7ee9134e0dc6c54267ee584e9e82e40c596bcb54e6de3787	unrooted_graph_distances_four_point
topo208	208	AC|BD	haplotype	3e6755e8932735d0b5d7461fe99568574b3b05aa541f539736ac54c2b344192b	unrooted_graph_distances_four_point
topo209	209	AD|BC	third	586ddf6aafd16c7826c7acc9c819772a511174fedb6c194b2d0f65b0310bc54c	unrooted_graph_distances_four_point
topo210	210	AD|BC	third	0bf1cbf9a756427890e69b6dd8fd992eb7b89e2c886c593cc0cb9d38b6386f83	unrooted_graph_distances_four_point
topo211	211	AB|CD	species	163f28b997fcbc03cc519f3eb75a29da2b785e401a457f7a3aa04e5c066f669a	unrooted_graph_distances_four_point
topo212	212	AC|BD	haplotype	9b9bcbbaedf005cd7cd06c60a0f7e35d52b2821a272e2949704c07639ab8b09a	unrooted_graph_distances_four_point
topo213	213	AD|BC	third	a03055be6c7abd00ea59ea9562f2e159fe36f0f2e9cfb8a26a84f534c3333dfc	unrooted_graph_distances_four_point
topo214	214	AB|CD	species	496398d36b931041a083627621ea8378891f3d8c8094307949589565c332051e	unrooted_graph_distances_four_point
topo215	215	AB|CD	species	e63d83a21508e6c6c7980d296fdc9f5b378ae85139dc7dae0228a0f3ab829926	unrooted_graph_distances_four_point
topo216	216	AB|CD	species	92d89b8ceb17d286eee34c1c7e8673ad8d7b67988ec4f6322a65df85c6ec8bc6	unrooted_graph_distances_four_point
topo217	217	AC|BD	haplotype	e5cfded85b65a486e1d28fde4ea2b3476cb4c98da9693b3d417db64ff024a72e	unrooted_graph_distances_four_point
topo218	218	AC|BD	haplotype	a3efd710ff4946ccd90512439a28bd1fe0347ecb14c124706b4e119b9b0125ca	unrooted_graph_distances_four_point
topo219	219	AC|BD	haplotype	7b5693ce330bbc7a9c7d02fffc07302e6b9d1910b3b70ce39f4751db84c05f88	unrooted_graph_distances_four_point
topo220	220	AD|BC	third	a752afddf53e21b5df551a338e503c50d653c204c35d2ce255b019d6cf71d3d3	unrooted_graph_distances_four_point
topo221	221	AD|BC	third	23925cc5d8a7f6462d78517a56e670f74a214d29788560b56505a3fb92d15e18	unrooted_graph_distances_four_point
topo222	222	AD|BC	third	75277449109581c56139a55461a33fdf25e0b7a10d18eb04cb09c236744da590	unrooted_graph_distances_four_point
topo223	223	AB|CD	species	0831cbbce41d0d4f1be5289326035d3b399a3fc7a888ac3fbac6a7ef584e69f2	unrooted_graph_distances_four_point
topo224	224	AC|BD	haplotype	98f7025deb47785e39329ace74e3aaa40d40d979ade10b5876e50cf703c75b7b	unrooted_graph_distances_four_point
topo225	225	AD|BC	third	7b92923caa55d839daaae6bdded37d54456bff1775fa552eab5d2e7000b5a119	unrooted_graph_distances_four_point
topo226	226	AB|CD	species	75b557ce5d1aebc103d5291a75cb0ce93744d529f96967904cb7aa06d2a3f4ac	unrooted_graph_distances_four_point
topo227	227	AC|BD	haplotype	fc32a3c8328ab658e15c214c9d4887ab604c28042be54bfe71f7b39efa924671	unrooted_graph_distances_four_point
topo228	228	AD|BC	third	2e9e38d8e7ba01bf6358f87a6619517628ae5e7495df9739236c0b1049df39bd	unrooted_graph_distances_four_point
topo229	229	AB|CD	species	8b29994fa6780913c73b3600de73ed50ff2947fda8cd20efe7c20eb52afa4852	unrooted_graph_distances_four_point
topo230	230	AB|CD	species	b43a3e8f63d35cc8bda5b4980e8cb9071d56a96155c9801ca1a0ffdd63238e3d	unrooted_graph_distances_four_point
topo231	231	AB|CD	species	d3ef48b307a3c5518de5ffec92774830cebd6954d273e18adbd755d2166016ad	unrooted_graph_distances_four_point
topo232	232	AC|BD	haplotype	f03841f334fbf6fb7e840a1401f003366ba96bd734c3a59d7cd4fc5ff198e4a1	unrooted_graph_distances_four_point
topo233	233	AC|BD	haplotype	2edf69178343640fc5705f778bc5b957f93d399877bb459cf4dff891538620c6	unrooted_graph_distances_four_point
topo234	234	AC|BD	haplotype	ea9bf80ca8bce68ab696f129d6f19618263679820727e641a08e12db37e029d5	unrooted_graph_distances_four_point
topo235	235	AD|BC	third	68c6d47d65762a0ed4d5e4b9280d05e83b6a5b699a2213a098c5814a28ef21af	unrooted_graph_distances_four_point
topo236	236	AD|BC	third	90f190befb243246fc6c7a20de9cb4acaedae0c4262f0cfd359cfc052908ab9b	unrooted_graph_distances_four_point
topo237	237	AD|BC	third	b501d6b11bf72d380161cd1e6a8bcd9dca8295b09fe36d9be928d378f53a39c5	unrooted_graph_distances_four_point
topo238	238	AB|CD	species	cfb72d77cc5ffe7fd9520c48da8cf9ca1c12c5306e289d34b5bdce76ac4e2e05	unrooted_graph_distances_four_point
topo239	239	AC|BD	haplotype	499f463d7bb6b0a573f97a3bb51dd152d23b327140dd6e3fd2c4a5742a78e4f0	unrooted_graph_distances_four_point
topo240	240	AD|BC	third	564aa9cc54273d55c184772d003f993450d5c654725d967d90da2c4e23bfc5ad	unrooted_graph_distances_four_point
topo241	241	AB|CD	species	a23f09390fbc6774902ca161088c31e97600cc4b73b759b28b57138b5810b509	unrooted_graph_distances_four_point
topo242	242	AB|CD	species	7302a325349e3f7095bf6ec25e69da04aa60b2cf8831e61ce4d21a2ddc1b59ec	unrooted_graph_distances_four_point
topo243	243	AB|CD	species	a648f1fe880d5ba2de7886186d5d6457e2de1cf727d330c067a5442ea89bd805	unrooted_graph_distances_four_point
topo244	244	AB|CD	species	f47c46dcdfe9ff668298232acbbf530aab880d6a33a77caa56499dc0bfdd9194	unrooted_graph_distances_four_point
topo245	245	AB|CD	species	0c18e0c8071180275a22019aa48b96ada992560d82d5add250a658787411114b	unrooted_graph_distances_four_point
topo246	246	AB|CD	species	2a9d4481faa2d35b27d521c3297f3d21d9aad6e1edcc305a8bc78ad898bd8a03	unrooted_graph_distances_four_point
topo247	247	AB|CD	species	822ab3153b69cbb8fd80572de6dcec9f0dcd38be59e1f3b7003e34fc8ec6958f	unrooted_graph_distances_four_point
topo248	248	AB|CD	species	2cf661edb11be4ad3a2e05ada831bbda79353aea72d98132d469e77b7c4a3c57	unrooted_graph_distances_four_point
topo249	249	AB|CD	species	07fd700724ac0802b08a8d7e00a71314a30e810ee88425d8ce64d84f80fd3437	unrooted_graph_distances_four_point
topo250	250	AB|CD	species	0120a4ad7371a9c239db13a3c4dbd2e88a5d7932d45a61998fdd9f634da3eed9	unrooted_graph_distances_four_point
topo251	251	AB|CD	species	6005e982b709ef3a48978c34e86c85cec9bf2f44d68f7abab300ec99fc4f3e33	unrooted_graph_distances_four_point
topo252	252	AB|CD	species	ee9bfe794807352585ecf7d804ac0240352433c24578f8e4cc805bf7c7d74df4	unrooted_graph_distances_four_point
topo253	253	AB|CD	species	d4d97947401ca6c10c4d7eef4f12e772981acec540edf3a040a31da7438a76b0	unrooted_graph_distances_four_point
topo254	254	AB|CD	species	585a3655fb56962ae6e701a9f2a4db52bc4953420245eb8c53e535fae5941854	unrooted_graph_distances_four_point
topo255	255	AB|CD	species	f5094f98ba6ad8d7c46cbdbfefb16bb6efae0174b6215a06df8c02496ec96972	unrooted_graph_distances_four_point
topo256	256	AC|BD	haplotype	11f6af1227c5ffcf0a8a81d2e3f3e28ee55935638376439f0f2a7e52fbd8440e	unrooted_graph_distances_four_point
topo257	257	AC|BD	haplotype	56e9da3359972d4e952892fca2ca2a5c9d862498e94372797f1db6f8a0688ed5	unrooted_graph_distances_four_point
topo258	258	AC|BD	haplotype	25701b1ee5f794ec20e977201a33c2cde6c5e1692dc27ed780d0c19c9e7f1ad9	unrooted_graph_distances_four_point
topo259	259	AC|BD	haplotype	9dc74c73dde1c717d216ddaafdd082f5751ffe90b1b69c3e09ec0df6affd67ec	unrooted_graph_distances_four_point
topo260	260	AC|BD	haplotype	d1863e49f5fd7ef9da84dc4671408f03bec2043b1eb3bd17bf483757df3c607c	unrooted_graph_distances_four_point
topo261	261	AC|BD	haplotype	24bdcb8d81b1eebbd7d6c637245eea407cb6db00eb1eac512c209192b991e920	unrooted_graph_distances_four_point
topo262	262	AC|BD	haplotype	9d24a453f833b3c099bedeaceaafab311bc84ae0ecec626be451a549eb454118	unrooted_graph_distances_four_point
topo263	263	AC|BD	haplotype	75cd6c5a9b24ee773e7086ec333ded20af3558ad3db04e4ceebcf58df6af594f	unrooted_graph_distances_four_point
topo264	264	AC|BD	haplotype	5ff52c9e7bfb105fcdcc82a64ea27ea7a9100f6f21a1485400921b116ea62eec	unrooted_graph_distances_four_point
topo265	265	AC|BD	haplotype	1ca73b094c4c7e33b32e1bf77288098ba5e0517166c7f2ad9281bb39581cdc11	unrooted_graph_distances_four_point
topo266	266	AC|BD	haplotype	aa8c5acc1c48bf9c6b5fb0d197f6c8e788218aab8a3f5ea4ed2ec71fa4c32362	unrooted_graph_distances_four_point
topo267	267	AC|BD	haplotype	8af28698413721e3499db2a575af66dde2c1d728c97e0d590c0cb53a78eb0fa7	unrooted_graph_distances_four_point
topo268	268	AC|BD	haplotype	ee88dbb9343b319e12854e52fd8bf214ef192aec62ddb24c95deb489fe855d64	unrooted_graph_distances_four_point
topo269	269	AC|BD	haplotype	162d4e94192338eb8c6430c18220d4107ec45d52b09c5d63c80ad58f4e61802e	unrooted_graph_distances_four_point
topo270	270	AC|BD	haplotype	03666d15f410da4114a1cab296830cd839682bf18e66cecd5514865c62c144e9	unrooted_graph_distances_four_point
topo271	271	AD|BC	third	40f5d3f063c939ebb271c81f6fbc55c7fc4c98c416e7d040848e801dcd5ac69b	unrooted_graph_distances_four_point
topo272	272	AD|BC	third	d37190b69c2b147f7693b3d786ee968c41567bc9163799c08ded037b0fe065c1	unrooted_graph_distances_four_point
topo273	273	AD|BC	third	09811692790ab3d79d5f44764f9d0be1e2b4c7e51cfc05a86e574d6747152843	unrooted_graph_distances_four_point
topo274	274	AD|BC	third	ac41081a622c81db4965edc6b70775af50dc2afbd18187a4807169ec0ac68b00	unrooted_graph_distances_four_point
topo275	275	AD|BC	third	9843cacd0ec66e5b1b3f650c89b4f6e9f9d770192eae5d995c0ccd5462a3e7be	unrooted_graph_distances_four_point
topo276	276	AD|BC	third	c735978625da95e68e1af0f7300dd8c7f0d262ec2a79f40af2eb9016a17d278e	unrooted_graph_distances_four_point
topo277	277	AD|BC	third	db44968b8674f0b438d1b6f4ae962a0408561bc991ed3fda9e159cb1aabd174e	unrooted_graph_distances_four_point
topo278	278	AD|BC	third	bf23de0484221783c3f0b5c9c6b1751630be47defd4427e5ac20da54f432b5a9	unrooted_graph_distances_four_point
topo279	279	AD|BC	third	d914a1f892047e597ef619e92ece52a22dfb9de61b4d88fdfbb7472b29c1d8d8	unrooted_graph_distances_four_point
topo280	280	AD|BC	third	aac7c5313e0a619873fe0432502fc52e68005eeeb07efb95d061847208611f1d	unrooted_graph_distances_four_point
topo281	281	AD|BC	third	7c2e01ed16ff7bd2a99e92181ec839ce4bc7e4d3ad4033511fe4069bded157f5	unrooted_graph_distances_four_point
topo282	282	AD|BC	third	89dcd789e4ce73873d090cfa66174707ac5e007da37ddf28d2d10ec26b7c9b2f	unrooted_graph_distances_four_point
topo283	283	AD|BC	third	ecb714bc501dfb7b9b02f9a691d0f98aa4b4eade28634858b4785209d0dd48df	unrooted_graph_distances_four_point
topo284	284	AD|BC	third	ba21964cd992fd6a491de56cbc58bf3d82389db9d3af4c640e7ce1285f60c4a5	unrooted_graph_distances_four_point
topo285	285	AD|BC	third	aeac3395a11a2dd4ed9ba864f25c423fdc36fdbb16e95bb1333f01562f197e5b	unrooted_graph_distances_four_point
topo286	286	AB|CD	species	fa6ae5d7d952389f5c88e5f6c716f0187a5bb7883c68a4636291e59d77b76ebd	unrooted_graph_distances_four_point
topo287	287	AC|BD	haplotype	60af03607365d7b040f70094247cd6463781cd168c1f0c65d637066358d4b5a8	unrooted_graph_distances_four_point
topo288	288	AD|BC	third	86309b9e049be4ca78b597fe64277f5e40c083856d80298fa2b84be85669b2ed	unrooted_graph_distances_four_point
topo289	289	AB|CD	species	ad94c0cb472d62578558aa7403d19d059d9677284bcddf85b25f8ee27432ac38	unrooted_graph_distances_four_point
topo290	290	AC|BD	haplotype	c029d1bc6a6a0b049609e2227c73d73b548fc1124e2de96f4dd2a9ee2de1e1e0	unrooted_graph_distances_four_point
topo291	291	AD|BC	third	24ca11a22895fa88eec2e8444d3f4cd579fd87875c524d95c943ddfffe0508ac	unrooted_graph_distances_four_point
topo292	292	AB|CD	species	918b170d8a35bbe18083357962aafb3b86a9119b16901c6ec46e0e828e4250ea	unrooted_graph_distances_four_point
topo293	293	AB|CD	species	003f536d5177124b9e85b6616544053bd866024bc123f02b29187aded819f157	unrooted_graph_distances_four_point
topo294	294	AB|CD	species	4fc4e46de800de08b43437a70de4a60f880ccd111795e957c17ba7996765d1de	unrooted_graph_distances_four_point
topo295	295	AB|CD	species	64b65a36455bffdf6b2253d0aaad9fda45d9fb2b61f552fdeda3688bbc19a4cd	unrooted_graph_distances_four_point
topo296	296	AD|BC	third	086e069ae8c878422a6985ffd795d0040255b5d4912a49e5da8b146e26707a5c	unrooted_graph_distances_four_point
topo297	297	AC|BD	haplotype	5d70c40b7375962a390b4558cdafc516f1b596ba25b0ec12eb788a99b951e1ee	unrooted_graph_distances_four_point
topo298	298	AC|BD	haplotype	ba61647fa990dbb5aa64272915e0e7eb9c3b5e4fc83ddf0c2651e7f99ec425b7	unrooted_graph_distances_four_point
topo299	299	AC|BD	haplotype	19834a43187a62dd9511c4ab0ff45cc7be78b913a7f913bbf22ecedc10800d30	unrooted_graph_distances_four_point
topo300	300	AC|BD	haplotype	5ae8e74cdbd98c945b9b05e89e427f88b690fa034715d77da6c87578e092925e	unrooted_graph_distances_four_point
topo301	301	AC|BD	haplotype	c69fb77fbc9aa81c8cd256856236729cd66029fae89c7232b3cabeb2dc402bf2	unrooted_graph_distances_four_point
topo302	302	AD|BC	third	e8e3ffe717e7a3cb3ea92fec3f4a4fbee368ca9ea2d7268bdb70c256c3b7b045	unrooted_graph_distances_four_point
topo303	303	AB|CD	species	c297840306c37f04f14b1b568e19c32105eda3a4ec14aae2afbd63855a92f81b	unrooted_graph_distances_four_point
topo304	304	AD|BC	third	4ee9ee51779553876b7d0085a46753a9a53fd94c06c2a027a2414d593b181bbe	unrooted_graph_distances_four_point
topo305	305	AD|BC	third	e6c5caa6c3af43b06ba19ba43966a8456b237de123715f7164c247d09dbd71b5	unrooted_graph_distances_four_point
topo306	306	AD|BC	third	084799c6e39815a3a7a3132bba7465f766f6d20cef3009ccf5563c32e382cd34	unrooted_graph_distances_four_point
topo307	307	AD|BC	third	e0cdf64134c7a38c7aa18b92fe2ce93ee5f89794270f0e12426f60509a69f15b	unrooted_graph_distances_four_point
topo308	308	AC|BD	haplotype	a1bec114caa4a0ac8b6d9e61055c4e2617879fba496d21824e5844fa02e5157b	unrooted_graph_distances_four_point
topo309	309	AB|CD	species	dca0f9d496f4b7f3ad5c6ad54891da707447307456b7709619ff8ca7a6ae4fe6	unrooted_graph_distances_four_point
topo310	310	AB|CD	species	ae7ff29b8ec3e5efaac2295e1d5e6466ec227153b7d452208eeb2a21d92c780e	unrooted_graph_distances_four_point
topo311	311	AB|CD	species	9d4cdb32173184f562515eb17f58a6a23072df124a6eced2e68ed8def25fdee1	unrooted_graph_distances_four_point
topo312	312	AC|BD	haplotype	90418b0666fd1a0532bc767372b5568ae0b2bd186a7cf5eb2b71b5124a9a9f76	unrooted_graph_distances_four_point
topo313	313	AC|BD	haplotype	def61b31d6769f54bdc73c853930b9ca8321665ef9a72ab21d8a3439eebce52d	unrooted_graph_distances_four_point
topo314	314	AD|BC	third	16dbbc1e1c3fd4d1ccb4585e8bdf736c62c727d64222dee98d313ecc61efbdb0	unrooted_graph_distances_four_point
topo315	315	AD|BC	third	62da53bdd8509f6a8e49316c0f0e441707f9a21291d125b003a0d5b92017d064	unrooted_graph_distances_four_point
topo316	316	AB|CD	species	07738a4c4d4a1155997c5228dff6943db57ba166ceee9c3ac22efbba68ba6990	unrooted_graph_distances_four_point
topo317	317	AD|BC	third	f0c1175c06b22ea8ac3d5df1cb3a493e3adf9731eb0e7707e173e204f8b3803e	unrooted_graph_distances_four_point
topo318	318	AC|BD	haplotype	d4d999e60d6af97cd3210b6d21e26c43c1b2da00c57b8eb3373a115bd6374007	unrooted_graph_distances_four_point
topo319	319	AB|CD	species	c4c54b3fc70934b5cb51428f750f64552dfd0dd7e3d7878674b5686119954aba	unrooted_graph_distances_four_point
topo320	320	AB|CD	species	390d2d498978fa49a81636975f8e7f704fe7c2cb2a83acf0699ead9a82f7323f	unrooted_graph_distances_four_point
topo321	321	AB|CD	species	82f50fc649388326896d8f87238435589ce640ebd54803ee65c39342cdd62de6	unrooted_graph_distances_four_point
topo322	322	AD|BC	third	bc1e135aa676037ae2749617140915ae950e4f3a3e48b8b17ed5a8495b6b893d	unrooted_graph_distances_four_point
topo323	323	AD|BC	third	f18ed98ec2ca0bbd35abcff533b56c9df6c68c493237436f588dae11cbdb6d4c	unrooted_graph_distances_four_point
topo324	324	AD|BC	third	991aa3a9e60577374b4b29b7595df9c28ba2c4f4ebdc15c389f8e755cf8848b0	unrooted_graph_distances_four_point
topo325	325	AC|BD	haplotype	273e23a33b3c07f0db70eeee96751ed3ad7f479557e1334f2a45eea30c186577	unrooted_graph_distances_four_point
topo326	326	AC|BD	haplotype	1dd700fdb25de1d10d7569aa5a0f6bef6229a66494a5016af57ec3104276edc5	unrooted_graph_distances_four_point
topo327	327	AC|BD	haplotype	995467430e6f595add79466db02bf06102a93212c472f894ae9c2a1127d24826	unrooted_graph_distances_four_point
topo328	328	AB|CD	species	4de2664c1ed5d4b09e01b6677c18b09249dcd0cf76cf247ae0d5661707a25b44	unrooted_graph_distances_four_point
topo329	329	AD|BC	third	80fa270afb47c424d0f481f3c665939916ff661c902e8adf919a93e5350d946e	unrooted_graph_distances_four_point
topo330	330	AC|BD	haplotype	dca04a02f73eb5fd0ad43ff7d6ba9f9340edae60aa8f009efd4a7b88af91fd4e	unrooted_graph_distances_four_point
topo331	331	AB|CD	species	c0741e52344fd3f03fad230ee2ee3c8463aac887630035e6dcfc96e796a4e70a	unrooted_graph_distances_four_point
topo332	332	AD|BC	third	2a6baeb8d6608060a000da3da1bcfab2c624c6d200773a63983b13c887761f53	unrooted_graph_distances_four_point
topo333	333	AC|BD	haplotype	fe34a8b24695bbfadae8dc0137e046d9514c782ee61aaf5fe825e57e4c60b047	unrooted_graph_distances_four_point
topo334	334	AB|CD	species	40f974e145a2a16c406b26ae320910aa8d55406bae77e38e4c2ffe5e637d16ab	unrooted_graph_distances_four_point
topo335	335	AB|CD	species	9c605f190284bfa3c9aee4e17790a102bf8e4d0a5aefdf05391a3acb0937bbc7	unrooted_graph_distances_four_point
topo336	336	AB|CD	species	bbad1dbc87d319237e5e0352ec7d729c9de3a719d5c2707f2b70d6d87c75e817	unrooted_graph_distances_four_point
topo337	337	AD|BC	third	405a2299bf52e8e76b4efe34ae714a12342a768acaf29939642242046393b429	unrooted_graph_distances_four_point
topo338	338	AD|BC	third	aceaae8839538383bbcb8f8c39a72b24255db1dfc445b42d868bab56dbc28ab3	unrooted_graph_distances_four_point
topo339	339	AD|BC	third	e9d862f9ba4810a0721013e380d24fd76fcd50824e24381b0827972d94102fe0	unrooted_graph_distances_four_point
topo340	340	AC|BD	haplotype	8326b8843bebecb3e4331283b12d4a746711097907ef4b4cb796656bad2a7df9	unrooted_graph_distances_four_point
topo341	341	AC|BD	haplotype	5ca38603fe6adf5f194cf4ed4f73ac27233dc6c5387adea6debe6b7e1537620e	unrooted_graph_distances_four_point
topo342	342	AC|BD	haplotype	5df81f58ca55b4f53dc35ec143fa30734bd30c6127601fd75dbac3785bd98198	unrooted_graph_distances_four_point
topo343	343	AB|CD	species	9f4488660d2da346dabc6574d51f8a475cea8e07805692c5a9a8de311643cc60	unrooted_graph_distances_four_point
topo344	344	AD|BC	third	4ee638479fdd13130b07198f553f27cf97a19f13cc1142ac400f1ea9cbb2b622	unrooted_graph_distances_four_point
topo345	345	AC|BD	haplotype	23bdc5abe8bf8f1316430337d5863e8d3183b4cdfbcd3239bce5e27373ae3c97	unrooted_graph_distances_four_point
topo346	346	AB|CD	species	2f27e3f104ea2cb0285a81c54d4c1327a6bd2fc7b954e522fab89ee95a2800a2	unrooted_graph_distances_four_point
topo347	347	AB|CD	species	5da02095e805adb9861612f65e38c74cf71792c79229b0a42021cb96fd6e1fcf	unrooted_graph_distances_four_point
topo348	348	AB|CD	species	d86e4a7905192bc83f9611730de1189d02fb8d1c49591cba21c346561e850145	unrooted_graph_distances_four_point
topo349	349	AB|CD	species	9431eace9a20a39af9d1d65bdf3422cba8cb197910d39f5318d72973b0796ca2	unrooted_graph_distances_four_point
topo350	350	AB|CD	species	4a94ef5540b62ab7d7a6e94be2bfd325a0dbbaeeb87e9fd14fc1a8a4f4186e57	unrooted_graph_distances_four_point
topo351	351	AB|CD	species	6e70385fa8936bdd7c9de5cbc45cb9646d117f7bda718e9059ed8cacba56b934	unrooted_graph_distances_four_point
topo352	352	AB|CD	species	0dd51482c76b8e2b05f869913bd035e6fb8b2f01895de3903291134973fe6411	unrooted_graph_distances_four_point
topo353	353	AB|CD	species	4cd88aa7c3c031394956dbbaefd1b0251d1d9bb4a4a847ecb46bd54bb452b2c3	unrooted_graph_distances_four_point
topo354	354	AB|CD	species	24e06bd217f60cd9dc864ac0831e202355ec5ff6ad57b9a73d22c75bd2a02852	unrooted_graph_distances_four_point
topo355	355	AB|CD	species	7aa76df9091193f3abf9761033c24bee0f18c02551d370ba33c6f5cc15448806	unrooted_graph_distances_four_point
topo356	356	AB|CD	species	d2812842470f66cff5b2e6fd834d00dcb1ddbece349c9500676d189a0c3dd6c3	unrooted_graph_distances_four_point
topo357	357	AB|CD	species	fa7b85c35102f54c2e3e4118741a861963a8160427702e6c4624eda6c59a0cd8	unrooted_graph_distances_four_point
topo358	358	AB|CD	species	8ad47a3e711a95a82119cf1e419c1bd883f923565278dbb091e96ba4c29d8753	unrooted_graph_distances_four_point
topo359	359	AB|CD	species	6f8179a0ef2c4448b18ff87ba8c7ee9226d04c435c0edc478b6a939af8b7646b	unrooted_graph_distances_four_point
topo360	360	AB|CD	species	1a8895cba71917de078446eebfc703edaae60fd2e1967bee3b4e2e227df7c4cb	unrooted_graph_distances_four_point
topo361	361	AD|BC	third	8dbc8a8ad430a62fc3cbc76474bc50782568ce9d41be19d4e31dd264d2a7deec	unrooted_graph_distances_four_point
topo362	362	AD|BC	third	d6b23994086549c26c8933a0d1d0fafd59b56bdc6bbb789809e98fe41dd4fc6a	unrooted_graph_distances_four_point
topo363	363	AD|BC	third	ed933ffb4ce403b7365932bc9d7f620664b9b2255a39122b513b2243c47e36cc	unrooted_graph_distances_four_point
topo364	364	AD|BC	third	52f58fa2537089c109aa42a06b55a3ebcb151f42ac74811ebedd3f25a977677d	unrooted_graph_distances_four_point
topo365	365	AD|BC	third	8e5bf2ddb1a726e4e2ccfb1474ac75d425e83dbc64012bdf255a923f2001c7e6	unrooted_graph_distances_four_point
topo366	366	AD|BC	third	02cec8e4d2d6ba405c0bd0628828e4e00ac232ca93f8ac75da77ca4536bc6839	unrooted_graph_distances_four_point
topo367	367	AD|BC	third	f9da7d88fc36b8a8811578e6af66ec154a880c36e2d164e637d5342782bf7b43	unrooted_graph_distances_four_point
topo368	368	AD|BC	third	b0d1b8798197aba1b53a02fa6c30386f764edead2ae63a484af17b47ae7341ec	unrooted_graph_distances_four_point
topo369	369	AD|BC	third	bbb1e8ca93a602b1e1aedb6203c4953ade8b80d7444df8eba212ca9968c11b60	unrooted_graph_distances_four_point
topo370	370	AD|BC	third	31855b0803d23c3f33e688d2337577dc5be3e95568ece4758de3ae1dd2ec0772	unrooted_graph_distances_four_point
topo371	371	AD|BC	third	33ea69d588d8bd71b4b578ceff93816677c199c41df36f6aa8b1a175fcd979d3	unrooted_graph_distances_four_point
topo372	372	AD|BC	third	31f6f4852e8c5cedf3eff0e82447006bd4542d733e8a2ffcdf47dd6579a32d4d	unrooted_graph_distances_four_point
topo373	373	AD|BC	third	a1ce90aca1ebcc77bdfe455a9ac110f204f89dce798d51ceff50bf6986fa118c	unrooted_graph_distances_four_point
topo374	374	AD|BC	third	3e0f77490aa50c82baedfdf917ac605ed547103a3263310faaf75b9fdc85f070	unrooted_graph_distances_four_point
topo375	375	AD|BC	third	abfab127fd4be85b3df6fc58becd9db8511c83d097be06b6c9a587468299418d	unrooted_graph_distances_four_point
topo376	376	AC|BD	haplotype	c7938f76198a7facbf6a4c2120b2456e0cef6b86226c0f3083f2e47892d6c858	unrooted_graph_distances_four_point
topo377	377	AC|BD	haplotype	139822772df0233f3488170fd1bf5151e366dab914dc0f68ac3838a8b72e7a45	unrooted_graph_distances_four_point
topo378	378	AC|BD	haplotype	43a1c287d293ba184afc8c3b480d13af54e6a939f65b45f0cb35658f7c502b58	unrooted_graph_distances_four_point
topo379	379	AC|BD	haplotype	e942f5b24821d6b2d31b5abbdeaabbdb5d285ccc96d2289c2088c83602bdf42c	unrooted_graph_distances_four_point
topo380	380	AC|BD	haplotype	628ef5e782623cf969d85f8f97d87f2b126ca1c5fdf0f0d2230a651a16ef4b60	unrooted_graph_distances_four_point
topo381	381	AC|BD	haplotype	b4bb3a9ce793596f3258101c5e7cbf391e3c0e7788885bdebee12674062e64a4	unrooted_graph_distances_four_point
topo382	382	AC|BD	haplotype	af01b1a2fb78154f87ff61ac25204ea38e6a47f0d9a147de3dc54c6310ec06d3	unrooted_graph_distances_four_point
topo383	383	AC|BD	haplotype	1961adc89548a1035a943327a73fa84a460d11df150213268332b6ee5a32f2bb	unrooted_graph_distances_four_point
topo384	384	AC|BD	haplotype	ea4840971fca0dd44df6a4f25e0e08951b989eacce714dc99e0a97d91737919c	unrooted_graph_distances_four_point
topo385	385	AC|BD	haplotype	10549c0be28128a218cf9dd675802835e9d1e600491780de38a5837ebfdd3815	unrooted_graph_distances_four_point
topo386	386	AC|BD	haplotype	e487afdd049124d946af22308e4c1121d0115349a8991908b7304dfd8bf6641b	unrooted_graph_distances_four_point
topo387	387	AC|BD	haplotype	02dbfa97410decdc30cd1cff721603631ee816261cb6a428ea81297577aabf8c	unrooted_graph_distances_four_point
topo388	388	AC|BD	haplotype	a85e3e65d264a8f5d516b2bdf985e8ee8d41924ad6ba0dbe6ec4740bab889298	unrooted_graph_distances_four_point
topo389	389	AC|BD	haplotype	fcdfddfff2fadc874d0ae888187f20ca1a2d8d26b6085cbbe23796f9802fedae	unrooted_graph_distances_four_point
topo390	390	AC|BD	haplotype	ffd59c49566cf413d75259feb3046d08ebd065c538fd67d4bb80e760b2210ca7	unrooted_graph_distances_four_point
topo391	391	AB|CD	species	51d5d9e20960307a7cc58ed28c124faec7eba7d8fec99552fca2aeddf987eb91	unrooted_graph_distances_four_point
topo392	392	AD|BC	third	af435d94553e1308a88c7732e71153c21821bccb5c71d5b699fb13b8e8a1c2d8	unrooted_graph_distances_four_point
topo393	393	AC|BD	haplotype	808085ac2fe34ae7ad560c4aba4a7130cd9eeedd8acd61d4de06cf4f335bbbc8	unrooted_graph_distances_four_point
topo394	394	AB|CD	species	8653b758ae6bc13f202a4801349b80783ac80f856c9af83739448af7af18daf0	unrooted_graph_distances_four_point
topo395	395	AD|BC	third	6ae0e112a136ae4fc05ecb2ed32b85594511fb02fb2353439fe49d25fbd91f4a	unrooted_graph_distances_four_point
topo396	396	AC|BD	haplotype	b846e2dac5bd0088e60d6619380a50f7195a1dff08f957aa4528a57974651fe5	unrooted_graph_distances_four_point
topo397	397	AB|CD	species	b531423f4d7f8fef5ac416e46cbf947de372bfb3c2067f02e162f60f93485b34	unrooted_graph_distances_four_point
topo398	398	AB|CD	species	900f1964251a690c135f325d591e763bd861bf12aa5c31052470101a8e419bae	unrooted_graph_distances_four_point
topo399	399	AB|CD	species	092e6ae25690a0252fd1690b76e5a5a541ccc6bc7861d7d05001d96a7c17ada8	unrooted_graph_distances_four_point
topo400	400	AB|CD	species	49261a0f75329b1c6ec373b5fe56b9323ee64138a9264b34de8977cbdbbb57ca	unrooted_graph_distances_four_point
topo401	401	AC|BD	haplotype	2c4bd14f5e6039f714400dfb9dddfcd1d2efa9e62629134af3a0e565e4054eed	unrooted_graph_distances_four_point
topo402	402	AD|BC	third	10b87922178b3c7fe409d452c7e552e829bfab52d45dfc396f46bcd1d9a743f4	unrooted_graph_distances_four_point
topo403	403	AD|BC	third	4441119fdf35a6e100b017518a29b575e9c9de30fe74bbf16f8afa7a7c86efe6	unrooted_graph_distances_four_point
topo404	404	AD|BC	third	ad410de7a5993f6189fbbcbdac0fa981ae6c53ad88037e76db1d03c670c834a0	unrooted_graph_distances_four_point
topo405	405	AD|BC	third	84e1a0723b5cb2ae7d8ace515d25aa27adeebbbb4f3f0851e53f4bad535600bf	unrooted_graph_distances_four_point
topo406	406	AD|BC	third	7bbcb2992666d724b73e1c928f171a73aae6508f7545a92dbc93898dbb11f252	unrooted_graph_distances_four_point
topo407	407	AC|BD	haplotype	bdf86d5db09dddac6d80850f982e52d4c5388840727f5b859a696069392bc7b6	unrooted_graph_distances_four_point
topo408	408	AB|CD	species	5e609a2cf2932f1289a97f023b95f481a63e5a1429a6ede20390deebb73edc3a	unrooted_graph_distances_four_point
topo409	409	AC|BD	haplotype	7ad581faf1c0021e8f21c730385bbd01e9393b8bfec38b790248b6cbc808f747	unrooted_graph_distances_four_point
topo410	410	AC|BD	haplotype	1571ece55fcd14962ed732ae3986f7eece78dfa75781951587e6a8b8f6b2f1ae	unrooted_graph_distances_four_point
topo411	411	AC|BD	haplotype	cdd96ecba15ea2f654ee94603a6b4908ed2ad649c2053dda4e24726d7cb4c394	unrooted_graph_distances_four_point
topo412	412	AC|BD	haplotype	3d876d1feb610ae2f8e2e988d5109ceeff65611ae9d01cc73cf690588ec365eb	unrooted_graph_distances_four_point
topo413	413	AD|BC	third	be11c1cad137f4e5d6a5e5d783e30dc1d2af061ccff3ab2c8a6ce084822bd7b8	unrooted_graph_distances_four_point
topo414	414	AB|CD	species	8b5540610de0400cb15c66673a48d65c1c61b9b01056495e5221349511a5528c	unrooted_graph_distances_four_point
topo415	415	AB|CD	species	b6824f79d570a81e6b5b549c17f218563e95d5c6e46c8c83d433d3da6cb1a060	unrooted_graph_distances_four_point
topo416	416	AB|CD	species	3f88ed6117140118cc91aef5c8c26fe0bc727f08fbfe0f715a8cda2b57ad9f3d	unrooted_graph_distances_four_point
topo417	417	AD|BC	third	fe6942bfb19e0aba3d831e6098c15181a52df51f18e11ee1b7808e13a02b2000	unrooted_graph_distances_four_point
topo418	418	AD|BC	third	2826613dca8ba3f8a549f750cdde25254e704d989418669d1dd0608c43b7153e	unrooted_graph_distances_four_point
topo419	419	AC|BD	haplotype	932f478b9d4b1f5fea01f79ec4d9ced717f8046a6fb814d744e02f3d8a4afd6f	unrooted_graph_distances_four_point
topo420	420	AC|BD	haplotype	b0a95569bb934e93905bf2f4a73c2f417136304e8f3667a1e179b1138ffa8226	unrooted_graph_distances_four_point
topo421	421	AC|BD	haplotype	dbd474e0416b07d5cd69d04c5e12b90b04525721f6bbc87e6e4697aa55918b89	unrooted_graph_distances_four_point
topo422	422	AD|BC	third	d0af4fa028bf59839e5374e13b3d296f9c333037b3e922f3f63cadaa2c456e3e	unrooted_graph_distances_four_point
topo423	423	AB|CD	species	ba29775e41ead2ca2bdec2858accea92e96ea265a7320062784dc3e53a5bd3d0	unrooted_graph_distances_four_point
topo424	424	AC|BD	haplotype	ea2bcf2e52b961dbd16f665e2efaec1d5c1bc743afc895e4654cc8129634e41e	unrooted_graph_distances_four_point
topo425	425	AC|BD	haplotype	82a35d388af0c507f32a064bb0baca16c1c61b2d4227967187012c30b020904c	unrooted_graph_distances_four_point
topo426	426	AC|BD	haplotype	b9479af67f3d67ca97002f1c0f8faa05dd170faebbd3c4c47f2b7f71e5f7698d	unrooted_graph_distances_four_point
topo427	427	AD|BC	third	b950e9c3aba8bed9ddee38b5469c5b2adab407f712b1d8c3ce5dfdc496214888	unrooted_graph_distances_four_point
topo428	428	AD|BC	third	cfc433a1b4fefd6cc771b624098c31100154f7065e2ac7b565cd892e211126e6	unrooted_graph_distances_four_point
topo429	429	AD|BC	third	16ecd13e558bc970bc6c91aba57dd33cf110228a7044c9ce5fba3e52262f395c	unrooted_graph_distances_four_point
topo430	430	AB|CD	species	eb4671031def13b7502ffdc46cde3b59bc7fdb84c39eaf749deac48a9df39420	unrooted_graph_distances_four_point
topo431	431	AB|CD	species	8179cdf22647d764f7b2ea6df3e2ac5b4e13d6ab79a2920e9d23e9f8cb9e12a2	unrooted_graph_distances_four_point
topo432	432	AB|CD	species	02f47256189b8a8b25fc83f69859ec48f58938ae32c126a0112f0df10064ccc6	unrooted_graph_distances_four_point
topo433	433	AC|BD	haplotype	7d76b57fc11e68934cc19ac9b3d5cc7be59992119dd478e821fff4382e931614	unrooted_graph_distances_four_point
topo434	434	AD|BC	third	b317db5f3131f129bccc100b15bfebcae4d0bcaf40cea65e0f910b4818c5b4ac	unrooted_graph_distances_four_point
topo435	435	AB|CD	species	8de602755c24193bb68801ac49b4939a740978190f2c492c119acd4c63fe165e	unrooted_graph_distances_four_point
topo436	436	AC|BD	haplotype	f6ce16dcd8888e6cfd6aa6dd8d4e9b7d3e4f19d30edb17781eeaf8108688574f	unrooted_graph_distances_four_point
topo437	437	AD|BC	third	b94182b77d84db02ca3ab2ccab97ff8be9b9301450e0f871d45b2510e9c3adee	unrooted_graph_distances_four_point
topo438	438	AB|CD	species	bcace1b146e272027ecbaddc5160275377f5088e2c96e03d66539c0abdc66b1f	unrooted_graph_distances_four_point
topo439	439	AC|BD	haplotype	42197bf2866355fb303b42de282f3e503519a7e36e6a2b2bb5bb6bafe5b465b2	unrooted_graph_distances_four_point
topo440	440	AC|BD	haplotype	7b9d985c666a0ec584d93652c840ca1621da0cde4ec20d7e12cd1ad158c91f84	unrooted_graph_distances_four_point
topo441	441	AC|BD	haplotype	e80ddf2667110e0807dc8bb0fd891433bd6d5337d68dbd57749b7275f0dbd25e	unrooted_graph_distances_four_point
topo442	442	AD|BC	third	61b2e48c480217173d9e7d6c28973400d210fa00fc269365a48b19d3ec2a0e2b	unrooted_graph_distances_four_point
topo443	443	AD|BC	third	a754163bf393d8321e326c172d2ab52bd2264642e36cda8237859bb5151025ea	unrooted_graph_distances_four_point
topo444	444	AD|BC	third	aff0fc7096c3a10854efd7ff6bfcf5a6b438425e66610b84ec358808b38d0a8c	unrooted_graph_distances_four_point
topo445	445	AB|CD	species	61d9b3746db3137ec3f8f028d166804fb82cb97a5ced1459b205522922bc7453	unrooted_graph_distances_four_point
topo446	446	AB|CD	species	8ee0f5f111d077e8fe55b9daec0d1303359c9a3229173b3265b597a5ad503412	unrooted_graph_distances_four_point
topo447	447	AB|CD	species	ccaa6fc877b748bbec4ce324e5560b7e6cc2ba28b766e34b73a7e4615764c999	unrooted_graph_distances_four_point
topo448	448	AC|BD	haplotype	3768d5d43fbbf8162a0abb88f2d56d22f118c7ad11fa051e14c826a5972cf138	unrooted_graph_distances_four_point
topo449	449	AD|BC	third	5fc80db926f0e39de90be0284e59283438f6cf388629ffaaf3ec9dab2f61590d	unrooted_graph_distances_four_point
topo450	450	AB|CD	species	06cf81ef4c02d2bb702e3177672a2eb19b4f28cfe6d4195c37a4baf5fe11282f	unrooted_graph_distances_four_point
topo451	451	AC|BD	haplotype	0f81ac0a67fa45a2713855fab3d7e7ee290d739751610496c4218ad24e009224	unrooted_graph_distances_four_point
topo452	452	AC|BD	haplotype	1a2fa83043818f4641615322534778db38cfdb08a5fa7dabaa86810752c0b6ac	unrooted_graph_distances_four_point
topo453	453	AC|BD	haplotype	ae57d64713526c3c41c7eed08849068845be983e153676d115f897367fe9638e	unrooted_graph_distances_four_point
topo454	454	AC|BD	haplotype	69686c9618568d2075dd6f25993b5b4813dca8bad30a2eee351f81d97aece67b	unrooted_graph_distances_four_point
topo455	455	AC|BD	haplotype	6e432df2d1249ed6693888452cbf3b059f12245cd37232baadcade12b551b53d	unrooted_graph_distances_four_point
topo456	456	AC|BD	haplotype	ee48f8e84f423b830378c2a27bfb2a5bab7373b063cfba174fe68d16fedd5fc7	unrooted_graph_distances_four_point
topo457	457	AC|BD	haplotype	7e19ddc0e5d86428fbeeac6629f2ce489d39864e3b29b5b6befa8544e7204644	unrooted_graph_distances_four_point
topo458	458	AC|BD	haplotype	e67097453d7690c1774d5087972fad933eba011c57f03b6d29f46df91861e0a8	unrooted_graph_distances_four_point
topo459	459	AC|BD	haplotype	01cc0b4bc1e64cf17ead5f87be70eb9bb0f75c804b85a4fc7b9b8402e814caaa	unrooted_graph_distances_four_point
topo460	460	AC|BD	haplotype	f0fd23af6cfd3ef7267bfa0c67a6cc0cbea0b73162bd8f823f143dd8b6742103	unrooted_graph_distances_four_point
topo461	461	AC|BD	haplotype	de68161a863efde24745da128174fbb716e1a9df6749666e27c728b72a64c65c	unrooted_graph_distances_four_point
topo462	462	AC|BD	haplotype	7120934265c64bbe248c68a851885f92a236e872be603302c6ef6be2e558aca1	unrooted_graph_distances_four_point
topo463	463	AC|BD	haplotype	0f2e98ac14252e08740b30ecd4e22fbb74a1c840bb12c6cff4284652383fcbff	unrooted_graph_distances_four_point
topo464	464	AC|BD	haplotype	53bd9fb99f411dfb993faacf5599a59f3f24afff000de19e57207bb95f30573b	unrooted_graph_distances_four_point
topo465	465	AC|BD	haplotype	29cbfb7272fa78c5a6e671105dfe4c7d906506eb7538811b127517966e964d43	unrooted_graph_distances_four_point
topo466	466	AD|BC	third	8df648e0571f1dc8fb7ae26bc5aaa4b13f65a32b0a0b19de3820ce9234e95fce	unrooted_graph_distances_four_point
topo467	467	AD|BC	third	1b2015d4d16f4920994c07e825032bfd99319e16e7f178aed249e47c81dca471	unrooted_graph_distances_four_point
topo468	468	AD|BC	third	79395df3220f882300af09b2bce637e21284cf5970fc5d3e8a477064170391b8	unrooted_graph_distances_four_point
topo469	469	AD|BC	third	939c51a69b024aa3c0b3d191971b156ea7b2c456389388f4c086a813ad01a7df	unrooted_graph_distances_four_point
topo470	470	AD|BC	third	7a201ebb177014d274cc6a48ac364c8bf3138767ea9a07d3c89e2d61b1f0aafb	unrooted_graph_distances_four_point
topo471	471	AD|BC	third	2840c3f74194f8feff7e959bbc5d9308f3a7799b8340162ecbde174358817559	unrooted_graph_distances_four_point
topo472	472	AD|BC	third	d384411fae383a567adb0ad7553df181112f3c397adc1b767c37f547da310835	unrooted_graph_distances_four_point
topo473	473	AD|BC	third	ed181fb1f53137ad8a276bc30e0e7f4962f5a122b5406abf1dcc45d6656b533a	unrooted_graph_distances_four_point
topo474	474	AD|BC	third	1ccbf3c4c9e3228ee938d82526af32c978a094dc94d34d6cc801d911300bfb2a	unrooted_graph_distances_four_point
topo475	475	AD|BC	third	a85be7e91ec3059ebed4c05b9d361cd4e3392af792ab16681887e4d070ae92a3	unrooted_graph_distances_four_point
topo476	476	AD|BC	third	517414f520d50ab706534c48d2c3674e05824cf52ee5e60ecdd7c37886438a9c	unrooted_graph_distances_four_point
topo477	477	AD|BC	third	37ed2e52cfa51c3bddf92283802933c4b8da0adcf1c7c4769d991be46a178b0d	unrooted_graph_distances_four_point
topo478	478	AD|BC	third	041e0e61b8a850ae1d0919cbc950eb4d8207ce66c89063f3634e4f25127a4e7c	unrooted_graph_distances_four_point
topo479	479	AD|BC	third	cf01d0add540a93c7c010a0284be017702ef1d0dcbdf7b25e2baccae91edd1b7	unrooted_graph_distances_four_point
topo480	480	AD|BC	third	bafe4ef330d3e9092c313f688aa77a1f3f0d20985e0f077cc9e04a04f997ac92	unrooted_graph_distances_four_point
topo481	481	AB|CD	species	cee70abd60ab708c91285a4e7532a07a2de800a3a2a131ce406a09e9d9af712f	unrooted_graph_distances_four_point
topo482	482	AB|CD	species	c923adcaa13608128024d66883871b77f344c0815137ec48cdc7dda2a2bbd64b	unrooted_graph_distances_four_point
topo483	483	AB|CD	species	430b9354759238ba297c49a279ded03bae0969c85e728da5eb917595534d7dfe	unrooted_graph_distances_four_point
topo484	484	AB|CD	species	37d13a2a24de4604491b8b1359cc355d5f7aadae3a49f910be8cc245db414dd9	unrooted_graph_distances_four_point
topo485	485	AB|CD	species	498b31b9564b25775a796e88458a2ea3786921d290e581a8819f18fd5b59ae6e	unrooted_graph_distances_four_point
topo486	486	AB|CD	species	f0df2aa4b5b5345fd62dee783e0ce38f808a18e24d51889e2774664be68eddd2	unrooted_graph_distances_four_point
topo487	487	AB|CD	species	d1217adcac56ced6fcf1e9478dd9d88c5c882a5f131c7c904e4143decf1d94cf	unrooted_graph_distances_four_point
topo488	488	AB|CD	species	f34dbc98cb02508992580eeed4a9d9859870791787f2d79ca67c1195bd52ac7f	unrooted_graph_distances_four_point
topo489	489	AB|CD	species	f8c6a8e57f4394664fb774b99bf7be07d165bbc2b6b5f55e6534fbb0b498f9f7	unrooted_graph_distances_four_point
topo490	490	AB|CD	species	9df8beb492e8232574655983a608054e85e0fa712f56a0ee3ecf36fd9c79d5d5	unrooted_graph_distances_four_point
topo491	491	AB|CD	species	7910b1436ed114d27ba3cf7b130e1f091a13112f4cd8cf06458278e00076390a	unrooted_graph_distances_four_point
topo492	492	AB|CD	species	b0edef0e89a89b60632dab519a2e72bdbc96bf545efaa7281cd103a4a2e925a9	unrooted_graph_distances_four_point
topo493	493	AB|CD	species	e451ddd448c263843c615cf4d21166dbedb82856c3226860d0df4ad0d3523e24	unrooted_graph_distances_four_point
topo494	494	AB|CD	species	b746a309568f8170fe44c63e33ee63c4602b5baac4c7fb3482053c50cc699d5a	unrooted_graph_distances_four_point
topo495	495	AB|CD	species	4c5ba83712676a43cf83b080c93b6d54b18a521475e9cd880699ad824a86d11c	unrooted_graph_distances_four_point
topo496	496	AC|BD	haplotype	aed1750a5349ac8bbd4cd2a6b69bab09a3d5f9ea9c623bf240ab4bfc819ebaad	unrooted_graph_distances_four_point
topo497	497	AD|BC	third	4194e44d6a5df359dec80fdea20d7b85f36e4b016c2c9f0850e105272e9a1f39	unrooted_graph_distances_four_point
topo498	498	AB|CD	species	65f6e2fd846b0d424d79f8651d6d6bbb8fe5540d4150fb7d5f0ccd9e3d4ebdb4	unrooted_graph_distances_four_point
topo499	499	AC|BD	haplotype	930804604a0db9688932fa0b58da3e93febd4c620edf74c017bbb85dba90759a	unrooted_graph_distances_four_point
topo500	500	AD|BC	third	fe2f69f2944d3a38d2855c204be174d6327c3186cdb627d16768890f77065b08	unrooted_graph_distances_four_point
topo501	501	AB|CD	species	47cef67b078234be9de0a9ec139734fe1fbe87f1e9525c9900bf6119c41a2825	unrooted_graph_distances_four_point
topo502	502	AC|BD	haplotype	bd459f9d7d0358a33d87d9b507bab4402eb60119b1ae8eaf04db6a72a1865685	unrooted_graph_distances_four_point
topo503	503	AC|BD	haplotype	1dfe9a483e61448642f8b2433e7909e6b4b6b2f4d4220a981ff6bfc3f8d302e2	unrooted_graph_distances_four_point
topo504	504	AC|BD	haplotype	7ce453c61be1566f8c51904a09812b7cb19f91e98f9f0987232274bfba21014d	unrooted_graph_distances_four_point
topo505	505	AC|BD	haplotype	afac1a5c8a9f7606ea5591b7783cd7e3b4f4a0cd35480c55bb00e5f1af126c85	unrooted_graph_distances_four_point
topo506	506	AB|CD	species	fe975b9ef01b2cb83268ef0c09771289b37c2a561f6f1cd8d9eecf3ace6efc5d	unrooted_graph_distances_four_point
topo507	507	AD|BC	third	3f3d6936808919d7d24a03c13ac5fac9dc6c44c84c0f57e126699b36b73613de	unrooted_graph_distances_four_point
topo508	508	AD|BC	third	21b320f34a4d2457405011037c247a53f8790e8cf11a99841e4da7cea921858f	unrooted_graph_distances_four_point
topo509	509	AD|BC	third	70e03ba5d03ce56025d5a908ed7a1123e817b501bd75aaeec9c60f46870061df	unrooted_graph_distances_four_point
topo510	510	AD|BC	third	4324cabc1827ed0a60955e3731c79e717d8c5736af41ba6029f289710357d015	unrooted_graph_distances_four_point
topo511	511	AD|BC	third	a3625973f118b328c2e1abd0566f4e6d2199a36f1044ea156105fbbd596bea11	unrooted_graph_distances_four_point
topo512	512	AB|CD	species	de0435a6828c64e7aeaf6e8b285b6d4320ae36a1c464a34a1044fb558710ee5b	unrooted_graph_distances_four_point
topo513	513	AC|BD	haplotype	9ba7a73e6489ffb235ff93a3cb19a8aa2b18bbdf2bc2babc5f5ec560dae3d7d6	unrooted_graph_distances_four_point
topo514	514	AB|CD	species	e69431349926e96e9b94463979eb3f22d7b5e9b56e6525b0ffd8adcde2df024d	unrooted_graph_distances_four_point
topo515	515	AB|CD	species	c64a5ea8aefba6bd732d615105e93c1ed0fc4892d48227b4d315ffa00f15376f	unrooted_graph_distances_four_point
topo516	516	AB|CD	species	09dfb53bdf7b6d840ca604f3c05ea5f1d883809c70de0e58632329cb73e9fe02	unrooted_graph_distances_four_point
topo517	517	AB|CD	species	e09b97815ff6aaf4230ab8a0b9cd62060c645723606ed10fa48641ba3866d125	unrooted_graph_distances_four_point
topo518	518	AD|BC	third	65481e1a87eeb3de4a8af581034b823d2d90eef850fb205a3186196efe77e8a4	unrooted_graph_distances_four_point
topo519	519	AC|BD	haplotype	493aef7d3db1b78cddf83b020c95e8ee56e4f34a8fb1aa70034f683066caf1bf	unrooted_graph_distances_four_point
topo520	520	AC|BD	haplotype	20e0baea8f4737605defbb866e079f702cb9fdb4cb584b7ce4c07870b571d86e	unrooted_graph_distances_four_point
topo521	521	AC|BD	haplotype	2da2d3061948af5ec2219d95ed731b978bdff03f414a1ff0c698eabbb429b77f	unrooted_graph_distances_four_point
topo522	522	AD|BC	third	0c83ac758c9536de817750edb10f71132beb0f9a9b8436478f3aabd4c606dc8f	unrooted_graph_distances_four_point
topo523	523	AD|BC	third	aada443eeebc5882e741e35eb4eb516f7e25b885c0a81e95c06ddfe5104457cf	unrooted_graph_distances_four_point
topo524	524	AB|CD	species	5f4d4d1b223f561db2cff51c9c7a28cb5ac3f0d3e075841c6c8438af509da11d	unrooted_graph_distances_four_point
topo525	525	AB|CD	species	b5a2eda09e3ca0860fb848b11e90a701a1a8bb5edade5313e78b385839e457f4	unrooted_graph_distances_four_point
topo526	526	AD|BC	third	563f3dffbf47853304c13943f12d6664a0702e2c11df842c1d0e39a2bc2baf58	unrooted_graph_distances_four_point
topo527	527	AC|BD	haplotype	c7947fd9283112990f1f7d015b3559d2af0a9b7d4978451e752780416a61325e	unrooted_graph_distances_four_point
topo528	528	AB|CD	species	615a728b62252b49e79dcd6c986d1f8339a88db9c472f473eb090151f5b9fc9a	unrooted_graph_distances_four_point
topo529	529	AD|BC	third	cd17ca5643d34f7ff0202ab4df3544b17af18e29a92e553512195d0941e43157	unrooted_graph_distances_four_point
topo530	530	AD|BC	third	eea5195e369aacd5d9372c40a804de178d66e125584e0158603567e51c615f63	unrooted_graph_distances_four_point
topo531	531	AD|BC	third	4727940fcfc59593aa43c546d615ddd7f711798e3c2b74ae320c1ad2ab3920a9	unrooted_graph_distances_four_point
topo532	532	AC|BD	haplotype	53c3d4eb4816f852683037a319f4d294f19991e8784084450c7833bd1a6588f1	unrooted_graph_distances_four_point
topo533	533	AC|BD	haplotype	70df226456da20cf3d5a1d928f4f33bb5b388dc38fd1d102943497121b979bbb	unrooted_graph_distances_four_point
topo534	534	AC|BD	haplotype	65ef43dfa2439b9ec3702ea0e09e928f7a11ee003e476a5d9aa59b1c5b100596	unrooted_graph_distances_four_point
topo535	535	AB|CD	species	57d38767bebe18f994042826f8485c2e7f1cf3ef74cfccbf8f1c346f56c2aa6a	unrooted_graph_distances_four_point
topo536	536	AB|CD	species	dd72b336cd824a84594e3d2b9ff9db821258a5b2f4a164332caa7cc2c7e29135	unrooted_graph_distances_four_point
topo537	537	AB|CD	species	aa499eb4b8aafb0eacaea1d82824d623007b98c1c14d3644b0438da85566f15f	unrooted_graph_distances_four_point
topo538	538	AD|BC	third	53d92cd7fe6197f00c00b26f7719b40f2a17645a2f9b7747bb3331039f8226ca	unrooted_graph_distances_four_point
topo539	539	AC|BD	haplotype	54c1620ad0a0f4538b69fd2ab26b4b2cf9e7acfed99c1d3eb5342c709c70526e	unrooted_graph_distances_four_point
topo540	540	AB|CD	species	38a363bdb09359b3ee479ae9a3efb67530bb4dfaf8999f96aec0178d16ecff36	unrooted_graph_distances_four_point
topo541	541	AD|BC	third	82ea8e3114bdcdcb6467d553445d249d394acf6e27b3f272450c5d5b055e0e82	unrooted_graph_distances_four_point
topo542	542	AC|BD	haplotype	0fb921de7286545bb1ef3668feac86f023dd92150fbfb7d667975aeb23c71592	unrooted_graph_distances_four_point
topo543	543	AB|CD	species	8a7b70beae8ea077d903c0ce18e2f909f5a284036efe090704bb6728ae7dbb29	unrooted_graph_distances_four_point
topo544	544	AD|BC	third	bfba00b9e77f5eebee63cb5df63b5f53b11d8c5c562fd4057bc42fdc9f15d6a4	unrooted_graph_distances_four_point
topo545	545	AD|BC	third	094755df17b1efbbeea7328ab979ea5d110f890c83af713c3db2bc8263a56b63	unrooted_graph_distances_four_point
topo546	546	AD|BC	third	fff069d357ccca9630150f84828b3607d561237d2337cf2cf87dc632e1178e69	unrooted_graph_distances_four_point
topo547	547	AC|BD	haplotype	42527a286ee438e841fa791d2e035e1f797cd25c9a62591f7791fb884b9b7104	unrooted_graph_distances_four_point
topo548	548	AC|BD	haplotype	54507b42303249fdd2c10f1b8df3c81dee59d67b9c934f42edf9d50dec5f6861	unrooted_graph_distances_four_point
topo549	549	AC|BD	haplotype	b4d93b5be3342eef770be0c5fec76297a6616bbde8116dde76afe2bc607102e5	unrooted_graph_distances_four_point
topo550	550	AB|CD	species	e5525f9bc937f0f3d0dcfc3274e933b6cca38f777514e20f9e97b49007e603ce	unrooted_graph_distances_four_point
topo551	551	AB|CD	species	a3b724fa6e6763dbf3b48e737106bf5a16cd8c503ad6f97e77b5e3e3ee005ff2	unrooted_graph_distances_four_point
topo552	552	AB|CD	species	9b63990dad6bcfb5cb4583d20b75453bc4f57f0e3107283d70321a46e738c731	unrooted_graph_distances_four_point
topo553	553	AD|BC	third	e5048cee21369b7eef4448d523fa7751051d3e3debde3376c34c23d146c6f691	unrooted_graph_distances_four_point
topo554	554	AC|BD	haplotype	be11da57ab12dd6fae55bcd8b27ac2b7e97f6d1c6aa8a40bc15edbc18ed98dd2	unrooted_graph_distances_four_point
topo555	555	AB|CD	species	9ad7d9bb96ce20a6443f3831686265af4193b9f09c43702096ba0be4e6a1a74e	unrooted_graph_distances_four_point
topo556	556	AD|BC	third	dfaaeb0cd386b7128719a866d5a6d9807fcf03926652f2cf1f3f936ef2e0fe3c	unrooted_graph_distances_four_point
topo557	557	AD|BC	third	9a109e680b02643d93ddd30e348ba109d86c976fd54a97bc93b02133bdde2e53	unrooted_graph_distances_four_point
topo558	558	AD|BC	third	204e68a49b6e1675d116f2fa77fd82adbef033a1f9bca5c906835846fe6d600c	unrooted_graph_distances_four_point
topo559	559	AD|BC	third	261d999ba6cbb7c88e1fc78bbce9c8818e345f111d755097bd5f20e0270084c3	unrooted_graph_distances_four_point
topo560	560	AD|BC	third	27a1c5177b625d627b13ba4fd5541e9e7512db11745875c49b70dc3657b578dc	unrooted_graph_distances_four_point
topo561	561	AD|BC	third	6b5727af18156905ef05fb79a756b5a28fccd87c3a9a36db9e752bef1378ba08	unrooted_graph_distances_four_point
topo562	562	AD|BC	third	ee1e8e55e05e93abf128946cd6bce87182f05c34d07576b9c6bca4eb5647c415	unrooted_graph_distances_four_point
topo563	563	AD|BC	third	b438ddb72a54bd03042d1366c5058ba49984b379b317a920064f2f00bf3c3656	unrooted_graph_distances_four_point
topo564	564	AD|BC	third	0bedf7e57b22d105d937c719017f6baa696a71f66d48a74c12d752f4097eaafc	unrooted_graph_distances_four_point
topo565	565	AD|BC	third	45aa9ce549bb21dd6b5163be8db2b1d78223a9c45f449a9da5ff133c4053542c	unrooted_graph_distances_four_point
topo566	566	AD|BC	third	209fae8031eb9b8d2ede9d78f55a4d5de98ef163ff499c33e94b2b18e519e1b5	unrooted_graph_distances_four_point
topo567	567	AD|BC	third	1a062876785e70b4fb3f1c47264d129f8abf9518932736988091d977db9bcaf7	unrooted_graph_distances_four_point
topo568	568	AD|BC	third	3279d439907962194c2c8da352eadbb95d3827fb8a613f4bc932a7b0022b3361	unrooted_graph_distances_four_point
topo569	569	AD|BC	third	66175759056a495e96ed59e6513fdee9cc2148d13df4b201da4dc5a789ca9512	unrooted_graph_distances_four_point
topo570	570	AD|BC	third	67c9b932ee6aa7ed28d3e952d48403fbb6b4d1ded95a1b0821d74ff941391e16	unrooted_graph_distances_four_point
topo571	571	AC|BD	haplotype	09179da011a39c11a742d0ca2934ceac869d57e7ea46b724c37fe2fd05104976	unrooted_graph_distances_four_point
topo572	572	AC|BD	haplotype	915bf09ae5b6e673aa24a1a86df25822236c12b5091d54a9021846fa79952a30	unrooted_graph_distances_four_point
topo573	573	AC|BD	haplotype	88fd27707c9a7c0d690c04601cc157234b5a310c37a4bd3a8b14b551704c6b9c	unrooted_graph_distances_four_point
topo574	574	AC|BD	haplotype	e40e94da333e0d84bca3bd4852cb85d1cc8449499a2c0466e07eed9c154ccd18	unrooted_graph_distances_four_point
topo575	575	AC|BD	haplotype	8aea570eab8f9b44e7987cbb6c839c471455f5cef355b1d6766869177af82f05	unrooted_graph_distances_four_point
topo576	576	AC|BD	haplotype	3129ef93ce690e84064b983c5a134c0d6325f3f4718f301f4b9dce58d451e004	unrooted_graph_distances_four_point
topo577	577	AC|BD	haplotype	08ddfc4a9cea76780b252c10749aed870c6e8bca7893af260623a19ed09241e9	unrooted_graph_distances_four_point
topo578	578	AC|BD	haplotype	6d39726b05cf7f9942a5c58c5607f15363454cdc10ee543ada65839b0a6f79fe	unrooted_graph_distances_four_point
topo579	579	AC|BD	haplotype	a10b195a1381d8df6cf8c913a6e4bbc0c6e8e1ef0bf83eb45187b4ac105a0283	unrooted_graph_distances_four_point
topo580	580	AC|BD	haplotype	239fa6f42e6aedce919a980b99cac854027f6f219772b2938367e7ee5d5793b7	unrooted_graph_distances_four_point
topo581	581	AC|BD	haplotype	9d96844d86f34fd2d91c8e0951ed4c08a59a0e4480a6bddd3da77a2af6b5d762	unrooted_graph_distances_four_point
topo582	582	AC|BD	haplotype	d286074f2b9cbb827e1b02326d915a37b4f2eb26b992a9a2173660c78feab481	unrooted_graph_distances_four_point
topo583	583	AC|BD	haplotype	6832966bb31a94b7002346c895d8fd0910357e0f8f681b01a493b209d7acad76	unrooted_graph_distances_four_point
topo584	584	AC|BD	haplotype	58dfa7925555a4458f594626a8d6dfb99e389efc78ac08fd2822aac68b3f5e60	unrooted_graph_distances_four_point
topo585	585	AC|BD	haplotype	c5b14f1e7665bf682327f9508b9517db4b53dfeba710d8d0dddcbb61f184717e	unrooted_graph_distances_four_point
topo586	586	AB|CD	species	d571d970cd0dd630160a8b245449c9c9145a76ad7cfce3110200a776828f930d	unrooted_graph_distances_four_point
topo587	587	AB|CD	species	4e9b3c5b0da7712bb06f15ec60358d8aa7a79befa64169925a03b431b52aeb95	unrooted_graph_distances_four_point
topo588	588	AB|CD	species	69ddb9a8a77e9f654ce29aececc842f49c053082a196300cc47b5ba4c3d4063a	unrooted_graph_distances_four_point
topo589	589	AB|CD	species	66a188f88800a9f1e4c3b4f9bcba3bba8d09240c087ea2e2e69584204b3bb776	unrooted_graph_distances_four_point
topo590	590	AB|CD	species	997a2a76290f4db117c209add961454d7bbf4fe2b036e7f6f966aa6092140509	unrooted_graph_distances_four_point
topo591	591	AB|CD	species	7e085fc72da3ed1d59392efdc78bdacf9065a75a9e9943397a3c31a1542295be	unrooted_graph_distances_four_point
topo592	592	AB|CD	species	2948fd6f1fb6b1cfed958776cfd6f347ce1aef679789f309b05f1bd026447746	unrooted_graph_distances_four_point
topo593	593	AB|CD	species	2ef4e1928cd83948a02fdba7953d30f566b796ff7bd6d01e8f8530bf9ef68b4e	unrooted_graph_distances_four_point
topo594	594	AB|CD	species	8d3cece60f9b14650b3bc59669d1a87f8fe0cfbba183d8a5e48238d9587ad8d3	unrooted_graph_distances_four_point
topo595	595	AB|CD	species	8eea5e9c84f0a29ac802ebc842deb2378866ee396d0404d5dc7d172a99b71100	unrooted_graph_distances_four_point
topo596	596	AB|CD	species	1390ec8ef06e30dceb2e8df04e8882176f8261469e21f25043946109907d126e	unrooted_graph_distances_four_point
topo597	597	AB|CD	species	3c6d377412bf40c25cd736ffb44e11c5413cbea63b40877a2c3a12aff684ca13	unrooted_graph_distances_four_point
topo598	598	AB|CD	species	2610144933d038c8cb9f7773d51a0931000bb225055ef2d4ac5d4776c20ddf6d	unrooted_graph_distances_four_point
topo599	599	AB|CD	species	a69ac069f068225995f97e3c94b7196cbc4b93c4766e6994b75aaf6d30625788	unrooted_graph_distances_four_point
topo600	600	AB|CD	species	43b7b058d05f35f1963c61048e34b49f02f8608e03febef5b80e73c746c03466	unrooted_graph_distances_four_point
topo601	601	AD|BC	third	60ea77c2d2e1acb4fb444cd758c4a7f48fc9da3e2a73e5174e0d634ea72a3403	unrooted_graph_distances_four_point
topo602	602	AC|BD	haplotype	2bd8ea2fdcaa6394a30e32865604752cb2752b3fd94e73519c87fffec7663cf8	unrooted_graph_distances_four_point
topo603	603	AB|CD	species	1a0ee05dd2d61515ca408734e97b2f693c064a1a054ae3767324c17c1c968460	unrooted_graph_distances_four_point
topo604	604	AD|BC	third	507697f2d63707b813bdeb4c946d4f0168c462e34272b2820873be9b811c4acf	unrooted_graph_distances_four_point
topo605	605	AC|BD	haplotype	d04725cbff2ad169fd1cf1d871823bc8e444d25a378fcf7beb6fdc8b48948c3c	unrooted_graph_distances_four_point
topo606	606	AB|CD	species	e09c00a842e230bbd208048723c41c5c30f68f6b8a52b48724c7c27a6f3c91d9	unrooted_graph_distances_four_point
topo607	607	AD|BC	third	eafb159d50176f2a7b30a997fa791ee2f4b7ba6e15af6c0afc11894adc900363	unrooted_graph_distances_four_point
topo608	608	AD|BC	third	67fce99275871adc69b663ee34f823239e7b0226504e023c38dcf3ac1026e32f	unrooted_graph_distances_four_point
topo609	609	AD|BC	third	2d085555d61c1b364859aca51fdb8b9660c59e479ab642d43155ee77cbdbad15	unrooted_graph_distances_four_point
topo610	610	AD|BC	third	2b133d6c219bf4b463ab527503c9cec26b219124db0f907066b8effed749ae19	unrooted_graph_distances_four_point
topo611	611	AB|CD	species	5ce91821d40de29c0024bb2d784bada0cc625d3f948bb7b5f84ab8a3cac760da	unrooted_graph_distances_four_point
topo612	612	AC|BD	haplotype	189b1c1bd2af03ab0574fe47bbe2165b7449b43eb3573900abdd17ecfece671b	unrooted_graph_distances_four_point
topo613	613	AC|BD	haplotype	9842a2bfc1b2ebd36d3908b7b7f2b243fa80a8855cd79cfd0291f5322c903a05	unrooted_graph_distances_four_point
topo614	614	AC|BD	haplotype	e5e4cc412c5987677b90a76a350b563060fefef93d8841e69360eec2f8cbfae6	unrooted_graph_distances_four_point
topo615	615	AC|BD	haplotype	438452dae245895ae4a3ef03cc9851b4cc99cd00120b381e4800ebf03068e101	unrooted_graph_distances_four_point
topo616	616	AC|BD	haplotype	2631de7f3e4ad7e180713960c75d802227480f580b8bd417a9017a01d4ceecef	unrooted_graph_distances_four_point
topo617	617	AB|CD	species	6e0388d7f0db8d1de70953c562502a6fda59ca58022c9614d016cadbd2d49f25	unrooted_graph_distances_four_point
topo618	618	AD|BC	third	4e23602d548f0b4da0a9fa296449a97b0ceb05dba69717e266068a074305e7f8	unrooted_graph_distances_four_point
topo619	619	AB|CD	species	29a77d05610ddbfe716ad97ce0009f077923570df1b264530af6ce2d3eecf948	unrooted_graph_distances_four_point
topo620	620	AB|CD	species	cf73cd4c0aae6ede1ae5fd87bebd5a9dc033d46ed6441d33fc49596390004647	unrooted_graph_distances_four_point
topo621	621	AB|CD	species	772842734b45ec75ff1857207aa54f10038cbcfa2b5e6d0ccabfe90ee53d1e1e	unrooted_graph_distances_four_point
topo622	622	AB|CD	species	7e1836faddf4e5f1e4d4a85e154cdd73f389a07d1f6b305149697c58aaa2b584	unrooted_graph_distances_four_point
topo623	623	AC|BD	haplotype	fc7305ff12072eb58b70628bc2fd752b407fdbe05f28f5d84313a34da1a95ced	unrooted_graph_distances_four_point
topo624	624	AD|BC	third	2950b7d6284de58ea8d33eedbe0a85eeea36da189e38bfeec6901c56a6e9b434	unrooted_graph_distances_four_point
topo625	625	AD|BC	third	5251367a22817ce810685e59d2ff5287be72ae59826771c99e3f8f38de8fab37	unrooted_graph_distances_four_point
topo626	626	AD|BC	third	56b97bb9b93df65a7592a1733e9493620453eca2382ba4aa647c7fcec99cc407	unrooted_graph_distances_four_point
topo627	627	AC|BD	haplotype	49a8a48b8adc6acf283a0ccfda29ba7fc849d5e9508c6e2f44321b2afb65b65b	unrooted_graph_distances_four_point
topo628	628	AC|BD	haplotype	c018469d6626d0f9b3d7a9eb1335a9e2da52575aa7f66fc1b8a4313ac4795d26	unrooted_graph_distances_four_point
topo629	629	AB|CD	species	f5c94052534f728519f081942d019a538091f2206170196586a2ada02dc4e262	unrooted_graph_distances_four_point
topo630	630	AB|CD	species	bf98adb9389618a8c82a65bf811213841ff14ad11e8bc013ab0132bb3bf7b960	unrooted_graph_distances_four_point
topo631	631	AB|CD	species	b41aa78dda0ba2237e280e5265c727591adfcd7d6779a18bef0a122153f35ecb	unrooted_graph_distances_four_point
topo632	632	AC|BD	haplotype	bdba5bf5b82c000e7b0e4959262f2b01e069307ddbe70695f4b994e8ba5b4c29	unrooted_graph_distances_four_point
topo633	633	AD|BC	third	e33460eb5a64ba34633e243c05fbe64fbc5f426cbf04fa764114924031060d84	unrooted_graph_distances_four_point
topo634	634	AB|CD	species	b9369693aa0cbb5cd2404f4fb8edd3b55e55a8c23a3479c553b9c518eaeb6c39	unrooted_graph_distances_four_point
topo635	635	AD|BC	third	8fffb0923807bdb7d727cc1121483c35682c539090f8da0e318fc2cbc1f39842	unrooted_graph_distances_four_point
topo636	636	AC|BD	haplotype	885411af42edc7d4abdcfce66cc20c6d5561985f70d850b78c3ca7809721e722	unrooted_graph_distances_four_point
topo637	637	AC|BD	haplotype	bee78485571b5b33acf6901cf89c496fad2662fea2155e4d4db509cfccf4224a	unrooted_graph_distances_four_point
topo638	638	AD|BC	third	f3ce7179fd61405201de9432c063a5cb74655a322fbb7819c003126f4f344828	unrooted_graph_distances_four_point
topo639	639	AB|CD	species	8ef75820a2c39c8ed1fedd672299fa09f70932dadcd0ed7adf24badc3f4b7048	unrooted_graph_distances_four_point
topo640	640	AD|BC	third	48668f442f5b6983da9420a821d4b3ad49c056c349e47a03edaef788beb67b53	unrooted_graph_distances_four_point
topo641	641	AC|BD	haplotype	9e5032023f39951938803098cb010167165825e51950cb971977e9ee7342997e	unrooted_graph_distances_four_point
topo642	642	AB|CD	species	c9f997aa83fe23971d6fe23c47892dc027c5f82011e79b125f95fd1859193b49	unrooted_graph_distances_four_point
topo643	643	AB|CD	species	479912725e0fc0e0f569b0b8d11fd2a2dda44952e3dbbd4a8bf04ddf6e9922fa	unrooted_graph_distances_four_point
topo644	644	AC|BD	haplotype	4917242658c72f259848027e04ed6d8322b34125cd6b9261c43ce694187d8aee	unrooted_graph_distances_four_point
topo645	645	AD|BC	third	fa6d8b80271bd3f46ad16e2e89977739aa581374962df965add2e8beccc77d2a	unrooted_graph_distances_four_point
topo646	646	AB|CD	species	b0881048d7ad3c7208c6491f968a04c2a622b4ea0497d859fa65533bad22f7f0	unrooted_graph_distances_four_point
topo647	647	AC|BD	haplotype	58d820358789088160d56b2b965f557f0c6688c1460d5ca0baf1ea2d74abd437	unrooted_graph_distances_four_point
topo648	648	AD|BC	third	e58cb9adc71fa34bed317d25b40ce332aba8a4125f3630e341e209fadf17ff82	unrooted_graph_distances_four_point
topo649	649	AB|CD	species	a10aae2c85d998981e7be20c9fc5417be8ca480a815cb64cb51e9d6f1c2bba2e	unrooted_graph_distances_four_point
topo650	650	AC|BD	haplotype	41b0f853ba68407bc19d09ce35cbee0d6192c0e78266c422d57d28749a46c5fc	unrooted_graph_distances_four_point
topo651	651	AD|BC	third	ce70cff060f79cbc8131a92969f8ed9e203269edc8170841956356278468257f	unrooted_graph_distances_four_point
topo652	652	AB|CD	species	87ae088dd170404318b4a192b951ba23c5353b1ed29cf320fe123edec2f664f0	unrooted_graph_distances_four_point
topo653	653	AD|BC	third	bf90061ed772f07a8a68b54edd0ca21e2263ea876e2c1d62ceca3c1861dc4e28	unrooted_graph_distances_four_point
topo654	654	AC|BD	haplotype	aed9a510526c73c4a93f3a5d66dcd2ab00b85a7343367c69b21b0ffbbfc35522	unrooted_graph_distances_four_point
topo655	655	AB|CD	species	f2d10901ffde1d1b1b7df760d313b0d88f05de224b8c87d05914032085a33599	unrooted_graph_distances_four_point
topo656	656	AD|BC	third	a6acf9d440aa72bb0cb2813413392d5370d19429f337344c35a67b34363300a2	unrooted_graph_distances_four_point
topo657	657	AC|BD	haplotype	4d24122520e38e41bedea3c6f6edfdf373586f2e8ef251f9d7dea4f2ce23152f	unrooted_graph_distances_four_point
topo658	658	AC|BD	haplotype	be4e1deef94af1b1de39713199837d9c34196999804ad57617e11adcdbf0f605	unrooted_graph_distances_four_point
topo659	659	AD|BC	third	af4a16a9932d9c0362390d34f6f78fbea9da5d85534c9a2278a187713869122e	unrooted_graph_distances_four_point
topo660	660	AB|CD	species	2a430b83327a9741210b396bb0f18db028ec3df50e17a994d8b2aa9abdd85951	unrooted_graph_distances_four_point
topo661	661	AC|BD	haplotype	63c5a172f2dd1860eb605e402112a5a8c88a58bf7638be0b9da042403c06068a	unrooted_graph_distances_four_point
topo662	662	AD|BC	third	2b86adb667641c58efc70678f8c0791c370379757c2bd03bbf3dec9f14299b6b	unrooted_graph_distances_four_point
topo663	663	AB|CD	species	338f906302011547908248b93c4946ed4a05f68c3ac9e5f86367debe71ff906b	unrooted_graph_distances_four_point
topo664	664	AD|BC	third	1adede992ff5515fbd052f361948a60eda77b3b2c3a2ae338b08001f27910762	unrooted_graph_distances_four_point
topo665	665	AC|BD	haplotype	c49eaa88d0416380b5eed94257d92a6f3abc73ecc587c1f196af3b5bd6391389	unrooted_graph_distances_four_point
topo666	666	AB|CD	species	2ef4c32780991eb2d3487b2a66e6d08f131367ba3021a4bbf135257d4a4e942a	unrooted_graph_distances_four_point
topo667	667	AD|BC	third	3dfd595d1a2d5a408fb84ecf5d1029a0b6660928568fcab3b0e858b29e8c82c6	unrooted_graph_distances_four_point
topo668	668	AC|BD	haplotype	bc658cc5b5c0f73c27b174a997c8752f3a2e3106233e88cad3195d52b37add0a	unrooted_graph_distances_four_point
topo669	669	AB|CD	species	f90e980b5b8060d20ed62716018708172c5e27f89f29bd6c002f30f601528700	unrooted_graph_distances_four_point
topo670	670	AB|CD	species	5364e8d3f556b918bd4122e170a1ab2e4ea7b0f207851af1bb7904eb5a299c65	unrooted_graph_distances_four_point
topo671	671	AB|CD	species	4007438ffbc25b3d450ae46ec02374dd5dc35fa626b23584efd62745f1cc00a6	unrooted_graph_distances_four_point
topo672	672	AC|BD	haplotype	d47135ecd125c81dac37f58a629b0ed69fe37aeea0d02040529e6d4256a2f823	unrooted_graph_distances_four_point
topo673	673	AC|BD	haplotype	a58e683b98716ca8c987f6a12dd82253a19d4d31bbe0469057eec2dd48fa89c0	unrooted_graph_distances_four_point
topo674	674	AD|BC	third	9fd3e755a3d7efff1c1fde9f0dd06cd87b964eb7ccf634f62d0eeeaa9fd66e63	unrooted_graph_distances_four_point
topo675	675	AD|BC	third	70b966227cefb2f98c617d96b94aa33ccc19a87d716691afb7739434b5dc947a	unrooted_graph_distances_four_point
topo676	676	AB|CD	species	626f5285b7f88365e1b1b6b0524ebaaab1efca047b232c63c76d177d7d276cf8	unrooted_graph_distances_four_point
topo677	677	AC|BD	haplotype	dcde93efaa24d758f87bb43c17ce2e6b7e5d73c22ae7dd31f65f7e79d8a135d0	unrooted_graph_distances_four_point
topo678	678	AD|BC	third	064c0bc651910b1887dc541d0dc1ea8720d034e0d33d7c1e19528727b7c64cad	unrooted_graph_distances_four_point
topo679	679	AB|CD	species	fca99891d8a9ca85c75d30b41c740db16f4133300b5cc1ce1a102b8a8f5be897	unrooted_graph_distances_four_point
topo680	680	AB|CD	species	53a94f5df024f7bb700388454c59ccf5570a713073e4f41b6f7f0c63d750efc1	unrooted_graph_distances_four_point
topo681	681	AB|CD	species	01bc380e6b4d6ee8c2a04a3cf0d784b168df8a66ff5f9a956cd2a859e097d97a	unrooted_graph_distances_four_point
topo682	682	AC|BD	haplotype	5b4b795af156c0b7304897f9376fe6915126d4d7f1cafe5a53cbd1153aa057f2	unrooted_graph_distances_four_point
topo683	683	AC|BD	haplotype	61d323c2c87ee9185e164bc5e2f157fc6fd38c8fb723694808f5cc9d89982fcb	unrooted_graph_distances_four_point
topo684	684	AC|BD	haplotype	7ca49b2cc9928cdaaff23a47a38d711b1a04d17c3f847ee9027424fea7db5b48	unrooted_graph_distances_four_point
topo685	685	AD|BC	third	a19ea9e8dcf8ba9b5cc978a718b0741341e76036b2b1785249b680561e005b0d	unrooted_graph_distances_four_point
topo686	686	AD|BC	third	cdfdf9e48c20d157bdfa0bac31769ec8091bd359384b6bc639330b5d50798ef9	unrooted_graph_distances_four_point
topo687	687	AD|BC	third	dba3b2cd35a33da291447e498ede0b70f9c48f939a624fa6bbeefe5f1c0bf949	unrooted_graph_distances_four_point
topo688	688	AB|CD	species	f05e9e566d282d616eb39f2429f511e7572bbcb5f8c7834525c337d227328c01	unrooted_graph_distances_four_point
topo689	689	AC|BD	haplotype	067472db80750893e509e97bb51e3d51174c2d874fcf42f0a10ee9a0d1247329	unrooted_graph_distances_four_point
topo690	690	AD|BC	third	4b434e18c3c88530bac605cbc91c6b22a161b06fb38ccb9eb3c8c7f78b3fb328	unrooted_graph_distances_four_point
topo691	691	AB|CD	species	a6ca3a0226f7cf1dd31ad173bb8271a9087e5465fd914fc59935ef7b1b2358f3	unrooted_graph_distances_four_point
topo692	692	AC|BD	haplotype	edf173d7651f938a14a6f044a15d7824aed87aabecc4ec2420e072e414535ede	unrooted_graph_distances_four_point
topo693	693	AD|BC	third	a7ec752e79a33ad8f0bf8f6bd7ba11874b245629b7bf06ed03c4d713b14370db	unrooted_graph_distances_four_point
topo694	694	AB|CD	species	f184b19c4f8abe50076afc6e250a46f673011f153825a0a4611dc7052815bdbe	unrooted_graph_distances_four_point
topo695	695	AC|BD	haplotype	8ffc0e7340985f071e045b82d4e802283e6001a527089c4f8e3fb2604736f24a	unrooted_graph_distances_four_point
topo696	696	AD|BC	third	9bab35ca7ca8867e6b4b04edfbc481367dce86932185fdadd19b9c92989fc0bd	unrooted_graph_distances_four_point
topo697	697	AB|CD	species	437591cc4d86529f33fee82f52343ae4e2eee1b93c2e999f417293187bbab397	unrooted_graph_distances_four_point
topo698	698	AB|CD	species	4e287971ed0aec82e4a38c3549d492ea2da4000a0adc026973b89a5391a5b355	unrooted_graph_distances_four_point
topo699	699	AB|CD	species	12aad2ab9825b0fd356e044871a71727633dde7cd026a400011b6cf21b58f985	unrooted_graph_distances_four_point
topo700	700	AB|CD	species	14d96d1a0f6781da90ad7df743605aa886d13f37ffaca4180ad15feed9f1d682	unrooted_graph_distances_four_point
topo701	701	AB|CD	species	995cf49cff7129f1c9c75de59b03047f9b445883c2a8f20130ffb8b47db4ce3b	unrooted_graph_distances_four_point
topo702	702	AB|CD	species	4b00670970382e946ce3e72ff4870249f1d85f9a08c2a306e2ff9d1901a667f7	unrooted_graph_distances_four_point
topo703	703	AC|BD	haplotype	7cb7ebd8e9d317de94ad956b2cb934497b716d3f9fd67dca2405a9ff0998aedd	unrooted_graph_distances_four_point
topo704	704	AC|BD	haplotype	186faac16ada96e79eee5ca893f9f5e3b25030a7b78ed8d4229347e9857705a3	unrooted_graph_distances_four_point
topo705	705	AC|BD	haplotype	702f8684bc64562cede919630028dba56baa0b7c5dd649e288d6ce7189027b05	unrooted_graph_distances_four_point
topo706	706	AC|BD	haplotype	bf11d71ae76766ef1af7514e7fbbef93b7463c0e4e0c38d044c85d73ebafbfe9	unrooted_graph_distances_four_point
topo707	707	AC|BD	haplotype	90c0968b5e9f8cf7f4a8a929f4ebc901e8bde99cdb4789f865f77a5e86f62a3d	unrooted_graph_distances_four_point
topo708	708	AC|BD	haplotype	bf900dea041a61d30908b6bdf7529fd16bfc7cc1c08b04872c121b7afda6ad7d	unrooted_graph_distances_four_point
topo709	709	AD|BC	third	4a42b226346f7083ae4dd7762238201388246c53d85653608717ffac90260794	unrooted_graph_distances_four_point
topo710	710	AD|BC	third	51627b9ce6a0c083a6fbf4a470c8f0736014510b1a82afd199417fe6dc44d004	unrooted_graph_distances_four_point
topo711	711	AD|BC	third	ad8f14237c7d9a8accbb8c4f949d38a9338986afaa916d51ec1ebfe057daa6b9	unrooted_graph_distances_four_point
topo712	712	AD|BC	third	95b75cd065b32f18dc94585b286b7cb239c7a5454e6b769e318c13f683adcd83	unrooted_graph_distances_four_point
topo713	713	AD|BC	third	f5e7e4d7c7e191a35bc0f1cbcdbad97336fb5c9f485e070fbfeea50e9f3efa32	unrooted_graph_distances_four_point
topo714	714	AD|BC	third	c946b5a6fed707e153b96dd1bc26f201a9444b5bdd12dc7b193090b732b672f7	unrooted_graph_distances_four_point
topo715	715	AB|CD	species	a988767ca912a2aa37663bff6814f226b1c27a544c1d3b9468d3ecee3256a85e	unrooted_graph_distances_four_point
topo716	716	AB|CD	species	878309bf580b4704ccefdb457fd90c64df4fc5b19d04b2efadbc11eb5ec95dc2	unrooted_graph_distances_four_point
topo717	717	AC|BD	haplotype	f3ea802ae3d8d1c3ec632cefb27734f6253ab9ca7eaefe632adf339bd2c766a9	unrooted_graph_distances_four_point
topo718	718	AC|BD	haplotype	b158446e8433409167b62c5822da9689e6e56bed975d5cd4e668fb33d2946386	unrooted_graph_distances_four_point
topo719	719	AD|BC	third	b718f192bc0d11a9a0b7530f2bf9f708404bdda544b21fea9d8bb2f634e74f6d	unrooted_graph_distances_four_point
topo720	720	AD|BC	third	288465f0e18049be2e1c1c9bbaec28a31248c4bb5d7ef019a38031131187cbbc	unrooted_graph_distances_four_point
topo721	721	AB|CD	species	7ebd141a69a51febd4bff8ff08d8554a2ccc3b8b385d725daa60458459b41438	unrooted_graph_distances_four_point
topo722	722	AD|BC	third	b6a2923615d43b518ad1dadf389b3c866f2461cb233090a6664cf4de3c57cbd3	unrooted_graph_distances_four_point
topo723	723	AC|BD	haplotype	c12e5346ae172bda90ce44140fdd681f723a24b3ada01d2d30bb43844076a8d8	unrooted_graph_distances_four_point
topo724	724	AB|CD	species	b7e3667dd96b1c3f9fb07c4baefcb3c0adaa4b44db20ef536fb90979ed6a03d9	unrooted_graph_distances_four_point
topo725	725	AB|CD	species	b3747084d92b6a6dd4b00dba41485345eb6ee1ff24a4c00085920564c9e0fa87	unrooted_graph_distances_four_point
topo726	726	AB|CD	species	849eadb9d43c0513ecfb7d7c25e16ffc69a23a697ec5064d062e1ee7f09383c7	unrooted_graph_distances_four_point
topo727	727	AD|BC	third	cec2025ef1c8cdb6b942d6350ec0359005a38a394d224cd73813308b9aec4985	unrooted_graph_distances_four_point
topo728	728	AD|BC	third	0d0f3948b7981ba83ede26e934f343e26c684604db55b01a4052363e061b6fe3	unrooted_graph_distances_four_point
topo729	729	AD|BC	third	45efedbac51fbf41ba45b0b900fc363010f39197840bf149afb933547c03b37a	unrooted_graph_distances_four_point
topo730	730	AC|BD	haplotype	1b169fc2910b1dec0714932c72f561e30bdb8e17f10282b2ca4b2693e683dc2f	unrooted_graph_distances_four_point
topo731	731	AC|BD	haplotype	1706c3084ebeb61894f1cd462eb3a344262aa990ef6957e9352d4ce0d78ae0a2	unrooted_graph_distances_four_point
topo732	732	AC|BD	haplotype	3708194d3d2391ed8e015f94c179213d4f4949483b50c43f9aa54f6acecb324f	unrooted_graph_distances_four_point
topo733	733	AB|CD	species	ecfba62851ba1a729f05973a288df19618710b397458027d1de5832db6d8c75b	unrooted_graph_distances_four_point
topo734	734	AD|BC	third	b69d0297ba85ac5ef811aa5d1acb6158b809d5fe98a7332f5814cad72c92fafd	unrooted_graph_distances_four_point
topo735	735	AC|BD	haplotype	b3b70d90ba0fd7743a3262aa732dc8c01788b72f1db9a38446377e0e1b11eae1	unrooted_graph_distances_four_point
topo736	736	AB|CD	species	ba135311f7e1bc4ade0641989b8fe1dcfb9ab39650b487ffdb2406b0993d8533	unrooted_graph_distances_four_point
topo737	737	AD|BC	third	128418a8f6eccd9ff055d0befb2a1bb993235caa992bff3cfb3ef7b2288bade3	unrooted_graph_distances_four_point
topo738	738	AC|BD	haplotype	f90ee33eb37d0e757aaaad995bd21a72c982cca5f13432ecee79bd3c679c8872	unrooted_graph_distances_four_point
topo739	739	AB|CD	species	374635c2982d863613732b4ac0a42be49925462bdf8a8adc7d3bf8ddd2c31e1a	unrooted_graph_distances_four_point
topo740	740	AD|BC	third	ed5ec52a54c1a9daa5081d4b1b444979bd30c70e52413506918b3db8452ca10a	unrooted_graph_distances_four_point
topo741	741	AC|BD	haplotype	0bf782afb868a12680d53f8ce63c13998636fe2dc7e637c3a3100db7df2cbf08	unrooted_graph_distances_four_point
topo742	742	AB|CD	species	c11e8e9974e2dbb1b34adba1c6f8d1e52a5f74d96c354a841de6ef74e812e3df	unrooted_graph_distances_four_point
topo743	743	AB|CD	species	33e58a3f3ca86fe5f6dbf3d6c14177a040fb0b11ed0535497cc678994d6d6393	unrooted_graph_distances_four_point
topo744	744	AB|CD	species	2f16421c7607db2f18cdb81f40968bff6488ef2e47e4e5622e956d738077d6b8	unrooted_graph_distances_four_point
topo745	745	AB|CD	species	1a17c4f8c04666e2791192608c82829c7429fe2a61117031698cb09825d8ead6	unrooted_graph_distances_four_point
topo746	746	AB|CD	species	b38cab7aec17ff2242d27540878b5049fc576a040ec65e47fd223b90f9e97097	unrooted_graph_distances_four_point
topo747	747	AB|CD	species	408e0b22c97bd136364b92a26eb1457f044281824e6ea3c13ccbc1afb11d3e98	unrooted_graph_distances_four_point
topo748	748	AD|BC	third	b9b4db8de3c05913837d264220bb3531a2595d3c478044f31a7dc5aa89acd7af	unrooted_graph_distances_four_point
topo749	749	AD|BC	third	11ad2b33feb6cf9b6e241d5d188490a8293ca74db6b3824c252f622494891ef0	unrooted_graph_distances_four_point
topo750	750	AD|BC	third	8e08f445279d629836cabfaf7be36228927139faedb2570121c05042f250c545	unrooted_graph_distances_four_point
topo751	751	AD|BC	third	e1d299389df9c4ae743fd690fc309eeab8250acd758d5109cbb422698e8eec8b	unrooted_graph_distances_four_point
topo752	752	AD|BC	third	bf2a69641d6c04987229ad735a5ac027d4f61312a9db8dbd8f4e6c89f04e9b61	unrooted_graph_distances_four_point
topo753	753	AD|BC	third	400003973510adcb93a076a964d9b369d507f33e76996b60dd8b994a2d1c04d0	unrooted_graph_distances_four_point
topo754	754	AC|BD	haplotype	7e5a2e8e474a4b28c7d4a1a9f9622d36f636fc38e025548cbdd7a64c2d404dc6	unrooted_graph_distances_four_point
topo755	755	AC|BD	haplotype	bd706c3f9151b5193e5114c3b0dad1739a8dec8bfcc8a70f849888d95f4bac9a	unrooted_graph_distances_four_point
topo756	756	AC|BD	haplotype	5e6406be76dfa81e38d9551bcbd4358e82e14c64813761343aaabaf43a1cae60	unrooted_graph_distances_four_point
topo757	757	AC|BD	haplotype	2bff58b619bff55e27f56d7020bd96345a5432199e3529e68407545377d5fbe9	unrooted_graph_distances_four_point
topo758	758	AC|BD	haplotype	db57443786362ad22599c7da667b5bce01bf8ebdac48ac25ba49006ecde2e2b0	unrooted_graph_distances_four_point
topo759	759	AC|BD	haplotype	98cfc4788d7ee36db557adce7d1ad1ad1abb1e52489d7bf3e5087837c38e6b04	unrooted_graph_distances_four_point
topo760	760	AB|CD	species	9c45e81e01fa69b0d0c637fca3e4b924ae2bd74fcfb31719abbf7ed58c3395e5	unrooted_graph_distances_four_point
topo761	761	AB|CD	species	469c759bc95549859de80911d423bfc08b5bf605c3a7fbdc2e29883154e2d1a9	unrooted_graph_distances_four_point
topo762	762	AD|BC	third	d715d34d2413c061b4793495a01393334763517315bf60ff2ad4455ab778965d	unrooted_graph_distances_four_point
topo763	763	AD|BC	third	803bcd631b5a4a26d2191fece34f787002cf2e150d21a8f904cbd774beffbb91	unrooted_graph_distances_four_point
topo764	764	AC|BD	haplotype	a831c68918612cf384443d83ebb3c1c31cee83186756ed8e3553b0cb922b9027	unrooted_graph_distances_four_point
topo765	765	AC|BD	haplotype	8176f80a8358bee1be3ff1227b74a28bae4d1e96cac80630f4a8a4f4971fa6b4	unrooted_graph_distances_four_point
topo766	766	AC|BD	haplotype	a6e656087476b30d2164befdf46eb6f529b98fc712ba0751d0354e311932ee93	unrooted_graph_distances_four_point
topo767	767	AD|BC	third	13857cbe5a65c2b8b36f0c1a2ed5a641f71c26a7a0d8118ab39591fa169c0beb	unrooted_graph_distances_four_point
topo768	768	AB|CD	species	77673bf6464284cf4b412a3ec70a3a43973d525897356d176e219f3e95083320	unrooted_graph_distances_four_point
topo769	769	AC|BD	haplotype	3c6873d4af5f97a74a9285ff9a142c464459176509eb28c3f8fb3743e9fa3122	unrooted_graph_distances_four_point
topo770	770	AC|BD	haplotype	fddf9a969f34810ad27fb671b84b636889bd0e291805b7ad718e7504c6c6ef9f	unrooted_graph_distances_four_point
topo771	771	AC|BD	haplotype	2954a4f39ca4c059bbc29c0044aa73c31398996996af4b3b1bbfea4e6cc4f9be	unrooted_graph_distances_four_point
topo772	772	AD|BC	third	8b30635b670339d77bf43568b9f23095c39972bed33b80518b31a976eae5021e	unrooted_graph_distances_four_point
topo773	773	AD|BC	third	1384976f0f1fbb535bee8db75359c130684dbc1ef46680b5f5a45c766c76bb79	unrooted_graph_distances_four_point
topo774	774	AD|BC	third	8cf98274a9074204685bb22d74ab3243926db7e01e0fbb6c217ec33f49c31de9	unrooted_graph_distances_four_point
topo775	775	AB|CD	species	34d97d0bb19b97a60c29f20a683a4f280fe3412c20b720349373f9addaab3fbc	unrooted_graph_distances_four_point
topo776	776	AB|CD	species	a686c3463d265d36d36fe7982fdb08a23ed2c1dd2b930bdfeee9d47f9f6c5f70	unrooted_graph_distances_four_point
topo777	777	AB|CD	species	0f5d86172a74ee6a21443aac05494471c73bf4d65abf890d4fe1ac4d0819361e	unrooted_graph_distances_four_point
topo778	778	AC|BD	haplotype	d307e10c9450c0387a36a1219d64c9dce51ed44dbb723db81b7889995c7c711a	unrooted_graph_distances_four_point
topo779	779	AD|BC	third	a2ba9817a5b570428256313d31ce8db732f0b97f23cb6159e5d9d11fdbcbaeeb	unrooted_graph_distances_four_point
topo780	780	AB|CD	species	03e48104f0deeffd693e9c58338736bd30425d9cade37b1c9fc8afb52a0900c4	unrooted_graph_distances_four_point
topo781	781	AC|BD	haplotype	1be91ed633e209153b9797a9c7130ca734dca6a118237922a908ec6748091296	unrooted_graph_distances_four_point
topo782	782	AD|BC	third	5ef35f559834d22ba1bf0471dbef5bbe66bc1f6ec4e91b2f0704c3ed2f79b5a8	unrooted_graph_distances_four_point
topo783	783	AB|CD	species	096744ae19e99350699c00e3860db4cdb88b67f3dd9d3a28c73942033abe27df	unrooted_graph_distances_four_point
topo784	784	AC|BD	haplotype	16cb8ba8cf81b66f18da9f7d3d98da5325ced20726681d4a58c7ab0fba42e828	unrooted_graph_distances_four_point
topo785	785	AD|BC	third	0a960502724db5dc5cec94a1373ed1ab6d9ae48c8c6e8f7c819c7eec58635609	unrooted_graph_distances_four_point
topo786	786	AB|CD	species	d9b43f8ddda5588ccb7db02970c89f714619bde598fd71c6db840e07773803d0	unrooted_graph_distances_four_point
topo787	787	AC|BD	haplotype	24712146d894c5050b6401f5d9103fce4164dd3928a9e5e22cbbf371c4962ad2	unrooted_graph_distances_four_point
topo788	788	AC|BD	haplotype	17449eee9d1531396305f19e8230b1794e03e68a059a32c440dd4e264cb5dd4b	unrooted_graph_distances_four_point
topo789	789	AC|BD	haplotype	8b5da4e8a8736394a4864ceddec3cdd4e4f2c3f559620322faf80d79db8e3f89	unrooted_graph_distances_four_point
topo790	790	AC|BD	haplotype	22036dc1663188e2d604ca20e38014e57b7d82b309755a43ff967c9259071c5a	unrooted_graph_distances_four_point
topo791	791	AC|BD	haplotype	71087668a6b3fe33c97e9da23470f61901d7680393f289938457760b14f92c4b	unrooted_graph_distances_four_point
topo792	792	AC|BD	haplotype	ccc4efc54f8f75fc75f4f91bc4e7bf050b8a7f70d8ed0fcb316b68ea446d4094	unrooted_graph_distances_four_point
topo793	793	AD|BC	third	25038e4c0caefccb2ab5dd3b592f84bc1c6372291e4ef700af69fa353899a018	unrooted_graph_distances_four_point
topo794	794	AD|BC	third	4ee28e6ff9e4aa669f6d6cf7ff43aef8c19e2fb66b50248ed3acc9b805ca38a6	unrooted_graph_distances_four_point
topo795	795	AD|BC	third	1cb9e3f29c1835a729d8a6b19ab777b242327836cb803c5704beb9f1572df2c2	unrooted_graph_distances_four_point
topo796	796	AD|BC	third	36752fc0eef0bc22be79bc3a0147ede5eebb16c02a575dbee1cbb8e5a6ba8054	unrooted_graph_distances_four_point
topo797	797	AD|BC	third	f8ab29e49c102faedc91b9b240b27ceff8302b7928053e6dabdf7a9225114582	unrooted_graph_distances_four_point
topo798	798	AD|BC	third	72a7e32cc6d12d661c9386037f55ff324d8198183d1f58460c90024581cf3058	unrooted_graph_distances_four_point
topo799	799	AB|CD	species	6c4f325f75b19f779963d82c44d036e0b9d8a155027ae9486b9daa3796e7bc51	unrooted_graph_distances_four_point
topo800	800	AB|CD	species	550e99a6d47b78b9d954d9930fe530835ba84841d4c192cd95e7ba08f4b47360	unrooted_graph_distances_four_point
topo801	801	AB|CD	species	8fe1d6dc06218df28dc13611ec5615a70f31c0eb8b7835f0869b758f496c26d8	unrooted_graph_distances_four_point
topo802	802	AB|CD	species	95f167535580b2f00f1c3068b8db6ab1969ee54f9a76b871fc70551e92aad520	unrooted_graph_distances_four_point
topo803	803	AB|CD	species	85cb7bc852cb180c522cd9b0d21189935a5722a70c76cc3f68d33a7af89612aa	unrooted_graph_distances_four_point
topo804	804	AB|CD	species	54548cf8bac54607f66103c40a9a31392eae68fc13f9c991823b8c5f65d0d812	unrooted_graph_distances_four_point
topo805	805	AC|BD	haplotype	8637620811123ad2d818abd5fde0f628f7fb59f68133abcfd70aa0080282e22b	unrooted_graph_distances_four_point
topo806	806	AC|BD	haplotype	3c9c860fcf3be9581881c88e69b140dc03948052f37d7be8640daf6460568f1a	unrooted_graph_distances_four_point
topo807	807	AD|BC	third	b95c3de5e81163728341370b02b0fa8676c872c23f908fa4fb169d26fc3f90ba	unrooted_graph_distances_four_point
topo808	808	AD|BC	third	255cb2c072e9850266ecd211772d343e6c174aea86e7e9562fe924438f656c62	unrooted_graph_distances_four_point
topo809	809	AB|CD	species	f1949025b84ec3223c0bdeb72492ec71766bcbccbec84ac1ab508af8008e957d	unrooted_graph_distances_four_point
topo810	810	AB|CD	species	d94d860ad1aea7ddbbd9e378dc58daeb9b2833c5b39bb9d8adf8cd8ef686ccba	unrooted_graph_distances_four_point
topo811	811	AD|BC	third	964caebc3a10f894db83001a14b8666b2498828eafecb718b099783142432b1c	unrooted_graph_distances_four_point
topo812	812	AC|BD	haplotype	28a54a3f2ae614b0a83af80201320ce89957ae7eeab61ae27ba163551f1f2c93	unrooted_graph_distances_four_point
topo813	813	AB|CD	species	21a7a531e0a2b74a3a4d9de4824d52e96f5eb3b6e024d53d9133ef4cc653b4d0	unrooted_graph_distances_four_point
topo814	814	AD|BC	third	c0b1c1ea935ee623c127c6f5bde0964b11c64e6493b64ee99b6db186f925cd99	unrooted_graph_distances_four_point
topo815	815	AD|BC	third	618644b05c1ee09872698bbfb04012e62263ba4a4b8efadc2ba5e3679d6db68b	unrooted_graph_distances_four_point
topo816	816	AD|BC	third	54b732a9355eb13a7398ee995c46cd60ff853812455e12dda3fb9ff5da3b7a1d	unrooted_graph_distances_four_point
topo817	817	AC|BD	haplotype	004298403a013f761c6eddd9ef6bca4c01dea3b8100d2497eda4d4598ece74ab	unrooted_graph_distances_four_point
topo818	818	AC|BD	haplotype	47b3d7fee55ffc03e47d29515886059331a4deee300b138bb18fc36419360b37	unrooted_graph_distances_four_point
topo819	819	AC|BD	haplotype	2b7b16d3602ad3c4bf6bff82485087cd7e77fa692a9faf38b6fa6b04e8ca4aa8	unrooted_graph_distances_four_point
topo820	820	AB|CD	species	59698bb005307375b263ca38ae9ee7db783f5479032ae899ec4662686da7f85f	unrooted_graph_distances_four_point
topo821	821	AB|CD	species	da299c0d3002111430e898437c8598d11a7d21fbd360e93aefb49285390490c5	unrooted_graph_distances_four_point
topo822	822	AB|CD	species	79238489100cd99ba7705c019a15afc6a000e743fcbd01efb2de0df700b7151c	unrooted_graph_distances_four_point
topo823	823	AD|BC	third	1f17ca870e1c51c9106bfbcf8f474bf45ac5775c9d93fb8d0e0955d5c4057bf3	unrooted_graph_distances_four_point
topo824	824	AC|BD	haplotype	199fb8506005aef43515b2cfb4f2889c5b413a7ce694179d6db7f19b35cc5650	unrooted_graph_distances_four_point
topo825	825	AB|CD	species	a26e8d4c45e4f986802b003ac7e8e9cb9d47d337c21e7d883550ee4fd0e9fae9	unrooted_graph_distances_four_point
topo826	826	AD|BC	third	9dc6a9513d63f1f036a44fa3e69ea83a1c12f75dc29c2bbdc327886382f3964f	unrooted_graph_distances_four_point
topo827	827	AC|BD	haplotype	df577ddfa41bce04b48286d6b42d714b884c1852283b4f91c9e9872aa73af26b	unrooted_graph_distances_four_point
topo828	828	AB|CD	species	048a8849dfd83d45b4258898d8b9ec855fe7acbd156e240e3fb16acad736622d	unrooted_graph_distances_four_point
topo829	829	AD|BC	third	9945d025933b63d26df581183812b18f4e3a6fa3e0763e7c83695e5e8430c3aa	unrooted_graph_distances_four_point
topo830	830	AC|BD	haplotype	0e3de039a438d40474ea5df00f6ec4d20d1eae3779ae6e171b4212604687d685	unrooted_graph_distances_four_point
topo831	831	AB|CD	species	d5d3eb384cfe7eb8f10e0b97c75d837711a2fa27028147e4f71bab8b5f298f0c	unrooted_graph_distances_four_point
topo832	832	AD|BC	third	da0c8772a25eab803009f737d1e3dc3032dbe4d8d798563d246749f8926ae773	unrooted_graph_distances_four_point
topo833	833	AD|BC	third	7de67073702cd763dda98f9073270289b297b5b7ee4f70f48df4241eaa0cd123	unrooted_graph_distances_four_point
topo834	834	AD|BC	third	ec1fb650392fbb0e40192d1df45d580dc2ced6266521370edec1f9a7aef5c892	unrooted_graph_distances_four_point
topo835	835	AD|BC	third	5f5f5e9e7d45e207f49b423f877b2420224737854dd1b138df0e16252f364f12	unrooted_graph_distances_four_point
topo836	836	AD|BC	third	b4d242f486e88c546056d37cdcabcf9836db44efcf8c78c1bf7cbfeaf3227819	unrooted_graph_distances_four_point
topo837	837	AD|BC	third	f5f11468697cb40b90187d9741a3e76003853c09978d2ea660dc8c8c9dc32a1b	unrooted_graph_distances_four_point
topo838	838	AC|BD	haplotype	d651cf206069f8d383c9f8e6a213e8cbd5899bc754418d6fd3c0a3ba2cb1c9ad	unrooted_graph_distances_four_point
topo839	839	AC|BD	haplotype	ef9482500fe6af427cf0c28622f3380641d81ebca0b963a00fbad3eabb9e9c23	unrooted_graph_distances_four_point
topo840	840	AC|BD	haplotype	82df36b44c05cf4451329d7ad1d13497a40abc7f0f02ab3c5c5edd373c365984	unrooted_graph_distances_four_point
topo841	841	AC|BD	haplotype	7b22e9f71cd239c888ba09b9fd790d5f18045a1fee92f079a721b05b09bb0827	unrooted_graph_distances_four_point
topo842	842	AC|BD	haplotype	5a9722ed1c7b12bab301f69304823b5ad256d9ea023395575d40cef02dc292ca	unrooted_graph_distances_four_point
topo843	843	AC|BD	haplotype	3bcc119f1004421dd30172a4f540d27b4939fbe1193cd9c1838e8e56c5c75073	unrooted_graph_distances_four_point
topo844	844	AB|CD	species	e6ffa3640d1c39fe4ab4f551a9f58dfa33833cb46bd78925bf2f9fa948900525	unrooted_graph_distances_four_point
topo845	845	AB|CD	species	157d8381748e2dc5a61da76d7d7b807c2b88aa2364353530ea44e61132d9adf4	unrooted_graph_distances_four_point
topo846	846	AB|CD	species	00454097e6c00038e38c32e492945703bba89a3c5a75ec0c1b62ada24f548417	unrooted_graph_distances_four_point
topo847	847	AB|CD	species	e4561dceb8122ddbcb9f13f2bc89fc7466694616b464a5cf893b200388bfd302	unrooted_graph_distances_four_point
topo848	848	AB|CD	species	8938d349cf3c3fdf56328a849d47581300b4bb0cda8e73c086b4d2f88be13704	unrooted_graph_distances_four_point
topo849	849	AB|CD	species	c3a1a2d58a8a6dd54f14e4adc9544260d244138f55f6c5ea2edb39103902259a	unrooted_graph_distances_four_point
topo850	850	AD|BC	third	83f4aa6c39e8984e1e3aaf3c76659a3aad13ca86f5fa966e58708e5bcc45ddd1	unrooted_graph_distances_four_point
topo851	851	AD|BC	third	6c039fc4ce7fac66502a945d0029c559c837c6f9678414714f6ce0f56d2de899	unrooted_graph_distances_four_point
topo852	852	AC|BD	haplotype	f4533be19b730a511c50ee383e13e9d3f910a56ae686b08e361b85a0eb4809cf	unrooted_graph_distances_four_point
topo853	853	AC|BD	haplotype	284bc3aace922dfc46cfa1fb90bca4da69655f054ae1d413b67bc17bd3f5db5d	unrooted_graph_distances_four_point
topo854	854	AB|CD	species	a6d06fc3a385a785efaf53896bab81637c8a23abe0bc01797c84cc0eae8f9af4	unrooted_graph_distances_four_point
topo855	855	AB|CD	species	5d4e327d45129b0560346d4047ba2ce2d4dbbdfd5262506af7b36c574fc846f5	unrooted_graph_distances_four_point
topo856	856	AB|CD	species	694c414a38410e88829b1acff86773e48fdd81d69ff626631ce245fdd61a1fe1	unrooted_graph_distances_four_point
topo857	857	AC|BD	haplotype	e6cd5a17aafbc926e802278c8f608da4c0359c5d4b32abe1516c4e5a5acb242b	unrooted_graph_distances_four_point
topo858	858	AD|BC	third	38fab31258d9ab49e22ade1aaa4b4ac705fc782305c3dcc423b9fb5741ed91cb	unrooted_graph_distances_four_point
topo859	859	AB|CD	species	40632e40e70011edcbf5cb5972a4b173bcb9139bad963c208d6b293378d9ab20	unrooted_graph_distances_four_point
topo860	860	AC|BD	haplotype	a8dafc62be15102f555a032ed4e91d6049893f81623c6daab819058889f8848a	unrooted_graph_distances_four_point
topo861	861	AD|BC	third	609db0b5f01e7ef54ecc378202977bc40d86686df9c1893a8f4e057f473b48d2	unrooted_graph_distances_four_point
topo862	862	AB|CD	species	242b6da3a963434692eefc04eb5c4167031e2f0c18bc294a49450a41da2bfad9	unrooted_graph_distances_four_point
topo863	863	AC|BD	haplotype	8b0df6484d825bdcc09e2b31eabcfe395a5585a00b0f79783784fb0198e917cb	unrooted_graph_distances_four_point
topo864	864	AD|BC	third	956fe27a9ea221d8cca048c93bab1b38de0e5c672d4d3ab8857ab49fc002b00e	unrooted_graph_distances_four_point
topo865	865	AB|CD	species	73552e7bb6dbdb7754aaa5d90e6e818c04f96d4c0e656881b598d99b7f73860c	unrooted_graph_distances_four_point
topo866	866	AC|BD	haplotype	59f9c4b8913449762543bf2401e5373c16f74079fa79d2ec92e94e84b83f9dbb	unrooted_graph_distances_four_point
topo867	867	AD|BC	third	ebb087b8c0c1fdb50ca47177b902c39f26833eaeea002a2475abfa122d10fbda	unrooted_graph_distances_four_point
topo868	868	AB|CD	species	446de4cd2b1d095c7ac51d3a958300a5eba61b4657650e90a5ef1915b0cc656b	unrooted_graph_distances_four_point
topo869	869	AB|CD	species	1b2c95e4b085e696c982961f3165e7a6e3ad47ec89d78a695d0ceb3eb1f42c51	unrooted_graph_distances_four_point
topo870	870	AC|BD	haplotype	b10e7bfc36fb6cf48906dc6d0d39d531c78e73473e3311adc2e0f3bc75a431df	unrooted_graph_distances_four_point
topo871	871	AC|BD	haplotype	650cfc4093a8bbb02b0090a640090a22b0348bde961eac8bc96f453b04a14fa3	unrooted_graph_distances_four_point
topo872	872	AD|BC	third	8231f74edf8fba1169cad74f3a1fdc563c904394652a860243c301426799f96f	unrooted_graph_distances_four_point
topo873	873	AD|BC	third	357b2ed56ffe86eadc7fdc20aa26cb0eeacb7cbd7ed7454cb531306cdcaa1904	unrooted_graph_distances_four_point
topo874	874	AB|CD	species	cc71ca8d1141256e85c07aa1aa7847c9ade6553a8720b977a45a69d0d93013a8	unrooted_graph_distances_four_point
topo875	875	AD|BC	third	b9725c8629780dc5d2926bf991e4bcb9a3cdc56faf45e1424e89545c011b45ca	unrooted_graph_distances_four_point
topo876	876	AC|BD	haplotype	3b80e34b2d9106a7d015faea2988c581b097e084832952ffc70366028a3713e2	unrooted_graph_distances_four_point
topo877	877	AB|CD	species	8e16d0d5bb091078967f87212638d420876343c0fbd73534f321f0fd643045b9	unrooted_graph_distances_four_point
topo878	878	AD|BC	third	c4443e871546031bc185d7950c2cd14eec38adf843a624ea45fdf29cf33848bd	unrooted_graph_distances_four_point
topo879	879	AC|BD	haplotype	5637fbf035023aa472f60e924cc7670556095629823585025a3f66f109a07b35	unrooted_graph_distances_four_point
topo880	880	AB|CD	species	9783cdd119433560340f929af88426c26c112af002f43a2ad89f4e6da74ea657	unrooted_graph_distances_four_point
topo881	881	AD|BC	third	b0954e3abbc8fbb16823c9a5bc596eec665092ff7643c5437766e0857642d47b	unrooted_graph_distances_four_point
topo882	882	AC|BD	haplotype	a0037239a8f8824b5b24c5ace2072c3393068d2159122d070e998683d9ecd1a2	unrooted_graph_distances_four_point
topo883	883	AB|CD	species	9ec31db9b622ba37c64698459342859733510e639cd7ad374f824a5a709fce3c	unrooted_graph_distances_four_point
topo884	884	AD|BC	third	8437e741f1c14560fcaa422eb6127eb26ea8a736cd26344275a0dfa7cab18803	unrooted_graph_distances_four_point
topo885	885	AC|BD	haplotype	db43b2d92ef7ed398a51842f66dc199bd438fecfbf7cb64fe7e11bc8b6e102b9	unrooted_graph_distances_four_point
topo886	886	AB|CD	species	7334dd9e96f6ffb79925dda222a68237b686cb76a53ab3486c1e7adf664396db	unrooted_graph_distances_four_point
topo887	887	AB|CD	species	0d26e07cd688b4abcc645fbacbe64adca010c757c837b3616469fed725744705	unrooted_graph_distances_four_point
topo888	888	AD|BC	third	6fab3165d6dd1a4a99eaf252d51458f74e7cf3c352f9ddbc6cb0f309e791090d	unrooted_graph_distances_four_point
topo889	889	AD|BC	third	a01bffb42408d9b5d5e603e3553c69e74f90189d975316a75bf9a702059d1201	unrooted_graph_distances_four_point
topo890	890	AC|BD	haplotype	b401de8ab1c48fb45d9801c093c00fa8ae9af552c815210aadb9d257c3ed025c	unrooted_graph_distances_four_point
topo891	891	AC|BD	haplotype	04e9115382595774fcab49ea4b544d12b2e9d41d3a8f79690e53f04328f73762	unrooted_graph_distances_four_point
topo892	892	AC|BD	haplotype	e741416af8c70b8564bc3307e3101a0b40a262a22a7780fa31c42a283ec05062	unrooted_graph_distances_four_point
topo893	893	AD|BC	third	34e292c7befb39bffec2cf8ed876bbd183b1bbcd0fbf44ed817dc8264903df8a	unrooted_graph_distances_four_point
topo894	894	AB|CD	species	fc412b3d17421c802cc59528fcf9e7d10a8a6fac7ef4fb951abdf9d835f05909	unrooted_graph_distances_four_point
topo895	895	AC|BD	haplotype	dee7e4b87c5ab2d00af885f6a3139ae674ec2fd1fd78f8ecf8924b0bbaf80f57	unrooted_graph_distances_four_point
topo896	896	AD|BC	third	413bf1fafe1624792a16fa886e78a2a91d4cc04f65bd8e5df39f6eaa4a5b6f5d	unrooted_graph_distances_four_point
topo897	897	AB|CD	species	404767ebdd7a84212fb6d9b528721244b4f7725fbee9cac6c18dcd96c1ed1065	unrooted_graph_distances_four_point
topo898	898	AC|BD	haplotype	76ba3cad09ccb8fc6354f86d14ea77f65109679aa88b3e4b92b1ad1ffc1a1e37	unrooted_graph_distances_four_point
topo899	899	AD|BC	third	da044f16b8a61f77e1e795ee38d015184f47ea4f33dad52506807302e0a16f51	unrooted_graph_distances_four_point
topo900	900	AB|CD	species	cb2c50dc9a468792d3d0f8d02ab6446741ba401498c67b15f6110a154b52bc39	unrooted_graph_distances_four_point
topo901	901	AC|BD	haplotype	76ff98cfb6f85a3555fea6b25dd2ab0c2b66e70fb4bfa518b87a5f45d5adcbe0	unrooted_graph_distances_four_point
topo902	902	AD|BC	third	a29a80baa2b5262d715600bd31e80d7aaf70f004baa820843848d2079896a678	unrooted_graph_distances_four_point
topo903	903	AB|CD	species	b22cafca6d36179b187c86cdae1e51094ada319e77a457ae1c3c5d3b6dabad54	unrooted_graph_distances_four_point
topo904	904	AC|BD	haplotype	b3cafb78795bd20dd27bbfe72627acff67b4ed3e1c06c032da968bdc482da6d4	unrooted_graph_distances_four_point
topo905	905	AC|BD	haplotype	974ea52178caebd0249a62c2c41ace45ed5be652d3b723effc32ffec1ad4412e	unrooted_graph_distances_four_point
topo906	906	AD|BC	third	296afd67080b127381e715430de47ef4a2a909e51ea2c35e2058b54e8d43b274	unrooted_graph_distances_four_point
topo907	907	AD|BC	third	b081ad9fadd7449ca3f7a6f393ee57fc5d23410a6abc1aa3d8b3c30506292d9e	unrooted_graph_distances_four_point
topo908	908	AB|CD	species	e35a32eb6a782f4cfce098f09d898d2999a3b6a52065612a4cf314196e8c3def	unrooted_graph_distances_four_point
topo909	909	AB|CD	species	4d5bece77f5ac05a929ef7a0ab42cdc4296c60585da85d36499a3d7207af2593	unrooted_graph_distances_four_point
topo910	910	AD|BC	third	410531be022123532908abdab89529ac45b5a8b36c6075ed4a4756b0686a5373	unrooted_graph_distances_four_point
topo911	911	AC|BD	haplotype	922e50a8512bbc5f831ee17b69ee085f35818a57774393c068e572144853fbaf	unrooted_graph_distances_four_point
topo912	912	AB|CD	species	29ff02caf48940fbaeb5e64d4a192b9d402062a98dd3ccdcce3ab4202f3f706b	unrooted_graph_distances_four_point
topo913	913	AD|BC	third	3d60253e3ce926c208a7317b4668da3bbbfe8ff7d919b667358a949934c518b2	unrooted_graph_distances_four_point
topo914	914	AC|BD	haplotype	808ac6812fe2354e0baa489ae3b737a141f59d359ee2c1ed04da760ec1073b8a	unrooted_graph_distances_four_point
topo915	915	AB|CD	species	b47f80707758f8685b5cbc0e780853e8df7895e738956e29b7a2492017d43c44	unrooted_graph_distances_four_point
topo916	916	AD|BC	third	3d19a959c31dcb6bd1432a70e222cf048796b30c97730424d63583acac50716d	unrooted_graph_distances_four_point
topo917	917	AC|BD	haplotype	996e8862eecc1ade58f6caa47bec5a3fccdc1b18ab2d9478e68f36217834b377	unrooted_graph_distances_four_point
topo918	918	AB|CD	species	de66ea2d3d84749bc1cc5739a6258c5565cd491e5a88687875fc12c6d3695f42	unrooted_graph_distances_four_point
topo919	919	AD|BC	third	e31dcc13fdd6415e4182f2d90298912e49504e456188ff59628cee6355e8505c	unrooted_graph_distances_four_point
topo920	920	AC|BD	haplotype	3de58f685b9149cb82e13a448b0de176eb54b2cc67e723886549eb5b8f76065f	unrooted_graph_distances_four_point
topo921	921	AB|CD	species	01f77f6d07c228f9dafe35454137a2b6efb60e5fa48f0dd7c9fa1c506bed5be1	unrooted_graph_distances_four_point
topo922	922	AD|BC	third	39a708b87b6896873afa0dcb4be504d9fa8911d1e51e5b01193517fa098dadf8	unrooted_graph_distances_four_point
topo923	923	AD|BC	third	ef0c1c51f4131bbb6369e84b81fe8319efc56c41001fcb4d48e63d940819c344	unrooted_graph_distances_four_point
topo924	924	AC|BD	haplotype	3850b795d43011e63cc999d9752075bcc19735046d6a36d8c351cd69fef973ee	unrooted_graph_distances_four_point
topo925	925	AC|BD	haplotype	18061a822ac2342a97a3204252553d52a37501bd8c5f0fa45af74d573eb6f4ad	unrooted_graph_distances_four_point
topo926	926	AB|CD	species	40bd09aa6165ed68871de50c0e6d4c06830d8855bc88a9c30e357a774ebdd909	unrooted_graph_distances_four_point
topo927	927	AB|CD	species	30e00286f478a8e824121553c3d6bc7776c9cff89bc5a69de136e7cfac700bd1	unrooted_graph_distances_four_point
topo928	928	AB|CD	species	00c783c19791118abff626ac388e292fea3637cc8f0125d7823a1dcc6875fa7e	unrooted_graph_distances_four_point
topo929	929	AB|CD	species	aa73b1c50a4bb0b6df9492f303e57ac8847c820219f9228e46505364168284b8	unrooted_graph_distances_four_point
topo930	930	AB|CD	species	47134216bd2a566b65329ff8758fc7047602aec6a06f7d595b2fa822712d5916	unrooted_graph_distances_four_point
topo931	931	AB|CD	species	6ef055572b8d973bc681348563a43fdea9198d5ca295b8d94a1cffaf2e6e353d	unrooted_graph_distances_four_point
topo932	932	AB|CD	species	10d83a7c65731616c228a102403d1ca527323948e13ba75f3303b1acdd67671b	unrooted_graph_distances_four_point
topo933	933	AB|CD	species	4a30e437010449d8db6f89ed217680d73c1f1265cac398fbd123cded4ef3a74e	unrooted_graph_distances_four_point
topo934	934	AC|BD	haplotype	caa4cc25e9a53efee102796eeb31b2844383649f2b2b35ffd57eb2ad7496a98c	unrooted_graph_distances_four_point
topo935	935	AC|BD	haplotype	d151c851851e6f9171e59c0b55921616c09057a7cae9fe83f432a5622c59f3c1	unrooted_graph_distances_four_point
topo936	936	AC|BD	haplotype	a653e30f88ffbf2778b562d1fa35223b3ad7a0dd53fe159db3492ba172e033e4	unrooted_graph_distances_four_point
topo937	937	AC|BD	haplotype	482368effaa14abe083f456294da7a1d671a32390d19abf66f81fcbcb320cf13	unrooted_graph_distances_four_point
topo938	938	AC|BD	haplotype	49a063e5b6ca3edc253d98d88eeb34a6e9a82229592632c4072a9aacd1859f96	unrooted_graph_distances_four_point
topo939	939	AC|BD	haplotype	220cd8221fd5bd7d919da7504d64fb963ae6e060f9da3bd8ed5a263d9fa1294d	unrooted_graph_distances_four_point
topo940	940	AD|BC	third	8c55e2ed7608fd6d6a716e7617c0bd04623a190ec684a7ff935b9d421510639f	unrooted_graph_distances_four_point
topo941	941	AD|BC	third	e9c495d82a03398643a2ac0a5cfbe2dce501fcf7c194a776c8d7af434edaa0a3	unrooted_graph_distances_four_point
topo942	942	AD|BC	third	e10621e1cddd2e5ce94faf85699700df312970515e0251cfefb28acbf33c4107	unrooted_graph_distances_four_point
topo943	943	AD|BC	third	dd292e461dd8e213cb6916ab9c4ae24053790a729bcdf79b84eac82317e65a5d	unrooted_graph_distances_four_point
topo944	944	AD|BC	third	81bd25e7773a0cbc55ba27d9dc4480c51509df82d21188b87bada39a5bae29c8	unrooted_graph_distances_four_point
topo945	945	AD|BC	third	6e6c649cd9792f5167af4f158fd9bb374e76e7b27272a4136da35f749ea4f191	unrooted_graph_distances_four_point
