topology_id	inventory_signature_sha256	weight_comment_signature_sha256	status	notes
topo1	a88537b03240076b9718430cf927272bce48341130dcd2afd0cc8fb15bad6887	a88537b03240076b9718430cf927272bce48341130dcd2afd0cc8fb15bad6887	match	
topo2	bbc012a8f1a1312a01a7540a947fa49069476d6662824c6bd04cc6e7c0255d81	bbc012a8f1a1312a01a7540a947fa49069476d6662824c6bd04cc6e7c0255d81	match	
topo3	c98ddef465d1a67fcf70e7d5cf46e9fb993f478990e05b5f7a65c6fe8d9f89c9	c98ddef465d1a67fcf70e7d5cf46e9fb993f478990e05b5f7a65c6fe8d9f89c9	match	
topo4	705cf2e23a4517da316cc04e96844b95d433c8924a999676fe88787080dfc477	705cf2e23a4517da316cc04e96844b95d433c8924a999676fe88787080dfc477	match	
topo5	dae112fc9567e055b4e67e7f62a3266f7f0e6973df6a00f2a7965b5ca2cc54f7	dae112fc9567e055b4e67e7f62a3266f7f0e6973df6a00f2a7965b5ca2cc54f7	match	
topo6	7db72c12ca76cc767fa1eb289d283b99c75f10ddfc6b7836d578ee1c0abfc1aa	7db72c12ca76cc767fa1eb289d283b99c75f10ddfc6b7836d578ee1c0abfc1aa	match	
topo7	45eb97a9cb6e8e186b0ffeb31f0e09f899b7dd29fa0630e5e140986ef3bb50bb	45eb97a9cb6e8e186b0ffeb31f0e09f899b7dd29fa0630e5e140986ef3bb50bb	match	
topo8	6ed67ea9b8d834d474e42cf754b390401bc7fe1b2c327c506b59194b5869c92a	6ed67ea9b8d834d474e42cf754b390401bc7fe1b2c327c506b59194b5869c92a	match	
topo9	a4ff548c662920f0c0529666e9394ce0c8dafcec323a7ffb9c542d7cddf9a6d1	a4ff548c662920f0c0529666e9394ce0c8dafcec323a7ffb9c542d7cddf9a6d1	match	
topo10	aef403191b2e70f9154ba6776b63ca347cae41ad9dbff6f4780f1be772636b66	aef403191b2e70f9154ba6776b63ca347cae41ad9dbff6f4780f1be772636b66	match	
topo11	3d47b1662507eae3c11d2344cc7a94b8f90b5472c7d34a0cdb7f7b0aa5ff41b9	3d47b1662507eae3c11d2344cc7a94b8f90b5472c7d34a0cdb7f7b0aa5ff41b9	match	
topo12	0271ac05b8cefe825f14d37b5c0508b7e36cff6c3cba63fbfa507e88a4fa4a2c	0271ac05b8cefe825f14d37b5c0508b7e36cff6c3cba63fbfa507e88a4fa4a2c	match	
topo13	05f5c9827a4e7af112a1cc724c758768b5867e76fb4c6099e62ca2f9c4bd08ef	05f5c9827a4e7af112a1cc724c758768b5867e76fb4c6099e62ca2f9c4bd08ef	match	
topo14	9cb5ca3c15c312cb4e8fa513f2336ea180ae146c54ba59e00e029c754a389b6a	9cb5ca3c15c312cb4e8fa513f2336ea180ae146c54ba59e00e029c754a389b6a	match	
topo15	18a50c3b1dad95adb68643fafc4cb7301235dc5055dce14a508064b36f1643c7	18a50c3b1dad95adb68643fafc4cb7301235dc5055dce14a508064b36f1643c7	match	
topo16	3a362573bd527dc472d9581ba876112f8f2b4c618f06f47eeff2e906dd36a8ed	3a362573bd527dc472d9581ba876112f8f2b4c618f06f47eeff2e906dd36a8ed	match	
topo17	cbfea64f59a5bedc7247f94d0f505ad64344413c3196dfe910ea1639985ffdfa	cbfea64f59a5bedc7247f94d0f505ad64344413c3196dfe910ea1639985ffdfa	match	
topo18	7ab10a76369189d6cec160a91be606f657be2242c8faafe69b8e2b5418c21dbb	7ab10a76369189d6cec160a91be606f657be2242c8faafe69b8e2b5418c21dbb	match	
topo19	507bfd82f89df49a21fb30818b953dff9da49a07fd4018d5a0dee0fe0cf6af07	507bfd82f89df49a21fb30818b953dff9da49a07fd4018d5a0dee0fe0cf6af07	match	
topo20	217d8dd358ce2345d538b5b23c283dbe47cd7a92ddd05c10517b2f41c4b4ff0e	217d8dd358ce2345d538b5b23c283dbe47cd7a92ddd05c10517b2f41c4b4ff0e	match	
topo21	79b4b8f0b47b4756c90f27fc1d53376f9e3050c33956f4f0b8af956686022995	79b4b8f0b47b4756c90f27fc1d53376f9e3050c33956f4f0b8af956686022995	match	
topo22	a833bfa4c4b76308b2b21b69c61eaa2405f2e67a76e846221f5c16cee37693f8	a833bfa4c4b76308b2b21b69c61eaa2405f2e67a76e846221f5c16cee37693f8	match	
topo23	23c3bdd75bcdd31cf23dbf7bf2965f6d060ac988dc941a20fd3470e389a9771e	23c3bdd75bcdd31cf23dbf7bf2965f6d060ac988dc941a20fd3470e389a9771e	match	
topo24	20b5faa50641620cd4ba8a3abaaab3ef67c4cf676180fcb7358e002c7f4bdd7e	20b5faa50641620cd4ba8a3abaaab3ef67c4cf676180fcb7358e002c7f4bdd7e	match	
topo25	8e0200527a4c4331563f57bb4620eb05caa39ebe7d12c1f29dc8d3228c024d47	8e0200527a4c4331563f57bb4620eb05caa39ebe7d12c1f29dc8d3228c024d47	match	
topo26	f2c7335f63fc4e1fdbfc730f1e503b0a7a64c2690f4f1e9adb9bfcd3f83bc6b5	f2c7335f63fc4e1fdbfc730f1e503b0a7a64c2690f4f1e9adb9bfcd3f83bc6b5	match	
topo27	4fd0811b538381268eb33e6eed62e50b11e2bd49a1925f75592c5014a1f8be69	4fd0811b538381268eb33e6eed62e50b11e2bd49a1925f75592c5014a1f8be69	match	
topo28	c37a3867b5fa0c37d55ebf74351948737b57165a0073ec129d8da562fc1ffaca	c37a3867b5fa0c37d55ebf74351948737b57165a0073ec129d8da562fc1ffaca	match	
topo29	242fb3d593287d2fea0d4446450124f6fcc3fca55464146c73af4798a6d0cc34	242fb3d593287d2fea0d4446450124f6fcc3fca55464146c73af4798a6d0cc34	match	
topo30	d62a2b72a114a9b4213ab64d19a7be94989350210cefdb86c3d181f2c62740e1	d62a2b72a114a9b4213ab64d19a7be94989350210cefdb86c3d181f2c62740e1	match	
topo31	7c03983df7a43de5c786c6c8103d93086b3cee76856605adc0db39cc2cef2723	7c03983df7a43de5c786c6c8103d93086b3cee76856605adc0db39cc2cef2723	match	
topo32	4a85121d41f15aed40775ada6856b04d49cb7c579a39a36f26b75086a8d3d4aa	4a85121d41f15aed40775ada6856b04d49cb7c579a39a36f26b75086a8d3d4aa	match	
topo33	ed966fa0cda4c2d0cb173368e92daa5fdcdb2d90dea17b78b4d033c86813e57a	ed966fa0cda4c2d0cb173368e92daa5fdcdb2d90dea17b78b4d033c86813e57a	match	
topo34	66f198cdaf4e9c5ef1ee6ea004b4fde92914e5d18a89d69738527ccd629fb5ed	66f198cdaf4e9c5ef1ee6ea004b4fde92914e5d18a89d69738527ccd629fb5ed	match	
topo35	1ac497731f652afda316c1a2d934d2979c2e383046b6322bb8b234e918260e2f	1ac497731f652afda316c1a2d934d2979c2e383046b6322bb8b234e918260e2f	match	
topo36	b52cc48e68a14edf0fcb93b330b060c992851075fbbc656993c8f49b95f36670	b52cc48e68a14edf0fcb93b330b060c992851075fbbc656993c8f49b95f36670	match	
topo37	0d8a2d0944ce8400c264279618a735d94ba07df7f6030bba022f48ceac6eb84d	0d8a2d0944ce8400c264279618a735d94ba07df7f6030bba022f48ceac6eb84d	match	
topo38	9442e7be43e73605cf0179eda5a43b9884436083b82605be4e36c48f58ea0fff	9442e7be43e73605cf0179eda5a43b9884436083b82605be4e36c48f58ea0fff	match	
topo39	a7850bcffd5ad97a5f3f13046a14ab5cef4da3ed4196f3138759f0660d6cb695	a7850bcffd5ad97a5f3f13046a14ab5cef4da3ed4196f3138759f0660d6cb695	match	
topo40	38dd907211729f378397a80ebfacdea9ec858f656e5721b2f354aa1647265018	38dd907211729f378397a80ebfacdea9ec858f656e5721b2f354aa1647265018	match	
topo41	c1229ccd49ce3dfe7e785d9fee129317f348a243b77f4bd889360af7173f36cb	c1229ccd49ce3dfe7e785d9fee129317f348a243b77f4bd889360af7173f36cb	match	
topo42	be532e317744ee80df5c1f2091815437380e13c9c0f2182724d280b424c64a91	be532e317744ee80df5c1f2091815437380e13c9c0f2182724d280b424c64a91	match	
topo43	0b937ece9a935a0423ebc2e360b4bc5cdd86650eba51960a5c419a59974eb869	0b937ece9a935a0423ebc2e360b4bc5cdd86650eba51960a5c419a59974eb869	match	
topo44	db72155632b1171879ab87b3f4a89432697b9c8818b696293a2115e892692e98	db72155632b1171879ab87b3f4a89432697b9c8818b696293a2115e892692e98	match	
topo45	35308f1df3f626d8cc49b0fac0bd26f05222fab443ace75d6a014881dddbcba5	35308f1df3f626d8cc49b0fac0bd26f05222fab443ace75d6a014881dddbcba5	match	
topo46	fcb4f3f511a66d63fd092e2ef752bf25c0cebdfa0d24c65cb2f5badfc2b6a975	fcb4f3f511a66d63fd092e2ef752bf25c0cebdfa0d24c65cb2f5badfc2b6a975	match	
topo47	d84708b50bf5ef6b04c996fd1c4e42c313ac46359b85685ea9d2d932839ce809	d84708b50bf5ef6b04c996fd1c4e42c313ac46359b85685ea9d2d932839ce809	match	
topo48	8ddde1ac504f380d0cd8bc22a21614adca58e759bdef65cb11c4465c156df2ff	8ddde1ac504f380d0cd8bc22a21614adca58e759bdef65cb11c4465c156df2ff	match	
topo49	01bf02ac27a25486531ffd57a43a6aae8e75bb7dcd3d827bb4135894fc7dc8f0	01bf02ac27a25486531ffd57a43a6aae8e75bb7dcd3d827bb4135894fc7dc8f0	match	
topo50	f3aad6e846412eeb0777175a76d72fd8b9d34e669718c4f733a44d0ee748cee8	f3aad6e846412eeb0777175a76d72fd8b9d34e669718c4f733a44d0ee748cee8	match	
topo51	e405f4a74761d08c012144ca0e1174923a718d74c7175e0d9839643ed88af8a1	e405f4a74761d08c012144ca0e1174923a718d74c7175e0d9839643ed88af8a1	match	
topo52	d1202519c80d40eaa92a93619557f5b1f024cf1ea60b1967b48d68bf1012734a	d1202519c80d40eaa92a93619557f5b1f024cf1ea60b1967b48d68bf1012734a	match	
topo53	e58252001a6b06ce12f1c87c59bcba7c7588f1ec2ce1cb61f3ee2ad77244675a	e58252001a6b06ce12f1c87c59bcba7c7588f1ec2ce1cb61f3ee2ad77244675a	match	
topo54	064c5b800055fd4ae7b1804ee8598179c2a4d00dbe15f80f8afd550cdcfeb5bc	064c5b800055fd4ae7b1804ee8598179c2a4d00dbe15f80f8afd550cdcfeb5bc	match	
topo55	ad5cedf6ca71e91c8c8244731fa1fea9451ad6b55f4389a06dc1fe7af0ca1637	ad5cedf6ca71e91c8c8244731fa1fea9451ad6b55f4389a06dc1fe7af0ca1637	match	
topo56	65d46bbe53b09e381e52ced9b11669fd91d145e7a5199be91bf659ff9f7f7252	65d46bbe53b09e381e52ced9b11669fd91d145e7a5199be91bf659ff9f7f7252	match	
topo57	e15bf80bf1046e75d4e37e3ed2927698a91909ef0afd8c86ebe0e963e94b9599	e15bf80bf1046e75d4e37e3ed2927698a91909ef0afd8c86ebe0e963e94b9599	match	
topo58	05aa370ecc210467f697d6bd289e9fce545081de03956ec3f27aab07d60bf93d	05aa370ecc210467f697d6bd289e9fce545081de03956ec3f27aab07d60bf93d	match	
topo59	f36a3469ae1dac369cef3fb74f9859c9ecac8e3536ea905dba55053911a7b94d	f36a3469ae1dac369cef3fb74f9859c9ecac8e3536ea905dba55053911a7b94d	match	
topo60	77b40a9fe5b86cac7565934f56e1148e8053ca5a37d87e1e77c169bfe38893d2	77b40a9fe5b86cac7565934f56e1148e8053ca5a37d87e1e77c169bfe38893d2	match	
topo61	7a10ed859d5cc4def595c4f3d3bc4bb110a7c6770ae1811460c575ad41382581	7a10ed859d5cc4def595c4f3d3bc4bb110a7c6770ae1811460c575ad41382581	match	
topo62	be523094ce72ca09d2ae0c93d3f02e12142e10aaf43378c63e3b94ac0c325515	be523094ce72ca09d2ae0c93d3f02e12142e10aaf43378c63e3b94ac0c325515	match	
topo63	78ef33c756553c98881cbafc487a480adbf490605c39241d07a75bcd51dc1611	78ef33c756553c98881cbafc487a480adbf490605c39241d07a75bcd51dc1611	match	
topo64	40b240033549462a41c4fa6e4ddeaede70e8540013d78f0a4b9733b4c95ea6f1	40b240033549462a41c4fa6e4ddeaede70e8540013d78f0a4b9733b4c95ea6f1	match	
topo65	e5a706ed53e9539d82d3d565dbeae29d67eb8a110609a29e11f0437934679044	e5a706ed53e9539d82d3d565dbeae29d67eb8a110609a29e11f0437934679044	match	
topo66	4df76c1fd78f2289f05fbeb6e816afc2323589e0a910bc13272d689e665a62b5	4df76c1fd78f2289f05fbeb6e816afc2323589e0a910bc13272d689e665a62b5	match	
topo67	be43c075527c0f2b61ee197ac3abb5505c91b2b1fd8845065dce618335f628e1	be43c075527c0f2b61ee197ac3abb5505c91b2b1fd8845065dce618335f628e1	match	
topo68	41f741e9e6196f10a964e086f367ec276f40202ba224a62ecf00708ec3ef4c76	41f741e9e6196f10a964e086f367ec276f40202ba224a62ecf00708ec3ef4c76	match	
topo69	1839f2040e82d5fcc810cc750bc2a28c49f48a0772dd3fef316407617473473e	1839f2040e82d5fcc810cc750bc2a28c49f48a0772dd3fef316407617473473e	match	
topo70	3a0d52446c962db41606313d015bb9497a79170765eeb2eb08f9934e868b5645	3a0d52446c962db41606313d015bb9497a79170765eeb2eb08f9934e868b5645	match	
topo71	1005e23b0b7b1da6636d720aa8fa4a02cb16e5b697171e20fe46421e35e7cbc4	1005e23b0b7b1da6636d720aa8fa4a02cb16e5b697171e20fe46421e35e7cbc4	match	
topo72	961014680ffd9c3598d1e4c5c536439a3aace4d3ec5aaaf4ada33a05af43737a	961014680ffd9c3598d1e4c5c536439a3aace4d3ec5aaaf4ada33a05af43737a	match	
topo73	97408ed6e49d2c585c9f39657fdfa92830a81ec1e8b0ed7a5a1c2b19cb1500d0	97408ed6e49d2c585c9f39657fdfa92830a81ec1e8b0ed7a5a1c2b19cb1500d0	match	
topo74	d547254ad10217f210326f387c3ca75804b825602b44be45f9dded0e7e9a1bb3	d547254ad10217f210326f387c3ca75804b825602b44be45f9dded0e7e9a1bb3	match	
topo75	b6b44fe04499a7fac768c366a18a2da15e5f85e1c512608816e346059caf6b00	b6b44fe04499a7fac768c366a18a2da15e5f85e1c512608816e346059caf6b00	match	
topo76	3c1e76f843dfba63d63d07c046d8ed3af69245ad1ad9d2a4f383cfe632230012	3c1e76f843dfba63d63d07c046d8ed3af69245ad1ad9d2a4f383cfe632230012	match	
topo77	dabeefa9ea0df3311947471849c64ab09e4da39dd88d2928d1ebd6490716bfce	dabeefa9ea0df3311947471849c64ab09e4da39dd88d2928d1ebd6490716bfce	match	
topo78	eae91f71ebc3e71c1981822cf4a8f5f873fe8a2a2ea1ae72320b0d722ce0c78d	eae91f71ebc3e71c1981822cf4a8f5f873fe8a2a2ea1ae72320b0d722ce0c78d	match	
topo79	a3820b8325098c6262660cdd4e9ca7f235990611e5cc8241065c824d7836255e	a3820b8325098c6262660cdd4e9ca7f235990611e5cc8241065c824d7836255e	match	
topo80	d861fd01f97df28ebfbd68474a6e588d301aaa85daba9484b365e95899368424	d861fd01f97df28ebfbd68474a6e588d301aaa85daba9484b365e95899368424	match	
topo81	d92c861cac4322b24c2fca15e34ea3e74f1afb784c2cc85878f2363debfbdbe3	d92c861cac4322b24c2fca15e34ea3e74f1afb784c2cc85878f2363debfbdbe3	match	
topo82	5d9867aa086ddad16086a6822be6e9d868e7f41b2636e0f702c011f92e79c627	5d9867aa086ddad16086a6822be6e9d868e7f41b2636e0f702c011f92e79c627	match	
topo83	6d9f3f87e528b6602e91a1e0718d753ad1d740339cd492cd9197579c5cad3e39	6d9f3f87e528b6602e91a1e0718d753ad1d740339cd492cd9197579c5cad3e39	match	
topo84	1dbad75d937e7cb73dc5ebcc9d6ee70cd9a7a3a6b1ff76461046bc72a924251c	1dbad75d937e7cb73dc5ebcc9d6ee70cd9a7a3a6b1ff76461046bc72a924251c	match	
topo85	e6576b8ade55ee1b5d9876278c61dfd0c9243a16eafeee6c89a54fc625767037	e6576b8ade55ee1b5d9876278c61dfd0c9243a16eafeee6c89a54fc625767037	match	
topo86	61a4c19eeb04cc7df28aca196e893d63c4b9a70156b9da9c358fc338f6181d72	61a4c19eeb04cc7df28aca196e893d63c4b9a70156b9da9c358fc338f6181d72	match	
topo87	862c24b6004addff07ee9fb79ef25b2d9594746c8adb8a61fc75567a8d146c86	862c24b6004addff07ee9fb79ef25b2d9594746c8adb8a61fc75567a8d146c86	match	
topo88	90afd7db6c3fee60ac31e55860805cd506c75cdd559c2ee340dae59915445101	90afd7db6c3fee60ac31e55860805cd506c75cdd559c2ee340dae59915445101	match	
topo89	8f071e4104f3c7b4b805d5542e78eb0ead67d069ce015e26273e92dcf3a9e4e0	8f071e4104f3c7b4b805d5542e78eb0ead67d069ce015e26273e92dcf3a9e4e0	match	
topo90	7f6e0d97deab31702093f8b425cb1c3f9e8e246ae9c0bd28d5f37eda8ba108c3	7f6e0d97deab31702093f8b425cb1c3f9e8e246ae9c0bd28d5f37eda8ba108c3	match	
topo91	befacfce0f29cf3c8d98825c25cc69fd72986c1d073f0d668d567dd15fe9057a	befacfce0f29cf3c8d98825c25cc69fd72986c1d073f0d668d567dd15fe9057a	match	
topo92	3e4ff6953a321e57c4517a356aea6d8ca0785e07a292b8dc46370c93694e8a29	3e4ff6953a321e57c4517a356aea6d8ca0785e07a292b8dc46370c93694e8a29	match	
topo93	d3123f1e02267b781f08ebaf9a6fff0583a9686cbcfd6b01f6c96f129c8b985d	d3123f1e02267b781f08ebaf9a6fff0583a9686cbcfd6b01f6c96f129c8b985d	match	
topo94	97d573594f95e80769bb2cad1ed5035e2b4596f38834880a01c4664503448a44	97d573594f95e80769bb2cad1ed5035e2b4596f38834880a01c4664503448a44	match	
topo95	c94fc348dd8226c44e4dabd3c264b45b7026b4b0a3ce798eebc95baf44d79487	c94fc348dd8226c44e4dabd3c264b45b7026b4b0a3ce798eebc95baf44d79487	match	
topo96	9eacd6960b7085a728d57c683fa7471768bb43f61122bb3c977e2bbb000c45d4	9eacd6960b7085a728d57c683fa7471768bb43f61122bb3c977e2bbb000c45d4	match	
topo97	7162c0763d7d216740fa210d0e7b14ca2bbc778fcca59170ba3d9fcd66cdf124	7162c0763d7d216740fa210d0e7b14ca2bbc778fcca59170ba3d9fcd66cdf124	match	
topo98	c0070effd31e6a3eb5924391873ce650239716a6e2d90d68c7f84c2f2f3c1be8	c0070effd31e6a3eb5924391873ce650239716a6e2d90d68c7f84c2f2f3c1be8	match	
topo99	f81c9b8c71e0da3dba61159a73ffba0060676aaaa4060f2cada0f5fb35b0ee9c	f81c9b8c71e0da3dba61159a73ffba0060676aaaa4060f2cada0f5fb35b0ee9c	match	
topo100	27f96d449857cf49f3b5286327f32e2f66cb46bb97f9bee86df719d4585db0c3	27f96d449857cf49f3b5286327f32e2f66cb46bb97f9bee86df719d4585db0c3	match	
topo101	8f636baee4165c6d9380ba5a59809e2a863f7d691c5fb2ffde0564962f204527	8f636baee4165c6d9380ba5a59809e2a863f7d691c5fb2ffde0564962f204527	match	
topo102	cf56671c3d0f4f444d287a719399e170181250143938f7f991b5746881eb2671	cf56671c3d0f4f444d287a719399e170181250143938f7f991b5746881eb2671	match	
topo103	f369d4f1f1245a5cb0e4a51b21eb29d48c53a3b43ae47aa77254e0c02c71a3d6	f369d4f1f1245a5cb0e4a51b21eb29d48c53a3b43ae47aa77254e0c02c71a3d6	match	
topo104	9c396e1f4b7fc2f164480d0c4f61b56c2ddb8e9bc704683ef64bb9069535151f	9c396e1f4b7fc2f164480d0c4f61b56c2ddb8e9bc704683ef64bb9069535151f	match	
topo105	5286ecf23abeb4c80882c92bda1fdd3b824295c9a10ae99e70f144c29d8e1af7	5286ecf23abeb4c80882c92bda1fdd3b824295c9a10ae99e70f144c29d8e1af7	match	
topo106	82c8eb0fba315e931d0d0576b94c88f5d43ac0ca9decfba9b012ab6f4d077ec0	82c8eb0fba315e931d0d0576b94c88f5d43ac0ca9decfba9b012ab6f4d077ec0	match	
topo107	68bc9a6604c4e9f9c7528f118da00d721e16ff9a84d3e028b5a7ae06731811da	68bc9a6604c4e9f9c7528f118da00d721e16ff9a84d3e028b5a7ae06731811da	match	
topo108	0b4b70aa81a7b7f778e6e16f24f50c2448ecf49f94f98de588337b2981ac1c3b	0b4b70aa81a7b7f778e6e16f24f50c2448ecf49f94f98de588337b2981ac1c3b	match	
topo109	39962ef57f273e8de04d43a378dbfb8a75f3d663bf3b1dc9ac59460fed0e274c	39962ef57f273e8de04d43a378dbfb8a75f3d663bf3b1dc9ac59460fed0e274c	match	
topo110	1c71f04577f8fa18419bfde2d74626b52208a48f42e450a649e729fb070d65c3	1c71f04577f8fa18419bfde2d74626b52208a48f42e450a649e729fb070d65c3	match	
topo111	dedfa7b1331bf4a752f9758abd27e7296cb60acaed267e65125db56aee510833	dedfa7b1331bf4a752f9758abd27e7296cb60acaed267e65125db56aee510833	match	
topo112	819296dfbd859ec0123341cbcfe47b4e5aabeeb80a29e2fa69e27d90858d5984	819296dfbd859ec0123341cbcfe47b4e5aabeeb80a29e2fa69e27d90858d5984	match	
topo113	42001a9a2ef730e96c670862179f78d348b3eda58d516e8b10378803e318d0cc	42001a9a2ef730e96c670862179f78d348b3eda58d516e8b10378803e318d0cc	match	
topo114	f3a79cbd58d4ee2281358f9cebb18c6855e4ec12ae56e04e8e88482095313564	f3a79cbd58d4ee2281358f9cebb18c6855e4ec12ae56e04e8e88482095313564	match	
topo115	a13aff373dc5264b9516ba5c60580c930a0f190b751b404f7535948720ae518f	a13aff373dc5264b9516ba5c60580c930a0f190b751b404f7535948720ae518f	match	
topo116	2f2b91e96afc7eaadc92aaff458d3e7f2d410f7b5740d65d2c246a374aaed825	2f2b91e96afc7eaadc92aaff458d3e7f2d410f7b5740d65d2c246a374aaed825	match	
topo117	1f8e6acc5a2dece5d8108208721d7025a9457308b108ba93b7acb6a36784e9e0	1f8e6acc5a2dece5d8108208721d7025a9457308b108ba93b7acb6a36784e9e0	match	
topo118	c3589f80334fcb0c0d9c7e594c30757c46d9c41824acc81da44b6e402f647064	c3589f80334fcb0c0d9c7e594c30757c46d9c41824acc81da44b6e402f647064	match	
topo119	69904a86b17ae6122a972d82c2dfbb6a5ba82ef434c009450b388e7a4678b376	69904a86b17ae6122a972d82c2dfbb6a5ba82ef434c009450b388e7a4678b376	match	
topo120	d6f1e30f3a0d023ccd6de90977cb252c8f677b2ae969ffc8b6cd6436d115080d	d6f1e30f3a0d023ccd6de90977cb252c8f677b2ae969ffc8b6cd6436d115080d	match	
topo121	9140b2e72aeb09896839fca1cfa68ebbbc74759bf32cf8464885ee30407076c4	9140b2e72aeb09896839fca1cfa68ebbbc74759bf32cf8464885ee30407076c4	match	
topo122	61cbe8eda8d6fe510e04598dfd8ad1988b51491f9202d6d9042c589fffda6dce	61cbe8eda8d6fe510e04598dfd8ad1988b51491f9202d6d9042c589fffda6dce	match	
topo123	e5bed69d00944a8c90860bb8a14ff23f2bcfdcb327e8ce031dfca09bfb791d4d	e5bed69d00944a8c90860bb8a14ff23f2bcfdcb327e8ce031dfca09bfb791d4d	match	
topo124	586864f56a52ad3c2d2d1a9d5b48b426c5d3f675ad2cfa875d8304731efa3a20	586864f56a52ad3c2d2d1a9d5b48b426c5d3f675ad2cfa875d8304731efa3a20	match	
topo125	fe919f4ee705c79ca8a5fde0e2f1a3dd18ae71bcd4ec38e7b2aaf7f9ed0e6537	fe919f4ee705c79ca8a5fde0e2f1a3dd18ae71bcd4ec38e7b2aaf7f9ed0e6537	match	
topo126	ac79fc3e7937a8f36df3f8862d824ee2c0f2172266bb9dc6dc8c9dea537f34f1	ac79fc3e7937a8f36df3f8862d824ee2c0f2172266bb9dc6dc8c9dea537f34f1	match	
topo127	66cd2b22009a57ba9bb362caa7f8372f04c1ca4ca37336bc476cdc74d486d430	66cd2b22009a57ba9bb362caa7f8372f04c1ca4ca37336bc476cdc74d486d430	match	
topo128	e711a6fa7ae6e643b1e85139573d7231f295fec3a830b844d0876824b34efc95	e711a6fa7ae6e643b1e85139573d7231f295fec3a830b844d0876824b34efc95	match	
topo129	2c321cd21f3545d6a8657e623545b34cf2ff59d9ab12d4800acfe179d00c52c9	2c321cd21f3545d6a8657e623545b34cf2ff59d9ab12d4800acfe179d00c52c9	match	
topo130	8e47f5bf12762a2ed0e4afff7090e7d12230ad2da49ca175d33b95b0485f65f2	8e47f5bf12762a2ed0e4afff7090e7d12230ad2da49ca175d33b95b0485f65f2	match	
topo131	9190c13c287a6a4e9095f12893c1484b87ff3c476702da030cbb81752fdc2240	9190c13c287a6a4e9095f12893c1484b87ff3c476702da030cbb81752fdc2240	match	
topo132	d366dd467e73184fbe40972d69b05b9e46061f6362e62d55671eb8c41b353f3a	d366dd467e73184fbe40972d69b05b9e46061f6362e62d55671eb8c41b353f3a	match	
topo133	15258ffae49c7c3809cff850872db8b5c6f84ffecc365fe966c142f5a9648a66	15258ffae49c7c3809cff850872db8b5c6f84ffecc365fe966c142f5a9648a66	match	
topo134	35673f702f681964239ecfe74fd9f6f77110c241117ecc68e4c98247676e01f9	35673f702f681964239ecfe74fd9f6f77110c241117ecc68e4c98247676e01f9	match	
topo135	bffeb32112dfff96e809a9c6161e3f548259c0e697df9f2bdbf19ce37f18af8f	bffeb32112dfff96e809a9c6161e3f548259c0e697df9f2bdbf19ce37f18af8f	match	
topo136	d810e20c390f34780f4e7a9aea825cbce885395f31bab4a1428b084d352e3073	d810e20c390f34780f4e7a9aea825cbce885395f31bab4a1428b084d352e3073	match	
topo137	13a33667742094f9dee60e4bace5a30238eea097a73be44bf139da02cfa3a828	13a33667742094f9dee60e4bace5a30238eea097a73be44bf139da02cfa3a828	match	
topo138	88879dd9103bcf3148953e575ff7d6be6309271186862bb5b6013c6e3d87e33a	88879dd9103bcf3148953e575ff7d6be6309271186862bb5b6013c6e3d87e33a	match	
topo139	75a14f122b87e700f9ede6b5ce02208c5a98316a4b10907ac930f1ac148f1c8c	75a14f122b87e700f9ede6b5ce02208c5a98316a4b10907ac930f1ac148f1c8c	match	
topo140	dc342109e859569ee75adcc3cbe9f167971ddce2a5a6ba452cbd723b98f9bb79	dc342109e859569ee75adcc3cbe9f167971ddce2a5a6ba452cbd723b98f9bb79	match	
topo141	1e82265e9071948069851dc724ef653a4e33f469e599de68476cc57d0b1d9593	1e82265e9071948069851dc724ef653a4e33f469e599de68476cc57d0b1d9593	match	
topo142	c2bea53953980fc3c7e82b2a7a5d0aa331aba8471f6f184e757c9e59f1b07454	c2bea53953980fc3c7e82b2a7a5d0aa331aba8471f6f184e757c9e59f1b07454	match	
topo143	2f904a16a98b29cfe538cd26e9b491c89f39c1ecd3701f2c977337fcbc5dab74	2f904a16a98b29cfe538cd26e9b491c89f39c1ecd3701f2c977337fcbc5dab74	match	
topo144	c3da1a497df6fe0d1afa4af2cf05e7e7e5b55db6d32d68be5d1f8b571c5520cd	c3da1a497df6fe0d1afa4af2cf05e7e7e5b55db6d32d68be5d1f8b571c5520cd	match	
topo145	3883ccd5a282b663bc2632719050b42ec24dd71e3cb8c1f06d67fc90e6947400	3883ccd5a282b663bc2632719050b42ec24dd71e3cb8c1f06d67fc90e6947400	match	
topo146	18b985772faa1bd24c6d199802a6b09f623f3a220f94d995e127fe66be49c7f6	18b985772faa1bd24c6d199802a6b09f623f3a220f94d995e127fe66be49c7f6	match	
topo147	360716b3ca4a6ca4853e4da18a1b78a9abdb9a6cfe6eb07c2245127ecdd617cc	360716b3ca4a6ca4853e4da18a1b78a9abdb9a6cfe6eb07c2245127ecdd617cc	match	
topo148	960b1896c465cdb78085fcc1c56f9a8fe4087bfd37e5b4f0b423e9d12b89e63f	960b1896c465cdb78085fcc1c56f9a8fe4087bfd37e5b4f0b423e9d12b89e63f	match	
topo149	e6b55eeb6463291eb3364a8fbe44d22830e30447b8b068c526be2f2f9e704d64	e6b55eeb6463291eb3364a8fbe44d22830e30447b8b068c526be2f2f9e704d64	match	
topo150	2f4548da480a747d4a2859e2b47a5f18c848ae984beca47f90cb3981b0a4bfdd	2f4548da480a747d4a2859e2b47a5f18c848ae984beca47f90cb3981b0a4bfdd	match	
topo151	dadb8cf8ce58a43da5b0ea3666c219002f0fdb8e15467a950c347e1c3f135d4e	dadb8cf8ce58a43da5b0ea3666c219002f0fdb8e15467a950c347e1c3f135d4e	match	
topo152	c73fc43ff9d8fbd1878eeb2382b8c54c735488f5e9b2606fc51a6af3fa084fab	c73fc43ff9d8fbd1878eeb2382b8c54c735488f5e9b2606fc51a6af3fa084fab	match	
topo153	0911cb8281c46f1ddc90702bdda48cca9d840b9c9037fce09914231af025676a	0911cb8281c46f1ddc90702bdda48cca9d840b9c9037fce09914231af025676a	match	
topo154	9839913f73502173eebba618e3c89f5eda5e6a0c4630cc6a71e63409f9c12c7f	9839913f73502173eebba618e3c89f5eda5e6a0c4630cc6a71e63409f9c12c7f	match	
topo155	ff7102aff3f283cff4c59826167e0bb2aaf3b47740293e1bc248c8990a53e0d9	ff7102aff3f283cff4c59826167e0bb2aaf3b47740293e1bc248c8990a53e0d9	match	
topo156	fcd5c72926ad7def56dc21913417aa98f5a3fd07f814a36da5c6f2b98c67e41d	fcd5c72926ad7def56dc21913417aa98f5a3fd07f814a36da5c6f2b98c67e41d	match	
topo157	52286ec11cb34616e7767da8ed1343970181b7cb86d423fa909acb66471b56a4	52286ec11cb34616e7767da8ed1343970181b7cb86d423fa909acb66471b56a4	match	
topo158	cf748965efad5c6c2a896d2512a727d6d5c87fd77b9ed36dba2a47303d268b57	cf748965efad5c6c2a896d2512a727d6d5c87fd77b9ed36dba2a47303d268b57	match	
topo159	d558cf19ab0773c72a6564f8e217b29ab26d0debe69ee883c78e5ee059bc5a0e	d558cf19ab0773c72a6564f8e217b29ab26d0debe69ee883c78e5ee059bc5a0e	match	
topo160	1d52cee1b8d01f5d8beedb924dfeef106e27f48a3c618a1f645654b4ef062b57	1d52cee1b8d01f5d8beedb924dfeef106e27f48a3c618a1f645654b4ef062b57	match	
topo161	c2cb707e5551c934fd5dee97f5d9da96adac9d0ee1df9bc97a27308b2aa866e0	c2cb707e5551c934fd5dee97f5d9da96adac9d0ee1df9bc97a27308b2aa866e0	match	
topo162	f4ada6388f757542f79a2b89f762b795e0db562bbf1eb0eb815bbe21b32ed535	f4ada6388f757542f79a2b89f762b795e0db562bbf1eb0eb815bbe21b32ed535	match	
topo163	8f10944302e4d6f1c236ace781068dcaaf6e5200cf0b5edeaaaf409852b43256	8f10944302e4d6f1c236ace781068dcaaf6e5200cf0b5edeaaaf409852b43256	match	
topo164	d1f93696960d815bf4e4e195a8b6165330a3df0427f317fb024b5a50287349ea	d1f93696960d815bf4e4e195a8b6165330a3df0427f317fb024b5a50287349ea	match	
topo165	8c87017e39c482114f190339619aa25a91e221d1ca9d879c35e2437a65259a61	8c87017e39c482114f190339619aa25a91e221d1ca9d879c35e2437a65259a61	match	
topo166	98353f90007b90e37f66778a30bb1623c067bd01b0ece9ca82946b460b11a9e6	98353f90007b90e37f66778a30bb1623c067bd01b0ece9ca82946b460b11a9e6	match	
topo167	d3a4745ae44104c0e6c5bd45f889e55200c161617f7ffdec4d5a2696d4e2de79	d3a4745ae44104c0e6c5bd45f889e55200c161617f7ffdec4d5a2696d4e2de79	match	
topo168	305ebd726ef8d5a92ef4d571ea0c3deb8dead247fab197d4de7a0770234dea5a	305ebd726ef8d5a92ef4d571ea0c3deb8dead247fab197d4de7a0770234dea5a	match	
topo169	53e7781fe9f2c35c6638e088cc36312e4ce568d478aecc0fbf3b91f226a39fae	53e7781fe9f2c35c6638e088cc36312e4ce568d478aecc0fbf3b91f226a39fae	match	
topo170	5878036d097556c52a4c9c6d8484301fcd40d8ba1a40740d6eb6c90e7d6b8ee6	5878036d097556c52a4c9c6d8484301fcd40d8ba1a40740d6eb6c90e7d6b8ee6	match	
topo171	e06ea59b068b1345ac27d91df969b8ab6ce6636592ce9f544119f7d4eccf3859	e06ea59b068b1345ac27d91df969b8ab6ce6636592ce9f544119f7d4eccf3859	match	
topo172	fd3900d1ccc0fe3d9e64a89e93fbc4ab5b326340b5953ad02b501ce5e7c2ada5	fd3900d1ccc0fe3d9e64a89e93fbc4ab5b326340b5953ad02b501ce5e7c2ada5	match	
topo173	91fa78cc75baa1327f744c1e504a543dd212cc6b51c0c65b7e01c8a6e5c7b30c	91fa78cc75baa1327f744c1e504a543dd212cc6b51c0c65b7e01c8a6e5c7b30c	match	
topo174	8c9d5694a7e42fff2b05d3ddbbd1482971909e590e237a79222d85ae343a3ed9	8c9d5694a7e42fff2b05d3ddbbd1482971909e590e237a79222d85ae343a3ed9	match	
topo175	97b44fd0daf03737f4bf4e7caa303cafb7f16b778f3b2ade6942ecc1cc9981b5	97b44fd0daf03737f4bf4e7caa303cafb7f16b778f3b2ade6942ecc1cc9981b5	match	
topo176	90a2022bd362e2e54672aa8f159782b78db9eabe6e57e7fdd7bcf3c22a33d27f	90a2022bd362e2e54672aa8f159782b78db9eabe6e57e7fdd7bcf3c22a33d27f	match	
topo177	3543a788ab693b410545b704b1de31fe2f19c7234283fa308d9c7bd26eeac72c	3543a788ab693b410545b704b1de31fe2f19c7234283fa308d9c7bd26eeac72c	match	
topo178	d32ecf2bcf03c38fa8217640b8f35bee2834df1b9ac288be7a1abe2c878790fd	d32ecf2bcf03c38fa8217640b8f35bee2834df1b9ac288be7a1abe2c878790fd	match	
topo179	eccf90c31f3f131f206b3d79dae912d153573e672ec0582582ca09286329cfe0	eccf90c31f3f131f206b3d79dae912d153573e672ec0582582ca09286329cfe0	match	
topo180	260f04c57f28914e121ce66182b9557c70bcada9dde928eafaafa5b355509b51	260f04c57f28914e121ce66182b9557c70bcada9dde928eafaafa5b355509b51	match	
topo181	c8de33f53bc259efa2c4b4b4ae507cf7e943c7a54e2f6953520843ba0c6622f5	c8de33f53bc259efa2c4b4b4ae507cf7e943c7a54e2f6953520843ba0c6622f5	match	
topo182	283274b54395e3d4c4d2b6cafca1d3075d88fe9324900d7ac99c24c07b662694	283274b54395e3d4c4d2b6cafca1d3075d88fe9324900d7ac99c24c07b662694	match	
topo183	4d31524118ac540aefe6dbb6e45eadae56398d43896218ec9e7e1edaa850e7ef	4d31524118ac540aefe6dbb6e45eadae56398d43896218ec9e7e1edaa850e7ef	match	
topo184	d5224522c4ce0f1a75421d2797622f517becf79197222ec9237df01fbcf12354	d5224522c4ce0f1a75421d2797622f517becf79197222ec9237df01fbcf12354	match	
topo185	9bc668d834e8cbd88fd80588e93cffae91a7ff7ffc9ad6f430ae2d04ce852c89	9bc668d834e8cbd88fd80588e93cffae91a7ff7ffc9ad6f430ae2d04ce852c89	match	
topo186	6c1d8e623e479f0ff74f34ea4bb39b5d969a62808c84cbab0697b3bd042a56a2	6c1d8e623e479f0ff74f34ea4bb39b5d969a62808c84cbab0697b3bd042a56a2	match	
topo187	20f3c0be0615b8726330ab55f5ad1f20dc41addc468bb32bd2b6b728448975f4	20f3c0be0615b8726330ab55f5ad1f20dc41addc468bb32bd2b6b728448975f4	match	
topo188	6f87cc621432a97b78f3b956f605121552b38767cd95ae5e08dd9dde1631cc12	6f87cc621432a97b78f3b956f605121552b38767cd95ae5e08dd9dde1631cc12	match	
topo189	17ab59e8068d932c8c2bd2adbdbc842e710542970110096ed607da2d8b2942c1	17ab59e8068d932c8c2bd2adbdbc842e710542970110096ed607da2d8b2942c1	match	
topo190	653a6c2a2a57d8abcffae8eebdaa8bc5c794a7df65f236440f0dfb1a686e77da	653a6c2a2a57d8abcffae8eebdaa8bc5c794a7df65f236440f0dfb1a686e77da	match	
topo191	6295e6c9de77d4300d88c8ce603615ce7922c5312e0b9048a13182ed34276fcd	6295e6c9de77d4300d88c8ce603615ce7922c5312e0b9048a13182ed34276fcd	match	
topo192	8a74c628933ef72640a642068fbee2c209757877b1506529bfe28bef4151c172	8a74c628933ef72640a642068fbee2c209757877b1506529bfe28bef4151c172	match	
topo193	b663cfd30210151084cbfd81458c37046cf60c89a7b62d976f88e9b9a2a822ab	b663cfd30210151084cbfd81458c37046cf60c89a7b62d976f88e9b9a2a822ab	match	
topo194	b6d9ca0b6858205500264e7b32c3012ecef49b5017278886a40caadc33df8ee1	b6d9ca0b6858205500264e7b32c3012ecef49b5017278886a40caadc33df8ee1	match	
topo195	87554835ef1a9913442bcf78ae2754b5984a04586a71076f793190942846dfb3	87554835ef1a9913442bcf78ae2754b5984a04586a71076f793190942846dfb3	match	
topo196	1ba50c7af56ece1c2d0c02c153ddb753e04711f5ab300da2f5231acf55a6b1e6	1ba50c7af56ece1c2d0c02c153ddb753e04711f5ab300da2f5231acf55a6b1e6	match	
topo197	1078c31d7f53f265261e5deb2e5a01f6d83402196b2314e15434542f3a0ccff7	1078c31d7f53f265261e5deb2e5a01f6d83402196b2314e15434542f3a0ccff7	match	
topo198	b33e6761f3a39d3e948588e9f7e49460785268eadeae08c7b767f0fe3e261ff2	b33e6761f3a39d3e948588e9f7e49460785268eadeae08c7b767f0fe3e261ff2	match	
topo199	3dcd3226054b5feebcbebdcac2b1f390833caf807fffb811871fc1453ac5d23e	3dcd3226054b5feebcbebdcac2b1f390833caf807fffb811871fc1453ac5d23e	match	
topo200	5868bd345cc4ffca48c0113d3e9ae0470d922773a7e44be3d1627fed22af50da	5868bd345cc4ffca48c0113d3e9ae0470d922773a7e44be3d1627fed22af50da	match	
topo201	f26dfd7c60336e3aaf7384ed5ac887998b5f9e6d9ba38f044f9904858b10c1e3	f26dfd7c60336e3aaf7384ed5ac887998b5f9e6d9ba38f044f9904858b10c1e3	match	
topo202	c10643d36b74820dc8c8bac61aca8facebece35b0f40ddd505f715b138a7899f	c10643d36b74820dc8c8bac61aca8facebece35b0f40ddd505f715b138a7899f	match	
topo203	39516d253288a033ff03b989c9298dad618863dfbe9fc329c40768dbfa9e4368	39516d253288a033ff03b989c9298dad618863dfbe9fc329c40768dbfa9e4368	match	
topo204	0d9220a90311c7c18e35c7941f5580151003f97b0011be5402a11592fb42d4c5	0d9220a90311c7c18e35c7941f5580151003f97b0011be5402a11592fb42d4c5	match	
topo205	36ca8881f949a5ae3ad392787f1164740fb0e668658183f7b62a35d7e960719d	36ca8881f949a5ae3ad392787f1164740fb0e668658183f7b62a35d7e960719d	match	
topo206	e19450e0cf09ef7eca2b4d7d7573401587fb2fd20a6eca27ce7535ad7823cce7	e19450e0cf09ef7eca2b4d7d7573401587fb2fd20a6eca27ce7535ad7823cce7	match	
topo207	4fd0be0816f54077e4abc79ae82177a16b6cd11524d2997a8f4079ddeeeb2359	4fd0be0816f54077e4abc79ae82177a16b6cd11524d2997a8f4079ddeeeb2359	match	
topo208	65bf15a4ed74e8aa7c4eb2c1c22678caf1adfca5173a1059b5c06ad611a52903	65bf15a4ed74e8aa7c4eb2c1c22678caf1adfca5173a1059b5c06ad611a52903	match	
topo209	4a7a09c26abc48feede81c7a21f0870d1906e125c959451b9f96707650a25b23	4a7a09c26abc48feede81c7a21f0870d1906e125c959451b9f96707650a25b23	match	
topo210	a761a483359816b4bda2b8b10a15ac88029d6048470621ce1243fe2f8f7733ad	a761a483359816b4bda2b8b10a15ac88029d6048470621ce1243fe2f8f7733ad	match	
topo211	ec0a659789684159ced42117ae12ded6f676d71796416336f3b1be1643424507	ec0a659789684159ced42117ae12ded6f676d71796416336f3b1be1643424507	match	
topo212	e61f7c0ce47d9759c4627d57a89daa8f19a3c9025693cdd568e135135c00fe3a	e61f7c0ce47d9759c4627d57a89daa8f19a3c9025693cdd568e135135c00fe3a	match	
topo213	884c7fc61a9c2db56db6845e042408dff381062681ff37301eeb3c08d7ef2aa9	884c7fc61a9c2db56db6845e042408dff381062681ff37301eeb3c08d7ef2aa9	match	
topo214	b2a5bfb7e671a7f1e392e9476f93afed8da0caf8680fc45935a56a7df856ff12	b2a5bfb7e671a7f1e392e9476f93afed8da0caf8680fc45935a56a7df856ff12	match	
topo215	c7be9f1f0099180bf48175dc3781efcd7169cbcc9765699aa9a802b858b0204d	c7be9f1f0099180bf48175dc3781efcd7169cbcc9765699aa9a802b858b0204d	match	
topo216	ba77334da10dc16c2db84b25ff86ea7bce650e49988358649868c190dd155ad0	ba77334da10dc16c2db84b25ff86ea7bce650e49988358649868c190dd155ad0	match	
topo217	6a729d9078791c5073fa1d7489f29b4da57ff20568b060bbdd45b2d9cc914200	6a729d9078791c5073fa1d7489f29b4da57ff20568b060bbdd45b2d9cc914200	match	
topo218	adfa07204ef57a905b0740e697115c9da79e76ddb8c5d1738feca2bebe2a347d	adfa07204ef57a905b0740e697115c9da79e76ddb8c5d1738feca2bebe2a347d	match	
topo219	42bb91854305f6137b74818f0cca5c354fa386739563fbdd7cb10380b9222d6c	42bb91854305f6137b74818f0cca5c354fa386739563fbdd7cb10380b9222d6c	match	
topo220	01a5b4f061a5ad7fbb33e0ffa62576491fab74110e0983b55ac47f22f9b00869	01a5b4f061a5ad7fbb33e0ffa62576491fab74110e0983b55ac47f22f9b00869	match	
topo221	4c788079bd89e47c5763d5e7a56923019256b63b71d85a8e7060ee8f18755a33	4c788079bd89e47c5763d5e7a56923019256b63b71d85a8e7060ee8f18755a33	match	
topo222	84ef12fba64ed500786a7f1f9b206629de161009d640fc7729a1ea368b5a4807	84ef12fba64ed500786a7f1f9b206629de161009d640fc7729a1ea368b5a4807	match	
topo223	baa9e6340d78cd5ec00dd1791e0adac64ae32454025ad0cc35b7c3765f260210	baa9e6340d78cd5ec00dd1791e0adac64ae32454025ad0cc35b7c3765f260210	match	
topo224	150107183ae61af67a6d39f49efcbe7564bebb5738d5a37c7a2c9f6b31cafaf0	150107183ae61af67a6d39f49efcbe7564bebb5738d5a37c7a2c9f6b31cafaf0	match	
topo225	1d210bddc030ad20d1413455177ef9d556e4c4d66a810d73a2d77621731a26e9	1d210bddc030ad20d1413455177ef9d556e4c4d66a810d73a2d77621731a26e9	match	
topo226	6ca0760da7701a0c6d69575ba464619c703b3affdb69785837c4e4196e7f0ff3	6ca0760da7701a0c6d69575ba464619c703b3affdb69785837c4e4196e7f0ff3	match	
topo227	052fb34efb0cc2871b54b20a951265493abb16cbe30f6a9f5bdd07fb5b542955	052fb34efb0cc2871b54b20a951265493abb16cbe30f6a9f5bdd07fb5b542955	match	
topo228	d11e448bb601cc4782c1a9a376b2caf526c3cf499fb51186677d4e727b784911	d11e448bb601cc4782c1a9a376b2caf526c3cf499fb51186677d4e727b784911	match	
topo229	a7a5dfcd6102bc93ea0df6c62c6aafeeb01b637b0237b2d53c7b8c0fd9e3d5e7	a7a5dfcd6102bc93ea0df6c62c6aafeeb01b637b0237b2d53c7b8c0fd9e3d5e7	match	
topo230	3bc49bcb46db099d9e724e9913429d9c452069206e1b686d480e68424db2a01a	3bc49bcb46db099d9e724e9913429d9c452069206e1b686d480e68424db2a01a	match	
topo231	89163a61c829598f9901e4a077e7ca1c847fc927bd221f28fdcf0f2cc0b01025	89163a61c829598f9901e4a077e7ca1c847fc927bd221f28fdcf0f2cc0b01025	match	
topo232	743455a59634b3705461a709f5732c17c62ec6eb9bd361e9333166bfb3999a9f	743455a59634b3705461a709f5732c17c62ec6eb9bd361e9333166bfb3999a9f	match	
topo233	bef9f79cec39c641bf8b8f95ee396a5ff09635fd93713240f76947fc69960cdb	bef9f79cec39c641bf8b8f95ee396a5ff09635fd93713240f76947fc69960cdb	match	
topo234	742b2c5411eabaf345e345260f7d2c3cff317ba0949a43a28a49a42a2aaa61c3	742b2c5411eabaf345e345260f7d2c3cff317ba0949a43a28a49a42a2aaa61c3	match	
topo235	39d1c3489bed616b2798fdced6de80fbb1542b541fde7f7d0a15257a7e7fa6ad	39d1c3489bed616b2798fdced6de80fbb1542b541fde7f7d0a15257a7e7fa6ad	match	
topo236	69b60b81a5101f2a0e3f9dfa2222b79a8fb6c4bcab6bbe7ca05b9e4a4d5c6f1f	69b60b81a5101f2a0e3f9dfa2222b79a8fb6c4bcab6bbe7ca05b9e4a4d5c6f1f	match	
topo237	377ef746dfd026205b87f14419bcf539108471772ebc4cee257045f47dfd0898	377ef746dfd026205b87f14419bcf539108471772ebc4cee257045f47dfd0898	match	
topo238	6c4a84d658436639eabf8b2e00f252304817c855b5e6c49136cea8e4c5d9746a	6c4a84d658436639eabf8b2e00f252304817c855b5e6c49136cea8e4c5d9746a	match	
topo239	b7d8947041398af35509f39a1d5c4133986cff3edc318453dc0795aa458bc487	b7d8947041398af35509f39a1d5c4133986cff3edc318453dc0795aa458bc487	match	
topo240	9f982354688909f67521bcdcf39e3a7b37d49e1e81dff5cffa8882b15a72f9fe	9f982354688909f67521bcdcf39e3a7b37d49e1e81dff5cffa8882b15a72f9fe	match	
topo241	07354dc44536427c52e68a0f0c0bef3556869cceba5a94aa7df25fee448447f2	07354dc44536427c52e68a0f0c0bef3556869cceba5a94aa7df25fee448447f2	match	
topo242	716d769e1bfdf0b56846651d34b8d515ae8ce97ddeff937a1e237b979c258cd0	716d769e1bfdf0b56846651d34b8d515ae8ce97ddeff937a1e237b979c258cd0	match	
topo243	4f22eba053f375cf8ea33fe3c22228a8fa796e09fa255f54ec6de1027c397607	4f22eba053f375cf8ea33fe3c22228a8fa796e09fa255f54ec6de1027c397607	match	
topo244	84c323ad7f7cbf4e91ec530b3fb0d962eb0cb9342f265178c96d5efe4ade5411	84c323ad7f7cbf4e91ec530b3fb0d962eb0cb9342f265178c96d5efe4ade5411	match	
topo245	bb8172290d1381df072e2351b053127e58fd4cb62ff51907608c0e9b32799e8d	bb8172290d1381df072e2351b053127e58fd4cb62ff51907608c0e9b32799e8d	match	
topo246	3602cb66ae92a29dd0361c491ae383de7986003c10e2678807104ef6944b8358	3602cb66ae92a29dd0361c491ae383de7986003c10e2678807104ef6944b8358	match	
topo247	b6949c6fe88de43ec63e2080f9f9c9ddc2a5667e0d8c1205145aa135c22ea6c0	b6949c6fe88de43ec63e2080f9f9c9ddc2a5667e0d8c1205145aa135c22ea6c0	match	
topo248	a67c247cce8e36264814aa2b128c760ea4aa3b4c9bef9f3ed2f1f5e2e4808d90	a67c247cce8e36264814aa2b128c760ea4aa3b4c9bef9f3ed2f1f5e2e4808d90	match	
topo249	3c31afd2278a563773563cbc86460882decf0a7f028ae9dac9ae6cba5a8b0740	3c31afd2278a563773563cbc86460882decf0a7f028ae9dac9ae6cba5a8b0740	match	
topo250	f07312eb7ffb080af25a7625cd5a014014463c000578d1740d880f446ace9fe2	f07312eb7ffb080af25a7625cd5a014014463c000578d1740d880f446ace9fe2	match	
topo251	e79b003bdf32641b430786274c0d9380c80f2418bf734ed1e934dc90cfc5b0c7	e79b003bdf32641b430786274c0d9380c80f2418bf734ed1e934dc90cfc5b0c7	match	
topo252	5b08eeaba4ea204b79b1b83f48709383782f478aff5f9d95b5973465eba39faa	5b08eeaba4ea204b79b1b83f48709383782f478aff5f9d95b5973465eba39faa	match	
topo253	561c653a555a0997823fb80012a0adb1119aae583fdb2f644ddf134267d863df	561c653a555a0997823fb80012a0adb1119aae583fdb2f644ddf134267d863df	match	
topo254	1803403767782a6f356f3ac5fe77a2f12107e6314d036a04f0abc24e44a9b938	1803403767782a6f356f3ac5fe77a2f12107e6314d036a04f0abc24e44a9b938	match	
topo255	b76541cc6cc40e43d7563bffb95aee7497a2b403e807e14ed33653b9c461b1b3	b76541cc6cc40e43d7563bffb95aee7497a2b403e807e14ed33653b9c461b1b3	match	
topo256	2d8bbda263bc6799d7d8dbc9f2601669db3753f80ab834a3208629ed3e8cb9ac	2d8bbda263bc6799d7d8dbc9f2601669db3753f80ab834a3208629ed3e8cb9ac	match	
topo257	455df2c0182c3d1f2eb8afdded2d1b2b9ec68b1d3c4813e471897b1182a86887	455df2c0182c3d1f2eb8afdded2d1b2b9ec68b1d3c4813e471897b1182a86887	match	
topo258	6a4836b0dae6c0d83413a6a3af81c0a6ff2452abff72fbe75f4928623c466769	6a4836b0dae6c0d83413a6a3af81c0a6ff2452abff72fbe75f4928623c466769	match	
topo259	5add3fbb77d07c4024126a1c6c74dd677bb8cb1259d54a63c937e5ae20e8399f	5add3fbb77d07c4024126a1c6c74dd677bb8cb1259d54a63c937e5ae20e8399f	match	
topo260	78dec8b122b43142682b0d238a01f3cc2963e2cef31169d00a8af966cb4517b0	78dec8b122b43142682b0d238a01f3cc2963e2cef31169d00a8af966cb4517b0	match	
topo261	6a4e5d001d15c159e7d81fc6e1a4a23b5af9faf4d4607885b47fbdcb4bbda908	6a4e5d001d15c159e7d81fc6e1a4a23b5af9faf4d4607885b47fbdcb4bbda908	match	
topo262	3c0e3b8f4b19a4d7953f6db59fb7b7732fc51c710ac2b33ebfdc8314e26e9a61	3c0e3b8f4b19a4d7953f6db59fb7b7732fc51c710ac2b33ebfdc8314e26e9a61	match	
topo263	f051a63d878fca63100d42ecff63dd5e7334177fd7f32c706686fc5abc7e092f	f051a63d878fca63100d42ecff63dd5e7334177fd7f32c706686fc5abc7e092f	match	
topo264	f5878c5a0c805697c22684e1d8437280f07861a92f3a30e4c8332763ee4c3991	f5878c5a0c805697c22684e1d8437280f07861a92f3a30e4c8332763ee4c3991	match	
topo265	fb2da7ab1ee2a406590668e4b4bbb502db759669cd3049273e3d189602c57083	fb2da7ab1ee2a406590668e4b4bbb502db759669cd3049273e3d189602c57083	match	
topo266	be3cc92ad5782234e2090b02b6b94088e6d9fea4e27b3725069c26030156844f	be3cc92ad5782234e2090b02b6b94088e6d9fea4e27b3725069c26030156844f	match	
topo267	49398c61a066d4d51f376364d6849af08d1701b8678fdb35927326773a978509	49398c61a066d4d51f376364d6849af08d1701b8678fdb35927326773a978509	match	
topo268	44a4dc47db72e5af8e4026095027bba43dca96e9f701bf70902530fa4c13d023	44a4dc47db72e5af8e4026095027bba43dca96e9f701bf70902530fa4c13d023	match	
topo269	34b53d7f0c7be6d22fd35f136628c4d5ba2b6c9fd097e700dca85b7a931bbe1c	34b53d7f0c7be6d22fd35f136628c4d5ba2b6c9fd097e700dca85b7a931bbe1c	match	
topo270	3cc936123e59cb198d9ffeca94fe7836d0027c27550488f0c25878f37d8580af	3cc936123e59cb198d9ffeca94fe7836d0027c27550488f0c25878f37d8580af	match	
topo271	cabbf0e044d295bf4f7201db39370cdfb1c966d9622da51556df4427a1fc985b	cabbf0e044d295bf4f7201db39370cdfb1c966d9622da51556df4427a1fc985b	match	
topo272	d4a49e5d548ad3d79d23ad7c8ea59fe207260a11ae40bbe4b945e79271dd4ed1	d4a49e5d548ad3d79d23ad7c8ea59fe207260a11ae40bbe4b945e79271dd4ed1	match	
topo273	81c00548253752836f574fba71dfa566107a64249d660df4a427a1ec65ba6ac1	81c00548253752836f574fba71dfa566107a64249d660df4a427a1ec65ba6ac1	match	
topo274	7963d42e02b2da8309706fca982abe1934e06bfd9ce4f8670e6f1de5895b52c4	7963d42e02b2da8309706fca982abe1934e06bfd9ce4f8670e6f1de5895b52c4	match	
topo275	d3ce00b6ccd9029cfb188754fa5c512d5d229bd35bd41aedc9d36b535a109b55	d3ce00b6ccd9029cfb188754fa5c512d5d229bd35bd41aedc9d36b535a109b55	match	
topo276	f6731d5c4c42b2b5248d3c466bba26ce1d8ae706a50222a88f52e74223e6132f	f6731d5c4c42b2b5248d3c466bba26ce1d8ae706a50222a88f52e74223e6132f	match	
topo277	03e11bf82a6e4c50baa8ff74b8ec5d7941841110d8dc13a90562f5429c93f068	03e11bf82a6e4c50baa8ff74b8ec5d7941841110d8dc13a90562f5429c93f068	match	
topo278	c2fc49ad26e0818a2b899800b40bc6781f8fb227f778c1a3b6e66f1d627c0c59	c2fc49ad26e0818a2b899800b40bc6781f8fb227f778c1a3b6e66f1d627c0c59	match	
topo279	a7fe9b0adf6ff62e0f8f23e39660fab6e33f1a48c93d18c6a41cea58f5fc4c1d	a7fe9b0adf6ff62e0f8f23e39660fab6e33f1a48c93d18c6a41cea58f5fc4c1d	match	
topo280	f847f43677dd7353412867455d929141690bbddf2b8aa006e7a79bad65dbf6f5	f847f43677dd7353412867455d929141690bbddf2b8aa006e7a79bad65dbf6f5	match	
topo281	097878073ac3036026d0bd366002ef3e3185ac59ccf0a0e8b21792b16ce7a223	097878073ac3036026d0bd366002ef3e3185ac59ccf0a0e8b21792b16ce7a223	match	
topo282	3a5cfed6f63462df2adb74d8a70c1440db1537a9a3e422f31b4529053dfd9ecf	3a5cfed6f63462df2adb74d8a70c1440db1537a9a3e422f31b4529053dfd9ecf	match	
topo283	92d14b1d4e6721c483d662a3538c1c7f62138543ba59e893ca8b53a7f4a86b05	92d14b1d4e6721c483d662a3538c1c7f62138543ba59e893ca8b53a7f4a86b05	match	
topo284	7bf780abb4c7d6e0684a9bc676caa6490d32616653b70ef019bce4d140338f0f	7bf780abb4c7d6e0684a9bc676caa6490d32616653b70ef019bce4d140338f0f	match	
topo285	4c546fb0e4547a963fc9fb22d69d523edf8ec6af096a63919eadd88f4b2a12a7	4c546fb0e4547a963fc9fb22d69d523edf8ec6af096a63919eadd88f4b2a12a7	match	
topo286	35db181f4c949a1a05810ec337e2b71fcd847aedcb437b7a717e78832ab31114	35db181f4c949a1a05810ec337e2b71fcd847aedcb437b7a717e78832ab31114	match	
topo287	7e6300cdf14d18a7871af0904623f13aeabdf305af8576c2f18c667ee39bc03f	7e6300cdf14d18a7871af0904623f13aeabdf305af8576c2f18c667ee39bc03f	match	
topo288	eed64fccce8a4448df34f964894ebe6fda5f2599e5760e1fdc8775f9b38c7922	eed64fccce8a4448df34f964894ebe6fda5f2599e5760e1fdc8775f9b38c7922	match	
topo289	930832a57e1968286abd479cca57059e2e8b3abe2f97df78ecc2591367faf02b	930832a57e1968286abd479cca57059e2e8b3abe2f97df78ecc2591367faf02b	match	
topo290	f642bdba0a56c0c1ffdb8a53d30d604d8f7c7b60d63eb7b699046d22f969865f	f642bdba0a56c0c1ffdb8a53d30d604d8f7c7b60d63eb7b699046d22f969865f	match	
topo291	22c2a960f40bc62e7fd51e58c5b61931636635a440dff104a141b617dc4138ee	22c2a960f40bc62e7fd51e58c5b61931636635a440dff104a141b617dc4138ee	match	
topo292	be2dcdf2f7349d0381612c7a5ffaea89cffac91ebfac924a10144acb29c3d0d6	be2dcdf2f7349d0381612c7a5ffaea89cffac91ebfac924a10144acb29c3d0d6	match	
topo293	e6b7d01b510b1c317ff4d27dc2341dcf22166ac9f9cdd923a3c8f930808e0a5e	e6b7d01b510b1c317ff4d27dc2341dcf22166ac9f9cdd923a3c8f930808e0a5e	match	
topo294	a7c6c0ae0c7afe51823451fae64bb76010b7bc2395eca65a427cefaa9424c194	a7c6c0ae0c7afe51823451fae64bb76010b7bc2395eca65a427cefaa9424c194	match	
topo295	42394599c132f0d68facca4335dd99ebf6b82757e2160cfb67934c344d352ed8	42394599c132f0d68facca4335dd99ebf6b82757e2160cfb67934c344d352ed8	match	
topo296	8857ce8c699a79fedd67e1dafa89122865945686e56aa3292cdd41f0eb11d554	8857ce8c699a79fedd67e1dafa89122865945686e56aa3292cdd41f0eb11d554	match	
topo297	ed2bba68e02b96800f0bd7c9e89ab4c62526c6029ae32446de09a0f8185fc8fb	ed2bba68e02b96800f0bd7c9e89ab4c62526c6029ae32446de09a0f8185fc8fb	match	
topo298	7dbd64311ff813336c7bb9ce45bbd5769683622514bf1dbe950459d1c9308821	7dbd64311ff813336c7bb9ce45bbd5769683622514bf1dbe950459d1c9308821	match	
topo299	ff5b13858a54d997ad0d5536c6ca0abb9df86f9d07bdf69b0f2dfb276aaeb65d	ff5b13858a54d997ad0d5536c6ca0abb9df86f9d07bdf69b0f2dfb276aaeb65d	match	
topo300	86f37cec4f5c42d9c4f83fdb4a24250969ee3f4002f9d0a658f040587715618a	86f37cec4f5c42d9c4f83fdb4a24250969ee3f4002f9d0a658f040587715618a	match	
topo301	98f32ff1bb22d934b38513ab6e650e6cb07f13d6240205f6197088ba20ec2f06	98f32ff1bb22d934b38513ab6e650e6cb07f13d6240205f6197088ba20ec2f06	match	
topo302	16f1fc55ac2164494a14421000da730d387ec455604dc47e10bdcf07058a1767	16f1fc55ac2164494a14421000da730d387ec455604dc47e10bdcf07058a1767	match	
topo303	9d3324c3d2a4ab508f72cbe8012f105b4c748785cf26abd9c11f13969d3d409c	9d3324c3d2a4ab508f72cbe8012f105b4c748785cf26abd9c11f13969d3d409c	match	
topo304	7bb479563dbef77b0be180136c0bd49a3ee03eea9dc668e56f65b6a08d8e3032	7bb479563dbef77b0be180136c0bd49a3ee03eea9dc668e56f65b6a08d8e3032	match	
topo305	5dc7c2c90c268825a0c783beb49471af5cfc7faeaa91a0b7e0cd94244e6a02ae	5dc7c2c90c268825a0c783beb49471af5cfc7faeaa91a0b7e0cd94244e6a02ae	match	
topo306	e6a299efec7731bee87283389fa19c432ca48a04b5af801e337f0ff5227a149d	e6a299efec7731bee87283389fa19c432ca48a04b5af801e337f0ff5227a149d	match	
topo307	343572b63c4781728dd6a14e3d0dadfb57a53d4b033debcfaa570e6e9dd80023	343572b63c4781728dd6a14e3d0dadfb57a53d4b033debcfaa570e6e9dd80023	match	
topo308	ba2e448591181848be63bd322969593d2fe662f14f5a20cf70a0daaccc83b913	ba2e448591181848be63bd322969593d2fe662f14f5a20cf70a0daaccc83b913	match	
topo309	e2025c164079de1970f8b2e198a4451e3d64c9fa82d38c815500efa92ca0a243	e2025c164079de1970f8b2e198a4451e3d64c9fa82d38c815500efa92ca0a243	match	
topo310	d09ed8d0215a75de5527881e3fb0709c28ea3b8d55ca7cb8e8fce15389920c31	d09ed8d0215a75de5527881e3fb0709c28ea3b8d55ca7cb8e8fce15389920c31	match	
topo311	81ff82156df539a0e17af5eccf96600f7362efd2314d72e1e65d719e8611e71d	81ff82156df539a0e17af5eccf96600f7362efd2314d72e1e65d719e8611e71d	match	
topo312	c05f62a4b182a9df207a2ba0216e2e70736bce7bdf888fa5550cd103b6ca5d6a	c05f62a4b182a9df207a2ba0216e2e70736bce7bdf888fa5550cd103b6ca5d6a	match	
topo313	f56f8e28ded810137a3a2cc8dd0042508437df55d68da02ced44523feccd1c20	f56f8e28ded810137a3a2cc8dd0042508437df55d68da02ced44523feccd1c20	match	
topo314	9315aab54ae84d3bf43b44cd416b55a0690a64247202864c70286d219ac116f6	9315aab54ae84d3bf43b44cd416b55a0690a64247202864c70286d219ac116f6	match	
topo315	a867c6e7ba2451729bc402a6abcf18f7b35e643926a7c6ebca5998d402a084a2	a867c6e7ba2451729bc402a6abcf18f7b35e643926a7c6ebca5998d402a084a2	match	
topo316	abd45d9ac62afef80b4d560ad9ef112467932090499c7ca4940a0d25609693af	abd45d9ac62afef80b4d560ad9ef112467932090499c7ca4940a0d25609693af	match	
topo317	e51f340b9e781e9a014d782287e98f73fa192d8cca4dd6b49d736c67e1fa86c0	e51f340b9e781e9a014d782287e98f73fa192d8cca4dd6b49d736c67e1fa86c0	match	
topo318	c158b352d688134ad36b47bd990700b117d1c03605cadece61afec7fa195a0eb	c158b352d688134ad36b47bd990700b117d1c03605cadece61afec7fa195a0eb	match	
topo319	6581aed42fd069a78451084a78d3fde881336652a10ae73dda8e5212da2690df	6581aed42fd069a78451084a78d3fde881336652a10ae73dda8e5212da2690df	match	
topo320	ef5a42ebf576b41ef0e69840b5341e8f32dc6a8de9d9c45912b36fb81fc49daa	ef5a42ebf576b41ef0e69840b5341e8f32dc6a8de9d9c45912b36fb81fc49daa	match	
topo321	8dc2f9fedc5967d0d75e2fdbda1ac1e3d018bffe71b2b5d786cb5091099c50a1	8dc2f9fedc5967d0d75e2fdbda1ac1e3d018bffe71b2b5d786cb5091099c50a1	match	
topo322	5d6f9eff25022cc44b512b3a7f3f2fc416b3451ecbbabe488702d925e7ef3fa1	5d6f9eff25022cc44b512b3a7f3f2fc416b3451ecbbabe488702d925e7ef3fa1	match	
topo323	875dd154773ecddb9fe932af41b55a39b4ffa386e4d0b005f2eeb9ee3566f93d	875dd154773ecddb9fe932af41b55a39b4ffa386e4d0b005f2eeb9ee3566f93d	match	
topo324	3d292f11a99ec3dda6fd0fc6d4ee75707ad06674dd378b62739ea180dae19139	3d292f11a99ec3dda6fd0fc6d4ee75707ad06674dd378b62739ea180dae19139	match	
topo325	ac6156c91341260e57b86317440fa6212bbaea7261d9d11444fcfd79eddc4b86	ac6156c91341260e57b86317440fa6212bbaea7261d9d11444fcfd79eddc4b86	match	
topo326	bb9047b013261ad4ad988916801213a3839a443e7fa10da098a3aa5354b7fab5	bb9047b013261ad4ad988916801213a3839a443e7fa10da098a3aa5354b7fab5	match	
topo327	d14e1029a73ba4a0092c6cb42b84acda0ab472c9bc60788b0f17cf66b4120571	d14e1029a73ba4a0092c6cb42b84acda0ab472c9bc60788b0f17cf66b4120571	match	
topo328	123dcc45e12d172c26a543bf1ff9a949ae1e52334951ab1baf75b31ba9989aff	123dcc45e12d172c26a543bf1ff9a949ae1e52334951ab1baf75b31ba9989aff	match	
topo329	9908905122a56d81c0cb4ce70d8414b874ebf68addd88554c1a6f7959c7c60b0	9908905122a56d81c0cb4ce70d8414b874ebf68addd88554c1a6f7959c7c60b0	match	
topo330	9742ddf65f0044cbec8a3e1733119a311ad9448d4fe79ab69205b330fb984b05	9742ddf65f0044cbec8a3e1733119a311ad9448d4fe79ab69205b330fb984b05	match	
topo331	63403f49095e59df82c68de9b7db9b90360e77109a384d04cf96866fc0405c27	63403f49095e59df82c68de9b7db9b90360e77109a384d04cf96866fc0405c27	match	
topo332	2576e303398063e9bb21eb9120831fe7fbced0fd838e00217511d28c95abe49a	2576e303398063e9bb21eb9120831fe7fbced0fd838e00217511d28c95abe49a	match	
topo333	64827969057926a72b9990496fa115daaac1e7fcd0e254b6d73cda6064d175aa	64827969057926a72b9990496fa115daaac1e7fcd0e254b6d73cda6064d175aa	match	
topo334	5f26b1fe86853587b04662161654ca938546eb836a1f2c265b4ab1afaf8ce90b	5f26b1fe86853587b04662161654ca938546eb836a1f2c265b4ab1afaf8ce90b	match	
topo335	c06f230f3e42deebfd90ef277412844cef53e99d35cf1d5c2a86f5ea412911c9	c06f230f3e42deebfd90ef277412844cef53e99d35cf1d5c2a86f5ea412911c9	match	
topo336	8b4ef5dd0fdc9bafb3af8031c1258cb3db9bae8fce5b080e5706ced2b12d4de7	8b4ef5dd0fdc9bafb3af8031c1258cb3db9bae8fce5b080e5706ced2b12d4de7	match	
topo337	97b6cb9c2e627ddf6e3d90effdf8a2f827b0d3aeec8aab80dd940772b0b9967d	97b6cb9c2e627ddf6e3d90effdf8a2f827b0d3aeec8aab80dd940772b0b9967d	match	
topo338	73f7027be2a8e495dd28a3bd04179f7869326bf78cf29dcbbe1f6c185bbb41d3	73f7027be2a8e495dd28a3bd04179f7869326bf78cf29dcbbe1f6c185bbb41d3	match	
topo339	b55cb04512d11ef752eb8dd752609302cde600190c8d83a4d46cc0e7f71f5b82	b55cb04512d11ef752eb8dd752609302cde600190c8d83a4d46cc0e7f71f5b82	match	
topo340	21c773163619b2c14963dfe36b4682db5c8a4b65f1267ba8cda0effbb6d590f6	21c773163619b2c14963dfe36b4682db5c8a4b65f1267ba8cda0effbb6d590f6	match	
topo341	5f1ffc4beaf613423af26c72770a46bfb913fc77b8a76b015c840304b974ef18	5f1ffc4beaf613423af26c72770a46bfb913fc77b8a76b015c840304b974ef18	match	
topo342	a09a5cf11b47956d577ac2b9fc67079a02d021de7bfdb94ba6079ae9896f8852	a09a5cf11b47956d577ac2b9fc67079a02d021de7bfdb94ba6079ae9896f8852	match	
topo343	4e8d199216655ff91eb9eb75b962a667d9508d9d9160d7a262e91a35e3ce15ee	4e8d199216655ff91eb9eb75b962a667d9508d9d9160d7a262e91a35e3ce15ee	match	
topo344	94ad6b9669e5ced389067066b69d301f0f60ace4db5dcae530a7ef9dd3a4f08a	94ad6b9669e5ced389067066b69d301f0f60ace4db5dcae530a7ef9dd3a4f08a	match	
topo345	a286ef9be02b00c1a60831fab3b2cb7d59dc768da6d7233b2234e8852338665c	a286ef9be02b00c1a60831fab3b2cb7d59dc768da6d7233b2234e8852338665c	match	
topo346	0c4f030ac43ef91a39918545c30dd2b7d8f8b65e5e04faf9e0d2d3fb899d80ad	0c4f030ac43ef91a39918545c30dd2b7d8f8b65e5e04faf9e0d2d3fb899d80ad	match	
topo347	e40f3d94b952cdac013ccf81420622382b638c4b3793f7d2e68fe98d03752b02	e40f3d94b952cdac013ccf81420622382b638c4b3793f7d2e68fe98d03752b02	match	
topo348	e634f9d2d294e84ccdc28814cf559127013fd065a832361de0ec994553baefd3	e634f9d2d294e84ccdc28814cf559127013fd065a832361de0ec994553baefd3	match	
topo349	05733048038bbeb29283e6d6eefe9879e49d947f9fa94ca7f0bcbe6001967c48	05733048038bbeb29283e6d6eefe9879e49d947f9fa94ca7f0bcbe6001967c48	match	
topo350	03ee921752900843e3dc1c76f0b9ee014d3989299090f89e66bf59566192a32d	03ee921752900843e3dc1c76f0b9ee014d3989299090f89e66bf59566192a32d	match	
topo351	5a4dd41c459701e14e7577d17d3051085923f63e594632270f4bb95cb6323284	5a4dd41c459701e14e7577d17d3051085923f63e594632270f4bb95cb6323284	match	
topo352	1f675e907434d3a62155716310a3d25496cbfa5096c59df1a8fbc480628e5766	1f675e907434d3a62155716310a3d25496cbfa5096c59df1a8fbc480628e5766	match	
topo353	d8ef99e20bab136b4a9a5285c935e476c87525744b35c4daf60ff3279c59256c	d8ef99e20bab136b4a9a5285c935e476c87525744b35c4daf60ff3279c59256c	match	
topo354	d4357e4aabcbf6a2bcd41e72797a1a002ebd20a4a76937ebb678428be20ec1f4	d4357e4aabcbf6a2bcd41e72797a1a002ebd20a4a76937ebb678428be20ec1f4	match	
topo355	306a5afcb1cd06a42d2b2aeba8c5593a9401013cac7654cc7158b7b2e17e6c56	306a5afcb1cd06a42d2b2aeba8c5593a9401013cac7654cc7158b7b2e17e6c56	match	
topo356	bd98c03678b1aebad2e2b0635242001cc4d631ade864f814ea58b857242bfbb4	bd98c03678b1aebad2e2b0635242001cc4d631ade864f814ea58b857242bfbb4	match	
topo357	cf3d84b17e8f6ecfde642069a89bf1a848a6eddd3d77a499777b3b1e0b105df2	cf3d84b17e8f6ecfde642069a89bf1a848a6eddd3d77a499777b3b1e0b105df2	match	
topo358	568e43012bcdc7ce89190fde1334e7cb4e7e962e897e7c86da717d0d5ae37c1d	568e43012bcdc7ce89190fde1334e7cb4e7e962e897e7c86da717d0d5ae37c1d	match	
topo359	635816531910ddde31aa62e693187d5754679890ad1a1fc4fbc9f8c74fadcaab	635816531910ddde31aa62e693187d5754679890ad1a1fc4fbc9f8c74fadcaab	match	
topo360	3cfdb13c75b0dc56711412c76c920890b46e7a40363291ec7ea52525b840f7f3	3cfdb13c75b0dc56711412c76c920890b46e7a40363291ec7ea52525b840f7f3	match	
topo361	55751cf4aa9b20d3c85eda262ad568977533de1c3fe2af8b87f4cc67f2b802ed	55751cf4aa9b20d3c85eda262ad568977533de1c3fe2af8b87f4cc67f2b802ed	match	
topo362	3b86dd410979c7cf756fe2fde59ae75a3986b1b7cc87880a60ff350fa567e156	3b86dd410979c7cf756fe2fde59ae75a3986b1b7cc87880a60ff350fa567e156	match	
topo363	62f07c38f82970faebc67fc42456e0fce21a429e57961b7ec57ec3b074153f58	62f07c38f82970faebc67fc42456e0fce21a429e57961b7ec57ec3b074153f58	match	
topo364	0ea70e75242c541c34e1eed3ed1f0860d204d6506bb9bbc26f07a29876eaad96	0ea70e75242c541c34e1eed3ed1f0860d204d6506bb9bbc26f07a29876eaad96	match	
topo365	2f1557e08adf9cc993e46796c737f7a362d8076330207c3c08b73589af75b52e	2f1557e08adf9cc993e46796c737f7a362d8076330207c3c08b73589af75b52e	match	
topo366	c49346ad94dc5051b0da5012b3ebd91274408b29f9d7048302306e8c13c1e42c	c49346ad94dc5051b0da5012b3ebd91274408b29f9d7048302306e8c13c1e42c	match	
topo367	11ce8876f8f84c081b37971aee9e588dfe557761c8af74467d45b3227cea2d58	11ce8876f8f84c081b37971aee9e588dfe557761c8af74467d45b3227cea2d58	match	
topo368	4f84e2a1ded8642f5ce98f18be44fec3c474938f39f2014c3dc058fdf8c1ee9c	4f84e2a1ded8642f5ce98f18be44fec3c474938f39f2014c3dc058fdf8c1ee9c	match	
topo369	cba56afdbafd8575519d67b28cd3c140934bec466b84d97004b78d67e8a83602	cba56afdbafd8575519d67b28cd3c140934bec466b84d97004b78d67e8a83602	match	
topo370	4e389a276ecad39692cfb30e8ca71065e72692d683e53a4fceabd44a6bec71a4	4e389a276ecad39692cfb30e8ca71065e72692d683e53a4fceabd44a6bec71a4	match	
topo371	0b84bc3df53cbba2b4cc35a14ca0cca4e9e9f065eba139aafac61cce45ad5440	0b84bc3df53cbba2b4cc35a14ca0cca4e9e9f065eba139aafac61cce45ad5440	match	
topo372	76917f15e06a891a108e5885a963787fa177448b61d3c0e30a2c80dc2de71521	76917f15e06a891a108e5885a963787fa177448b61d3c0e30a2c80dc2de71521	match	
topo373	f069594ce0f05e0004f656373382cff9630d8f0fd3cd58532670664da0118f68	f069594ce0f05e0004f656373382cff9630d8f0fd3cd58532670664da0118f68	match	
topo374	f416e222e443c220718c9affa0b766292da1386ee4aa49e26a30a1ecce3a3974	f416e222e443c220718c9affa0b766292da1386ee4aa49e26a30a1ecce3a3974	match	
topo375	57e06d08d52aabc64a74f856377a4703d91616d226dac59b4d10773b2ed25cd4	57e06d08d52aabc64a74f856377a4703d91616d226dac59b4d10773b2ed25cd4	match	
topo376	e47ba64917dfa1af0322be49e80d434ec24e998f338bc98788d58d75d8d51afa	e47ba64917dfa1af0322be49e80d434ec24e998f338bc98788d58d75d8d51afa	match	
topo377	7032a5dd0689769c81786aeec39f0e9448eca4269a2070016ddc6b50a0937ee5	7032a5dd0689769c81786aeec39f0e9448eca4269a2070016ddc6b50a0937ee5	match	
topo378	6a291201ecefe86f4de82f62d3075868acd4097f4ac28006cffd0e4985185733	6a291201ecefe86f4de82f62d3075868acd4097f4ac28006cffd0e4985185733	match	
topo379	9253bf3fe266f1a4cabae525ee14ccc295326cb5bac25dabca5cb1840499b612	9253bf3fe266f1a4cabae525ee14ccc295326cb5bac25dabca5cb1840499b612	match	
topo380	417beb8997f6e58ab8519f2e99c4a7333d203dd330ff2f22f684a43e6d25cdec	417beb8997f6e58ab8519f2e99c4a7333d203dd330ff2f22f684a43e6d25cdec	match	
topo381	734b8ce334a04fe0aa8a09b11a4e95c2cc9bafd9f2e1cf3aa9f60e1a5611d6b1	734b8ce334a04fe0aa8a09b11a4e95c2cc9bafd9f2e1cf3aa9f60e1a5611d6b1	match	
topo382	dfa59b90c9b2eff5a80eea8040bcad7cc41927295f809994d74054a815c36a36	dfa59b90c9b2eff5a80eea8040bcad7cc41927295f809994d74054a815c36a36	match	
topo383	700ac4b426e24db75d5a7c6f09a713a29e55f54054b5edbe60b70cb4a9268a5d	700ac4b426e24db75d5a7c6f09a713a29e55f54054b5edbe60b70cb4a9268a5d	match	
topo384	49d6ad6e02f61c9c3a6946761fedd669da5799f470912578b23289815e2493e0	49d6ad6e02f61c9c3a6946761fedd669da5799f470912578b23289815e2493e0	match	
topo385	3013616a76f6b3cdc43843c27e74fd8544b1c80ab89b2a6fca0ca5b9891a996f	3013616a76f6b3cdc43843c27e74fd8544b1c80ab89b2a6fca0ca5b9891a996f	match	
topo386	2f7419acff105f95a99af9e4d69bb18c7c7abc2d8ce0be2ce242d872a22e3a9a	2f7419acff105f95a99af9e4d69bb18c7c7abc2d8ce0be2ce242d872a22e3a9a	match	
topo387	e70381e68918e2aa188de87652414f8abc7777a32dbc98ddf19828c5fdeb0dec	e70381e68918e2aa188de87652414f8abc7777a32dbc98ddf19828c5fdeb0dec	match	
topo388	ef338daeac51eab19af7de157be3d0e34d47a4bf030eab670b3a5a1e0cf1c319	ef338daeac51eab19af7de157be3d0e34d47a4bf030eab670b3a5a1e0cf1c319	match	
topo389	bb4b4b35d9b662e743ec01fa053ed41d23db47d57f1dc61a82c1297870ccb7df	bb4b4b35d9b662e743ec01fa053ed41d23db47d57f1dc61a82c1297870ccb7df	match	
topo390	4e048813a405e7d8d6dbc19530fa5eed1e905fe89c10c42657b3c9343260b05b	4e048813a405e7d8d6dbc19530fa5eed1e905fe89c10c42657b3c9343260b05b	match	
topo391	7df4788d8df987062c3ea36b265d1abef2529f0d04032380a4d41512af7e7790	7df4788d8df987062c3ea36b265d1abef2529f0d04032380a4d41512af7e7790	match	
topo392	9a0b1e6be29e91edc7bdd9289e6420d0af2cd1d6b38d27ab09455ec36ef5bac2	9a0b1e6be29e91edc7bdd9289e6420d0af2cd1d6b38d27ab09455ec36ef5bac2	match	
topo393	148f249488bf08e134e3aa3b429bbbdfd8d0db07d47bbe4d5b19e0ba6c2eeeee	148f249488bf08e134e3aa3b429bbbdfd8d0db07d47bbe4d5b19e0ba6c2eeeee	match	
topo394	6eecba19742623754c1637ec614e92248d9ed5df42a3829d854aad420d6217e3	6eecba19742623754c1637ec614e92248d9ed5df42a3829d854aad420d6217e3	match	
topo395	459a220716c45f75d347d73164fe5a06fafd104fe4d3e9a1825fcec4dae7cfdd	459a220716c45f75d347d73164fe5a06fafd104fe4d3e9a1825fcec4dae7cfdd	match	
topo396	7440c4f58fd5571071fd13a9d1389fa3877366c2d924560ef6c069654bcb8c8a	7440c4f58fd5571071fd13a9d1389fa3877366c2d924560ef6c069654bcb8c8a	match	
topo397	97befdaaa770ae7986f96c2c89b6f3f951b43f0aed5d1e82c10af9433b5299bd	97befdaaa770ae7986f96c2c89b6f3f951b43f0aed5d1e82c10af9433b5299bd	match	
topo398	f665b7b3ed68fcc6730720d0d3c983e597e164f95a074925f93be528e4c335bc	f665b7b3ed68fcc6730720d0d3c983e597e164f95a074925f93be528e4c335bc	match	
topo399	7bcc047a8414eb7c2a4a363837cd7001311f122256fa86b467575091be09cbba	7bcc047a8414eb7c2a4a363837cd7001311f122256fa86b467575091be09cbba	match	
topo400	4331c5616db4f9cc6085268cf9a77e6913707310be25ea5a11f2ffdfc4d8c567	4331c5616db4f9cc6085268cf9a77e6913707310be25ea5a11f2ffdfc4d8c567	match	
topo401	ed316319ae357e1b57864e490ddbecb2029aa162bf9b1000dae98fc94ce3fdd8	ed316319ae357e1b57864e490ddbecb2029aa162bf9b1000dae98fc94ce3fdd8	match	
topo402	7e539f03e68a4c8b159c420e022e9cbecde191430f05578cfcf3d019c5c98e19	7e539f03e68a4c8b159c420e022e9cbecde191430f05578cfcf3d019c5c98e19	match	
topo403	63e32ea56aee868ed5e1b9d46e4278092a7d9d895d1797bf9324dc868b3c61e2	63e32ea56aee868ed5e1b9d46e4278092a7d9d895d1797bf9324dc868b3c61e2	match	
topo404	fc4283ea9268ee3bf06ce60be68119a59699e6491b36ce436b7da73c6a182b38	fc4283ea9268ee3bf06ce60be68119a59699e6491b36ce436b7da73c6a182b38	match	
topo405	55cd8cd90778d06a978f52115041eaeb8de08c6eb0a1fe579155c25b83f05445	55cd8cd90778d06a978f52115041eaeb8de08c6eb0a1fe579155c25b83f05445	match	
topo406	492a01eb1d26f21804c45a38a2654e26447d9129e7a240964d2564a3fb63af5f	492a01eb1d26f21804c45a38a2654e26447d9129e7a240964d2564a3fb63af5f	match	
topo407	d885f53a2fa70aa06851c72aaae068d82dac67ec308b0c49c52ed843c9915c39	d885f53a2fa70aa06851c72aaae068d82dac67ec308b0c49c52ed843c9915c39	match	
topo408	be873edbe79d2aa9e5d7e06beca652dd749f5b2bdc4cd45580bb9003f5d4e631	be873edbe79d2aa9e5d7e06beca652dd749f5b2bdc4cd45580bb9003f5d4e631	match	
topo409	2a94762ac83afdb7c31382ecee41caaa63b8ade4fe0e980e161513854d396ae8	2a94762ac83afdb7c31382ecee41caaa63b8ade4fe0e980e161513854d396ae8	match	
topo410	260f709f4b69bd7a27e9a0eb94ce55dd2454caffd92b8021e473f505d4cc3dd6	260f709f4b69bd7a27e9a0eb94ce55dd2454caffd92b8021e473f505d4cc3dd6	match	
topo411	95d69b97ead7a18c43e6b734db8af52b14199ba0d48c768f79a089d16c82f755	95d69b97ead7a18c43e6b734db8af52b14199ba0d48c768f79a089d16c82f755	match	
topo412	c4a80295dc2f72ef0e62d9c0cbd4a15302417d9716fb4d1054931201c7d5f433	c4a80295dc2f72ef0e62d9c0cbd4a15302417d9716fb4d1054931201c7d5f433	match	
topo413	b77a87e6a5f1276b11d556e49477d059f937bf2a3318cd3ae566cc13df3a4d97	b77a87e6a5f1276b11d556e49477d059f937bf2a3318cd3ae566cc13df3a4d97	match	
topo414	2bd90a688c713f0f16e3241682178a71d02e75e8deeaebdf91e65a248a114b72	2bd90a688c713f0f16e3241682178a71d02e75e8deeaebdf91e65a248a114b72	match	
topo415	2fbe4e6df63597a3a8e5aa75d4f0736a1f0ac80a6067ce82f81a46d6416ef284	2fbe4e6df63597a3a8e5aa75d4f0736a1f0ac80a6067ce82f81a46d6416ef284	match	
topo416	3f8a3cc640c000e922690f3ac6fb16d0dd61c956d9a6357c9b8450dad87774c6	3f8a3cc640c000e922690f3ac6fb16d0dd61c956d9a6357c9b8450dad87774c6	match	
topo417	ba5a49bc9b6bf103e73eea35ddac8301f09c7074dbb361701dac6a5ee0037e89	ba5a49bc9b6bf103e73eea35ddac8301f09c7074dbb361701dac6a5ee0037e89	match	
topo418	efada8ccfd4282620e27e1d0ae8a82246861d081590938c957880e07a9a34b8b	efada8ccfd4282620e27e1d0ae8a82246861d081590938c957880e07a9a34b8b	match	
topo419	eb677c02d75650e3d39244cc3cc50d152bdd4745b7fe35149ef80a7f026ab360	eb677c02d75650e3d39244cc3cc50d152bdd4745b7fe35149ef80a7f026ab360	match	
topo420	35b74f3c7a225e37604342785db9a7478bbf1d6ba03f84297dc8d56a72744d2f	35b74f3c7a225e37604342785db9a7478bbf1d6ba03f84297dc8d56a72744d2f	match	
topo421	2dc28111575de3663f760993b713997916f4280fc88222ef62d2eda48fde85c0	2dc28111575de3663f760993b713997916f4280fc88222ef62d2eda48fde85c0	match	
topo422	e8cda7c3109eab85412732c5706dbfb08c070c3bc1801a810720f1e912cf5700	e8cda7c3109eab85412732c5706dbfb08c070c3bc1801a810720f1e912cf5700	match	
topo423	adc060d7040592794c103cc9257b1a0b6df87425cfcb7fdd635f04055f1121cd	adc060d7040592794c103cc9257b1a0b6df87425cfcb7fdd635f04055f1121cd	match	
topo424	d206e15af32c546b266de0f7fa9ad5a5de3506f7ef3c1b94314138647e4a257b	d206e15af32c546b266de0f7fa9ad5a5de3506f7ef3c1b94314138647e4a257b	match	
topo425	dd8f0182da4de515667fc7f2bc1ed6252092e8a7799990444da1780f3d3b5fbf	dd8f0182da4de515667fc7f2bc1ed6252092e8a7799990444da1780f3d3b5fbf	match	
topo426	f807d0240f68e7bb4e64b7d226479def6eea6eaca9541216ae09a54e73079d5b	f807d0240f68e7bb4e64b7d226479def6eea6eaca9541216ae09a54e73079d5b	match	
topo427	bed0d49d767fd07222ea339be4183ae12b78c54a68273e0ea31d64000e8ffe2e	bed0d49d767fd07222ea339be4183ae12b78c54a68273e0ea31d64000e8ffe2e	match	
topo428	1824b2399442797629dd712b31a771c10b9362018c050a3f0cfadaef905d39f6	1824b2399442797629dd712b31a771c10b9362018c050a3f0cfadaef905d39f6	match	
topo429	4ced3bd01c8d248171cdd935bbe914a630d48753ee70e6956fb54fbabf87fa51	4ced3bd01c8d248171cdd935bbe914a630d48753ee70e6956fb54fbabf87fa51	match	
topo430	38c8f376288cee82afea3df30ed9fb04f8e1f1bebabc755f6bba2a8a7b17e3b0	38c8f376288cee82afea3df30ed9fb04f8e1f1bebabc755f6bba2a8a7b17e3b0	match	
topo431	e822cdc721957ea6cc3c0d7258d819d50f767e8e9ff2368e85d2328940438c58	e822cdc721957ea6cc3c0d7258d819d50f767e8e9ff2368e85d2328940438c58	match	
topo432	7a9171b2b868b7cdf54cb5161c3ba6a69b38fc42020fb9c39f5054ddbbfc09ba	7a9171b2b868b7cdf54cb5161c3ba6a69b38fc42020fb9c39f5054ddbbfc09ba	match	
topo433	851c0d7b4ccdb775c4089e5d0512839bcfb730600a871be5350a1a416e2c4d36	851c0d7b4ccdb775c4089e5d0512839bcfb730600a871be5350a1a416e2c4d36	match	
topo434	d115792b293819638c89a440656f7342c4ce10d217e8573cbc1dbcd196d5b525	d115792b293819638c89a440656f7342c4ce10d217e8573cbc1dbcd196d5b525	match	
topo435	abce2e75b5a9c90f930b0fbd4bd1bc771785ac3fc9856d3699dd04c0f7b8ddc8	abce2e75b5a9c90f930b0fbd4bd1bc771785ac3fc9856d3699dd04c0f7b8ddc8	match	
topo436	6c69a5609d3ce69a23d35a96a9dc2e8c28086d0e9a87efdb94517105bb0f111e	6c69a5609d3ce69a23d35a96a9dc2e8c28086d0e9a87efdb94517105bb0f111e	match	
topo437	02c58f6d26d6fc682dac8a14931102a4888c40969abed145630df4f82d368a5f	02c58f6d26d6fc682dac8a14931102a4888c40969abed145630df4f82d368a5f	match	
topo438	4cec1eee1f22d64d179986ef64e533e189349bdafaddcc3a7a4ca85ab5d2b695	4cec1eee1f22d64d179986ef64e533e189349bdafaddcc3a7a4ca85ab5d2b695	match	
topo439	2b22565cc1ff0b31e7eb3918e525b2425a63608715a7d001b081ff4c5c54fa6c	2b22565cc1ff0b31e7eb3918e525b2425a63608715a7d001b081ff4c5c54fa6c	match	
topo440	3b14b5b1397e57b91e495f75d9fb58e67710c5ba0eedab7a0fd184bac65c2034	3b14b5b1397e57b91e495f75d9fb58e67710c5ba0eedab7a0fd184bac65c2034	match	
topo441	aafb39390bea1aa6570338e83220624c064e006248ec217834b35227ddd77e11	aafb39390bea1aa6570338e83220624c064e006248ec217834b35227ddd77e11	match	
topo442	b1ab2ab184610712cfe502136a45b496ecf1fa595221d12f6e66ea2f22ef6419	b1ab2ab184610712cfe502136a45b496ecf1fa595221d12f6e66ea2f22ef6419	match	
topo443	a02a03e7c7b8b3a415e49beb7a5c6f86724cd7570efc9d6d387bfbf098738343	a02a03e7c7b8b3a415e49beb7a5c6f86724cd7570efc9d6d387bfbf098738343	match	
topo444	ca37e6fe2fa536411d60e4ffb923ab334757d46fc09219ba35e5f8d7eb4555b4	ca37e6fe2fa536411d60e4ffb923ab334757d46fc09219ba35e5f8d7eb4555b4	match	
topo445	aa8e261e6b06752e56dc7f9081d3a0daf497475a5e5df4296804d66f4c5ea8f1	aa8e261e6b06752e56dc7f9081d3a0daf497475a5e5df4296804d66f4c5ea8f1	match	
topo446	7181f82940ee617f85483b507d0e923c3b3f2dd16bb3be4c327ac9bd1dadc672	7181f82940ee617f85483b507d0e923c3b3f2dd16bb3be4c327ac9bd1dadc672	match	
topo447	56297d78811949e52c71247dc227d6c544478423f6e8ed9cf729eaebfde87daf	56297d78811949e52c71247dc227d6c544478423f6e8ed9cf729eaebfde87daf	match	
topo448	2b3512b50ac40e62c3adf4b0d9cfea157be3f635443c5b023353e57092c87aea	2b3512b50ac40e62c3adf4b0d9cfea157be3f635443c5b023353e57092c87aea	match	
topo449	817501e92c7a3844d0dc4c9a7cab0e9978e29d2d5422ff3eeac345184dcfa1b3	817501e92c7a3844d0dc4c9a7cab0e9978e29d2d5422ff3eeac345184dcfa1b3	match	
topo450	6f011d1ce51b130c7a1c051e334e76117e66f082a1906fd683ae7d664fc7eec1	6f011d1ce51b130c7a1c051e334e76117e66f082a1906fd683ae7d664fc7eec1	match	
topo451	30b177c8302f793fafac132007c58b699327eaba9edd2c9bef583f96447d3196	30b177c8302f793fafac132007c58b699327eaba9edd2c9bef583f96447d3196	match	
topo452	28263188729edcfaa7ba7ad542099f9af52bfb0acc8309b502599d193067fd64	28263188729edcfaa7ba7ad542099f9af52bfb0acc8309b502599d193067fd64	match	
topo453	741452a4f3250ff077e2ae16a30f4327060fc140679f087d42c64d8fb8983950	741452a4f3250ff077e2ae16a30f4327060fc140679f087d42c64d8fb8983950	match	
topo454	fdba225c0d8ae2f33593d5411f5763b98506502f4de4777beac21922d17b3821	fdba225c0d8ae2f33593d5411f5763b98506502f4de4777beac21922d17b3821	match	
topo455	d07cfc91e92216761763fbe652a4abedc6a7c5ef7b88f29fb9d43ea6f5a1501a	d07cfc91e92216761763fbe652a4abedc6a7c5ef7b88f29fb9d43ea6f5a1501a	match	
topo456	6eb8a436f253b610b83fa307b0aabbeb109dc49b597ae707351df9e0974154c8	6eb8a436f253b610b83fa307b0aabbeb109dc49b597ae707351df9e0974154c8	match	
topo457	74b08644df0ad795441476be51347a278c7426b496a7e8f5a081f3826eb5267f	74b08644df0ad795441476be51347a278c7426b496a7e8f5a081f3826eb5267f	match	
topo458	2ad0e9e141562ea03fcabed39e968436a7fd689e17cd671fd8165fd22c68cd24	2ad0e9e141562ea03fcabed39e968436a7fd689e17cd671fd8165fd22c68cd24	match	
topo459	90ef3d1facc56ecf19fcc68017be9fd011a7824ad2a19a5ba071d385e75953df	90ef3d1facc56ecf19fcc68017be9fd011a7824ad2a19a5ba071d385e75953df	match	
topo460	50e9984645f0972826a46509d5cb8558d064530e1570d1c7f1c18d55588b014e	50e9984645f0972826a46509d5cb8558d064530e1570d1c7f1c18d55588b014e	match	
topo461	e6be667755526ad3eae7553f199b04b54fa96fe81d5d2b2ab53651a905d1e87f	e6be667755526ad3eae7553f199b04b54fa96fe81d5d2b2ab53651a905d1e87f	match	
topo462	fba0ae9c24a965d67ab8effc4bb6569fe3f0ae8238bac0f93549237f6b9fac4f	fba0ae9c24a965d67ab8effc4bb6569fe3f0ae8238bac0f93549237f6b9fac4f	match	
topo463	57d5d12afd2954875289fed48e8cc861a4377a9782f00556a1da65b71d60daed	57d5d12afd2954875289fed48e8cc861a4377a9782f00556a1da65b71d60daed	match	
topo464	554b25f74edc8121769bdfa1be909d35541ae0e3e3b231d5db2d7512f76615fc	554b25f74edc8121769bdfa1be909d35541ae0e3e3b231d5db2d7512f76615fc	match	
topo465	459b379accbc6ca955214e0596eb29ec66d2c0b4a7c48e025c6ec88d5adbfd3e	459b379accbc6ca955214e0596eb29ec66d2c0b4a7c48e025c6ec88d5adbfd3e	match	
topo466	c80ede0ed458a0cb251924af7189cc536300334024cc5bed1dd138f15cab06f5	c80ede0ed458a0cb251924af7189cc536300334024cc5bed1dd138f15cab06f5	match	
topo467	9fe079d56e96d8ed9234947c5401e40fb5d4955a1701d20ce26b6e2da1f97e56	9fe079d56e96d8ed9234947c5401e40fb5d4955a1701d20ce26b6e2da1f97e56	match	
topo468	6e622e9ed8efe72e55bf23b3175f820b0a27398edfbb085d43a2a989fc209ce0	6e622e9ed8efe72e55bf23b3175f820b0a27398edfbb085d43a2a989fc209ce0	match	
topo469	d34d17bf9cfb3549a0e78daed39ccc828abde671b4a36ce3b7309d9b2b82d31e	d34d17bf9cfb3549a0e78daed39ccc828abde671b4a36ce3b7309d9b2b82d31e	match	
topo470	dd2ce6f18ef60a03ca33581d0598fc64e64a80e6eb79c7a6e469f409e923e8ab	dd2ce6f18ef60a03ca33581d0598fc64e64a80e6eb79c7a6e469f409e923e8ab	match	
topo471	47a5be61addca95b3c62366fbefe7bb4f169c44431e0b4648886b9d5ecc72161	47a5be61addca95b3c62366fbefe7bb4f169c44431e0b4648886b9d5ecc72161	match	
topo472	632f21241046f78754b86f651311cb84a595537844363956c1b9a0c650ac9f6a	632f21241046f78754b86f651311cb84a595537844363956c1b9a0c650ac9f6a	match	
topo473	b60df117c6b37323fb9c2ddc14cb59a276c28f25649df8fb564ce016ae15bc69	b60df117c6b37323fb9c2ddc14cb59a276c28f25649df8fb564ce016ae15bc69	match	
topo474	0935ba3c33feb079f4f2b2f8c26dc5546f6643d88e138525310ac556011f7f34	0935ba3c33feb079f4f2b2f8c26dc5546f6643d88e138525310ac556011f7f34	match	
topo475	60cdc16928bfce99dd676926f241ac4de5160e6b69b11f9ab99b5a10c088a44d	60cdc16928bfce99dd676926f241ac4de5160e6b69b11f9ab99b5a10c088a44d	match	
topo476	9318c98ec6281045fd9d7e6d50e54289530e2e02303557538f56283e5da3bb3b	9318c98ec6281045fd9d7e6d50e54289530e2e02303557538f56283e5da3bb3b	match	
topo477	0e753c7e69a88bda7dc7b3ba1a6b7c218c37846d325748ec1fe7fb14a0dd77f3	0e753c7e69a88bda7dc7b3ba1a6b7c218c37846d325748ec1fe7fb14a0dd77f3	match	
topo478	1bf7431c6748f7842c38ac24213684006781456c6d19cd31e297db0645a0b924	1bf7431c6748f7842c38ac24213684006781456c6d19cd31e297db0645a0b924	match	
topo479	3c8b8cf052f0e1c249db2b15f22ece1e381284294be95b9616218a1abd8a2c81	3c8b8cf052f0e1c249db2b15f22ece1e381284294be95b9616218a1abd8a2c81	match	
topo480	9f2848e3a721d2a5448fa3cfaac2f1897d803da37b6b68fded5cd206c56c453b	9f2848e3a721d2a5448fa3cfaac2f1897d803da37b6b68fded5cd206c56c453b	match	
topo481	fe5ab5e30ee865eecdc77fdbbd5a7413221fc0357ba1f52b67fb1f3f16646cf8	fe5ab5e30ee865eecdc77fdbbd5a7413221fc0357ba1f52b67fb1f3f16646cf8	match	
topo482	a985569c81439ebed440f615028b1e07e65830239d39f5283089edabf21626b8	a985569c81439ebed440f615028b1e07e65830239d39f5283089edabf21626b8	match	
topo483	55d1c2c5af889a53570643deab7f6bfaa3776bc64a7766e3e53de1c4dabca6bd	55d1c2c5af889a53570643deab7f6bfaa3776bc64a7766e3e53de1c4dabca6bd	match	
topo484	f14a177aad3f70f12ddc036aa613b58f12480b0dd1f3dde9f935f8e3a63c077f	f14a177aad3f70f12ddc036aa613b58f12480b0dd1f3dde9f935f8e3a63c077f	match	
topo485	9a7903bd69c33221afb4135590673564b25da1c3ba938fdcc83a5482bd19aac3	9a7903bd69c33221afb4135590673564b25da1c3ba938fdcc83a5482bd19aac3	match	
topo486	fdabe51eabe5086ed925ebd0e2980142de9c66c7a7c592b21c53fe71d2113731	fdabe51eabe5086ed925ebd0e2980142de9c66c7a7c592b21c53fe71d2113731	match	
topo487	f6dd82989bb4c25cc25d0b860b3613f13ccb10df36e5cb63bcfa72e80b5f4d89	f6dd82989bb4c25cc25d0b860b3613f13ccb10df36e5cb63bcfa72e80b5f4d89	match	
topo488	838aa32285b6a1ef50eba1d88fbd90fbff535c906ec81b60dddb32dd2f944fff	838aa32285b6a1ef50eba1d88fbd90fbff535c906ec81b60dddb32dd2f944fff	match	
topo489	3828d8cbc85b26466e25f20cc527a2017d9b6be2b3b5f63f48bb792a583719fb	3828d8cbc85b26466e25f20cc527a2017d9b6be2b3b5f63f48bb792a583719fb	match	
topo490	a43cc32ce033877a8061a6b356c6bec7ce15b8934d6b70e5cb34430b6125e31e	a43cc32ce033877a8061a6b356c6bec7ce15b8934d6b70e5cb34430b6125e31e	match	
topo491	bcaec6987b2137c550348559f1df8c9b5e03a7d7146e3f0d7684adc45f8ad563	bcaec6987b2137c550348559f1df8c9b5e03a7d7146e3f0d7684adc45f8ad563	match	
topo492	b45b27b2879c1699e9df820a5201fcb2c2f9646372c3a00e08e36af302ff9506	b45b27b2879c1699e9df820a5201fcb2c2f9646372c3a00e08e36af302ff9506	match	
topo493	d6f1f9790107a5387a09ace4c919264163bc9fc20afcd0fbb2f791757f703d3c	d6f1f9790107a5387a09ace4c919264163bc9fc20afcd0fbb2f791757f703d3c	match	
topo494	fb613c43b823198ec24c18a29d3294257debf22c99df17a29db7d959a0df0e5f	fb613c43b823198ec24c18a29d3294257debf22c99df17a29db7d959a0df0e5f	match	
topo495	b06d7a95c71689d88d74dace27652c5abaeb7bedf971c21634ba4ba0eef3af0a	b06d7a95c71689d88d74dace27652c5abaeb7bedf971c21634ba4ba0eef3af0a	match	
topo496	f3b865cb1b94d8a6675701259527ac3721ddf052c0150f14d354c15d69f6252c	f3b865cb1b94d8a6675701259527ac3721ddf052c0150f14d354c15d69f6252c	match	
topo497	d09f59daf6aedb778d728e18de52feef311080aa1aba040932dffce741a4bb91	d09f59daf6aedb778d728e18de52feef311080aa1aba040932dffce741a4bb91	match	
topo498	0f2602b62131cda13d0866d2a96c53e71c70a08c0e72621f8962cbe1bbfc916d	0f2602b62131cda13d0866d2a96c53e71c70a08c0e72621f8962cbe1bbfc916d	match	
topo499	c0709bd8e839ce82a740fe21c36a79bdb45e0d22a62e022040eb63226fe85ad6	c0709bd8e839ce82a740fe21c36a79bdb45e0d22a62e022040eb63226fe85ad6	match	
topo500	ce6ad0fcdf09c60d673d83961b702c2afa0fac1433237ff3004161556d1cd4ae	ce6ad0fcdf09c60d673d83961b702c2afa0fac1433237ff3004161556d1cd4ae	match	
topo501	c723f1f2717972d0ed5c20834277f7ce5137fb7de7247f40022504a66c4379d5	c723f1f2717972d0ed5c20834277f7ce5137fb7de7247f40022504a66c4379d5	match	
topo502	7feca6b9874f56ed001e4e40836ac8fc6ff2b9374ac0371c36d87d7b77398f8d	7feca6b9874f56ed001e4e40836ac8fc6ff2b9374ac0371c36d87d7b77398f8d	match	
topo503	6be35628f3d2b60f2ab2696356c5cfa0029e00dba66302d43de1ba49b1eb4a39	6be35628f3d2b60f2ab2696356c5cfa0029e00dba66302d43de1ba49b1eb4a39	match	
topo504	0d9211e6bc21938847e670682983e0d676a7359218d5700ab0f7438c65ba12ea	0d9211e6bc21938847e670682983e0d676a7359218d5700ab0f7438c65ba12ea	match	
topo505	a5e75533ab347d0ed0f83e54d6a0e7dc3ffc6c16f371c37cb51c2ce66a3017d1	a5e75533ab347d0ed0f83e54d6a0e7dc3ffc6c16f371c37cb51c2ce66a3017d1	match	
topo506	1c2abd7fc808edca5da8358c6bb57d8ce4033e761ced1d511fefe9864921c350	1c2abd7fc808edca5da8358c6bb57d8ce4033e761ced1d511fefe9864921c350	match	
topo507	959d29b30fb36637e5ecaed148a39fc8edbe0da84daa8646793bd08cf16d0ffd	959d29b30fb36637e5ecaed148a39fc8edbe0da84daa8646793bd08cf16d0ffd	match	
topo508	40e6901a45b631fd2091cc5f7a126d54c347476daa4ec4ad51a6a7d529124f29	40e6901a45b631fd2091cc5f7a126d54c347476daa4ec4ad51a6a7d529124f29	match	
topo509	ec0bb73055f599ba4c5edb49bcd545dab0810a718ce76a2bfe1b642e5c82dfd8	ec0bb73055f599ba4c5edb49bcd545dab0810a718ce76a2bfe1b642e5c82dfd8	match	
topo510	8b473653a6d3fe53771962f609c290e43b3fabff36574895b65843c75250b944	8b473653a6d3fe53771962f609c290e43b3fabff36574895b65843c75250b944	match	
topo511	5c2cb58d15164e69fefaa7075560637e563b34de1f0c0804ebc2075fc18fd36d	5c2cb58d15164e69fefaa7075560637e563b34de1f0c0804ebc2075fc18fd36d	match	
topo512	f9003d6f54f8fde0e9609a6688a90d572e4f590b86d4fb0f328069f0c67d4ade	f9003d6f54f8fde0e9609a6688a90d572e4f590b86d4fb0f328069f0c67d4ade	match	
topo513	795115f55a7b36cf100b41367123a88052896c55aa94e7f684f42098521e7cd8	795115f55a7b36cf100b41367123a88052896c55aa94e7f684f42098521e7cd8	match	
topo514	b539599f7fc3efd2f8dd43f8d6e978094232f28d44c94a012192a00018dbe84e	b539599f7fc3efd2f8dd43f8d6e978094232f28d44c94a012192a00018dbe84e	match	
topo515	d740e12b100c1c763fd53db73ee383969c2c657b38a87bad5e02f7e63d2ab942	d740e12b100c1c763fd53db73ee383969c2c657b38a87bad5e02f7e63d2ab942	match	
topo516	1024e15264638651a2b2a6f30f8826852596a92fcd33c0f3344faead305040e1	1024e15264638651a2b2a6f30f8826852596a92fcd33c0f3344faead305040e1	match	
topo517	8852b001add52536b5dfc6dcb3fdadf5617db8f44ecddb59f7a093dbe47666b3	8852b001add52536b5dfc6dcb3fdadf5617db8f44ecddb59f7a093dbe47666b3	match	
topo518	5de60d9a004813cd822bc100a0e3ea21738015c838367d3d3a749b5eb47186c3	5de60d9a004813cd822bc100a0e3ea21738015c838367d3d3a749b5eb47186c3	match	
topo519	f80963dd65ddc40c40261998e2c7ec63c08a4fa1cc40e70b4adae3c8f6c3968a	f80963dd65ddc40c40261998e2c7ec63c08a4fa1cc40e70b4adae3c8f6c3968a	match	
topo520	448f047c66827265ac4c642fd62624189637ab8e26b4f9942441c29275a88124	448f047c66827265ac4c642fd62624189637ab8e26b4f9942441c29275a88124	match	
topo521	818cb7e16159f18e82b7e86f2189462beef97e31df3066197918beee26fce3a9	818cb7e16159f18e82b7e86f2189462beef97e31df3066197918beee26fce3a9	match	
topo522	e8cf736e3000f64cf5c3989fafb840da61c6013e01f052d55f4955e28483468b	e8cf736e3000f64cf5c3989fafb840da61c6013e01f052d55f4955e28483468b	match	
topo523	425841189527b6b1dea47ca6f5326484079238da5959d1207cd1aea2876a8559	425841189527b6b1dea47ca6f5326484079238da5959d1207cd1aea2876a8559	match	
topo524	39f5f2af1c0d29d2f3e73f1d844567c59cc2e67d045fe616a7525b1ae0e1c880	39f5f2af1c0d29d2f3e73f1d844567c59cc2e67d045fe616a7525b1ae0e1c880	match	
topo525	cb80b112a1ca62fa71a4e5861512969d045fe321b9cf849e94326cbf8e26a5c1	cb80b112a1ca62fa71a4e5861512969d045fe321b9cf849e94326cbf8e26a5c1	match	
topo526	4eaff9b4bb41b26be4221e66161bd963dfe8d60104ba0d8cc971d1e2e9f803eb	4eaff9b4bb41b26be4221e66161bd963dfe8d60104ba0d8cc971d1e2e9f803eb	match	
topo527	7f1beefef4dd524f7355219eefacc7a9c91316cdf14c94aafb2302e5e2246d5d	7f1beefef4dd524f7355219eefacc7a9c91316cdf14c94aafb2302e5e2246d5d	match	
topo528	78d4f77e082c054efe67cdaf121e2d7aec8942cef3323720eaa632048f1c4b58	78d4f77e082c054efe67cdaf121e2d7aec8942cef3323720eaa632048f1c4b58	match	
topo529	ed05ca59fafccdc793a51f8ff1755d14e83758479f5b98524a7e40bb14d74488	ed05ca59fafccdc793a51f8ff1755d14e83758479f5b98524a7e40bb14d74488	match	
topo530	ce3142db2fe680d123cae88ce644186a3518679970fa92f92b99ffec4ce203aa	ce3142db2fe680d123cae88ce644186a3518679970fa92f92b99ffec4ce203aa	match	
topo531	503f157697b67bfd3c8884c9abd8ea49b288a601b5287dfedc02a941ad7f6878	503f157697b67bfd3c8884c9abd8ea49b288a601b5287dfedc02a941ad7f6878	match	
topo532	6ea6671db944357f23ef9c20cfd00180cebdd2520e8983594ecb757e50876826	6ea6671db944357f23ef9c20cfd00180cebdd2520e8983594ecb757e50876826	match	
topo533	b891551ec7b535f7a3f80d1e983c9e606c6dc8c6812bee4758ec78b56be490c5	b891551ec7b535f7a3f80d1e983c9e606c6dc8c6812bee4758ec78b56be490c5	match	
topo534	b0ea119467dcb82297822da51c0f8eabb0624de3676833dd69935deb8e7d8b16	b0ea119467dcb82297822da51c0f8eabb0624de3676833dd69935deb8e7d8b16	match	
topo535	10cdf66712c9184b52a767b62e88f6ea623c174d947253eb360a4b6cac0f0deb	10cdf66712c9184b52a767b62e88f6ea623c174d947253eb360a4b6cac0f0deb	match	
topo536	ad2137c556009543a013e14c952722099b167cf6cdcab8960466d331048bf727	ad2137c556009543a013e14c952722099b167cf6cdcab8960466d331048bf727	match	
topo537	72692073799a7f235d784c9d2dad6be1b40d9c3a362237a123ea04c8fc387af9	72692073799a7f235d784c9d2dad6be1b40d9c3a362237a123ea04c8fc387af9	match	
topo538	2ecc41b564b0ad7d4891c17163c722b163e4907fbbc1686ca5f3c6df091a816e	2ecc41b564b0ad7d4891c17163c722b163e4907fbbc1686ca5f3c6df091a816e	match	
topo539	9ce68a4030db215a278c249c267fc3be914c09a07154748dc1c67e5c8bcd0d11	9ce68a4030db215a278c249c267fc3be914c09a07154748dc1c67e5c8bcd0d11	match	
topo540	9ca9ff294de34a73ae5b1000285430019711261b95972d88733e1fe9462f0523	9ca9ff294de34a73ae5b1000285430019711261b95972d88733e1fe9462f0523	match	
topo541	943e35469268eab752edf9eaf1dd89177844b10c5edd185b934978368212f287	943e35469268eab752edf9eaf1dd89177844b10c5edd185b934978368212f287	match	
topo542	1cd52f6c7495a55e2afbda24b5d6f5a4539dd4e41912e20abf3de1cfaf211714	1cd52f6c7495a55e2afbda24b5d6f5a4539dd4e41912e20abf3de1cfaf211714	match	
topo543	688fbf1fa66fd3859a0da7cabb86cd25e5b04783c38b6d41da4bf6c8878684e9	688fbf1fa66fd3859a0da7cabb86cd25e5b04783c38b6d41da4bf6c8878684e9	match	
topo544	abf5cc2fea328d0a129ebb46cc4f2cc2376cdb4dcebea094f55e55f1aa222f5e	abf5cc2fea328d0a129ebb46cc4f2cc2376cdb4dcebea094f55e55f1aa222f5e	match	
topo545	e2cf4ffcecc0d6584512e9120bbfcee99f1efa7c47a6d3065a3d5b912e87f89d	e2cf4ffcecc0d6584512e9120bbfcee99f1efa7c47a6d3065a3d5b912e87f89d	match	
topo546	6ac6a4bc8fb07b663847b04794300c1c57b7bffcd1893e97861f54995031f3ff	6ac6a4bc8fb07b663847b04794300c1c57b7bffcd1893e97861f54995031f3ff	match	
topo547	42a80061280633aca2f0e9ec3b625bfc9d880431ebb4b8e7c42df225dcc09dda	42a80061280633aca2f0e9ec3b625bfc9d880431ebb4b8e7c42df225dcc09dda	match	
topo548	0f072143b764ff72db0ce4e0959fa4d4270875e8d172bc2d71938d93128a88c5	0f072143b764ff72db0ce4e0959fa4d4270875e8d172bc2d71938d93128a88c5	match	
topo549	4682813fc7559f231aac75bb6743e429a5dcb375c3e669ea1fcd61534c63af98	4682813fc7559f231aac75bb6743e429a5dcb375c3e669ea1fcd61534c63af98	match	
topo550	b0c19832aeaa4bffd969499eb1895589c70324b2a6e258613eb46ecdc032b173	b0c19832aeaa4bffd969499eb1895589c70324b2a6e258613eb46ecdc032b173	match	
topo551	cd0cd2c9d78e26fa768976a9b06ce1c7621d55b5b7fc2cebd4994a6652e5da27	cd0cd2c9d78e26fa768976a9b06ce1c7621d55b5b7fc2cebd4994a6652e5da27	match	
topo552	21014ef495ac58b1d23e0e870a8580158b2fde54e0ac6f4e4ee945d3c3fb8d15	21014ef495ac58b1d23e0e870a8580158b2fde54e0ac6f4e4ee945d3c3fb8d15	match	
topo553	cd750c7abe0be1fa4e0116d0186bc25ce06bbcf7f6bb53dd062786c1058681d5	cd750c7abe0be1fa4e0116d0186bc25ce06bbcf7f6bb53dd062786c1058681d5	match	
topo554	0818f732922f3048f40adea89730e21b2687a321c584bef7ca6da1fbfbbe9d5c	0818f732922f3048f40adea89730e21b2687a321c584bef7ca6da1fbfbbe9d5c	match	
topo555	57f44c2a3868ed6874bcbf383049d5be4310daa73ca45777e0e8bce995d2c76e	57f44c2a3868ed6874bcbf383049d5be4310daa73ca45777e0e8bce995d2c76e	match	
topo556	a2ec6bae1bf1969fea1fb934284e8c2560670399a91a2de3739ead13499967a5	a2ec6bae1bf1969fea1fb934284e8c2560670399a91a2de3739ead13499967a5	match	
topo557	85726dd2c42bc5c5f3479641d9043a242bc4746884670c763c92fae9ebd58362	85726dd2c42bc5c5f3479641d9043a242bc4746884670c763c92fae9ebd58362	match	
topo558	23aee6a630017473e6451b9ef22531f45e820cfde9879052cfa2d9a39d95438a	23aee6a630017473e6451b9ef22531f45e820cfde9879052cfa2d9a39d95438a	match	
topo559	a1e032f374ea5c14cd5d3d5f35db0fc483c892b81352c87663dce5f08a47e940	a1e032f374ea5c14cd5d3d5f35db0fc483c892b81352c87663dce5f08a47e940	match	
topo560	006ce58a1c687f37de2e858e4c70fa7cec2178d2025e2965b23dbd5ccf8756da	006ce58a1c687f37de2e858e4c70fa7cec2178d2025e2965b23dbd5ccf8756da	match	
topo561	3aa75f7d32bbfc4878299b68d40fbca9d752477d4c258c362f9174947559c4b3	3aa75f7d32bbfc4878299b68d40fbca9d752477d4c258c362f9174947559c4b3	match	
topo562	d3561841089d86c407f170d6258d53681458d1dcc3e14c69d8a1850345f2bc4c	d3561841089d86c407f170d6258d53681458d1dcc3e14c69d8a1850345f2bc4c	match	
topo563	bb6f99c2a6604ead5b030afa892362fc9c7ef639c8c62649e7ae77f5c358f7de	bb6f99c2a6604ead5b030afa892362fc9c7ef639c8c62649e7ae77f5c358f7de	match	
topo564	a6a1df9c413999f1dcbd29fda229f2620e046bc46958d0e0b5b66923d4f389f8	a6a1df9c413999f1dcbd29fda229f2620e046bc46958d0e0b5b66923d4f389f8	match	
topo565	079c7dc5d3e8f54909aa9e7f6e11f807cbe458508605aac13fb7b2bf18895a86	079c7dc5d3e8f54909aa9e7f6e11f807cbe458508605aac13fb7b2bf18895a86	match	
topo566	415fb6ac609100295ef3959af957a1a7984f932905371782ba45f7866ae28f65	415fb6ac609100295ef3959af957a1a7984f932905371782ba45f7866ae28f65	match	
topo567	083b0796db8e5897c8e7c8c67860d2c309ba7f871752bde9640f6b89344011d4	083b0796db8e5897c8e7c8c67860d2c309ba7f871752bde9640f6b89344011d4	match	
topo568	5919aae3ec06fae830aba8ed116a537fb983f6405529055b22cfc6ce0e0e1130	5919aae3ec06fae830aba8ed116a537fb983f6405529055b22cfc6ce0e0e1130	match	
topo569	c8acc6eec8b6522a64043572968d80f59318001faeba23eb2d6ea1fce55ce60c	c8acc6eec8b6522a64043572968d80f59318001faeba23eb2d6ea1fce55ce60c	match	
topo570	93da12205d341ba06e7dfce60122e5a54bc4e993006c2b25fd6b061a5bd42131	93da12205d341ba06e7dfce60122e5a54bc4e993006c2b25fd6b061a5bd42131	match	
topo571	a8a3e135d2b9f19ef6c6e7d727f94e39589e141e8392f78f32f5523ba9678939	a8a3e135d2b9f19ef6c6e7d727f94e39589e141e8392f78f32f5523ba9678939	match	
topo572	ab385a5fd4e55099843a2a12715fc52a7aa85b27fc77e3f6aa8405daf04de6c1	ab385a5fd4e55099843a2a12715fc52a7aa85b27fc77e3f6aa8405daf04de6c1	match	
topo573	f3fedec2269a4b29fafc9bf863c572fe650eee5f877f15c1544bd90667f08dfb	f3fedec2269a4b29fafc9bf863c572fe650eee5f877f15c1544bd90667f08dfb	match	
topo574	4154a121ded06d6072647d1625628c0e06ad9ae2bf214974daeb596ddd6d41a4	4154a121ded06d6072647d1625628c0e06ad9ae2bf214974daeb596ddd6d41a4	match	
topo575	373a573807db91a648fdec32a2f4838b33cccc78e63040c5924d00dfbfa47a3a	373a573807db91a648fdec32a2f4838b33cccc78e63040c5924d00dfbfa47a3a	match	
topo576	51907a903dcb67e4eb45c29f4cec5cb5a39f92fe08b387a39bdaa9b61adba5b6	51907a903dcb67e4eb45c29f4cec5cb5a39f92fe08b387a39bdaa9b61adba5b6	match	
topo577	57a7cd18946ed3525bbc715911a7cc6f29e0bf7a4d121749900d15f3c0354af3	57a7cd18946ed3525bbc715911a7cc6f29e0bf7a4d121749900d15f3c0354af3	match	
topo578	5851055a30eedebf977463624d93a08bb312b60ab8b0bc7c2f39cb945e4de219	5851055a30eedebf977463624d93a08bb312b60ab8b0bc7c2f39cb945e4de219	match	
topo579	bbb48d05def2862cc30666495a0a149a979c21d82f6acad22789411548151191	bbb48d05def2862cc30666495a0a149a979c21d82f6acad22789411548151191	match	
topo580	ff0f61a85cd9962560cbec66d7aa76066cb40f96a39b3f39dd7b8386c10ad6e4	ff0f61a85cd9962560cbec66d7aa76066cb40f96a39b3f39dd7b8386c10ad6e4	match	
topo581	6e806577dc7b6748681ba3679b3e0aab9fdc8ed46bdea960a7c462224658ec0c	6e806577dc7b6748681ba3679b3e0aab9fdc8ed46bdea960a7c462224658ec0c	match	
topo582	fbbd03773db523df33f2229f3b102358609e6698853152273ce12bf3fd99c0fa	fbbd03773db523df33f2229f3b102358609e6698853152273ce12bf3fd99c0fa	match	
topo583	f7d36719ac539ca60e1ad662ec251ad66aaa963428ed54a99b1dec6669e7e5ea	f7d36719ac539ca60e1ad662ec251ad66aaa963428ed54a99b1dec6669e7e5ea	match	
topo584	53512b70f50a685d4fa80310bf4225c5ecc70935396c9bc81583ac7b0747f769	53512b70f50a685d4fa80310bf4225c5ecc70935396c9bc81583ac7b0747f769	match	
topo585	25a97ad2afccc2c2b04e0c3c03da68c76dede1dbf4996dfc80e2b505bd95c031	25a97ad2afccc2c2b04e0c3c03da68c76dede1dbf4996dfc80e2b505bd95c031	match	
topo586	4af7d628f88b42d31beb98f7b8599caf922c44c7045d49df38004414e1676e82	4af7d628f88b42d31beb98f7b8599caf922c44c7045d49df38004414e1676e82	match	
topo587	5a5c1222da2a54a639c03dc5f7f7dbde23e7423f279b23f656c248c9b17e9ac7	5a5c1222da2a54a639c03dc5f7f7dbde23e7423f279b23f656c248c9b17e9ac7	match	
topo588	b740ca01868b978eda4c6f22e8e31012dc547f1bc3ed25a03058948a4faa4596	b740ca01868b978eda4c6f22e8e31012dc547f1bc3ed25a03058948a4faa4596	match	
topo589	fef14aeaa6e2c57f6a8d7c3b15702094e313fa7974576b19bbdeee6f398844b2	fef14aeaa6e2c57f6a8d7c3b15702094e313fa7974576b19bbdeee6f398844b2	match	
topo590	de1b64a7316238fa87affbd77f76e042af4bc73c76d49d27a5520079e7a3423d	de1b64a7316238fa87affbd77f76e042af4bc73c76d49d27a5520079e7a3423d	match	
topo591	71e956a5268367073b2aa905c23808d79fdf1c917c509fbf063ebb05d9acbcc1	71e956a5268367073b2aa905c23808d79fdf1c917c509fbf063ebb05d9acbcc1	match	
topo592	95513a8c187e012a5755fab1aa4dc0c023eb974bed11e1ca90b690e6d5e30f89	95513a8c187e012a5755fab1aa4dc0c023eb974bed11e1ca90b690e6d5e30f89	match	
topo593	6bf7b0ec9da6584146565f2bc67cee96d9c1b3157fe8e187c1159c957927ccc0	6bf7b0ec9da6584146565f2bc67cee96d9c1b3157fe8e187c1159c957927ccc0	match	
topo594	ae6800c68febaa1b19d8cfe2018ee68207a90ce1fe3ebe4f1f05d84e96d28830	ae6800c68febaa1b19d8cfe2018ee68207a90ce1fe3ebe4f1f05d84e96d28830	match	
topo595	8ee6d32bd47b33a7ecad233769cea52445818a75acf9ec91c06144f7137f7095	8ee6d32bd47b33a7ecad233769cea52445818a75acf9ec91c06144f7137f7095	match	
topo596	1446ca69447d666a0a37db30fcd4df9f1178ec9799d322b1665a6aec857d61f0	1446ca69447d666a0a37db30fcd4df9f1178ec9799d322b1665a6aec857d61f0	match	
topo597	6e86903747a2be97bdd012673f5c392d3ee9ddbc5e53309bf47534fec3f72e0f	6e86903747a2be97bdd012673f5c392d3ee9ddbc5e53309bf47534fec3f72e0f	match	
topo598	b913d5896431bc890479b9a34eaf60ca6216876233c69a90ba5927d29fe43b9e	b913d5896431bc890479b9a34eaf60ca6216876233c69a90ba5927d29fe43b9e	match	
topo599	53298ae23a92f97d00faea87ea5857f33c443ca48440fa86641c873215b37a26	53298ae23a92f97d00faea87ea5857f33c443ca48440fa86641c873215b37a26	match	
topo600	3995bf7314784aae106616a758e3d74436ec2bcfeffee4ada1cbcbaa2689da71	3995bf7314784aae106616a758e3d74436ec2bcfeffee4ada1cbcbaa2689da71	match	
topo601	1f2c34ebc30450b15d2ca1a2cfa196726942c25e7cbd312c09be91fc796fa877	1f2c34ebc30450b15d2ca1a2cfa196726942c25e7cbd312c09be91fc796fa877	match	
topo602	69e17be1343e8494c0035660f8cffbcfcb2cb6051a5df835016aff901f11e266	69e17be1343e8494c0035660f8cffbcfcb2cb6051a5df835016aff901f11e266	match	
topo603	873e600990a157cfbd1d32dd9c61cca2ca97ebecacead220b9ffc762bcdb1ab7	873e600990a157cfbd1d32dd9c61cca2ca97ebecacead220b9ffc762bcdb1ab7	match	
topo604	b154f8d84c7eccea1d72956a51e3952c68c038505e5db8da5ab8a55266a1d102	b154f8d84c7eccea1d72956a51e3952c68c038505e5db8da5ab8a55266a1d102	match	
topo605	f9e305035af80e6ec60d1c6abed076a00dc9144009c919dece57af9095c88e30	f9e305035af80e6ec60d1c6abed076a00dc9144009c919dece57af9095c88e30	match	
topo606	14a671656010660bf752c929bd994cc64ee73484861c072105eecbc839abbe88	14a671656010660bf752c929bd994cc64ee73484861c072105eecbc839abbe88	match	
topo607	72694f96746ca31d6f0c3097d2bd76cf03e03550c0d92322fde76e7ba0386934	72694f96746ca31d6f0c3097d2bd76cf03e03550c0d92322fde76e7ba0386934	match	
topo608	5c551ee92dacba92f28582c06399befc9a9307fa51f9c1d2f7ff6b4f62bdfb95	5c551ee92dacba92f28582c06399befc9a9307fa51f9c1d2f7ff6b4f62bdfb95	match	
topo609	1823377095497383fca1066fe1d134c47c6326d3f4ea59b037e99008f74dba1a	1823377095497383fca1066fe1d134c47c6326d3f4ea59b037e99008f74dba1a	match	
topo610	03c09b578acfc63cd09099dc03bfc4838eca78b6bc5b870050a14b9c647dead7	03c09b578acfc63cd09099dc03bfc4838eca78b6bc5b870050a14b9c647dead7	match	
topo611	53afd26f1604ba18d1e66e10e37212cd905ab22e327cba1ea6891f55b402fa09	53afd26f1604ba18d1e66e10e37212cd905ab22e327cba1ea6891f55b402fa09	match	
topo612	10db092a15c86cac7e020d5f1085cbd9f0ddadf810998775a6b1f5cd70da0b28	10db092a15c86cac7e020d5f1085cbd9f0ddadf810998775a6b1f5cd70da0b28	match	
topo613	c73e801c1c5abbe72415b703f4530aa9aeac855215f5fa632b86e3cb220b658c	c73e801c1c5abbe72415b703f4530aa9aeac855215f5fa632b86e3cb220b658c	match	
topo614	9e5642408e5e3674c00be0bb3027805974187cb6f534be036329b765e7ea5be7	9e5642408e5e3674c00be0bb3027805974187cb6f534be036329b765e7ea5be7	match	
topo615	5d1f3e647a72c81b945f38b8b6c4540481d2375b8eda5eb2b661125138abad88	5d1f3e647a72c81b945f38b8b6c4540481d2375b8eda5eb2b661125138abad88	match	
topo616	6033da730069a9ce86e80f27d83b750163934476789d5704632d198c0c7159e7	6033da730069a9ce86e80f27d83b750163934476789d5704632d198c0c7159e7	match	
topo617	375d1cf43defda84c4ee0dec26bd25c92b8a383b43aeb7b7b723ba01b8367006	375d1cf43defda84c4ee0dec26bd25c92b8a383b43aeb7b7b723ba01b8367006	match	
topo618	58650da89815d87d8ba4f12410942a39d78ea6cc7a254f3dbf26fcf786de331b	58650da89815d87d8ba4f12410942a39d78ea6cc7a254f3dbf26fcf786de331b	match	
topo619	573eebcb9eb3aa512a6d3806e70254609b65154ff9513ee0e851fc48ce821ca5	573eebcb9eb3aa512a6d3806e70254609b65154ff9513ee0e851fc48ce821ca5	match	
topo620	2d04f199ddb3ecfed2c5b1d53dde7a075cf023dfa2b34d2f3d2676ca6e87dae7	2d04f199ddb3ecfed2c5b1d53dde7a075cf023dfa2b34d2f3d2676ca6e87dae7	match	
topo621	34254d46355a9ec15300be7945b17f0ec75ebcf8ee4da5c67a6ba5c7c8ebb831	34254d46355a9ec15300be7945b17f0ec75ebcf8ee4da5c67a6ba5c7c8ebb831	match	
topo622	57c54e17cf606028bb1498e17113822c774f0e7ed2d42db6022129a857750526	57c54e17cf606028bb1498e17113822c774f0e7ed2d42db6022129a857750526	match	
topo623	bcaeec51c226fbe03e827270e57b066317f63cf32c9ea350e48534e5e9ef1762	bcaeec51c226fbe03e827270e57b066317f63cf32c9ea350e48534e5e9ef1762	match	
topo624	1f94d88a8bfc0707b59077baed912951df2821d58a4cb736c3d07b1f13e4a7f2	1f94d88a8bfc0707b59077baed912951df2821d58a4cb736c3d07b1f13e4a7f2	match	
topo625	f5a747d996c3f97763bcd2aa4cb37841e38e25978957165e4d9709b7b65e0aec	f5a747d996c3f97763bcd2aa4cb37841e38e25978957165e4d9709b7b65e0aec	match	
topo626	22067f248da120c34cc43d8e0636b56487b2ed3f353090e8a26f29c7ff470ce9	22067f248da120c34cc43d8e0636b56487b2ed3f353090e8a26f29c7ff470ce9	match	
topo627	8dee98f6448da610e77d46af7b85f3d90e5667ed520f0f26a19e8fe0113b7485	8dee98f6448da610e77d46af7b85f3d90e5667ed520f0f26a19e8fe0113b7485	match	
topo628	40a2910d0e4a2c3eacdc975d1fde5ec7b8a6f34f6c6bacafbfeab0452d80564b	40a2910d0e4a2c3eacdc975d1fde5ec7b8a6f34f6c6bacafbfeab0452d80564b	match	
topo629	f3a41ed4474d463f3a9f929224dd63305302a5ea2c83909558424665fbd08c6a	f3a41ed4474d463f3a9f929224dd63305302a5ea2c83909558424665fbd08c6a	match	
topo630	c56dc0c1ad67ce24675b01ab058906aab53faa988a2995b938cace51cffc880a	c56dc0c1ad67ce24675b01ab058906aab53faa988a2995b938cace51cffc880a	match	
topo631	12aa80fa167fdfc4a75a5989aaa2a5f0687d607eba44c3aad8f7ac646c824579	12aa80fa167fdfc4a75a5989aaa2a5f0687d607eba44c3aad8f7ac646c824579	match	
topo632	601cf36e7afd2f1296634e8d5c6ac8890398945ea69a18afb0b4a1a71f8025e4	601cf36e7afd2f1296634e8d5c6ac8890398945ea69a18afb0b4a1a71f8025e4	match	
topo633	8c4162adbc44f7add0a4a53aac8bd1815d8c11441205a0fb8ceaf5f7506e0b4e	8c4162adbc44f7add0a4a53aac8bd1815d8c11441205a0fb8ceaf5f7506e0b4e	match	
topo634	0b15c3fc4762910ae145fe1ab4e8acf87f764a6e1c42e43e3ce5a08000c4869b	0b15c3fc4762910ae145fe1ab4e8acf87f764a6e1c42e43e3ce5a08000c4869b	match	
topo635	c2904b07df2bfa6f076dc2fae703ef7046f86cacd7a3d682bddd82ec67c2c375	c2904b07df2bfa6f076dc2fae703ef7046f86cacd7a3d682bddd82ec67c2c375	match	
topo636	43f8601d87a14668830c8439d5e4cc6e06ce50daa8aa8635a9b9a1d5ba90abe6	43f8601d87a14668830c8439d5e4cc6e06ce50daa8aa8635a9b9a1d5ba90abe6	match	
topo637	44b57fe6973791086f6754a9b4bb21d5f9274f7ae51162d16ed6a8e9072993bd	44b57fe6973791086f6754a9b4bb21d5f9274f7ae51162d16ed6a8e9072993bd	match	
topo638	fe27cd012868b06b5e2c9f17b522aafc16dd6f3656aedcbdfbf07c6fcfc0d103	fe27cd012868b06b5e2c9f17b522aafc16dd6f3656aedcbdfbf07c6fcfc0d103	match	
topo639	11257b0a0fd36e7fc89fdab815a9a462c7a776a38bb409ea7ca0bebabf19093f	11257b0a0fd36e7fc89fdab815a9a462c7a776a38bb409ea7ca0bebabf19093f	match	
topo640	d636195bc4168f2a234a837f5acb29396d20dcb1832588b6bb3f143d02aa866d	d636195bc4168f2a234a837f5acb29396d20dcb1832588b6bb3f143d02aa866d	match	
topo641	834b6e3a38bb752be39215cfd350015619c92833be3b436f00167ae08731bb3c	834b6e3a38bb752be39215cfd350015619c92833be3b436f00167ae08731bb3c	match	
topo642	b07bab612c88ecfc185faed113ef3a6829751489149be13fd254e86be28c041f	b07bab612c88ecfc185faed113ef3a6829751489149be13fd254e86be28c041f	match	
topo643	315290fe3d15f7966ad098aa6af294519af0f166020f463ce4e49acf529a9182	315290fe3d15f7966ad098aa6af294519af0f166020f463ce4e49acf529a9182	match	
topo644	d39efaf66f8789f223553077b23bd3af7006a32a62568557343aa68f5642b49b	d39efaf66f8789f223553077b23bd3af7006a32a62568557343aa68f5642b49b	match	
topo645	eb5d673c63f9687aa0712b609ddab2143c6acdbfec28070cb8911873e3849684	eb5d673c63f9687aa0712b609ddab2143c6acdbfec28070cb8911873e3849684	match	
topo646	3d761ac6c7b163bb1acd3a7e3a3253ed8e899423753edfef4d3df5ac6e722400	3d761ac6c7b163bb1acd3a7e3a3253ed8e899423753edfef4d3df5ac6e722400	match	
topo647	0824aa887351019fb1537d6118ef081c1d38c0e77185919a1946be6822fdd26a	0824aa887351019fb1537d6118ef081c1d38c0e77185919a1946be6822fdd26a	match	
topo648	61da27699bb13a4f4ff592af7e0377941543cda6a67c6d529f88f64d8b974a34	61da27699bb13a4f4ff592af7e0377941543cda6a67c6d529f88f64d8b974a34	match	
topo649	143e64caa0b3526c8a4ea80bdb8693fe29e0006ba14ea44d304297d49e1e21b9	143e64caa0b3526c8a4ea80bdb8693fe29e0006ba14ea44d304297d49e1e21b9	match	
topo650	ae42e2b1375e5c2ee59e2694138819c3c5de5bb87bad070b6152365d364aad3d	ae42e2b1375e5c2ee59e2694138819c3c5de5bb87bad070b6152365d364aad3d	match	
topo651	39b1112585910613887514cfe181c994d070936c2ee4634e048e32f6816e5dbf	39b1112585910613887514cfe181c994d070936c2ee4634e048e32f6816e5dbf	match	
topo652	bf75f50b07a4744c0aebd86e390447cfdc105956b5a86d40e9bd631a28bb27b0	bf75f50b07a4744c0aebd86e390447cfdc105956b5a86d40e9bd631a28bb27b0	match	
topo653	2933d663e3b12f4a1433eccfbe63db4c70f40284aceb54d30f5d09fbc5cbcdf6	2933d663e3b12f4a1433eccfbe63db4c70f40284aceb54d30f5d09fbc5cbcdf6	match	
topo654	bf26fa2805050215db4ee50abcb77e4fd7effba6901e7d2b30e5516fb2035c0e	bf26fa2805050215db4ee50abcb77e4fd7effba6901e7d2b30e5516fb2035c0e	match	
topo655	c794182e92587f123dad88e47c10662997470ef27737a8577779603472689e13	c794182e92587f123dad88e47c10662997470ef27737a8577779603472689e13	match	
topo656	d9f8206adc8cee59046658ef9ee746967ffb855e904b19724a14c13522862612	d9f8206adc8cee59046658ef9ee746967ffb855e904b19724a14c13522862612	match	
topo657	e1740a14149bc271c8eea37e9884614bfacd64f363de413a013302c600ca3b57	e1740a14149bc271c8eea37e9884614bfacd64f363de413a013302c600ca3b57	match	
topo658	ae463acc50305dce9b5a08fcf36445f9a21addb1e55e130d62e9df498ed05c8a	ae463acc50305dce9b5a08fcf36445f9a21addb1e55e130d62e9df498ed05c8a	match	
topo659	a3f7e1d0af46c9adba9ca953e09fe98036b19cff1ac6880f191b749ea7bf931e	a3f7e1d0af46c9adba9ca953e09fe98036b19cff1ac6880f191b749ea7bf931e	match	
topo660	aacc71d8d1977517039d3c6029ff95678bcd38a59daa82982c14f42bd546c216	aacc71d8d1977517039d3c6029ff95678bcd38a59daa82982c14f42bd546c216	match	
topo661	3de8179c8267769572efca4e061291e692e2febcc92f88dcd90ee17cc5ec2782	3de8179c8267769572efca4e061291e692e2febcc92f88dcd90ee17cc5ec2782	match	
topo662	289a089f126a0a85888a113c5cec1af0396a74e8de7336ff8e4cd2fa5b43747b	289a089f126a0a85888a113c5cec1af0396a74e8de7336ff8e4cd2fa5b43747b	match	
topo663	fa07b4d3f348f0f4ae04e93bea9de78dab1749e842e180d72e42078e7953d073	fa07b4d3f348f0f4ae04e93bea9de78dab1749e842e180d72e42078e7953d073	match	
topo664	4bdfea8df9ac69eb53c7b11c6179379bd34f9c72f09e21675d71ec8ef301aa57	4bdfea8df9ac69eb53c7b11c6179379bd34f9c72f09e21675d71ec8ef301aa57	match	
topo665	8fbd8acedc33b7233148887d3a2a1e054f7f7a53c0305475df26766b11a7e3ce	8fbd8acedc33b7233148887d3a2a1e054f7f7a53c0305475df26766b11a7e3ce	match	
topo666	61f2f86fc7e32af1103030bfb3babfcbd4adcca77c55fa680a1a10950a3b4939	61f2f86fc7e32af1103030bfb3babfcbd4adcca77c55fa680a1a10950a3b4939	match	
topo667	fa96b76e16a7f9dede22de263bb3f4d6bd8d268f1d79cf699000dc89cf8d043a	fa96b76e16a7f9dede22de263bb3f4d6bd8d268f1d79cf699000dc89cf8d043a	match	
topo668	7f1014ff6200fd9c4bf254a3463470c157785fd9f73eaae319b6c9cafa2cee0a	7f1014ff6200fd9c4bf254a3463470c157785fd9f73eaae319b6c9cafa2cee0a	match	
topo669	48ce9f2f9179bcd0ffe8294add175161217bc4f41dd021b392d5d876102d1415	48ce9f2f9179bcd0ffe8294add175161217bc4f41dd021b392d5d876102d1415	match	
topo670	891fd1fc282e5e289a59c6a9d4a0605b17793b6b74ebd3c8d446ec05af2b9a35	891fd1fc282e5e289a59c6a9d4a0605b17793b6b74ebd3c8d446ec05af2b9a35	match	
topo671	e89c54ad1db16ba198d14fc543409fa6739872664069b6d3b7a3fba0bd45a365	e89c54ad1db16ba198d14fc543409fa6739872664069b6d3b7a3fba0bd45a365	match	
topo672	51cf7091464aec2d4c59f198d21a3823462c1fea592f3314b418d49c8ecb78bb	51cf7091464aec2d4c59f198d21a3823462c1fea592f3314b418d49c8ecb78bb	match	
topo673	6587db156df17b7dc581df53371df9285e9843a073bb605b70eb2c74532ff660	6587db156df17b7dc581df53371df9285e9843a073bb605b70eb2c74532ff660	match	
topo674	ff0f70244e0a057c78148b5159497799e08445ba1a3444ca51154098ab9d4c7c	ff0f70244e0a057c78148b5159497799e08445ba1a3444ca51154098ab9d4c7c	match	
topo675	8965fe56ff00e2713d5ffcf65f35b75186b9841507658ade9a8f7d4061461ff3	8965fe56ff00e2713d5ffcf65f35b75186b9841507658ade9a8f7d4061461ff3	match	
topo676	8185843f11aa8478c37c99e118a0e46860b3b00814623cf94cb076eaa0b852f8	8185843f11aa8478c37c99e118a0e46860b3b00814623cf94cb076eaa0b852f8	match	
topo677	0d624d4bb0b1aba6c9330efc93c7c268800bd31869ccf94148d8b492faca4c51	0d624d4bb0b1aba6c9330efc93c7c268800bd31869ccf94148d8b492faca4c51	match	
topo678	c01cbf4928ad1d5accb46df9033d9a78a1a204aa8981a1b5728a8dfbb65b1a5b	c01cbf4928ad1d5accb46df9033d9a78a1a204aa8981a1b5728a8dfbb65b1a5b	match	
topo679	9503ad63ff1bc45346525e80fbd5161ad93bd5eaedd12860152bd30884d9cc81	9503ad63ff1bc45346525e80fbd5161ad93bd5eaedd12860152bd30884d9cc81	match	
topo680	723987c1bfc9e1548f018c0505d481436dc78db3c90fc23b8bff08882f798941	723987c1bfc9e1548f018c0505d481436dc78db3c90fc23b8bff08882f798941	match	
topo681	d770a8976f34697501c733b8ce63c80548b0cf26d3322c84cfcf075481709a28	d770a8976f34697501c733b8ce63c80548b0cf26d3322c84cfcf075481709a28	match	
topo682	9b30fc453b22c2bbd0971659099b2e8f9d89bff0aee429d087828c2f4374ebda	9b30fc453b22c2bbd0971659099b2e8f9d89bff0aee429d087828c2f4374ebda	match	
topo683	b023681778c04ccdee1a3ee49f60063527328106ea23190a7bf33c873066dcb1	b023681778c04ccdee1a3ee49f60063527328106ea23190a7bf33c873066dcb1	match	
topo684	0d9bff7e2cfe9c56368ecc0617be269e7d220340aaeebf1933386f3f68c66226	0d9bff7e2cfe9c56368ecc0617be269e7d220340aaeebf1933386f3f68c66226	match	
topo685	670cdcd56aed4c9a734ff1405a7e2f5833f13e9264e63a9a41a5d6358400a9c8	670cdcd56aed4c9a734ff1405a7e2f5833f13e9264e63a9a41a5d6358400a9c8	match	
topo686	0728da665ee12cfaec065e29384d4230c27e7544c518be676b788c81da1d33a2	0728da665ee12cfaec065e29384d4230c27e7544c518be676b788c81da1d33a2	match	
topo687	d2151d53c8fb12b626cab0c8477b2241103325ce090016893958be224e293dd3	d2151d53c8fb12b626cab0c8477b2241103325ce090016893958be224e293dd3	match	
topo688	fc45c437d174c016850db41ccf1e18234152261abda57ed0c56f947323e5ef88	fc45c437d174c016850db41ccf1e18234152261abda57ed0c56f947323e5ef88	match	
topo689	5db6064b2b28c1bac03c3865110ba847bd2b2ab4a5bb59224386b06c1b7e1f12	5db6064b2b28c1bac03c3865110ba847bd2b2ab4a5bb59224386b06c1b7e1f12	match	
topo690	3957204960d9f802c2887f6704ead14fa21746131bb98384dff492adb114612c	3957204960d9f802c2887f6704ead14fa21746131bb98384dff492adb114612c	match	
topo691	ceab55c569bcc710b32fc436e94a472744bea20a59d5bbd80dcbf9e75ed5a2cc	ceab55c569bcc710b32fc436e94a472744bea20a59d5bbd80dcbf9e75ed5a2cc	match	
topo692	e1eb37d5c7186f677ee81e67a4917c1a3d554fa0ba1920b07979431e2d65d550	e1eb37d5c7186f677ee81e67a4917c1a3d554fa0ba1920b07979431e2d65d550	match	
topo693	f0d8696f75c7d83b6d441d570a0676b4f3ca061947197567d8c0bd4845ac3fab	f0d8696f75c7d83b6d441d570a0676b4f3ca061947197567d8c0bd4845ac3fab	match	
topo694	032de574998964a8de25605e0e01a211866b6b305442ab24ef450f19133f8bae	032de574998964a8de25605e0e01a211866b6b305442ab24ef450f19133f8bae	match	
topo695	ba63871c9ca6e094353caac6351ad98d06d242d5ec91a728132e56a853ed9d72	ba63871c9ca6e094353caac6351ad98d06d242d5ec91a728132e56a853ed9d72	match	
topo696	3fa09063104ea12e589c2e2014c8eec98c27c6793aa676a34e8e50646175d72e	3fa09063104ea12e589c2e2014c8eec98c27c6793aa676a34e8e50646175d72e	match	
topo697	d0be86acad1b2ed4e741d4e27c6d6f44fb1d5da2d02464cd27bbdabf8ff9cca9	d0be86acad1b2ed4e741d4e27c6d6f44fb1d5da2d02464cd27bbdabf8ff9cca9	match	
topo698	94aa77555e8dbefeef7044ead7c001d0316e65ce6b01857ee20f420d1aefbc2b	94aa77555e8dbefeef7044ead7c001d0316e65ce6b01857ee20f420d1aefbc2b	match	
topo699	cad60ebf6b825caa24d73113a255a863977c68f6983be032ba381572adf95920	cad60ebf6b825caa24d73113a255a863977c68f6983be032ba381572adf95920	match	
topo700	8d7381dff333f51d44ac247ea21f9fc5103806476c751fc6742e87d0a33cc9a0	8d7381dff333f51d44ac247ea21f9fc5103806476c751fc6742e87d0a33cc9a0	match	
topo701	ad8eeaafb6fd42af7e785d530aa8df40bcedc4b7742db9ee73013ec40a4369b5	ad8eeaafb6fd42af7e785d530aa8df40bcedc4b7742db9ee73013ec40a4369b5	match	
topo702	fd4a533cf5f42c7e22c5a1c16a13f7b33ccb4a17ed27ede67264f57bdbdeb6ae	fd4a533cf5f42c7e22c5a1c16a13f7b33ccb4a17ed27ede67264f57bdbdeb6ae	match	
topo703	1a7f0e14323187be797518dbeb83982684a005e41845f483d43c8570bb5c0f8f	1a7f0e14323187be797518dbeb83982684a005e41845f483d43c8570bb5c0f8f	match	
topo704	0b2db3c59c7e681e9d722b3f10ece9d231cce1addf2b1ba86c14e4745cbf52e2	0b2db3c59c7e681e9d722b3f10ece9d231cce1addf2b1ba86c14e4745cbf52e2	match	
topo705	365289707e894206636cff23d715aa52ab0262092bee9e981e8c7fe0a864f122	365289707e894206636cff23d715aa52ab0262092bee9e981e8c7fe0a864f122	match	
topo706	0de5709cc2383f99043191188b0f5ba307660522f6e596d6b06ed65e7b78913b	0de5709cc2383f99043191188b0f5ba307660522f6e596d6b06ed65e7b78913b	match	
topo707	04295e948b475a8db81fb667d2dd2a3226a24efe1b010a768f8b5bf59446ff47	04295e948b475a8db81fb667d2dd2a3226a24efe1b010a768f8b5bf59446ff47	match	
topo708	a0f5472c7df082aed08d870162580451cfc53cb081cddd970f7ffb808654dd7d	a0f5472c7df082aed08d870162580451cfc53cb081cddd970f7ffb808654dd7d	match	
topo709	06a9e422a0a49d79417429fbe304fd359bb0effcecf2554857f768c3f1d499c1	06a9e422a0a49d79417429fbe304fd359bb0effcecf2554857f768c3f1d499c1	match	
topo710	34a9094f46ffb12f650bc15b04b16d6898b67f5d77c8c997457d84e142b7b5ec	34a9094f46ffb12f650bc15b04b16d6898b67f5d77c8c997457d84e142b7b5ec	match	
topo711	e2f92b74ac673700495ec1f619e2f217f506f927770a4607e15174c033bfdbb4	e2f92b74ac673700495ec1f619e2f217f506f927770a4607e15174c033bfdbb4	match	
topo712	c39e3759baae503ad3227ed12c8d509a3c1bc1ccc796aa307f7590bbdf8cda2a	c39e3759baae503ad3227ed12c8d509a3c1bc1ccc796aa307f7590bbdf8cda2a	match	
topo713	fd9f76463f8c1df60daed6677ac9171850af48c49d19129c19f6f69c9cddeba8	fd9f76463f8c1df60daed6677ac9171850af48c49d19129c19f6f69c9cddeba8	match	
topo714	6c3720ca62b45af43c345ab9686ec92f6f7ccd823363c9ad625ea40749d776be	6c3720ca62b45af43c345ab9686ec92f6f7ccd823363c9ad625ea40749d776be	match	
topo715	eeb5d9f1c693acedf63a35a88089d5ab792db8615973ecbea9fc3d50557bc6e1	eeb5d9f1c693acedf63a35a88089d5ab792db8615973ecbea9fc3d50557bc6e1	match	
topo716	31631663bef1879f44f62c78a15c458dffa3d4237252e520217cef3a5a268953	31631663bef1879f44f62c78a15c458dffa3d4237252e520217cef3a5a268953	match	
topo717	6b76a550838e57f89b7928d26ab4bb30eb8e81e2bbd8e2aa09b8fd518f2fed46	6b76a550838e57f89b7928d26ab4bb30eb8e81e2bbd8e2aa09b8fd518f2fed46	match	
topo718	30b14323ff6da85d5e9b32d206e834cb600f956b49086b496cb0852ac5833c65	30b14323ff6da85d5e9b32d206e834cb600f956b49086b496cb0852ac5833c65	match	
topo719	c50887d88b0f7642871a561c6c5992c3204742cf6f6141e3ef5ba608edf01220	c50887d88b0f7642871a561c6c5992c3204742cf6f6141e3ef5ba608edf01220	match	
topo720	22250dfd59ceb9507e461c76556a99f6182efcfadcc28c318a8e07af257f3cdc	22250dfd59ceb9507e461c76556a99f6182efcfadcc28c318a8e07af257f3cdc	match	
topo721	8aa539c199da51bd7db474d42bc4ab44df99a57104c934aeb0e2363751b7cd20	8aa539c199da51bd7db474d42bc4ab44df99a57104c934aeb0e2363751b7cd20	match	
topo722	49283d9c170b4d562b39c30b1e1dcf24b15391bf8c23c038d44fe41b9a2730ee	49283d9c170b4d562b39c30b1e1dcf24b15391bf8c23c038d44fe41b9a2730ee	match	
topo723	c0b6614fd5018b257739e1070f4df1e23a144d68bd6a6810c5add99180e0b942	c0b6614fd5018b257739e1070f4df1e23a144d68bd6a6810c5add99180e0b942	match	
topo724	ce3b43e1f6520b5950d0aa549d79148d39206972bef54939a8af0dd9d2a318c6	ce3b43e1f6520b5950d0aa549d79148d39206972bef54939a8af0dd9d2a318c6	match	
topo725	afcbebef42ce849d55261e025e67b9f588bbe1fccb51a560112d2de3c05e9269	afcbebef42ce849d55261e025e67b9f588bbe1fccb51a560112d2de3c05e9269	match	
topo726	730d65c06fc48fc56480e3ebf259eceb8eb7a860fe9936921012e2b54300ccae	730d65c06fc48fc56480e3ebf259eceb8eb7a860fe9936921012e2b54300ccae	match	
topo727	2e99be8c5d7df06d42fdc2571843956bf4bb3db2ea3c5f50074f432151ca0245	2e99be8c5d7df06d42fdc2571843956bf4bb3db2ea3c5f50074f432151ca0245	match	
topo728	8a3affe577ca707df4666c65c938565e0330b7a20a2cd3715682eaa8cb659475	8a3affe577ca707df4666c65c938565e0330b7a20a2cd3715682eaa8cb659475	match	
topo729	31b0c6850c6f8fe206e32992760810e2519669f9c4c63ff11529129621cca114	31b0c6850c6f8fe206e32992760810e2519669f9c4c63ff11529129621cca114	match	
topo730	ebd86b5855fa5d2c448d76178418eedc75c6e715f2694e25d7ee27775f0842ca	ebd86b5855fa5d2c448d76178418eedc75c6e715f2694e25d7ee27775f0842ca	match	
topo731	80134cbd7c4b4ef7120ccbe652a9d5d445d888531b5fe3e65e1c6718561347ec	80134cbd7c4b4ef7120ccbe652a9d5d445d888531b5fe3e65e1c6718561347ec	match	
topo732	c76a6bc4f1a0976f3956a62820ad3db22d39d7800e0959a5267356499c0a232c	c76a6bc4f1a0976f3956a62820ad3db22d39d7800e0959a5267356499c0a232c	match	
topo733	34706958e5697b68e79fe48c6245d5cfd6458dbe02bbbdcbe42a07c95fb06d89	34706958e5697b68e79fe48c6245d5cfd6458dbe02bbbdcbe42a07c95fb06d89	match	
topo734	a7ece0a1f00274139f587de69eb04b18bfac63de5613beeb97bed24c7ef96ea9	a7ece0a1f00274139f587de69eb04b18bfac63de5613beeb97bed24c7ef96ea9	match	
topo735	6aebe2d2715a0e91b3be9fcc5edd21a0608de4db51667bfc50820540c80ee615	6aebe2d2715a0e91b3be9fcc5edd21a0608de4db51667bfc50820540c80ee615	match	
topo736	7f479a7b041ba98015de07b28e82996195a13bac5b8dab6b2c5a011886f23c59	7f479a7b041ba98015de07b28e82996195a13bac5b8dab6b2c5a011886f23c59	match	
topo737	5b8b7ed9d151aeebf3de634da6ef40fcf190bb047dd38f09c27d5c7e7dc523c0	5b8b7ed9d151aeebf3de634da6ef40fcf190bb047dd38f09c27d5c7e7dc523c0	match	
topo738	fa1943786c05c90cb8f8b139762734f6905fa816f640d1e4fdc113abacccb9f2	fa1943786c05c90cb8f8b139762734f6905fa816f640d1e4fdc113abacccb9f2	match	
topo739	185fbd51a692ec0589c0c33badb15fcb501cca9191952a222a3ab2514f379fab	185fbd51a692ec0589c0c33badb15fcb501cca9191952a222a3ab2514f379fab	match	
topo740	edc3b0593bd3608b8a3dab8f59677724b0e3547e2dff21a2897773742bac69ab	edc3b0593bd3608b8a3dab8f59677724b0e3547e2dff21a2897773742bac69ab	match	
topo741	1198f16f56ac246817c8a84d58507109bc67b07dbd8d19f07e3c525726894726	1198f16f56ac246817c8a84d58507109bc67b07dbd8d19f07e3c525726894726	match	
topo742	31f25894eee67f6d5415bf7a16f61fe55995d582245604828ec10433a1110f4d	31f25894eee67f6d5415bf7a16f61fe55995d582245604828ec10433a1110f4d	match	
topo743	e0a53da9603be532bc86d8dd9ff9a7f4e058b74ad2353d745c30019f3a4cdff9	e0a53da9603be532bc86d8dd9ff9a7f4e058b74ad2353d745c30019f3a4cdff9	match	
topo744	b42a0e745eb4e47f62408c0fa598773cf0b6df512fddd80be4a7fbc06113ae06	b42a0e745eb4e47f62408c0fa598773cf0b6df512fddd80be4a7fbc06113ae06	match	
topo745	c8c4c34760e11ce24cc12ed3876bd41f891de45fc33b4e4da3fbf1bab6f1cf11	c8c4c34760e11ce24cc12ed3876bd41f891de45fc33b4e4da3fbf1bab6f1cf11	match	
topo746	cfeff264b91b74fa31b023edb313bb2979e229e31e2f106c736fe3e6faf23d70	cfeff264b91b74fa31b023edb313bb2979e229e31e2f106c736fe3e6faf23d70	match	
topo747	90ddea2bf69ef8927cb3697b95535c2dd441c11ba66b98b939b9d8caa43430b5	90ddea2bf69ef8927cb3697b95535c2dd441c11ba66b98b939b9d8caa43430b5	match	
topo748	594b6108cfb1113c043d566f104586d3320ec880be185a9553a0c83d0c83e78e	594b6108cfb1113c043d566f104586d3320ec880be185a9553a0c83d0c83e78e	match	
topo749	d8bf988d857720bb7f6386b513b9c4b5bb7694988d314f3d04c82b187e93175c	d8bf988d857720bb7f6386b513b9c4b5bb7694988d314f3d04c82b187e93175c	match	
topo750	0370dfef34307e6a6406e1ec3b5baf27965239528398306ecf13a51390298d76	0370dfef34307e6a6406e1ec3b5baf27965239528398306ecf13a51390298d76	match	
topo751	1ca264e854327488f52dc4177c982553552dcc673929458f67c85fe57a10cbb7	1ca264e854327488f52dc4177c982553552dcc673929458f67c85fe57a10cbb7	match	
topo752	aae57436cbe27fb7d883ffe97f7c635020c11ebe22803c8c3eb72a36c26547e3	aae57436cbe27fb7d883ffe97f7c635020c11ebe22803c8c3eb72a36c26547e3	match	
topo753	7e0bab7b7f3b9cf20aa9428bda4dc278a83995fdc5c04825826f5d6b6d73ef16	7e0bab7b7f3b9cf20aa9428bda4dc278a83995fdc5c04825826f5d6b6d73ef16	match	
topo754	b25ead1671cc618858a25bfcc2b44d119568f98f5c161a968612b95b478706e8	b25ead1671cc618858a25bfcc2b44d119568f98f5c161a968612b95b478706e8	match	
topo755	526f3020a4f3386c1f44f5654d2a369b3131541e7ddfce3d6e0a15c2ff9bab45	526f3020a4f3386c1f44f5654d2a369b3131541e7ddfce3d6e0a15c2ff9bab45	match	
topo756	41732472a43c90cdabb7951bc3affb47614a1cd208d02640cfba53a5c6c8679a	41732472a43c90cdabb7951bc3affb47614a1cd208d02640cfba53a5c6c8679a	match	
topo757	2cc6878189c457d355161501a295fea0ca2e1dcf86edea06d2b6d2c99a80abac	2cc6878189c457d355161501a295fea0ca2e1dcf86edea06d2b6d2c99a80abac	match	
topo758	703d115516e97716b20da32680d6518e4e17065b4a19c359c608b8e6f56bb6c2	703d115516e97716b20da32680d6518e4e17065b4a19c359c608b8e6f56bb6c2	match	
topo759	a5cc46b35f3e5002c82aadd87804e2a97e2805f0fa562c4f3ec4ef0e4f270c55	a5cc46b35f3e5002c82aadd87804e2a97e2805f0fa562c4f3ec4ef0e4f270c55	match	
topo760	5ac9d4abf76bc40fcde292e8748fd509e8173538c632cd007d497f23db3d1ad5	5ac9d4abf76bc40fcde292e8748fd509e8173538c632cd007d497f23db3d1ad5	match	
topo761	1e0614812b5998e247317278839b19b20538e000b96f7e357d3cb94178437815	1e0614812b5998e247317278839b19b20538e000b96f7e357d3cb94178437815	match	
topo762	67394a50bd11bcfaa03806b3bdf3bf6bb181f4dfa8cca31c1871d1a5d19f87d6	67394a50bd11bcfaa03806b3bdf3bf6bb181f4dfa8cca31c1871d1a5d19f87d6	match	
topo763	89f447ed0e25ef59aea4aa1d463c0e8f5e2018e4aafeaf1e9addf7d43ec17ed4	89f447ed0e25ef59aea4aa1d463c0e8f5e2018e4aafeaf1e9addf7d43ec17ed4	match	
topo764	48297c105b928ee939f1b020ba831d3e2784fa6c8a3fc02071710ba4f4f01937	48297c105b928ee939f1b020ba831d3e2784fa6c8a3fc02071710ba4f4f01937	match	
topo765	b12dd8b694f5c2e00983429f2944bd23b4a1632f53baf39ef2667b0f533f69d1	b12dd8b694f5c2e00983429f2944bd23b4a1632f53baf39ef2667b0f533f69d1	match	
topo766	72af3a672cb931947538674300cf3918f74b688df0405e2c965e99d5aa43f14f	72af3a672cb931947538674300cf3918f74b688df0405e2c965e99d5aa43f14f	match	
topo767	00e2f83a69799626e91d25a5a80659884236d668fc6a3c52f2e64f0302730fd1	00e2f83a69799626e91d25a5a80659884236d668fc6a3c52f2e64f0302730fd1	match	
topo768	0dac7e18ebddc9f78bc4c86211041b7f5c46d94f8e7ba2282ee65c9a5b3ed36d	0dac7e18ebddc9f78bc4c86211041b7f5c46d94f8e7ba2282ee65c9a5b3ed36d	match	
topo769	9438f9d016259609842eeee65267a4f95f3cbf01f4b5fdb5ef5c1ba15ea9d611	9438f9d016259609842eeee65267a4f95f3cbf01f4b5fdb5ef5c1ba15ea9d611	match	
topo770	0f215290fe7451de8142dbf2def3ab8a9bba7625682e5fcd2a52c56ce502209b	0f215290fe7451de8142dbf2def3ab8a9bba7625682e5fcd2a52c56ce502209b	match	
topo771	d37e960e5266e585ea381f226a0961584d7df90b934095254b4ad10b2f57a59d	d37e960e5266e585ea381f226a0961584d7df90b934095254b4ad10b2f57a59d	match	
topo772	42c3abc859ce40e3db472a62b1f8aff468ca19a260af50b15a1e4cf5b40b2a15	42c3abc859ce40e3db472a62b1f8aff468ca19a260af50b15a1e4cf5b40b2a15	match	
topo773	7e182443828d6208ad530ebef7da8adc3bfc07b742f23b081765f0a200980a90	7e182443828d6208ad530ebef7da8adc3bfc07b742f23b081765f0a200980a90	match	
topo774	1ac5b0633b2f4db43035ff3ab244e7715dc54b4475819a4dc1cba6068c05fcef	1ac5b0633b2f4db43035ff3ab244e7715dc54b4475819a4dc1cba6068c05fcef	match	
topo775	ab750d25806f310e915b52ec488807c1b2bdfa97049be95b9485fbbba6ae7820	ab750d25806f310e915b52ec488807c1b2bdfa97049be95b9485fbbba6ae7820	match	
topo776	cb6f54017250de2d98103b88e5b0854fafc9a4b05dbdaad1e8718a5df52ad07f	cb6f54017250de2d98103b88e5b0854fafc9a4b05dbdaad1e8718a5df52ad07f	match	
topo777	8e48df092dce08b15388582c23fb0349f539f0b5c47ee586cdfe8b3fa8e08ec8	8e48df092dce08b15388582c23fb0349f539f0b5c47ee586cdfe8b3fa8e08ec8	match	
topo778	cb1d2051a81db45fdc8ae1caf4364f95f3cd6f8ff6cac70be3c4091a29bb76c4	cb1d2051a81db45fdc8ae1caf4364f95f3cd6f8ff6cac70be3c4091a29bb76c4	match	
topo779	1d8231f2662cf7c99c1b264df6065be0f77fe2c87f11954d36c28a6b0882f5ec	1d8231f2662cf7c99c1b264df6065be0f77fe2c87f11954d36c28a6b0882f5ec	match	
topo780	1653b855f73a11508c37134c67c939e1017a42c7e742f5b9aadd9a7f57c0c936	1653b855f73a11508c37134c67c939e1017a42c7e742f5b9aadd9a7f57c0c936	match	
topo781	4e75455446813255d9120a234f61f6d85560050bbcbce169ccb09888cde0a338	4e75455446813255d9120a234f61f6d85560050bbcbce169ccb09888cde0a338	match	
topo782	360c6048c3ea0db97ea9de2bb3c8d944db05494f6a569c1f06e79c40589d19ff	360c6048c3ea0db97ea9de2bb3c8d944db05494f6a569c1f06e79c40589d19ff	match	
topo783	9c011381dfc9c381b269d412bf42222a6a6df2b0d3bcf370ca3f8be8420a01c4	9c011381dfc9c381b269d412bf42222a6a6df2b0d3bcf370ca3f8be8420a01c4	match	
topo784	57f4ce8fd492553065aa5941e6721ed2bf7fe3b159cf1d408ce4b6d9bbe70a5d	57f4ce8fd492553065aa5941e6721ed2bf7fe3b159cf1d408ce4b6d9bbe70a5d	match	
topo785	a822a10208ef5262b8e6aad81f9cf47ee8f0efc063413a5f7dbf984f669458d0	a822a10208ef5262b8e6aad81f9cf47ee8f0efc063413a5f7dbf984f669458d0	match	
topo786	dfacd66c252270f994686847177377554802d0b5ef5335603df3d62600e24813	dfacd66c252270f994686847177377554802d0b5ef5335603df3d62600e24813	match	
topo787	9bea7d6890c2a310fd8e63ea0552db82c1ebbf772d1b5056c773152b12f3070b	9bea7d6890c2a310fd8e63ea0552db82c1ebbf772d1b5056c773152b12f3070b	match	
topo788	1d2e1a385f85d31ae7fac9f70829beeb5736314e969cb739c4e78bc3cf42929c	1d2e1a385f85d31ae7fac9f70829beeb5736314e969cb739c4e78bc3cf42929c	match	
topo789	8506c036223846df9c494062a836d3b407e69348665a1bc2c74542a118866061	8506c036223846df9c494062a836d3b407e69348665a1bc2c74542a118866061	match	
topo790	617cdde0d7a3f4df450ccef6862420e02440a363cd3997e5396e37fc087bff46	617cdde0d7a3f4df450ccef6862420e02440a363cd3997e5396e37fc087bff46	match	
topo791	d9a41ff02affd8a4360e151ee128c3cb8d276a041107c7adcca75036685fd1b7	d9a41ff02affd8a4360e151ee128c3cb8d276a041107c7adcca75036685fd1b7	match	
topo792	101b983be7c8394b0f1a8c01ddbf8b0bd192c1de1d822470ecfe6fab8f64b9d0	101b983be7c8394b0f1a8c01ddbf8b0bd192c1de1d822470ecfe6fab8f64b9d0	match	
topo793	63b22b20d7270b9536ea3484c2a4c390abae0cb28f0c74571e99152174b154e3	63b22b20d7270b9536ea3484c2a4c390abae0cb28f0c74571e99152174b154e3	match	
topo794	e621b77e2b4a87a54f8416117634b1262f1699487e9ba5dddace006d5b11760f	e621b77e2b4a87a54f8416117634b1262f1699487e9ba5dddace006d5b11760f	match	
topo795	f703575723097d1bfa8720bd0feaea7191cc84e53c32f0ed995878176fb8355d	f703575723097d1bfa8720bd0feaea7191cc84e53c32f0ed995878176fb8355d	match	
topo796	de39e2f4e47ff7af90071e939e4545a9d95727eb0d8e7d1d7c6d02e0ac027da2	de39e2f4e47ff7af90071e939e4545a9d95727eb0d8e7d1d7c6d02e0ac027da2	match	
topo797	e70422c21dfde00b5d732fa2029a863418391eaf4add7f4bb716561d86bd3f5f	e70422c21dfde00b5d732fa2029a863418391eaf4add7f4bb716561d86bd3f5f	match	
topo798	395eb1f549b2ef9141415bf0d7244784084ef0557fb87b5df4b949409fb9c1c6	395eb1f549b2ef9141415bf0d7244784084ef0557fb87b5df4b949409fb9c1c6	match	
topo799	c2113626bc8f67dfbb864f2cc71119068a35b349138f47bc3def181e6cb47e4e	c2113626bc8f67dfbb864f2cc71119068a35b349138f47bc3def181e6cb47e4e	match	
topo800	25f9f54403a7c7e05ac7abbf7d525ec86f7703d9c9d1f0d88565b65b88249cac	25f9f54403a7c7e05ac7abbf7d525ec86f7703d9c9d1f0d88565b65b88249cac	match	
topo801	b96a59c3e98a1e442ca794e3a4144e4ebd6e40afdc35ebfb163129aa02adc2d0	b96a59c3e98a1e442ca794e3a4144e4ebd6e40afdc35ebfb163129aa02adc2d0	match	
topo802	e74575a9b0e7ddeeba7b7557c9396bae4cd9e29e9c1977fe5d56fb60de5bc74d	e74575a9b0e7ddeeba7b7557c9396bae4cd9e29e9c1977fe5d56fb60de5bc74d	match	
topo803	e33e6b3804a4fbb2e63f10554480bb371ecfde221e0350227634d22bd80a0eed	e33e6b3804a4fbb2e63f10554480bb371ecfde221e0350227634d22bd80a0eed	match	
topo804	7dfca42e1efe9cc05864c9820d045fbd37813b0f37a38eeb89354b4e4ba5aa44	7dfca42e1efe9cc05864c9820d045fbd37813b0f37a38eeb89354b4e4ba5aa44	match	
topo805	fd197b4f59fec8af58dacff46307bef6f084bce31027405850d0f3ddf1f5bee4	fd197b4f59fec8af58dacff46307bef6f084bce31027405850d0f3ddf1f5bee4	match	
topo806	5bb287913c0b972a67726deccbeab6a6089a8b97b3f872191ac538719c472586	5bb287913c0b972a67726deccbeab6a6089a8b97b3f872191ac538719c472586	match	
topo807	97a22809ff5d8108bd3b25e30dc687e62b1c3e59cd8c7a30a8e41df0b5e80b3a	97a22809ff5d8108bd3b25e30dc687e62b1c3e59cd8c7a30a8e41df0b5e80b3a	match	
topo808	df892d76ce28891b8e385dbda068d22d53e05deeaf2ffc475ce75f862d08e6fc	df892d76ce28891b8e385dbda068d22d53e05deeaf2ffc475ce75f862d08e6fc	match	
topo809	f646a21ab53acb23989bce858260932d88779b11afdd54fdaa069333c82babd7	f646a21ab53acb23989bce858260932d88779b11afdd54fdaa069333c82babd7	match	
topo810	28d9a96566dea63e81e13877a24cc3f8979414814c83806569820e5145e88100	28d9a96566dea63e81e13877a24cc3f8979414814c83806569820e5145e88100	match	
topo811	fc9e2416a61b121c55f97c3e2daa39442d793cd531e9f21020be1f89b93644e1	fc9e2416a61b121c55f97c3e2daa39442d793cd531e9f21020be1f89b93644e1	match	
topo812	6987668cdfa8f8dd7dbf072113886c92199bca3d16ff178b98cb01a94f3f4018	6987668cdfa8f8dd7dbf072113886c92199bca3d16ff178b98cb01a94f3f4018	match	
topo813	a351223dbe87dc9a5495e790f6810861dc09b20d5328bdf665f2a7626684cfbb	a351223dbe87dc9a5495e790f6810861dc09b20d5328bdf665f2a7626684cfbb	match	
topo814	9552d179bae9e6247cd7c3c6a8932cb26ae02809e63f720f4d79dc1e2f0fe574	9552d179bae9e6247cd7c3c6a8932cb26ae02809e63f720f4d79dc1e2f0fe574	match	
topo815	7dfe015781da5027d57f587fe8f013cbaaf5ffee53b635b913d6f9bbd320eb59	7dfe015781da5027d57f587fe8f013cbaaf5ffee53b635b913d6f9bbd320eb59	match	
topo816	ff32a72689a010e863f7e492952f7bd485469919cee48b2881612a0889b72282	ff32a72689a010e863f7e492952f7bd485469919cee48b2881612a0889b72282	match	
topo817	efe54fc98eb4bce283dfaf1d490a73dc3fafac71328c784ae89a61380651021d	efe54fc98eb4bce283dfaf1d490a73dc3fafac71328c784ae89a61380651021d	match	
topo818	48776a45d174e1f3ae210a8518e24309844819cdc385f8cc9f68ceb6d04f64e4	48776a45d174e1f3ae210a8518e24309844819cdc385f8cc9f68ceb6d04f64e4	match	
topo819	652145bffdccfb74f577d92e8a0d098d6f53edd3d2f37f0cc369c83f959aae8d	652145bffdccfb74f577d92e8a0d098d6f53edd3d2f37f0cc369c83f959aae8d	match	
topo820	cc272be025341f10f237b5f8b279d96ee203586fff995c23d4b5bbdb8aeff6e8	cc272be025341f10f237b5f8b279d96ee203586fff995c23d4b5bbdb8aeff6e8	match	
topo821	e480a6322dceb2994ec6745be730717f65011edd65983679262230ef2320fc92	e480a6322dceb2994ec6745be730717f65011edd65983679262230ef2320fc92	match	
topo822	2f42ab92278c7f9a3b2b89b4bc0190be07ab22c6fe5a56118e6851e420fc2464	2f42ab92278c7f9a3b2b89b4bc0190be07ab22c6fe5a56118e6851e420fc2464	match	
topo823	2be6ea1414f29c76fe75b7607029f37910ce25a055cf885676f146b6633e0403	2be6ea1414f29c76fe75b7607029f37910ce25a055cf885676f146b6633e0403	match	
topo824	8d98c76b12f8459dd0f2a612646849dbe4a5dfdde5e1c3c74a5566e920c3c37f	8d98c76b12f8459dd0f2a612646849dbe4a5dfdde5e1c3c74a5566e920c3c37f	match	
topo825	1f03c939e2dca7432ba4911e25afb1cec2f2e0db176f7e305e961b8e8d2be202	1f03c939e2dca7432ba4911e25afb1cec2f2e0db176f7e305e961b8e8d2be202	match	
topo826	aa712eb159a2ffd7a16786737bb1dbd12a7174785a6b6f3d570cc71d56e8118f	aa712eb159a2ffd7a16786737bb1dbd12a7174785a6b6f3d570cc71d56e8118f	match	
topo827	c810c7a6b39b52ba718e6252fc9467d2fa8246327c07f4d65f19f9908dc99678	c810c7a6b39b52ba718e6252fc9467d2fa8246327c07f4d65f19f9908dc99678	match	
topo828	28ba139f763f47430b5d9c72c0b84629b3edf883e1b687719f2d7eea1f58efa7	28ba139f763f47430b5d9c72c0b84629b3edf883e1b687719f2d7eea1f58efa7	match	
topo829	d1adcd9c29cb3a65d410cc5a713f420818e93d1d0990576cb2d73be01579b4a1	d1adcd9c29cb3a65d410cc5a713f420818e93d1d0990576cb2d73be01579b4a1	match	
topo830	319187ec024d2d9307889ff76f0540ca1cd4407ce2b5fc5bc1a3896e17ff72f5	319187ec024d2d9307889ff76f0540ca1cd4407ce2b5fc5bc1a3896e17ff72f5	match	
topo831	85b80e8f04b759a27befa75a7bc3394a1e20e04a4c05a9a0b5ddffb8c2384f41	85b80e8f04b759a27befa75a7bc3394a1e20e04a4c05a9a0b5ddffb8c2384f41	match	
topo832	0c91af222ca1fd34c7467af29462a1bc1d5089c46847ce5b0a4d37ecf22cb429	0c91af222ca1fd34c7467af29462a1bc1d5089c46847ce5b0a4d37ecf22cb429	match	
topo833	d7badd678723490375044104c15d2c59803e1458c675bd4ad2bd1029ecc8e422	d7badd678723490375044104c15d2c59803e1458c675bd4ad2bd1029ecc8e422	match	
topo834	c5f2406f3b33b53476879963d0399152bc63a2ddaa10d224ba5096a503f34ba6	c5f2406f3b33b53476879963d0399152bc63a2ddaa10d224ba5096a503f34ba6	match	
topo835	5e6dbf8923350c3d0f991ffccc7fc728a9a0554c0b109c50d1d12e62bc3e3574	5e6dbf8923350c3d0f991ffccc7fc728a9a0554c0b109c50d1d12e62bc3e3574	match	
topo836	98413e9d4c5b250525f6b1ab6d9ca0b81609a5981e0398be44c669ce33f4c56a	98413e9d4c5b250525f6b1ab6d9ca0b81609a5981e0398be44c669ce33f4c56a	match	
topo837	b455ca638a049f6853822e7c84c1cdafb1604357234e0ea30151deccf9f5dbe2	b455ca638a049f6853822e7c84c1cdafb1604357234e0ea30151deccf9f5dbe2	match	
topo838	4e0e03ace65da8beefac25494f7f13a2254b9d468bf6d35773c3fcbecf8dcba2	4e0e03ace65da8beefac25494f7f13a2254b9d468bf6d35773c3fcbecf8dcba2	match	
topo839	9daf5ec6944accc4da6075b2be135fa195cfea89957a8cc8a9045d8268acd60c	9daf5ec6944accc4da6075b2be135fa195cfea89957a8cc8a9045d8268acd60c	match	
topo840	5c8a66b13031fcee6e3119cdb640dfce427bf2c22b9d2f59ce180585ac35cb16	5c8a66b13031fcee6e3119cdb640dfce427bf2c22b9d2f59ce180585ac35cb16	match	
topo841	dc782c54a3b01d62bd339220a9d12e11df15134e9a2955552b4195444225e22d	dc782c54a3b01d62bd339220a9d12e11df15134e9a2955552b4195444225e22d	match	
topo842	08613ec25dd8004c75a29edce2e755e86d31d152fa2c4daff7f3c56035f388fd	08613ec25dd8004c75a29edce2e755e86d31d152fa2c4daff7f3c56035f388fd	match	
topo843	fa7d99ed0bcb75c222b0683e4ec60fb713b4669f6f4126d278c9096d268e2ee0	fa7d99ed0bcb75c222b0683e4ec60fb713b4669f6f4126d278c9096d268e2ee0	match	
topo844	9e6895043e922b20e93bef47c9c5f620b8f419421ea7b9845d8b060abf613bac	9e6895043e922b20e93bef47c9c5f620b8f419421ea7b9845d8b060abf613bac	match	
topo845	a0aeefa76c53cf507aeabf27d75f375295679ea10344b451ece747351e98b53b	a0aeefa76c53cf507aeabf27d75f375295679ea10344b451ece747351e98b53b	match	
topo846	cca16be37f6a5514c64595e112d9c5d94bdab57babfa97bfeb8c71cf35448ca7	cca16be37f6a5514c64595e112d9c5d94bdab57babfa97bfeb8c71cf35448ca7	match	
topo847	1d3df83cc52584641366f225eddc4a43a90d7579230ab935c5af457eae8a942c	1d3df83cc52584641366f225eddc4a43a90d7579230ab935c5af457eae8a942c	match	
topo848	58df340c9b4f5233c2d9cd896b85ef3baccd5d7e650372edd163b0d053a261f8	58df340c9b4f5233c2d9cd896b85ef3baccd5d7e650372edd163b0d053a261f8	match	
topo849	3aca63702b5e12765d1e05b25fd88e1783bd4c5a06f0d737ff8752a3572c7f6d	3aca63702b5e12765d1e05b25fd88e1783bd4c5a06f0d737ff8752a3572c7f6d	match	
topo850	9a5ec0ae8372f0972229db7e1891264c96da7a8d9ed870764913092c67fcdfdd	9a5ec0ae8372f0972229db7e1891264c96da7a8d9ed870764913092c67fcdfdd	match	
topo851	1e5fb78cc0a078f8f39e411bb4e8d860c52a6281b3b3876bcd083aac275ce9a5	1e5fb78cc0a078f8f39e411bb4e8d860c52a6281b3b3876bcd083aac275ce9a5	match	
topo852	aafc7b12bda00fade2246322c541b234c315319fa036eec5a63e1acd61cd529d	aafc7b12bda00fade2246322c541b234c315319fa036eec5a63e1acd61cd529d	match	
topo853	954bc0e244c301c7cc0f23b46c6b2cb0d2cecec361a15e92d63dd0721e87c430	954bc0e244c301c7cc0f23b46c6b2cb0d2cecec361a15e92d63dd0721e87c430	match	
topo854	4981490e8ba7ae62086154b0d781d0816c9be7ed7ae83bdadec7743d4bdd5718	4981490e8ba7ae62086154b0d781d0816c9be7ed7ae83bdadec7743d4bdd5718	match	
topo855	fa0c569cf962d0d70e7c2d005ebf26a96da6a1ba95ef76d941d14f6d6252db6b	fa0c569cf962d0d70e7c2d005ebf26a96da6a1ba95ef76d941d14f6d6252db6b	match	
topo856	52a467cd465c2b0541fdfec9e2a5a97bc1d466f19c0fea660bfa2fafaed91d65	52a467cd465c2b0541fdfec9e2a5a97bc1d466f19c0fea660bfa2fafaed91d65	match	
topo857	df9c2bf4c09504f8f2fe646c52e38d9e44bea2b0228973a7801511a644096ea2	df9c2bf4c09504f8f2fe646c52e38d9e44bea2b0228973a7801511a644096ea2	match	
topo858	211a570eda26e863a569553b3be0bb6a98eb9dd6a64ac1736222f482887335b0	211a570eda26e863a569553b3be0bb6a98eb9dd6a64ac1736222f482887335b0	match	
topo859	802aeea60874473d50804f932f4be8810e63856696b14ea89b73fbdb2c7afa6f	802aeea60874473d50804f932f4be8810e63856696b14ea89b73fbdb2c7afa6f	match	
topo860	9559c50eac404439c1eab099617e145eae46e6ae54ec5dd507d4684dc0952973	9559c50eac404439c1eab099617e145eae46e6ae54ec5dd507d4684dc0952973	match	
topo861	68450038d1540cf8aa12f5794c8b065429a153750c23812ddf36524e6e019cba	68450038d1540cf8aa12f5794c8b065429a153750c23812ddf36524e6e019cba	match	
topo862	814a475da00b78ff541f04a5fd4a10056b3f33dc64fa0f6daa292398d2314299	814a475da00b78ff541f04a5fd4a10056b3f33dc64fa0f6daa292398d2314299	match	
topo863	34c7358b1a757111682ca8b95342f2afcb494b4bbdcdf355bafa662840166432	34c7358b1a757111682ca8b95342f2afcb494b4bbdcdf355bafa662840166432	match	
topo864	754d5d881bb09a5f6b9f6c79ccea04cc3b9f3f8e6e5c44a5d65f831229d14371	754d5d881bb09a5f6b9f6c79ccea04cc3b9f3f8e6e5c44a5d65f831229d14371	match	
topo865	e105c5577c3043f5c7de875b9803e7dab2edc06dd053529b41047c287ed4a613	e105c5577c3043f5c7de875b9803e7dab2edc06dd053529b41047c287ed4a613	match	
topo866	08b5fc7cd5709957f97e3d4ea4ce4b6a6beb07cb63e8635ccaf18fddbc39f94b	08b5fc7cd5709957f97e3d4ea4ce4b6a6beb07cb63e8635ccaf18fddbc39f94b	match	
topo867	eb6a28a3b629551a0331c50ea5dcfd4bfa7d921cda105776d381337b62480e38	eb6a28a3b629551a0331c50ea5dcfd4bfa7d921cda105776d381337b62480e38	match	
topo868	437d811d153e5e821c15d3c08b62ef87ea8e34ca8dd6214d17c7710aa4b62ad1	437d811d153e5e821c15d3c08b62ef87ea8e34ca8dd6214d17c7710aa4b62ad1	match	
topo869	5cabdb7421ace1393a2ca3e8e149a0b434c0fc71a65b7d99b06c3e52df8577ad	5cabdb7421ace1393a2ca3e8e149a0b434c0fc71a65b7d99b06c3e52df8577ad	match	
topo870	a8b71e5b907e43456b89dd1a1feeae91389d6ba9c8c1b3b28bb3fa41fb3a9fc9	a8b71e5b907e43456b89dd1a1feeae91389d6ba9c8c1b3b28bb3fa41fb3a9fc9	match	
topo871	b5777b15b917b9e0d16618e143c67f905d2176916deaf029aa7e7a9e2187b858	b5777b15b917b9e0d16618e143c67f905d2176916deaf029aa7e7a9e2187b858	match	
topo872	6219046fb33abf60c54fb0c4538eb48a29175f7ff1a39ff42f570330dfbbd90a	6219046fb33abf60c54fb0c4538eb48a29175f7ff1a39ff42f570330dfbbd90a	match	
topo873	a81c7d63fd4398224641dee0fd6299c27feb07d71769cb3c24c0c2f5700c7c43	a81c7d63fd4398224641dee0fd6299c27feb07d71769cb3c24c0c2f5700c7c43	match	
topo874	e7a8d3d025d4653cee45df4c9152b535f7f0fbb6f448a1330ff74dacf0c2aa65	e7a8d3d025d4653cee45df4c9152b535f7f0fbb6f448a1330ff74dacf0c2aa65	match	
topo875	04e627a6df75995ffb30e1d34ab88ec8f61bcf9a248ab2b2d397240513b91eda	04e627a6df75995ffb30e1d34ab88ec8f61bcf9a248ab2b2d397240513b91eda	match	
topo876	55075f823801472b95480b922852d4e41fe8c47e710dae1bbd933cfd4c158ebf	55075f823801472b95480b922852d4e41fe8c47e710dae1bbd933cfd4c158ebf	match	
topo877	f979c6ee76a032fef0e149e35c99779ece6d5d33b6cc1e4bb7281f2187d7f955	f979c6ee76a032fef0e149e35c99779ece6d5d33b6cc1e4bb7281f2187d7f955	match	
topo878	4c818eb972bd258275faaa7d6b730c1625bf4bc6b875199b9021c452812d12ac	4c818eb972bd258275faaa7d6b730c1625bf4bc6b875199b9021c452812d12ac	match	
topo879	b83d814509ca10fb5f40a294b126f72ad93273b786749aca0f8dc87d6bff796c	b83d814509ca10fb5f40a294b126f72ad93273b786749aca0f8dc87d6bff796c	match	
topo880	2f04a649a0ae6b76e32eb485a930aa7278a3f23b305133f24338721238f767ac	2f04a649a0ae6b76e32eb485a930aa7278a3f23b305133f24338721238f767ac	match	
topo881	05bd2317e5c225e9ac5c977c2e0387f38aabfb33c5884015a5d545ace0dbf2f6	05bd2317e5c225e9ac5c977c2e0387f38aabfb33c5884015a5d545ace0dbf2f6	match	
topo882	2be6edbd7e8db4af6b30d71e00ce7357f9e32418f304af38f80d0c1010976547	2be6edbd7e8db4af6b30d71e00ce7357f9e32418f304af38f80d0c1010976547	match	
topo883	4b6bc6254226e48bc4f18985776fb50083d0f7df3157f94a0d5919d79378db20	4b6bc6254226e48bc4f18985776fb50083d0f7df3157f94a0d5919d79378db20	match	
topo884	8aa61eb05e4c21582b77e7fa4b4c12011190dd3543ffa68117df339c96edf544	8aa61eb05e4c21582b77e7fa4b4c12011190dd3543ffa68117df339c96edf544	match	
topo885	e8822f08b4d37e4ddaef7a5e683b34bb0ac72b1d71fb809ac28019ac8af93003	e8822f08b4d37e4ddaef7a5e683b34bb0ac72b1d71fb809ac28019ac8af93003	match	
topo886	cd0e8a93edc6653f8ddd70a0537132bd54d134a10caa2de45613b77206e66539	cd0e8a93edc6653f8ddd70a0537132bd54d134a10caa2de45613b77206e66539	match	
topo887	cfdec4080a3b9fba5ca7e3b4b232bad09f6220d70cb91fbb7cb4f65549cbe606	cfdec4080a3b9fba5ca7e3b4b232bad09f6220d70cb91fbb7cb4f65549cbe606	match	
topo888	0df53db06d83fd10769e3d8385ccbae9932b31aad35a7eac3a3a2910e9901d6f	0df53db06d83fd10769e3d8385ccbae9932b31aad35a7eac3a3a2910e9901d6f	match	
topo889	cad5a83c04445ea094f45322f539cef981cf6e0683505bc36a6b053ee39187b0	cad5a83c04445ea094f45322f539cef981cf6e0683505bc36a6b053ee39187b0	match	
topo890	5cf42901a89860084255beedb8a28cea5c0f2e31a283ab10a6820f42941fce2a	5cf42901a89860084255beedb8a28cea5c0f2e31a283ab10a6820f42941fce2a	match	
topo891	f466acf39976529e2ef2a8624d4c2a0757a58d14a31219402668b97dcb2d76a8	f466acf39976529e2ef2a8624d4c2a0757a58d14a31219402668b97dcb2d76a8	match	
topo892	be3587f3c4b5bd5a43bb7c20a218e8a379325f8860708080afc12eba4f017dea	be3587f3c4b5bd5a43bb7c20a218e8a379325f8860708080afc12eba4f017dea	match	
topo893	e0ee0e250daf834922ae4660cff00047e3c55f745f74e7e99b8fc30285fdfaba	e0ee0e250daf834922ae4660cff00047e3c55f745f74e7e99b8fc30285fdfaba	match	
topo894	b8dd3038bb151d9875c79d35cc3aa25e1808d6a7ecd3a00c808234d049ff0a27	b8dd3038bb151d9875c79d35cc3aa25e1808d6a7ecd3a00c808234d049ff0a27	match	
topo895	b551f482bd680ef1d24285edaf9b87024cf786b9e0b8d58210cdf6b1974a8690	b551f482bd680ef1d24285edaf9b87024cf786b9e0b8d58210cdf6b1974a8690	match	
topo896	409237e2eb3f7606fbde1d3894024b3ae04209dae4cba3d9d448f4f1836c40a4	409237e2eb3f7606fbde1d3894024b3ae04209dae4cba3d9d448f4f1836c40a4	match	
topo897	839f8b4e5c025284c532e3afd929fdf4cdf99f5bed85a057a0d33371ffc5567a	839f8b4e5c025284c532e3afd929fdf4cdf99f5bed85a057a0d33371ffc5567a	match	
topo898	b2a81741170ee1eb2f106056f942db80e3edc3b4c467c7056561ada39d52843c	b2a81741170ee1eb2f106056f942db80e3edc3b4c467c7056561ada39d52843c	match	
topo899	7af5955ae671e6719c4d9e233328e8b612a625687e55264a62b8b168dd330f3d	7af5955ae671e6719c4d9e233328e8b612a625687e55264a62b8b168dd330f3d	match	
topo900	2dc0e208f5929e6d98c2a08765535598f057de8e93793432bca552046e2067e4	2dc0e208f5929e6d98c2a08765535598f057de8e93793432bca552046e2067e4	match	
topo901	4c2b571748937d1f4d5b8a6f00c3012ae2ef3c7bf2ee78989d2d697471a655dd	4c2b571748937d1f4d5b8a6f00c3012ae2ef3c7bf2ee78989d2d697471a655dd	match	
topo902	11a0d10a05ea4ceef824c053bdb60de3c7b58f7ddab9dfa580a87bea14bf2123	11a0d10a05ea4ceef824c053bdb60de3c7b58f7ddab9dfa580a87bea14bf2123	match	
topo903	fe10350580d24c91bb3d9e2dcc83dac17ee9596abecaa81a994e6c16a1cb732e	fe10350580d24c91bb3d9e2dcc83dac17ee9596abecaa81a994e6c16a1cb732e	match	
topo904	99685cfe30f08e851cf5107ddaf1fa83db642b3e37728e7969f8c0a9b538604d	99685cfe30f08e851cf5107ddaf1fa83db642b3e37728e7969f8c0a9b538604d	match	
topo905	19f2b47f46921026606ee8b6005e83f5b2d939e9cab683d29e0fe15f7793af31	19f2b47f46921026606ee8b6005e83f5b2d939e9cab683d29e0fe15f7793af31	match	
topo906	5bf6a45a2e25b2abe408a4792a33271cfd026a48c97ff331d098c8080c1569b7	5bf6a45a2e25b2abe408a4792a33271cfd026a48c97ff331d098c8080c1569b7	match	
topo907	c80a5c3f03c78ba0cef2e97afc2e7d43f09745441b4089f1ab6519b3fe729755	c80a5c3f03c78ba0cef2e97afc2e7d43f09745441b4089f1ab6519b3fe729755	match	
topo908	b74551e958f0b0cbcdf8f3aa81fb96b0713e45b4b1e7edd9dbf7775767336ce1	b74551e958f0b0cbcdf8f3aa81fb96b0713e45b4b1e7edd9dbf7775767336ce1	match	
topo909	4078a9cc57a2b99eb531f83f6fdab9e80db2d9fd8e4fc95c572d1398c826d402	4078a9cc57a2b99eb531f83f6fdab9e80db2d9fd8e4fc95c572d1398c826d402	match	
topo910	f6a17206e0f32568b678f92c2c1170be75235561f7f6f62014b8d2ce4601bec4	f6a17206e0f32568b678f92c2c1170be75235561f7f6f62014b8d2ce4601bec4	match	
topo911	414220a83e453804d3e00cdf0e0c2b6dff2a3681cdc83a23631077ead9a350ba	414220a83e453804d3e00cdf0e0c2b6dff2a3681cdc83a23631077ead9a350ba	match	
topo912	921b93a7436cb6ee33f25bf5e44ccd0687ac453ca54415a0e26bcaccf8242386	921b93a7436cb6ee33f25bf5e44ccd0687ac453ca54415a0e26bcaccf8242386	match	
topo913	09660bf0520ee6de0ae48adc4c86904e28620f4bfeacbe9ea4589077244e150a	09660bf0520ee6de0ae48adc4c86904e28620f4bfeacbe9ea4589077244e150a	match	
topo914	ecf71d4d7a82da670e04682a553418dce309e2c39b83c83b5737a8ff926ac7e1	ecf71d4d7a82da670e04682a553418dce309e2c39b83c83b5737a8ff926ac7e1	match	
topo915	25b416e99babb1a3141fdb19f08242873255336e341a749d707e2d9006f224a0	25b416e99babb1a3141fdb19f08242873255336e341a749d707e2d9006f224a0	match	
topo916	69fc9a71c703fc3d42e9f971d2c0a762112dbde4106755918a1adcef1bb08651	69fc9a71c703fc3d42e9f971d2c0a762112dbde4106755918a1adcef1bb08651	match	
topo917	0f249257b07d278e955802759414821bde321953dcab37ad54c04f79586e65b7	0f249257b07d278e955802759414821bde321953dcab37ad54c04f79586e65b7	match	
topo918	dacdc4cd1bf5c3c8fe2af8f1537b7cdd89b325cb2b03df0e101d9b58003dcac2	dacdc4cd1bf5c3c8fe2af8f1537b7cdd89b325cb2b03df0e101d9b58003dcac2	match	
topo919	f79126f9b51c80e85b3bd75c8b5b685c0647aa182d0ea1bcd838af1838fba5dc	f79126f9b51c80e85b3bd75c8b5b685c0647aa182d0ea1bcd838af1838fba5dc	match	
topo920	1e2f5069bea5fc9e4555ed3e2c7919bf25ae054d8553ca61d1596a891fb5fe18	1e2f5069bea5fc9e4555ed3e2c7919bf25ae054d8553ca61d1596a891fb5fe18	match	
topo921	d2c233152a77525d133fe228c4d983affa33d7c05793dd0be78243d7d9296f80	d2c233152a77525d133fe228c4d983affa33d7c05793dd0be78243d7d9296f80	match	
topo922	26156dde4562232ff93cba7df57ea8b529d9e422037544b84b2866d19e53ebec	26156dde4562232ff93cba7df57ea8b529d9e422037544b84b2866d19e53ebec	match	
topo923	a2a7aac3ec020f5cbad41b9efaed0fbedd8a9f9023b2c49a35dc7c89fcf15847	a2a7aac3ec020f5cbad41b9efaed0fbedd8a9f9023b2c49a35dc7c89fcf15847	match	
topo924	526110b3e5d18bba61b72b0dd0dd81803bdec682154f6f9b56c38872fe9825de	526110b3e5d18bba61b72b0dd0dd81803bdec682154f6f9b56c38872fe9825de	match	
topo925	9b14ebb35e8e0f86119b710765936fc12fac41690cad528a9ffe76bbeb2663eb	9b14ebb35e8e0f86119b710765936fc12fac41690cad528a9ffe76bbeb2663eb	match	
topo926	66496dbcf07a833b2f5e53f940b8f36b8404425ea9a6cfff158f31c4c71bc9e2	66496dbcf07a833b2f5e53f940b8f36b8404425ea9a6cfff158f31c4c71bc9e2	match	
topo927	1513d31c2e070dc7b51f067817bac9183c41ee73b06b7125755a74aff3b2d8e5	1513d31c2e070dc7b51f067817bac9183c41ee73b06b7125755a74aff3b2d8e5	match	
topo928	02c1cf1fdf7729813da140d156e15051fd693ac319c166a368e942712473da74	02c1cf1fdf7729813da140d156e15051fd693ac319c166a368e942712473da74	match	
topo929	3117edcd9e1f22068b4fa5e6954a88c2347fd7cf8770963770703f46a8639af1	3117edcd9e1f22068b4fa5e6954a88c2347fd7cf8770963770703f46a8639af1	match	
topo930	9f171898f0b9f415fcf32b5a79f41eed2fdcabb274392b49639dc39b47f01e29	9f171898f0b9f415fcf32b5a79f41eed2fdcabb274392b49639dc39b47f01e29	match	
topo931	72cde7f450cb95c2e1f10ae40db6db5978918b5894b07313552fe67ae911f450	72cde7f450cb95c2e1f10ae40db6db5978918b5894b07313552fe67ae911f450	match	
topo932	81a83aea70828fd302a83be86654d38daed25456146216f9979bd3d4ef76de3a	81a83aea70828fd302a83be86654d38daed25456146216f9979bd3d4ef76de3a	match	
topo933	4c7410f2235e02188626362759dfeb74995c4bc8d12e18a859f97d6cdc253514	4c7410f2235e02188626362759dfeb74995c4bc8d12e18a859f97d6cdc253514	match	
topo934	ad0e5f754d917c9a9ce500a79f007333943531613630fba3c334aa6ddacce2ba	ad0e5f754d917c9a9ce500a79f007333943531613630fba3c334aa6ddacce2ba	match	
topo935	4832b402b3cb73e2c0e6968387be01ae8fb0b5957d7dd655600360a609c032a9	4832b402b3cb73e2c0e6968387be01ae8fb0b5957d7dd655600360a609c032a9	match	
topo936	7041e2079450c40c0b4e519ecf9dbc13d61b02821cafca553458da718501aee3	7041e2079450c40c0b4e519ecf9dbc13d61b02821cafca553458da718501aee3	match	
topo937	36df1651144f2f7cd173de59fc9de01171b5ca82b414bf41d565e3dcd4acc21d	36df1651144f2f7cd173de59fc9de01171b5ca82b414bf41d565e3dcd4acc21d	match	
topo938	99f6953d7f5e96aa3ce8514118c5ac0461bbd18f9b989022e808c2fac0ffd680	99f6953d7f5e96aa3ce8514118c5ac0461bbd18f9b989022e808c2fac0ffd680	match	
topo939	1174a2954111943eb1a8f2c3ea7e253b05e246a706b41af76ef6a3e054db387f	1174a2954111943eb1a8f2c3ea7e253b05e246a706b41af76ef6a3e054db387f	match	
topo940	fdaba67e787a451b9c9c3eb9ceaf8421d1d681e66128337df059f265a4a0fc7f	fdaba67e787a451b9c9c3eb9ceaf8421d1d681e66128337df059f265a4a0fc7f	match	
topo941	426edbeb80a0e7d4cffa618a6a5fbc4503e8659f1fd59899f3413e71d92cfd65	426edbeb80a0e7d4cffa618a6a5fbc4503e8659f1fd59899f3413e71d92cfd65	match	
topo942	b599840c3252d2c49bd67a9feb437005e47ecf2d1d8a1560a7b5aa63887f1ca3	b599840c3252d2c49bd67a9feb437005e47ecf2d1d8a1560a7b5aa63887f1ca3	match	
topo943	ffbcc9011f56641df4079e76be709b067b41faec47bf351203320c7d840f4869	ffbcc9011f56641df4079e76be709b067b41faec47bf351203320c7d840f4869	match	
topo944	5043e63685d3f59bce6f4e0e35dd5dcf2c8c94d1c35dec4b3cd23b538150ef84	5043e63685d3f59bce6f4e0e35dd5dcf2c8c94d1c35dec4b3cd23b538150ef84	match	
topo945	e323d48b3655ca9b0f535ef7d97092f5885f2a0cb314cca153eeed1c05a39662	e323d48b3655ca9b0f535ef7d97092f5885f2a0cb314cca153eeed1c05a39662	match	
