m	replicate	seed	n_background_windows	n_supergene_windows	n_total_windows	unrooted_RF	normalized_RF	n_background_splits_recovered	fraction_background_splits_recovered	exact_background_match	focal_split	focal_class	runtime_seconds	weighted_optimal_topology_id	weighted_focal_split	weighted_focal_class	weighted_normalized_score	weighted_RF_to_background
1	1	20262003	160	1	161	0	0	4	1	true	inv_mac_SB,inv_mac_Sb|richteri_SB,richteri_Sb	species	0	topo118	inv_mac_SB,inv_mac_Sb|richteri_SB,richteri_Sb	species	0.966634810783	0
1	2	20262004	160	1	161	0	0	4	1	true	inv_mac_SB,inv_mac_Sb|richteri_SB,richteri_Sb	species	0	topo118	inv_mac_SB,inv_mac_Sb|richteri_SB,richteri_Sb	species	0.966102423915	0
1	3	20262005	160	1	161	0	0	4	1	true	inv_mac_SB,inv_mac_Sb|richteri_SB,richteri_Sb	species	0	topo118	inv_mac_SB,inv_mac_Sb|richteri_SB,richteri_Sb	species	0.966517970166	0
1	4	20262006	160	1	161	0	0	4	1	true	inv_mac_SB,inv_mac_Sb|richteri_SB,richteri_Sb	species	0	topo118	inv_mac_SB,inv_mac_Sb|richteri_SB,richteri_Sb	species	0.966693171769	0
1	5	20262007	160	1	161	0	0	4	1	true	inv_mac_SB,inv_mac_Sb|richteri_SB,richteri_Sb	species	0	topo118	inv_mac_SB,inv_mac_Sb|richteri_SB,richteri_Sb	species	0.966664754458	0
1	6	20262008	160	1	161	0	0	4	1	true	inv_mac_SB,inv_mac_Sb|richteri_SB,richteri_Sb	species	0	topo118	inv_mac_SB,inv_mac_Sb|richteri_SB,richteri_Sb	species	0.966634810783	0
1	7	20262009	160	1	161	0	0	4	1	true	inv_mac_SB,inv_mac_Sb|richteri_SB,richteri_Sb	species	0	topo118	inv_mac_SB,inv_mac_Sb|richteri_SB,richteri_Sb	species	0.967127189411	0
1	8	20262010	160	1	161	0	0	4	1	true	inv_mac_SB,inv_mac_Sb|richteri_SB,richteri_Sb	species	0	topo118	inv_mac_SB,inv_mac_Sb|richteri_SB,richteri_Sb	species	0.966634810783	0
1	9	20262011	160	1	161	0	0	4	1	true	inv_mac_SB,inv_mac_Sb|richteri_SB,richteri_Sb	species	0	topo118	inv_mac_SB,inv_mac_Sb|richteri_SB,richteri_Sb	species	0.966102423915	0
1	10	20262012	160	1	161	0	0	4	1	true	inv_mac_SB,inv_mac_Sb|richteri_SB,richteri_Sb	species	0	topo118	inv_mac_SB,inv_mac_Sb|richteri_SB,richteri_Sb	species	0.966664889137	0
1	11	20262013	160	1	161	0	0	4	1	true	inv_mac_SB,inv_mac_Sb|richteri_SB,richteri_Sb	species	0	topo118	inv_mac_SB,inv_mac_Sb|richteri_SB,richteri_Sb	species	0.96614971876	0
1	12	20262014	160	1	161	0	0	4	1	true	inv_mac_SB,inv_mac_Sb|richteri_SB,richteri_Sb	species	0	topo118	inv_mac_SB,inv_mac_Sb|richteri_SB,richteri_Sb	species	0.968409433676	0
1	13	20262015	160	1	161	0	0	4	1	true	inv_mac_SB,inv_mac_Sb|richteri_SB,richteri_Sb	species	0	topo118	inv_mac_SB,inv_mac_Sb|richteri_SB,richteri_Sb	species	0.96614971876	0
1	14	20262016	160	1	161	0	0	4	1	true	inv_mac_SB,inv_mac_Sb|richteri_SB,richteri_Sb	species	0	topo118	inv_mac_SB,inv_mac_Sb|richteri_SB,richteri_Sb	species	0.966618189125	0
1	15	20262017	160	1	161	0	0	4	1	true	inv_mac_SB,inv_mac_Sb|richteri_SB,richteri_Sb	species	0	topo118	inv_mac_SB,inv_mac_Sb|richteri_SB,richteri_Sb	species	0.966646842125	0
1	16	20262018	160	1	161	0	0	4	1	true	inv_mac_SB,inv_mac_Sb|richteri_SB,richteri_Sb	species	0	topo118	inv_mac_SB,inv_mac_Sb|richteri_SB,richteri_Sb	species	0.96614971876	0
1	17	20262019	160	1	161	0	0	4	1	true	inv_mac_SB,inv_mac_Sb|richteri_SB,richteri_Sb	species	0	topo118	inv_mac_SB,inv_mac_Sb|richteri_SB,richteri_Sb	species	0.967016429901	0
1	18	20262020	160	1	161	0	0	4	1	true	inv_mac_SB,inv_mac_Sb|richteri_SB,richteri_Sb	species	0	topo118	inv_mac_SB,inv_mac_Sb|richteri_SB,richteri_Sb	species	0.966664754458	0
1	19	20262021	160	1	161	0	0	4	1	true	inv_mac_SB,inv_mac_Sb|richteri_SB,richteri_Sb	species	0	topo118	inv_mac_SB,inv_mac_Sb|richteri_SB,richteri_Sb	species	0.966801909137	0
1	20	20262022	160	1	161	0	0	4	1	true	inv_mac_SB,inv_mac_Sb|richteri_SB,richteri_Sb	species	0	topo118	inv_mac_SB,inv_mac_Sb|richteri_SB,richteri_Sb	species	0.965493763728	0
1	21	20262023	160	1	161	0	0	4	1	true	inv_mac_SB,inv_mac_Sb|richteri_SB,richteri_Sb	species	0	topo118	inv_mac_SB,inv_mac_Sb|richteri_SB,richteri_Sb	species	0.966634810783	0
1	22	20262024	160	1	161	0	0	4	1	true	inv_mac_SB,inv_mac_Sb|richteri_SB,richteri_Sb	species	0	topo118	inv_mac_SB,inv_mac_Sb|richteri_SB,richteri_Sb	species	0.966111447421	0
1	23	20262025	160	1	161	0	0	4	1	true	inv_mac_SB,inv_mac_Sb|richteri_SB,richteri_Sb	species	0	topo118	inv_mac_SB,inv_mac_Sb|richteri_SB,richteri_Sb	species	0.966646842125	0
1	24	20262026	160	1	161	0	0	4	1	true	inv_mac_SB,inv_mac_Sb|richteri_SB,richteri_Sb	species	0	topo118	inv_mac_SB,inv_mac_Sb|richteri_SB,richteri_Sb	species	0.966452589829	0
1	25	20262027	160	1	161	0	0	4	1	true	inv_mac_SB,inv_mac_Sb|richteri_SB,richteri_Sb	species	0	topo118	inv_mac_SB,inv_mac_Sb|richteri_SB,richteri_Sb	species	0.967017557839	0
1	26	20262028	160	1	161	0	0	4	1	true	inv_mac_SB,inv_mac_Sb|richteri_SB,richteri_Sb	species	0	topo118	inv_mac_SB,inv_mac_Sb|richteri_SB,richteri_Sb	species	0.96693173813	0
1	27	20262029	160	1	161	0	0	4	1	true	inv_mac_SB,inv_mac_Sb|richteri_SB,richteri_Sb	species	0	topo118	inv_mac_SB,inv_mac_Sb|richteri_SB,richteri_Sb	species	0.96614971876	0
1	28	20262030	160	1	161	0	0	4	1	true	inv_mac_SB,inv_mac_Sb|richteri_SB,richteri_Sb	species	0	topo118	inv_mac_SB,inv_mac_Sb|richteri_SB,richteri_Sb	species	0.967127189411	0
1	29	20262031	160	1	161	0	0	4	1	true	inv_mac_SB,inv_mac_Sb|richteri_SB,richteri_Sb	species	0	topo118	inv_mac_SB,inv_mac_Sb|richteri_SB,richteri_Sb	species	0.966634810783	0
1	30	20262032	160	1	161	0	0	4	1	true	inv_mac_SB,inv_mac_Sb|richteri_SB,richteri_Sb	species	0	topo118	inv_mac_SB,inv_mac_Sb|richteri_SB,richteri_Sb	species	0.966664889137	0
1	31	20262033	160	1	161	0	0	4	1	true	inv_mac_SB,inv_mac_Sb|richteri_SB,richteri_Sb	species	0	topo118	inv_mac_SB,inv_mac_Sb|richteri_SB,richteri_Sb	species	0.967127189411	0
1	32	20262034	160	1	161	0	0	4	1	true	inv_mac_SB,inv_mac_Sb|richteri_SB,richteri_Sb	species	0	topo118	inv_mac_SB,inv_mac_Sb|richteri_SB,richteri_Sb	species	0.966618189125	0
1	33	20262035	160	1	161	0	0	4	1	true	inv_mac_SB,inv_mac_Sb|richteri_SB,richteri_Sb	species	0	topo118	inv_mac_SB,inv_mac_Sb|richteri_SB,richteri_Sb	species	0.966801909137	0
1	34	20262036	160	1	161	0	0	4	1	true	inv_mac_SB,inv_mac_Sb|richteri_SB,richteri_Sb	species	0	topo118	inv_mac_SB,inv_mac_Sb|richteri_SB,richteri_Sb	species	0.967016429901	0
1	35	20262037	160	1	161	0	0	4	1	true	inv_mac_SB,inv_mac_Sb|richteri_SB,richteri_Sb	species	0	topo118	inv_mac_SB,inv_mac_Sb|richteri_SB,richteri_Sb	species	0.966102423915	0
1	36	20262038	160	1	161	0	0	4	1	true	inv_mac_SB,inv_mac_Sb|richteri_SB,richteri_Sb	species	0	topo118	inv_mac_SB,inv_mac_Sb|richteri_SB,richteri_Sb	species	0.966646842125	0
1	37	20262039	160	1	161	0	0	4	1	true	inv_mac_SB,inv_mac_Sb|richteri_SB,richteri_Sb	species	0	topo118	inv_mac_SB,inv_mac_Sb|richteri_SB,richteri_Sb	species	0.966801909137	0
1	38	20262040	160	1	161	0	0	4	1	true	inv_mac_SB,inv_mac_Sb|richteri_SB,richteri_Sb	species	0	topo118	inv_mac_SB,inv_mac_Sb|richteri_SB,richteri_Sb	species	0.966523229068	0
1	39	20262041	160	1	161	0	0	4	1	true	inv_mac_SB,inv_mac_Sb|richteri_SB,richteri_Sb	species	0	topo118	inv_mac_SB,inv_mac_Sb|richteri_SB,richteri_Sb	species	0.966111447421	0
1	40	20262042	160	1	161	0	0	4	1	true	inv_mac_SB,inv_mac_Sb|richteri_SB,richteri_Sb	species	0	topo118	inv_mac_SB,inv_mac_Sb|richteri_SB,richteri_Sb	species	0.966111447421	0
1	41	20262043	160	1	161	0	0	4	1	true	inv_mac_SB,inv_mac_Sb|richteri_SB,richteri_Sb	species	0	topo118	inv_mac_SB,inv_mac_Sb|richteri_SB,richteri_Sb	species	0.966634810783	0
1	42	20262044	160	1	161	0	0	4	1	true	inv_mac_SB,inv_mac_Sb|richteri_SB,richteri_Sb	species	0	topo118	inv_mac_SB,inv_mac_Sb|richteri_SB,richteri_Sb	species	0.967016429901	0
1	43	20262045	160	1	161	0	0	4	1	true	inv_mac_SB,inv_mac_Sb|richteri_SB,richteri_Sb	species	0	topo118	inv_mac_SB,inv_mac_Sb|richteri_SB,richteri_Sb	species	0.966460356329	0
1	44	20262046	160	1	161	0	0	4	1	true	inv_mac_SB,inv_mac_Sb|richteri_SB,richteri_Sb	species	0	topo118	inv_mac_SB,inv_mac_Sb|richteri_SB,richteri_Sb	species	0.966664889137	0
1	45	20262047	160	1	161	0	0	4	1	true	inv_mac_SB,inv_mac_Sb|richteri_SB,richteri_Sb	species	0	topo118	inv_mac_SB,inv_mac_Sb|richteri_SB,richteri_Sb	species	0.966627577388	0
1	46	20262048	160	1	161	0	0	4	1	true	inv_mac_SB,inv_mac_Sb|richteri_SB,richteri_Sb	species	0	topo118	inv_mac_SB,inv_mac_Sb|richteri_SB,richteri_Sb	species	0.966607740264	0
1	47	20262049	160	1	161	0	0	4	1	true	inv_mac_SB,inv_mac_Sb|richteri_SB,richteri_Sb	species	0	topo118	inv_mac_SB,inv_mac_Sb|richteri_SB,richteri_Sb	species	0.966634810783	0
1	48	20262050	160	1	161	0	0	4	1	true	inv_mac_SB,inv_mac_Sb|richteri_SB,richteri_Sb	species	0	topo118	inv_mac_SB,inv_mac_Sb|richteri_SB,richteri_Sb	species	0.966634810783	0
1	49	20262051	160	1	161	0	0	4	1	true	inv_mac_SB,inv_mac_Sb|richteri_SB,richteri_Sb	species	0	topo118	inv_mac_SB,inv_mac_Sb|richteri_SB,richteri_Sb	species	0.966664754458	0
1	50	20262052	160	1	161	0	0	4	1	true	inv_mac_SB,inv_mac_Sb|richteri_SB,richteri_Sb	species	0	topo118	inv_mac_SB,inv_mac_Sb|richteri_SB,richteri_Sb	species	0.96614971876	0
1	51	20262053	160	1	161	0	0	4	1	true	inv_mac_SB,inv_mac_Sb|richteri_SB,richteri_Sb	species	0	topo118	inv_mac_SB,inv_mac_Sb|richteri_SB,richteri_Sb	species	0.966102423915	0
1	52	20262054	160	1	161	0	0	4	1	true	inv_mac_SB,inv_mac_Sb|richteri_SB,richteri_Sb	species	0	topo118	inv_mac_SB,inv_mac_Sb|richteri_SB,richteri_Sb	species	0.966634810783	0
1	53	20262055	160	1	161	0	0	4	1	true	inv_mac_SB,inv_mac_Sb|richteri_SB,richteri_Sb	species	0	topo118	inv_mac_SB,inv_mac_Sb|richteri_SB,richteri_Sb	species	0.966801909137	0
1	54	20262056	160	1	161	0	0	4	1	true	inv_mac_SB,inv_mac_Sb|richteri_SB,richteri_Sb	species	0	topo118	inv_mac_SB,inv_mac_Sb|richteri_SB,richteri_Sb	species	0.966664889137	0
1	55	20262057	160	1	161	0	0	4	1	true	inv_mac_SB,inv_mac_Sb|richteri_SB,richteri_Sb	species	0	topo118	inv_mac_SB,inv_mac_Sb|richteri_SB,richteri_Sb	species	0.966102423915	0
1	56	20262058	160	1	161	0	0	4	1	true	inv_mac_SB,inv_mac_Sb|richteri_SB,richteri_Sb	species	0	topo118	inv_mac_SB,inv_mac_Sb|richteri_SB,richteri_Sb	species	0.966634810783	0
1	57	20262059	160	1	161	0	0	4	1	true	inv_mac_SB,inv_mac_Sb|richteri_SB,richteri_Sb	species	0	topo118	inv_mac_SB,inv_mac_Sb|richteri_SB,richteri_Sb	species	0.966634810783	0
1	58	20262060	160	1	161	0	0	4	1	true	inv_mac_SB,inv_mac_Sb|richteri_SB,richteri_Sb	species	0	topo118	inv_mac_SB,inv_mac_Sb|richteri_SB,richteri_Sb	species	0.966646842125	0
1	59	20262061	160	1	161	0	0	4	1	true	inv_mac_SB,inv_mac_Sb|richteri_SB,richteri_Sb	species	0	topo118	inv_mac_SB,inv_mac_Sb|richteri_SB,richteri_Sb	species	0.968409433676	0
1	60	20262062	160	1	161	0	0	4	1	true	inv_mac_SB,inv_mac_Sb|richteri_SB,richteri_Sb	species	0	topo118	inv_mac_SB,inv_mac_Sb|richteri_SB,richteri_Sb	species	0.966664889137	0
1	61	20262063	160	1	161	0	0	4	1	true	inv_mac_SB,inv_mac_Sb|richteri_SB,richteri_Sb	species	0	topo118	inv_mac_SB,inv_mac_Sb|richteri_SB,richteri_Sb	species	0.966646842125	0
1	62	20262064	160	1	161	0	0	4	1	true	inv_mac_SB,inv_mac_Sb|richteri_SB,richteri_Sb	species	0	topo118	inv_mac_SB,inv_mac_Sb|richteri_SB,richteri_Sb	species	0.966801909137	0
1	63	20262065	160	1	161	0	0	4	1	true	inv_mac_SB,inv_mac_Sb|richteri_SB,richteri_Sb	species	0	topo118	inv_mac_SB,inv_mac_Sb|richteri_SB,richteri_Sb	species	0.968409433676	0
1	64	20262066	160	1	161	0	0	4	1	true	inv_mac_SB,inv_mac_Sb|richteri_SB,richteri_Sb	species	0	topo118	inv_mac_SB,inv_mac_Sb|richteri_SB,richteri_Sb	species	0.966607740264	0
1	65	20262067	160	1	161	0	0	4	1	true	inv_mac_SB,inv_mac_Sb|richteri_SB,richteri_Sb	species	0	topo118	inv_mac_SB,inv_mac_Sb|richteri_SB,richteri_Sb	species	0.966630837747	0
1	66	20262068	160	1	161	0	0	4	1	true	inv_mac_SB,inv_mac_Sb|richteri_SB,richteri_Sb	species	0	topo118	inv_mac_SB,inv_mac_Sb|richteri_SB,richteri_Sb	species	0.966634810783	0
1	67	20262069	160	1	161	0	0	4	1	true	inv_mac_SB,inv_mac_Sb|richteri_SB,richteri_Sb	species	0	topo118	inv_mac_SB,inv_mac_Sb|richteri_SB,richteri_Sb	species	0.966634810783	0
1	68	20262070	160	1	161	0	0	4	1	true	inv_mac_SB,inv_mac_Sb|richteri_SB,richteri_Sb	species	0	topo118	inv_mac_SB,inv_mac_Sb|richteri_SB,richteri_Sb	species	0.968409433676	0
1	69	20262071	160	1	161	0	0	4	1	true	inv_mac_SB,inv_mac_Sb|richteri_SB,richteri_Sb	species	0	topo118	inv_mac_SB,inv_mac_Sb|richteri_SB,richteri_Sb	species	0.967127189411	0
1	70	20262072	160	1	161	0	0	4	1	true	inv_mac_SB,inv_mac_Sb|richteri_SB,richteri_Sb	species	0	topo118	inv_mac_SB,inv_mac_Sb|richteri_SB,richteri_Sb	species	0.966664754458	0
1	71	20262073	160	1	161	0	0	4	1	true	inv_mac_SB,inv_mac_Sb|richteri_SB,richteri_Sb	species	0	topo118	inv_mac_SB,inv_mac_Sb|richteri_SB,richteri_Sb	species	0.966634810783	0
1	72	20262074	160	1	161	0	0	4	1	true	inv_mac_SB,inv_mac_Sb|richteri_SB,richteri_Sb	species	0	topo118	inv_mac_SB,inv_mac_Sb|richteri_SB,richteri_Sb	species	0.966452589829	0
1	73	20262075	160	1	161	0	0	4	1	true	inv_mac_SB,inv_mac_Sb|richteri_SB,richteri_Sb	species	0	topo118	inv_mac_SB,inv_mac_Sb|richteri_SB,richteri_Sb	species	0.967017557839	0
1	74	20262076	160	1	161	0	0	4	1	true	inv_mac_SB,inv_mac_Sb|richteri_SB,richteri_Sb	species	0	topo118	inv_mac_SB,inv_mac_Sb|richteri_SB,richteri_Sb	species	0.966634810783	0
1	75	20262077	160	1	161	0	0	4	1	true	inv_mac_SB,inv_mac_Sb|richteri_SB,richteri_Sb	species	0	topo118	inv_mac_SB,inv_mac_Sb|richteri_SB,richteri_Sb	species	0.966161856723	0
1	76	20262078	160	1	161	0	0	4	1	true	inv_mac_SB,inv_mac_Sb|richteri_SB,richteri_Sb	species	0	topo118	inv_mac_SB,inv_mac_Sb|richteri_SB,richteri_Sb	species	0.966646842125	0
1	77	20262079	160	1	161	0	0	4	1	true	inv_mac_SB,inv_mac_Sb|richteri_SB,richteri_Sb	species	0	topo118	inv_mac_SB,inv_mac_Sb|richteri_SB,richteri_Sb	species	0.966634810783	0
1	78	20262080	160	1	161	0	0	4	1	true	inv_mac_SB,inv_mac_Sb|richteri_SB,richteri_Sb	species	0	topo118	inv_mac_SB,inv_mac_Sb|richteri_SB,richteri_Sb	species	0.966634810783	0
1	79	20262081	160	1	161	0	0	4	1	true	inv_mac_SB,inv_mac_Sb|richteri_SB,richteri_Sb	species	0	topo118	inv_mac_SB,inv_mac_Sb|richteri_SB,richteri_Sb	species	0.966102423915	0
1	80	20262082	160	1	161	0	0	4	1	true	inv_mac_SB,inv_mac_Sb|richteri_SB,richteri_Sb	species	0	topo118	inv_mac_SB,inv_mac_Sb|richteri_SB,richteri_Sb	species	0.966693171769	0
1	81	20262083	160	1	161	0	0	4	1	true	inv_mac_SB,inv_mac_Sb|richteri_SB,richteri_Sb	species	0	topo118	inv_mac_SB,inv_mac_Sb|richteri_SB,richteri_Sb	species	0.966634810783	0
1	82	20262084	160	1	161	0	0	4	1	true	inv_mac_SB,inv_mac_Sb|richteri_SB,richteri_Sb	species	0	topo118	inv_mac_SB,inv_mac_Sb|richteri_SB,richteri_Sb	species	0.966634810783	0
1	83	20262085	160	1	161	0	0	4	1	true	inv_mac_SB,inv_mac_Sb|richteri_SB,richteri_Sb	species	0	topo118	inv_mac_SB,inv_mac_Sb|richteri_SB,richteri_Sb	species	0.966664754458	0
1	84	20262086	160	1	161	0	0	4	1	true	inv_mac_SB,inv_mac_Sb|richteri_SB,richteri_Sb	species	0	topo118	inv_mac_SB,inv_mac_Sb|richteri_SB,richteri_Sb	species	0.966646842125	0
1	85	20262087	160	1	161	0	0	4	1	true	inv_mac_SB,inv_mac_Sb|richteri_SB,richteri_Sb	species	0	topo118	inv_mac_SB,inv_mac_Sb|richteri_SB,richteri_Sb	species	0.965936992968	0
1	86	20262088	160	1	161	0	0	4	1	true	inv_mac_SB,inv_mac_Sb|richteri_SB,richteri_Sb	species	0	topo118	inv_mac_SB,inv_mac_Sb|richteri_SB,richteri_Sb	species	0.968409433676	0
1	87	20262089	160	1	161	0	0	4	1	true	inv_mac_SB,inv_mac_Sb|richteri_SB,richteri_Sb	species	0	topo118	inv_mac_SB,inv_mac_Sb|richteri_SB,richteri_Sb	species	0.966618189125	0
1	88	20262090	160	1	161	0	0	4	1	true	inv_mac_SB,inv_mac_Sb|richteri_SB,richteri_Sb	species	0	topo118	inv_mac_SB,inv_mac_Sb|richteri_SB,richteri_Sb	species	0.966646842125	0
1	89	20262091	160	1	161	0	0	4	1	true	inv_mac_SB,inv_mac_Sb|richteri_SB,richteri_Sb	species	0	topo118	inv_mac_SB,inv_mac_Sb|richteri_SB,richteri_Sb	species	0.966630837747	0
1	90	20262092	160	1	161	0	0	4	1	true	inv_mac_SB,inv_mac_Sb|richteri_SB,richteri_Sb	species	0	topo118	inv_mac_SB,inv_mac_Sb|richteri_SB,richteri_Sb	species	0.968409433676	0
1	91	20262093	160	1	161	0	0	4	1	true	inv_mac_SB,inv_mac_Sb|richteri_SB,richteri_Sb	species	0	topo118	inv_mac_SB,inv_mac_Sb|richteri_SB,richteri_Sb	species	0.966664889137	0
1	92	20262094	160	1	161	0	0	4	1	true	inv_mac_SB,inv_mac_Sb|richteri_SB,richteri_Sb	species	0	topo118	inv_mac_SB,inv_mac_Sb|richteri_SB,richteri_Sb	species	0.966517970166	0
1	93	20262095	160	1	161	0	0	4	1	true	inv_mac_SB,inv_mac_Sb|richteri_SB,richteri_Sb	species	0	topo118	inv_mac_SB,inv_mac_Sb|richteri_SB,richteri_Sb	species	0.967127189411	0
1	94	20262096	160	1	161	0	0	4	1	true	inv_mac_SB,inv_mac_Sb|richteri_SB,richteri_Sb	species	0	topo118	inv_mac_SB,inv_mac_Sb|richteri_SB,richteri_Sb	species	0.966627577388	0
1	95	20262097	160	1	161	0	0	4	1	true	inv_mac_SB,inv_mac_Sb|richteri_SB,richteri_Sb	species	0	topo118	inv_mac_SB,inv_mac_Sb|richteri_SB,richteri_Sb	species	0.966634810783	0
1	96	20262098	160	1	161	0	0	4	1	true	inv_mac_SB,inv_mac_Sb|richteri_SB,richteri_Sb	species	0	topo118	inv_mac_SB,inv_mac_Sb|richteri_SB,richteri_Sb	species	0.966618189125	0
1	97	20262099	160	1	161	0	0	4	1	true	inv_mac_SB,inv_mac_Sb|richteri_SB,richteri_Sb	species	0	topo118	inv_mac_SB,inv_mac_Sb|richteri_SB,richteri_Sb	species	0.967127189411	0
1	98	20262100	160	1	161	0	0	4	1	true	inv_mac_SB,inv_mac_Sb|richteri_SB,richteri_Sb	species	0	topo118	inv_mac_SB,inv_mac_Sb|richteri_SB,richteri_Sb	species	0.966646842125	0
1	99	20262101	160	1	161	0	0	4	1	true	inv_mac_SB,inv_mac_Sb|richteri_SB,richteri_Sb	species	0	topo118	inv_mac_SB,inv_mac_Sb|richteri_SB,richteri_Sb	species	0.966634810783	0
1	100	20262102	160	1	161	0	0	4	1	true	inv_mac_SB,inv_mac_Sb|richteri_SB,richteri_Sb	species	0	topo118	inv_mac_SB,inv_mac_Sb|richteri_SB,richteri_Sb	species	0.966634810783	0
2	1	20263003	160	2	162	0	0	4	1	true	inv_mac_SB,inv_mac_Sb|richteri_SB,richteri_Sb	species	0	topo118	inv_mac_SB,inv_mac_Sb|richteri_SB,richteri_Sb	species	0.964636958405	0
2	2	20263004	160	2	162	0	0	4	1	true	inv_mac_SB,inv_mac_Sb|richteri_SB,richteri_Sb	species	0	topo118	inv_mac_SB,inv_mac_Sb|richteri_SB,richteri_Sb	species	0.965226648139	0
2	3	20263005	160	2	162	0	0	4	1	true	inv_mac_SB,inv_mac_Sb|richteri_SB,richteri_Sb	species	0	topo118	inv_mac_SB,inv_mac_Sb|richteri_SB,richteri_Sb	species	0.964606000514	0
2	4	20263006	160	2	162	0	0	4	1	true	inv_mac_SB,inv_mac_Sb|richteri_SB,richteri_Sb	species	0	topo118	inv_mac_SB,inv_mac_Sb|richteri_SB,richteri_Sb	species	0.964653382651	0
2	5	20263007	160	2	162	0	0	4	1	true	inv_mac_SB,inv_mac_Sb|richteri_SB,richteri_Sb	species	0	topo118	inv_mac_SB,inv_mac_Sb|richteri_SB,richteri_Sb	species	0.96511895007	0
2	6	20263008	160	2	162	0	0	4	1	true	inv_mac_SB,inv_mac_Sb|richteri_SB,richteri_Sb	species	0	topo118	inv_mac_SB,inv_mac_Sb|richteri_SB,richteri_Sb	species	0.966852725815	0
2	7	20263009	160	2	162	0	0	4	1	true	inv_mac_SB,inv_mac_Sb|richteri_SB,richteri_Sb	species	0	topo118	inv_mac_SB,inv_mac_Sb|richteri_SB,richteri_Sb	species	0.965106859148	0
2	8	20263010	160	2	162	0	0	4	1	true	inv_mac_SB,inv_mac_Sb|richteri_SB,richteri_Sb	species	0	topo118	inv_mac_SB,inv_mac_Sb|richteri_SB,richteri_Sb	species	0.966833579996	0
2	9	20263011	160	2	162	0	0	4	1	true	inv_mac_SB,inv_mac_Sb|richteri_SB,richteri_Sb	species	0	topo118	inv_mac_SB,inv_mac_Sb|richteri_SB,richteri_Sb	species	0.964521096365	0
2	10	20263012	160	2	162	0	0	4	1	true	inv_mac_SB,inv_mac_Sb|richteri_SB,richteri_Sb	species	0	topo118	inv_mac_SB,inv_mac_Sb|richteri_SB,richteri_Sb	species	0.965089057385	0
2	11	20263013	160	2	162	0	0	4	1	true	inv_mac_SB,inv_mac_Sb|richteri_SB,richteri_Sb	species	0	topo118	inv_mac_SB,inv_mac_Sb|richteri_SB,richteri_Sb	species	0.964066281389	0
2	12	20263014	160	2	162	0	0	4	1	true	inv_mac_SB,inv_mac_Sb|richteri_SB,richteri_Sb	species	0	topo118	inv_mac_SB,inv_mac_Sb|richteri_SB,richteri_Sb	species	0.964027867058	0
2	13	20263015	160	2	162	0	0	4	1	true	inv_mac_SB,inv_mac_Sb|richteri_SB,richteri_Sb	species	0	topo118	inv_mac_SB,inv_mac_Sb|richteri_SB,richteri_Sb	species	0.965037339036	0
2	14	20263016	160	2	162	0	0	4	1	true	inv_mac_SB,inv_mac_Sb|richteri_SB,richteri_Sb	species	0	topo118	inv_mac_SB,inv_mac_Sb|richteri_SB,richteri_Sb	species	0.964966207372	0
2	15	20263017	160	2	162	0	0	4	1	true	inv_mac_SB,inv_mac_Sb|richteri_SB,richteri_Sb	species	0	topo118	inv_mac_SB,inv_mac_Sb|richteri_SB,richteri_Sb	species	0.964595002683	0
2	16	20263018	160	2	162	0	0	4	1	true	inv_mac_SB,inv_mac_Sb|richteri_SB,richteri_Sb	species	0	topo118	inv_mac_SB,inv_mac_Sb|richteri_SB,richteri_Sb	species	0.965456363755	0
2	17	20263019	160	2	162	0	0	4	1	true	inv_mac_SB,inv_mac_Sb|richteri_SB,richteri_Sb	species	0	topo118	inv_mac_SB,inv_mac_Sb|richteri_SB,richteri_Sb	species	0.964927263226	0
2	18	20263020	160	2	162	0	0	4	1	true	inv_mac_SB,inv_mac_Sb|richteri_SB,richteri_Sb	species	0	topo118	inv_mac_SB,inv_mac_Sb|richteri_SB,richteri_Sb	species	0.963955053831	0
2	19	20263021	160	2	162	0	0	4	1	true	inv_mac_SB,inv_mac_Sb|richteri_SB,richteri_Sb	species	0	topo118	inv_mac_SB,inv_mac_Sb|richteri_SB,richteri_Sb	species	0.964591433407	0
2	20	20263022	160	2	162	0	0	4	1	true	inv_mac_SB,inv_mac_Sb|richteri_SB,richteri_Sb	species	0	topo118	inv_mac_SB,inv_mac_Sb|richteri_SB,richteri_Sb	species	0.967330107995	0
2	21	20263023	160	2	162	0	0	4	1	true	inv_mac_SB,inv_mac_Sb|richteri_SB,richteri_Sb	species	0	topo118	inv_mac_SB,inv_mac_Sb|richteri_SB,richteri_Sb	species	0.966320636018	0
2	22	20263024	160	2	162	0	0	4	1	true	inv_mac_SB,inv_mac_Sb|richteri_SB,richteri_Sb	species	0	topo118	inv_mac_SB,inv_mac_Sb|richteri_SB,richteri_Sb	species	0.965077100311	0
2	23	20263025	160	2	162	0	0	4	1	true	inv_mac_SB,inv_mac_Sb|richteri_SB,richteri_Sb	species	0	topo118	inv_mac_SB,inv_mac_Sb|richteri_SB,richteri_Sb	species	0.964547999782	0
2	24	20263026	160	2	162	0	0	4	1	true	inv_mac_SB,inv_mac_Sb|richteri_SB,richteri_Sb	species	0	topo118	inv_mac_SB,inv_mac_Sb|richteri_SB,richteri_Sb	species	0.964763974433	0
2	25	20263027	160	2	162	0	0	4	1	true	inv_mac_SB,inv_mac_Sb|richteri_SB,richteri_Sb	species	0	topo118	inv_mac_SB,inv_mac_Sb|richteri_SB,richteri_Sb	species	0.964018899253	0
2	26	20263028	160	2	162	0	0	4	1	true	inv_mac_SB,inv_mac_Sb|richteri_SB,richteri_Sb	species	0	topo118	inv_mac_SB,inv_mac_Sb|richteri_SB,richteri_Sb	species	0.965345291356	0
2	27	20263029	160	2	162	0	0	4	1	true	inv_mac_SB,inv_mac_Sb|richteri_SB,richteri_Sb	species	0	topo118	inv_mac_SB,inv_mac_Sb|richteri_SB,richteri_Sb	species	0.965069911566	0
2	28	20263030	160	2	162	0	0	4	1	true	inv_mac_SB,inv_mac_Sb|richteri_SB,richteri_Sb	species	0	topo118	inv_mac_SB,inv_mac_Sb|richteri_SB,richteri_Sb	species	0.964653003416	0
2	29	20263031	160	2	162	0	0	4	1	true	inv_mac_SB,inv_mac_Sb|richteri_SB,richteri_Sb	species	0	topo118	inv_mac_SB,inv_mac_Sb|richteri_SB,richteri_Sb	species	0.964763974433	0
2	30	20263032	160	2	162	0	0	4	1	true	inv_mac_SB,inv_mac_Sb|richteri_SB,richteri_Sb	species	0	topo118	inv_mac_SB,inv_mac_Sb|richteri_SB,richteri_Sb	species	0.964559956856	0
2	31	20263033	160	2	162	0	0	4	1	true	inv_mac_SB,inv_mac_Sb|richteri_SB,richteri_Sb	species	0	topo118	inv_mac_SB,inv_mac_Sb|richteri_SB,richteri_Sb	species	0.964714066665	0
2	32	20263034	160	2	162	0	0	4	1	true	inv_mac_SB,inv_mac_Sb|richteri_SB,richteri_Sb	species	0	topo118	inv_mac_SB,inv_mac_Sb|richteri_SB,richteri_Sb	species	0.963939148245	0
2	33	20263035	160	2	162	0	0	4	1	true	inv_mac_SB,inv_mac_Sb|richteri_SB,richteri_Sb	species	0	topo118	inv_mac_SB,inv_mac_Sb|richteri_SB,richteri_Sb	species	0.966840768741	0
2	34	20263036	160	2	162	0	0	4	1	true	inv_mac_SB,inv_mac_Sb|richteri_SB,richteri_Sb	species	0	topo118	inv_mac_SB,inv_mac_Sb|richteri_SB,richteri_Sb	species	0.965077100311	0
2	35	20263037	160	2	162	0	0	4	1	true	inv_mac_SB,inv_mac_Sb|richteri_SB,richteri_Sb	species	0	topo118	inv_mac_SB,inv_mac_Sb|richteri_SB,richteri_Sb	species	0.96472303447	0
2	36	20263038	160	2	162	0	0	4	1	true	inv_mac_SB,inv_mac_Sb|richteri_SB,richteri_Sb	species	0	topo118	inv_mac_SB,inv_mac_Sb|richteri_SB,richteri_Sb	species	0.967330107995	0
2	37	20263039	160	2	162	0	0	4	1	true	inv_mac_SB,inv_mac_Sb|richteri_SB,richteri_Sb	species	0	topo118	inv_mac_SB,inv_mac_Sb|richteri_SB,richteri_Sb	species	0.964636824557	0
2	38	20263040	160	2	162	0	0	4	1	true	inv_mac_SB,inv_mac_Sb|richteri_SB,richteri_Sb	species	0	topo118	inv_mac_SB,inv_mac_Sb|richteri_SB,richteri_Sb	species	0.964586860272	0
2	39	20263041	160	2	162	0	0	4	1	true	inv_mac_SB,inv_mac_Sb|richteri_SB,richteri_Sb	species	0	topo118	inv_mac_SB,inv_mac_Sb|richteri_SB,richteri_Sb	species	0.965077100311	0
2	40	20263042	160	2	162	0	0	4	1	true	inv_mac_SB,inv_mac_Sb|richteri_SB,richteri_Sb	species	0	topo118	inv_mac_SB,inv_mac_Sb|richteri_SB,richteri_Sb	species	0.965096404974	0
2	41	20263043	160	2	162	0	0	4	1	true	inv_mac_SB,inv_mac_Sb|richteri_SB,richteri_Sb	species	0	topo118	inv_mac_SB,inv_mac_Sb|richteri_SB,richteri_Sb	species	0.965089057385	0
2	42	20263044	160	2	162	0	0	4	1	true	inv_mac_SB,inv_mac_Sb|richteri_SB,richteri_Sb	species	0	topo118	inv_mac_SB,inv_mac_Sb|richteri_SB,richteri_Sb	species	0.965172756904	0
2	43	20263045	160	2	162	0	0	4	1	true	inv_mac_SB,inv_mac_Sb|richteri_SB,richteri_Sb	species	0	topo118	inv_mac_SB,inv_mac_Sb|richteri_SB,richteri_Sb	species	0.965242885157	0
2	44	20263046	160	2	162	0	0	4	1	true	inv_mac_SB,inv_mac_Sb|richteri_SB,richteri_Sb	species	0	topo118	inv_mac_SB,inv_mac_Sb|richteri_SB,richteri_Sb	species	0.964210212438	0
2	45	20263047	160	2	162	0	0	4	1	true	inv_mac_SB,inv_mac_Sb|richteri_SB,richteri_Sb	species	0	topo118	inv_mac_SB,inv_mac_Sb|richteri_SB,richteri_Sb	species	0.965077100311	0
2	46	20263048	160	2	162	0	0	4	1	true	inv_mac_SB,inv_mac_Sb|richteri_SB,richteri_Sb	species	0	topo118	inv_mac_SB,inv_mac_Sb|richteri_SB,richteri_Sb	species	0.965623551614	0
2	47	20263049	160	2	162	0	0	4	1	true	inv_mac_SB,inv_mac_Sb|richteri_SB,richteri_Sb	species	0	topo118	inv_mac_SB,inv_mac_Sb|richteri_SB,richteri_Sb	species	0.96460706572	0
2	48	20263050	160	2	162	0	0	4	1	true	inv_mac_SB,inv_mac_Sb|richteri_SB,richteri_Sb	species	0	topo118	inv_mac_SB,inv_mac_Sb|richteri_SB,richteri_Sb	species	0.964383590013	0
2	49	20263051	160	2	162	0	0	4	1	true	inv_mac_SB,inv_mac_Sb|richteri_SB,richteri_Sb	species	0	topo118	inv_mac_SB,inv_mac_Sb|richteri_SB,richteri_Sb	species	0.965076818274	0
2	50	20263052	160	2	162	0	0	4	1	true	inv_mac_SB,inv_mac_Sb|richteri_SB,richteri_Sb	species	0	topo118	inv_mac_SB,inv_mac_Sb|richteri_SB,richteri_Sb	species	0.964018899253	0
2	51	20263053	160	2	162	0	0	4	1	true	inv_mac_SB,inv_mac_Sb|richteri_SB,richteri_Sb	species	0	topo118	inv_mac_SB,inv_mac_Sb|richteri_SB,richteri_Sb	species	0.966840768741	0
2	52	20263054	160	2	162	0	0	4	1	true	inv_mac_SB,inv_mac_Sb|richteri_SB,richteri_Sb	species	0	topo118	inv_mac_SB,inv_mac_Sb|richteri_SB,richteri_Sb	species	0.964086932996	0
2	53	20263055	160	2	162	0	0	4	1	true	inv_mac_SB,inv_mac_Sb|richteri_SB,richteri_Sb	species	0	topo118	inv_mac_SB,inv_mac_Sb|richteri_SB,richteri_Sb	species	0.964643656374	0
2	54	20263056	160	2	162	0	0	4	1	true	inv_mac_SB,inv_mac_Sb|richteri_SB,richteri_Sb	species	0	topo118	inv_mac_SB,inv_mac_Sb|richteri_SB,richteri_Sb	species	0.965106992996	0
2	55	20263057	160	2	162	0	0	4	1	true	inv_mac_SB,inv_mac_Sb|richteri_SB,richteri_Sb	species	0	topo118	inv_mac_SB,inv_mac_Sb|richteri_SB,richteri_Sb	species	0.965147058117	0
2	56	20263058	160	2	162	0	0	4	1	true	inv_mac_SB,inv_mac_Sb|richteri_SB,richteri_Sb	species	0	topo118	inv_mac_SB,inv_mac_Sb|richteri_SB,richteri_Sb	species	0.966444250975	0
2	57	20263059	160	2	162	0	0	4	1	true	inv_mac_SB,inv_mac_Sb|richteri_SB,richteri_Sb	species	0	topo118	inv_mac_SB,inv_mac_Sb|richteri_SB,richteri_Sb	species	0.964761069566	0
2	58	20263060	160	2	162	0	0	4	1	true	inv_mac_SB,inv_mac_Sb|richteri_SB,richteri_Sb	species	0	topo118	inv_mac_SB,inv_mac_Sb|richteri_SB,richteri_Sb	species	0.964547999782	0
2	59	20263061	160	2	162	0	0	4	1	true	inv_mac_SB,inv_mac_Sb|richteri_SB,richteri_Sb	species	0	topo118	inv_mac_SB,inv_mac_Sb|richteri_SB,richteri_Sb	species	0.965077100311	0
2	60	20263062	160	2	162	0	0	4	1	true	inv_mac_SB,inv_mac_Sb|richteri_SB,richteri_Sb	species	0	topo118	inv_mac_SB,inv_mac_Sb|richteri_SB,richteri_Sb	species	0.964556967587	0
2	61	20263063	160	2	162	0	0	4	1	true	inv_mac_SB,inv_mac_Sb|richteri_SB,richteri_Sb	species	0	topo118	inv_mac_SB,inv_mac_Sb|richteri_SB,richteri_Sb	species	0.966840768741	0
2	62	20263064	160	2	162	0	0	4	1	true	inv_mac_SB,inv_mac_Sb|richteri_SB,richteri_Sb	species	0	topo118	inv_mac_SB,inv_mac_Sb|richteri_SB,richteri_Sb	species	0.965372194773	0
2	63	20263065	160	2	162	0	0	4	1	true	inv_mac_SB,inv_mac_Sb|richteri_SB,richteri_Sb	species	0	topo118	inv_mac_SB,inv_mac_Sb|richteri_SB,richteri_Sb	species	0.965077100311	0
2	64	20263066	160	2	162	0	0	4	1	true	inv_mac_SB,inv_mac_Sb|richteri_SB,richteri_Sb	species	0	topo118	inv_mac_SB,inv_mac_Sb|richteri_SB,richteri_Sb	species	0.965084721173	0
2	65	20263067	160	2	162	0	0	4	1	true	inv_mac_SB,inv_mac_Sb|richteri_SB,richteri_Sb	species	0	topo118	inv_mac_SB,inv_mac_Sb|richteri_SB,richteri_Sb	species	0.964559956856	0
2	66	20263068	160	2	162	0	0	4	1	true	inv_mac_SB,inv_mac_Sb|richteri_SB,richteri_Sb	species	0	topo118	inv_mac_SB,inv_mac_Sb|richteri_SB,richteri_Sb	species	0.966729875802	0
2	67	20263069	160	2	162	0	0	4	1	true	inv_mac_SB,inv_mac_Sb|richteri_SB,richteri_Sb	species	0	topo118	inv_mac_SB,inv_mac_Sb|richteri_SB,richteri_Sb	species	0.964547999782	0
2	68	20263070	160	2	162	0	0	4	1	true	inv_mac_SB,inv_mac_Sb|richteri_SB,richteri_Sb	species	0	topo118	inv_mac_SB,inv_mac_Sb|richteri_SB,richteri_Sb	species	0.966936425334	0
2	69	20263071	160	2	162	0	0	4	1	true	inv_mac_SB,inv_mac_Sb|richteri_SB,richteri_Sb	species	0	topo118	inv_mac_SB,inv_mac_Sb|richteri_SB,richteri_Sb	species	0.964547999782	0
2	70	20263072	160	2	162	0	0	4	1	true	inv_mac_SB,inv_mac_Sb|richteri_SB,richteri_Sb	species	0	topo118	inv_mac_SB,inv_mac_Sb|richteri_SB,richteri_Sb	species	0.964490946341	0
2	71	20263073	160	2	162	0	0	4	1	true	inv_mac_SB,inv_mac_Sb|richteri_SB,richteri_Sb	species	0	topo118	inv_mac_SB,inv_mac_Sb|richteri_SB,richteri_Sb	species	0.964595002683	0
2	72	20263074	160	2	162	0	0	4	1	true	inv_mac_SB,inv_mac_Sb|richteri_SB,richteri_Sb	species	0	topo118	inv_mac_SB,inv_mac_Sb|richteri_SB,richteri_Sb	species	0.963461378364	0
2	73	20263075	160	2	162	0	0	4	1	true	inv_mac_SB,inv_mac_Sb|richteri_SB,richteri_Sb	species	0	topo118	inv_mac_SB,inv_mac_Sb|richteri_SB,richteri_Sb	species	0.966840768741	0
2	74	20263076	160	2	162	0	0	4	1	true	inv_mac_SB,inv_mac_Sb|richteri_SB,richteri_Sb	species	0	topo118	inv_mac_SB,inv_mac_Sb|richteri_SB,richteri_Sb	species	0.966840768741	0
2	75	20263077	160	2	162	0	0	4	1	true	inv_mac_SB,inv_mac_Sb|richteri_SB,richteri_Sb	species	0	topo118	inv_mac_SB,inv_mac_Sb|richteri_SB,richteri_Sb	species	0.965310247421	0
2	76	20263078	160	2	162	0	0	4	1	true	inv_mac_SB,inv_mac_Sb|richteri_SB,richteri_Sb	species	0	topo118	inv_mac_SB,inv_mac_Sb|richteri_SB,richteri_Sb	species	0.964413482698	0
2	77	20263079	160	2	162	0	0	4	1	true	inv_mac_SB,inv_mac_Sb|richteri_SB,richteri_Sb	species	0	topo118	inv_mac_SB,inv_mac_Sb|richteri_SB,richteri_Sb	species	0.964714066665	0
2	78	20263080	160	2	162	0	0	4	1	true	inv_mac_SB,inv_mac_Sb|richteri_SB,richteri_Sb	species	0	topo118	inv_mac_SB,inv_mac_Sb|richteri_SB,richteri_Sb	species	0.966729875802	0
2	79	20263081	160	2	162	0	0	4	1	true	inv_mac_SB,inv_mac_Sb|richteri_SB,richteri_Sb	species	0	topo118	inv_mac_SB,inv_mac_Sb|richteri_SB,richteri_Sb	species	0.965164859881	0
2	80	20263082	160	2	162	0	0	4	1	true	inv_mac_SB,inv_mac_Sb|richteri_SB,richteri_Sb	species	0	topo118	inv_mac_SB,inv_mac_Sb|richteri_SB,richteri_Sb	species	0.965624440298	0
2	81	20263083	160	2	162	0	0	4	1	true	inv_mac_SB,inv_mac_Sb|richteri_SB,richteri_Sb	species	0	topo118	inv_mac_SB,inv_mac_Sb|richteri_SB,richteri_Sb	species	0.964075249195	0
2	82	20263084	160	2	162	0	0	4	1	true	inv_mac_SB,inv_mac_Sb|richteri_SB,richteri_Sb	species	0	topo118	inv_mac_SB,inv_mac_Sb|richteri_SB,richteri_Sb	species	0.964595002683	0
2	83	20263085	160	2	162	0	0	4	1	true	inv_mac_SB,inv_mac_Sb|richteri_SB,richteri_Sb	species	0	topo118	inv_mac_SB,inv_mac_Sb|richteri_SB,richteri_Sb	species	0.964547999782	0
2	84	20263086	160	2	162	0	0	4	1	true	inv_mac_SB,inv_mac_Sb|richteri_SB,richteri_Sb	species	0	topo118	inv_mac_SB,inv_mac_Sb|richteri_SB,richteri_Sb	species	0.964547717745	0
2	85	20263087	160	2	162	0	0	4	1	true	inv_mac_SB,inv_mac_Sb|richteri_SB,richteri_Sb	species	0	topo118	inv_mac_SB,inv_mac_Sb|richteri_SB,richteri_Sb	species	0.964896004177	0
2	86	20263088	160	2	162	0	0	4	1	true	inv_mac_SB,inv_mac_Sb|richteri_SB,richteri_Sb	species	0	topo118	inv_mac_SB,inv_mac_Sb|richteri_SB,richteri_Sb	species	0.964531480727	0
2	87	20263089	160	2	162	0	0	4	1	true	inv_mac_SB,inv_mac_Sb|richteri_SB,richteri_Sb	species	0	topo118	inv_mac_SB,inv_mac_Sb|richteri_SB,richteri_Sb	species	0.966840768741	0
2	88	20263090	160	2	162	0	0	4	1	true	inv_mac_SB,inv_mac_Sb|richteri_SB,richteri_Sb	species	0	topo118	inv_mac_SB,inv_mac_Sb|richteri_SB,richteri_Sb	species	0.965566157528	0
2	89	20263091	160	2	162	0	0	4	1	true	inv_mac_SB,inv_mac_Sb|richteri_SB,richteri_Sb	species	0	topo118	inv_mac_SB,inv_mac_Sb|richteri_SB,richteri_Sb	species	0.964521096365	0
2	90	20263092	160	2	162	0	0	4	1	true	inv_mac_SB,inv_mac_Sb|richteri_SB,richteri_Sb	species	0	topo118	inv_mac_SB,inv_mac_Sb|richteri_SB,richteri_Sb	species	0.966840768741	0
2	91	20263093	160	2	162	0	0	4	1	true	inv_mac_SB,inv_mac_Sb|richteri_SB,richteri_Sb	species	0	topo118	inv_mac_SB,inv_mac_Sb|richteri_SB,richteri_Sb	species	0.965706765187	0
2	92	20263094	160	2	162	0	0	4	1	true	inv_mac_SB,inv_mac_Sb|richteri_SB,richteri_Sb	species	0	topo118	inv_mac_SB,inv_mac_Sb|richteri_SB,richteri_Sb	species	0.964961723469	0
2	93	20263095	160	2	162	0	0	4	1	true	inv_mac_SB,inv_mac_Sb|richteri_SB,richteri_Sb	species	0	topo118	inv_mac_SB,inv_mac_Sb|richteri_SB,richteri_Sb	species	0.966328131596	0
2	94	20263096	160	2	162	0	0	4	1	true	inv_mac_SB,inv_mac_Sb|richteri_SB,richteri_Sb	species	0	topo118	inv_mac_SB,inv_mac_Sb|richteri_SB,richteri_Sb	species	0.965077100311	0
2	95	20263097	160	2	162	0	0	4	1	true	inv_mac_SB,inv_mac_Sb|richteri_SB,richteri_Sb	species	0	topo118	inv_mac_SB,inv_mac_Sb|richteri_SB,richteri_Sb	species	0.965106992996	0
2	96	20263098	160	2	162	0	0	4	1	true	inv_mac_SB,inv_mac_Sb|richteri_SB,richteri_Sb	species	0	topo118	inv_mac_SB,inv_mac_Sb|richteri_SB,richteri_Sb	species	0.965069911566	0
2	97	20263099	160	2	162	0	0	4	1	true	inv_mac_SB,inv_mac_Sb|richteri_SB,richteri_Sb	species	0	topo118	inv_mac_SB,inv_mac_Sb|richteri_SB,richteri_Sb	species	0.964559956856	0
2	98	20263100	160	2	162	0	0	4	1	true	inv_mac_SB,inv_mac_Sb|richteri_SB,richteri_Sb	species	0	topo118	inv_mac_SB,inv_mac_Sb|richteri_SB,richteri_Sb	species	0.966739345437	0
2	99	20263101	160	2	162	0	0	4	1	true	inv_mac_SB,inv_mac_Sb|richteri_SB,richteri_Sb	species	0	topo118	inv_mac_SB,inv_mac_Sb|richteri_SB,richteri_Sb	species	0.96544917501	0
2	100	20263102	160	2	162	0	0	4	1	true	inv_mac_SB,inv_mac_Sb|richteri_SB,richteri_Sb	species	0	topo118	inv_mac_SB,inv_mac_Sb|richteri_SB,richteri_Sb	species	0.965090340093	0
5	1	20266003	160	5	165	0	0	4	1	true	inv_mac_SB,inv_mac_Sb|richteri_SB,richteri_Sb	species	0	topo118	inv_mac_SB,inv_mac_Sb|richteri_SB,richteri_Sb	species	0.961649442296	0
5	2	20266004	160	5	165	0	0	4	1	true	inv_mac_SB,inv_mac_Sb|richteri_SB,richteri_Sb	species	0	topo118	inv_mac_SB,inv_mac_Sb|richteri_SB,richteri_Sb	species	0.959511807256	0
5	3	20266005	160	5	165	0	0	4	1	true	inv_mac_SB,inv_mac_Sb|richteri_SB,richteri_Sb	species	0	topo118	inv_mac_SB,inv_mac_Sb|richteri_SB,richteri_Sb	species	0.959993297373	0
5	4	20266006	160	5	165	0	0	4	1	true	inv_mac_SB,inv_mac_Sb|richteri_SB,richteri_Sb	species	0	topo118	inv_mac_SB,inv_mac_Sb|richteri_SB,richteri_Sb	species	0.960893528772	0
5	5	20266007	160	5	165	0	0	4	1	true	inv_mac_SB,inv_mac_Sb|richteri_SB,richteri_Sb	species	0	topo118	inv_mac_SB,inv_mac_Sb|richteri_SB,richteri_Sb	species	0.961816987639	0
5	6	20266008	160	5	165	0	0	4	1	true	inv_mac_SB,inv_mac_Sb|richteri_SB,richteri_Sb	species	0	topo118	inv_mac_SB,inv_mac_Sb|richteri_SB,richteri_Sb	species	0.958589995809	0
5	7	20266009	160	5	165	0	0	4	1	true	inv_mac_SB,inv_mac_Sb|richteri_SB,richteri_Sb	species	0	topo118	inv_mac_SB,inv_mac_Sb|richteri_SB,richteri_Sb	species	0.961791252349	0
5	8	20266010	160	5	165	0	0	4	1	true	inv_mac_SB,inv_mac_Sb|richteri_SB,richteri_Sb	species	0	topo118	inv_mac_SB,inv_mac_Sb|richteri_SB,richteri_Sb	species	0.961472047142	0
5	9	20266011	160	5	165	0	0	4	1	true	inv_mac_SB,inv_mac_Sb|richteri_SB,richteri_Sb	species	0	topo118	inv_mac_SB,inv_mac_Sb|richteri_SB,richteri_Sb	species	0.959902917225	0
5	10	20266012	160	5	165	0	0	4	1	true	inv_mac_SB,inv_mac_Sb|richteri_SB,richteri_Sb	species	0	topo118	inv_mac_SB,inv_mac_Sb|richteri_SB,richteri_Sb	species	0.959516041503	0
5	11	20266013	160	5	165	0	0	4	1	true	inv_mac_SB,inv_mac_Sb|richteri_SB,richteri_Sb	species	0	topo118	inv_mac_SB,inv_mac_Sb|richteri_SB,richteri_Sb	species	0.957875359657	0
5	12	20266014	160	5	165	0	0	4	1	true	inv_mac_SB,inv_mac_Sb|richteri_SB,richteri_Sb	species	0	topo118	inv_mac_SB,inv_mac_Sb|richteri_SB,richteri_Sb	species	0.959363396033	0
5	13	20266015	160	5	165	0	0	4	1	true	inv_mac_SB,inv_mac_Sb|richteri_SB,richteri_Sb	species	0	topo118	inv_mac_SB,inv_mac_Sb|richteri_SB,richteri_Sb	species	0.959964638116	0
5	14	20266016	160	5	165	0	0	4	1	true	inv_mac_SB,inv_mac_Sb|richteri_SB,richteri_Sb	species	0	topo118	inv_mac_SB,inv_mac_Sb|richteri_SB,richteri_Sb	species	0.959614254879	0
5	15	20266017	160	5	165	0	0	4	1	true	inv_mac_SB,inv_mac_Sb|richteri_SB,richteri_Sb	species	0	topo118	inv_mac_SB,inv_mac_Sb|richteri_SB,richteri_Sb	species	0.962278207842	0
5	16	20266018	160	5	165	0	0	4	1	true	inv_mac_SB,inv_mac_Sb|richteri_SB,richteri_Sb	species	0	topo118	inv_mac_SB,inv_mac_Sb|richteri_SB,richteri_Sb	species	0.96160185704	0
5	17	20266019	160	5	165	0	0	4	1	true	inv_mac_SB,inv_mac_Sb|richteri_SB,richteri_Sb	species	0	topo118	inv_mac_SB,inv_mac_Sb|richteri_SB,richteri_Sb	species	0.960102491662	0
5	18	20266020	160	5	165	0	0	4	1	true	inv_mac_SB,inv_mac_Sb|richteri_SB,richteri_Sb	species	0	topo118	inv_mac_SB,inv_mac_Sb|richteri_SB,richteri_Sb	species	0.960296639785	0
5	19	20266021	160	5	165	0	0	4	1	true	inv_mac_SB,inv_mac_Sb|richteri_SB,richteri_Sb	species	0	topo118	inv_mac_SB,inv_mac_Sb|richteri_SB,richteri_Sb	species	0.961264850679	0
5	20	20266022	160	5	165	0	0	4	1	true	inv_mac_SB,inv_mac_Sb|richteri_SB,richteri_Sb	species	0	topo118	inv_mac_SB,inv_mac_Sb|richteri_SB,richteri_Sb	species	0.961950685942	0
5	21	20266023	160	5	165	0	0	4	1	true	inv_mac_SB,inv_mac_Sb|richteri_SB,richteri_Sb	species	0	topo118	inv_mac_SB,inv_mac_Sb|richteri_SB,richteri_Sb	species	0.95843066151	0
5	22	20266024	160	5	165	0	0	4	1	true	inv_mac_SB,inv_mac_Sb|richteri_SB,richteri_Sb	species	0	topo118	inv_mac_SB,inv_mac_Sb|richteri_SB,richteri_Sb	species	0.960670288819	0
5	23	20266025	160	5	165	0	0	4	1	true	inv_mac_SB,inv_mac_Sb|richteri_SB,richteri_Sb	species	0	topo118	inv_mac_SB,inv_mac_Sb|richteri_SB,richteri_Sb	species	0.961400385213	0
5	24	20266026	160	5	165	0	0	4	1	true	inv_mac_SB,inv_mac_Sb|richteri_SB,richteri_Sb	species	0	topo118	inv_mac_SB,inv_mac_Sb|richteri_SB,richteri_Sb	species	0.959663195735	0
5	25	20266027	160	5	165	0	0	4	1	true	inv_mac_SB,inv_mac_Sb|richteri_SB,richteri_Sb	species	0	topo118	inv_mac_SB,inv_mac_Sb|richteri_SB,richteri_Sb	species	0.959328615062	0
5	26	20266028	160	5	165	0	0	4	1	true	inv_mac_SB,inv_mac_Sb|richteri_SB,richteri_Sb	species	0	topo118	inv_mac_SB,inv_mac_Sb|richteri_SB,richteri_Sb	species	0.961351532553	0
5	27	20266029	160	5	165	0	0	4	1	true	inv_mac_SB,inv_mac_Sb|richteri_SB,richteri_Sb	species	0	topo118	inv_mac_SB,inv_mac_Sb|richteri_SB,richteri_Sb	species	0.961832100277	0
5	28	20266030	160	5	165	0	0	4	1	true	inv_mac_SB,inv_mac_Sb|richteri_SB,richteri_Sb	species	0	topo118	inv_mac_SB,inv_mac_Sb|richteri_SB,richteri_Sb	species	0.961796749845	0
5	29	20266031	160	5	165	0	0	4	1	true	inv_mac_SB,inv_mac_Sb|richteri_SB,richteri_Sb	species	0	topo118	inv_mac_SB,inv_mac_Sb|richteri_SB,richteri_Sb	species	0.96202658955	0
5	30	20266032	160	5	165	0	0	4	1	true	inv_mac_SB,inv_mac_Sb|richteri_SB,richteri_Sb	species	0	topo118	inv_mac_SB,inv_mac_Sb|richteri_SB,richteri_Sb	species	0.960569724067	0
5	31	20266033	160	5	165	0	0	4	1	true	inv_mac_SB,inv_mac_Sb|richteri_SB,richteri_Sb	species	0	topo118	inv_mac_SB,inv_mac_Sb|richteri_SB,richteri_Sb	species	0.959782899252	0
5	32	20266034	160	5	165	0	0	4	1	true	inv_mac_SB,inv_mac_Sb|richteri_SB,richteri_Sb	species	0	topo118	inv_mac_SB,inv_mac_Sb|richteri_SB,richteri_Sb	species	0.960432321084	0
5	33	20266035	160	5	165	0	0	4	1	true	inv_mac_SB,inv_mac_Sb|richteri_SB,richteri_Sb	species	0	topo118	inv_mac_SB,inv_mac_Sb|richteri_SB,richteri_Sb	species	0.961382713712	0
5	34	20266036	160	5	165	0	0	4	1	true	inv_mac_SB,inv_mac_Sb|richteri_SB,richteri_Sb	species	0	topo118	inv_mac_SB,inv_mac_Sb|richteri_SB,richteri_Sb	species	0.960915572534	0
5	35	20266037	160	5	165	0	0	4	1	true	inv_mac_SB,inv_mac_Sb|richteri_SB,richteri_Sb	species	0	topo118	inv_mac_SB,inv_mac_Sb|richteri_SB,richteri_Sb	species	0.960631734382	0
5	36	20266038	160	5	165	0	0	4	1	true	inv_mac_SB,inv_mac_Sb|richteri_SB,richteri_Sb	species	0	topo118	inv_mac_SB,inv_mac_Sb|richteri_SB,richteri_Sb	species	0.963992200064	0
5	37	20266039	160	5	165	0	0	4	1	true	inv_mac_SB,inv_mac_Sb|richteri_SB,richteri_Sb	species	0	topo118	inv_mac_SB,inv_mac_Sb|richteri_SB,richteri_Sb	species	0.961103660887	0
5	38	20266040	160	5	165	0	0	4	1	true	inv_mac_SB,inv_mac_Sb|richteri_SB,richteri_Sb	species	0	topo118	inv_mac_SB,inv_mac_Sb|richteri_SB,richteri_Sb	species	0.961592170715	0
5	39	20266041	160	5	165	0	0	4	1	true	inv_mac_SB,inv_mac_Sb|richteri_SB,richteri_Sb	species	0	topo118	inv_mac_SB,inv_mac_Sb|richteri_SB,richteri_Sb	species	0.960568765838	0
5	40	20266042	160	5	165	0	0	4	1	true	inv_mac_SB,inv_mac_Sb|richteri_SB,richteri_Sb	species	0	topo118	inv_mac_SB,inv_mac_Sb|richteri_SB,richteri_Sb	species	0.959536556206	0
5	41	20266043	160	5	165	0	0	4	1	true	inv_mac_SB,inv_mac_Sb|richteri_SB,richteri_Sb	species	0	topo118	inv_mac_SB,inv_mac_Sb|richteri_SB,richteri_Sb	species	0.961758595908	0
5	42	20266044	160	5	165	0	0	4	1	true	inv_mac_SB,inv_mac_Sb|richteri_SB,richteri_Sb	species	0	topo118	inv_mac_SB,inv_mac_Sb|richteri_SB,richteri_Sb	species	0.962052219141	0
5	43	20266045	160	5	165	0	0	4	1	true	inv_mac_SB,inv_mac_Sb|richteri_SB,richteri_Sb	species	0	topo118	inv_mac_SB,inv_mac_Sb|richteri_SB,richteri_Sb	species	0.95877359794	0
5	44	20266046	160	5	165	0	0	4	1	true	inv_mac_SB,inv_mac_Sb|richteri_SB,richteri_Sb	species	0	topo118	inv_mac_SB,inv_mac_Sb|richteri_SB,richteri_Sb	species	0.960829145764	0
5	45	20266047	160	5	165	0	0	4	1	true	inv_mac_SB,inv_mac_Sb|richteri_SB,richteri_Sb	species	0	topo118	inv_mac_SB,inv_mac_Sb|richteri_SB,richteri_Sb	species	0.958856546925	0
5	46	20266048	160	5	165	0	0	4	1	true	inv_mac_SB,inv_mac_Sb|richteri_SB,richteri_Sb	species	0	topo118	inv_mac_SB,inv_mac_Sb|richteri_SB,richteri_Sb	species	0.961785021123	0
5	47	20266049	160	5	165	0	0	4	1	true	inv_mac_SB,inv_mac_Sb|richteri_SB,richteri_Sb	species	0	topo118	inv_mac_SB,inv_mac_Sb|richteri_SB,richteri_Sb	species	0.960421060917	0
5	48	20266050	160	5	165	0	0	4	1	true	inv_mac_SB,inv_mac_Sb|richteri_SB,richteri_Sb	species	0	topo118	inv_mac_SB,inv_mac_Sb|richteri_SB,richteri_Sb	species	0.962159737898	0
5	49	20266051	160	5	165	0	0	4	1	true	inv_mac_SB,inv_mac_Sb|richteri_SB,richteri_Sb	species	0	topo118	inv_mac_SB,inv_mac_Sb|richteri_SB,richteri_Sb	species	0.96228275806	0
5	50	20266052	160	5	165	0	0	4	1	true	inv_mac_SB,inv_mac_Sb|richteri_SB,richteri_Sb	species	0	topo118	inv_mac_SB,inv_mac_Sb|richteri_SB,richteri_Sb	species	0.961995892443	0
5	51	20266053	160	5	165	0	0	4	1	true	inv_mac_SB,inv_mac_Sb|richteri_SB,richteri_Sb	species	0	topo118	inv_mac_SB,inv_mac_Sb|richteri_SB,richteri_Sb	species	0.962253540293	0
5	52	20266054	160	5	165	0	0	4	1	true	inv_mac_SB,inv_mac_Sb|richteri_SB,richteri_Sb	species	0	topo118	inv_mac_SB,inv_mac_Sb|richteri_SB,richteri_Sb	species	0.96307167152	0
5	53	20266055	160	5	165	0	0	4	1	true	inv_mac_SB,inv_mac_Sb|richteri_SB,richteri_Sb	species	0	topo118	inv_mac_SB,inv_mac_Sb|richteri_SB,richteri_Sb	species	0.961205418586	0
5	54	20266056	160	5	165	0	0	4	1	true	inv_mac_SB,inv_mac_Sb|richteri_SB,richteri_Sb	species	0	topo118	inv_mac_SB,inv_mac_Sb|richteri_SB,richteri_Sb	species	0.960991752611	0
5	55	20266057	160	5	165	0	0	4	1	true	inv_mac_SB,inv_mac_Sb|richteri_SB,richteri_Sb	species	0	topo118	inv_mac_SB,inv_mac_Sb|richteri_SB,richteri_Sb	species	0.959797317566	0
5	56	20266058	160	5	165	0	0	4	1	true	inv_mac_SB,inv_mac_Sb|richteri_SB,richteri_Sb	species	0	topo118	inv_mac_SB,inv_mac_Sb|richteri_SB,richteri_Sb	species	0.95895493865	0
5	57	20266059	160	5	165	0	0	4	1	true	inv_mac_SB,inv_mac_Sb|richteri_SB,richteri_Sb	species	0	topo118	inv_mac_SB,inv_mac_Sb|richteri_SB,richteri_Sb	species	0.962640180075	0
5	58	20266060	160	5	165	0	0	4	1	true	inv_mac_SB,inv_mac_Sb|richteri_SB,richteri_Sb	species	0	topo118	inv_mac_SB,inv_mac_Sb|richteri_SB,richteri_Sb	species	0.959319941722	0
5	59	20266061	160	5	165	0	0	4	1	true	inv_mac_SB,inv_mac_Sb|richteri_SB,richteri_Sb	species	0	topo118	inv_mac_SB,inv_mac_Sb|richteri_SB,richteri_Sb	species	0.96486902418	0
5	60	20266062	160	5	165	0	0	4	1	true	inv_mac_SB,inv_mac_Sb|richteri_SB,richteri_Sb	species	0	topo118	inv_mac_SB,inv_mac_Sb|richteri_SB,richteri_Sb	species	0.959337873508	0
5	61	20266063	160	5	165	0	0	4	1	true	inv_mac_SB,inv_mac_Sb|richteri_SB,richteri_Sb	species	0	topo118	inv_mac_SB,inv_mac_Sb|richteri_SB,richteri_Sb	species	0.959394589707	0
5	62	20266064	160	5	165	0	0	4	1	true	inv_mac_SB,inv_mac_Sb|richteri_SB,richteri_Sb	species	0	topo118	inv_mac_SB,inv_mac_Sb|richteri_SB,richteri_Sb	species	0.959872231216	0
5	63	20266065	160	5	165	0	0	4	1	true	inv_mac_SB,inv_mac_Sb|richteri_SB,richteri_Sb	species	0	topo118	inv_mac_SB,inv_mac_Sb|richteri_SB,richteri_Sb	species	0.959516449826	0
5	64	20266066	160	5	165	0	0	4	1	true	inv_mac_SB,inv_mac_Sb|richteri_SB,richteri_Sb	species	0	topo118	inv_mac_SB,inv_mac_Sb|richteri_SB,richteri_Sb	species	0.959844218861	0
5	65	20266067	160	5	165	0	0	4	1	true	inv_mac_SB,inv_mac_Sb|richteri_SB,richteri_Sb	species	0	topo118	inv_mac_SB,inv_mac_Sb|richteri_SB,richteri_Sb	species	0.960112238218	0
5	66	20266068	160	5	165	0	0	4	1	true	inv_mac_SB,inv_mac_Sb|richteri_SB,richteri_Sb	species	0	topo118	inv_mac_SB,inv_mac_Sb|richteri_SB,richteri_Sb	species	0.961229390734	0
5	67	20266069	160	5	165	0	0	4	1	true	inv_mac_SB,inv_mac_Sb|richteri_SB,richteri_Sb	species	0	topo118	inv_mac_SB,inv_mac_Sb|richteri_SB,richteri_Sb	species	0.959061909847	0
5	68	20266070	160	5	165	0	0	4	1	true	inv_mac_SB,inv_mac_Sb|richteri_SB,richteri_Sb	species	0	topo118	inv_mac_SB,inv_mac_Sb|richteri_SB,richteri_Sb	species	0.958673208406	0
5	69	20266071	160	5	165	0	0	4	1	true	inv_mac_SB,inv_mac_Sb|richteri_SB,richteri_Sb	species	0	topo118	inv_mac_SB,inv_mac_Sb|richteri_SB,richteri_Sb	species	0.961087567384	0
5	70	20266072	160	5	165	0	0	4	1	true	inv_mac_SB,inv_mac_Sb|richteri_SB,richteri_Sb	species	0	topo118	inv_mac_SB,inv_mac_Sb|richteri_SB,richteri_Sb	species	0.959875890428	0
5	71	20266073	160	5	165	0	0	4	1	true	inv_mac_SB,inv_mac_Sb|richteri_SB,richteri_Sb	species	0	topo118	inv_mac_SB,inv_mac_Sb|richteri_SB,richteri_Sb	species	0.961221582636	0
5	72	20266074	160	5	165	0	0	4	1	true	inv_mac_SB,inv_mac_Sb|richteri_SB,richteri_Sb	species	0	topo118	inv_mac_SB,inv_mac_Sb|richteri_SB,richteri_Sb	species	0.961753793813	0
5	73	20266075	160	5	165	0	0	4	1	true	inv_mac_SB,inv_mac_Sb|richteri_SB,richteri_Sb	species	0	topo118	inv_mac_SB,inv_mac_Sb|richteri_SB,richteri_Sb	species	0.959473816854	0
5	74	20266076	160	5	165	0	0	4	1	true	inv_mac_SB,inv_mac_Sb|richteri_SB,richteri_Sb	species	0	topo118	inv_mac_SB,inv_mac_Sb|richteri_SB,richteri_Sb	species	0.959783696342	0
5	75	20266077	160	5	165	0	0	4	1	true	inv_mac_SB,inv_mac_Sb|richteri_SB,richteri_Sb	species	0	topo118	inv_mac_SB,inv_mac_Sb|richteri_SB,richteri_Sb	species	0.960168306195	0
5	76	20266078	160	5	165	0	0	4	1	true	inv_mac_SB,inv_mac_Sb|richteri_SB,richteri_Sb	species	0	topo118	inv_mac_SB,inv_mac_Sb|richteri_SB,richteri_Sb	species	0.958666112037	0
5	77	20266079	160	5	165	0	0	4	1	true	inv_mac_SB,inv_mac_Sb|richteri_SB,richteri_Sb	species	0	topo118	inv_mac_SB,inv_mac_Sb|richteri_SB,richteri_Sb	species	0.959920292017	0
5	78	20266080	160	5	165	0	0	4	1	true	inv_mac_SB,inv_mac_Sb|richteri_SB,richteri_Sb	species	0	topo118	inv_mac_SB,inv_mac_Sb|richteri_SB,richteri_Sb	species	0.960121961895	0
5	79	20266081	160	5	165	0	0	4	1	true	inv_mac_SB,inv_mac_Sb|richteri_SB,richteri_Sb	species	0	topo118	inv_mac_SB,inv_mac_Sb|richteri_SB,richteri_Sb	species	0.961022062857	0
5	80	20266082	160	5	165	0	0	4	1	true	inv_mac_SB,inv_mac_Sb|richteri_SB,richteri_Sb	species	0	topo118	inv_mac_SB,inv_mac_Sb|richteri_SB,richteri_Sb	species	0.961741117813	0
5	81	20266083	160	5	165	0	0	4	1	true	inv_mac_SB,inv_mac_Sb|richteri_SB,richteri_Sb	species	0	topo118	inv_mac_SB,inv_mac_Sb|richteri_SB,richteri_Sb	species	0.960225445335	0
5	82	20266084	160	5	165	0	0	4	1	true	inv_mac_SB,inv_mac_Sb|richteri_SB,richteri_Sb	species	0	topo118	inv_mac_SB,inv_mac_Sb|richteri_SB,richteri_Sb	species	0.961673257999	0
5	83	20266085	160	5	165	0	0	4	1	true	inv_mac_SB,inv_mac_Sb|richteri_SB,richteri_Sb	species	0	topo118	inv_mac_SB,inv_mac_Sb|richteri_SB,richteri_Sb	species	0.961781971217	0
5	84	20266086	160	5	165	0	0	4	1	true	inv_mac_SB,inv_mac_Sb|richteri_SB,richteri_Sb	species	0	topo118	inv_mac_SB,inv_mac_Sb|richteri_SB,richteri_Sb	species	0.961142394503	0
5	85	20266087	160	5	165	0	0	4	1	true	inv_mac_SB,inv_mac_Sb|richteri_SB,richteri_Sb	species	0	topo118	inv_mac_SB,inv_mac_Sb|richteri_SB,richteri_Sb	species	0.961740840905	0
5	86	20266088	160	5	165	0	0	4	1	true	inv_mac_SB,inv_mac_Sb|richteri_SB,richteri_Sb	species	0	topo118	inv_mac_SB,inv_mac_Sb|richteri_SB,richteri_Sb	species	0.960085385907	0
5	87	20266089	160	5	165	0	0	4	1	true	inv_mac_SB,inv_mac_Sb|richteri_SB,richteri_Sb	species	0	topo118	inv_mac_SB,inv_mac_Sb|richteri_SB,richteri_Sb	species	0.960358771346	0
5	88	20266090	160	5	165	0	0	4	1	true	inv_mac_SB,inv_mac_Sb|richteri_SB,richteri_Sb	species	0	topo118	inv_mac_SB,inv_mac_Sb|richteri_SB,richteri_Sb	species	0.961934316899	0
5	89	20266091	160	5	165	0	0	4	1	true	inv_mac_SB,inv_mac_Sb|richteri_SB,richteri_Sb	species	0	topo118	inv_mac_SB,inv_mac_Sb|richteri_SB,richteri_Sb	species	0.960327916376	0
5	90	20266092	160	5	165	0	0	4	1	true	inv_mac_SB,inv_mac_Sb|richteri_SB,richteri_Sb	species	0	topo118	inv_mac_SB,inv_mac_Sb|richteri_SB,richteri_Sb	species	0.958893195856	0
5	91	20266093	160	5	165	0	0	4	1	true	inv_mac_SB,inv_mac_Sb|richteri_SB,richteri_Sb	species	0	topo118	inv_mac_SB,inv_mac_Sb|richteri_SB,richteri_Sb	species	0.964003662829	0
5	92	20266094	160	5	165	0	0	4	1	true	inv_mac_SB,inv_mac_Sb|richteri_SB,richteri_Sb	species	0	topo118	inv_mac_SB,inv_mac_Sb|richteri_SB,richteri_Sb	species	0.963092215948	0
5	93	20266095	160	5	165	0	0	4	1	true	inv_mac_SB,inv_mac_Sb|richteri_SB,richteri_Sb	species	0	topo118	inv_mac_SB,inv_mac_Sb|richteri_SB,richteri_Sb	species	0.961900507749	0
5	94	20266096	160	5	165	0	0	4	1	true	inv_mac_SB,inv_mac_Sb|richteri_SB,richteri_Sb	species	0	topo118	inv_mac_SB,inv_mac_Sb|richteri_SB,richteri_Sb	species	0.961189802192	0
5	95	20266097	160	5	165	0	0	4	1	true	inv_mac_SB,inv_mac_Sb|richteri_SB,richteri_Sb	species	0	topo118	inv_mac_SB,inv_mac_Sb|richteri_SB,richteri_Sb	species	0.960466947174	0
5	96	20266098	160	5	165	0	0	4	1	true	inv_mac_SB,inv_mac_Sb|richteri_SB,richteri_Sb	species	0	topo118	inv_mac_SB,inv_mac_Sb|richteri_SB,richteri_Sb	species	0.961960146252	0
5	97	20266099	160	5	165	0	0	4	1	true	inv_mac_SB,inv_mac_Sb|richteri_SB,richteri_Sb	species	0	topo118	inv_mac_SB,inv_mac_Sb|richteri_SB,richteri_Sb	species	0.962117909936	0
5	98	20266100	160	5	165	0	0	4	1	true	inv_mac_SB,inv_mac_Sb|richteri_SB,richteri_Sb	species	0	topo118	inv_mac_SB,inv_mac_Sb|richteri_SB,richteri_Sb	species	0.961745292856	0
5	99	20266101	160	5	165	0	0	4	1	true	inv_mac_SB,inv_mac_Sb|richteri_SB,richteri_Sb	species	0	topo118	inv_mac_SB,inv_mac_Sb|richteri_SB,richteri_Sb	species	0.96449025175	0
5	100	20266102	160	5	165	0	0	4	1	true	inv_mac_SB,inv_mac_Sb|richteri_SB,richteri_Sb	species	0	topo118	inv_mac_SB,inv_mac_Sb|richteri_SB,richteri_Sb	species	0.961906582675	0
10	1	20271003	160	10	170	0	0	4	1	true	inv_mac_SB,inv_mac_Sb|richteri_SB,richteri_Sb	species	0	topo118	inv_mac_SB,inv_mac_Sb|richteri_SB,richteri_Sb	species	0.953961688447	0
10	2	20271004	160	10	170	0	0	4	1	true	inv_mac_SB,inv_mac_Sb|richteri_SB,richteri_Sb	species	0	topo118	inv_mac_SB,inv_mac_Sb|richteri_SB,richteri_Sb	species	0.952986115318	0
10	3	20271005	160	10	170	0	0	4	1	true	inv_mac_SB,inv_mac_Sb|richteri_SB,richteri_Sb	species	0	topo118	inv_mac_SB,inv_mac_Sb|richteri_SB,richteri_Sb	species	0.951378901189	0
10	4	20271006	160	10	170	0	0	4	1	true	inv_mac_SB,inv_mac_Sb|richteri_SB,richteri_Sb	species	0	topo118	inv_mac_SB,inv_mac_Sb|richteri_SB,richteri_Sb	species	0.951840994957	0
10	5	20271007	160	10	170	0	0	4	1	true	inv_mac_SB,inv_mac_Sb|richteri_SB,richteri_Sb	species	0	topo118	inv_mac_SB,inv_mac_Sb|richteri_SB,richteri_Sb	species	0.952256375376	0
10	6	20271008	160	10	170	0	0	4	1	true	inv_mac_SB,inv_mac_Sb|richteri_SB,richteri_Sb	species	0	topo118	inv_mac_SB,inv_mac_Sb|richteri_SB,richteri_Sb	species	0.953951620133	0
10	7	20271009	160	10	170	0	0	4	1	true	inv_mac_SB,inv_mac_Sb|richteri_SB,richteri_Sb	species	0	topo118	inv_mac_SB,inv_mac_Sb|richteri_SB,richteri_Sb	species	0.956540777823	0
10	8	20271010	160	10	170	0	0	4	1	true	inv_mac_SB,inv_mac_Sb|richteri_SB,richteri_Sb	species	0	topo118	inv_mac_SB,inv_mac_Sb|richteri_SB,richteri_Sb	species	0.955229190151	0
10	9	20271011	160	10	170	0	0	4	1	true	inv_mac_SB,inv_mac_Sb|richteri_SB,richteri_Sb	species	0	topo118	inv_mac_SB,inv_mac_Sb|richteri_SB,richteri_Sb	species	0.951612972335	0
10	10	20271012	160	10	170	0	0	4	1	true	inv_mac_SB,inv_mac_Sb|richteri_SB,richteri_Sb	species	0	topo118	inv_mac_SB,inv_mac_Sb|richteri_SB,richteri_Sb	species	0.951136579067	0
10	11	20271013	160	10	170	0	0	4	1	true	inv_mac_SB,inv_mac_Sb|richteri_SB,richteri_Sb	species	0	topo118	inv_mac_SB,inv_mac_Sb|richteri_SB,richteri_Sb	species	0.953396263614	0
10	12	20271014	160	10	170	0	0	4	1	true	inv_mac_SB,inv_mac_Sb|richteri_SB,richteri_Sb	species	0	topo118	inv_mac_SB,inv_mac_Sb|richteri_SB,richteri_Sb	species	0.952556596686	0
10	13	20271015	160	10	170	0	0	4	1	true	inv_mac_SB,inv_mac_Sb|richteri_SB,richteri_Sb	species	0	topo118	inv_mac_SB,inv_mac_Sb|richteri_SB,richteri_Sb	species	0.953417909051	0
10	14	20271016	160	10	170	0	0	4	1	true	inv_mac_SB,inv_mac_Sb|richteri_SB,richteri_Sb	species	0	topo118	inv_mac_SB,inv_mac_Sb|richteri_SB,richteri_Sb	species	0.956422564319	0
10	15	20271017	160	10	170	0	0	4	1	true	inv_mac_SB,inv_mac_Sb|richteri_SB,richteri_Sb	species	0	topo118	inv_mac_SB,inv_mac_Sb|richteri_SB,richteri_Sb	species	0.952063240951	0
10	16	20271018	160	10	170	0	0	4	1	true	inv_mac_SB,inv_mac_Sb|richteri_SB,richteri_Sb	species	0	topo118	inv_mac_SB,inv_mac_Sb|richteri_SB,richteri_Sb	species	0.952710185379	0
10	17	20271019	160	10	170	0	0	4	1	true	inv_mac_SB,inv_mac_Sb|richteri_SB,richteri_Sb	species	0	topo118	inv_mac_SB,inv_mac_Sb|richteri_SB,richteri_Sb	species	0.952200066899	0
10	18	20271020	160	10	170	0	0	4	1	true	inv_mac_SB,inv_mac_Sb|richteri_SB,richteri_Sb	species	0	topo118	inv_mac_SB,inv_mac_Sb|richteri_SB,richteri_Sb	species	0.95230752713	0
10	19	20271021	160	10	170	0	0	4	1	true	inv_mac_SB,inv_mac_Sb|richteri_SB,richteri_Sb	species	0	topo118	inv_mac_SB,inv_mac_Sb|richteri_SB,richteri_Sb	species	0.952102184431	0
10	20	20271022	160	10	170	0	0	4	1	true	inv_mac_SB,inv_mac_Sb|richteri_SB,richteri_Sb	species	0	topo118	inv_mac_SB,inv_mac_Sb|richteri_SB,richteri_Sb	species	0.953911410272	0
10	21	20271023	160	10	170	0	0	4	1	true	inv_mac_SB,inv_mac_Sb|richteri_SB,richteri_Sb	species	0	topo118	inv_mac_SB,inv_mac_Sb|richteri_SB,richteri_Sb	species	0.955000100491	0
10	22	20271024	160	10	170	0	0	4	1	true	inv_mac_SB,inv_mac_Sb|richteri_SB,richteri_Sb	species	0	topo118	inv_mac_SB,inv_mac_Sb|richteri_SB,richteri_Sb	species	0.955684325231	0
10	23	20271025	160	10	170	0	0	4	1	true	inv_mac_SB,inv_mac_Sb|richteri_SB,richteri_Sb	species	0	topo118	inv_mac_SB,inv_mac_Sb|richteri_SB,richteri_Sb	species	0.954855640481	0
10	24	20271026	160	10	170	0	0	4	1	true	inv_mac_SB,inv_mac_Sb|richteri_SB,richteri_Sb	species	0	topo118	inv_mac_SB,inv_mac_Sb|richteri_SB,richteri_Sb	species	0.954089315436	0
10	25	20271027	160	10	170	0	0	4	1	true	inv_mac_SB,inv_mac_Sb|richteri_SB,richteri_Sb	species	0	topo118	inv_mac_SB,inv_mac_Sb|richteri_SB,richteri_Sb	species	0.952526303769	0
10	26	20271028	160	10	170	0	0	4	1	true	inv_mac_SB,inv_mac_Sb|richteri_SB,richteri_Sb	species	0	topo118	inv_mac_SB,inv_mac_Sb|richteri_SB,richteri_Sb	species	0.953608189518	0
10	27	20271029	160	10	170	0	0	4	1	true	inv_mac_SB,inv_mac_Sb|richteri_SB,richteri_Sb	species	0	topo118	inv_mac_SB,inv_mac_Sb|richteri_SB,richteri_Sb	species	0.95271363694	0
10	28	20271030	160	10	170	0	0	4	1	true	inv_mac_SB,inv_mac_Sb|richteri_SB,richteri_Sb	species	0	topo118	inv_mac_SB,inv_mac_Sb|richteri_SB,richteri_Sb	species	0.95132478316	0
10	29	20271031	160	10	170	0	0	4	1	true	inv_mac_SB,inv_mac_Sb|richteri_SB,richteri_Sb	species	0	topo118	inv_mac_SB,inv_mac_Sb|richteri_SB,richteri_Sb	species	0.952636865038	0
10	30	20271032	160	10	170	0	0	4	1	true	inv_mac_SB,inv_mac_Sb|richteri_SB,richteri_Sb	species	0	topo118	inv_mac_SB,inv_mac_Sb|richteri_SB,richteri_Sb	species	0.95087966861	0
10	31	20271033	160	10	170	0	0	4	1	true	inv_mac_SB,inv_mac_Sb|richteri_SB,richteri_Sb	species	0	topo118	inv_mac_SB,inv_mac_Sb|richteri_SB,richteri_Sb	species	0.953844948163	0
10	32	20271034	160	10	170	0	0	4	1	true	inv_mac_SB,inv_mac_Sb|richteri_SB,richteri_Sb	species	0	topo118	inv_mac_SB,inv_mac_Sb|richteri_SB,richteri_Sb	species	0.954552035609	0
10	33	20271035	160	10	170	0	0	4	1	true	inv_mac_SB,inv_mac_Sb|richteri_SB,richteri_Sb	species	0	topo118	inv_mac_SB,inv_mac_Sb|richteri_SB,richteri_Sb	species	0.956772407741	0
10	34	20271036	160	10	170	0	0	4	1	true	inv_mac_SB,inv_mac_Sb|richteri_SB,richteri_Sb	species	0	topo118	inv_mac_SB,inv_mac_Sb|richteri_SB,richteri_Sb	species	0.953815690824	0
10	35	20271037	160	10	170	0	0	4	1	true	inv_mac_SB,inv_mac_Sb|richteri_SB,richteri_Sb	species	0	topo118	inv_mac_SB,inv_mac_Sb|richteri_SB,richteri_Sb	species	0.952501789568	0
10	36	20271038	160	10	170	0	0	4	1	true	inv_mac_SB,inv_mac_Sb|richteri_SB,richteri_Sb	species	0	topo118	inv_mac_SB,inv_mac_Sb|richteri_SB,richteri_Sb	species	0.952788889166	0
10	37	20271039	160	10	170	0	0	4	1	true	inv_mac_SB,inv_mac_Sb|richteri_SB,richteri_Sb	species	0	topo118	inv_mac_SB,inv_mac_Sb|richteri_SB,richteri_Sb	species	0.955728142056	0
10	38	20271040	160	10	170	0	0	4	1	true	inv_mac_SB,inv_mac_Sb|richteri_SB,richteri_Sb	species	0	topo118	inv_mac_SB,inv_mac_Sb|richteri_SB,richteri_Sb	species	0.950912836696	0
10	39	20271041	160	10	170	0	0	4	1	true	inv_mac_SB,inv_mac_Sb|richteri_SB,richteri_Sb	species	0	topo118	inv_mac_SB,inv_mac_Sb|richteri_SB,richteri_Sb	species	0.95530500477	0
10	40	20271042	160	10	170	0	0	4	1	true	inv_mac_SB,inv_mac_Sb|richteri_SB,richteri_Sb	species	0	topo118	inv_mac_SB,inv_mac_Sb|richteri_SB,richteri_Sb	species	0.956844525287	0
10	41	20271043	160	10	170	0	0	4	1	true	inv_mac_SB,inv_mac_Sb|richteri_SB,richteri_Sb	species	0	topo118	inv_mac_SB,inv_mac_Sb|richteri_SB,richteri_Sb	species	0.953041258771	0
10	42	20271044	160	10	170	0	0	4	1	true	inv_mac_SB,inv_mac_Sb|richteri_SB,richteri_Sb	species	0	topo118	inv_mac_SB,inv_mac_Sb|richteri_SB,richteri_Sb	species	0.95427077385	0
10	43	20271045	160	10	170	0	0	4	1	true	inv_mac_SB,inv_mac_Sb|richteri_SB,richteri_Sb	species	0	topo118	inv_mac_SB,inv_mac_Sb|richteri_SB,richteri_Sb	species	0.955032722033	0
10	44	20271046	160	10	170	0	0	4	1	true	inv_mac_SB,inv_mac_Sb|richteri_SB,richteri_Sb	species	0	topo118	inv_mac_SB,inv_mac_Sb|richteri_SB,richteri_Sb	species	0.954673905094	0
10	45	20271047	160	10	170	0	0	4	1	true	inv_mac_SB,inv_mac_Sb|richteri_SB,richteri_Sb	species	0	topo118	inv_mac_SB,inv_mac_Sb|richteri_SB,richteri_Sb	species	0.955465723877	0
10	46	20271048	160	10	170	0	0	4	1	true	inv_mac_SB,inv_mac_Sb|richteri_SB,richteri_Sb	species	0	topo118	inv_mac_SB,inv_mac_Sb|richteri_SB,richteri_Sb	species	0.953420638451	0
10	47	20271049	160	10	170	0	0	4	1	true	inv_mac_SB,inv_mac_Sb|richteri_SB,richteri_Sb	species	0	topo118	inv_mac_SB,inv_mac_Sb|richteri_SB,richteri_Sb	species	0.954161859	0
10	48	20271050	160	10	170	0	0	4	1	true	inv_mac_SB,inv_mac_Sb|richteri_SB,richteri_Sb	species	0	topo118	inv_mac_SB,inv_mac_Sb|richteri_SB,richteri_Sb	species	0.954545630916	0
10	49	20271051	160	10	170	0	0	4	1	true	inv_mac_SB,inv_mac_Sb|richteri_SB,richteri_Sb	species	0	topo118	inv_mac_SB,inv_mac_Sb|richteri_SB,richteri_Sb	species	0.954512576712	0
10	50	20271052	160	10	170	0	0	4	1	true	inv_mac_SB,inv_mac_Sb|richteri_SB,richteri_Sb	species	0	topo118	inv_mac_SB,inv_mac_Sb|richteri_SB,richteri_Sb	species	0.952712472342	0
10	51	20271053	160	10	170	0	0	4	1	true	inv_mac_SB,inv_mac_Sb|richteri_SB,richteri_Sb	species	0	topo118	inv_mac_SB,inv_mac_Sb|richteri_SB,richteri_Sb	species	0.952469902287	0
10	52	20271054	160	10	170	0	0	4	1	true	inv_mac_SB,inv_mac_Sb|richteri_SB,richteri_Sb	species	0	topo118	inv_mac_SB,inv_mac_Sb|richteri_SB,richteri_Sb	species	0.954179421916	0
10	53	20271055	160	10	170	0	0	4	1	true	inv_mac_SB,inv_mac_Sb|richteri_SB,richteri_Sb	species	0	topo118	inv_mac_SB,inv_mac_Sb|richteri_SB,richteri_Sb	species	0.956585388793	0
10	54	20271056	160	10	170	0	0	4	1	true	inv_mac_SB,inv_mac_Sb|richteri_SB,richteri_Sb	species	0	topo118	inv_mac_SB,inv_mac_Sb|richteri_SB,richteri_Sb	species	0.952474350753	0
10	55	20271057	160	10	170	0	0	4	1	true	inv_mac_SB,inv_mac_Sb|richteri_SB,richteri_Sb	species	0	topo118	inv_mac_SB,inv_mac_Sb|richteri_SB,richteri_Sb	species	0.955387115656	0
10	56	20271058	160	10	170	0	0	4	1	true	inv_mac_SB,inv_mac_Sb|richteri_SB,richteri_Sb	species	0	topo118	inv_mac_SB,inv_mac_Sb|richteri_SB,richteri_Sb	species	0.952919843395	0
10	57	20271059	160	10	170	0	0	4	1	true	inv_mac_SB,inv_mac_Sb|richteri_SB,richteri_Sb	species	0	topo118	inv_mac_SB,inv_mac_Sb|richteri_SB,richteri_Sb	species	0.954490190038	0
10	58	20271060	160	10	170	0	0	4	1	true	inv_mac_SB,inv_mac_Sb|richteri_SB,richteri_Sb	species	0	topo118	inv_mac_SB,inv_mac_Sb|richteri_SB,richteri_Sb	species	0.951964612074	0
10	59	20271061	160	10	170	0	0	4	1	true	inv_mac_SB,inv_mac_Sb|richteri_SB,richteri_Sb	species	0	topo118	inv_mac_SB,inv_mac_Sb|richteri_SB,richteri_Sb	species	0.954754477134	0
10	60	20271062	160	10	170	0	0	4	1	true	inv_mac_SB,inv_mac_Sb|richteri_SB,richteri_Sb	species	0	topo118	inv_mac_SB,inv_mac_Sb|richteri_SB,richteri_Sb	species	0.954034899033	0
10	61	20271063	160	10	170	0	0	4	1	true	inv_mac_SB,inv_mac_Sb|richteri_SB,richteri_Sb	species	0	topo118	inv_mac_SB,inv_mac_Sb|richteri_SB,richteri_Sb	species	0.953301932734	0
10	62	20271064	160	10	170	0	0	4	1	true	inv_mac_SB,inv_mac_Sb|richteri_SB,richteri_Sb	species	0	topo118	inv_mac_SB,inv_mac_Sb|richteri_SB,richteri_Sb	species	0.951927341869	0
10	63	20271065	160	10	170	0	0	4	1	true	inv_mac_SB,inv_mac_Sb|richteri_SB,richteri_Sb	species	0	topo118	inv_mac_SB,inv_mac_Sb|richteri_SB,richteri_Sb	species	0.95162345077	0
10	64	20271066	160	10	170	0	0	4	1	true	inv_mac_SB,inv_mac_Sb|richteri_SB,richteri_Sb	species	0	topo118	inv_mac_SB,inv_mac_Sb|richteri_SB,richteri_Sb	species	0.953530569803	0
10	65	20271067	160	10	170	0	0	4	1	true	inv_mac_SB,inv_mac_Sb|richteri_SB,richteri_Sb	species	0	topo118	inv_mac_SB,inv_mac_Sb|richteri_SB,richteri_Sb	species	0.956119859551	0
10	66	20271068	160	10	170	0	0	4	1	true	inv_mac_SB,inv_mac_Sb|richteri_SB,richteri_Sb	species	0	topo118	inv_mac_SB,inv_mac_Sb|richteri_SB,richteri_Sb	species	0.955805265667	0
10	67	20271069	160	10	170	0	0	4	1	true	inv_mac_SB,inv_mac_Sb|richteri_SB,richteri_Sb	species	0	topo118	inv_mac_SB,inv_mac_Sb|richteri_SB,richteri_Sb	species	0.953192790402	0
10	68	20271070	160	10	170	0	0	4	1	true	inv_mac_SB,inv_mac_Sb|richteri_SB,richteri_Sb	species	0	topo118	inv_mac_SB,inv_mac_Sb|richteri_SB,richteri_Sb	species	0.956430275727	0
10	69	20271071	160	10	170	0	0	4	1	true	inv_mac_SB,inv_mac_Sb|richteri_SB,richteri_Sb	species	0	topo118	inv_mac_SB,inv_mac_Sb|richteri_SB,richteri_Sb	species	0.954619421784	0
10	70	20271072	160	10	170	0	0	4	1	true	inv_mac_SB,inv_mac_Sb|richteri_SB,richteri_Sb	species	0	topo118	inv_mac_SB,inv_mac_Sb|richteri_SB,richteri_Sb	species	0.951651819821	0
10	71	20271073	160	10	170	0	0	4	1	true	inv_mac_SB,inv_mac_Sb|richteri_SB,richteri_Sb	species	0	topo118	inv_mac_SB,inv_mac_Sb|richteri_SB,richteri_Sb	species	0.955677674028	0
10	72	20271074	160	10	170	0	0	4	1	true	inv_mac_SB,inv_mac_Sb|richteri_SB,richteri_Sb	species	0	topo118	inv_mac_SB,inv_mac_Sb|richteri_SB,richteri_Sb	species	0.955031639242	0
10	73	20271075	160	10	170	0	0	4	1	true	inv_mac_SB,inv_mac_Sb|richteri_SB,richteri_Sb	species	0	topo118	inv_mac_SB,inv_mac_Sb|richteri_SB,richteri_Sb	species	0.954868521993	0
10	74	20271076	160	10	170	0	0	4	1	true	inv_mac_SB,inv_mac_Sb|richteri_SB,richteri_Sb	species	0	topo118	inv_mac_SB,inv_mac_Sb|richteri_SB,richteri_Sb	species	0.95330432428	0
10	75	20271077	160	10	170	0	0	4	1	true	inv_mac_SB,inv_mac_Sb|richteri_SB,richteri_Sb	species	0	topo118	inv_mac_SB,inv_mac_Sb|richteri_SB,richteri_Sb	species	0.95597411342	0
10	76	20271078	160	10	170	0	0	4	1	true	inv_mac_SB,inv_mac_Sb|richteri_SB,richteri_Sb	species	0	topo118	inv_mac_SB,inv_mac_Sb|richteri_SB,richteri_Sb	species	0.950530045836	0
10	77	20271079	160	10	170	0	0	4	1	true	inv_mac_SB,inv_mac_Sb|richteri_SB,richteri_Sb	species	0	topo118	inv_mac_SB,inv_mac_Sb|richteri_SB,richteri_Sb	species	0.951207634605	0
10	78	20271080	160	10	170	0	0	4	1	true	inv_mac_SB,inv_mac_Sb|richteri_SB,richteri_Sb	species	0	topo118	inv_mac_SB,inv_mac_Sb|richteri_SB,richteri_Sb	species	0.953312933846	0
10	79	20271081	160	10	170	0	0	4	1	true	inv_mac_SB,inv_mac_Sb|richteri_SB,richteri_Sb	species	0	topo118	inv_mac_SB,inv_mac_Sb|richteri_SB,richteri_Sb	species	0.952738383605	0
10	80	20271082	160	10	170	0	0	4	1	true	inv_mac_SB,inv_mac_Sb|richteri_SB,richteri_Sb	species	0	topo118	inv_mac_SB,inv_mac_Sb|richteri_SB,richteri_Sb	species	0.952527605833	0
10	81	20271083	160	10	170	0	0	4	1	true	inv_mac_SB,inv_mac_Sb|richteri_SB,richteri_Sb	species	0	topo118	inv_mac_SB,inv_mac_Sb|richteri_SB,richteri_Sb	species	0.955064023765	0
10	82	20271084	160	10	170	0	0	4	1	true	inv_mac_SB,inv_mac_Sb|richteri_SB,richteri_Sb	species	0	topo118	inv_mac_SB,inv_mac_Sb|richteri_SB,richteri_Sb	species	0.954160767857	0
10	83	20271085	160	10	170	0	0	4	1	true	inv_mac_SB,inv_mac_Sb|richteri_SB,richteri_Sb	species	0	topo118	inv_mac_SB,inv_mac_Sb|richteri_SB,richteri_Sb	species	0.954040901576	0
10	84	20271086	160	10	170	0	0	4	1	true	inv_mac_SB,inv_mac_Sb|richteri_SB,richteri_Sb	species	0	topo118	inv_mac_SB,inv_mac_Sb|richteri_SB,richteri_Sb	species	0.955111472133	0
10	85	20271087	160	10	170	0	0	4	1	true	inv_mac_SB,inv_mac_Sb|richteri_SB,richteri_Sb	species	0	topo118	inv_mac_SB,inv_mac_Sb|richteri_SB,richteri_Sb	species	0.952147520077	0
10	86	20271088	160	10	170	0	0	4	1	true	inv_mac_SB,inv_mac_Sb|richteri_SB,richteri_Sb	species	0	topo118	inv_mac_SB,inv_mac_Sb|richteri_SB,richteri_Sb	species	0.951941971345	0
10	87	20271089	160	10	170	0	0	4	1	true	inv_mac_SB,inv_mac_Sb|richteri_SB,richteri_Sb	species	0	topo118	inv_mac_SB,inv_mac_Sb|richteri_SB,richteri_Sb	species	0.953419091918	0
10	88	20271090	160	10	170	0	0	4	1	true	inv_mac_SB,inv_mac_Sb|richteri_SB,richteri_Sb	species	0	topo118	inv_mac_SB,inv_mac_Sb|richteri_SB,richteri_Sb	species	0.953938291154	0
10	89	20271091	160	10	170	0	0	4	1	true	inv_mac_SB,inv_mac_Sb|richteri_SB,richteri_Sb	species	0	topo118	inv_mac_SB,inv_mac_Sb|richteri_SB,richteri_Sb	species	0.954488073615	0
10	90	20271092	160	10	170	0	0	4	1	true	inv_mac_SB,inv_mac_Sb|richteri_SB,richteri_Sb	species	0	topo118	inv_mac_SB,inv_mac_Sb|richteri_SB,richteri_Sb	species	0.954397096072	0
10	91	20271093	160	10	170	0	0	4	1	true	inv_mac_SB,inv_mac_Sb|richteri_SB,richteri_Sb	species	0	topo118	inv_mac_SB,inv_mac_Sb|richteri_SB,richteri_Sb	species	0.955531826209	0
10	92	20271094	160	10	170	0	0	4	1	true	inv_mac_SB,inv_mac_Sb|richteri_SB,richteri_Sb	species	0	topo118	inv_mac_SB,inv_mac_Sb|richteri_SB,richteri_Sb	species	0.950816675287	0
10	93	20271095	160	10	170	0	0	4	1	true	inv_mac_SB,inv_mac_Sb|richteri_SB,richteri_Sb	species	0	topo118	inv_mac_SB,inv_mac_Sb|richteri_SB,richteri_Sb	species	0.955118137429	0
10	94	20271096	160	10	170	0	0	4	1	true	inv_mac_SB,inv_mac_Sb|richteri_SB,richteri_Sb	species	0	topo118	inv_mac_SB,inv_mac_Sb|richteri_SB,richteri_Sb	species	0.952161149328	0
10	95	20271097	160	10	170	0	0	4	1	true	inv_mac_SB,inv_mac_Sb|richteri_SB,richteri_Sb	species	0	topo118	inv_mac_SB,inv_mac_Sb|richteri_SB,richteri_Sb	species	0.952592824243	0
10	96	20271098	160	10	170	0	0	4	1	true	inv_mac_SB,inv_mac_Sb|richteri_SB,richteri_Sb	species	0	topo118	inv_mac_SB,inv_mac_Sb|richteri_SB,richteri_Sb	species	0.954788851385	0
10	97	20271099	160	10	170	0	0	4	1	true	inv_mac_SB,inv_mac_Sb|richteri_SB,richteri_Sb	species	0	topo118	inv_mac_SB,inv_mac_Sb|richteri_SB,richteri_Sb	species	0.953633443532	0
10	98	20271100	160	10	170	0	0	4	1	true	inv_mac_SB,inv_mac_Sb|richteri_SB,richteri_Sb	species	0	topo118	inv_mac_SB,inv_mac_Sb|richteri_SB,richteri_Sb	species	0.954186195875	0
10	99	20271101	160	10	170	0	0	4	1	true	inv_mac_SB,inv_mac_Sb|richteri_SB,richteri_Sb	species	0	topo118	inv_mac_SB,inv_mac_Sb|richteri_SB,richteri_Sb	species	0.953855733609	0
10	100	20271102	160	10	170	0	0	4	1	true	inv_mac_SB,inv_mac_Sb|richteri_SB,richteri_Sb	species	0	topo118	inv_mac_SB,inv_mac_Sb|richteri_SB,richteri_Sb	species	0.955665953032	0
20	1	20281003	160	20	180	0	0	4	1	true	inv_mac_SB,inv_mac_Sb|richteri_SB,richteri_Sb	species	0	topo118	inv_mac_SB,inv_mac_Sb|richteri_SB,richteri_Sb	species	0.942990284196	0
20	2	20281004	160	20	180	0	0	4	1	true	inv_mac_SB,inv_mac_Sb|richteri_SB,richteri_Sb	species	0	topo118	inv_mac_SB,inv_mac_Sb|richteri_SB,richteri_Sb	species	0.944826387534	0
20	3	20281005	160	20	180	0	0	4	1	true	inv_mac_SB,inv_mac_Sb|richteri_SB,richteri_Sb	species	0	topo118	inv_mac_SB,inv_mac_Sb|richteri_SB,richteri_Sb	species	0.941580228899	0
20	4	20281006	160	20	180	0	0	4	1	true	inv_mac_SB,inv_mac_Sb|richteri_SB,richteri_Sb	species	0	topo118	inv_mac_SB,inv_mac_Sb|richteri_SB,richteri_Sb	species	0.941522314311	0
20	5	20281007	160	20	180	0	0	4	1	true	inv_mac_SB,inv_mac_Sb|richteri_SB,richteri_Sb	species	0	topo118	inv_mac_SB,inv_mac_Sb|richteri_SB,richteri_Sb	species	0.940609668332	0
20	6	20281008	160	20	180	0	0	4	1	true	inv_mac_SB,inv_mac_Sb|richteri_SB,richteri_Sb	species	0	topo118	inv_mac_SB,inv_mac_Sb|richteri_SB,richteri_Sb	species	0.938122612374	0
20	7	20281009	160	20	180	0	0	4	1	true	inv_mac_SB,inv_mac_Sb|richteri_SB,richteri_Sb	species	0	topo118	inv_mac_SB,inv_mac_Sb|richteri_SB,richteri_Sb	species	0.942395429091	0
20	8	20281010	160	20	180	0	0	4	1	true	inv_mac_SB,inv_mac_Sb|richteri_SB,richteri_Sb	species	0	topo118	inv_mac_SB,inv_mac_Sb|richteri_SB,richteri_Sb	species	0.941204429146	0
20	9	20281011	160	20	180	0	0	4	1	true	inv_mac_SB,inv_mac_Sb|richteri_SB,richteri_Sb	species	0	topo118	inv_mac_SB,inv_mac_Sb|richteri_SB,richteri_Sb	species	0.941414347635	0
20	10	20281012	160	20	180	0	0	4	1	true	inv_mac_SB,inv_mac_Sb|richteri_SB,richteri_Sb	species	0	topo118	inv_mac_SB,inv_mac_Sb|richteri_SB,richteri_Sb	species	0.938462624336	0
20	11	20281013	160	20	180	0	0	4	1	true	inv_mac_SB,inv_mac_Sb|richteri_SB,richteri_Sb	species	0	topo118	inv_mac_SB,inv_mac_Sb|richteri_SB,richteri_Sb	species	0.940325638216	0
20	12	20281014	160	20	180	0	0	4	1	true	inv_mac_SB,inv_mac_Sb|richteri_SB,richteri_Sb	species	0	topo118	inv_mac_SB,inv_mac_Sb|richteri_SB,richteri_Sb	species	0.943178683268	0
20	13	20281015	160	20	180	0	0	4	1	true	inv_mac_SB,inv_mac_Sb|richteri_SB,richteri_Sb	species	0	topo118	inv_mac_SB,inv_mac_Sb|richteri_SB,richteri_Sb	species	0.939851071616	0
20	14	20281016	160	20	180	0	0	4	1	true	inv_mac_SB,inv_mac_Sb|richteri_SB,richteri_Sb	species	0	topo118	inv_mac_SB,inv_mac_Sb|richteri_SB,richteri_Sb	species	0.940647096178	0
20	15	20281017	160	20	180	0	0	4	1	true	inv_mac_SB,inv_mac_Sb|richteri_SB,richteri_Sb	species	0	topo118	inv_mac_SB,inv_mac_Sb|richteri_SB,richteri_Sb	species	0.942389767148	0
20	16	20281018	160	20	180	0	0	4	1	true	inv_mac_SB,inv_mac_Sb|richteri_SB,richteri_Sb	species	0	topo118	inv_mac_SB,inv_mac_Sb|richteri_SB,richteri_Sb	species	0.939931272722	0
20	17	20281019	160	20	180	0	0	4	1	true	inv_mac_SB,inv_mac_Sb|richteri_SB,richteri_Sb	species	0	topo118	inv_mac_SB,inv_mac_Sb|richteri_SB,richteri_Sb	species	0.941779107719	0
20	18	20281020	160	20	180	0	0	4	1	true	inv_mac_SB,inv_mac_Sb|richteri_SB,richteri_Sb	species	0	topo118	inv_mac_SB,inv_mac_Sb|richteri_SB,richteri_Sb	species	0.938838441701	0
20	19	20281021	160	20	180	0	0	4	1	true	inv_mac_SB,inv_mac_Sb|richteri_SB,richteri_Sb	species	0	topo118	inv_mac_SB,inv_mac_Sb|richteri_SB,richteri_Sb	species	0.941228351236	0
20	20	20281022	160	20	180	0	0	4	1	true	inv_mac_SB,inv_mac_Sb|richteri_SB,richteri_Sb	species	0	topo118	inv_mac_SB,inv_mac_Sb|richteri_SB,richteri_Sb	species	0.941156889036	0
20	21	20281023	160	20	180	0	0	4	1	true	inv_mac_SB,inv_mac_Sb|richteri_SB,richteri_Sb	species	0	topo118	inv_mac_SB,inv_mac_Sb|richteri_SB,richteri_Sb	species	0.943911981038	0
20	22	20281024	160	20	180	0	0	4	1	true	inv_mac_SB,inv_mac_Sb|richteri_SB,richteri_Sb	species	0	topo118	inv_mac_SB,inv_mac_Sb|richteri_SB,richteri_Sb	species	0.939559671698	0
20	23	20281025	160	20	180	0	0	4	1	true	inv_mac_SB,inv_mac_Sb|richteri_SB,richteri_Sb	species	0	topo118	inv_mac_SB,inv_mac_Sb|richteri_SB,richteri_Sb	species	0.940181158865	0
20	24	20281026	160	20	180	0	0	4	1	true	inv_mac_SB,inv_mac_Sb|richteri_SB,richteri_Sb	species	0	topo118	inv_mac_SB,inv_mac_Sb|richteri_SB,richteri_Sb	species	0.940016249282	0
20	25	20281027	160	20	180	0	0	4	1	true	inv_mac_SB,inv_mac_Sb|richteri_SB,richteri_Sb	species	0	topo118	inv_mac_SB,inv_mac_Sb|richteri_SB,richteri_Sb	species	0.941852210915	0
20	26	20281028	160	20	180	0	0	4	1	true	inv_mac_SB,inv_mac_Sb|richteri_SB,richteri_Sb	species	0	topo118	inv_mac_SB,inv_mac_Sb|richteri_SB,richteri_Sb	species	0.939029341995	0
20	27	20281029	160	20	180	0	0	4	1	true	inv_mac_SB,inv_mac_Sb|richteri_SB,richteri_Sb	species	0	topo118	inv_mac_SB,inv_mac_Sb|richteri_SB,richteri_Sb	species	0.940746675433	0
20	28	20281030	160	20	180	0	0	4	1	true	inv_mac_SB,inv_mac_Sb|richteri_SB,richteri_Sb	species	0	topo118	inv_mac_SB,inv_mac_Sb|richteri_SB,richteri_Sb	species	0.93964112812	0
20	29	20281031	160	20	180	0	0	4	1	true	inv_mac_SB,inv_mac_Sb|richteri_SB,richteri_Sb	species	0	topo118	inv_mac_SB,inv_mac_Sb|richteri_SB,richteri_Sb	species	0.942202052447	0
20	30	20281032	160	20	180	0	0	4	1	true	inv_mac_SB,inv_mac_Sb|richteri_SB,richteri_Sb	species	0	topo118	inv_mac_SB,inv_mac_Sb|richteri_SB,richteri_Sb	species	0.941627161764	0
20	31	20281033	160	20	180	0	0	4	1	true	inv_mac_SB,inv_mac_Sb|richteri_SB,richteri_Sb	species	0	topo118	inv_mac_SB,inv_mac_Sb|richteri_SB,richteri_Sb	species	0.940591579154	0
20	32	20281034	160	20	180	0	0	4	1	true	inv_mac_SB,inv_mac_Sb|richteri_SB,richteri_Sb	species	0	topo118	inv_mac_SB,inv_mac_Sb|richteri_SB,richteri_Sb	species	0.9383037358	0
20	33	20281035	160	20	180	0	0	4	1	true	inv_mac_SB,inv_mac_Sb|richteri_SB,richteri_Sb	species	0	topo118	inv_mac_SB,inv_mac_Sb|richteri_SB,richteri_Sb	species	0.937452040858	0
20	34	20281036	160	20	180	0	0	4	1	true	inv_mac_SB,inv_mac_Sb|richteri_SB,richteri_Sb	species	0	topo118	inv_mac_SB,inv_mac_Sb|richteri_SB,richteri_Sb	species	0.942810299836	0
20	35	20281037	160	20	180	0	0	4	1	true	inv_mac_SB,inv_mac_Sb|richteri_SB,richteri_Sb	species	0	topo118	inv_mac_SB,inv_mac_Sb|richteri_SB,richteri_Sb	species	0.939165529338	0
20	36	20281038	160	20	180	0	0	4	1	true	inv_mac_SB,inv_mac_Sb|richteri_SB,richteri_Sb	species	0	topo118	inv_mac_SB,inv_mac_Sb|richteri_SB,richteri_Sb	species	0.940497147274	0
20	37	20281039	160	20	180	0	0	4	1	true	inv_mac_SB,inv_mac_Sb|richteri_SB,richteri_Sb	species	0	topo118	inv_mac_SB,inv_mac_Sb|richteri_SB,richteri_Sb	species	0.939818285587	0
20	38	20281040	160	20	180	0	0	4	1	true	inv_mac_SB,inv_mac_Sb|richteri_SB,richteri_Sb	species	0	topo118	inv_mac_SB,inv_mac_Sb|richteri_SB,richteri_Sb	species	0.943876596762	0
20	39	20281041	160	20	180	0	0	4	1	true	inv_mac_SB,inv_mac_Sb|richteri_SB,richteri_Sb	species	0	topo118	inv_mac_SB,inv_mac_Sb|richteri_SB,richteri_Sb	species	0.945847755817	0
20	40	20281042	160	20	180	0	0	4	1	true	inv_mac_SB,inv_mac_Sb|richteri_SB,richteri_Sb	species	0	topo118	inv_mac_SB,inv_mac_Sb|richteri_SB,richteri_Sb	species	0.937328658406	0
20	41	20281043	160	20	180	0	0	4	1	true	inv_mac_SB,inv_mac_Sb|richteri_SB,richteri_Sb	species	0	topo118	inv_mac_SB,inv_mac_Sb|richteri_SB,richteri_Sb	species	0.940893390881	0
20	42	20281044	160	20	180	0	0	4	1	true	inv_mac_SB,inv_mac_Sb|richteri_SB,richteri_Sb	species	0	topo118	inv_mac_SB,inv_mac_Sb|richteri_SB,richteri_Sb	species	0.938216822151	0
20	43	20281045	160	20	180	0	0	4	1	true	inv_mac_SB,inv_mac_Sb|richteri_SB,richteri_Sb	species	0	topo118	inv_mac_SB,inv_mac_Sb|richteri_SB,richteri_Sb	species	0.939940869388	0
20	44	20281046	160	20	180	0	0	4	1	true	inv_mac_SB,inv_mac_Sb|richteri_SB,richteri_Sb	species	0	topo118	inv_mac_SB,inv_mac_Sb|richteri_SB,richteri_Sb	species	0.943313230109	0
20	45	20281047	160	20	180	0	0	4	1	true	inv_mac_SB,inv_mac_Sb|richteri_SB,richteri_Sb	species	0	topo118	inv_mac_SB,inv_mac_Sb|richteri_SB,richteri_Sb	species	0.940969802823	0
20	46	20281048	160	20	180	0	0	4	1	true	inv_mac_SB,inv_mac_Sb|richteri_SB,richteri_Sb	species	0	topo118	inv_mac_SB,inv_mac_Sb|richteri_SB,richteri_Sb	species	0.943477549655	0
20	47	20281049	160	20	180	0	0	4	1	true	inv_mac_SB,inv_mac_Sb|richteri_SB,richteri_Sb	species	0	topo118	inv_mac_SB,inv_mac_Sb|richteri_SB,richteri_Sb	species	0.936476626499	0
20	48	20281050	160	20	180	0	0	4	1	true	inv_mac_SB,inv_mac_Sb|richteri_SB,richteri_Sb	species	0	topo118	inv_mac_SB,inv_mac_Sb|richteri_SB,richteri_Sb	species	0.946017982221	0
20	49	20281051	160	20	180	0	0	4	1	true	inv_mac_SB,inv_mac_Sb|richteri_SB,richteri_Sb	species	0	topo118	inv_mac_SB,inv_mac_Sb|richteri_SB,richteri_Sb	species	0.937804261535	0
20	50	20281052	160	20	180	0	0	4	1	true	inv_mac_SB,inv_mac_Sb|richteri_SB,richteri_Sb	species	0	topo118	inv_mac_SB,inv_mac_Sb|richteri_SB,richteri_Sb	species	0.940461957003	0
20	51	20281053	160	20	180	0	0	4	1	true	inv_mac_SB,inv_mac_Sb|richteri_SB,richteri_Sb	species	0	topo118	inv_mac_SB,inv_mac_Sb|richteri_SB,richteri_Sb	species	0.943264344693	0
20	52	20281054	160	20	180	0	0	4	1	true	inv_mac_SB,inv_mac_Sb|richteri_SB,richteri_Sb	species	0	topo118	inv_mac_SB,inv_mac_Sb|richteri_SB,richteri_Sb	species	0.939489644881	0
20	53	20281055	160	20	180	0	0	4	1	true	inv_mac_SB,inv_mac_Sb|richteri_SB,richteri_Sb	species	0	topo118	inv_mac_SB,inv_mac_Sb|richteri_SB,richteri_Sb	species	0.940785578504	0
20	54	20281056	160	20	180	0	0	4	1	true	inv_mac_SB,inv_mac_Sb|richteri_SB,richteri_Sb	species	0	topo118	inv_mac_SB,inv_mac_Sb|richteri_SB,richteri_Sb	species	0.940160552242	0
20	55	20281057	160	20	180	0	0	4	1	true	inv_mac_SB,inv_mac_Sb|richteri_SB,richteri_Sb	species	0	topo118	inv_mac_SB,inv_mac_Sb|richteri_SB,richteri_Sb	species	0.94152338965	0
20	56	20281058	160	20	180	0	0	4	1	true	inv_mac_SB,inv_mac_Sb|richteri_SB,richteri_Sb	species	0	topo118	inv_mac_SB,inv_mac_Sb|richteri_SB,richteri_Sb	species	0.943508799601	0
20	57	20281059	160	20	180	0	0	4	1	true	inv_mac_SB,inv_mac_Sb|richteri_SB,richteri_Sb	species	0	topo118	inv_mac_SB,inv_mac_Sb|richteri_SB,richteri_Sb	species	0.9428236737	0
20	58	20281060	160	20	180	0	0	4	1	true	inv_mac_SB,inv_mac_Sb|richteri_SB,richteri_Sb	species	0	topo118	inv_mac_SB,inv_mac_Sb|richteri_SB,richteri_Sb	species	0.942571381434	0
20	59	20281061	160	20	180	0	0	4	1	true	inv_mac_SB,inv_mac_Sb|richteri_SB,richteri_Sb	species	0	topo118	inv_mac_SB,inv_mac_Sb|richteri_SB,richteri_Sb	species	0.94055456912	0
20	60	20281062	160	20	180	0	0	4	1	true	inv_mac_SB,inv_mac_Sb|richteri_SB,richteri_Sb	species	0	topo118	inv_mac_SB,inv_mac_Sb|richteri_SB,richteri_Sb	species	0.940061753397	0
20	61	20281063	160	20	180	0	0	4	1	true	inv_mac_SB,inv_mac_Sb|richteri_SB,richteri_Sb	species	0	topo118	inv_mac_SB,inv_mac_Sb|richteri_SB,richteri_Sb	species	0.940599332574	0
20	62	20281064	160	20	180	0	0	4	1	true	inv_mac_SB,inv_mac_Sb|richteri_SB,richteri_Sb	species	0	topo118	inv_mac_SB,inv_mac_Sb|richteri_SB,richteri_Sb	species	0.942524860912	0
20	63	20281065	160	20	180	0	0	4	1	true	inv_mac_SB,inv_mac_Sb|richteri_SB,richteri_Sb	species	0	topo118	inv_mac_SB,inv_mac_Sb|richteri_SB,richteri_Sb	species	0.943244184071	0
20	64	20281066	160	20	180	0	0	4	1	true	inv_mac_SB,inv_mac_Sb|richteri_SB,richteri_Sb	species	0	topo118	inv_mac_SB,inv_mac_Sb|richteri_SB,richteri_Sb	species	0.941558725615	0
20	65	20281067	160	20	180	0	0	4	1	true	inv_mac_SB,inv_mac_Sb|richteri_SB,richteri_Sb	species	0	topo118	inv_mac_SB,inv_mac_Sb|richteri_SB,richteri_Sb	species	0.939288413042	0
20	66	20281068	160	20	180	0	0	4	1	true	inv_mac_SB,inv_mac_Sb|richteri_SB,richteri_Sb	species	0	topo118	inv_mac_SB,inv_mac_Sb|richteri_SB,richteri_Sb	species	0.939225775836	0
20	67	20281069	160	20	180	0	0	4	1	true	inv_mac_SB,inv_mac_Sb|richteri_SB,richteri_Sb	species	0	topo118	inv_mac_SB,inv_mac_Sb|richteri_SB,richteri_Sb	species	0.941904905213	0
20	68	20281070	160	20	180	0	0	4	1	true	inv_mac_SB,inv_mac_Sb|richteri_SB,richteri_Sb	species	0	topo118	inv_mac_SB,inv_mac_Sb|richteri_SB,richteri_Sb	species	0.939365784028	0
20	69	20281071	160	20	180	0	0	4	1	true	inv_mac_SB,inv_mac_Sb|richteri_SB,richteri_Sb	species	0	topo118	inv_mac_SB,inv_mac_Sb|richteri_SB,richteri_Sb	species	0.943619446311	0
20	70	20281072	160	20	180	0	0	4	1	true	inv_mac_SB,inv_mac_Sb|richteri_SB,richteri_Sb	species	0	topo118	inv_mac_SB,inv_mac_Sb|richteri_SB,richteri_Sb	species	0.941155058472	0
20	71	20281073	160	20	180	0	0	4	1	true	inv_mac_SB,inv_mac_Sb|richteri_SB,richteri_Sb	species	0	topo118	inv_mac_SB,inv_mac_Sb|richteri_SB,richteri_Sb	species	0.942807113481	0
20	72	20281074	160	20	180	0	0	4	1	true	inv_mac_SB,inv_mac_Sb|richteri_SB,richteri_Sb	species	0	topo118	inv_mac_SB,inv_mac_Sb|richteri_SB,richteri_Sb	species	0.94394635173	0
20	73	20281075	160	20	180	0	0	4	1	true	inv_mac_SB,inv_mac_Sb|richteri_SB,richteri_Sb	species	0	topo118	inv_mac_SB,inv_mac_Sb|richteri_SB,richteri_Sb	species	0.940260221173	0
20	74	20281076	160	20	180	0	0	4	1	true	inv_mac_SB,inv_mac_Sb|richteri_SB,richteri_Sb	species	0	topo118	inv_mac_SB,inv_mac_Sb|richteri_SB,richteri_Sb	species	0.939406271358	0
20	75	20281077	160	20	180	0	0	4	1	true	inv_mac_SB,inv_mac_Sb|richteri_SB,richteri_Sb	species	0	topo118	inv_mac_SB,inv_mac_Sb|richteri_SB,richteri_Sb	species	0.940698137738	0
20	76	20281078	160	20	180	0	0	4	1	true	inv_mac_SB,inv_mac_Sb|richteri_SB,richteri_Sb	species	0	topo118	inv_mac_SB,inv_mac_Sb|richteri_SB,richteri_Sb	species	0.941948440689	0
20	77	20281079	160	20	180	0	0	4	1	true	inv_mac_SB,inv_mac_Sb|richteri_SB,richteri_Sb	species	0	topo118	inv_mac_SB,inv_mac_Sb|richteri_SB,richteri_Sb	species	0.941053799545	0
20	78	20281080	160	20	180	0	0	4	1	true	inv_mac_SB,inv_mac_Sb|richteri_SB,richteri_Sb	species	0	topo118	inv_mac_SB,inv_mac_Sb|richteri_SB,richteri_Sb	species	0.94057864627	0
20	79	20281081	160	20	180	0	0	4	1	true	inv_mac_SB,inv_mac_Sb|richteri_SB,richteri_Sb	species	0	topo118	inv_mac_SB,inv_mac_Sb|richteri_SB,richteri_Sb	species	0.942897289134	0
20	80	20281082	160	20	180	0	0	4	1	true	inv_mac_SB,inv_mac_Sb|richteri_SB,richteri_Sb	species	0	topo118	inv_mac_SB,inv_mac_Sb|richteri_SB,richteri_Sb	species	0.941785373994	0
20	81	20281083	160	20	180	0	0	4	1	true	inv_mac_SB,inv_mac_Sb|richteri_SB,richteri_Sb	species	0	topo118	inv_mac_SB,inv_mac_Sb|richteri_SB,richteri_Sb	species	0.940383931134	0
20	82	20281084	160	20	180	0	0	4	1	true	inv_mac_SB,inv_mac_Sb|richteri_SB,richteri_Sb	species	0	topo118	inv_mac_SB,inv_mac_Sb|richteri_SB,richteri_Sb	species	0.94292793291	0
20	83	20281085	160	20	180	0	0	4	1	true	inv_mac_SB,inv_mac_Sb|richteri_SB,richteri_Sb	species	0	topo118	inv_mac_SB,inv_mac_Sb|richteri_SB,richteri_Sb	species	0.941784449055	0
20	84	20281086	160	20	180	0	0	4	1	true	inv_mac_SB,inv_mac_Sb|richteri_SB,richteri_Sb	species	0	topo118	inv_mac_SB,inv_mac_Sb|richteri_SB,richteri_Sb	species	0.943372336466	0
20	85	20281087	160	20	180	0	0	4	1	true	inv_mac_SB,inv_mac_Sb|richteri_SB,richteri_Sb	species	0	topo118	inv_mac_SB,inv_mac_Sb|richteri_SB,richteri_Sb	species	0.939054570088	0
20	86	20281088	160	20	180	0	0	4	1	true	inv_mac_SB,inv_mac_Sb|richteri_SB,richteri_Sb	species	0	topo118	inv_mac_SB,inv_mac_Sb|richteri_SB,richteri_Sb	species	0.941831367535	0
20	87	20281089	160	20	180	0	0	4	1	true	inv_mac_SB,inv_mac_Sb|richteri_SB,richteri_Sb	species	0	topo118	inv_mac_SB,inv_mac_Sb|richteri_SB,richteri_Sb	species	0.942074894904	0
20	88	20281090	160	20	180	0	0	4	1	true	inv_mac_SB,inv_mac_Sb|richteri_SB,richteri_Sb	species	0	topo118	inv_mac_SB,inv_mac_Sb|richteri_SB,richteri_Sb	species	0.936941218731	0
20	89	20281091	160	20	180	0	0	4	1	true	inv_mac_SB,inv_mac_Sb|richteri_SB,richteri_Sb	species	0	topo118	inv_mac_SB,inv_mac_Sb|richteri_SB,richteri_Sb	species	0.940712540872	0
20	90	20281092	160	20	180	0	0	4	1	true	inv_mac_SB,inv_mac_Sb|richteri_SB,richteri_Sb	species	0	topo118	inv_mac_SB,inv_mac_Sb|richteri_SB,richteri_Sb	species	0.94138800732	0
20	91	20281093	160	20	180	0	0	4	1	true	inv_mac_SB,inv_mac_Sb|richteri_SB,richteri_Sb	species	0	topo118	inv_mac_SB,inv_mac_Sb|richteri_SB,richteri_Sb	species	0.942555945401	0
20	92	20281094	160	20	180	0	0	4	1	true	inv_mac_SB,inv_mac_Sb|richteri_SB,richteri_Sb	species	0	topo118	inv_mac_SB,inv_mac_Sb|richteri_SB,richteri_Sb	species	0.941456546454	0
20	93	20281095	160	20	180	0	0	4	1	true	inv_mac_SB,inv_mac_Sb|richteri_SB,richteri_Sb	species	0	topo118	inv_mac_SB,inv_mac_Sb|richteri_SB,richteri_Sb	species	0.939741561911	0
20	94	20281096	160	20	180	0	0	4	1	true	inv_mac_SB,inv_mac_Sb|richteri_SB,richteri_Sb	species	0	topo118	inv_mac_SB,inv_mac_Sb|richteri_SB,richteri_Sb	species	0.94074035789	0
20	95	20281097	160	20	180	0	0	4	1	true	inv_mac_SB,inv_mac_Sb|richteri_SB,richteri_Sb	species	0	topo118	inv_mac_SB,inv_mac_Sb|richteri_SB,richteri_Sb	species	0.941711778011	0
20	96	20281098	160	20	180	0	0	4	1	true	inv_mac_SB,inv_mac_Sb|richteri_SB,richteri_Sb	species	0	topo118	inv_mac_SB,inv_mac_Sb|richteri_SB,richteri_Sb	species	0.937097765497	0
20	97	20281099	160	20	180	0	0	4	1	true	inv_mac_SB,inv_mac_Sb|richteri_SB,richteri_Sb	species	0	topo118	inv_mac_SB,inv_mac_Sb|richteri_SB,richteri_Sb	species	0.94116014714	0
20	98	20281100	160	20	180	0	0	4	1	true	inv_mac_SB,inv_mac_Sb|richteri_SB,richteri_Sb	species	0	topo118	inv_mac_SB,inv_mac_Sb|richteri_SB,richteri_Sb	species	0.939705358997	0
20	99	20281101	160	20	180	0	0	4	1	true	inv_mac_SB,inv_mac_Sb|richteri_SB,richteri_Sb	species	0	topo118	inv_mac_SB,inv_mac_Sb|richteri_SB,richteri_Sb	species	0.939013143209	0
20	100	20281102	160	20	180	0	0	4	1	true	inv_mac_SB,inv_mac_Sb|richteri_SB,richteri_Sb	species	0	topo118	inv_mac_SB,inv_mac_Sb|richteri_SB,richteri_Sb	species	0.941714074652	0
40	1	20301003	160	40	200	0	0	4	1	true	inv_mac_SB,inv_mac_Sb|richteri_SB,richteri_Sb	species	0	topo118	inv_mac_SB,inv_mac_Sb|richteri_SB,richteri_Sb	species	0.916594262913	0
40	2	20301004	160	40	200	0	0	4	1	true	inv_mac_SB,inv_mac_Sb|richteri_SB,richteri_Sb	species	0	topo118	inv_mac_SB,inv_mac_Sb|richteri_SB,richteri_Sb	species	0.919013063927	0
40	3	20301005	160	40	200	0	0	4	1	true	inv_mac_SB,inv_mac_Sb|richteri_SB,richteri_Sb	species	0	topo118	inv_mac_SB,inv_mac_Sb|richteri_SB,richteri_Sb	species	0.921058133675	0
40	4	20301006	160	40	200	0	0	4	1	true	inv_mac_SB,inv_mac_Sb|richteri_SB,richteri_Sb	species	0	topo118	inv_mac_SB,inv_mac_Sb|richteri_SB,richteri_Sb	species	0.918084977551	0
40	5	20301007	160	40	200	0	0	4	1	true	inv_mac_SB,inv_mac_Sb|richteri_SB,richteri_Sb	species	0	topo118	inv_mac_SB,inv_mac_Sb|richteri_SB,richteri_Sb	species	0.917172919349	0
40	6	20301008	160	40	200	0	0	4	1	true	inv_mac_SB,inv_mac_Sb|richteri_SB,richteri_Sb	species	0	topo118	inv_mac_SB,inv_mac_Sb|richteri_SB,richteri_Sb	species	0.920018323471	0
40	7	20301009	160	40	200	0	0	4	1	true	inv_mac_SB,inv_mac_Sb|richteri_SB,richteri_Sb	species	0	topo118	inv_mac_SB,inv_mac_Sb|richteri_SB,richteri_Sb	species	0.919667837233	0
40	8	20301010	160	40	200	0	0	4	1	true	inv_mac_SB,inv_mac_Sb|richteri_SB,richteri_Sb	species	0	topo118	inv_mac_SB,inv_mac_Sb|richteri_SB,richteri_Sb	species	0.920674462029	0
40	9	20301011	160	40	200	0	0	4	1	true	inv_mac_SB,inv_mac_Sb|richteri_SB,richteri_Sb	species	0	topo118	inv_mac_SB,inv_mac_Sb|richteri_SB,richteri_Sb	species	0.92057164354	0
40	10	20301012	160	40	200	0	0	4	1	true	inv_mac_SB,inv_mac_Sb|richteri_SB,richteri_Sb	species	0	topo118	inv_mac_SB,inv_mac_Sb|richteri_SB,richteri_Sb	species	0.920238825079	0
40	11	20301013	160	40	200	0	0	4	1	true	inv_mac_SB,inv_mac_Sb|richteri_SB,richteri_Sb	species	0	topo118	inv_mac_SB,inv_mac_Sb|richteri_SB,richteri_Sb	species	0.918272883307	0
40	12	20301014	160	40	200	0	0	4	1	true	inv_mac_SB,inv_mac_Sb|richteri_SB,richteri_Sb	species	0	topo118	inv_mac_SB,inv_mac_Sb|richteri_SB,richteri_Sb	species	0.921822597632	0
40	13	20301015	160	40	200	0	0	4	1	true	inv_mac_SB,inv_mac_Sb|richteri_SB,richteri_Sb	species	0	topo118	inv_mac_SB,inv_mac_Sb|richteri_SB,richteri_Sb	species	0.919158676824	0
40	14	20301016	160	40	200	0	0	4	1	true	inv_mac_SB,inv_mac_Sb|richteri_SB,richteri_Sb	species	0	topo118	inv_mac_SB,inv_mac_Sb|richteri_SB,richteri_Sb	species	0.918646253264	0
40	15	20301017	160	40	200	0	0	4	1	true	inv_mac_SB,inv_mac_Sb|richteri_SB,richteri_Sb	species	0	topo118	inv_mac_SB,inv_mac_Sb|richteri_SB,richteri_Sb	species	0.915894674849	0
40	16	20301018	160	40	200	0	0	4	1	true	inv_mac_SB,inv_mac_Sb|richteri_SB,richteri_Sb	species	0	topo118	inv_mac_SB,inv_mac_Sb|richteri_SB,richteri_Sb	species	0.919918839362	0
40	17	20301019	160	40	200	0	0	4	1	true	inv_mac_SB,inv_mac_Sb|richteri_SB,richteri_Sb	species	0	topo118	inv_mac_SB,inv_mac_Sb|richteri_SB,richteri_Sb	species	0.917824983204	0
40	18	20301020	160	40	200	0	0	4	1	true	inv_mac_SB,inv_mac_Sb|richteri_SB,richteri_Sb	species	0	topo118	inv_mac_SB,inv_mac_Sb|richteri_SB,richteri_Sb	species	0.918442313122	0
40	19	20301021	160	40	200	0	0	4	1	true	inv_mac_SB,inv_mac_Sb|richteri_SB,richteri_Sb	species	0	topo118	inv_mac_SB,inv_mac_Sb|richteri_SB,richteri_Sb	species	0.918892146254	0
40	20	20301022	160	40	200	0	0	4	1	true	inv_mac_SB,inv_mac_Sb|richteri_SB,richteri_Sb	species	0	topo118	inv_mac_SB,inv_mac_Sb|richteri_SB,richteri_Sb	species	0.919655391167	0
40	21	20301023	160	40	200	0	0	4	1	true	inv_mac_SB,inv_mac_Sb|richteri_SB,richteri_Sb	species	0	topo118	inv_mac_SB,inv_mac_Sb|richteri_SB,richteri_Sb	species	0.917645338821	0
40	22	20301024	160	40	200	0	0	4	1	true	inv_mac_SB,inv_mac_Sb|richteri_SB,richteri_Sb	species	0	topo118	inv_mac_SB,inv_mac_Sb|richteri_SB,richteri_Sb	species	0.920873545278	0
40	23	20301025	160	40	200	0	0	4	1	true	inv_mac_SB,inv_mac_Sb|richteri_SB,richteri_Sb	species	0	topo118	inv_mac_SB,inv_mac_Sb|richteri_SB,richteri_Sb	species	0.922181195081	0
40	24	20301026	160	40	200	0	0	4	1	true	inv_mac_SB,inv_mac_Sb|richteri_SB,richteri_Sb	species	0	topo118	inv_mac_SB,inv_mac_Sb|richteri_SB,richteri_Sb	species	0.918346128585	0
40	25	20301027	160	40	200	0	0	4	1	true	inv_mac_SB,inv_mac_Sb|richteri_SB,richteri_Sb	species	0	topo118	inv_mac_SB,inv_mac_Sb|richteri_SB,richteri_Sb	species	0.921577067887	0
40	26	20301028	160	40	200	0	0	4	1	true	inv_mac_SB,inv_mac_Sb|richteri_SB,richteri_Sb	species	0	topo118	inv_mac_SB,inv_mac_Sb|richteri_SB,richteri_Sb	species	0.915545759242	0
40	27	20301029	160	40	200	0	0	4	1	true	inv_mac_SB,inv_mac_Sb|richteri_SB,richteri_Sb	species	0	topo118	inv_mac_SB,inv_mac_Sb|richteri_SB,richteri_Sb	species	0.918027698172	0
40	28	20301030	160	40	200	0	0	4	1	true	inv_mac_SB,inv_mac_Sb|richteri_SB,richteri_Sb	species	0	topo118	inv_mac_SB,inv_mac_Sb|richteri_SB,richteri_Sb	species	0.919122927327	0
40	29	20301031	160	40	200	0	0	4	1	true	inv_mac_SB,inv_mac_Sb|richteri_SB,richteri_Sb	species	0	topo118	inv_mac_SB,inv_mac_Sb|richteri_SB,richteri_Sb	species	0.9181289956	0
40	30	20301032	160	40	200	0	0	4	1	true	inv_mac_SB,inv_mac_Sb|richteri_SB,richteri_Sb	species	0	topo118	inv_mac_SB,inv_mac_Sb|richteri_SB,richteri_Sb	species	0.918492538958	0
40	31	20301033	160	40	200	0	0	4	1	true	inv_mac_SB,inv_mac_Sb|richteri_SB,richteri_Sb	species	0	topo118	inv_mac_SB,inv_mac_Sb|richteri_SB,richteri_Sb	species	0.920963597533	0
40	32	20301034	160	40	200	0	0	4	1	true	inv_mac_SB,inv_mac_Sb|richteri_SB,richteri_Sb	species	0	topo118	inv_mac_SB,inv_mac_Sb|richteri_SB,richteri_Sb	species	0.920061118403	0
40	33	20301035	160	40	200	0	0	4	1	true	inv_mac_SB,inv_mac_Sb|richteri_SB,richteri_Sb	species	0	topo118	inv_mac_SB,inv_mac_Sb|richteri_SB,richteri_Sb	species	0.916243256977	0
40	34	20301036	160	40	200	0	0	4	1	true	inv_mac_SB,inv_mac_Sb|richteri_SB,richteri_Sb	species	0	topo118	inv_mac_SB,inv_mac_Sb|richteri_SB,richteri_Sb	species	0.919016149449	0
40	35	20301037	160	40	200	0	0	4	1	true	inv_mac_SB,inv_mac_Sb|richteri_SB,richteri_Sb	species	0	topo118	inv_mac_SB,inv_mac_Sb|richteri_SB,richteri_Sb	species	0.921307187368	0
40	36	20301038	160	40	200	0	0	4	1	true	inv_mac_SB,inv_mac_Sb|richteri_SB,richteri_Sb	species	0	topo118	inv_mac_SB,inv_mac_Sb|richteri_SB,richteri_Sb	species	0.916121739865	0
40	37	20301039	160	40	200	0	0	4	1	true	inv_mac_SB,inv_mac_Sb|richteri_SB,richteri_Sb	species	0	topo118	inv_mac_SB,inv_mac_Sb|richteri_SB,richteri_Sb	species	0.918983890786	0
40	38	20301040	160	40	200	0	0	4	1	true	inv_mac_SB,inv_mac_Sb|richteri_SB,richteri_Sb	species	0	topo118	inv_mac_SB,inv_mac_Sb|richteri_SB,richteri_Sb	species	0.918409203944	0
40	39	20301041	160	40	200	0	0	4	1	true	inv_mac_SB,inv_mac_Sb|richteri_SB,richteri_Sb	species	0	topo118	inv_mac_SB,inv_mac_Sb|richteri_SB,richteri_Sb	species	0.916969404202	0
40	40	20301042	160	40	200	0	0	4	1	true	inv_mac_SB,inv_mac_Sb|richteri_SB,richteri_Sb	species	0	topo118	inv_mac_SB,inv_mac_Sb|richteri_SB,richteri_Sb	species	0.920212410474	0
40	41	20301043	160	40	200	0	0	4	1	true	inv_mac_SB,inv_mac_Sb|richteri_SB,richteri_Sb	species	0	topo118	inv_mac_SB,inv_mac_Sb|richteri_SB,richteri_Sb	species	0.91923941036	0
40	42	20301044	160	40	200	0	0	4	1	true	inv_mac_SB,inv_mac_Sb|richteri_SB,richteri_Sb	species	0	topo118	inv_mac_SB,inv_mac_Sb|richteri_SB,richteri_Sb	species	0.917421718295	0
40	43	20301045	160	40	200	0	0	4	1	true	inv_mac_SB,inv_mac_Sb|richteri_SB,richteri_Sb	species	0	topo118	inv_mac_SB,inv_mac_Sb|richteri_SB,richteri_Sb	species	0.919316323819	0
40	44	20301046	160	40	200	0	0	4	1	true	inv_mac_SB,inv_mac_Sb|richteri_SB,richteri_Sb	species	0	topo118	inv_mac_SB,inv_mac_Sb|richteri_SB,richteri_Sb	species	0.919298659511	0
40	45	20301047	160	40	200	0	0	4	1	true	inv_mac_SB,inv_mac_Sb|richteri_SB,richteri_Sb	species	0	topo118	inv_mac_SB,inv_mac_Sb|richteri_SB,richteri_Sb	species	0.918087754601	0
40	46	20301048	160	40	200	0	0	4	1	true	inv_mac_SB,inv_mac_Sb|richteri_SB,richteri_Sb	species	0	topo118	inv_mac_SB,inv_mac_Sb|richteri_SB,richteri_Sb	species	0.91991649485	0
40	47	20301049	160	40	200	0	0	4	1	true	inv_mac_SB,inv_mac_Sb|richteri_SB,richteri_Sb	species	0	topo118	inv_mac_SB,inv_mac_Sb|richteri_SB,richteri_Sb	species	0.921174436498	0
40	48	20301050	160	40	200	0	0	4	1	true	inv_mac_SB,inv_mac_Sb|richteri_SB,richteri_Sb	species	0	topo118	inv_mac_SB,inv_mac_Sb|richteri_SB,richteri_Sb	species	0.920370299269	0
40	49	20301051	160	40	200	0	0	4	1	true	inv_mac_SB,inv_mac_Sb|richteri_SB,richteri_Sb	species	0	topo118	inv_mac_SB,inv_mac_Sb|richteri_SB,richteri_Sb	species	0.918798412065	0
40	50	20301052	160	40	200	0	0	4	1	true	inv_mac_SB,inv_mac_Sb|richteri_SB,richteri_Sb	species	0	topo118	inv_mac_SB,inv_mac_Sb|richteri_SB,richteri_Sb	species	0.921409540286	0
40	51	20301053	160	40	200	0	0	4	1	true	inv_mac_SB,inv_mac_Sb|richteri_SB,richteri_Sb	species	0	topo118	inv_mac_SB,inv_mac_Sb|richteri_SB,richteri_Sb	species	0.919812045068	0
40	52	20301054	160	40	200	0	0	4	1	true	inv_mac_SB,inv_mac_Sb|richteri_SB,richteri_Sb	species	0	topo118	inv_mac_SB,inv_mac_Sb|richteri_SB,richteri_Sb	species	0.918667624836	0
40	53	20301055	160	40	200	0	0	4	1	true	inv_mac_SB,inv_mac_Sb|richteri_SB,richteri_Sb	species	0	topo118	inv_mac_SB,inv_mac_Sb|richteri_SB,richteri_Sb	species	0.918287190527	0
40	54	20301056	160	40	200	0	0	4	1	true	inv_mac_SB,inv_mac_Sb|richteri_SB,richteri_Sb	species	0	topo118	inv_mac_SB,inv_mac_Sb|richteri_SB,richteri_Sb	species	0.920423827662	0
40	55	20301057	160	40	200	0	0	4	1	true	inv_mac_SB,inv_mac_Sb|richteri_SB,richteri_Sb	species	0	topo118	inv_mac_SB,inv_mac_Sb|richteri_SB,richteri_Sb	species	0.919234206759	0
40	56	20301058	160	40	200	0	0	4	1	true	inv_mac_SB,inv_mac_Sb|richteri_SB,richteri_Sb	species	0	topo118	inv_mac_SB,inv_mac_Sb|richteri_SB,richteri_Sb	species	0.917974330671	0
40	57	20301059	160	40	200	0	0	4	1	true	inv_mac_SB,inv_mac_Sb|richteri_SB,richteri_Sb	species	0	topo118	inv_mac_SB,inv_mac_Sb|richteri_SB,richteri_Sb	species	0.92127796865	0
40	58	20301060	160	40	200	0	0	4	1	true	inv_mac_SB,inv_mac_Sb|richteri_SB,richteri_Sb	species	0	topo118	inv_mac_SB,inv_mac_Sb|richteri_SB,richteri_Sb	species	0.917857789638	0
40	59	20301061	160	40	200	0	0	4	1	true	inv_mac_SB,inv_mac_Sb|richteri_SB,richteri_Sb	species	0	topo118	inv_mac_SB,inv_mac_Sb|richteri_SB,richteri_Sb	species	0.921565789963	0
40	60	20301062	160	40	200	0	0	4	1	true	inv_mac_SB,inv_mac_Sb|richteri_SB,richteri_Sb	species	0	topo118	inv_mac_SB,inv_mac_Sb|richteri_SB,richteri_Sb	species	0.920799505509	0
40	61	20301063	160	40	200	0	0	4	1	true	inv_mac_SB,inv_mac_Sb|richteri_SB,richteri_Sb	species	0	topo118	inv_mac_SB,inv_mac_Sb|richteri_SB,richteri_Sb	species	0.919106388327	0
40	62	20301064	160	40	200	0	0	4	1	true	inv_mac_SB,inv_mac_Sb|richteri_SB,richteri_Sb	species	0	topo118	inv_mac_SB,inv_mac_Sb|richteri_SB,richteri_Sb	species	0.91985273757	0
40	63	20301065	160	40	200	0	0	4	1	true	inv_mac_SB,inv_mac_Sb|richteri_SB,richteri_Sb	species	0	topo118	inv_mac_SB,inv_mac_Sb|richteri_SB,richteri_Sb	species	0.921073368165	0
40	64	20301066	160	40	200	0	0	4	1	true	inv_mac_SB,inv_mac_Sb|richteri_SB,richteri_Sb	species	0	topo118	inv_mac_SB,inv_mac_Sb|richteri_SB,richteri_Sb	species	0.920183762396	0
40	65	20301067	160	40	200	0	0	4	1	true	inv_mac_SB,inv_mac_Sb|richteri_SB,richteri_Sb	species	0	topo118	inv_mac_SB,inv_mac_Sb|richteri_SB,richteri_Sb	species	0.920483314499	0
40	66	20301068	160	40	200	0	0	4	1	true	inv_mac_SB,inv_mac_Sb|richteri_SB,richteri_Sb	species	0	topo118	inv_mac_SB,inv_mac_Sb|richteri_SB,richteri_Sb	species	0.917612199191	0
40	67	20301069	160	40	200	0	0	4	1	true	inv_mac_SB,inv_mac_Sb|richteri_SB,richteri_Sb	species	0	topo118	inv_mac_SB,inv_mac_Sb|richteri_SB,richteri_Sb	species	0.916376056933	0
40	68	20301070	160	40	200	0	0	4	1	true	inv_mac_SB,inv_mac_Sb|richteri_SB,richteri_Sb	species	0	topo118	inv_mac_SB,inv_mac_Sb|richteri_SB,richteri_Sb	species	0.917395494549	0
40	69	20301071	160	40	200	0	0	4	1	true	inv_mac_SB,inv_mac_Sb|richteri_SB,richteri_Sb	species	0	topo118	inv_mac_SB,inv_mac_Sb|richteri_SB,richteri_Sb	species	0.917735430562	0
40	70	20301072	160	40	200	0	0	4	1	true	inv_mac_SB,inv_mac_Sb|richteri_SB,richteri_Sb	species	0	topo118	inv_mac_SB,inv_mac_Sb|richteri_SB,richteri_Sb	species	0.91981402682	0
40	71	20301073	160	40	200	0	0	4	1	true	inv_mac_SB,inv_mac_Sb|richteri_SB,richteri_Sb	species	0	topo118	inv_mac_SB,inv_mac_Sb|richteri_SB,richteri_Sb	species	0.919155170542	0
40	72	20301074	160	40	200	0	0	4	1	true	inv_mac_SB,inv_mac_Sb|richteri_SB,richteri_Sb	species	0	topo118	inv_mac_SB,inv_mac_Sb|richteri_SB,richteri_Sb	species	0.92099133867	0
40	73	20301075	160	40	200	0	0	4	1	true	inv_mac_SB,inv_mac_Sb|richteri_SB,richteri_Sb	species	0	topo118	inv_mac_SB,inv_mac_Sb|richteri_SB,richteri_Sb	species	0.920160863229	0
40	74	20301076	160	40	200	0	0	4	1	true	inv_mac_SB,inv_mac_Sb|richteri_SB,richteri_Sb	species	0	topo118	inv_mac_SB,inv_mac_Sb|richteri_SB,richteri_Sb	species	0.918252786277	0
40	75	20301077	160	40	200	0	0	4	1	true	inv_mac_SB,inv_mac_Sb|richteri_SB,richteri_Sb	species	0	topo118	inv_mac_SB,inv_mac_Sb|richteri_SB,richteri_Sb	species	0.91961593005	0
40	76	20301078	160	40	200	0	0	4	1	true	inv_mac_SB,inv_mac_Sb|richteri_SB,richteri_Sb	species	0	topo118	inv_mac_SB,inv_mac_Sb|richteri_SB,richteri_Sb	species	0.916952563023	0
40	77	20301079	160	40	200	0	0	4	1	true	inv_mac_SB,inv_mac_Sb|richteri_SB,richteri_Sb	species	0	topo118	inv_mac_SB,inv_mac_Sb|richteri_SB,richteri_Sb	species	0.919978848761	0
40	78	20301080	160	40	200	0	0	4	1	true	inv_mac_SB,inv_mac_Sb|richteri_SB,richteri_Sb	species	0	topo118	inv_mac_SB,inv_mac_Sb|richteri_SB,richteri_Sb	species	0.917318728751	0
40	79	20301081	160	40	200	0	0	4	1	true	inv_mac_SB,inv_mac_Sb|richteri_SB,richteri_Sb	species	0	topo118	inv_mac_SB,inv_mac_Sb|richteri_SB,richteri_Sb	species	0.917827350021	0
40	80	20301082	160	40	200	0	0	4	1	true	inv_mac_SB,inv_mac_Sb|richteri_SB,richteri_Sb	species	0	topo118	inv_mac_SB,inv_mac_Sb|richteri_SB,richteri_Sb	species	0.919260796372	0
40	81	20301083	160	40	200	0	0	4	1	true	inv_mac_SB,inv_mac_Sb|richteri_SB,richteri_Sb	species	0	topo118	inv_mac_SB,inv_mac_Sb|richteri_SB,richteri_Sb	species	0.920420476181	0
40	82	20301084	160	40	200	0	0	4	1	true	inv_mac_SB,inv_mac_Sb|richteri_SB,richteri_Sb	species	0	topo118	inv_mac_SB,inv_mac_Sb|richteri_SB,richteri_Sb	species	0.92012569022	0
40	83	20301085	160	40	200	0	0	4	1	true	inv_mac_SB,inv_mac_Sb|richteri_SB,richteri_Sb	species	0	topo118	inv_mac_SB,inv_mac_Sb|richteri_SB,richteri_Sb	species	0.920799546326	0
40	84	20301086	160	40	200	0	0	4	1	true	inv_mac_SB,inv_mac_Sb|richteri_SB,richteri_Sb	species	0	topo118	inv_mac_SB,inv_mac_Sb|richteri_SB,richteri_Sb	species	0.92007245348	0
40	85	20301087	160	40	200	0	0	4	1	true	inv_mac_SB,inv_mac_Sb|richteri_SB,richteri_Sb	species	0	topo118	inv_mac_SB,inv_mac_Sb|richteri_SB,richteri_Sb	species	0.919268355697	0
40	86	20301088	160	40	200	0	0	4	1	true	inv_mac_SB,inv_mac_Sb|richteri_SB,richteri_Sb	species	0	topo118	inv_mac_SB,inv_mac_Sb|richteri_SB,richteri_Sb	species	0.916885153373	0
40	87	20301089	160	40	200	0	0	4	1	true	inv_mac_SB,inv_mac_Sb|richteri_SB,richteri_Sb	species	0	topo118	inv_mac_SB,inv_mac_Sb|richteri_SB,richteri_Sb	species	0.921249458028	0
40	88	20301090	160	40	200	0	0	4	1	true	inv_mac_SB,inv_mac_Sb|richteri_SB,richteri_Sb	species	0	topo118	inv_mac_SB,inv_mac_Sb|richteri_SB,richteri_Sb	species	0.91836089585	0
40	89	20301091	160	40	200	0	0	4	1	true	inv_mac_SB,inv_mac_Sb|richteri_SB,richteri_Sb	species	0	topo118	inv_mac_SB,inv_mac_Sb|richteri_SB,richteri_Sb	species	0.918982334836	0
40	90	20301092	160	40	200	0	0	4	1	true	inv_mac_SB,inv_mac_Sb|richteri_SB,richteri_Sb	species	0	topo118	inv_mac_SB,inv_mac_Sb|richteri_SB,richteri_Sb	species	0.918620152737	0
40	91	20301093	160	40	200	0	0	4	1	true	inv_mac_SB,inv_mac_Sb|richteri_SB,richteri_Sb	species	0	topo118	inv_mac_SB,inv_mac_Sb|richteri_SB,richteri_Sb	species	0.920438734562	0
40	92	20301094	160	40	200	0	0	4	1	true	inv_mac_SB,inv_mac_Sb|richteri_SB,richteri_Sb	species	0	topo118	inv_mac_SB,inv_mac_Sb|richteri_SB,richteri_Sb	species	0.920371280667	0
40	93	20301095	160	40	200	0	0	4	1	true	inv_mac_SB,inv_mac_Sb|richteri_SB,richteri_Sb	species	0	topo118	inv_mac_SB,inv_mac_Sb|richteri_SB,richteri_Sb	species	0.918944487507	0
40	94	20301096	160	40	200	0	0	4	1	true	inv_mac_SB,inv_mac_Sb|richteri_SB,richteri_Sb	species	0	topo118	inv_mac_SB,inv_mac_Sb|richteri_SB,richteri_Sb	species	0.917030205552	0
40	95	20301097	160	40	200	0	0	4	1	true	inv_mac_SB,inv_mac_Sb|richteri_SB,richteri_Sb	species	0	topo118	inv_mac_SB,inv_mac_Sb|richteri_SB,richteri_Sb	species	0.919373517368	0
40	96	20301098	160	40	200	0	0	4	1	true	inv_mac_SB,inv_mac_Sb|richteri_SB,richteri_Sb	species	0	topo118	inv_mac_SB,inv_mac_Sb|richteri_SB,richteri_Sb	species	0.919231514652	0
40	97	20301099	160	40	200	0	0	4	1	true	inv_mac_SB,inv_mac_Sb|richteri_SB,richteri_Sb	species	0	topo118	inv_mac_SB,inv_mac_Sb|richteri_SB,richteri_Sb	species	0.918867534239	0
40	98	20301100	160	40	200	0	0	4	1	true	inv_mac_SB,inv_mac_Sb|richteri_SB,richteri_Sb	species	0	topo118	inv_mac_SB,inv_mac_Sb|richteri_SB,richteri_Sb	species	0.919167881277	0
40	99	20301101	160	40	200	0	0	4	1	true	inv_mac_SB,inv_mac_Sb|richteri_SB,richteri_Sb	species	0	topo118	inv_mac_SB,inv_mac_Sb|richteri_SB,richteri_Sb	species	0.918782832077	0
40	100	20301102	160	40	200	0	0	4	1	true	inv_mac_SB,inv_mac_Sb|richteri_SB,richteri_Sb	species	0	topo118	inv_mac_SB,inv_mac_Sb|richteri_SB,richteri_Sb	species	0.92052341196	0
52	1	0	160	52	212	0	0	4	1	true	inv_mac_SB,inv_mac_Sb|richteri_SB,richteri_Sb	species	0	topo118	inv_mac_SB,inv_mac_Sb|richteri_SB,richteri_Sb	species	0.908088890456	0
