locus_id	start_bp	end_bp	midpoint_bp	source_filename	n_tips	missing_tips	tree_sha256
w000001	5000000	5004999	5002499.5	ML_trees/0-5000.fa.contree	55		f35278d43d7eb117138c11ca16a182bb9b78d3b410915be336ecc1563a2137e1
w003226	5005000	5009999	5007499.5	ML_trees/5000-10000.fa.contree	55		739d0ef31869a60b5ff97aeb48c9a48bdfd331b7194e6763f1f033dce5a3950f
w000002	5010000	5014999	5012499.5	ML_trees/10000-15000.fa.contree	55		5323b435424e45712449eeda9945d88fb804c60dde18ddf6de42a07e8fc2988d
w000525	5015000	5019999	5017499.5	ML_trees/15000-20000.fa.contree	55		c2120c865468219559a81f41beb8f27ec102bdeceadeee65509169c779d057ac
w001078	5020000	5024999	5022499.5	ML_trees/20000-25000.fa.contree	55		ce9f227d3fef34dc97d8736b04352331a93eab44414019682f76a74397c7fdf8
w001987	5025000	5029999	5027499.5	ML_trees/25000-30000.fa.contree	55		1fbbbc66ef29b1f9f6df9bdaba3d2fd705d64c2f73bf9b377a2901127560a764
w002655	5030000	5034999	5032499.5	ML_trees/30000-35000.fa.contree	55		7abe7e89e4e48e7b47d3ba2da01852f7560251b2500ba68d8264b250b695f382
w002945	5035000	5039999	5037499.5	ML_trees/35000-40000.fa.contree	55		13bf41b19ec545e7b0e84eae33d1efe8d69705cb50f38200c9885b78121c9e30
w003019	5040000	5044999	5042499.5	ML_trees/40000-45000.fa.contree	55		dfdb19fddb076a616ab1aea8cfdc24f995d6ebf2d498eb8f22694b9df98ff923
w003124	5045000	5049999	5047499.5	ML_trees/45000-50000.fa.contree	55		0d9dfc9fe8783014e2f76b29783dca4ff0a9ecb78d3e7a8692fb3614c0357cd0
w003227	5050000	5054999	5052499.5	ML_trees/50000-55000.fa.contree	55		bfa7e0ca05fb3103ea2742e3279ae7d9c06f8b694eac3ca1ec06685c9093373a
w003336	5055000	5059999	5057499.5	ML_trees/55000-60000.fa.contree	55		ee2094278d18428a4c3e5046649bb6ac3e003d955bf54e4d37e15a4ced0608b0
w003439	5060000	5064999	5062499.5	ML_trees/60000-65000.fa.contree	55		f1b24639b127ca28f8b1472ed28e003207c8c09495e3d7c582e30a6222b42f04
w003546	5065000	5069999	5067499.5	ML_trees/65000-70000.fa.contree	55		8c54dd5f3c005b304a5ce8b3f67ebac224540a33230b59717771b7abac6cf04b
w003654	5070000	5074999	5072499.5	ML_trees/70000-75000.fa.contree	55		749a9785cb4577d6aa937b8d3c45021985fd1341fa01a9efe01ac2761a6503e9
w003724	5075000	5079999	5077499.5	ML_trees/75000-80000.fa.contree	55		0e41bc8959b244ee6e81f72423464bca55e04cda70afda3026217819db92a2ea
w003795	5080000	5084999	5082499.5	ML_trees/80000-85000.fa.contree	55		5c753c769b97862f580b021ce4df625019c0e039a3187c10f1943715687a388c
w003806	5085000	5089999	5087499.5	ML_trees/85000-90000.fa.contree	55		d851dc68fa5f23aa0c2e09594da7ede7487ad749583de1d1dd05aabb734b9c65
w003860	5090000	5094999	5092499.5	ML_trees/90000-95000.fa.contree	55		58af6395dc1ab0b7e9a965a2c5075bc8423ff14d93ed8d6a95079e0816b9fde6
w003946	5095000	5099999	5097499.5	ML_trees/95000-100000.fa.contree	55		51c981a1856f5f7ce755a70496aa2d6948cf47aa44e6045a41e8608e7738fc87
w000003	5100000	5104999	5102499.5	ML_trees/100000-105000.fa.contree	55		e4740b4c21e8ce7e1713421bf95c5df3735e36cb157a7aac8e14be5ca8e1f63d
w000102	5105000	5109999	5107499.5	ML_trees/105000-110000.fa.contree	55		9b5a6a64db5139223e00e64fb0e46210e1e56d553d4b15f21f7944d0351f6283
w000210	5110000	5114999	5112499.5	ML_trees/110000-115000.fa.contree	55		860e4b48a6caa16f017d8f0c369d612909850198a9fe26db15260ac3b3e7d1fe
w000304	5115000	5119999	5117499.5	ML_trees/115000-120000.fa.contree	55		a5f15fc9ef0e30bbbd81a366c6b22d60d88ded98889a2885635b3e2c6eb86c57
w000368	5120000	5124999	5122499.5	ML_trees/120000-125000.fa.contree	55		4c753b8c55df4d4c1127346b8d50546da8c0eb4a86cfcc13946efa1218948bca
w000394	5125000	5129999	5127499.5	ML_trees/125000-130000.fa.contree	55		5ae88d7a0c8301c5d581ad166f9a0cdb01865b84b5610785c89c9d6581375d72
w000480	5130000	5134999	5132499.5	ML_trees/130000-135000.fa.contree	55		32abf4325f7e9b8c954a6f6b8fdb0ea6682a1bca5a41fc250af7d6513276e2c3
w000522	5135000	5139999	5137499.5	ML_trees/135000-140000.fa.contree	55		e8e4229e04468a110c775639a80bab996ffd00b04633c277940e0d4b2b8e6f2f
w000523	5140000	5144999	5142499.5	ML_trees/140000-145000.fa.contree	55		bee3cec2ef6a27ab0b9482dcb23d48af0e0f969a4d737a833d58ba6cf9a51cd4
w000524	5145000	5149999	5147499.5	ML_trees/145000-150000.fa.contree	55		b0873b22e37ffa473e5dca051275136d1e2787648b9ee1c54596f1e4aae428dd
w000526	5150000	5154999	5152499.5	ML_trees/150000-155000.fa.contree	55		7766478af5ffbd8b1a4fb892ec4c0e60f8376ca8c16363fec39f1bc2c89bd210
w000586	5155000	5159999	5157499.5	ML_trees/155000-160000.fa.contree	55		10a802709c7c4f79a9e78bee922beea14ea97b3409c66b368219935f3bc9f6ca
w000669	5160000	5164999	5162499.5	ML_trees/160000-165000.fa.contree	55		93aeef74cdd91c4b46edc5adffbd4ca1846408fe9c936c99169a309ffe337a95
w000814	5185000	5189999	5187499.5	ML_trees/185000-190000.fa.contree	55		93382675e1bd46e7adba2e88e8a881f69aff155e728ade0e6563a15f2e53bb60
w000896	5190000	5194999	5192499.5	ML_trees/190000-195000.fa.contree	55		b591752be7d9fd4fb127cfbe443a271f263e024da64328faf2d669c10cd5d47e
w000992	5195000	5199999	5197499.5	ML_trees/195000-200000.fa.contree	55		cbb42d0c8a4d5dff3d979fa57e58bcfcb6d97a07ebfc8b76c2d3a6373d09c83d
w001079	5200000	5204999	5202499.5	ML_trees/200000-205000.fa.contree	55		c00d6579690a947680be9a8af4fd3ca2e9161db12f04044e3e6d4b3fe3783eb2
w001177	5205000	5209999	5207499.5	ML_trees/205000-210000.fa.contree	55		90ae8856eb38fb0788b289a1da2bd6d61fe2e20e554f39e27426e7a1c3502ea2
w001270	5210000	5214999	5212499.5	ML_trees/210000-215000.fa.contree	55		38e692978a20f8946f546c01805707e03d651435c20f3070c21fa6874dd883d2
w001354	5215000	5219999	5217499.5	ML_trees/215000-220000.fa.contree	55		a788120540cff1c1e40b4ce6950832f518364b5a7b33a4746e7520daf8024380
w001452	5220000	5224999	5222499.5	ML_trees/220000-225000.fa.contree	55		f2b499b3126c0c7e5dbc2160a849dcbf6a77906a23883f32dba0ad7099eef68e
w001494	5225000	5229999	5227499.5	ML_trees/225000-230000.fa.contree	55		d608f8e863954505a5872dcd1c048dec0fb3460cd721d1c30be2973834d24199
w001590	5230000	5234999	5232499.5	ML_trees/230000-235000.fa.contree	55		f3f4d6dfb04ec849613d622ff189b2132859e2e94376357018036ea7ed4eeb32
w001690	5235000	5239999	5237499.5	ML_trees/235000-240000.fa.contree	55		008aad6786b780c62da36be1c9a284e36c38e5231c332bd9a8de41d227c97cf8
w001783	5240000	5244999	5242499.5	ML_trees/240000-245000.fa.contree	55		a7a14a5c1a1f0a8a1b90ed01169c016b3ca9038373f040ddebd1243019eda52a
w001885	5245000	5249999	5247499.5	ML_trees/245000-250000.fa.contree	55		0dac2e52da4f40eb0abd05621b76bdfb377e78d7bf5d1f9d5a8ff7901115365c
w001988	5250000	5254999	5252499.5	ML_trees/250000-255000.fa.contree	55		39afe672750643357f6684f5d842918ba274e43e81a98bbf74aacd961badf110
w002054	5255000	5259999	5257499.5	ML_trees/255000-260000.fa.contree	55		2b96ecb88be19c0dee1ff53a865ce43a28093a90d63682d0ba1d951004768a5b
w002064	5260000	5264999	5262499.5	ML_trees/260000-265000.fa.contree	55		7b587156c3ad950e781f29940bff4d2a792c047dea1162d7a5c47fcd06f9e42c
w002087	5265000	5269999	5267499.5	ML_trees/265000-270000.fa.contree	55		14d8f09d6311a708dc4928ed0cafe16de4f4d121620afef8fff5f0769f0f088a
w002193	5270000	5274999	5272499.5	ML_trees/270000-275000.fa.contree	55		03a52e4db667c1c3e9f795ae211b5919dcdaedbd0d42f780e2cc40377742bdac
w002298	5275000	5279999	5277499.5	ML_trees/275000-280000.fa.contree	55		3be451dfaa9e422b7652c1a9fa84620872900ae114a02c53f3416867045d8c36
w002381	5280000	5284999	5282499.5	ML_trees/280000-285000.fa.contree	55		8e74ae167a6091b322a45fe4f91dafd5372ff1949e8eace93a2afa39532ba786
w002435	5285000	5289999	5287499.5	ML_trees/285000-290000.fa.contree	55		b7b833a3c080171123a2a32437845bc7ec93caf8e9c2619575864a9b43b1e26d
w002529	5290000	5294999	5292499.5	ML_trees/290000-295000.fa.contree	55		a88a85b2702e944a011a4df9a48ce82c88fefb5762816767259892a571bbd43c
w002611	5295000	5299999	5297499.5	ML_trees/295000-300000.fa.contree	55		28cf04067ef4667e28ce6c2966eee611c70d7356f9dac776b6805fbd02d71076
w002656	5300000	5304999	5302499.5	ML_trees/300000-305000.fa.contree	55		1dabb58b81bce52a46b67f9eb0299e4bd0e64c231e1c7898c3b150625d5d49be
w002704	5305000	5309999	5307499.5	ML_trees/305000-310000.fa.contree	55		1a27b70e1e7272880b899d86158ac0732f86b6ee4ef36619a508fac50735339e
w002786	5310000	5314999	5312499.5	ML_trees/310000-315000.fa.contree	55		e5cec62157418030b2b90646c85c0a0d3377aa125e1025b2b9fdb218bd3b07f8
w002823	5315000	5319999	5317499.5	ML_trees/315000-320000.fa.contree	55		0bc8651fe11946a1f682dc4314f1f9c3b5ce317ed0a6922aafa449951b54c1b3
w002875	5320000	5324999	5322499.5	ML_trees/320000-325000.fa.contree	55		e673929ccc9b425a67c72d5029a5a3c6070f576f34cdd3f7432ebeb10f247f00
w002895	5325000	5329999	5327499.5	ML_trees/325000-330000.fa.contree	55		03b64aa1079b842c61f770dd706e936a1323173876d7b5d6efc131ebdad3609f
w002904	5330000	5334999	5332499.5	ML_trees/330000-335000.fa.contree	55		0d53b5d2586b48e8b79da43f54c1f2871a40cc5427a765fbe9917efe08c1dcd3
w002912	5335000	5339999	5337499.5	ML_trees/335000-340000.fa.contree	55		ad23170bedd3e820445a7ff1aa740c221f460692aa79041f26d9af8757c6a626
w002923	5340000	5344999	5342499.5	ML_trees/340000-345000.fa.contree	55		2f4bb425df31771074b6639582320c8747947c8bd9ea18a64e92448416c3f4bf
w002934	5345000	5349999	5347499.5	ML_trees/345000-350000.fa.contree	55		db37ada35a32199d1e78fbc128d67e81738daf06bdf11babce384da2de05eef0
w002946	5350000	5354999	5352499.5	ML_trees/350000-355000.fa.contree	55		cde5b5bc462162d4283103a7ed094a32c5df6ca06813948de70ef7f9d54a44d8
w002957	5355000	5359999	5357499.5	ML_trees/355000-360000.fa.contree	55		343fdcd15311e071be5b3f1e9b137b85cc22c2fccbeadf9dd54ac2510f1663d3
w002968	5360000	5364999	5362499.5	ML_trees/360000-365000.fa.contree	55		9197145fe71f44ae85e786e099610332e94627615d80e50c68563632e8921d3d
w002979	5365000	5369999	5367499.5	ML_trees/365000-370000.fa.contree	55		40c0c806700792160eb412897289aabcf9451d2c5228f7aea0c96ee8372bc1c8
w002990	5370000	5374999	5372499.5	ML_trees/370000-375000.fa.contree	55		d4c23e5b1e6e58f74c42e49f1b10a996940d33bf7450f3929fa670c3f3ebad95
w002999	5375000	5379999	5377499.5	ML_trees/375000-380000.fa.contree	55		d01204c0d25e8db601b8954875c5146eb4dbbb41983013316693b8ad4f8e70cd
w003010	5380000	5384999	5382499.5	ML_trees/380000-385000.fa.contree	55		52945a1526bed10518da95078ed4a8b1ffc91986b4a39edae5b7697f2f70b6cd
w003016	5385000	5389999	5387499.5	ML_trees/385000-390000.fa.contree	55		4fedb9eb6921893e60445420d7a8da763730cfe178ab6d47410e7dadf0766fed
w003017	5390000	5394999	5392499.5	ML_trees/390000-395000.fa.contree	55		3401ca2f7408e9a598a14d37c967cb87bef202a19853e35c54e5a21d6040f54a
w003018	5395000	5399999	5397499.5	ML_trees/395000-400000.fa.contree	55		d1e001499b899b01b738823cb6424227be48eea02647f8db4610c8bdb13b212a
w003020	5400000	5404999	5402499.5	ML_trees/400000-405000.fa.contree	55		22cc1f3b0547bd037154ac630ed3ee1fb285d365f04cda4aacf043adfecaab12
w003027	5405000	5409999	5407499.5	ML_trees/405000-410000.fa.contree	55		c7b3bd2d7d56ceb788d5f75be9a04e9063d57650782721265b7d8d946a6c4204
w003038	5410000	5414999	5412499.5	ML_trees/410000-415000.fa.contree	55		054e56e743badbba52d17f0d46ce46d223f9e9ad1d54d9093319acbec1d946e7
w003048	5415000	5419999	5417499.5	ML_trees/415000-420000.fa.contree	55		39e66c6e1f7cba5f34b5eef81d02ca74b23ea2fc7cf377d6388c2b9f5cac8ab2
w003059	5420000	5424999	5422499.5	ML_trees/420000-425000.fa.contree	55		cafd91d63ef5df38351bc8398d7cab384b06bcdba968076acd25e34a83bff36b
w003070	5425000	5429999	5427499.5	ML_trees/425000-430000.fa.contree	55		ec456e85608b7535e3127dc10b60d35a9c09e7e583aabad216166d2dab181f97
w003081	5430000	5434999	5432499.5	ML_trees/430000-435000.fa.contree	55		979a24da28a4ddc31bb1623daa4ad393a2dff198e401a491a2ecc518c30ec504
w003092	5435000	5439999	5437499.5	ML_trees/435000-440000.fa.contree	55		f0bb78e13f47f0b7b960e1ded611bbe13acaae7a786d43eed5de464783374ab1
w003103	5440000	5444999	5442499.5	ML_trees/440000-445000.fa.contree	55		9eb80941d07f503d5da8562590e6a100013da8263770eb6e7429c56a63259bce
w003114	5445000	5449999	5447499.5	ML_trees/445000-450000.fa.contree	55		418b4d44bf1180291b6af09c56d7af38f703bba83eb9e665f5655d8870a3fef0
w003125	5450000	5454999	5452499.5	ML_trees/450000-455000.fa.contree	55		bc5af665536f63440aff1ebfa398185d734442ca0ac14443f6346d09c5bce373
w003136	5455000	5459999	5457499.5	ML_trees/455000-460000.fa.contree	55		4f6870ae013124a1a81e4e82824add3bd63d5a8ff9d2c90380b7a9a84fbd7547
w003144	5460000	5464999	5462499.5	ML_trees/460000-465000.fa.contree	55		b388c9d9f480f7c6c7eaee5a0689956d08dd461f48aab773ddc261e914dc746c
w003155	5465000	5469999	5467499.5	ML_trees/465000-470000.fa.contree	55		05b3b94bd389d96f14abbca4b51109d906ce0a49f580d3507a116810ab93c36f
w003163	5470000	5474999	5472499.5	ML_trees/470000-475000.fa.contree	55		0392064d3c15b3b6ceb07e5bf342d77f8afdb5883737e9b76d4632e2e8edd5c9
w003174	5475000	5479999	5477499.5	ML_trees/475000-480000.fa.contree	55		904f710c4fbd55996b00bee27b72514579d0a7657926189be2f9cfc0a6ef3f68
w003184	5480000	5484999	5482499.5	ML_trees/480000-485000.fa.contree	55		82cde75beee0c9c88801c07c9f4cc3036b95a092ad0087409e5d03d5bd34eb5a
w003193	5485000	5489999	5487499.5	ML_trees/485000-490000.fa.contree	55		bbc603e4b7eaca5aa253cea7845d73f100c3f9580d50c449a2237cbf315170a3
w003204	5490000	5494999	5492499.5	ML_trees/490000-495000.fa.contree	55		cfdf7fe47f969d90146803418c346959e373f72784d56fc43e8b6988a92111cb
w003215	5495000	5499999	5497499.5	ML_trees/495000-500000.fa.contree	55		f0319cce0ac3d4873e133793fe18a169159bafda4a2b62266e00bd0ed6cb4863
w003228	5500000	5504999	5502499.5	ML_trees/500000-505000.fa.contree	55		e3e76cc07b7cc9ec724a29803267aa2e461b1bef28a8e73a30e6c471f34e7482
w003239	5505000	5509999	5507499.5	ML_trees/505000-510000.fa.contree	55		f1431f82a76b687e37162e77b903703609fcb9ffb0e6e040f88a35b186f2579b
w003250	5510000	5514999	5512499.5	ML_trees/510000-515000.fa.contree	55		70dbc3cac87d42a9bb9c7a734c29c87b542f517135170eaa310d03e9f858d632
w003261	5515000	5519999	5517499.5	ML_trees/515000-520000.fa.contree	55		fe723708dd796a2a611f6e19f7adcbcb3af61f0e50796e9cc734ab6a77877283
w003272	5520000	5524999	5522499.5	ML_trees/520000-525000.fa.contree	55		7c5305520a562288b80a75f14aed770f0e3de4939f321523db5bfb2c9e9815a9
w003283	5525000	5529999	5527499.5	ML_trees/525000-530000.fa.contree	55		9c5e8a07f50e069975602818fd589526390391e2cf6aed7b2c16471af8b3b31f
w003292	5530000	5534999	5532499.5	ML_trees/530000-535000.fa.contree	55		db0c985ecaa31efba9fb510ebc4c65e210590b2c0d3b669605c9ee4fdbaf6e27
w003303	5535000	5539999	5537499.5	ML_trees/535000-540000.fa.contree	55		08e2e16aee6101746d3458a32543d24c293f00c8f147b0ec52ac96e669145273
w003314	5540000	5544999	5542499.5	ML_trees/540000-545000.fa.contree	55		a9e06d806a296715ecafc1310e3118e87556fd0ac45838371dc7b7192b00da28
w003325	5545000	5549999	5547499.5	ML_trees/545000-550000.fa.contree	55		abab3479ca8cbe1ce8d217fb08f5a2a2d5771a5354a1cf05df9260dc6ff41e62
w003337	5550000	5554999	5552499.5	ML_trees/550000-555000.fa.contree	55		29506ba6bc7a324c2d710e4891b4e0dadf92ff51da982b48f3012da68524d554
w003347	5555000	5559999	5557499.5	ML_trees/555000-560000.fa.contree	55		3b71d3b7e3934ce105d1973f606186d1737119ebeb11182fb04ac71a97193b43
w003358	5560000	5564999	5562499.5	ML_trees/560000-565000.fa.contree	55		5d83817aad97076f4691ba4f131af254dcb119892c658fb7ce52a8321ae91457
w003369	5565000	5569999	5567499.5	ML_trees/565000-570000.fa.contree	55		0bd6ac1555d0cfec1a536ce285ef922398795890dc1dd77e9dcf780753263d8e
w003380	5570000	5574999	5572499.5	ML_trees/570000-575000.fa.contree	55		6509a74213561fb7e0d37d7fab92a6056cb87f049de93a736beb0010950a3768
w003391	5575000	5579999	5577499.5	ML_trees/575000-580000.fa.contree	55		15d72f714eadff14d20bc40453cefa1b5a0904985209e035cf785f400b147e2b
w003402	5580000	5584999	5582499.5	ML_trees/580000-585000.fa.contree	55		b9c4ca1d50ab549e3c25cd2635e25d095fcaba3c693c5e5d0f7e75e48d58fe58
w003413	5585000	5589999	5587499.5	ML_trees/585000-590000.fa.contree	55		062b37b8c9fdd883dbae8ca0298a78ee84a97abf0f587d0517d428c08484efaa
w003424	5590000	5594999	5592499.5	ML_trees/590000-595000.fa.contree	55		8544ac69a915fd2089aa5d7b03b7549701b16ab6a81186180dcfef6ec93cd62e
w003435	5595000	5599999	5597499.5	ML_trees/595000-600000.fa.contree	55		1932de493706afd81f33c07a53ff64f286dfd84abc8f85b88b625372774e9182
w003440	5600000	5604999	5602499.5	ML_trees/600000-605000.fa.contree	55		ee0218079cb4e7f1b0452a6038f8b5239b62c04b9cba3250344e0fd3e39b0aae
w003450	5605000	5609999	5607499.5	ML_trees/605000-610000.fa.contree	55		2c3a2c4290ac2159415db41fddb6b856e763c7bf5d7a5f1ffc644d8b51fb4737
w003460	5610000	5614999	5612499.5	ML_trees/610000-615000.fa.contree	55		2b5f79ee52b29dccc6a0aa55626766fd798d18666a68dbf7856318a6c6d5d934
w003470	5615000	5619999	5617499.5	ML_trees/615000-620000.fa.contree	55		7fecd5b61eaa6b312623a1aaaa0b66cc4ed3a5ac6368b2080cb94457aca44a52
w003481	5620000	5624999	5622499.5	ML_trees/620000-625000.fa.contree	55		56373282f725da44b2f6ab856d0d8026536f56b159806d479a20e2790bf8273b
w003492	5625000	5629999	5627499.5	ML_trees/625000-630000.fa.contree	55		a390674829855a54a87256bfc0efe0121701aefa73e3191781fc0b93f58c4d7b
w003503	5630000	5634999	5632499.5	ML_trees/630000-635000.fa.contree	55		a468737add9343baf52f8805535494a1ecb1cf6232730d24e2fbc655a8c7e2ac
w003514	5635000	5639999	5637499.5	ML_trees/635000-640000.fa.contree	55		fec2a46221ab1335190eed312a24e1f0d539ad2f55997417068fafa8cd850eb3
w003525	5640000	5644999	5642499.5	ML_trees/640000-645000.fa.contree	55		a0f4a1c059b0b7123b1f344c186697e0b578b4de8125b9629b5adb383819f241
w003536	5645000	5649999	5647499.5	ML_trees/645000-650000.fa.contree	55		824049be8af37a0307241f5f28d38657e23c202685ed6e3113ce0982763eba75
w003547	5650000	5654999	5652499.5	ML_trees/650000-655000.fa.contree	55		0cb6fbb53d3b8d6348ea01aadb923edb3d451664c516674ff1cdd13b521743f5
w003558	5655000	5659999	5657499.5	ML_trees/655000-660000.fa.contree	55		6c50aee636d587ab243ab97a79cc2169f82c956c2224e309dc6248b622fc0a54
w003579	5665000	5669999	5667499.5	ML_trees/665000-670000.fa.contree	55		cb01ff740870e2198451c47f7e8c039ba762b8f050c78637b47c45a6c1aacefb
w003590	5670000	5674999	5672499.5	ML_trees/670000-675000.fa.contree	55		ae57145168c1e5ff73297a1a7b9d2f266115618e0079c6ee59f227d77b7fefd5
w003600	5675000	5679999	5677499.5	ML_trees/675000-680000.fa.contree	55		3d443d8356d67bb0ff26c3400c14ebe145a75a65bfc845c670194b6646cee14c
w003610	5680000	5684999	5682499.5	ML_trees/680000-685000.fa.contree	55		22d96a9a9da0c328937cb58ad5147c61e2d348cd7425897da642e9ad9fa9e51a
w003621	5685000	5689999	5687499.5	ML_trees/685000-690000.fa.contree	55		bc2afc0b0e0f4272f15f7e0c2676eaa2c4afd67a57598283037f4fbf148faa50
w003632	5690000	5694999	5692499.5	ML_trees/690000-695000.fa.contree	55		b076ef917722701a1234c73726f752dd017962a14ad57d3e338fed8d7f078297
w003643	5695000	5699999	5697499.5	ML_trees/695000-700000.fa.contree	55		2b1f0eef4165fa4c3274d4c12db3f5129c7e96d233b5e164b3415e7f447a7e8f
w003655	5700000	5704999	5702499.5	ML_trees/700000-705000.fa.contree	55		d0c5583e2917505b2e0f5b4b1c13a6e2c1897128f9787ef30bcdb316dd3594d4
w003664	5705000	5709999	5707499.5	ML_trees/705000-710000.fa.contree	55		8e7f30f6ed51f6ad8c54b7190828e41d81bd6ea45e44b7e24a37745e517bcae2
w003673	5710000	5714999	5712499.5	ML_trees/710000-715000.fa.contree	55		b5091ec25f5ecbb72da5ef2498af57d498726b22ffb3b8a32e58c75e4258aea6
w003684	5715000	5719999	5717499.5	ML_trees/715000-720000.fa.contree	55		09157601f41ba757c8bebb67c133c678e3c3767ff60280057db6c4b330bb28b7
w003693	5720000	5724999	5722499.5	ML_trees/720000-725000.fa.contree	55		a1d5cee87c5f573096b685f38d38f6c5e10cc8c9f0b5a6a9fccf2ceb29d4db5c
w003704	5725000	5729999	5727499.5	ML_trees/725000-730000.fa.contree	55		406565574ae6525e7fcf6a3207a4d6858cd6a2d2371cf01b6fa30d3db93e63b3
w003715	5730000	5734999	5732499.5	ML_trees/730000-735000.fa.contree	55		eb8f7290df54ac0858705157b5a96e089852c8706bdc5ca7ce5825418730e77a
w003721	5735000	5739999	5737499.5	ML_trees/735000-740000.fa.contree	55		4214b2b2bdebc540bdc8835a813bbeb189703d36a17b86792ad7a2b6fd1dec4d
w003722	5740000	5744999	5742499.5	ML_trees/740000-745000.fa.contree	55		09ab401304307b1a5f76cb7b6e1af1ec1688bc95736ae33cfc0fa8339bf1b6f4
w003723	5745000	5749999	5747499.5	ML_trees/745000-750000.fa.contree	55		e8ffcd4ab6bd6ff4d705c50e9aa70ab89b5fb4b40eb681b09282360b664f2520
w003768	5780000	5784999	5782499.5	ML_trees/780000-785000.fa.contree	55		8b08f1e49a947fca3b61d0dd3944c1a943c14b623a614b051c54b42ee6b5e512
w003779	5785000	5789999	5787499.5	ML_trees/785000-790000.fa.contree	55		655150c5c576d70fbbe4f6cb1f861e0cd905928561017f93bd84936ea4877f1d
w003790	5790000	5794999	5792499.5	ML_trees/790000-795000.fa.contree	55		b666080320bd0cc4ee108fd25ce855ffb79020a494ac6f6f9e1ce70830c887ed
w003794	5795000	5799999	5797499.5	ML_trees/795000-800000.fa.contree	55		0dfaa13058c908c4133d2d69ed4c28ee05011ea3e7a98769aecd2190a2b592fa
w003796	5800000	5804999	5802499.5	ML_trees/800000-805000.fa.contree	55		bf91f040c603e0961f7e0aefabba23a1fb449a21b4816c189ff5116735373bed
w003797	5805000	5809999	5807499.5	ML_trees/805000-810000.fa.contree	55		bd5a490bb1d3f795da6292fd91e282db67a57c183640e35f44c3a78a81c5dac0
w003798	5810000	5814999	5812499.5	ML_trees/810000-815000.fa.contree	55		d6469884ec0d2aa120a6bc275fea96b80d32a499404eadba9b825ada9508bc8c
w003799	5815000	5819999	5817499.5	ML_trees/815000-820000.fa.contree	55		31173bb32dbb57388bd8282d6e957a67e390e821dd146d228cd54e684559c6be
w003800	5820000	5824999	5822499.5	ML_trees/820000-825000.fa.contree	55		773950781fed5feeae9d438a375dfc8bf834706b85e93496e9415460f853258a
w003801	5825000	5829999	5827499.5	ML_trees/825000-830000.fa.contree	55		c49ac07ccb8679d219e2b02b1c38d2ddc633ef893392cd5c45c3aec2053972d0
w003802	5830000	5834999	5832499.5	ML_trees/830000-835000.fa.contree	55		c2e0eae0667c0d6020ad2958b4b839ab818b602355a3018a4ddfbdaaa3d898c3
w003803	5835000	5839999	5837499.5	ML_trees/835000-840000.fa.contree	55		ec06bc61950898c2d44884419b2299a2808f86b25ed260ea94d9ba62bf4254c7
w003804	5840000	5844999	5842499.5	ML_trees/840000-845000.fa.contree	55		5a108f7dd79869b03459c1cebb41232993fc8f125a1fa1c68020814fff895e45
w003805	5845000	5849999	5847499.5	ML_trees/845000-850000.fa.contree	55		9a1296492b22d0d9dc8dbbf5231e34f614ea6aeeffdd28859cc0d4e6ea1ba8a0
w003807	5850000	5854999	5852499.5	ML_trees/850000-855000.fa.contree	55		a580e370506fc3b37efe673695b931112d8d7ab4e1a2ee34e8da3107f46378f8
w003808	5855000	5859999	5857499.5	ML_trees/855000-860000.fa.contree	55		46dcc7bfc1c3eabb702f50945711db59276fd9d346fe90a604322348c2376842
w003809	5860000	5864999	5862499.5	ML_trees/860000-865000.fa.contree	55		aa6eb15ddb32587d33dfe2516a2742ce1b5384bfa44e025718cd6060cf7b2db4
w003818	5870000	5874999	5872499.5	ML_trees/870000-875000.fa.contree	55		a6e7a90052a71520016e8a7f0c47059e401fa2da23858f8db92344008210ce8f
w003829	5875000	5879999	5877499.5	ML_trees/875000-880000.fa.contree	55		d7e5b361d265a4fbe1dd2570b9c738f6de84b132f863ab7453dc09882cd88217
w003842	5885000	5889999	5887499.5	ML_trees/885000-890000.fa.contree	55		0141faef101041cdd138fe00e8779ac40c5a7638c77faae5bee985089ee8d18b
w003853	5890000	5894999	5892499.5	ML_trees/890000-895000.fa.contree	55		5b65d69c72f40209e477c83207547301a3f32ec42a8d50f747323e3b39457c76
w003859	5895000	5899999	5897499.5	ML_trees/895000-900000.fa.contree	55		776ee645ce0c4561de845b6d7ba055c507a52da6b53d97866768a34752612262
w003861	5900000	5904999	5902499.5	ML_trees/900000-905000.fa.contree	55		d780422e8b27082f68898d1413184d2bd83abfb7b8de4b5959ea304631e6c6ae
w003862	5905000	5909999	5907499.5	ML_trees/905000-910000.fa.contree	55		068bb979d4df788b44e142548c39f68219dc88c54a85d08bfd195389d8be0621
w003863	5910000	5914999	5912499.5	ML_trees/910000-915000.fa.contree	55		78796b27a3340ef99f14fd380f5a38fa56615fe0ff16ece1b57b4033941729fc
w003871	5915000	5919999	5917499.5	ML_trees/915000-920000.fa.contree	55		c982c5ff64d601944937e3858e13a3a43884ecee7a0ed687c4559cc9e1e35762
w003882	5920000	5924999	5922499.5	ML_trees/920000-925000.fa.contree	55		741adea17a32fe9ba8e48e308b96b935483cd48b78ae8b3e0e20c39240ed9af9
w003892	5925000	5929999	5927499.5	ML_trees/925000-930000.fa.contree	55		d5f107d91674f4de2c4a2b0cf96c4697f91b1f3106d14a02728206dd6cff77a8
w003903	5930000	5934999	5932499.5	ML_trees/930000-935000.fa.contree	55		a6200fa7e1508071dc52ce1788df7a5c214ad7ee5b29525e3801e39e166ba1ab
w003914	5935000	5939999	5937499.5	ML_trees/935000-940000.fa.contree	55		08d46afadf1db9f51aa7113994a0b483e50dba4db4ace42a647f07e596a42d76
w003935	5945000	5949999	5947499.5	ML_trees/945000-950000.fa.contree	55		e52dcba0fc32245ed9e6e4ff8ac3c04a52a5bf9f9dde0c85338df2a7f9b7cdbc
w003947	5950000	5954999	5952499.5	ML_trees/950000-955000.fa.contree	55		7ecb1356f0515a950f690490addb6097bf958c01daf12d9505f1ef21d9b8a8a6
w003958	5955000	5959999	5957499.5	ML_trees/955000-960000.fa.contree	55		b4f8d19228d38f799c82bb71d8edd3b5f652b1afc869840e6dc0fd9ed96526f1
w003969	5960000	5964999	5962499.5	ML_trees/960000-965000.fa.contree	55		eb88fab7b0122736cc5d6ea791390ae75b85f9c437871a162b9527e3a214fbe1
w003980	5965000	5969999	5967499.5	ML_trees/965000-970000.fa.contree	55		611ab2dade3986b07e121c64c55fc04ea1bcd79d5aec1576b9a01a49e91d1d86
w003991	5970000	5974999	5972499.5	ML_trees/970000-975000.fa.contree	55		73d7bfe0b7f8142cf32d7826aec82a1ca27a7637e710fed330e1cafbda91347c
w004002	5975000	5979999	5977499.5	ML_trees/975000-980000.fa.contree	55		4554ac367e15c043b38e461b8a1368b11075db16e7e5b03df524d312f3fe1807
w004013	5980000	5984999	5982499.5	ML_trees/980000-985000.fa.contree	55		7c122379b46b539f330005b8bf79a4179505774b60e7ece99cfc95faf496645f
w004023	5985000	5989999	5987499.5	ML_trees/985000-990000.fa.contree	55		a0a8d0192ebc1a64b34ea373e543b7845aaea455d4ded929196a18bfeade27e5
w004033	5990000	5994999	5992499.5	ML_trees/990000-995000.fa.contree	55		20d794e8e365a31f28897430b0d54dc0e15cc7b28adb8ccf56334a864e04b0ca
w004044	5995000	5999999	5997499.5	ML_trees/995000-1000000.fa.contree	55		103859cead342c8e1246d1be7cd6b6b41ef8ae9440e654ebef78f8fd3778835b
w000004	6000000	6004999	6002499.5	ML_trees/1000000-1005000.fa.contree	55		98d703b070701edd3273fbdf773ab3790d6fdc77b45786cf151408db269b72d5
w000005	6005000	6009999	6007499.5	ML_trees/1005000-1010000.fa.contree	55		0cfb00aa8efb4d8235c1aba32813aecbda2e78ce58f51d671e9e8d31d69cc32c
w000015	6010000	6014999	6012499.5	ML_trees/1010000-1015000.fa.contree	55		def61a5065d92f705b7a9b278a58e9337a38157d3bba9e9867292214d2592647
w000026	6015000	6019999	6017499.5	ML_trees/1015000-1020000.fa.contree	55		044374ab6df6ff6a8ffc0d633f1b397bc93606aa4d484192f5a6ff84d11fe63d
w000037	6020000	6024999	6022499.5	ML_trees/1020000-1025000.fa.contree	55		bd8cb419b8e4a6094939f295fff00ef43318236d322d53a721736580f3c62001
w000048	6025000	6029999	6027499.5	ML_trees/1025000-1030000.fa.contree	55		6f019cd4738bc11eca6f167c5f1051f75569c3a9588d82ca68d028d92c9f7081
w000059	6030000	6034999	6032499.5	ML_trees/1030000-1035000.fa.contree	55		56bc3f480f7ba7e2868290837bb7e0c59f0136db0ab4f238f51e5216be3a866e
w000070	6035000	6039999	6037499.5	ML_trees/1035000-1040000.fa.contree	55		42ec2a4bc0d7348e0a55a97525c3417bb88e611764546bdfb449e8bdaad16a01
w000081	6040000	6044999	6042499.5	ML_trees/1040000-1045000.fa.contree	55		1bac90c3b895ece794586333b9d62725aab8371de7a49d6ad5e31512911be878
w000092	6045000	6049999	6047499.5	ML_trees/1045000-1050000.fa.contree	55		d1520c7a2670da657143431d52f47bde9904d3c50266406ee495b04a9e75cfdc
w000103	6050000	6054999	6052499.5	ML_trees/1050000-1055000.fa.contree	55		dc55b834d189dbf33b10ddcf76f0984939e881f68d25314df98f18f0b3467163
w000114	6055000	6059999	6057499.5	ML_trees/1055000-1060000.fa.contree	55		39f9f8de0e38e529a2079c97e5b216c84be2697b117b316689e61a1b785eabb8
w000125	6060000	6064999	6062499.5	ML_trees/1060000-1065000.fa.contree	55		5a26e7bcfe2bc3b8588f9ea4232a76fcf130626b241c277e7f77625cd7a19719
w000135	6065000	6069999	6067499.5	ML_trees/1065000-1070000.fa.contree	55		d9638a3a81797c272921c2a90f33893d3f6e5e3e83edc7f5979852d07570ea3a
w000146	6070000	6074999	6072499.5	ML_trees/1070000-1075000.fa.contree	55		e3c9eb9f08ba3639089f8326e99dd324306beb529a594c71529c3210013047a8
w000157	6075000	6079999	6077499.5	ML_trees/1075000-1080000.fa.contree	55		2d58920f67cf5ad9188f52437256c2245108b7a68641600b46460a2678912d28
w000168	6080000	6084999	6082499.5	ML_trees/1080000-1085000.fa.contree	55		cc65cad9ede44bae569bafee098a57f70a5fbec91688de2ab638029369703a40
w000179	6085000	6089999	6087499.5	ML_trees/1085000-1090000.fa.contree	55		f198b8e7a573b849ea2123c5fc309670d3e35d50a066b1b363ad9f266901af56
w000190	6090000	6094999	6092499.5	ML_trees/1090000-1095000.fa.contree	55		6e97d07773d999b37739f90c9603c9c86e4a12424f1fada43dfb1559baf2ae9a
w000201	6095000	6099999	6097499.5	ML_trees/1095000-1100000.fa.contree	55		b4d3fe3d2fec36673ee59f18d43bbdcb332363e634bc2bbe9cbd70a1927bf934
w000211	6100000	6104999	6102499.5	ML_trees/1100000-1105000.fa.contree	55		eda5f8e09aa938da65aa56a235335af5b1a3198d6688d91e2b9d642ec93c33e5
w000222	6105000	6109999	6107499.5	ML_trees/1105000-1110000.fa.contree	55		a466c59806e7a836ce0c4ca3a1dc349139fecab95a92c9879f175e6e2aeff00a
w000233	6110000	6114999	6112499.5	ML_trees/1110000-1115000.fa.contree	55		f89cc6618adcb5885e37ac93a6baea6e600efb0ba2ce45a71a0a5c8b5c4c4e0d
w000236	6115000	6119999	6117499.5	ML_trees/1115000-1120000.fa.contree	55		324c5389aa5172215493a96aed3766004b793d158a4a85c2f4eaecf2a8a4f4ff
w000246	6120000	6124999	6122499.5	ML_trees/1120000-1125000.fa.contree	55		0db55c1e5f278a951abba88004ab8e0106d863a88316f68d650d3053e2da6f3d
w000257	6125000	6129999	6127499.5	ML_trees/1125000-1130000.fa.contree	55		729547dd85f337908ad698b265e697f9eeec2230c1fb9fc211208865d7afd1cf
w000268	6130000	6134999	6132499.5	ML_trees/1130000-1135000.fa.contree	55		bed04548e2d144dcccfdf491ad9892997ac7fbd7864d4fd0b505a58d61c19c99
w000279	6135000	6139999	6137499.5	ML_trees/1135000-1140000.fa.contree	55		fc3e07172cf6b15f906d71a642007700df0eef4eb81c9c6f2cebc4ae8e020f18
w000287	6140000	6144999	6142499.5	ML_trees/1140000-1145000.fa.contree	55		c32085ebd96904ae84d07d642a046281df306afd35e7deb10265cdfbd218f857
w000293	6145000	6149999	6147499.5	ML_trees/1145000-1150000.fa.contree	55		222fd4f936505befe61ad9627667600455ab9317c87b9d57d9f43e37ff5e7843
w000305	6150000	6154999	6152499.5	ML_trees/1150000-1155000.fa.contree	55		95d62530df0c8fceb9fd4945a836efd7383bc973219bfebac495fd0bef831082
w000314	6155000	6159999	6157499.5	ML_trees/1155000-1160000.fa.contree	55		a490ea014014afc8b7c17d351f37f182032e81865b1b8f8ac1ece96c26b387c1
w000320	6160000	6164999	6162499.5	ML_trees/1160000-1165000.fa.contree	55		8b6e6fa4373c2368ef23118d073385931220746f1fcd0cae453953c2ad192a69
w000331	6165000	6169999	6167499.5	ML_trees/1165000-1170000.fa.contree	55		165bcadb920ffea47898a9126c9da01e6d7f2dacf571ee49f847bf900ee8f4da
w000341	6170000	6174999	6172499.5	ML_trees/1170000-1175000.fa.contree	55		6c03887cd9f24f29ef282a8159e1a62e1ecbb7dd0efb00f199a544cc38929200
w000344	6175000	6179999	6177499.5	ML_trees/1175000-1180000.fa.contree	55		373053961b38166282968fc7eddece4b583a8638fd35f664d514dbfba5d7942e
w000350	6180000	6184999	6182499.5	ML_trees/1180000-1185000.fa.contree	55		df9b1abefac325c887e8b4afee502a8ea8b29a1d33b2215a8d399589c855e2a0
w000361	6185000	6189999	6187499.5	ML_trees/1185000-1190000.fa.contree	55		18e2f9a67cd4f44813890daa644b4bccfdaaf81213ff8f70d8985c07d4647534
w000366	6190000	6194999	6192499.5	ML_trees/1190000-1195000.fa.contree	55		95ca03cf1744bfe577f8bc01288cb9548b12bdc03b7566bee34711571543d5e3
w000367	6195000	6199999	6197499.5	ML_trees/1195000-1200000.fa.contree	55		902a8e51a1ca1134812cfef26ff487cfed09bcf7e7f209d2112a35f8e5af67e1
w000369	6200000	6204999	6202499.5	ML_trees/1200000-1205000.fa.contree	55		ca94b3c89e251a22f571bf9d1ffdfc4f740bd52ca0f2eb8bcdfce36dd1dfa9bb
w000370	6205000	6209999	6207499.5	ML_trees/1205000-1210000.fa.contree	55		67c151f5301f9582635fba354bc394da35d940f82336dd017f3dee7c72f08b17
w000371	6210000	6214999	6212499.5	ML_trees/1210000-1215000.fa.contree	55		5d9a52b6c654dc467ae5c74dccd152e36d99c715d69e6d4689e5f1639142e9fb
w001852	7435000	7439999	7437499.5	ML_trees/2435000-2440000.fa.contree	55		d555a546badc72e03e9e907e98af7163ae4bd2d7b9f8439afc214e0e167a1a9d
w001863	7440000	7444999	7442499.5	ML_trees/2440000-2445000.fa.contree	55		de04c8a75194d514e4af06f03c1c87a5482678c4f9b43af04abfb3e92b3aa8b1
w001874	7445000	7449999	7447499.5	ML_trees/2445000-2450000.fa.contree	55		61531ef0e9ae6fd4e6e4c6537209cab08592e8e33c8294eafc7d67c263b7507d
w001886	7450000	7454999	7452499.5	ML_trees/2450000-2455000.fa.contree	55		31c706e88245fe4846701ed0662e9c90bb582aaecb82cf6a9718c315cd62f8de
w001896	7455000	7459999	7457499.5	ML_trees/2455000-2460000.fa.contree	55		5dd55358230b60cf94d9f5ac83279d1704b97e8e7b2d94b5433a94ef7a9a9a05
w001907	7460000	7464999	7462499.5	ML_trees/2460000-2465000.fa.contree	55		657396e09e9247f60d3e7600ee800760afff33c9815b9b58fb363308c230ad79
w001917	7465000	7469999	7467499.5	ML_trees/2465000-2470000.fa.contree	55		19f892436bba8f8e7af3b3f33e07ce61547d2572416d8b336c5c88d61f727ac9
w002018	7515000	7519999	7517499.5	ML_trees/2515000-2520000.fa.contree	55		656af0b901d9dc21b53e4525f50956d45ecf4ee8aede4c13fd145f39321d2fcb
w002028	7520000	7524999	7522499.5	ML_trees/2520000-2525000.fa.contree	55		84ff92808b42962c1aff423fd21dad4394a66e3300a9e4685794c14e44abb675
w002039	7525000	7529999	7527499.5	ML_trees/2525000-2530000.fa.contree	55		57eba84fa0e6de795f4ec080dbf6bf4935b1a736d2c5719018727c229ad39fe8
w002050	7530000	7534999	7532499.5	ML_trees/2530000-2535000.fa.contree	55		50bc4777a61310dd31db539cad2c46ebd1eadf62d8e14dfce782dd76bfd4d8d7
w002051	7535000	7539999	7537499.5	ML_trees/2535000-2540000.fa.contree	55		7e513d1516dc9ad2dc241c66714dcc7ee1f1578160069e1566d8e80633816950
w002052	7540000	7544999	7542499.5	ML_trees/2540000-2545000.fa.contree	55		3756a388d961bf55ecff949a0e31de0d5057c650c4a5d1b8e6c0d520806c1d62
w002053	7545000	7549999	7547499.5	ML_trees/2545000-2550000.fa.contree	55		df51ec999abaaf609815bcd76523b128f81b409a486c2181dc34618cde107ee9
w002055	7550000	7554999	7552499.5	ML_trees/2550000-2555000.fa.contree	55		709dae0cb1c1fc71c895109f69e258ceaf188ea8cda4a522e0f10bb5b578d344
w002056	7555000	7559999	7557499.5	ML_trees/2555000-2560000.fa.contree	55		86aef250afefcd910e2289fa56d26a1105572ef9fb89fbbad633e8af60dfdf54
w002057	7560000	7564999	7562499.5	ML_trees/2560000-2565000.fa.contree	55		0454a9b150128575a01fd920737fec832fa83e693b80562ad3b346f591409f24
w002058	7565000	7569999	7567499.5	ML_trees/2565000-2570000.fa.contree	55		f36d555745f9c8aecfbb325a1998ddf3eb5f86d526deb19138c202965ac29236
w002059	7570000	7574999	7572499.5	ML_trees/2570000-2575000.fa.contree	55		017bdc51883c40f3d97647be7dc56f459eb1fd8dc66e0b48e2561c6dd595a927
w002060	7575000	7579999	7577499.5	ML_trees/2575000-2580000.fa.contree	55		f0d8540bc09cf3740e118849ecff9bb5a5ef5955fbe4d5ab82b6d0b1dd4ac062
w002061	7580000	7584999	7582499.5	ML_trees/2580000-2585000.fa.contree	55		369b3f477cb80f7dc9bc0a9dfa08b600ff5e951e62e6535a4324c11826162230
w002062	7585000	7589999	7587499.5	ML_trees/2585000-2590000.fa.contree	55		ab6baf451fb68fc1bc1c23fdb894ad93ec12329f2f3f1c3cce034c467c4b4449
w002063	7595000	7599999	7597499.5	ML_trees/2595000-2600000.fa.contree	55		44dae6409fefd39edb58698ccff5d8bce9d1ea4c5d68d21c7ab921bd98124a09
w002065	7600000	7604999	7602499.5	ML_trees/2600000-2605000.fa.contree	55		56548dc93070cc5ebd308ac172cbdd719fa5053c8db267cdcfbc082f085e57c0
w002066	7605000	7609999	7607499.5	ML_trees/2605000-2610000.fa.contree	55		3ee444067004966320c8f1d889294dc638cbcc95a5b9fc3f9d8f5babc7477676
w002067	7610000	7614999	7612499.5	ML_trees/2610000-2615000.fa.contree	55		0511984a53e3131a1e8201a44b4ded770e14f05938764eff6c55af677105770f
w002068	7615000	7619999	7617499.5	ML_trees/2615000-2620000.fa.contree	55		9513d371f4f0957304da688b8403d640329b3aca4d170b6e5bc530df47be8aaa
w002069	7620000	7624999	7622499.5	ML_trees/2620000-2625000.fa.contree	55		b5314576fc8a7d620a2970000c389a305ffc1571d50487d4091f854f9243b02f
w002070	7625000	7629999	7627499.5	ML_trees/2625000-2630000.fa.contree	55		83abf109e78342be563e13fb26389e9629890ff39429aef6d4f672484709945c
w002071	7630000	7634999	7632499.5	ML_trees/2630000-2635000.fa.contree	55		2ca9e7f46eee7a5f63eca344a6ea341d70f47dc8f8168d140a1a56c9b413749d
w002072	7635000	7639999	7637499.5	ML_trees/2635000-2640000.fa.contree	55		d503f34fde9919407025f918cd5aa5035bc7d78b5ece9aea4c8e4c41d3e6c24a
w002073	7640000	7644999	7642499.5	ML_trees/2640000-2645000.fa.contree	55		4f852a506eeb3b1a2c26ae29654a167fe6d49b541850052fafdac086a5741a8e
w002077	7645000	7649999	7647499.5	ML_trees/2645000-2650000.fa.contree	55		350b4e81aeac6fa4241e13ce046ad2e57ac1c7e99be70e92951f2c458ec83a3f
w002088	7650000	7654999	7652499.5	ML_trees/2650000-2655000.fa.contree	55		b2f376e4da569341d29cf9bc3da02501445fd9e538f12fc791a650bf3b1337f4
w002099	7655000	7659999	7657499.5	ML_trees/2655000-2660000.fa.contree	55		cc682730358e262a648bf8a164699b1d468d07240ce0e06f0bdff7cd76508c72
w002109	7660000	7664999	7662499.5	ML_trees/2660000-2665000.fa.contree	55		885799264b3984b1a8708c956d917ac8b6173992bfb0803f01c415561cefa5bb
w002117	7665000	7669999	7667499.5	ML_trees/2665000-2670000.fa.contree	55		e0a44a6644d5245e8eb9e72be9d4ca97375c186d3b654fa2a13a9f3f743b9787
w002128	7670000	7674999	7672499.5	ML_trees/2670000-2675000.fa.contree	55		3b431f21dfc79d0238b91c453453b03ee3ae29ad401877d135e9f545f59fe35d
w002138	7675000	7679999	7677499.5	ML_trees/2675000-2680000.fa.contree	55		727a0f81989c9386ebdb20d123c6be0197ba2d314e5b3ec334d6d6d87889b1d4
w002149	7680000	7684999	7682499.5	ML_trees/2680000-2685000.fa.contree	55		91cde2fc8a703762ce6405805d6613799c8a7a0790a4c2574ee37485ee02cf42
w002160	7685000	7689999	7687499.5	ML_trees/2685000-2690000.fa.contree	55		23cd2247503483b73aa024e40c2e1305627dcedabbcaf5f11d8fda02887d93f5
w002171	7690000	7694999	7692499.5	ML_trees/2690000-2695000.fa.contree	55		d2492693adf404af75da66e786c433caf603d6604eceba263c62e6db63a7d48a
w002182	7695000	7699999	7697499.5	ML_trees/2695000-2700000.fa.contree	55		2bd6465266c6f9a961a9e0e1a2816a819ed8040be82436e6794ecebbcdc3b0ee
w002194	7700000	7704999	7702499.5	ML_trees/2700000-2705000.fa.contree	55		63d7549597fb01e5cb6fa69d6f92d62d9c115514a5a11fd5b97cafce6a550423
w002205	7705000	7709999	7707499.5	ML_trees/2705000-2710000.fa.contree	55		8ee83256c561d52f26523fa609c0523ebd66b5b20f88a6f15e205f53314376a8
w002214	7710000	7714999	7712499.5	ML_trees/2710000-2715000.fa.contree	55		439308864241fe4c64256af66b7fc39acbffd9df97f447fea0fb4ee38159fe8a
w002225	7715000	7719999	7717499.5	ML_trees/2715000-2720000.fa.contree	55		162d89b67e0ee8e591813c6723dbd8368f4255774bfb4b9c8a979c853ef9dfac
w002236	7720000	7724999	7722499.5	ML_trees/2720000-2725000.fa.contree	55		5092f44e36fb72b70aa335ebd802f65fdfdae06466e6e4e436ae517e300e8274
w002247	7725000	7729999	7727499.5	ML_trees/2725000-2730000.fa.contree	55		17082619b5d4807f974bea4294e7b3379e6a8861c71aaf7cd87aa9b226cfa1ee
w002255	7730000	7734999	7732499.5	ML_trees/2730000-2735000.fa.contree	55		b508c0eb7748e1c81bebcb616717a356b65107919f8422d667adb2aa9fd918a5
w002266	7735000	7739999	7737499.5	ML_trees/2735000-2740000.fa.contree	55		a6fcfecfe399f1ee683b7067bac45a771652367b8648b9642c44f2d868386ab4
w002276	7740000	7744999	7742499.5	ML_trees/2740000-2745000.fa.contree	55		a1d416c1912d691350225db966a14ed3534d0ea8344f08155f42a258325443c3
w002287	7745000	7749999	7747499.5	ML_trees/2745000-2750000.fa.contree	55		d749f9456119413c04e0b897763b9ef8a1d81d1c74cedc376b08996480923626
w002299	7750000	7754999	7752499.5	ML_trees/2750000-2755000.fa.contree	55		e0021345f3145c14bdee159faec1c0200e575c648207d655070e262e54ac70a7
w002307	7755000	7759999	7757499.5	ML_trees/2755000-2760000.fa.contree	55		d515165eb1bcafdd1cf8fd9139f0f8cbbd80cd3ca08626daf6f38c04248978b2
w002308	7760000	7764999	7762499.5	ML_trees/2760000-2765000.fa.contree	55		0a7765094933aba7dcafb4feb5ddf04a3bedee161a5ce174709b78a974de8aad
w002309	7765000	7769999	7767499.5	ML_trees/2765000-2770000.fa.contree	55		942faf621fd46623eb9c7694a27f465f5e85a43ba6bd8e6a3cbcddc1220fefb0
w002318	7770000	7774999	7772499.5	ML_trees/2770000-2775000.fa.contree	55		3ef5f8ce9a6c7f4fc7621898f13ff6c88ba77760d3a6f285ace791b0c4c34824
w002329	7775000	7779999	7777499.5	ML_trees/2775000-2780000.fa.contree	55		ddc634e77171b7eaa0f2d725abf12d21dc1836587d238665b924d0c045371f4e
w002338	7780000	7784999	7782499.5	ML_trees/2780000-2785000.fa.contree	55		7a03a13fe605afd35a4466c629db713a7316f9e610221fdcc7cef74b07573b72
w002348	7785000	7789999	7787499.5	ML_trees/2785000-2790000.fa.contree	55		4ff1eb4fbd363426feb26fa3f3aabfe480a8d0b092dfc5fa85eeaf52777f9fd6
w002359	7790000	7794999	7792499.5	ML_trees/2790000-2795000.fa.contree	55		9523ed0320ea91197e8cd70d2fd16ee2ace1ab95de96234cd8028fc04becff0e
w002370	7795000	7799999	7797499.5	ML_trees/2795000-2800000.fa.contree	55		c8782cfde77205c3201bef7e69be170b38e562e4387b5333bb39810ffbf21cbf
w002382	7800000	7804999	7802499.5	ML_trees/2800000-2805000.fa.contree	55		901bf682e67a2725dd8f00a26c16ab4f10c53ea7496b8faa5d1cbc7978696c06
w002392	7805000	7809999	7807499.5	ML_trees/2805000-2810000.fa.contree	55		7e8048510f6933546359a96c48711e9655f25b8d2ca4659eb9ddc4001a783bff
w002402	7810000	7814999	7812499.5	ML_trees/2810000-2815000.fa.contree	55		2ecb87a04d953ce8cae055cd5c2ae192e1ed363385d113bab8d911ddbc295d5b
w002403	7815000	7819999	7817499.5	ML_trees/2815000-2820000.fa.contree	55		d15703b9fc06150f62e8616cda7950ac746a39c43b0f076ce357a182f5ed7460
w002404	7820000	7824999	7822499.5	ML_trees/2820000-2825000.fa.contree	55		5106ba1c02c159348e77d531868314370e32b327dd525958a026785c6e47cf4a
w002405	7825000	7829999	7827499.5	ML_trees/2825000-2830000.fa.contree	55		ef71a46e009205c5be1f5884195a4ff7e9d906d9ae01a336e3a7eac7c32c7142
w002406	7830000	7834999	7832499.5	ML_trees/2830000-2835000.fa.contree	55		414a85300966c37b175c9905e0487615f800cc145754f785694384d55a3e9097
w002410	7835000	7839999	7837499.5	ML_trees/2835000-2840000.fa.contree	55		b2fc69fc18f2c90979706032508115f5abe38df60aaa6ee8c9a6637af834d017
w002419	7840000	7844999	7842499.5	ML_trees/2840000-2845000.fa.contree	55		d994033111100ba24f2f5eeadcc756426a9fcbe6b792005bc75137067beda8e5
w002425	7845000	7849999	7847499.5	ML_trees/2845000-2850000.fa.contree	55		9bc6ad878e397466d1981b0ac35d3ec9a4aa091e48c556b5a3ca2091735882d9
w002436	7850000	7854999	7852499.5	ML_trees/2850000-2855000.fa.contree	55		4d8798bd097fc563f55935302e9e4c12b4543e3bb6dd261add86edcdd9c40b8e
w002447	7855000	7859999	7857499.5	ML_trees/2855000-2860000.fa.contree	55		c6680f0962bc66d9aa28a30946bfa8f5c67f916d3a9bb6d9ec7ed3ae836da200
w002458	7860000	7864999	7862499.5	ML_trees/2860000-2865000.fa.contree	55		a5040ae2fd67b2020d0a9a4128fe9284f91c557c8345631fe00320ed0b5f365a
w002466	7865000	7869999	7867499.5	ML_trees/2865000-2870000.fa.contree	55		b9f7d3f115e143cfd2d00338f15c27c27d468b2b01c672462a6d59501ba499c2
w002477	7870000	7874999	7872499.5	ML_trees/2870000-2875000.fa.contree	55		b99cf302342b992d191bc1a6d0807f929aa1f527109c623e9e19b17512f48244
w002488	7875000	7879999	7877499.5	ML_trees/2875000-2880000.fa.contree	55		5e974cd615c7939f913d5582d4bfac9866912b1706d110313e97e9ed53d552cc
w002499	7880000	7884999	7882499.5	ML_trees/2880000-2885000.fa.contree	55		32b4637ba3f3d763363990eb4bd7bfb9b3996347ef15f4783c9869b9c43d28c7
w002510	7885000	7889999	7887499.5	ML_trees/2885000-2890000.fa.contree	55		3aa37bd0c517d8dd0df7451c22c71dc8849f6e7ae3bc81e8d43ca7ba8a320e41
w002518	7890000	7894999	7892499.5	ML_trees/2890000-2895000.fa.contree	55		9a95f34dce41d41f368cf827c8c801173813a7ef8107c377f50b49a6a00a3c66
w002528	7895000	7899999	7897499.5	ML_trees/2895000-2900000.fa.contree	55		5981f98056374e6330242f342c9ed543c487c58d9b0871517e7e158633aa1e2f
w002530	7900000	7904999	7902499.5	ML_trees/2900000-2905000.fa.contree	55		4ef763abdb8e9dbe8680b97c830980854a5f45364040f5657398c8b73aca1981
w002843	8170000	8174999	8172499.5	ML_trees/3170000-3175000.fa.contree	55		933d07d7ee22668b50675913e396364d0195b5c25aef28cedc64f9c2e044180a
w002845	8175000	8179999	8177499.5	ML_trees/3175000-3180000.fa.contree	55		655ef7975fc40e135c74d6c50696a90101b9ddd057d0f356aeb0857f3e0d764e
w002850	8180000	8184999	8182499.5	ML_trees/3180000-3185000.fa.contree	55		92b835ed2231c1625905e3d35e488ea09dd4ad932e6dd92eac407d8330e8cd82
w002858	8185000	8189999	8187499.5	ML_trees/3185000-3190000.fa.contree	55		909b88cb6543614e3e99622983b1ca406c0fa10f1fbf6b4cf0f737adf3f49f3f
w002869	8190000	8194999	8192499.5	ML_trees/3190000-3195000.fa.contree	55		e5fd92e2207a09d708eddae1ef802848f1789112bf06bc95130212172c175f64
w002874	8195000	8199999	8197499.5	ML_trees/3195000-3200000.fa.contree	55		751f91049e2d5f139c519e13b9aafb4f64e2caf61eb76a432d684c6fa2102d27
w002876	8200000	8204999	8202499.5	ML_trees/3200000-3205000.fa.contree	55		f53679dd750cb91b5cfa7164a2bd5407f48344da4880d9532ebe24e48a123b7e
w002886	8205000	8209999	8207499.5	ML_trees/3205000-3210000.fa.contree	55		30f20abfea52368692a5c13ed9ef628280f47502fae8dcd166b9ff73611474fe
w002888	8210000	8214999	8212499.5	ML_trees/3210000-3215000.fa.contree	55		6d389378384c2180ea3d8abd74575565d2c9c68db86b52ea6f72fd750e8f4747
w002889	8220000	8224999	8222499.5	ML_trees/3220000-3225000.fa.contree	55		d97e21ea7b4d5e5aafb8926393ea4bda2bda0f3c44e65e97b80aabc6ed55ae02
w002890	8225000	8229999	8227499.5	ML_trees/3225000-3230000.fa.contree	55		c1873a5a781f2f8acb78c5f8476a17bacade6628d21f444191aa6bbfef4bc9aa
w002891	8230000	8234999	8232499.5	ML_trees/3230000-3235000.fa.contree	55		45dbccee16af140ae8407469575ea5462000065a5c43947f554e30c3dd066015
w002892	8235000	8239999	8237499.5	ML_trees/3235000-3240000.fa.contree	55		a8b264d2cb9772bc1ef56749e05f34a5db74fd55a88affe8e97028cec5a81fdc
w002893	8240000	8244999	8242499.5	ML_trees/3240000-3245000.fa.contree	55		5f9a523f9dbf37152b43ae51197830869ccb84f3f3a67be434fea9ba473037f5
w002894	8245000	8249999	8247499.5	ML_trees/3245000-3250000.fa.contree	55		77b24371ceb9cd452b1cfb5f7f20639ea1ff8da0c827c7412eb63c3dcb4f1281
w002896	8250000	8254999	8252499.5	ML_trees/3250000-3255000.fa.contree	55		569e85fd345b67236733658313a88def0e5230aaa2e80b164f2e92cb55939ca2
w002897	8265000	8269999	8267499.5	ML_trees/3265000-3270000.fa.contree	55		47098dd82d25d78452f9d13715190dc163e4a39f043f201ca0046064928fe402
w002898	8270000	8274999	8272499.5	ML_trees/3270000-3275000.fa.contree	55		36819f44df7885013f956157de0adfa1089387e492aaae16bf72fff197f0b1c1
w002899	8275000	8279999	8277499.5	ML_trees/3275000-3280000.fa.contree	55		cbfc23611884c43ffd59aac518a06337ed199ee8f7ff0a6bd9594792b3f20759
w002900	8280000	8284999	8282499.5	ML_trees/3280000-3285000.fa.contree	55		8c0df22195efee213501d2abe0043585779264cab5f6ef7160a880b2e2bf9027
w002901	8285000	8289999	8287499.5	ML_trees/3285000-3290000.fa.contree	55		0d07cb0f205637e78954cebf0eab1ee54d2a069382ba80e8d19820be38558979
w002902	8290000	8294999	8292499.5	ML_trees/3290000-3295000.fa.contree	55		6d9a4805863ac1d872a2860112308a42b9116232c2a9bc4a61beedd8ef6cf341
w002903	8295000	8299999	8297499.5	ML_trees/3295000-3300000.fa.contree	55		3c481e058574f2d96b2fe16de0d29609699ca6c24ed1b4bff82710d7aa976937
w002905	8300000	8304999	8302499.5	ML_trees/3300000-3305000.fa.contree	55		f5a4e2826ea961a1d749bdefa838c8d20491faf794b66ac9b87aaacf86ea621f
w002906	8305000	8309999	8307499.5	ML_trees/3305000-3310000.fa.contree	55		1654b91028a4927b22ddddeacc0be3cbb6dbc2891202e967ae7d3504a7a02268
w002907	8310000	8314999	8312499.5	ML_trees/3310000-3315000.fa.contree	55		93d9f177b999d1d198f2cb16e4fb138fa01efa9e411c3fe927c495a623369696
w002908	8315000	8319999	8317499.5	ML_trees/3315000-3320000.fa.contree	55		95f106d177360d72b3070de15cdf4c322a347af7372d093c978c583534140cef
w002909	8320000	8324999	8322499.5	ML_trees/3320000-3325000.fa.contree	55		375766dee8cf31be7c4c513e269edd79674ccbd73192a838822ec373cf782ad6
w002910	8325000	8329999	8327499.5	ML_trees/3325000-3330000.fa.contree	55		9c10641902da558ec29a43719ea3979e0b45804655c111c6280f213bd28c6e78
w002911	8345000	8349999	8347499.5	ML_trees/3345000-3350000.fa.contree	55		9f34fa1437b2e12d7df8e0d006a57d9f6e6e6eaaf53a7800c130819ede99a513
w002913	8350000	8354999	8352499.5	ML_trees/3350000-3355000.fa.contree	55		711a91e93a40bd5757be9b2ca47678543bcb8ca428e56d858642531fbb53b6cc
w002914	8355000	8359999	8357499.5	ML_trees/3355000-3360000.fa.contree	55		47555f1af6d7e57139bd7188a1575e7f398fbf9a3695df88ee7bce49acec9b7e
w002915	8360000	8364999	8362499.5	ML_trees/3360000-3365000.fa.contree	55		535ad1a86faefa13b138e5ae36ae3986145e57f886dadb81b212f3500d1e48fc
w002916	8365000	8369999	8367499.5	ML_trees/3365000-3370000.fa.contree	55		eb35938c51aa78604a620d19c39ac12822784b4df224ad098a3432546041eb38
w002917	8370000	8374999	8372499.5	ML_trees/3370000-3375000.fa.contree	55		7cc28fb19f90cfee526425f316380e3c8431c90839c0b2e60e66f946e8f30641
w002918	8375000	8379999	8377499.5	ML_trees/3375000-3380000.fa.contree	55		554e9a929c31ecbdd7bcc30e2d2afe5aff6f1461296e4e4e069eeda2bd243da4
w002919	8380000	8384999	8382499.5	ML_trees/3380000-3385000.fa.contree	55		a437451aaa5b4dbd4d7d78372a7b3b7e5c20867ada1698ecebf41f439d37ba2a
w002920	8385000	8389999	8387499.5	ML_trees/3385000-3390000.fa.contree	55		3a4097520be7dfb8bc6ad71fce3eb96fa0985e3289661ee9e90cb77e3d2a4968
w002921	8390000	8394999	8392499.5	ML_trees/3390000-3395000.fa.contree	55		62ce7cc1c01639b62f5205dc83e8cc2c670aad1df0db20f3dcfccda6f3e478da
w002922	8395000	8399999	8397499.5	ML_trees/3395000-3400000.fa.contree	55		5ac38e4bf68c6b036ee5662673797cd90e301ceff40182070b265f66a7f84c5d
w002924	8400000	8404999	8402499.5	ML_trees/3400000-3405000.fa.contree	55		11e45fd0d38bfa58d3aeaf38c53685ab6b0ccfe1c360477b8aa00f28e060a2d8
w002925	8405000	8409999	8407499.5	ML_trees/3405000-3410000.fa.contree	55		237e6f128ff40d9560466cc68a3f3b838edacc56b2c0a0b2d6b0e18f76ac2af9
w002926	8410000	8414999	8412499.5	ML_trees/3410000-3415000.fa.contree	55		05c13f2c9a44634432f380171e68c5ae5b5a46b3f08c649610350b3ce7c15128
w002927	8415000	8419999	8417499.5	ML_trees/3415000-3420000.fa.contree	55		15f399cca9d011dcdcc5c419d83d435bae2ec54bf21099cb3929b28df37ddf43
w002928	8420000	8424999	8422499.5	ML_trees/3420000-3425000.fa.contree	55		e11d6b77e9f5339b40bd3894afb98772bc1e4779ac3d23a32418baeef54e5e9f
w002929	8425000	8429999	8427499.5	ML_trees/3425000-3430000.fa.contree	55		250ddabfbbf40760b0d7cdf73a5b0550932d40a71f99ffbbf3c927ce37196ae8
w002930	8430000	8434999	8432499.5	ML_trees/3430000-3435000.fa.contree	55		2b044a4340c5cf473aca5d70b1fc71568cab1f791863346b2d7a02c9e4e585e7
w002931	8435000	8439999	8437499.5	ML_trees/3435000-3440000.fa.contree	55		43b937c0ebff1458ba772d2cf16d3545c8c98d6a382c604476c825d711520a22
w002932	8440000	8444999	8442499.5	ML_trees/3440000-3445000.fa.contree	55		246119c23bbf3041bbc33b370cf703075ad516ddc4e09d0abb6c768035898560
w002933	8445000	8449999	8447499.5	ML_trees/3445000-3450000.fa.contree	55		fa53ef5bcafa01e1b08b6a3193c7479529b3ada3529c9ee862de9834cd910ffc
w002935	8450000	8454999	8452499.5	ML_trees/3450000-3455000.fa.contree	55		6fddce2ffc997f6396a100cd306da8fd8135e007c31d122ef420504855af17f9
w002936	8455000	8459999	8457499.5	ML_trees/3455000-3460000.fa.contree	55		264ab3b1a8263534795253fbc624e58c6de1f98549af6c30017cf0c9d4eafc2e
w002937	8460000	8464999	8462499.5	ML_trees/3460000-3465000.fa.contree	55		e237c6a87c53f58f51ed18f4f54be9620c92e8ff0d159ed489bd0d9698294f26
w002938	8465000	8469999	8467499.5	ML_trees/3465000-3470000.fa.contree	55		a9233af30ff5be58ece3b789e6b2c7c1f75eea157d3313ff35c3ff5bea40d412
w002939	8470000	8474999	8472499.5	ML_trees/3470000-3475000.fa.contree	55		957ae107067aec71e1fe29fa0a286c719b1dcad33daf85a8ebfc03eda35f66aa
w002940	8475000	8479999	8477499.5	ML_trees/3475000-3480000.fa.contree	55		f6320e73fef8bc4e76a290e8deaa294fff9f2b6a9b4c9841e4c416363ef968dd
w002941	8480000	8484999	8482499.5	ML_trees/3480000-3485000.fa.contree	55		f42cbdb3d97cb7a4db59f40f46537d34b643b1fc9aa7ffb6ae62ca02ff3ce01f
w002942	8485000	8489999	8487499.5	ML_trees/3485000-3490000.fa.contree	55		bb05fce821f3c7701e30b367ed6e7834afea5704bf3f0bcc0bc3130cef32127c
w002943	8490000	8494999	8492499.5	ML_trees/3490000-3495000.fa.contree	55		a8b1fe4f1d4a0f71026058cc960c0d47542dc87a163632e379b401314a0f205a
w002944	8495000	8499999	8497499.5	ML_trees/3495000-3500000.fa.contree	55		2d5d3db09ec718c63af71c5b2f966ec5e07cc59366fddacdbdca8ad6c260ff4c
w002947	8500000	8504999	8502499.5	ML_trees/3500000-3505000.fa.contree	55		fbb0dc6db1721a2072fee48eeca157ba6e450ed059c9c168421109404ad4f6d7
w002948	8505000	8509999	8507499.5	ML_trees/3505000-3510000.fa.contree	55		41a270aee736b993da87fdef2a2fd8daf58f97b43eed9e469d61fc7e390c5a76
w002949	8510000	8514999	8512499.5	ML_trees/3510000-3515000.fa.contree	55		3820ade8a51eb3a4a83010d7d9b645ce9195f634b63ed591ac1003e2620bab14
w002950	8515000	8519999	8517499.5	ML_trees/3515000-3520000.fa.contree	55		78258bb0718b1af777409b50f5104e58490824cdee913a36a03eb7c7057c4361
w002951	8520000	8524999	8522499.5	ML_trees/3520000-3525000.fa.contree	55		ae24a1bdf6b85ac09b5ce2c987ed2e4e28b6ad9f768b780834f9076064be38ac
w002952	8525000	8529999	8527499.5	ML_trees/3525000-3530000.fa.contree	55		1830e6ec7b70dbab8dc6f994c73acb5efc8df5b891fc8c2ecd2ed3a4fea65ce3
w002953	8530000	8534999	8532499.5	ML_trees/3530000-3535000.fa.contree	55		4f8855987799920db330c904c7b62354dcc3fb28f8e3f96c7fb2cb85e7aeb1d7
w002954	8535000	8539999	8537499.5	ML_trees/3535000-3540000.fa.contree	55		32f9bf57af660ec77ebff0b219e9f607fbdb7a8b918db6c22a957fa0159dece9
w002955	8540000	8544999	8542499.5	ML_trees/3540000-3545000.fa.contree	55		dc09f58e2ae5e8b34656a8e8ec1b1456e3501732ac58dcf9e434456ad93ce63e
w002956	8545000	8549999	8547499.5	ML_trees/3545000-3550000.fa.contree	55		34d2fb2c1368e883d34b02d96feec7e6e899e51683d6cd77118c0161a6385370
w002958	8550000	8554999	8552499.5	ML_trees/3550000-3555000.fa.contree	55		12299c8a8467144e8a78a98d2473cd9494b1372d329239bf04523320d51a433e
w002959	8555000	8559999	8557499.5	ML_trees/3555000-3560000.fa.contree	55		75289409db80816a36612810aae884c5d448dbbe6acfd3c4eebcd32b7a8a7d52
w002960	8560000	8564999	8562499.5	ML_trees/3560000-3565000.fa.contree	55		b12622122e893d0c44c6a8eca2023a68e1507c06ed2adc5ad53baad889939fcc
w002961	8565000	8569999	8567499.5	ML_trees/3565000-3570000.fa.contree	55		4a6d632d5f13603b07bb84a55b3233aaa43d7198b14f1bc1d8fb63aad74c018a
w002962	8570000	8574999	8572499.5	ML_trees/3570000-3575000.fa.contree	55		caa6090299aa5c2e51c04a928b8009f2800917bb229791def4879ab95e5d344c
w002963	8575000	8579999	8577499.5	ML_trees/3575000-3580000.fa.contree	55		1192645b0a44bb45de261d9d38c60ec199ac738ed8bd4cb4daca92b78bb3cb63
w002964	8580000	8584999	8582499.5	ML_trees/3580000-3585000.fa.contree	55		c165de076022fbdc0bb9340cf4a11cc5eb3bcfa712f50f58dac1289668c577dd
w002965	8585000	8589999	8587499.5	ML_trees/3585000-3590000.fa.contree	55		761bca6fbb0441efa48d08e65868a3510bef3ab481d23ae7046795eba38d26a9
w002966	8590000	8594999	8592499.5	ML_trees/3590000-3595000.fa.contree	55		fed670e4a3cea29633ece64b690d69c39da37154ae7744b666cf41bd2b247d09
w002967	8595000	8599999	8597499.5	ML_trees/3595000-3600000.fa.contree	55		8ab6e9f74dc9219f5567d0a6f71e5f4e406292619bd458ffb8ef73352473d4c1
w002969	8600000	8604999	8602499.5	ML_trees/3600000-3605000.fa.contree	55		a74df719dde75e5388be998d6a73b05c0ecb632f25f9532513e961cf24f57229
w002970	8605000	8609999	8607499.5	ML_trees/3605000-3610000.fa.contree	55		dd3d4e99579da35beae16983a0bbe2b095e321a1e678e8c154719aa141c3bc98
w002971	8610000	8614999	8612499.5	ML_trees/3610000-3615000.fa.contree	55		5b2dcd822cdefc16e18f294666ad2cb6c627d58aa9aa5f6a69c7c3eb6136be00
w002972	8615000	8619999	8617499.5	ML_trees/3615000-3620000.fa.contree	55		eafbbc678d5e8f7bbdc76c357a518994a1b97b77ecadd3e1c36823aff8b59b53
w002973	8620000	8624999	8622499.5	ML_trees/3620000-3625000.fa.contree	55		c1bfe9df284c7bc9ddf875b564fb5368c7fb13bbc96ad13cc206718d7e1e5a53
w002974	8625000	8629999	8627499.5	ML_trees/3625000-3630000.fa.contree	55		eb5d8c98ca0dfccaf5e6e49e0a98366ccbf0ba59e6b6982e3ead8e33ec8f029a
w002975	8630000	8634999	8632499.5	ML_trees/3630000-3635000.fa.contree	55		2311152a2ae312edda9690198314dd62398d49836f9ccb60b4e3f520f1474da8
w002976	8635000	8639999	8637499.5	ML_trees/3635000-3640000.fa.contree	55		2b8d321f49d580df2f420e70acd9117f10b848aec3c8579aea869427b3204707
w002977	8640000	8644999	8642499.5	ML_trees/3640000-3645000.fa.contree	55		81ffa4a60eaecb5396e37d5393ecf5196798fc42c75243ca67f5823032567715
w002978	8645000	8649999	8647499.5	ML_trees/3645000-3650000.fa.contree	55		2010343f07b01da03caf548f05961a26d6adb974fb167686f93f84a15b5b02f1
w002980	8650000	8654999	8652499.5	ML_trees/3650000-3655000.fa.contree	55		f5b9ed1ce8119e6397015ea4f779387aba2888a91fcffa81447eacf34624b56c
w002981	8655000	8659999	8657499.5	ML_trees/3655000-3660000.fa.contree	55		74381d97923d00cdd3bc838f2dfe85b96241b361d7633cbafa3131af61f15b28
w002982	8660000	8664999	8662499.5	ML_trees/3660000-3665000.fa.contree	55		fd90be23ad6223bc5bd2dd96f2839a44116f78fe64b5478a10c22c3e90059308
w002983	8665000	8669999	8667499.5	ML_trees/3665000-3670000.fa.contree	55		a30b5ed2db7c536f26c0bb016da75d5e1f4efcf9c05e69e671eac6722aea4caf
w002984	8670000	8674999	8672499.5	ML_trees/3670000-3675000.fa.contree	55		d21bd684d1c1ae033deaf787cde225fbd494c43e7f06e44236fab1cad7593f5c
w002985	8675000	8679999	8677499.5	ML_trees/3675000-3680000.fa.contree	55		0fd3cb96f0519f2a87e7a978ef1dc2a288305648b7e526500c0331128b385c1b
w002986	8680000	8684999	8682499.5	ML_trees/3680000-3685000.fa.contree	55		375b6df7e5c8d364837886b1372438ffd836fa01be0c6994885829e34475086e
w002987	8685000	8689999	8687499.5	ML_trees/3685000-3690000.fa.contree	55		627d95a929dacfbef10cfd7f7907f32f1fd370c771876b65cd27ff083d834120
w002988	8690000	8694999	8692499.5	ML_trees/3690000-3695000.fa.contree	55		0b578eb5cf94eb6a50eddaa471253afd4d76c0610317ed28f2dc3590b9fad8a6
w002989	8695000	8699999	8697499.5	ML_trees/3695000-3700000.fa.contree	55		ab3f2dccb7cef8538987e47f657e3ec8f6ec1270e980300eaa7fb75324e7877f
w002991	8700000	8704999	8702499.5	ML_trees/3700000-3705000.fa.contree	55		abdc737b93aec8f1519606ca2ba594124c40a7e0ef0b1838ac8d61667677bab5
w002992	8705000	8709999	8707499.5	ML_trees/3705000-3710000.fa.contree	55		6b6161ec21b388e1673e16e67bcc3dd248c74b5f1323be78ab0d34e14101a4c5
w002993	8720000	8724999	8722499.5	ML_trees/3720000-3725000.fa.contree	55		9904e20586fd557e766ce37ea64972ab8f970ff5f8150fb1526e8168e2d1ae87
w002994	8725000	8729999	8727499.5	ML_trees/3725000-3730000.fa.contree	55		7e84fd1aac83090b6b7ed432660e9b17a2d06d97cc5ac99e19bf07412eda8e9f
w002995	8730000	8734999	8732499.5	ML_trees/3730000-3735000.fa.contree	55		26631996c4e54ac717bf87de712e271b5c3bc4deda8d91faf96abd4d939572a5
w002996	8735000	8739999	8737499.5	ML_trees/3735000-3740000.fa.contree	55		545436b27b07dd543b3c9d27451312e27c050c589cabb3e135b05dca9aa88539
w002997	8740000	8744999	8742499.5	ML_trees/3740000-3745000.fa.contree	55		6003b115d6500636aaa710dd04b3aaf4ed746c4fe4f970d5704214e9cf54d221
w002998	8745000	8749999	8747499.5	ML_trees/3745000-3750000.fa.contree	55		e9695479d4e328646239f620262c5b12c01950c3e33f316d5eca1dfa4066f53d
w003000	8750000	8754999	8752499.5	ML_trees/3750000-3755000.fa.contree	55		cf44dbf5330cf6b5aca66657536287493eec37a1711bb60667dcb67578b807d3
w003001	8755000	8759999	8757499.5	ML_trees/3755000-3760000.fa.contree	55		b76ebd3dfe4fde93dd80be7e49713e9f67f9af6c9d781978fa49be6afe438a1a
w003002	8760000	8764999	8762499.5	ML_trees/3760000-3765000.fa.contree	55		ea676b11153b880c4c85938e670cd4216c00768075a809aa161ba0111521dcaa
w003003	8765000	8769999	8767499.5	ML_trees/3765000-3770000.fa.contree	55		b1b7a4daf8c4f487ad84fa0f79a63201c28610aa37e30d67f152ec736a1e848c
w003004	8770000	8774999	8772499.5	ML_trees/3770000-3775000.fa.contree	55		b1a22cb1fd4feb1db49dc93b738ba84f8ca1c939873ddf69df1642c5f3f511d7
w003005	8775000	8779999	8777499.5	ML_trees/3775000-3780000.fa.contree	55		7bf4f20c1427fe9969948f5ce1b1d3bbc23ac1b7da6c5ca27904aecb663d7917
w003006	8780000	8784999	8782499.5	ML_trees/3780000-3785000.fa.contree	55		af01bc15232ff1cde185129dac522fcdfeedfe69322708db580bc0637db535b9
w003007	8785000	8789999	8787499.5	ML_trees/3785000-3790000.fa.contree	55		3175971a4a01002fc9bf48719b28cd73359a4f0415f8c33334ea843e7b1b0401
w003008	8790000	8794999	8792499.5	ML_trees/3790000-3795000.fa.contree	55		f5524ca324c3b318d6aa91e55df24cff484de93789211bf445cdbe6301447537
w003009	8795000	8799999	8797499.5	ML_trees/3795000-3800000.fa.contree	55		bdb79fe0f3b1996edb8598009b70f57553b77dc8efd4365917539b4fdab5698e
w003011	8800000	8804999	8802499.5	ML_trees/3800000-3805000.fa.contree	55		91ce50040dac05ff4f7baf2fba2f87f007df258a8ea4320e42c5d0dd385224a8
w003012	8805000	8809999	8807499.5	ML_trees/3805000-3810000.fa.contree	55		6702522e0a1a036cae6304e5d4644b90dbab54fa859fe31aade1909a1d5bd8ef
w003013	8810000	8814999	8812499.5	ML_trees/3810000-3815000.fa.contree	55		98ba4f542270d00572249bd9a8cf700130c7e89c453040bc6c7036590a79a6e5
w003014	8815000	8819999	8817499.5	ML_trees/3815000-3820000.fa.contree	55		f74a1957c2a27c972102812f052356a9ddb7cefe58725d8d491da23d53237f41
w003015	8820000	8824999	8822499.5	ML_trees/3820000-3825000.fa.contree	55		5ea876b22fe1ae79d58aa33d6c6e597f1476644ddae8ecab4b3ea7bc506c3505
w003021	9020000	9024999	9022499.5	ML_trees/4020000-4025000.fa.contree	55		cde11ca1303ae47ba98da5c8e1b255b4eba9641f8dbb368194385d09c91eeb75
w003022	9025000	9029999	9027499.5	ML_trees/4025000-4030000.fa.contree	55		c6ec93181a097a5d044d9fda15049253bcc06955708d03cd421e1bb87be4203b
w003023	9030000	9034999	9032499.5	ML_trees/4030000-4035000.fa.contree	55		ec1db11c094dbbcd503df0677917ab032f40cd91ce16896d42237a56b8ac0be4
w003024	9035000	9039999	9037499.5	ML_trees/4035000-4040000.fa.contree	55		2c0734150a0071d93be070b8620b5c27aab3618efcbc48e5dc2da5f22f467599
w003025	9040000	9044999	9042499.5	ML_trees/4040000-4045000.fa.contree	55		cbcc081f652017f9a51932e995e226b7b7605a35bd6499096314e420be84cae0
w003026	9045000	9049999	9047499.5	ML_trees/4045000-4050000.fa.contree	55		df5dc61caacc7bc2150452c3ec8c45e2c61d34410c3414009bd2b155a463a447
w003028	9050000	9054999	9052499.5	ML_trees/4050000-4055000.fa.contree	55		82b32781f2562a5b4183f59df179684e4c7efe0aca6f0b5149c45260d9306711
w003029	9055000	9059999	9057499.5	ML_trees/4055000-4060000.fa.contree	55		49e9de59aaaaa965ef2fda3c8e1325055e703f782ef3bac9085e0823e412b1f7
w003030	9060000	9064999	9062499.5	ML_trees/4060000-4065000.fa.contree	55		fa960d16c4393c2de2734525af9e85deb95ac57828ab2ec469d7f04b8c7d5322
w003031	9065000	9069999	9067499.5	ML_trees/4065000-4070000.fa.contree	55		644224be76794048336b10a4738005388b50ef5d5b92c3cf0fb5b8009a309a45
w003032	9070000	9074999	9072499.5	ML_trees/4070000-4075000.fa.contree	55		c849d78cfa26ef4a1d25b3cbc30bb4a4d10fbb0a6573778a7b6985c075d559f2
w003033	9075000	9079999	9077499.5	ML_trees/4075000-4080000.fa.contree	55		9ffcb7d4d8c30f06ccd6b8c4de6d1caaada2f0c03c2f8ff48948fb706d4fcada
w003034	9080000	9084999	9082499.5	ML_trees/4080000-4085000.fa.contree	55		152c286b52bd469431cce866ccff489cf1cd96b6ab52d1010ddf4a1125205922
w003035	9085000	9089999	9087499.5	ML_trees/4085000-4090000.fa.contree	55		bc88488aff499b9b8a3f609a746219278792925057a91489c8a197d76ce5e060
w003036	9090000	9094999	9092499.5	ML_trees/4090000-4095000.fa.contree	55		47ee0f0fde28380600522b5ea13187af95801b4056a472f08bfba8e73786bb0a
w003037	9095000	9099999	9097499.5	ML_trees/4095000-4100000.fa.contree	55		76ca3283ae4da2d207ae7d3dc9d9cee2792d1bb9ba9fa04bf0cd14239a4fb16d
w003039	9105000	9109999	9107499.5	ML_trees/4105000-4110000.fa.contree	55		3f0c8d7c425b04c6001a537bb41f1300978aad06e27a87cfa538326e9431155d
w003040	9110000	9114999	9112499.5	ML_trees/4110000-4115000.fa.contree	55		2802864ded26f559605bb4934bae28cb59f2cfac93984dbd0b1e98145f448691
w003041	9115000	9119999	9117499.5	ML_trees/4115000-4120000.fa.contree	55		101484cd725bd5f9a7bc5cd8dc13f9eed946f262b90135ccdab223fe2d5858ca
w003042	9120000	9124999	9122499.5	ML_trees/4120000-4125000.fa.contree	55		60e22f7717055ed9a6bb6ccece72de303854d611d419b6c926100180d465cfe6
w003043	9125000	9129999	9127499.5	ML_trees/4125000-4130000.fa.contree	55		29c8c553861e6bfa38b39f8b1e2b378b71ae3a0c4f047b38498ccd90c350dbd6
w003044	9130000	9134999	9132499.5	ML_trees/4130000-4135000.fa.contree	55		7223aa542af25cdf714a58828f42f4b3cad8621e32c8f6983acc1d50307e13ec
w003045	9135000	9139999	9137499.5	ML_trees/4135000-4140000.fa.contree	55		6a95671689a8a7235ed98d80b2380549c8846e141300487a5daa944d800532ee
w003046	9140000	9144999	9142499.5	ML_trees/4140000-4145000.fa.contree	55		fbcc0ba88ff99b0a3a7edf830429c196688ea87102acf6428cc65edaa6a7542b
w003047	9145000	9149999	9147499.5	ML_trees/4145000-4150000.fa.contree	55		3f6d721c41e9dd48b7178ba5792e31b4b2aa0a223d1578ce019e454ef9e01dbc
w003049	9150000	9154999	9152499.5	ML_trees/4150000-4155000.fa.contree	55		eead6a8f718d511a2dc920b7d594a3d61f182192d47255aa9057e9ad7a66ff4f
w003050	9155000	9159999	9157499.5	ML_trees/4155000-4160000.fa.contree	55		7223c5d9b208bb8b6e4ebf08bd1acf23570aa1c35ace3d739b785a6a03f1e072
w003051	9160000	9164999	9162499.5	ML_trees/4160000-4165000.fa.contree	55		b47eeab3d20bbb059c585882101ef4d2ae48d65c385273b2f85c5cc9f4fb81ee
w003052	9165000	9169999	9167499.5	ML_trees/4165000-4170000.fa.contree	55		23cb1c813f32200b42eb27f2024562276fb79deae7ed28270f007a90f964041b
w003053	9170000	9174999	9172499.5	ML_trees/4170000-4175000.fa.contree	55		48addb0c084bc39342a1f197ec847e6135cfb19f856f37a69cce76f77e6a0c0c
w003054	9175000	9179999	9177499.5	ML_trees/4175000-4180000.fa.contree	55		b644879699980319b15b52a5fac1ff5be0f60ee31418b7b67e58f386563befcd
w003055	9180000	9184999	9182499.5	ML_trees/4180000-4185000.fa.contree	55		45e8534913c5ec11555ea45d49718cfc239ed0f79a26c64921d6f5d2237d067d
w003056	9185000	9189999	9187499.5	ML_trees/4185000-4190000.fa.contree	55		3f08f83298d6e3eb53e2f3fe3c20b7dc6905e1841beda1e2d18fe0d23e5507cf
w003057	9190000	9194999	9192499.5	ML_trees/4190000-4195000.fa.contree	55		e8c023631b73649c114c7228d43413f10f392ebab5f2346dd04101f3bd62a37c
w003058	9195000	9199999	9197499.5	ML_trees/4195000-4200000.fa.contree	55		98ec2fee08411696432002d065bfa17f6a22e123b68469f46bd0249b85829a64
w003060	9200000	9204999	9202499.5	ML_trees/4200000-4205000.fa.contree	55		b0dca6486f501b5dd28095c95034cfb8c7fedca5271f83fa505f729e87b68894
w003061	9205000	9209999	9207499.5	ML_trees/4205000-4210000.fa.contree	55		e6fbf89e743cb02114acbbbeba38321940d1cd9e68a5037043ef2f1a1e29f133
w003062	9210000	9214999	9212499.5	ML_trees/4210000-4215000.fa.contree	55		af72b21a179dd2c470f5464ee90256b2548375874063efde4116c7855cd54240
w003063	9215000	9219999	9217499.5	ML_trees/4215000-4220000.fa.contree	55		ffde062f3034303a4f7a088e7af7e717e0262e32422d1d9b361a3e1d15f0f64d
w003064	9220000	9224999	9222499.5	ML_trees/4220000-4225000.fa.contree	55		87c7dbd24df5970b34baf8590ab83a69920fc39123fa2cf05ccefb7c903626a9
w003065	9225000	9229999	9227499.5	ML_trees/4225000-4230000.fa.contree	55		a3f2598b76ff37d8dad6fedc6c17cc20f185cc8330a0c40ac7aecd0a0c52bb3b
w003066	9230000	9234999	9232499.5	ML_trees/4230000-4235000.fa.contree	55		b801004d8d9feac7745ef01631e6c6b38b3c79d0a1f821a47e37b624ed678324
w003067	9235000	9239999	9237499.5	ML_trees/4235000-4240000.fa.contree	55		ad23ef1ce179ac2e4d3f44bf9d692f5c4be9ee423d82b764eb8488c92eeff31c
w003068	9240000	9244999	9242499.5	ML_trees/4240000-4245000.fa.contree	55		290dce40a64e612b9d989e50c9746230e9160750176c7f46c1284116d5b58816
w003069	9245000	9249999	9247499.5	ML_trees/4245000-4250000.fa.contree	55		f25f8a1fa112f7ff24d2b6fae833cfc8cdda863ccc7724efbef8658c892c7e06
w003071	9250000	9254999	9252499.5	ML_trees/4250000-4255000.fa.contree	55		85865eef9388dfe21e22af4a2a091e3ddab882aea8a3146d910506b51283dcae
w003072	9255000	9259999	9257499.5	ML_trees/4255000-4260000.fa.contree	55		4800b39febd771c0ee1603f87783d1786bd275ade5aea0f77af0cf927a82e743
w003073	9260000	9264999	9262499.5	ML_trees/4260000-4265000.fa.contree	55		2e8b689c67df4cc9a7d2630b31210c0a3d724765251857fcb0637a69bc54f4a5
w003074	9265000	9269999	9267499.5	ML_trees/4265000-4270000.fa.contree	55		765d305dc4bbd037ce133bcb2a631d0d3e564c97383275582bdbf63b7911aeb6
w003075	9270000	9274999	9272499.5	ML_trees/4270000-4275000.fa.contree	55		9584e8487e612c74532e4a9dc93f5eff1bb78bab7ff16175dd01ebca313127b0
w003076	9275000	9279999	9277499.5	ML_trees/4275000-4280000.fa.contree	55		31a448b95eba2fa9d402e14d9dcf95732a610897049ad2caf184fc1f94104ef7
w003077	9280000	9284999	9282499.5	ML_trees/4280000-4285000.fa.contree	55		38d3ad96e1fd9b3a598dc7b8c244d3af1546dc53cbe0455adefceb051617cbbc
w003078	9285000	9289999	9287499.5	ML_trees/4285000-4290000.fa.contree	55		d2487a77fd645b8dbc67e522c59d267e694e4470681921ede109b462e63a38e7
w003079	9290000	9294999	9292499.5	ML_trees/4290000-4295000.fa.contree	55		36cdfe08c4c7e7cddff79495d342f535305d2c0a8c76a8c299f3e16d7230ab95
w003080	9295000	9299999	9297499.5	ML_trees/4295000-4300000.fa.contree	55		8bd5069796d47cb0d3250d31a8b824a7a436c6008ff8773878e40f7ddc1aa2de
w003082	9300000	9304999	9302499.5	ML_trees/4300000-4305000.fa.contree	55		a1614f3934fc48117baea0142cf10fda068757265205f957b9bfbf46d02cc9bf
w003083	9305000	9309999	9307499.5	ML_trees/4305000-4310000.fa.contree	55		5245a508ff56f316ca45e18923ebf976b084a2711275af5b15956b59af91ca39
w003084	9310000	9314999	9312499.5	ML_trees/4310000-4315000.fa.contree	55		d682eb1701e81d9df286c4ffde31bd8db21caeb95d81ff9dd2b657d5f5ab544f
w003085	9315000	9319999	9317499.5	ML_trees/4315000-4320000.fa.contree	55		f523d78530e40763259462c89135ccaedd4292dff6cd9d61b855d9b1f00ead03
w003086	9320000	9324999	9322499.5	ML_trees/4320000-4325000.fa.contree	55		450db779bdc0069840ad9991084d31757f3a867a4dbf664540a3cf11ad02f890
w003087	9325000	9329999	9327499.5	ML_trees/4325000-4330000.fa.contree	55		467dc4bb09bd01c764f4eb39e0b2fd00bbc9ec4b659159bf9c266929dd37c7b4
w003088	9330000	9334999	9332499.5	ML_trees/4330000-4335000.fa.contree	55		8c3fe81c433ac82dc26317709114b5d62d431e4a1518783d58be30c57f8a4fc6
w003089	9335000	9339999	9337499.5	ML_trees/4335000-4340000.fa.contree	55		721d4d28ff0c22272b0c0e64d8c8674cd91ee96e287507bdd324e57e765bda4f
w003090	9340000	9344999	9342499.5	ML_trees/4340000-4345000.fa.contree	55		9d1aa46359e1490ce4fc8113d76ccd1c5e25482fc48873019be3d87673c180af
w003091	9345000	9349999	9347499.5	ML_trees/4345000-4350000.fa.contree	55		604644d13936830a0c40c5424f2353e1ef6471f15ba93295f435e0e1fcb659d3
w003093	9350000	9354999	9352499.5	ML_trees/4350000-4355000.fa.contree	55		7f663e46ce99be7b3e3dd2293a0f7810c7e587c574f3ce96abbc452ff5decf9f
w003094	9355000	9359999	9357499.5	ML_trees/4355000-4360000.fa.contree	55		2d15f3704118703f885144f1c7d23fa64999e12713577fd0c744d4f543fc8f5a
w003095	9360000	9364999	9362499.5	ML_trees/4360000-4365000.fa.contree	55		972561e897f295aa9a29c30f9a116f4f5a48ce1acc2c9d2bdab0f5e37966220b
w003096	9365000	9369999	9367499.5	ML_trees/4365000-4370000.fa.contree	55		1c3c84ae1c258136edd8f3b39f186152ab65ef60dde0f02462491f1faa9bc14a
w003097	9370000	9374999	9372499.5	ML_trees/4370000-4375000.fa.contree	55		0ae7eb1e1c082b4b16dd3501cfed1d9f9851997b4de330a16049db9d63c44d63
w003098	9375000	9379999	9377499.5	ML_trees/4375000-4380000.fa.contree	55		c0f11628a35ece33f28ce0d735053f8c082a4b87523d5bf8b2d38eab48da65a8
w003099	9380000	9384999	9382499.5	ML_trees/4380000-4385000.fa.contree	55		c82d8b52dd9cade99feeeb8b9138316b7be6e9b277c4b693654d04f3cb822262
w003100	9385000	9389999	9387499.5	ML_trees/4385000-4390000.fa.contree	55		ffb3964e3b4504b36e68442e6fb6bd9d60867b58cc8c4f7e7633e12c4481abf8
w003101	9390000	9394999	9392499.5	ML_trees/4390000-4395000.fa.contree	55		a8c0c564b19f0de7ce085da46c1e0fa74de5cdc4f2133804da05207734e0bb04
w003102	9395000	9399999	9397499.5	ML_trees/4395000-4400000.fa.contree	55		df9dd16172a605e5ec3bfc04ddfdf0a25ab004a5c63f6b01d12beb9f6922373d
w003104	9400000	9404999	9402499.5	ML_trees/4400000-4405000.fa.contree	55		80a6b44d5ba54b6f63ee761d4c71c24ef365b6b7d09b21ebb2ec0c26f9742bdb
w003105	9405000	9409999	9407499.5	ML_trees/4405000-4410000.fa.contree	55		ca0498c0deb6f84d7ced4b129812860778716cbc2e5376dcfe3dcb10ddae51e1
w003106	9410000	9414999	9412499.5	ML_trees/4410000-4415000.fa.contree	55		80a15f34508732607a9009fdf8ee51ca2786c26215f4538e36c04b9647774bf5
w003107	9415000	9419999	9417499.5	ML_trees/4415000-4420000.fa.contree	55		560aa3196bd485a0a3df7f92a389744a3be63b44790fc06fec00fc9359c51c36
w003108	9420000	9424999	9422499.5	ML_trees/4420000-4425000.fa.contree	55		f879f421ec200c48a2e8fc2b824e645cb1c6a9c526681c1c146b463800f9f8c9
w003109	9425000	9429999	9427499.5	ML_trees/4425000-4430000.fa.contree	55		85d4adfcb9f387c579348d0e86a1164e0f37062ff1a43d518f484968a7097360
w003110	9430000	9434999	9432499.5	ML_trees/4430000-4435000.fa.contree	55		dc3540de2f2460e8cff39d475a2eeb7164c8e5cdec2670361c9df6a9fb203b50
w003111	9435000	9439999	9437499.5	ML_trees/4435000-4440000.fa.contree	55		b28f81961dbdda801513e80663b47097f50ecf95c83ee07e61ae25c9463be13c
w003112	9440000	9444999	9442499.5	ML_trees/4440000-4445000.fa.contree	55		d9a3856175d03a64718c990fa49e24e8eda49413e4e3a851f2947a25889fc91b
w003113	9445000	9449999	9447499.5	ML_trees/4445000-4450000.fa.contree	55		e959fd6ceb7e0784d6d1ba9e8d60ffc4b72ddc6c52c2718924217908528100c2
w003115	9450000	9454999	9452499.5	ML_trees/4450000-4455000.fa.contree	55		cd6bcd07280c3272cb183d849e19f2e409a755be19029a6625489c2f8d15b53f
w003116	9455000	9459999	9457499.5	ML_trees/4455000-4460000.fa.contree	55		1b26729f5f9edcfd7359280a49a6ca37e654a46cf87c464000386f4faa758315
w003117	9460000	9464999	9462499.5	ML_trees/4460000-4465000.fa.contree	55		f37b226d0d7f92d379f59ac7b1e78cf4dbd824e83e784e944d74a39f9844bb27
w003118	9465000	9469999	9467499.5	ML_trees/4465000-4470000.fa.contree	55		d3bf9e2aad7945532ca23b8e0502a90d41b07ac33e1b72d7f856aaad9bd6c730
w003119	9470000	9474999	9472499.5	ML_trees/4470000-4475000.fa.contree	55		e59a5c5f8896a1056d762c40a5d44b3b7865cea0c4d7c3bb6496683687858729
w003120	9475000	9479999	9477499.5	ML_trees/4475000-4480000.fa.contree	55		97430123068201ce40364549f5c80572ecbee3a8056a823d4b9383490ee99c9f
w003121	9480000	9484999	9482499.5	ML_trees/4480000-4485000.fa.contree	55		8976a0b81b0b762bd8e989a10ba464bde163586f44880546594016cb6713f35a
w003122	9485000	9489999	9487499.5	ML_trees/4485000-4490000.fa.contree	55		7e0c180ba36653bb9573a47cf6ebeb2da74ac1d0c45c6bc231ee202fe8c58d43
w003123	9495000	9499999	9497499.5	ML_trees/4495000-4500000.fa.contree	55		3bfcbd81694dcb74cd842fe6363fd3306e7e2c48bfd38331b83156d1de6f1962
w003126	9500000	9504999	9502499.5	ML_trees/4500000-4505000.fa.contree	55		e6ca1344d705a7c4e08bc1525c7db585caf289c81c43ec01b2ed2fd18453c195
w003127	9505000	9509999	9507499.5	ML_trees/4505000-4510000.fa.contree	55		fff72ad5a3a220c31b7a4c67a5958b93ea2cd02f1108c147b51857e423a00784
w003128	9510000	9514999	9512499.5	ML_trees/4510000-4515000.fa.contree	55		48d6f2abc8e66f8e5f0efe215240d0cbe37df427d12134b4bda5a50e09d57b0d
w003129	9515000	9519999	9517499.5	ML_trees/4515000-4520000.fa.contree	55		90ca8c1d3588b761a33b30341128ad91df6fab8582a4342e69fecb03806d583d
w003130	9520000	9524999	9522499.5	ML_trees/4520000-4525000.fa.contree	55		6d731e23f7b0c40b37b3d3b52285f035c4778e3f03098e0437fb1be8d9cfbb61
w003131	9525000	9529999	9527499.5	ML_trees/4525000-4530000.fa.contree	55		2da75210b6fc0f90f1757ba014d91dbd279101d010cce8bdddd7fa34e20c5ba0
w003132	9530000	9534999	9532499.5	ML_trees/4530000-4535000.fa.contree	55		59e9f50eeff7c4c35cc2a0e228da5751fa3355f2817f04edc94f3e4123dd1621
w003133	9535000	9539999	9537499.5	ML_trees/4535000-4540000.fa.contree	55		7b9027182ee69606e10040c3ce21b0901ad1743509c638b39878a8d5299d8e15
w003134	9540000	9544999	9542499.5	ML_trees/4540000-4545000.fa.contree	55		ae96f8e2aebb28b0c6eac48cc7646ba80d0f2b6b7516d320073c68e0665b4eb1
w003135	9545000	9549999	9547499.5	ML_trees/4545000-4550000.fa.contree	55		e1f3354130d65591e84491a446de3a8804bba6d00272082bca561d432cf84ae1
w003137	9565000	9569999	9567499.5	ML_trees/4565000-4570000.fa.contree	55		bcceaeb47f29ac973f9af59d4f85c049782a11af8c505520d745d385df43e529
w003138	9570000	9574999	9572499.5	ML_trees/4570000-4575000.fa.contree	55		8f3eb69b0edc41b640bb227de156cd123fcbb7a16db8622daed6474180a233b2
w003139	9575000	9579999	9577499.5	ML_trees/4575000-4580000.fa.contree	55		7b62c0c997f0aba3a635e95f3f85eb700f73572b3302f86c203e30bc505bb1b8
w003140	9580000	9584999	9582499.5	ML_trees/4580000-4585000.fa.contree	55		24f4f54aa2552c5a5ef5445da934a8cf15c113e9f4c06826b711adecd08ff3dc
w003141	9585000	9589999	9587499.5	ML_trees/4585000-4590000.fa.contree	55		a605d8b19e689619bfef7ec24d5f262bdd4628dda46e1df87771b41e78dc64be
w003142	9590000	9594999	9592499.5	ML_trees/4590000-4595000.fa.contree	55		d51315a8b7da0b8592272f5ae1aedd05319638e334eb00dd1dbdcadbe20fabe4
w003143	9595000	9599999	9597499.5	ML_trees/4595000-4600000.fa.contree	55		249dc1f5bfc3faaad6d5e7644d1f9db5ff59fe8df0a43fb4d8d8088c16922ac8
w003145	9600000	9604999	9602499.5	ML_trees/4600000-4605000.fa.contree	55		62274d9bbc54fa15537012f3e4a4e1b7e1ad434e2a54cce047966657b95c485e
w003146	9605000	9609999	9607499.5	ML_trees/4605000-4610000.fa.contree	55		9bbebb41653b9643061913693a0d81d457694551ecd3690b7725eab470683fe5
w003147	9610000	9614999	9612499.5	ML_trees/4610000-4615000.fa.contree	55		9e8d24377f1ada1aa273cd1951f44e87c9c73eac473fb6bea03c5470e824d84c
w003148	9615000	9619999	9617499.5	ML_trees/4615000-4620000.fa.contree	55		f68e7b44a713246dad1fdb3bdecb6a940f82af00b59b0c2362406e383a1416c0
w003149	9620000	9624999	9622499.5	ML_trees/4620000-4625000.fa.contree	55		f9a7588bf19792c9d7227b6018d26748a19fc5576ffc676a2bd558a068d052d9
w003150	9625000	9629999	9627499.5	ML_trees/4625000-4630000.fa.contree	55		835ca1453faee40c1bf2ad4b20a60860bd51f92aca1a4126e35a0434b6493df7
w003151	9630000	9634999	9632499.5	ML_trees/4630000-4635000.fa.contree	55		116621dd9c84b07ec4b03c4014b23317e48a032e76c325dd894f6b5a72135351
w003152	9635000	9639999	9637499.5	ML_trees/4635000-4640000.fa.contree	55		fc8e18ee377efd838bd3604ad16c0708a3f731697de83c10ca8e563711e9839a
w003153	9640000	9644999	9642499.5	ML_trees/4640000-4645000.fa.contree	55		3d49057bff34c689b6b638e3f0c3e68c48d05edfa3be9135c98668918385af15
w003154	9645000	9649999	9647499.5	ML_trees/4645000-4650000.fa.contree	55		8a712731a6e2f56dc7f8ba4d272296e21f8d0aaa9d40e7d4a917dad5817a4c34
w003156	9650000	9654999	9652499.5	ML_trees/4650000-4655000.fa.contree	55		3cd13337743681212c73230e1120f1cab6e72ec87d9e90ca8ac5d9e2648f5986
w003157	9655000	9659999	9657499.5	ML_trees/4655000-4660000.fa.contree	55		0b12d9f54f066d66e53e5944aab8e699ffe8ff60edb81fee55987cf804c61920
w003158	9660000	9664999	9662499.5	ML_trees/4660000-4665000.fa.contree	55		ffccfaca49d63026e60a7ca3c89cab2f5f084c5858c095136b8a71a9e7d3a783
w003159	9665000	9669999	9667499.5	ML_trees/4665000-4670000.fa.contree	55		7a3e06a2f77d0402eb0a6abf197f855a9fefe1e0d0eb9e58c56d45089318a5c2
w003160	9670000	9674999	9672499.5	ML_trees/4670000-4675000.fa.contree	55		963759c64f33be387726138025fcade5d811941759d17405434572930e02c4fd
w003161	9675000	9679999	9677499.5	ML_trees/4675000-4680000.fa.contree	55		7b1ee17214e60e0d1dce95c3c1bbb69af205fb3d6765853056eaae439ffabafa
w003162	9695000	9699999	9697499.5	ML_trees/4695000-4700000.fa.contree	55		6cf2d09052f0cd14a1e7e21c2c98d49f1eca172d3350b1d5e21ceb8cae2d2fe9
w003164	9700000	9704999	9702499.5	ML_trees/4700000-4705000.fa.contree	55		a4fc07031cac3ef2d97c4a7b3b6e54dd79886dce583084a43451522f2ea17c95
w003165	9705000	9709999	9707499.5	ML_trees/4705000-4710000.fa.contree	55		14c791096c52dd9bd3f848e12342c5a29d22fc934564553e84a2ac06905437f9
w003166	9710000	9714999	9712499.5	ML_trees/4710000-4715000.fa.contree	55		fd94501d63807d7acb91e9ebea0997974d08393420cf4ee58d71f42a08d372c3
w003167	9715000	9719999	9717499.5	ML_trees/4715000-4720000.fa.contree	55		2afcfbc4f001957472fe63c0006b27d7e4c46ffe670c35d97c4591b2be3169ab
w003168	9720000	9724999	9722499.5	ML_trees/4720000-4725000.fa.contree	55		3b3eabdc33b901dec76fd6c172ea5d9867a8f4c7a4a344e033bec4d936d57850
w003169	9725000	9729999	9727499.5	ML_trees/4725000-4730000.fa.contree	55		74f434ba80c8869c25997c9639c821cb63625274fe9176030e942c8562305b29
w003170	9730000	9734999	9732499.5	ML_trees/4730000-4735000.fa.contree	55		0665b029239b597aa2d0c8b8edbd50161ac38533fabc0ff8feec815d8da4f7ef
w003171	9735000	9739999	9737499.5	ML_trees/4735000-4740000.fa.contree	55		e137c3a1e7ba098cef2eb7c97088e6b6b080269446b58b3768a5071a626874ef
w003172	9740000	9744999	9742499.5	ML_trees/4740000-4745000.fa.contree	55		47415e22a7b9356e45f4f189049c2621d257287dcfe5ee703aa82bb46f7537e8
w003173	9745000	9749999	9747499.5	ML_trees/4745000-4750000.fa.contree	55		de85c1bc901dedb360faf6a8ed8c6f42c4b11d4bdf99d769ffc85ffba95e7668
w003175	9750000	9754999	9752499.5	ML_trees/4750000-4755000.fa.contree	55		53b90f59433745cb52bd8b9ad01c0d344c9063c090872b2dc534b2e926ae8749
w003176	9755000	9759999	9757499.5	ML_trees/4755000-4760000.fa.contree	55		de03f8f463a68bf4c1bd0762079610e7674491f74f7a5ef99c78b691144c2a6c
w003177	9760000	9764999	9762499.5	ML_trees/4760000-4765000.fa.contree	55		803dd026aa3bc8d21cf5a7f07024f9612bebf343bf1cf52d2de052245413cc68
w003178	9765000	9769999	9767499.5	ML_trees/4765000-4770000.fa.contree	55		1e392b70e65d5b36dbed3d2bca5431f59c6a08d1e22361fcd7aaf75505d3d4e9
w003179	9770000	9774999	9772499.5	ML_trees/4770000-4775000.fa.contree	55		5ca25d03b6da873738341c05fce16b6290416fb6a668cd74dbd6776452ad4b78
w003180	9775000	9779999	9777499.5	ML_trees/4775000-4780000.fa.contree	55		03f5dde6ea2b1db6f7c754f8d708429fd83488c85c3dc8274e20d27591c54d05
w003181	9785000	9789999	9787499.5	ML_trees/4785000-4790000.fa.contree	55		c511b3019b26f689864bcb5e03f442903b7914fde932ea6300be6ee02f38c7cd
w003182	9790000	9794999	9792499.5	ML_trees/4790000-4795000.fa.contree	55		6747656ed2a94050b8dea51d8daff16246440a3385bfe09daef4ce3e3c98b806
w003183	9795000	9799999	9797499.5	ML_trees/4795000-4800000.fa.contree	55		e5e77c1932608660950b6d447b7bf42d654786249c75e790bf505c8e95f18469
w003185	9810000	9814999	9812499.5	ML_trees/4810000-4815000.fa.contree	55		1fe3e3e5c48cb1f8e4a976d837326740e0505fcff608800b19ef7a555d600bea
w003186	9815000	9819999	9817499.5	ML_trees/4815000-4820000.fa.contree	55		ba2526772abeb51babbd10a40a3b12d1a0306aff48c60baf8d1ce2f1c055486f
w003187	9820000	9824999	9822499.5	ML_trees/4820000-4825000.fa.contree	55		1a3f0d7d01565a94cee39683b97f4a575ed151492e01977215e1645aca019526
w003188	9825000	9829999	9827499.5	ML_trees/4825000-4830000.fa.contree	55		7225be25ec5d7d578a8268f555142cc97c8aa6af8bb2943fc4b08d29f76a9c76
w003189	9830000	9834999	9832499.5	ML_trees/4830000-4835000.fa.contree	55		012b12a6c63c558ee1577de39a023e9741ff5b06d41cafc2dfd119e3713b1fed
w003190	9835000	9839999	9837499.5	ML_trees/4835000-4840000.fa.contree	55		c1c2e892565394e4f7246022f0b2434e3c14dc2180d55f7f341254b9fe6b09d2
w003191	9840000	9844999	9842499.5	ML_trees/4840000-4845000.fa.contree	55		fd8d4f2907206723e442ed36f4a23880130a70ab799087ff459a275d99250aec
w003192	9845000	9849999	9847499.5	ML_trees/4845000-4850000.fa.contree	55		6f68da13a57e6bffce8798b1e44c60f434ec5c352e4e334958772fd2ab324bbf
w003194	9850000	9854999	9852499.5	ML_trees/4850000-4855000.fa.contree	55		dd60ab175a8220c4de9d06af5353cbcfd659bb0bcf4de31db66ae36e365c475f
w003195	9855000	9859999	9857499.5	ML_trees/4855000-4860000.fa.contree	55		a016fc05ffea6f851abcc7737fa38693ba659ad61250fdc8d14a74e6bc3336b4
w003196	9860000	9864999	9862499.5	ML_trees/4860000-4865000.fa.contree	55		50d1e18d566124498b7326f8392c43bd96d3df0586ab60d8a251263f80e19286
w003197	9865000	9869999	9867499.5	ML_trees/4865000-4870000.fa.contree	55		44bb95847989d03a71a5367ee3f12aade22b1a0fa29689b3127fe13a9d50a4d2
w003198	9870000	9874999	9872499.5	ML_trees/4870000-4875000.fa.contree	55		a48ed0558c295ecc675a6a949181db2f49c6da12d6612138e12d70726a85b3b0
w003199	9875000	9879999	9877499.5	ML_trees/4875000-4880000.fa.contree	55		146214d57d214fe4b5f8801cc1aa8948491206f06588f489cfa0c516efc5d10d
w003200	9880000	9884999	9882499.5	ML_trees/4880000-4885000.fa.contree	55		aa4f18355e04997903deecb0d753b8b5eeb7083b4a369d467b77d064ea7d9991
w003201	9885000	9889999	9887499.5	ML_trees/4885000-4890000.fa.contree	55		5e46091d44cf938c493f61d2ff3faebe3e5dbb8718b81fa69c5bde293d5f0cb4
w003202	9890000	9894999	9892499.5	ML_trees/4890000-4895000.fa.contree	55		ccd75d28fa97cc585ae14078e195c420abed160848ca171aaabf42c48041cc65
w003203	9895000	9899999	9897499.5	ML_trees/4895000-4900000.fa.contree	55		0d5ec631b7b68dbf065ff6df0e6aa8fba2b4eafb361ac8f827813776c6f4b80b
w003205	9900000	9904999	9902499.5	ML_trees/4900000-4905000.fa.contree	55		a640b07709f02c4da6ecc032fa69a32e9288a65b61eef25555279bedae90009b
w003206	9905000	9909999	9907499.5	ML_trees/4905000-4910000.fa.contree	55		1e4c0506b8fe0a70ff2d4a3e9f1f9350c1341af8fc4c0144760b60a223aaab07
w003207	9910000	9914999	9912499.5	ML_trees/4910000-4915000.fa.contree	55		d4ec374d73996a4738112aba4d5f1c7f87249c70d14d8aad8b78eeb079a17296
w003208	9915000	9919999	9917499.5	ML_trees/4915000-4920000.fa.contree	55		6f239dc4f837f2a7c89ef4017d53a160110ab633376884878428d7aab55da164
w003209	9920000	9924999	9922499.5	ML_trees/4920000-4925000.fa.contree	55		0a67e052e11df60ae4d95a9f77e36299c13bd11a2cd2031cb7a08b1881eee458
w003210	9925000	9929999	9927499.5	ML_trees/4925000-4930000.fa.contree	55		9fc40d9b4bb07fc03e89ef455f7b497bb70e77bd3b1d15a797f28afdd769f2be
w003211	9930000	9934999	9932499.5	ML_trees/4930000-4935000.fa.contree	55		db6e57c7627365b4c9afb4ce662e6d2d286691866f01cc236fedc4b71a0ed123
w003212	9935000	9939999	9937499.5	ML_trees/4935000-4940000.fa.contree	55		6c306c50b56923221fab41405ab6c168307e4c7c01d63493ea681fbc05549a91
w003213	9940000	9944999	9942499.5	ML_trees/4940000-4945000.fa.contree	55		355eb56da12d2edd86563e3e1eb0f573db49983b05cccca8a2abf54d52be730c
w003214	9945000	9949999	9947499.5	ML_trees/4945000-4950000.fa.contree	55		79d27153320546ea888494341e338f5a3b20b6e59e7029905bbd879fec20da19
w003216	9950000	9954999	9952499.5	ML_trees/4950000-4955000.fa.contree	55		29e9fb883fd27fda58c82975a53633aa4f90aa0e2244349199e991c36a837b9d
w003217	9955000	9959999	9957499.5	ML_trees/4955000-4960000.fa.contree	55		eb132f22ffcca3d03451c1999bc9ea7eeeac3c8628ea3b5f46c0d47ddb1e4000
w003218	9960000	9964999	9962499.5	ML_trees/4960000-4965000.fa.contree	55		d93fd5cca4a589f2cd85db03b7cdbfa63df7f56046729b1198ae0d1367a6c44f
w003219	9965000	9969999	9967499.5	ML_trees/4965000-4970000.fa.contree	55		ec359704a91e198d275d2d0a2e3da730f541b068c9ef261adb2c1d5ed8e5594d
w003220	9970000	9974999	9972499.5	ML_trees/4970000-4975000.fa.contree	55		95a56832dc7d788853403e204e21eb7c81a43c8f0669320ad278608075ae4685
w003221	9975000	9979999	9977499.5	ML_trees/4975000-4980000.fa.contree	55		73111e7863fffe7eec01c0373acc8108fa43907e90ec6a3302a0b3164ac00dae
w003222	9980000	9984999	9982499.5	ML_trees/4980000-4985000.fa.contree	55		a54227042c40a5b503ae16924163a5d6415c45e1015f9a9eb56fc0618231f9ec
w003223	9985000	9989999	9987499.5	ML_trees/4985000-4990000.fa.contree	55		51d7554dc9647975a098ef046572ee595f46e51a1444b0ba0a6200bb032f6e54
w003224	9990000	9994999	9992499.5	ML_trees/4990000-4995000.fa.contree	55		a8acedd2518fd02446d4072370051dd9c9fab0fe3d604df52dc7aeb18a0cd940
w003225	9995000	9999999	9997499.5	ML_trees/4995000-5000000.fa.contree	55		7e0baa277a8a130942f7c684996ee2111d0769f523055441fce6f07374d7140a
w003229	10000000	10004999	10002499.5	ML_trees/5000000-5005000.fa.contree	55		6d737b442cb92673a4b8f7e2f1965bb10a291349416411094c6225974f26d9c8
w003230	10005000	10009999	10007499.5	ML_trees/5005000-5010000.fa.contree	55		15aaf1d890e88967e2535a8159ef665f2113283f79b9bd338670714dd8eeebeb
w003231	10010000	10014999	10012499.5	ML_trees/5010000-5015000.fa.contree	55		2c81994051b1a4ac8b6e8b0fe7063f029bdb346f211f5ce2cb0483031fb095ab
w003232	10015000	10019999	10017499.5	ML_trees/5015000-5020000.fa.contree	55		0051241c24ee1fa54bacb65846a024fdff9270589b7c075a32c20d877ec669f2
w003233	10020000	10024999	10022499.5	ML_trees/5020000-5025000.fa.contree	55		e7d89450ddf62f5d4deb534e75d220ea4517106603f456e476a6f89a9e44a43b
w003234	10025000	10029999	10027499.5	ML_trees/5025000-5030000.fa.contree	55		a9f3535349217c45775fc4fa19a4b4d74e005049bec2961e83761b00370c67b6
w003235	10030000	10034999	10032499.5	ML_trees/5030000-5035000.fa.contree	55		a780a6bca9d44730165709ded18c804a3cfd3bb4dd08caef8818e3de061d719b
w003236	10035000	10039999	10037499.5	ML_trees/5035000-5040000.fa.contree	55		82f22a0c7d733185582ef2efce964debd4c79a822eec0092fc04ad044e7a8cc8
w003237	10040000	10044999	10042499.5	ML_trees/5040000-5045000.fa.contree	55		b68a8dd3885d6a7e4412bf2ff801c04742d222cd5439b496996e6e07f9bbd009
w003238	10045000	10049999	10047499.5	ML_trees/5045000-5050000.fa.contree	55		e50834a6ac483f3ed7c483d7f5c8b7fff880ac3d7f3e53c8e61f22db989d0f60
w003240	10050000	10054999	10052499.5	ML_trees/5050000-5055000.fa.contree	55		955421baec2578b04c10375f9d0c803e73d5fb095835532b8128f0a26201e8e1
w003241	10055000	10059999	10057499.5	ML_trees/5055000-5060000.fa.contree	55		a9edde128a7fc28330d847d182fda08ddd12e3421fd7dcedebbe7b1d992fdf56
w003242	10060000	10064999	10062499.5	ML_trees/5060000-5065000.fa.contree	55		64d6a62047813ac5318bae761ca41f46f3a891231b8b05460064b5d9b627d7ff
w003243	10065000	10069999	10067499.5	ML_trees/5065000-5070000.fa.contree	55		e5c888f081a95d8903e0d3e46b3e60b2531b05486feed272f7310ce3844e606f
w003244	10070000	10074999	10072499.5	ML_trees/5070000-5075000.fa.contree	55		fabba3c94c8d67eabe12660cd065e090cbdfb1b8b9ddd7d3c8d118c2729a8d87
w003245	10075000	10079999	10077499.5	ML_trees/5075000-5080000.fa.contree	55		e5b4b6f34108aaa856a7539f1ce92b74fdc640f99240fc57dea78d83bcf29bf6
w003246	10080000	10084999	10082499.5	ML_trees/5080000-5085000.fa.contree	55		5f9a704d370002a70ff68927a1814529224248ed279dcca017d9420bef15d72d
w003247	10085000	10089999	10087499.5	ML_trees/5085000-5090000.fa.contree	55		99cbf0795fefef9ba0200145005377caca63d0385b8e651c35280b4fff647377
w003248	10090000	10094999	10092499.5	ML_trees/5090000-5095000.fa.contree	55		66ba0cdd247406111a7906ff5587628d928ee01543e1c041a4775930957d6821
w003249	10095000	10099999	10097499.5	ML_trees/5095000-5100000.fa.contree	55		cd2ea352554da44e8a4dbe302696e4434b5598502d014b92fb45d063712d0841
w003251	10100000	10104999	10102499.5	ML_trees/5100000-5105000.fa.contree	55		577bb53838651f65cee5dfd6106fe8bad77a3e08b304db0163a4bce4dc53db42
w003252	10105000	10109999	10107499.5	ML_trees/5105000-5110000.fa.contree	55		82d7505953b8780ae1c0282c9e57f64115564898c2d2d6cb1169cabd5cc9dfcd
w003253	10110000	10114999	10112499.5	ML_trees/5110000-5115000.fa.contree	55		38191b80704e32ca55bef4ab8dbabdb32200628280ecec50163ff98cf04380c8
w003254	10115000	10119999	10117499.5	ML_trees/5115000-5120000.fa.contree	55		9900bb8057b0417de8ea511c378d231cfaa1cecdda602c45744a47798c648483
w003255	10120000	10124999	10122499.5	ML_trees/5120000-5125000.fa.contree	55		1baa0adb364b8bb23865301d40e24a228793e7571fc5796442697a48ed1cf6aa
w003256	10125000	10129999	10127499.5	ML_trees/5125000-5130000.fa.contree	55		b9aac634897ca2ec3a87e46347e51f695c7c54dca30fbef970e5ed0763f47514
w003257	10130000	10134999	10132499.5	ML_trees/5130000-5135000.fa.contree	55		dae66d2885f235fc4855d67453ef5a4f68bbcb5bc0ee0f6e7b2d8d6e18c5c1cf
w003258	10135000	10139999	10137499.5	ML_trees/5135000-5140000.fa.contree	55		312519e2e960ec417862f98954146fd37b2c0a58665b414386ce3835f469e92d
w003259	10140000	10144999	10142499.5	ML_trees/5140000-5145000.fa.contree	55		9c02a3f20727e1a470341dd6b229abd73a7c357650b852e38e9a3806873e56a9
w003260	10145000	10149999	10147499.5	ML_trees/5145000-5150000.fa.contree	55		6308984a8e48e400d1c3f13a45ef973ddd134860e1ee40e5497964a60a6f7f1a
w003262	10150000	10154999	10152499.5	ML_trees/5150000-5155000.fa.contree	55		e88a7a90d18c340a66c147327491ddca1332b83d10bf1551239b4f9eeacf13ba
w003263	10155000	10159999	10157499.5	ML_trees/5155000-5160000.fa.contree	55		4788a4038173b6334e79d427987f57200f0e7adf55261fe0c3a46953635aac4e
w003264	10160000	10164999	10162499.5	ML_trees/5160000-5165000.fa.contree	55		264ec71a8fc24f1f623c65f5fb84c39e0b3c74bd57ab92aac95ee3eed396c8f8
w003265	10165000	10169999	10167499.5	ML_trees/5165000-5170000.fa.contree	55		9a04258d6d26aaa58cb16995c6d1a7446c92218ba9a042fac6e5d407301543a3
w003266	10170000	10174999	10172499.5	ML_trees/5170000-5175000.fa.contree	55		a3ba87e71b4485f36c192b927d57c1f89093f36256a931743aa1d750ddef4551
w003267	10175000	10179999	10177499.5	ML_trees/5175000-5180000.fa.contree	55		6ffdd90d48b4954130ac0838b7322f9b0f0789287123a6301a9f626d27c9ccb0
w003268	10180000	10184999	10182499.5	ML_trees/5180000-5185000.fa.contree	55		6cded97baeb5be048a4a517fd14402d1dab0ef98fda764f8703e633b834ba7f0
w003269	10185000	10189999	10187499.5	ML_trees/5185000-5190000.fa.contree	55		ee19ac38d2061b5351d247672f163286a1be1cbec576b3d55d6d1d9d7a20f91d
w003270	10190000	10194999	10192499.5	ML_trees/5190000-5195000.fa.contree	55		c7f090b83162c06405d64d3188d314cf605cb2ec38253c1cda41090cd4c6ceb7
w003271	10195000	10199999	10197499.5	ML_trees/5195000-5200000.fa.contree	55		dce615ce10f9e7a8b3eb449205c2155d0de5d66e5e7e07c366b62d768d3b16df
w003273	10200000	10204999	10202499.5	ML_trees/5200000-5205000.fa.contree	55		9d5456a27fb8ea58a67ec9fc16993c9efccc5a9405b054dea332f1fdad8d08cf
w003274	10205000	10209999	10207499.5	ML_trees/5205000-5210000.fa.contree	55		af209c1f10879046c7738f3253d6e7a436e3ed3f36f8accd9755868dcc2f8a50
w003275	10210000	10214999	10212499.5	ML_trees/5210000-5215000.fa.contree	55		c82804004caf52724394da248abc8f253fe7bc2a359f57b2797168a4af1b8948
w003276	10215000	10219999	10217499.5	ML_trees/5215000-5220000.fa.contree	55		a70ad31bda4035fd8524ce13f27470708302699a407d889a360cf5c0958de666
w003277	10220000	10224999	10222499.5	ML_trees/5220000-5225000.fa.contree	55		2dcd0626a6ee14693fb01f575359d1440f09499de5bd72b264be354748924194
w003278	10225000	10229999	10227499.5	ML_trees/5225000-5230000.fa.contree	55		bf7cfd7a50dc9a32d9fcee18efa9b168ef7b6992c83c74210df3f5c453ba4194
w003279	10230000	10234999	10232499.5	ML_trees/5230000-5235000.fa.contree	55		6f1f4f1ef38328f9a1b673d45cc3e60da645ed361f6d7a97bc912deda996ba65
w003280	10235000	10239999	10237499.5	ML_trees/5235000-5240000.fa.contree	55		cfe77e15d0079a22a706f5fc9cc4e5ba0ef0cfd6096b0843d99104b3b7df3c99
w003281	10240000	10244999	10242499.5	ML_trees/5240000-5245000.fa.contree	55		b5e576207765aa1a52c2cfcb9cae53f3724270d8eacfa6d99baeb2df07638229
w003282	10245000	10249999	10247499.5	ML_trees/5245000-5250000.fa.contree	55		c6173b3406a0c9e4cba50fd8722c4bdf1c3788fab07ea9f7acc8abda650edf58
w003284	10250000	10254999	10252499.5	ML_trees/5250000-5255000.fa.contree	55		a69004a225920134d2c3bcad4146700466486fd2c1e99aaec20cd5d396c2f91c
w003285	10265000	10269999	10267499.5	ML_trees/5265000-5270000.fa.contree	55		a2814bfa508e450e0dbb6dd2be910bf75479a8fa90df93443f0642e4f246e61b
w003286	10270000	10274999	10272499.5	ML_trees/5270000-5275000.fa.contree	55		aef9811efcb3dc26b00de5c5b5b46cfc3458e7f0058dc119bd60551a23b0bb60
w003287	10275000	10279999	10277499.5	ML_trees/5275000-5280000.fa.contree	55		69eb2d514c5539991eee5f922a402748c0c2064c8eff569d2fc273ae675e13b6
w003288	10280000	10284999	10282499.5	ML_trees/5280000-5285000.fa.contree	55		8bcdc700a61f909f0f6017d53460349eddeb27738bf8e3afb653f1cf0d5a11cf
w003289	10285000	10289999	10287499.5	ML_trees/5285000-5290000.fa.contree	55		bb8f64a8b2cfc265e0f0e0e6eaabb73fe89d59b1277c47daf7bcb674997b3227
w003290	10290000	10294999	10292499.5	ML_trees/5290000-5295000.fa.contree	55		d3ae33feb3ec6707ffa6545a449604c831bc6ca227167e725f275a65fcf96755
w003291	10295000	10299999	10297499.5	ML_trees/5295000-5300000.fa.contree	55		98968066bec3e98cd639d6cbc185f52f687b31dc843c54956bfe934afde3fda7
w003293	10300000	10304999	10302499.5	ML_trees/5300000-5305000.fa.contree	55		dcd3b88f3f0cc4c8c0f82e4e3d883c5df3fed2ff44521b7f6ff5f5b8ccbbd2fd
w003294	10305000	10309999	10307499.5	ML_trees/5305000-5310000.fa.contree	55		37fc55f44be5d2169e356c441f67c46c94870887f7d946de2009b5b4f136e2f6
w003295	10310000	10314999	10312499.5	ML_trees/5310000-5315000.fa.contree	55		acf978aa3a8518daf87631f11aa2ff55cf16182ff71ce07013fcf122228f6096
w003296	10315000	10319999	10317499.5	ML_trees/5315000-5320000.fa.contree	55		4f2b1e74648039f7af4a16ae8db2d91319b8eb2b61749d223bbd68c5f21e836d
w003297	10320000	10324999	10322499.5	ML_trees/5320000-5325000.fa.contree	55		391da1e0d8b49fedcc1226fb14b017ea6ed6f9d4a07c51af3b32a2f9b34bd2f0
w003298	10325000	10329999	10327499.5	ML_trees/5325000-5330000.fa.contree	55		623b7e0671037b0cf0010258ae77896d68ac92f38ce420e0fd34b2a88285d38b
w003299	10330000	10334999	10332499.5	ML_trees/5330000-5335000.fa.contree	55		5308d5c9b60b18a0d1120ebd108c0f1912a1446357042907943752df211224f2
w003300	10335000	10339999	10337499.5	ML_trees/5335000-5340000.fa.contree	55		eed39f1ca821564038b7e6e4360b8415601a36821f1c83a8ee3b3844ae7802f8
w003301	10340000	10344999	10342499.5	ML_trees/5340000-5345000.fa.contree	55		c2770574afed39771ea1e50ff44ea8326496a758b420c05582b5b4c48c2b4de7
w003302	10345000	10349999	10347499.5	ML_trees/5345000-5350000.fa.contree	55		1a94be4e98f8c4213f1327c35d289a98ee5c873b9110f96171ac6cd57026677a
w003304	10350000	10354999	10352499.5	ML_trees/5350000-5355000.fa.contree	55		3647662f45dd7d395c9a398389609352abad96e85e34f89ab7f52641eca89fbc
w003305	10355000	10359999	10357499.5	ML_trees/5355000-5360000.fa.contree	55		e50f0020182a7c3c3fac303ea2b80296a3a6d1a7b227f4161ee61267289c3e5e
w003306	10360000	10364999	10362499.5	ML_trees/5360000-5365000.fa.contree	55		888b0a6f30f30ade21a98af54086fe05d5cfecf1a18d4cf1d896db16da494074
w003307	10365000	10369999	10367499.5	ML_trees/5365000-5370000.fa.contree	55		7b0fb66c35a44fbe442b5eadf2ce387eb8b54fd971ef3485b401d23671e0989e
w003308	10370000	10374999	10372499.5	ML_trees/5370000-5375000.fa.contree	55		d4ee2f9c686f5be85bf1a77c686fdf7143afe5e9fdcaf43bfedf2989b6345518
w003309	10375000	10379999	10377499.5	ML_trees/5375000-5380000.fa.contree	55		68238eac1d16d0f9faabeed007dc15cbe6a9199c6ed0b20f90b43e470168c53f
w003310	10380000	10384999	10382499.5	ML_trees/5380000-5385000.fa.contree	55		f3c53f59abdd064778d74a43316e888cb164844553cda347dfd8012d43e8bbbc
w003311	10385000	10389999	10387499.5	ML_trees/5385000-5390000.fa.contree	55		14e5bc7ab24cceb2da4e79af454b1f3172c42ada856ccfe3985425aede74c2fb
w003312	10390000	10394999	10392499.5	ML_trees/5390000-5395000.fa.contree	55		94667929ab379d5eebd05b2f6410165a7f22ff41d4c09a1bd5a197a679de2b31
w003313	10395000	10399999	10397499.5	ML_trees/5395000-5400000.fa.contree	55		9f10b2a1b19cb3d1236400696ed7f5147d0215fd6e317ae41054f7c1720c1a8f
w003315	10400000	10404999	10402499.5	ML_trees/5400000-5405000.fa.contree	55		18c5a18584d81b7e4aff5fa7141ed8d5063d86bb67640f4aceb057406e9f9428
w003316	10405000	10409999	10407499.5	ML_trees/5405000-5410000.fa.contree	55		d3d5a3d3699abcb8bceca6fa289a87fd6c9ad4ae2acc7b5801d7e0401d1b38f8
w003317	10410000	10414999	10412499.5	ML_trees/5410000-5415000.fa.contree	55		e1d62f20a251fcf533cd62e32238871a4a5ae4e32918a8bcac11427ff6d1c381
w003318	10415000	10419999	10417499.5	ML_trees/5415000-5420000.fa.contree	55		46e926beec8ba20c607545e685cda1ed2e30f5ce79572841439e64721f8e06e0
w003319	10420000	10424999	10422499.5	ML_trees/5420000-5425000.fa.contree	55		f634992ef568127dbe5dbfb180a479e667700fe514e85e12641d9235a87ec71f
w003320	10425000	10429999	10427499.5	ML_trees/5425000-5430000.fa.contree	55		5bd3fc26632a48762a41e6d929e8a05659dc1b1a5f51205b971f37227e715f36
w003321	10430000	10434999	10432499.5	ML_trees/5430000-5435000.fa.contree	55		69618d219c130da7e69a8512af30cc3fb8c841dbca212bdab6a9ba88ab6ab1cb
w003322	10435000	10439999	10437499.5	ML_trees/5435000-5440000.fa.contree	55		3fcc5e1156f723ed7d41b39c3d771f8627d9b639e2ab307a435b8da8485205fc
w003323	10440000	10444999	10442499.5	ML_trees/5440000-5445000.fa.contree	55		0ff8d8b6c94dff7d7e1f4053291c2263f9e8a70170cd4b2e72fd77658d5ef442
w003324	10445000	10449999	10447499.5	ML_trees/5445000-5450000.fa.contree	55		8817c3f6236bfdc3fe1314fe66ef448b79aea5b10ec29b0764fcc1082a91e879
w003326	10450000	10454999	10452499.5	ML_trees/5450000-5455000.fa.contree	55		499c81db165d757043fd46cb4746ab69beb6fd354dc71fd3a596432476ba6e0a
w003327	10455000	10459999	10457499.5	ML_trees/5455000-5460000.fa.contree	55		fc7fcfb584d252cc581fb7a513c8d142a01cea0268dfe18e1ed17f18bbb4c10f
w003328	10460000	10464999	10462499.5	ML_trees/5460000-5465000.fa.contree	55		ed6c0ffb545f21e99d05e25f335ff3908f1d5fff7f3c1f616d3b407e1b548f30
w003329	10465000	10469999	10467499.5	ML_trees/5465000-5470000.fa.contree	55		54de35391f3b6792ca9e295279972503840fb9de4201a93ef6e28b37b50071b4
w003330	10470000	10474999	10472499.5	ML_trees/5470000-5475000.fa.contree	55		40b279d3921b847a34d3826500252d49094e644e776a5a901f79d6c2186cce5d
w003331	10475000	10479999	10477499.5	ML_trees/5475000-5480000.fa.contree	55		18887c3064f2f34ef4ea594e8b43ff131889a24b9c774de396eecaf45b56cc05
w003332	10480000	10484999	10482499.5	ML_trees/5480000-5485000.fa.contree	55		1aac0dca0d77b579bd2805370eb206c21c26644cc4e33b86a17a0edc6c183fb3
w003333	10485000	10489999	10487499.5	ML_trees/5485000-5490000.fa.contree	55		db1066f6de7afc2b0e33093161a3152126186f027564cff40077e1af3b70a690
w003334	10490000	10494999	10492499.5	ML_trees/5490000-5495000.fa.contree	55		3a2de659ddbef5fd9dd6d398b1dd9ef3e64ebdb7cbf87b94c738a0e9376dddf1
w003335	10495000	10499999	10497499.5	ML_trees/5495000-5500000.fa.contree	55		b1a0189ce91ef62c88c22eb44d7d2354fe34dd035bec1b4e3369bfd6b48850af
w003338	10500000	10504999	10502499.5	ML_trees/5500000-5505000.fa.contree	55		3123791cd03337ef48e166f31367185deba9674b4936139b352624df646452f2
w003339	10505000	10509999	10507499.5	ML_trees/5505000-5510000.fa.contree	55		e216650c39341b32d863ef068f08c76a59bffe78f197ee0574b5cb7f85b4ca5c
w003340	10515000	10519999	10517499.5	ML_trees/5515000-5520000.fa.contree	55		bbc1c0f3e2605d5dd20b72b4dd4dc6fb546d30eb3534088369fc91808105d593
w003341	10520000	10524999	10522499.5	ML_trees/5520000-5525000.fa.contree	55		de785a666dee5620988ef8ca194741e1603667fb38dba55a00ca3d46f933141d
w003342	10525000	10529999	10527499.5	ML_trees/5525000-5530000.fa.contree	55		3cbdf0fcca53978c800e261423cc46eebd7bd028c4e21cb74def42775d98b5c5
w003343	10530000	10534999	10532499.5	ML_trees/5530000-5535000.fa.contree	55		0a7bce12220dec17cff41db71c322af10c39974d50d7278c9ca822a5ff5f579f
w003344	10535000	10539999	10537499.5	ML_trees/5535000-5540000.fa.contree	55		9d1a474d196837ee83bee87ba0599b5014f87504bf4f458cf2537c37d7a7e1f6
w003345	10540000	10544999	10542499.5	ML_trees/5540000-5545000.fa.contree	55		be68ccccaa6f6b86d56080abc42f3dcd283c9e7e98607721da7cdc10e51c1b3b
w003346	10545000	10549999	10547499.5	ML_trees/5545000-5550000.fa.contree	55		b8f832f6b51178d7118f5a3c02824efe81f4c34e3f8fec5f7bf7a3b2472ac235
w003348	10550000	10554999	10552499.5	ML_trees/5550000-5555000.fa.contree	55		59b513e2a72365c6b76f75b002a05526e29338086feeb8397fddd3ff322fea05
w003349	10555000	10559999	10557499.5	ML_trees/5555000-5560000.fa.contree	55		1f4587485fd818afffb36ee88d8c9aeef4b851cc0e8c975a2e6c76ab23989ac6
w003350	10560000	10564999	10562499.5	ML_trees/5560000-5565000.fa.contree	55		7bcdcee9aceede03f60d167bdefe9f2b1c17c822053c6c0c952e1d61028abaf9
w003351	10565000	10569999	10567499.5	ML_trees/5565000-5570000.fa.contree	55		fe9103da101c2c760cb7e8c3b9bde13aaec6191a1f70b0d2109d16c126414461
w003352	10570000	10574999	10572499.5	ML_trees/5570000-5575000.fa.contree	55		41597894b89f0c0470cbc6658186b34d424828a2b53b011ebb9e6a7c29f3d6e8
w003353	10575000	10579999	10577499.5	ML_trees/5575000-5580000.fa.contree	55		1a5f6468755f27bae4bf170cf826aa7a2c723a346f3549dc7d0a0aecd557754d
w003354	10580000	10584999	10582499.5	ML_trees/5580000-5585000.fa.contree	55		43444cadbe47ae17971515fcac886cbb5955f5c9a1abc288889ab104da147a68
w003355	10585000	10589999	10587499.5	ML_trees/5585000-5590000.fa.contree	55		ab15a8e41dfad603979486d6a680ba040873c3a8a3b96f7e227816fe8bb9e4e9
w003356	10590000	10594999	10592499.5	ML_trees/5590000-5595000.fa.contree	55		722ee80b486d1f42e099493e9d76029f3250f7e442cf5aa601225e7a95d3a4ca
w003357	10595000	10599999	10597499.5	ML_trees/5595000-5600000.fa.contree	55		c7f79d893fb71f236dd2e4b3ce59a18737251c7851a3d829fa8caeb23166e7c2
w003359	10600000	10604999	10602499.5	ML_trees/5600000-5605000.fa.contree	55		f852d238879a755cad6b47c5979f05cfa17812273a15afad29c536093eb86919
w003360	10605000	10609999	10607499.5	ML_trees/5605000-5610000.fa.contree	55		9149e67ccea1b3ed7243ea86429c3ec49f892991907bdd97a2d335976cd159c5
w003361	10610000	10614999	10612499.5	ML_trees/5610000-5615000.fa.contree	55		a95b359a1af13fd7461c098a6eb20776338ffd39c2d685fb7737bb7876660ea6
w003362	10615000	10619999	10617499.5	ML_trees/5615000-5620000.fa.contree	55		937bdbc739ae64d4ccb93d33127d1d9fd3c9faba0ee33e0ad3fa932bf9826789
w003363	10620000	10624999	10622499.5	ML_trees/5620000-5625000.fa.contree	55		76984b1c85ed13c717784f33d73ddd0ff359a4ec70e896478865381129d05ece
w003364	10625000	10629999	10627499.5	ML_trees/5625000-5630000.fa.contree	55		bf0238d3ac246ada18a05f2f173c683b05d719c3ef6381ed18236a43a23aa82e
w003365	10630000	10634999	10632499.5	ML_trees/5630000-5635000.fa.contree	55		56f405d8d77758ec328df548dcf35d3a54843e61dad139344993fc5f15d000cd
w003366	10635000	10639999	10637499.5	ML_trees/5635000-5640000.fa.contree	55		83d7e2cf2f5a30c771c9316723c84569d78de798326c257536dd13bca47b69d6
w003367	10640000	10644999	10642499.5	ML_trees/5640000-5645000.fa.contree	55		789e81f98bdd90901f5eded55904dc565d7375188ed8692bb67f55b783ea198c
w003368	10645000	10649999	10647499.5	ML_trees/5645000-5650000.fa.contree	55		99334fc540716e27953369f5a9ea75826e248b965d5cee5fab7482790e2d262c
w003370	10650000	10654999	10652499.5	ML_trees/5650000-5655000.fa.contree	55		e125f09cf4ba75c9add086d06df432954c881f3a34a1e0df7b0c5653f378199d
w003371	10655000	10659999	10657499.5	ML_trees/5655000-5660000.fa.contree	55		a6f65400c060b591995c878759fe9e0dbbb7c8ddff034e43ef4f9449886f68db
w003372	10660000	10664999	10662499.5	ML_trees/5660000-5665000.fa.contree	55		a29c78a4c4752efa45d4d86ea593bcb5189d9cf0698186d6ecf77d3049270920
w003373	10665000	10669999	10667499.5	ML_trees/5665000-5670000.fa.contree	55		05a076a4c4a7c55007aef53e275d958edd17b36f23a5dee024f8deb030ec8de3
w003374	10670000	10674999	10672499.5	ML_trees/5670000-5675000.fa.contree	55		c1feca40be72dcd34ff7a2c14c9dca6fd8d23a3564cf64e8632550ce2d6dcbbc
w003375	10675000	10679999	10677499.5	ML_trees/5675000-5680000.fa.contree	55		a0c4fc15a0f1c86d450b38155778822f698c8039b14c0b8407050bb47796c87d
w003376	10680000	10684999	10682499.5	ML_trees/5680000-5685000.fa.contree	55		9aaa130c4305e7a6e7dd2fa221ddde5fb8b608db2389ce6141d19d588046a951
w003377	10685000	10689999	10687499.5	ML_trees/5685000-5690000.fa.contree	55		7c18ab9cb26a6926eaf0212634f461cdf7358cde7391d593c890ba3a0c6671c7
w003378	10690000	10694999	10692499.5	ML_trees/5690000-5695000.fa.contree	55		00c8e10a459683b482da434bd7b18c19e756e4931c4fa194a03cd6476696ec98
w003379	10695000	10699999	10697499.5	ML_trees/5695000-5700000.fa.contree	55		a2a1b746dfef67f9009c69453f83f2e1fdc48e6dcafb83cf8f66423eafc8731a
w003381	10700000	10704999	10702499.5	ML_trees/5700000-5705000.fa.contree	55		5a8b8287ea7949842f68edbfecd07ffa53ef5f217b2dedc3e68080e681d6fd99
w003382	10705000	10709999	10707499.5	ML_trees/5705000-5710000.fa.contree	55		0a49a14a732506f610d16b7a3c898d5bb9b85e825e462dcde37d1b578c473a3b
w003383	10710000	10714999	10712499.5	ML_trees/5710000-5715000.fa.contree	55		c4c136c6342e2e40ff44115b4ee5127ccabfadb8f808eeeebbdb8ae099abb2d1
w003384	10715000	10719999	10717499.5	ML_trees/5715000-5720000.fa.contree	55		680bd10437a50e7bc10e490aa03ba1e058eafb85f966b5b98111df1ed1a1c509
w003385	10720000	10724999	10722499.5	ML_trees/5720000-5725000.fa.contree	55		4fd81a1bdf34d80b3404afcfcf8f5eb9f43793d7532abd46b7a2bcfdb0ff8caf
w003386	10725000	10729999	10727499.5	ML_trees/5725000-5730000.fa.contree	55		cee2603fb5dedf1579aaf95ea569d48ced30c7af39920e0d3852323e20d8e4e0
w003387	10730000	10734999	10732499.5	ML_trees/5730000-5735000.fa.contree	55		a1507b5bc6018b4e8320ed5b4410495d9cd43585065ffcdf04a45b35ca27e70d
w003388	10735000	10739999	10737499.5	ML_trees/5735000-5740000.fa.contree	55		c738baed6c191f75b263f31bb4335ee3d43e81beec7be32935c7ba1dff1bd34e
w003389	10740000	10744999	10742499.5	ML_trees/5740000-5745000.fa.contree	55		f7bf4957a9280f175be40560105b4e7d6bfa73a9fdd95348046c82f42e730d46
w003390	10745000	10749999	10747499.5	ML_trees/5745000-5750000.fa.contree	55		aba8563d1e7477e26c4fc6f76f863aca7b832d3d29ef26fae7a0b298a8895c02
w003392	10750000	10754999	10752499.5	ML_trees/5750000-5755000.fa.contree	55		578bee39cd12026719a63baea90c7c2b0136778f37bb9eb50da8857088d53830
w003393	10755000	10759999	10757499.5	ML_trees/5755000-5760000.fa.contree	55		65d3efe490a176e70a21ffa6ff94d357b775de5ec6c0fd5f954ff655ed9c3efc
w003394	10760000	10764999	10762499.5	ML_trees/5760000-5765000.fa.contree	55		c432b29e450e06c12442d9ed64da7ae66699c81c15f4e317c0d261883509d587
w003395	10765000	10769999	10767499.5	ML_trees/5765000-5770000.fa.contree	55		0c41f8eecaef48822b974581a2169ca6b48ecdb1f25575b5d5d22015ed7217d0
w003396	10770000	10774999	10772499.5	ML_trees/5770000-5775000.fa.contree	55		c44e6b053a75a498a37b939d7a4828f566bb6da6fc72358e5b3c35d9ac4afd3d
w003397	10775000	10779999	10777499.5	ML_trees/5775000-5780000.fa.contree	55		ee05b479a47362a99557b472cbc5a04f72d56d05bee010a0e8e331e479b24751
w003398	10780000	10784999	10782499.5	ML_trees/5780000-5785000.fa.contree	55		1255d6e60ca3586080fb7300e3de6cb8d6bc3f6681e82a399c485030af69c66e
w003399	10785000	10789999	10787499.5	ML_trees/5785000-5790000.fa.contree	55		1eeb71a416bf7e26c9861b9dda8bda947071bac8dd6c73eac3e1a388ea3e9930
w003400	10790000	10794999	10792499.5	ML_trees/5790000-5795000.fa.contree	55		4f300ca16c1274a961e97ea1000bc84c33a33529ab9e7f0616b3cac8493417e3
w003401	10795000	10799999	10797499.5	ML_trees/5795000-5800000.fa.contree	55		2195cf3cd4651f2fde0b8202d1dfced0eefa45f1f5826234a1bb75bd35ca93d1
w003403	10800000	10804999	10802499.5	ML_trees/5800000-5805000.fa.contree	55		cfae3ca09783a8674a0ba29d9d30dc5bac73198c3bbcec92ec6a0715e79d6287
w003404	10805000	10809999	10807499.5	ML_trees/5805000-5810000.fa.contree	55		613612a985509fc5eb76b10851a2e307bd05c3529a76039b259df7684522c3bd
w003405	10810000	10814999	10812499.5	ML_trees/5810000-5815000.fa.contree	55		608f7ff8b72e812ccc6d7ea1a2ff495fdf0a9be40372789376932ad59500f6a6
w003406	10815000	10819999	10817499.5	ML_trees/5815000-5820000.fa.contree	55		17cae08d83b757c35bc381b78283481e667ba630619c7746dd48db1db5433f4b
w003407	10820000	10824999	10822499.5	ML_trees/5820000-5825000.fa.contree	55		ab9b944db35b2f4c044ac2c723b1cbd81cc45ca38d012d91c8982aafdc3c5cef
w003408	10825000	10829999	10827499.5	ML_trees/5825000-5830000.fa.contree	55		18901770999cebf610c5dc797f141b0235f515e3b4aef7dca64fec29eef2161c
w003409	10830000	10834999	10832499.5	ML_trees/5830000-5835000.fa.contree	55		42993d76ac8825a1b9f4839f724afda4014f3fedba61a37e616eb7e290643cd7
w003410	10835000	10839999	10837499.5	ML_trees/5835000-5840000.fa.contree	55		ece30c499315c5ead70408c35864da784fdd58bc12c7a5a4ce9ba5ce950c532d
w003411	10840000	10844999	10842499.5	ML_trees/5840000-5845000.fa.contree	55		282199ed000b1d14938d56769ed59255cbb2576c6070a35311c896c298872e24
w003412	10845000	10849999	10847499.5	ML_trees/5845000-5850000.fa.contree	55		bfb0e8e947479b600891f2afa5f9a01024e4a06dec9ac6f1b67718e44a325eaa
w003414	10850000	10854999	10852499.5	ML_trees/5850000-5855000.fa.contree	55		d5c4b3a899a4f441dccd94021df07858f557d24318a9152b77bf65f19c9b8bce
w003415	10855000	10859999	10857499.5	ML_trees/5855000-5860000.fa.contree	55		430ae920c229b7bbe003c362912604eb5c5f17f445460f4821b2b18cfe2bed54
w003416	10860000	10864999	10862499.5	ML_trees/5860000-5865000.fa.contree	55		c9f4d4320ee226b2f70fb06c698cb30f559b90163d122b75853aad692cd2f171
w003417	10865000	10869999	10867499.5	ML_trees/5865000-5870000.fa.contree	55		3bceb51f06b1e9bb7be0dcbc48391f02408f3449b6a6cfed9ce8465b20038238
w003418	10870000	10874999	10872499.5	ML_trees/5870000-5875000.fa.contree	55		1b20888d7f18d572a2a4cf5791bfd6f397e93acab6354f8f02269bae54044ccf
w003419	10875000	10879999	10877499.5	ML_trees/5875000-5880000.fa.contree	55		b2d3bf1b02e6633eaba4cb42bd80b81ac6e443ba80a129fbc1d01eb0352cde5f
w003420	10880000	10884999	10882499.5	ML_trees/5880000-5885000.fa.contree	55		86a624b99b88f12b0c4a44ea9388910733d75775881aa76daf2a220eaec53604
w003421	10885000	10889999	10887499.5	ML_trees/5885000-5890000.fa.contree	55		01f3ad28b78364e77f9f9b33a85838d3e6716e635720f2ce2695c9d383711221
w003422	10890000	10894999	10892499.5	ML_trees/5890000-5895000.fa.contree	55		a8c17835b70f432a65f71948f4bf2110a0b50661250d50bf6c6789e2d789b3ba
w003423	10895000	10899999	10897499.5	ML_trees/5895000-5900000.fa.contree	55		c2474e0dfad2b218195ba1950b9c7c337000b5761b93806108afec6229f41762
w003425	10900000	10904999	10902499.5	ML_trees/5900000-5905000.fa.contree	55		336f16baf2a7645cc9436a697b09d30b7b8d468167ad498a09dd40f410e20ed5
w003426	10905000	10909999	10907499.5	ML_trees/5905000-5910000.fa.contree	55		2827b50fe0a14347c553070fa798c637fec8d715de7f85055dc6ac23d19a4431
w003427	10910000	10914999	10912499.5	ML_trees/5910000-5915000.fa.contree	55		8e35b2856de5a23687d83caa9e367c8c275accdf3f255fefebe4f2f1919d8b76
w003428	10915000	10919999	10917499.5	ML_trees/5915000-5920000.fa.contree	55		33f0c41b7d6c29c56213d5547faf47c4917363be8339e971b2191e9c926d2241
w003429	10920000	10924999	10922499.5	ML_trees/5920000-5925000.fa.contree	55		d490b735930627d2e4d4a8b153f8ad2bf71966a331b2a937756f991e5238f1d0
w003430	10925000	10929999	10927499.5	ML_trees/5925000-5930000.fa.contree	55		648332b9ba77f1b31040bb12de8c5eee5dcd6878a9cd28a4b46755dcbbe01933
w003431	10930000	10934999	10932499.5	ML_trees/5930000-5935000.fa.contree	55		0e108ef6b00c09c2ca90ac9eddfd69f76c61d388b9d8fbf6fc8c0f117be8b8a8
w003432	10935000	10939999	10937499.5	ML_trees/5935000-5940000.fa.contree	55		72b8456f61851e147b8a0ed65b03f3a56ebdfc7f44f7c2f56fa3597c7646fe72
w003433	10940000	10944999	10942499.5	ML_trees/5940000-5945000.fa.contree	55		57dd242e437f1ac81de8daf1771c00a961e3bb0efd0a428eb9b6d5c84345d471
w003434	10945000	10949999	10947499.5	ML_trees/5945000-5950000.fa.contree	55		07d347330ae8b68ecd89f52f0b585dd943298f5b9f6226adcd2022137a22f527
w003436	10960000	10964999	10962499.5	ML_trees/5960000-5965000.fa.contree	55		09db6c91fa01c0d34fe3f97f15d46a6835e66777c25ed8e953766b511f165d1c
w003437	10965000	10969999	10967499.5	ML_trees/5965000-5970000.fa.contree	55		f3f4a0d42cd7d1f3f556c8c29fef89fb7caed9d3a4c5b5ad72d14a21ecf50509
w003438	10995000	10999999	10997499.5	ML_trees/5995000-6000000.fa.contree	55		9b4278bcd557271ddc10546d8bd22b0e08002835268f28376b380b9f281834a4
w003441	11000000	11004999	11002499.5	ML_trees/6000000-6005000.fa.contree	55		57e0b8e0f2e25f8125887d6cbd4c5ba61f0fe97111114f9b7902d69610053026
w003442	11005000	11009999	11007499.5	ML_trees/6005000-6010000.fa.contree	55		9e2ad5e4fc9fdcf813f7cfbc1f867dc5bba1231f1a3094b124c8d731f4161865
w003443	11010000	11014999	11012499.5	ML_trees/6010000-6015000.fa.contree	55		9f4b93947a7b84482a1199b2de7d4fc7f92eaca7bf792fbb0d824b302f4b30f0
w003444	11015000	11019999	11017499.5	ML_trees/6015000-6020000.fa.contree	55		d3696019ae5f26bd0a6d3465c2330c827bd9834e326c608c47493d41089c198b
w003445	11020000	11024999	11022499.5	ML_trees/6020000-6025000.fa.contree	55		fb4da65e3d3fb0aa485798a614c04b71a67677c1642e18341dd4912eeef30f4c
w003446	11025000	11029999	11027499.5	ML_trees/6025000-6030000.fa.contree	55		80b429a356f7a469e816c5816189a410dec7bbd377f662a0502d47dd6676bacc
w003447	11030000	11034999	11032499.5	ML_trees/6030000-6035000.fa.contree	55		66810f7b2f0533e4a0ccf55863643515f96530cd355fd4e11fb2391e3ffe3ec2
w003448	11035000	11039999	11037499.5	ML_trees/6035000-6040000.fa.contree	55		1e393af58105f56eb5327f6d0da39b1bff49911cd233efc28e452c0efd4e4dc6
w003449	11040000	11044999	11042499.5	ML_trees/6040000-6045000.fa.contree	55		6ef3ff54c13b4d6dc79ae9afe83de8717ca429ab93ba6d8f086e7c2313af30cc
w003451	11055000	11059999	11057499.5	ML_trees/6055000-6060000.fa.contree	55		518de4e92ed84a51df4caa8dc1fcc145f3c9c62f4d55d8f205ba3f638492aba7
w003452	11060000	11064999	11062499.5	ML_trees/6060000-6065000.fa.contree	55		4a76759021a9fcd3a4100339d003b5f0143312c682630aad0c484023e1801d32
w003453	11065000	11069999	11067499.5	ML_trees/6065000-6070000.fa.contree	55		acf300a7138dcbeb749109415457c074befd941af06acb171b40a14abbc59487
w003454	11070000	11074999	11072499.5	ML_trees/6070000-6075000.fa.contree	55		49443a08ea63cc76e4301aca667a19833b5c928a7d9bf38798be53a05f4352ce
w003455	11075000	11079999	11077499.5	ML_trees/6075000-6080000.fa.contree	55		ae0b3089e4d5ee15e854ca14069a8fec20e758cc6b5cd00a372c3fc0a8b9133f
w003456	11080000	11084999	11082499.5	ML_trees/6080000-6085000.fa.contree	55		2978abed4f46d868f3ef503c22d8c956eaaf05438f98fc259823d00b85948d03
w003457	11085000	11089999	11087499.5	ML_trees/6085000-6090000.fa.contree	55		592a469944a4e185c5565cdc1f9e018584dfcdfbaf00ac43cb9caa3c502ce134
w003458	11090000	11094999	11092499.5	ML_trees/6090000-6095000.fa.contree	55		2f7b9c30e2e73b4d6d810f10f0902f6ada285f8c68247aeb5c7a3b1c4a199bb7
w003459	11095000	11099999	11097499.5	ML_trees/6095000-6100000.fa.contree	55		98a7329d51d8a1e6d14887d0a4cfe896b7c601be1afe026d05f4abfdf39147d8
w003461	11105000	11109999	11107499.5	ML_trees/6105000-6110000.fa.contree	55		70e76f46e8ae645f3b8580cfc1d0e13b01a2b0fa46cdf595393bf07c86016ae6
w003462	11110000	11114999	11112499.5	ML_trees/6110000-6115000.fa.contree	55		2a13d5138857e73366751ea826a51bcd0fff96f3689c04051cce3f1b1f51923e
w003463	11115000	11119999	11117499.5	ML_trees/6115000-6120000.fa.contree	55		a93344211ac918fc70abcb0bf371b0547c6327d7e836e3770bf277f259dcbd67
w003464	11120000	11124999	11122499.5	ML_trees/6120000-6125000.fa.contree	55		b056636524675a928609601df5e010dd3b534de8d72f899f18c055ca10e1ebb8
w003465	11125000	11129999	11127499.5	ML_trees/6125000-6130000.fa.contree	55		5f5efbc23e360e8cc53a5d3a623852f55d3b76589aaf98107656b356ff386c35
w003466	11130000	11134999	11132499.5	ML_trees/6130000-6135000.fa.contree	55		e328a85ad7a0d5b270348aca4bf18b941ce3c75b183ac9a68fe2ec3cad5b8ad6
w003467	11135000	11139999	11137499.5	ML_trees/6135000-6140000.fa.contree	55		33471916fac931c6e51c5d77344908a0a2a4a23e3d2851f028b9ef3eac9931c6
w003468	11140000	11144999	11142499.5	ML_trees/6140000-6145000.fa.contree	55		761f4411a2495255dd1fd76e7eedf62354618f5523f399bdca64531ffa05914f
w003469	11145000	11149999	11147499.5	ML_trees/6145000-6150000.fa.contree	55		270b22e2db318eafc2eda7ca405554be7b5c0e55b0313d60f83ee432f320429f
w003471	11150000	11154999	11152499.5	ML_trees/6150000-6155000.fa.contree	55		d2f5e3740c43487ac8c889cf7f536239100991bda35d8f30d98c96e1780b7314
w003472	11155000	11159999	11157499.5	ML_trees/6155000-6160000.fa.contree	55		0f91c2a3a89e5ca84a09ad0d8dccf5c555c9788b2149213fff0d2b5b5b83bccd
w003473	11160000	11164999	11162499.5	ML_trees/6160000-6165000.fa.contree	55		f052ea1682f526ad3bb5e085793310e7c12587d0a20a218cb06c85c132e8a55a
w003474	11165000	11169999	11167499.5	ML_trees/6165000-6170000.fa.contree	55		09b41619b5d37c7c832d6f692d34d9dd1653b6ab2bb5cf1eba2b445d3fe5667f
w003475	11170000	11174999	11172499.5	ML_trees/6170000-6175000.fa.contree	55		dc27932b2a20f22cf05f10d7188e616b56fc333a52e7a358eba68548b4490924
w003476	11175000	11179999	11177499.5	ML_trees/6175000-6180000.fa.contree	55		e8fabfa92b62581a26d22a55d255ee0257552c7932e7c4fb6d323416756be13e
w003477	11180000	11184999	11182499.5	ML_trees/6180000-6185000.fa.contree	55		04ee1286e9281fb6832a6a3f8ea5af41ae8b7af569a2c3527dd2807c4c1635ff
w003478	11185000	11189999	11187499.5	ML_trees/6185000-6190000.fa.contree	55		9a03af37c021e67b0c272cc1d561e75286cdb79766f21b1f098a91fbadea5e0e
w003479	11190000	11194999	11192499.5	ML_trees/6190000-6195000.fa.contree	55		80ece5156f1c4bcdb012cc04c0cc45d2eb057a524422e8b28169603ac5c7f549
w003480	11195000	11199999	11197499.5	ML_trees/6195000-6200000.fa.contree	55		dd68bfaa93ec89c986b6b1fa3810bb7f2d2dccce1c7cdf6641e4871ebb5b4ed6
w003482	11200000	11204999	11202499.5	ML_trees/6200000-6205000.fa.contree	55		d1da89d726c6fadc99238efa33749915bcc74e5e5c9cc53b822a75131558c2f4
w003483	11205000	11209999	11207499.5	ML_trees/6205000-6210000.fa.contree	55		25e4a9624d87a303d93d1abc7c744cb5a9743a795bc6cfedabc574bcdca5165d
w003484	11210000	11214999	11212499.5	ML_trees/6210000-6215000.fa.contree	55		c9866d0bd43e846705d0206736b167702f76db19c8f3c0efde30f39c2fd3ed52
w003485	11215000	11219999	11217499.5	ML_trees/6215000-6220000.fa.contree	55		4bac744a63e2678780237d4cf5a1c028304e028d6278a034be6a8a4842bc92e2
w003486	11220000	11224999	11222499.5	ML_trees/6220000-6225000.fa.contree	55		4678f8a326cd4d3f6dfdbdb37e5bce6bf4e36532cdffe9e8df965a2dfaecd9a0
w003487	11225000	11229999	11227499.5	ML_trees/6225000-6230000.fa.contree	55		2b67a99ca8ac5bb9ddbc444d53d928bec6b53885f5bc46c5d338b0fda06dacf0
w003488	11230000	11234999	11232499.5	ML_trees/6230000-6235000.fa.contree	55		713a774a25407d902a8e9273a936ed2aa505c2e0fa03bc06eb2959ecb814aac0
w003489	11235000	11239999	11237499.5	ML_trees/6235000-6240000.fa.contree	55		28c2ac5dc4290f2b2011238e05a98890bbace908174f0d2e7304b4b4a9e21c23
w003490	11240000	11244999	11242499.5	ML_trees/6240000-6245000.fa.contree	55		9fa18b205e60fc829ded68e054153df6f8d6d136c92c439377a460c50334c19c
w003491	11245000	11249999	11247499.5	ML_trees/6245000-6250000.fa.contree	55		1915a86d3c7a823d1f959d6fc3733fde134a05111c175609f891f31f5c60ab5a
w003493	11250000	11254999	11252499.5	ML_trees/6250000-6255000.fa.contree	55		0d8f6b7bb6abf3a626835cb826563b7f2aa8a2eebd94d2e710a00589443d581b
w003494	11255000	11259999	11257499.5	ML_trees/6255000-6260000.fa.contree	55		124cc3b8eabcc02769db6cead5066ca673111e4141cc3fb7fbebb37feead00e0
w003495	11260000	11264999	11262499.5	ML_trees/6260000-6265000.fa.contree	55		effc3ce75ef6a8e9f393efe6360ab59bab8affb10f32f49f2669c5b3fb7ba194
w003496	11265000	11269999	11267499.5	ML_trees/6265000-6270000.fa.contree	55		f5debadb3d96fa8b225e913c8d1b7501fbe0f28fa1e13657404cadb6f6fdc3fe
w003497	11270000	11274999	11272499.5	ML_trees/6270000-6275000.fa.contree	55		7fafc83976d77fc09ee564983709f21456e90433525493cb6f1074a8411aa430
w003498	11275000	11279999	11277499.5	ML_trees/6275000-6280000.fa.contree	55		9516be13f82b9ac6225a42028eb5b6376c1a6e25a634c0160b6360bb435e6649
w003499	11280000	11284999	11282499.5	ML_trees/6280000-6285000.fa.contree	55		979138374b668fe77a4125ac0bf35fb10b90d4d4c1e4fe529b27e07ca8073399
w003500	11285000	11289999	11287499.5	ML_trees/6285000-6290000.fa.contree	55		399d5e6a1fdf8cfeae96fc2056f1c24a7a3e152b1d6939f1207d3097dcb02d5b
w003501	11290000	11294999	11292499.5	ML_trees/6290000-6295000.fa.contree	55		8b1a398ba9dc2dd60a42ce938d1d306bd5a718e2b706b0a46da91509c4ec4597
w003502	11295000	11299999	11297499.5	ML_trees/6295000-6300000.fa.contree	55		b4dacba41be78dffe070d5ce3829fc743c90919605562e2ae44f90076b0bb76c
w003504	11300000	11304999	11302499.5	ML_trees/6300000-6305000.fa.contree	55		b3bb106bd1aa3ac015a254a2f7d53a464d3a08072b2d27c748cdfee6effc874d
w003505	11305000	11309999	11307499.5	ML_trees/6305000-6310000.fa.contree	55		30318d31c39f99d089a5cadfb6172ef4f4fe84d3abadcfb40908db0c348a59fc
w003506	11310000	11314999	11312499.5	ML_trees/6310000-6315000.fa.contree	55		8b5ff3a9d03734c22a900467797c25ec696cf62f626d385974e1befff3c1e6df
w003507	11315000	11319999	11317499.5	ML_trees/6315000-6320000.fa.contree	55		8b5d2113729c1791cf3cdf070e46cfb6bd3675a9403b55fe90de0a7c2cf3f749
w003508	11320000	11324999	11322499.5	ML_trees/6320000-6325000.fa.contree	55		f2ec34db9222f61ed98d5d3fbccfcba6190a09e6785c883fa2c8434767e88859
w003509	11325000	11329999	11327499.5	ML_trees/6325000-6330000.fa.contree	55		1a5cb077b981291e582138526bc444534e8c64ecc2b2e0c68a5943ba42d1112c
w003510	11330000	11334999	11332499.5	ML_trees/6330000-6335000.fa.contree	55		2d2b37b5f6c541c74410ec8052ac7a919b2bb85481dd284c4e7cbd8298f4b32e
w003511	11335000	11339999	11337499.5	ML_trees/6335000-6340000.fa.contree	55		f980ca6bd87b6423d0bf8fb0ec57bd13ceae27876955cd89b771ae47da830674
w003512	11340000	11344999	11342499.5	ML_trees/6340000-6345000.fa.contree	55		091c84ce372b4c660b6b4699ed7348b47846efad0143b79ca3a0e726d3b4aac0
w003513	11345000	11349999	11347499.5	ML_trees/6345000-6350000.fa.contree	55		bd121fbb291b328ffc9f6e506c12ccfe5ea391509fe218bd4ca01a30ccfe6e3e
w003515	11350000	11354999	11352499.5	ML_trees/6350000-6355000.fa.contree	55		50c83face541b2df13bdebdf01b471428d0a4b2e1c7230a3317c4bed94a6ab40
w003516	11355000	11359999	11357499.5	ML_trees/6355000-6360000.fa.contree	55		b864f0af7c12f7f196677d6870f89cc0561a3c1eac8dad3bab0af6b724dd900c
w003517	11360000	11364999	11362499.5	ML_trees/6360000-6365000.fa.contree	55		2d2f6c5f2684dfde9b69bc548bc65a615b4651e4fe2e94429bcfafbdd10efcf6
w003518	11365000	11369999	11367499.5	ML_trees/6365000-6370000.fa.contree	55		75c720ff9c5598b4d9e23aef67a345ad58da905743f37d66873e9811c90de13e
w003519	11370000	11374999	11372499.5	ML_trees/6370000-6375000.fa.contree	55		90dbff606adad179927a1314b1a10d68cf83713077028d66f006023a8181372c
w003520	11375000	11379999	11377499.5	ML_trees/6375000-6380000.fa.contree	55		6dc13e3174cea072dac784788a16045f149c1b36774225c42cdd062dd0d51cdb
w003521	11380000	11384999	11382499.5	ML_trees/6380000-6385000.fa.contree	55		ac3564e16da69e05704f95066fcc9da941ee6e6dce8ffb61375643c2b554e3e6
w003522	11385000	11389999	11387499.5	ML_trees/6385000-6390000.fa.contree	55		48d241e852582c2f7c7792c35ee325306fcbb410193b1afe829247d7a6414489
w003523	11390000	11394999	11392499.5	ML_trees/6390000-6395000.fa.contree	55		8b71e771a87ded6e7b656b5c184588da7de1691f7ff2225318870cacca526334
w003524	11395000	11399999	11397499.5	ML_trees/6395000-6400000.fa.contree	55		20d1b38ec8648a2bd61d06dc32f6daa91dfe6349c3218c0e11a1111cfcf68f65
w003526	11400000	11404999	11402499.5	ML_trees/6400000-6405000.fa.contree	55		44e3303b369b13f1f3ae5b0e68481f2d910b87e796d3c236751b4663b1d22e77
w003527	11405000	11409999	11407499.5	ML_trees/6405000-6410000.fa.contree	55		06263aff2acd8c0ac22abdcee0ba662df7572be61aa6464c5d0c207da2548e80
w003528	11410000	11414999	11412499.5	ML_trees/6410000-6415000.fa.contree	55		dc576f6fc742e38330b03d9856c2008d4a791e4a847177d8ff3a2d98271d9ebe
w003529	11415000	11419999	11417499.5	ML_trees/6415000-6420000.fa.contree	55		bb6a3627f917154fb152187393b966db57056765df40b98944439d6902e4075e
w003530	11420000	11424999	11422499.5	ML_trees/6420000-6425000.fa.contree	55		a249034a7987644b7f2e69e17259dc2bec615455e0a98ac982e863b948ba1645
w003531	11425000	11429999	11427499.5	ML_trees/6425000-6430000.fa.contree	55		69c666c01722cf8deaf9ae780408e123c49f759ba27b7ec70117600f2148c175
w003532	11430000	11434999	11432499.5	ML_trees/6430000-6435000.fa.contree	55		f5f2cdf72e237116da335c4bf31a63bed047ba079955f607ad76020b7ed85e32
w003533	11435000	11439999	11437499.5	ML_trees/6435000-6440000.fa.contree	55		2835b1db756766570a40f938e2b62b142f09619f48536b224b42d0eacae9451f
w003534	11440000	11444999	11442499.5	ML_trees/6440000-6445000.fa.contree	55		fad0c2f7de330a2b1ace1df774d718e0e9dca61c6303ff3283eec15107ec90cd
w003535	11445000	11449999	11447499.5	ML_trees/6445000-6450000.fa.contree	55		9a64fbabf504f7592da82de4db5c38c7f524542d8b84847a69452cfe4a73ea15
w003537	11450000	11454999	11452499.5	ML_trees/6450000-6455000.fa.contree	55		1d71d00a8c4322489b49510565244af5893a80e3a068a153459e6c8576c54850
w003538	11455000	11459999	11457499.5	ML_trees/6455000-6460000.fa.contree	55		efc64cad729b4c77fac74f345630baa60cec188ae3bfa0a6d556369a2d8013b7
w003539	11460000	11464999	11462499.5	ML_trees/6460000-6465000.fa.contree	55		7b23563691c431b5c1db9a14cbde4abd24dd8cbc573f7f9f880648c1c79add18
w003540	11465000	11469999	11467499.5	ML_trees/6465000-6470000.fa.contree	55		1de1481fca429134817e9a2cdc77e6df90455aa90715b37dd4063a4e5142dd00
w003541	11470000	11474999	11472499.5	ML_trees/6470000-6475000.fa.contree	55		3d5e5c02d153214d902f07e2041878db4e6a05af125c14b9d61204aeb014fac5
w003542	11475000	11479999	11477499.5	ML_trees/6475000-6480000.fa.contree	55		ac35a9df7b46bcc3efde3b9ebd2c84f8f79d2d488956fd76dab6514c2d791660
w003543	11480000	11484999	11482499.5	ML_trees/6480000-6485000.fa.contree	55		9083c8d3fca233532249469bb9d570c4246e4de1cc21d1cc1693328dfe9f2461
w003544	11485000	11489999	11487499.5	ML_trees/6485000-6490000.fa.contree	55		3908e702dc67ef4f83aaa250c0db8b45488a1149cdf4c62299eb475f465f039f
w003545	11490000	11494999	11492499.5	ML_trees/6490000-6495000.fa.contree	55		f26c00bbb32da8b07f23a5d04e6b80e1e871028c657449a6360ecafc7579dfdb
w003548	11500000	11504999	11502499.5	ML_trees/6500000-6505000.fa.contree	55		751460127b077e8b4ab6cdfcd0457d43154e31bc45f874be1e7d7026435b693e
w003549	11505000	11509999	11507499.5	ML_trees/6505000-6510000.fa.contree	55		e9032d7a854e4f7da4db6b6451d39d8be8d1e8c6cbd0f4f81643af6485df7b7f
w003550	11510000	11514999	11512499.5	ML_trees/6510000-6515000.fa.contree	55		39b288691eac531a9e7631d52a390e9839be32de86b9568de6cc3c466852109c
w003551	11515000	11519999	11517499.5	ML_trees/6515000-6520000.fa.contree	55		97154cf1b1d9fec70209f59cac1b35f9b5bd1e151780d6317c992b422c0f6967
w003552	11520000	11524999	11522499.5	ML_trees/6520000-6525000.fa.contree	55		289db74490d99694d3fb0fa987382701724096f78eadedd2e8187a949ff694ef
w003553	11525000	11529999	11527499.5	ML_trees/6525000-6530000.fa.contree	55		9123929f2fa448bdbaa7c2e5172e03f2b2ecb0c02c80f80ff3bb50b9a091881f
w003554	11530000	11534999	11532499.5	ML_trees/6530000-6535000.fa.contree	55		9ee1cced3d1ac11c478917e2a8df3edbff4dc803e6bb0d7a95a1487f098de6ae
w003555	11535000	11539999	11537499.5	ML_trees/6535000-6540000.fa.contree	55		4f6a57096299a31dfc01bce6b89ad211fc785d962ea237dff28b99a6531bee6b
w003556	11540000	11544999	11542499.5	ML_trees/6540000-6545000.fa.contree	55		83677731d9e76840b02089c65e88e8c6c002b2d7d5932ef345ceb03cccf8f133
w003557	11545000	11549999	11547499.5	ML_trees/6545000-6550000.fa.contree	55		c86027227f8658d485d1fcffff03818730087d1822d658a6d51a2e640a7ddcd6
w003559	11550000	11554999	11552499.5	ML_trees/6550000-6555000.fa.contree	55		84c7d6f2a56840c96c9d55021404e3bc38f8da232ad7b297028176d51434d859
w003560	11555000	11559999	11557499.5	ML_trees/6555000-6560000.fa.contree	55		27ff5b6e0404cada1d70525eceb851481d22db2893babe916a2b5e44a15c6029
w003561	11560000	11564999	11562499.5	ML_trees/6560000-6565000.fa.contree	55		5664f9f5c19a59e0e1250eac4c4ba2582be71a9c8cf4cb3354f23980168f9a7f
w003562	11565000	11569999	11567499.5	ML_trees/6565000-6570000.fa.contree	55		9b24b7f82d7de8ec7a934f20f15ea996f8c1f2e86e7ff6320032ab4ef66a9e10
w003563	11570000	11574999	11572499.5	ML_trees/6570000-6575000.fa.contree	55		c59f11c8f235a4135964532b5ad0e0fad23a5d4e8997a68212dc2a57cafeafb7
w003564	11575000	11579999	11577499.5	ML_trees/6575000-6580000.fa.contree	55		a9e47898d4905f5e3c44a671a527553010fcad01a44496bdd8ea193d82956629
w003565	11580000	11584999	11582499.5	ML_trees/6580000-6585000.fa.contree	55		ab9df10e545125eafb7936050356dc89e3443238b4b4fac262f018ee8d950ee6
w003566	11585000	11589999	11587499.5	ML_trees/6585000-6590000.fa.contree	55		12f282a52a3cafeaaa6301cd4f3b3162d0dcafdd759fde6051d6192ad48532c9
w003567	11590000	11594999	11592499.5	ML_trees/6590000-6595000.fa.contree	55		05810f8f6102e013396e0478eff8f432e62ae5461077ec8cb0912804c448c96a
w003568	11595000	11599999	11597499.5	ML_trees/6595000-6600000.fa.contree	55		9eb422adc4956a307f220f15cc135f42fa6e1eb034e50ed39b8b41864ca038fc
w003569	11600000	11604999	11602499.5	ML_trees/6600000-6605000.fa.contree	55		b6cf058e868e1b89792fdcf60162f1a96232b31a44d64f08d2d191acfe0f0993
w003570	11605000	11609999	11607499.5	ML_trees/6605000-6610000.fa.contree	55		d0fafaa4c2caa6f1c0f4a4393c44dc216d62cd1d619b8a6bb3d548fe3fe5d5fd
w003571	11610000	11614999	11612499.5	ML_trees/6610000-6615000.fa.contree	55		b115b240ebcec5fe98d92938e62730d5b3d70a515bad05776c64f76625a756f0
w003572	11615000	11619999	11617499.5	ML_trees/6615000-6620000.fa.contree	55		a6b8c982b176583ad4ae6c2407136d0bda291d58617f3490c27cdfbf11c85014
w003573	11620000	11624999	11622499.5	ML_trees/6620000-6625000.fa.contree	55		537ecb5ddab914379447de6bbfd8c921c811308f318e6ddf68b6cb0fafad7f77
w003574	11625000	11629999	11627499.5	ML_trees/6625000-6630000.fa.contree	55		91dc8bfaa92629c6c9b4fa6d1f2b6e48a0af7c726750ce17387535c409eccabc
w003575	11630000	11634999	11632499.5	ML_trees/6630000-6635000.fa.contree	55		6fe73cfcf05688bb2bf6f9902c42e4c702a31a51c7ed78e090049e3b6caa2db6
w003576	11635000	11639999	11637499.5	ML_trees/6635000-6640000.fa.contree	55		9d2f65595046a6da6a57917da48028845c8e762eaf8d510f2acfab31dcb269be
w003577	11640000	11644999	11642499.5	ML_trees/6640000-6645000.fa.contree	55		d3ae8c5619da9f09331c73068ed7e7d7d25a9523ef92f6c3306679b16874f4b6
w003578	11645000	11649999	11647499.5	ML_trees/6645000-6650000.fa.contree	55		080ccec1df9bec51176ff896ed43d9bba6f18620618623347276e35892aba196
w003580	11650000	11654999	11652499.5	ML_trees/6650000-6655000.fa.contree	55		d9e1aa83cb2e520be3485c6a271563157c108e015691012094662d2427bad64c
w003581	11655000	11659999	11657499.5	ML_trees/6655000-6660000.fa.contree	55		26aac788afafa3efc804578654fc2d03242a30997d7c9821289fe8d9d056c2aa
w003582	11660000	11664999	11662499.5	ML_trees/6660000-6665000.fa.contree	55		639cd679b4e0676eff549c407541f90c5efff6c71410494eb1d419a1e796e491
w003583	11665000	11669999	11667499.5	ML_trees/6665000-6670000.fa.contree	55		551da181800653e4e9fb29559be3f676252997f21543da0be7dd862e5d5954de
w003584	11670000	11674999	11672499.5	ML_trees/6670000-6675000.fa.contree	55		f54dfe3dda0e0ad7ed9892dd04a8c38445c00acbf8e260c2e2a60a7f4024c0d3
w003585	11675000	11679999	11677499.5	ML_trees/6675000-6680000.fa.contree	55		ff95e5bc5b10cde8c6104d5e2b60834470746e2fe523bf46ae96e3e195f33064
w003586	11680000	11684999	11682499.5	ML_trees/6680000-6685000.fa.contree	55		2656aa1fc026a31c316a89418b40e5f96750d02ad8f31c28e95c5a82f19f9f0f
w003587	11685000	11689999	11687499.5	ML_trees/6685000-6690000.fa.contree	55		caaca549d9ff76d46d8ac9e2a7d6f4aeea1215a25960286ac39913d8d1abdcea
w003588	11690000	11694999	11692499.5	ML_trees/6690000-6695000.fa.contree	55		c134b2adefe8719a321f7b30cf7f01f7ef0be38956fe9a619dd4acfdac955abe
w003589	11695000	11699999	11697499.5	ML_trees/6695000-6700000.fa.contree	55		00388c87902185c818e3d3056c6d1a1f2f535a7c337b7577b029e96e8acb190e
w003591	11700000	11704999	11702499.5	ML_trees/6700000-6705000.fa.contree	55		7104c97de6558acf8ebe84c65c1acf007ac2c5972f7e2f062a334407ba72c7ba
w003592	11705000	11709999	11707499.5	ML_trees/6705000-6710000.fa.contree	55		80b14678ccf02d19354849d782255d96e91602c9a2e1b98d24e9f6d591fd8911
w003593	11710000	11714999	11712499.5	ML_trees/6710000-6715000.fa.contree	55		095ece1cf1dc229be5028b33096a84615b4b09709e2f3cc305b31ef7bec3ea2d
w003594	11715000	11719999	11717499.5	ML_trees/6715000-6720000.fa.contree	55		cce2be13424d687cf6f3617cf5ed3ed7b331de40d2b9409d4cb89c3f57f935b9
w003595	11720000	11724999	11722499.5	ML_trees/6720000-6725000.fa.contree	55		a52b3f970148c6ae6bcbad4364fd52c59d27de8b5450f0b06d29ebc46d08dabe
w003596	11725000	11729999	11727499.5	ML_trees/6725000-6730000.fa.contree	55		1d2c223c794adb418022e16caa04d76192c689285f3f39e4c2ded93858239c09
w003597	11730000	11734999	11732499.5	ML_trees/6730000-6735000.fa.contree	55		07773e3083d9fcde91f035f3e8ad1c70b76df7360478d413539c25982709c1ae
w003598	11740000	11744999	11742499.5	ML_trees/6740000-6745000.fa.contree	55		83410763e065c197c762f806262054b55ccb9603ecfccd8c2151501286853000
w003599	11745000	11749999	11747499.5	ML_trees/6745000-6750000.fa.contree	55		2b21cc00180def87d795147c55024082773616cbca03ba16742628328fbeb34a
w003601	11750000	11754999	11752499.5	ML_trees/6750000-6755000.fa.contree	55		a00bda9b66751864a800c6d8482bdb84aa00d481f5600a08822253647bf8a6ae
w003602	11760000	11764999	11762499.5	ML_trees/6760000-6765000.fa.contree	55		80ae4a9d06366d839a9ade4209b0fc14b49d98af37d3e4e9778c10b47e0ba600
w003603	11765000	11769999	11767499.5	ML_trees/6765000-6770000.fa.contree	55		2c008fc9de94f8c4d86a2ccb74fa73d3b8350cc6dc579d115d7b5b994babc593
w003604	11770000	11774999	11772499.5	ML_trees/6770000-6775000.fa.contree	55		e804b9b6c2b897b47e6eb037e619964d68053814872c6c576afcc830783036b1
w003605	11775000	11779999	11777499.5	ML_trees/6775000-6780000.fa.contree	55		6caac8840a6e9c547f03faaa38c515e5215a2723c2e77fe9431bb9bff1366529
w003606	11780000	11784999	11782499.5	ML_trees/6780000-6785000.fa.contree	55		c559e97efffd4e93ed172094a8e08e3d4a9c46806fd3e7e1149f8661b7256307
w003607	11785000	11789999	11787499.5	ML_trees/6785000-6790000.fa.contree	55		e8d5c0c4cf7c5db1264875f0247d096426b792d3a0e42417c16c9c0b9885ae31
w003608	11790000	11794999	11792499.5	ML_trees/6790000-6795000.fa.contree	55		622d9d3c6b1c95c8a83980aaf04f14cdd5f34938cb380390e2d8b87295fb0d5d
w003609	11795000	11799999	11797499.5	ML_trees/6795000-6800000.fa.contree	55		dc5f4bd6c6886c9003c1b504402f1e505cef2117895ebabfaa108efa30bfea50
w003611	11800000	11804999	11802499.5	ML_trees/6800000-6805000.fa.contree	55		a73c8cf2676e8936aa42c3ca22cf7718b9eb72c7ab6387785886e088fd7c4a5b
w003612	11805000	11809999	11807499.5	ML_trees/6805000-6810000.fa.contree	55		554c5d2c617ef6199c24dee13bfc73b9b77f7fb848153ce3200aab6ead9427bf
w003613	11810000	11814999	11812499.5	ML_trees/6810000-6815000.fa.contree	55		56711ef0f4c1f7c3201014c44ca30827c573f5ba34fe3fd207f90f5cb871211e
w003614	11815000	11819999	11817499.5	ML_trees/6815000-6820000.fa.contree	55		626c07c9338c6d0e1eb2baf1ab580e41762b04e76285370a512a9b5e5bdd8924
w003615	11820000	11824999	11822499.5	ML_trees/6820000-6825000.fa.contree	55		8fd913fe9acd2a9ea61ccc0d5fee6e51da21fe485a403a12807d51fedb4a4811
w003616	11825000	11829999	11827499.5	ML_trees/6825000-6830000.fa.contree	55		4f915f3d6eb08664c9ca433ad86b4d52d3ed8d6d1a040763bdf4c1db56baa13e
w003617	11830000	11834999	11832499.5	ML_trees/6830000-6835000.fa.contree	55		fcd0008e296eb778c6d04e3e04cf35dbdad7bc2d9e5a0070103c23aa8a0444db
w003618	11835000	11839999	11837499.5	ML_trees/6835000-6840000.fa.contree	55		e9bbb82641c72a73ef8133d3143f35e8bc35e48e5a5a1ae383e1cc0bb55388a4
w003619	11840000	11844999	11842499.5	ML_trees/6840000-6845000.fa.contree	55		4f113484c29374b41d40dc5b3b5bc8a927d352966df2a10d7d26645acd73fd59
w003620	11845000	11849999	11847499.5	ML_trees/6845000-6850000.fa.contree	55		b982884fafc1c7a4cd0d722dcf2008b3d4d3df04ddf24172c4f003592d50a535
w003622	11850000	11854999	11852499.5	ML_trees/6850000-6855000.fa.contree	55		4f1f01f45ce58244acd868eefd466d8eb3000fce5553201d1ad5e905b7d32710
w003623	11855000	11859999	11857499.5	ML_trees/6855000-6860000.fa.contree	55		ebd98c3598ba0beb7d0eb11c956a827a1e3b3adcc8360571a48595f3a323f9b3
w003624	11860000	11864999	11862499.5	ML_trees/6860000-6865000.fa.contree	55		b19a0ecfd14217a6e8b61f8f58b8e294a0489e2187a692864ad4c4eae766f3e0
w003625	11865000	11869999	11867499.5	ML_trees/6865000-6870000.fa.contree	55		ff6807bfd2164bd4ed847ddf64f28d5d1dc1c5833d03f01452ee6dcc6c91714e
w003626	11870000	11874999	11872499.5	ML_trees/6870000-6875000.fa.contree	55		5f35d59cf7a35ffbbf8c56dc8c13622601e41656b933f0f0a0756ce0be39410b
w003627	11875000	11879999	11877499.5	ML_trees/6875000-6880000.fa.contree	55		0c9a57bb34f886f694abaf69a7d25dc79071dabce5615fa2f4375d721d491d53
w003628	11880000	11884999	11882499.5	ML_trees/6880000-6885000.fa.contree	55		e0ecea21b51bd9b7fe9cd0e153c881720e0af03c4513ba6781f6b963fb93c88e
w003629	11885000	11889999	11887499.5	ML_trees/6885000-6890000.fa.contree	55		014206f090a5be2066da5446444cf9548c60ca938198b40cdfcbe540e9d0d4c9
w003630	11890000	11894999	11892499.5	ML_trees/6890000-6895000.fa.contree	55		29e11795afb6dfb625eb0445dc8c3d08fa51eac0d18dc2172cf3c1246a1f4dda
w003631	11895000	11899999	11897499.5	ML_trees/6895000-6900000.fa.contree	55		3bb8d844c73ac3e025beb52e80bb861a6f0f482cdd1e60da532452bd0172113e
w003633	11900000	11904999	11902499.5	ML_trees/6900000-6905000.fa.contree	55		2c07baa5bbe81aa377d7565c5ac19b31a9e7abae6ec0474788b6e69d8a70b07d
w003634	11905000	11909999	11907499.5	ML_trees/6905000-6910000.fa.contree	55		6098735e0b2f6c9c19b042d66b726fd8f3bc90c41a7e75d36fe5338a18947ead
w003635	11910000	11914999	11912499.5	ML_trees/6910000-6915000.fa.contree	55		23f3633224813d8cb21e2d8bac20832c161ce2da256e162c52ca4d240417517e
w003636	11915000	11919999	11917499.5	ML_trees/6915000-6920000.fa.contree	55		4acd0ec6011f77de34ff0d0e3a85a52e3ed32f6a7faed41cd023e53107d62fb6
w003637	11920000	11924999	11922499.5	ML_trees/6920000-6925000.fa.contree	55		612a412e471fe5b68940f61d1880838c6c72876011bf86aae11c4115087ed0de
w003638	11925000	11929999	11927499.5	ML_trees/6925000-6930000.fa.contree	55		e29796155248a9a733474f73908d3dd9512196b989b3dadcb0d2e54da71830ae
w003639	11930000	11934999	11932499.5	ML_trees/6930000-6935000.fa.contree	55		76cb523ce0c6098a5b2317525fc54099dd63eb9e35491f3c9265a5dd852fd2e7
w003640	11935000	11939999	11937499.5	ML_trees/6935000-6940000.fa.contree	55		87341756c41d312e74b18062095e5271fe1259c24c4b3d0d16b191be68a919a6
w003641	11940000	11944999	11942499.5	ML_trees/6940000-6945000.fa.contree	55		a76bafa942462b9b983734f3f8b169726d67371b035d201043287f1b2983de2c
w003642	11945000	11949999	11947499.5	ML_trees/6945000-6950000.fa.contree	55		f2a45c96e6f529db3db501040a38fe6c70e7f8ea4aa3a50a6a38a5cd888b7922
w003644	11950000	11954999	11952499.5	ML_trees/6950000-6955000.fa.contree	55		929a9ef31d51765f4aa890b4ee722990298bd9c917b8278de2cb294b0749991e
w003645	11955000	11959999	11957499.5	ML_trees/6955000-6960000.fa.contree	55		51589ea19800c06d197cf35d9e2f5a04aac401d1110f0f1e6312f3692f7333dd
w003646	11960000	11964999	11962499.5	ML_trees/6960000-6965000.fa.contree	55		1fdb6d06d69661c88b8e70190d78c45142e994260665fa053f9fefaa048f872a
w003647	11965000	11969999	11967499.5	ML_trees/6965000-6970000.fa.contree	55		68fbef5c1d0016f7f5cf1798d8fb047304dd33c3758c21dbdf03432091c38bab
w003648	11970000	11974999	11972499.5	ML_trees/6970000-6975000.fa.contree	55		264528222aadea8fe4514d0ddedb08203fadb803be4d43de123f353019f19e59
w003649	11975000	11979999	11977499.5	ML_trees/6975000-6980000.fa.contree	55		482f56593e21eec974a92ab3c1035cbbc0526920d59a3c3fec0b11d6bbc1a3f7
w003650	11980000	11984999	11982499.5	ML_trees/6980000-6985000.fa.contree	55		97c120bae7b4a7aa4ae8f08ff0082e029e57d68bde0234e4d425fdfe6be62c83
w003651	11985000	11989999	11987499.5	ML_trees/6985000-6990000.fa.contree	55		2a2a446418139e35646499e46e911a135d907f3fc286610d2884e4f5909e4dcf
w003652	11990000	11994999	11992499.5	ML_trees/6990000-6995000.fa.contree	55		3e3710d572eb494b1d2843b5184515ab3a615fe2715ef1700c016d60046bbb72
w003653	11995000	11999999	11997499.5	ML_trees/6995000-7000000.fa.contree	55		291681a0e578f83b4bfe7830515d8d89d20ad3d5aa6a9c93779191cb4c3c744b
w003656	12000000	12004999	12002499.5	ML_trees/7000000-7005000.fa.contree	55		3567f5e3ed38de69fc75b7026ae7a6af00cd1f49e42201fee4934fe67de91455
w003657	12005000	12009999	12007499.5	ML_trees/7005000-7010000.fa.contree	55		8f62a69bb5961782bb7724a6dc98660bdc20073008767553820543056f880b46
w003658	12020000	12024999	12022499.5	ML_trees/7020000-7025000.fa.contree	55		a965cc7dead5e72a0c42633f35d2ee30010a01b8d9eea2e5e0ab97a620dbc0b5
w003659	12025000	12029999	12027499.5	ML_trees/7025000-7030000.fa.contree	55		0c9f50c279391b3e5cc3a8782f398854df050d608750afc742cb42274521d523
w003660	12030000	12034999	12032499.5	ML_trees/7030000-7035000.fa.contree	55		7d9523a226b9411209434ccfd029dab015a9510e964e145eaca54ef03bcf44dd
w003661	12035000	12039999	12037499.5	ML_trees/7035000-7040000.fa.contree	55		0e1dc174749cd5b6e0c308f65539ccfb906d67474550c74fbe45f39d13f44c16
w003662	12040000	12044999	12042499.5	ML_trees/7040000-7045000.fa.contree	55		334f1f306542ca7c44589d2440263863f2fef03217dd6f1f9eddb2ac5b20f3b6
w003663	12045000	12049999	12047499.5	ML_trees/7045000-7050000.fa.contree	55		9775d4bb817c02b042f427effa7050150dbba743f692c131dab6d42d9124a5db
w003665	12050000	12054999	12052499.5	ML_trees/7050000-7055000.fa.contree	55		522b2f5c62b3585590665119a975e1c61555063467e00c3b3bc5c15a8718444a
w003666	12055000	12059999	12057499.5	ML_trees/7055000-7060000.fa.contree	55		f2491233f2ef1ffb83048762d6a87e9b8bc86ee3c8bb5b8bd8e5f8ec6233412b
w003667	12060000	12064999	12062499.5	ML_trees/7060000-7065000.fa.contree	55		882c8104a383fcb7ba46269bb56b4b018d3434bcfce27f979443f844e6962a87
w003668	12065000	12069999	12067499.5	ML_trees/7065000-7070000.fa.contree	55		ad787d676c7a2116bc82098a90246510d127993d4361a6670ec1c1432a48ad27
w003669	12075000	12079999	12077499.5	ML_trees/7075000-7080000.fa.contree	55		81695bc5fc980e2ac9e926762e6d2e1e7bd61101bf8e671aa026985a01595c73
w003670	12080000	12084999	12082499.5	ML_trees/7080000-7085000.fa.contree	55		69e36a61b1e601f4d62e378e517a9b93eabbdb221a9ce1080309ee0a690f65e3
w003671	12090000	12094999	12092499.5	ML_trees/7090000-7095000.fa.contree	55		915c3861293f00f319b5d5aa372a9b1244d775c5a37c40cb8b0f4f00ebab6cf2
w003672	12095000	12099999	12097499.5	ML_trees/7095000-7100000.fa.contree	55		9e25f0fbea36d0beeda0b417efc2836087ed2bec7f708c3da3f05825060aaff9
w003674	12100000	12104999	12102499.5	ML_trees/7100000-7105000.fa.contree	55		7bf67861efbbf72bf83abaf20768f4dea189fe1ec768ab4a8f9bb064be4aef41
w003675	12105000	12109999	12107499.5	ML_trees/7105000-7110000.fa.contree	55		5b8fe6e6d950e5314b156952450d1135c4eb8e89c53689d542843c20c7b34986
w003676	12110000	12114999	12112499.5	ML_trees/7110000-7115000.fa.contree	55		d88a3a64026a0bc2a2b6450f0a0b57380215f53bace67b48028d297e9dae3621
w003677	12115000	12119999	12117499.5	ML_trees/7115000-7120000.fa.contree	55		81d162170cc2777ac5d9b7764796e8333776317bfe0ae948736cbdd058bd9440
w003678	12120000	12124999	12122499.5	ML_trees/7120000-7125000.fa.contree	55		b156ded812527a4290abf3ed5c0c49cb645e6d5530386247a6d1fad74e9b624e
w003679	12125000	12129999	12127499.5	ML_trees/7125000-7130000.fa.contree	55		a5e36b8257f542b8a82138077c4870fbb0f0f5d8db68374d7afc397cc45abf73
w003680	12130000	12134999	12132499.5	ML_trees/7130000-7135000.fa.contree	55		bb157a0bee00398b13fefcd7b48657c1703b29a36f3933e8bf706ae21f629425
w003681	12135000	12139999	12137499.5	ML_trees/7135000-7140000.fa.contree	55		77fb95886c362416551fbab656b664d4a03a88655059dc798544c71c16a745c2
w003682	12140000	12144999	12142499.5	ML_trees/7140000-7145000.fa.contree	55		110f4d893f82cabbbb7946ca9746f72f1ce6219d3102df76482f8b54d55bfe1b
w003683	12145000	12149999	12147499.5	ML_trees/7145000-7150000.fa.contree	55		95742886fd6a36c6b6ec230129999b54b1e303cdd7ad806de9a0f7824aa25dfb
w003685	12150000	12154999	12152499.5	ML_trees/7150000-7155000.fa.contree	55		7e34d31794b8d1491f403035909f4d9e7b90ae26d04239649d98e6d55ffbcceb
w003686	12155000	12159999	12157499.5	ML_trees/7155000-7160000.fa.contree	55		377b704dfbf3373a833315b80e2f3e3c6633766bda4cc34c1ea30ef6a5722290
w003687	12160000	12164999	12162499.5	ML_trees/7160000-7165000.fa.contree	55		d76965d508df4f01820153e761a06d63a55cc91e1494283a0dccd59c503ccdca
w003688	12165000	12169999	12167499.5	ML_trees/7165000-7170000.fa.contree	55		2dfa80c02fa3138935180a224c56f4ec650c27aee3ef6c9d5d5bc0c5946d318b
w003689	12170000	12174999	12172499.5	ML_trees/7170000-7175000.fa.contree	55		c40582bd0ed02d3ff2de2b2a18fbaca84b0fd353f588baead6376aa57f30e697
w003690	12175000	12179999	12177499.5	ML_trees/7175000-7180000.fa.contree	55		41bc49e523a761765bd8d05822f19b4ff5ce6757a3f978cc000000d8169498e8
w003691	12180000	12184999	12182499.5	ML_trees/7180000-7185000.fa.contree	55		00720e01f26c4306368339ec6e5a8365c8f02b527eb2b9551a310296e42fb7dd
w003692	12195000	12199999	12197499.5	ML_trees/7195000-7200000.fa.contree	55		07b864c02d044fa617f1bbca2a2839b085dc428085a18c484459075674ef7c8a
w003694	12200000	12204999	12202499.5	ML_trees/7200000-7205000.fa.contree	55		657b621ed91627164264d7399fada96e035d9e8b131ab042c3479698d9139564
w003695	12205000	12209999	12207499.5	ML_trees/7205000-7210000.fa.contree	55		1d238d2e787a6c57517fbbe8bb4a02840691042663ed5a4ba02ef296b50c7b6e
w003696	12210000	12214999	12212499.5	ML_trees/7210000-7215000.fa.contree	55		cc999d87d32f40eb022a5a9f99c6d3f4b07a1a4806b8a72de5547f872009e12a
w003697	12215000	12219999	12217499.5	ML_trees/7215000-7220000.fa.contree	55		19ee90f436231b7ad28f7792a6123844f07d69f36057b3da6380f35c7741b9d6
w003698	12220000	12224999	12222499.5	ML_trees/7220000-7225000.fa.contree	55		eb5ae6b6224a8cb8aa37363ce923fe072c837a5b942a03a3fd426f7182cbcd92
w003699	12225000	12229999	12227499.5	ML_trees/7225000-7230000.fa.contree	55		472aafa22e98ccb95a078da4ab36aa493889d83a4b970a4d8ca7a249befeb992
w003700	12230000	12234999	12232499.5	ML_trees/7230000-7235000.fa.contree	55		6fa06f4ebbbed445b68390cc560f4ef0aa9c885fa16201f950d179a1c222fc71
w003701	12235000	12239999	12237499.5	ML_trees/7235000-7240000.fa.contree	55		33c6985c523a8eaf1191f07580e0880dfb56ea8c72d9119e272229be4832f31c
w003702	12240000	12244999	12242499.5	ML_trees/7240000-7245000.fa.contree	55		67c7ad74e7472d8be05cb65f422c620ad9267650b3967ae70be499a7b414b83f
w003703	12245000	12249999	12247499.5	ML_trees/7245000-7250000.fa.contree	55		25d9cb0dd08936f1a3409517c6228a98312f8ce9196dce3569c5642955258d57
w003705	12250000	12254999	12252499.5	ML_trees/7250000-7255000.fa.contree	55		fda35d8483cccfe1892cedd518a20494e6cb99ca86a4227d1c1d28c92ebf9f2c
w003706	12255000	12259999	12257499.5	ML_trees/7255000-7260000.fa.contree	55		08d470547fa13ef6b5a81013aac6a50f86013c36fc452c915fec97e4a6d14168
w003707	12260000	12264999	12262499.5	ML_trees/7260000-7265000.fa.contree	55		bfcf961985d6ce880b223af210e40a5b8cb193715e1226f0073d1c703c1de83c
w003708	12265000	12269999	12267499.5	ML_trees/7265000-7270000.fa.contree	55		85ee22d3f5a0b88f196b520ed8491bb6f3f65bae986bb84c9123155dc4678755
w003709	12270000	12274999	12272499.5	ML_trees/7270000-7275000.fa.contree	55		16952e3f4f2bba8e3b24170d32109476064a5453b8e600c3ee4bd44f2deb2692
w003710	12275000	12279999	12277499.5	ML_trees/7275000-7280000.fa.contree	55		1d1f4132baef2f2345492feee396abe0eac6f0c49c37b45f1c8403a3ec140d45
w003711	12280000	12284999	12282499.5	ML_trees/7280000-7285000.fa.contree	55		826217aa8f4d9779c66bff43296b6c37b6d1a0f775bc3b1a9c8d206ccef49531
w003712	12285000	12289999	12287499.5	ML_trees/7285000-7290000.fa.contree	55		b29ffac0bea075e27a4a49144d442398b438a44834d5c594b5b75f7d44b3214f
w003713	12290000	12294999	12292499.5	ML_trees/7290000-7295000.fa.contree	55		d687fc2cb0b29f1e6969025c289b24d440cdff3bad3335c2be11b049a8d6d9a5
w003714	12295000	12299999	12297499.5	ML_trees/7295000-7300000.fa.contree	55		87d3a6beee14e17b9671beb2790a8a78e2b3ec0ddcfeb78e39f76d5dc3d1ad4a
w003716	12300000	12304999	12302499.5	ML_trees/7300000-7305000.fa.contree	55		177af351a9101273a50359c927f98916862fca70c53f67835f024b718288eeb9
w003717	12305000	12309999	12307499.5	ML_trees/7305000-7310000.fa.contree	55		663632b52f7243a72ed95702850856905b002e3feea3bd4bd1a46c6e3cd82d27
w003718	12310000	12314999	12312499.5	ML_trees/7310000-7315000.fa.contree	55		ca07640b2bb6a124c9f6c1c156826c43b52f9a204f8db7aa089b456faa7795ee
w003719	12315000	12319999	12317499.5	ML_trees/7315000-7320000.fa.contree	55		b3e6e7caf6b20827efb606c589cb986e7a98f8b9a7e78c9ad6147dd5a9da8bf3
w003720	12320000	12324999	12322499.5	ML_trees/7320000-7325000.fa.contree	55		459e1f7a0518845773b034acc128dd07c814c03bc7d23e5a2836cf0eadd5b7e9
w003725	12580000	12584999	12582499.5	ML_trees/7580000-7585000.fa.contree	55		4861c7d5b2ea5881968ed147d3366a089d1c5b413d530ba5a51d0970acba5bd4
w003726	12585000	12589999	12587499.5	ML_trees/7585000-7590000.fa.contree	55		743417319496707fae69033a19b63c01f63a93982af546be56bd5c16d3fe214e
w003727	12590000	12594999	12592499.5	ML_trees/7590000-7595000.fa.contree	55		f09461e91ebadc0d3846812873a159ea1c39a09f3b1f9ba58809b62165bf3f33
w003728	12595000	12599999	12597499.5	ML_trees/7595000-7600000.fa.contree	55		7379c4706630099fb8a08e20247310527a19640380f36ed337aa8bd92238834e
w003729	12600000	12604999	12602499.5	ML_trees/7600000-7605000.fa.contree	55		459711d5298aab9326104639b2a7cc0aef0a3f47d0f6a3831e6f9d1c2db91fd2
w003730	12605000	12609999	12607499.5	ML_trees/7605000-7610000.fa.contree	55		5569752d43f131c5188f9305581a11838e653009e28f9ac7ee762656b4735667
w003731	12610000	12614999	12612499.5	ML_trees/7610000-7615000.fa.contree	55		be2a60f130103b176b3e664e1a392655f24c2544e15547f2a7c27e82c7a175fe
w003732	12615000	12619999	12617499.5	ML_trees/7615000-7620000.fa.contree	55		03425aff9da3d8fa0ae1892970e3ac25d3993fb9297b0cc16c2d78fc45d56c89
w003733	12620000	12624999	12622499.5	ML_trees/7620000-7625000.fa.contree	55		9e57ec140718f4c6ec9549c626bfb4bebadfeae00f5ac2ba18ead490a244ccf3
w003734	12630000	12634999	12632499.5	ML_trees/7630000-7635000.fa.contree	55		508ed88b89254f1f4c1375d9e9f86ed3c50dcc154339b21b49f235a8e70097c6
w003735	12635000	12639999	12637499.5	ML_trees/7635000-7640000.fa.contree	55		f2ed1f3095bc6bf58f8191cc12b691366d84184d84dd1825be277e0ac11e6658
w003736	12640000	12644999	12642499.5	ML_trees/7640000-7645000.fa.contree	55		2faf9f0ead452a6037ce21cffee36f84d88232ccb3406d990cea97f15b99a8cb
w003737	12645000	12649999	12647499.5	ML_trees/7645000-7650000.fa.contree	55		75f8bac3143fd3c624a754703774ed6694698e109e2c57a81b9ff06c4765ddde
w003738	12650000	12654999	12652499.5	ML_trees/7650000-7655000.fa.contree	55		7a632b0c2e0780182f86309be1edaa105f2363949b9bc5dae145371df14963e2
w003739	12655000	12659999	12657499.5	ML_trees/7655000-7660000.fa.contree	55		8faf0d4adcdad8acb48be11bad620693b19e3ce113985fbc04a972926d75302b
w003740	12660000	12664999	12662499.5	ML_trees/7660000-7665000.fa.contree	55		7d8e693fe7ece7f0f04bb8e57cdb33a67e27f0fb8578f1e46dcd1393cc74277f
w003741	12665000	12669999	12667499.5	ML_trees/7665000-7670000.fa.contree	55		05d2a203f3483e610f1b2ad6826337a5c9419db23593dc6839db5a93da63996f
w003742	12670000	12674999	12672499.5	ML_trees/7670000-7675000.fa.contree	55		5d8be80a581a2110392e98940d1a03d77a531f60bdcd615a1e7d6f23846f16a3
w003743	12675000	12679999	12677499.5	ML_trees/7675000-7680000.fa.contree	55		c1569b14398be72740f8b81e72c19bedf8eb59bb2805648a3d5392377b34438c
w003744	12680000	12684999	12682499.5	ML_trees/7680000-7685000.fa.contree	55		35e45af2a311ecf7851a2fd3131221e3d389f10beefeb09f332ee82e359ff662
w003745	12685000	12689999	12687499.5	ML_trees/7685000-7690000.fa.contree	55		36940fe202d3844dfed8ef27af8202b125759152c5e8bf859a2df14553923e76
w003746	12690000	12694999	12692499.5	ML_trees/7690000-7695000.fa.contree	55		b9e5a0132d96fe77f54619b10087f9171167b19697cc070375d24952bde0ded3
w003747	12695000	12699999	12697499.5	ML_trees/7695000-7700000.fa.contree	55		ba94fcb3c44f1dbc519ef1ef25f7987a91bea51d2d57943e38a044eb6f3b820d
w003748	12700000	12704999	12702499.5	ML_trees/7700000-7705000.fa.contree	55		85eca9b8d09575716b2e5027a730fbf716a404336d60ce3dbe7af1474760d84f
w003749	12705000	12709999	12707499.5	ML_trees/7705000-7710000.fa.contree	55		2f76dc5fe2861bc7d174af7367fcfde5fc6003b9f6b96fb2f05159951ef3c035
w003750	12710000	12714999	12712499.5	ML_trees/7710000-7715000.fa.contree	55		c8a59db259da56fcc5c33b0617160b64d7f8bb0fb94ad81e4a4e7b87fc03fb22
w003751	12715000	12719999	12717499.5	ML_trees/7715000-7720000.fa.contree	55		4975e60900c67f342a6492fcfd2982c929056a2acf7521b119dbafa2bc03ada9
w003752	12720000	12724999	12722499.5	ML_trees/7720000-7725000.fa.contree	55		bb35034444f3684f9f7187b9f68f32c26d0e12fd103e2f6fc95285e3dec2be71
w003753	12725000	12729999	12727499.5	ML_trees/7725000-7730000.fa.contree	55		4ed1da667adfe731644111007ab0770fe101e4d1ccf1b7224f4029a269a5ef01
w003754	12730000	12734999	12732499.5	ML_trees/7730000-7735000.fa.contree	55		0ace93735073a781f93d3d978915662a44df9b1ff345b2076e78bde51fde2ef2
w003755	12735000	12739999	12737499.5	ML_trees/7735000-7740000.fa.contree	55		55cc1b4637c3aa643a819d2011befeb18ed18e389a5098dcfde00f0930935087
w003756	12740000	12744999	12742499.5	ML_trees/7740000-7745000.fa.contree	55		79aa25c2a0ad3bdb0581f9955ce62a9d733f8613b09afd8c27cf77d8d46173ab
w003757	12745000	12749999	12747499.5	ML_trees/7745000-7750000.fa.contree	55		43396f9b233f484e6786dbc69baa378d016103c8e922aedca1ef742b4a983a40
w003758	12750000	12754999	12752499.5	ML_trees/7750000-7755000.fa.contree	55		c0d10be96d24bc74aa20243c0a74c3771b7edc06bb957ebb207ea9765e6a40c7
w003759	12755000	12759999	12757499.5	ML_trees/7755000-7760000.fa.contree	55		20180e7885e29d65ccfd79071de5958cabbc5881a9d08ebef8cc03339cb63f34
w003760	12760000	12764999	12762499.5	ML_trees/7760000-7765000.fa.contree	55		2919baad547aa3a25dedb20ee4b8caf8eeefcf739e2e91a11c8928d47cd14445
w003761	12765000	12769999	12767499.5	ML_trees/7765000-7770000.fa.contree	55		13f618ee3bb1991e4021e2c9c5911fe7d6ae9be9a7164daa050301517e631deb
w003762	12770000	12774999	12772499.5	ML_trees/7770000-7775000.fa.contree	55		2fd196f03b4477f7bec970b4533c6110cefa5cad5b50461b04bcf3efafb1b2ea
w003763	12775000	12779999	12777499.5	ML_trees/7775000-7780000.fa.contree	55		2a93a64100071d3181c8b1b42f679e2fb5e78e8f2cc3e01f64620b86aa3343cb
w003764	12780000	12784999	12782499.5	ML_trees/7780000-7785000.fa.contree	55		c38ead898d64ecb6e74eb40a40d9a4d58ea61d95495a58a1fc2f3d49c31f21a6
w003765	12785000	12789999	12787499.5	ML_trees/7785000-7790000.fa.contree	55		14a1cc66e5082f6b36b6e6d16930fb4b3b66859b423f4bd7c0ab3a2c805c3067
w003766	12790000	12794999	12792499.5	ML_trees/7790000-7795000.fa.contree	55		75d821adfbb0bf4405f92f5fdef2e41807dc7f0126d1521030ead85694143bef
w003767	12795000	12799999	12797499.5	ML_trees/7795000-7800000.fa.contree	55		7a46badf322d662f945bbb120c57dc089c91cac81bd0ffa98a11f652689d84ef
w003769	12800000	12804999	12802499.5	ML_trees/7800000-7805000.fa.contree	55		7e7a61a3bb40ab4a46ae9dd1777b35c3d328ec48d88ea7c4b46f868a59c0f6cc
w003770	12805000	12809999	12807499.5	ML_trees/7805000-7810000.fa.contree	55		3a4e22a890d2b06a03836e82d98f5b8377d32a5cc5528312b7c041efc55d9c3c
w003771	12810000	12814999	12812499.5	ML_trees/7810000-7815000.fa.contree	55		21b9c0e66a6af76087bb5581e9030e21783d24e253027ec7de50e23ae539e9be
w003772	12815000	12819999	12817499.5	ML_trees/7815000-7820000.fa.contree	55		4cb6b8829f647079bffa8dfd7e933cf29c449b90c37cab6b2909fc891b6da490
w003773	12820000	12824999	12822499.5	ML_trees/7820000-7825000.fa.contree	55		c6c179f65fef13f737aa40e3c0637657f9333c33d46d9481040faac27d5ab0d0
w003774	12825000	12829999	12827499.5	ML_trees/7825000-7830000.fa.contree	55		9987d0f1436a02177331d34e13c21eca5ea6fe72381f8fb59e9219a87638fcd1
w003775	12830000	12834999	12832499.5	ML_trees/7830000-7835000.fa.contree	55		167a8bc465b9e8cf7c550c3ae5696a1ea94eab64aa8b15e47748981afa1be822
w003776	12835000	12839999	12837499.5	ML_trees/7835000-7840000.fa.contree	55		d39a3c1f5800db37d1a9c24554e992d0ef2ea7fa0b34b6601997a285bd0a557c
w003777	12840000	12844999	12842499.5	ML_trees/7840000-7845000.fa.contree	55		01bbf3b7367ff674b1a58d6a4f658671cc64da0b04163821260d45434401bd61
w003778	12845000	12849999	12847499.5	ML_trees/7845000-7850000.fa.contree	55		d62c28d4e7b88eaafb49c8d8600343899282cb397162b68222abcb1fda1db30e
w003780	12850000	12854999	12852499.5	ML_trees/7850000-7855000.fa.contree	55		ffa2c0e08920c7d19372afd9506021d7ba3efa477e717f08874b6805fccbfb0a
w003781	12855000	12859999	12857499.5	ML_trees/7855000-7860000.fa.contree	55		5f15724eeb0cebfac5d90e615729be338753d68ab18f5182b51ad18a14a28ad2
w003782	12860000	12864999	12862499.5	ML_trees/7860000-7865000.fa.contree	55		3b26e7fe93210287777a1d41730469c86185b5d8a22b98b28d557086de0bf71f
w003783	12865000	12869999	12867499.5	ML_trees/7865000-7870000.fa.contree	55		f93b806f4c206b361041db35477271f6ce7b6e1e3aea7e0edf747a902a226e80
w003784	12870000	12874999	12872499.5	ML_trees/7870000-7875000.fa.contree	55		9baa47fa54f222b25f67f1d178726c8a7afd9f77d1279e5c33d60b6d01952a74
w003785	12875000	12879999	12877499.5	ML_trees/7875000-7880000.fa.contree	55		9c8d827348b4bb9b2fe12c56dc81d7db2efbae6509c6590f0c80e18417f9c52e
w003786	12880000	12884999	12882499.5	ML_trees/7880000-7885000.fa.contree	55		54452bfa138ec29e33fd0881945ac9ff33fa33e583c286c2e6766f8373b75443
w003787	12885000	12889999	12887499.5	ML_trees/7885000-7890000.fa.contree	55		cfbd55c67b55fa21300f25a529c232f095de4c8aa9506adffdc518e7c98566e3
w003788	12890000	12894999	12892499.5	ML_trees/7890000-7895000.fa.contree	55		c84e96b2b79de784552786a8e445000e7c988fe18a1b4cd1cf8e7489a4859149
w003789	12895000	12899999	12897499.5	ML_trees/7895000-7900000.fa.contree	55		884431a99699e7989e47f8c6f7ebf70119b1bd637efe7e7b0e650eb6a2686418
w003791	12900000	12904999	12902499.5	ML_trees/7900000-7905000.fa.contree	55		813195cdb8b8caeccebafa0083ad1fe33bc46145f4d1ff080099a278c820bf92
w003792	12905000	12909999	12907499.5	ML_trees/7905000-7910000.fa.contree	55		59880e54f0214787556e4827be241ad09fe612f20164b2f779f9891ab327483c
w003793	12915000	12919999	12917499.5	ML_trees/7915000-7920000.fa.contree	55		601f5aa4fa09dd7958ab42b42b092f7e59048bfb408b5232900f469222d5bf66
w003810	13660000	13664999	13662499.5	ML_trees/8660000-8665000.fa.contree	55		bf47c5da9a4d52b81af737f8d90b5c62f192bce075e1f9a70c93f7505678c3be
w003811	13665000	13669999	13667499.5	ML_trees/8665000-8670000.fa.contree	55		2f6ce73daa5d4513dea0aa365667d80d068f3c523b67389202b76aa07bf077a1
w003812	13670000	13674999	13672499.5	ML_trees/8670000-8675000.fa.contree	55		040cbddb4edc5942492bbf58fe79c39404ed34215edeab781857e368992f314c
w003813	13675000	13679999	13677499.5	ML_trees/8675000-8680000.fa.contree	55		0cbe6eaac91a0beca896920b9d1e794f408dc2f49bf0427d28faa689d96519f6
w003814	13680000	13684999	13682499.5	ML_trees/8680000-8685000.fa.contree	55		e1915a6022a69472d5ec65794b7a8a0e4f88558a663a036d12577a7ec2ceff64
w003815	13685000	13689999	13687499.5	ML_trees/8685000-8690000.fa.contree	55		b26cd509c8dc540bdb247a2170936a381168d3671838d447603d8fd471d477bf
w003816	13690000	13694999	13692499.5	ML_trees/8690000-8695000.fa.contree	55		f68c0909213727639dcd716c9e53ff762c19054d488b10772162cf9e3dfd7611
w003817	13695000	13699999	13697499.5	ML_trees/8695000-8700000.fa.contree	55		896e320fcfa1a117251270c7d8686da1665e921c5f7e7024e743e43aa493b516
w003819	13700000	13704999	13702499.5	ML_trees/8700000-8705000.fa.contree	55		19cc0397011b8f1360ba78e6f523be3c22fc987475f21274566b3a4bb570740b
w003820	13705000	13709999	13707499.5	ML_trees/8705000-8710000.fa.contree	55		303321c7437f651022c0ba365f01b581ca5ca41a12882dbb93d32d19fb740056
w003821	13710000	13714999	13712499.5	ML_trees/8710000-8715000.fa.contree	55		4e0e9896a0cc607cbedd7f2a04dc4c0a40979a7d18fb2cd6d36b3aa9d519ac75
w003822	13715000	13719999	13717499.5	ML_trees/8715000-8720000.fa.contree	55		d81bd10bd8573ad507f3c2650a25d6a69e69bb5b67ebd7c12c7941b067791c9a
w003823	13720000	13724999	13722499.5	ML_trees/8720000-8725000.fa.contree	55		26e8a9aa3678c68fee460346e69a0b8a63812ddc42eaf924f2d7a47bc4808c89
w003824	13725000	13729999	13727499.5	ML_trees/8725000-8730000.fa.contree	55		56fb902f29e56c383dfbeabf1c5b66725ef3b0ecb27373f72187e1cad8735652
w003825	13730000	13734999	13732499.5	ML_trees/8730000-8735000.fa.contree	55		9764bd89c16e2a18a9c242d66cce8eed689b19146a0c0dd6c2691c68292ff459
w003826	13735000	13739999	13737499.5	ML_trees/8735000-8740000.fa.contree	55		5ea89ccd7053f5bd45c321c8dbbba963ad2c4c121cfd795b02d03edc92995169
w003827	13740000	13744999	13742499.5	ML_trees/8740000-8745000.fa.contree	55		bb712e6f967ced256d018d9a8c480a61460994cedede3d887908dd18b6b71133
w003828	13745000	13749999	13747499.5	ML_trees/8745000-8750000.fa.contree	55		f594864a595bdfd12dc019c6f82ed0ea107bf7f183cf9e951b4f4e22e1680af6
w003830	13750000	13754999	13752499.5	ML_trees/8750000-8755000.fa.contree	55		143e348ab9714106fec8142db09c7499d969f9ebc3fc0c565f9383989d3763f6
w003831	13755000	13759999	13757499.5	ML_trees/8755000-8760000.fa.contree	55		512a644b3f54c71cb9c8e4b9d31e2b0f608544df2228812f92d893c5948a38da
w003832	13795000	13799999	13797499.5	ML_trees/8795000-8800000.fa.contree	55		09a53b53cd62eb20f19679326235a6857469a30847c37e3f26c01c9dd45a1cf5
w003833	13800000	13804999	13802499.5	ML_trees/8800000-8805000.fa.contree	55		05321638942adc128fb2bbf4d189a55ed9e8f166ef05df215d41db349e84266b
w003834	13805000	13809999	13807499.5	ML_trees/8805000-8810000.fa.contree	55		5b796b481047f4c2d5a529633e9716ffbfb65ad0e1bba16efd09cbfe9a2d6fe4
w003835	13810000	13814999	13812499.5	ML_trees/8810000-8815000.fa.contree	55		f3acb67c3e063170f956edd6ae53783209567a241ad8ae4783a8d389ad48e344
w003836	13815000	13819999	13817499.5	ML_trees/8815000-8820000.fa.contree	55		099b696631d478cb191c7c54be7156bb8cbdb97fc1180bdcd03f365bf4df1af7
w003837	13820000	13824999	13822499.5	ML_trees/8820000-8825000.fa.contree	55		b793da5ef3eb9de126acc2bbdbcf292465fc8386b361dc6d464fe31dc088a819
w003838	13825000	13829999	13827499.5	ML_trees/8825000-8830000.fa.contree	55		0a4227d59847a3b8d4ca067ecf240411ac1f9fc104ee26df0036cf70a52242ba
w003839	13830000	13834999	13832499.5	ML_trees/8830000-8835000.fa.contree	55		d3079494649c5e4660130cc2df1fa8eb0a1327daf78298f77bd61bdfd368496f
w003840	13835000	13839999	13837499.5	ML_trees/8835000-8840000.fa.contree	55		28ccb3c41c98a538d7a11c02a59d60ea1d3402a74e5299bc8e362baaec22206a
w003841	13845000	13849999	13847499.5	ML_trees/8845000-8850000.fa.contree	55		a4d27272c73198a03fb85ea0a15bf599936590123faca816e303540921670b93
w003843	13850000	13854999	13852499.5	ML_trees/8850000-8855000.fa.contree	55		fa53c25a525f61bd2f338083408508a49dc12b05d0bf2729c9a6e31d8655bee0
w003844	13855000	13859999	13857499.5	ML_trees/8855000-8860000.fa.contree	55		3aaef64e6b5310b4190a7a7129407530117335cd7c88c8add4fd3fbcaf7a1279
w003845	13860000	13864999	13862499.5	ML_trees/8860000-8865000.fa.contree	55		2f0a7990c58f736af7ffabc3f9d4d7bebfc65246ad1f4a572c9f84aca0072e65
w003846	13865000	13869999	13867499.5	ML_trees/8865000-8870000.fa.contree	55		cfd3b8e89e7eb59d72db34f932034da30ea19464900f2c8a1e8f85bfc527ff1a
w003847	13870000	13874999	13872499.5	ML_trees/8870000-8875000.fa.contree	55		75b09f89ab17d97164ff7d42bcdbb4b4b8285563cd2b1996ae35c130818f7a85
w003848	13875000	13879999	13877499.5	ML_trees/8875000-8880000.fa.contree	55		33396ac5fb596d449a877d2201566329155478e86af3fc1e05486143d74e5843
w003849	13880000	13884999	13882499.5	ML_trees/8880000-8885000.fa.contree	55		ec46ce7134b9b0a9a73620286a802db488134c8d9b0f24881d36dac770734607
w003850	13885000	13889999	13887499.5	ML_trees/8885000-8890000.fa.contree	55		575b8f50f77fbb951034893102ecd938de2518349f1a75d0e4e3c269ff4c15b5
w003851	13890000	13894999	13892499.5	ML_trees/8890000-8895000.fa.contree	55		f29506d216ed702d371ed99d9c54ed3af8275233f3f4ed2c57aa3c6e91f08d06
w003852	13895000	13899999	13897499.5	ML_trees/8895000-8900000.fa.contree	55		57642bfad2c0d184ee8124a2855d1e51bcd47b5dab4ad27fb87a00d06ce4c889
w003854	13900000	13904999	13902499.5	ML_trees/8900000-8905000.fa.contree	55		2e7bf1fd82e5c116b8ea5946a443d324ac14baaaca3cd64b3f2412c2c9564871
w003855	13905000	13909999	13907499.5	ML_trees/8905000-8910000.fa.contree	55		a5968df33b1b51e12a4e86ae196061a86fecfa6c6d86a00c6f6b865b575c2731
w003856	13910000	13914999	13912499.5	ML_trees/8910000-8915000.fa.contree	55		c44d00760b6180cd460766563939fba913b9497d70cc8be3ccd8da0e467a0fed
w003857	13915000	13919999	13917499.5	ML_trees/8915000-8920000.fa.contree	55		0169a6de2cece30ef2e2411181b438887991ba645dc36040974c52967c7383f3
w003858	13920000	13924999	13922499.5	ML_trees/8920000-8925000.fa.contree	55		a6561c3d4bd3aa3bb8af4742e91e8709e9daf4e39528d07ecc8d9508a1cc3a7f
w003864	14115000	14119999	14117499.5	ML_trees/9115000-9120000.fa.contree	55		48e722e24fd0d32d2133cfb351d60adcd85ea00c5fcc0badc1bd301527a3c26c
w003865	14120000	14124999	14122499.5	ML_trees/9120000-9125000.fa.contree	55		33007560d7d5397b6a86292d376102848769bac191ab0b5ac4e9263a196b8d58
w003866	14125000	14129999	14127499.5	ML_trees/9125000-9130000.fa.contree	55		ee9b9f0277bcfbc76ae46903501ef7337386e2b8c4f8cf7c72974650f55d86d1
w003867	14130000	14134999	14132499.5	ML_trees/9130000-9135000.fa.contree	55		e5aeae7049cc4c4878a815f9e9ce749bc4c944f6275f94e28f25b57c2463362f
w003868	14135000	14139999	14137499.5	ML_trees/9135000-9140000.fa.contree	55		45a7c3b7827705dd90727ea394c29c3130e52ff0ca10793d29a685cf3d2db992
w003869	14140000	14144999	14142499.5	ML_trees/9140000-9145000.fa.contree	55		5c003552212533e5f33a52932e784377c3bcedf57cc90232ee6adf45dfb2ab54
w003870	14145000	14149999	14147499.5	ML_trees/9145000-9150000.fa.contree	55		630cbaf1e00a305766d40824954c013440937ee93c638dda0f184d435993bdd9
w003872	14150000	14154999	14152499.5	ML_trees/9150000-9155000.fa.contree	55		8467c5b1e4a97e2eae1dd398eebd759d41ea8655e80892e4ec53f0bd4b989833
w003873	14155000	14159999	14157499.5	ML_trees/9155000-9160000.fa.contree	55		a855dc68bfd7398eae98e5a7392fed1ea3fc9aca0447571948724edf7d2d09b9
w003874	14160000	14164999	14162499.5	ML_trees/9160000-9165000.fa.contree	55		e07d9a9f63b1bb90a47a51e4e91485cca3fa7db09ebc2fcc600219339469ff83
w003875	14165000	14169999	14167499.5	ML_trees/9165000-9170000.fa.contree	55		39f3baeb98908fe2ba1488509b0d2fbdb2fb0c3770774bc19f320a37a14f22c7
w003876	14170000	14174999	14172499.5	ML_trees/9170000-9175000.fa.contree	55		acef0bf1c0ac2bb136a5ae25b0b6f0e2bae47e53af200d77d7d34fa0588ad66f
w003877	14175000	14179999	14177499.5	ML_trees/9175000-9180000.fa.contree	55		25507ae96577f91a94bd277612a87e210a36b8e564d199897bfa0af514eacbe3
w003878	14180000	14184999	14182499.5	ML_trees/9180000-9185000.fa.contree	55		3a893bc7e5d35a73662c45200b1ba6dc043cce3156d478fdac0f1c99024022f4
w003879	14185000	14189999	14187499.5	ML_trees/9185000-9190000.fa.contree	55		0df627220695d67ad4b9cec92ea8c8141ea003b308becb87cd6660147a4e2ba5
w003880	14190000	14194999	14192499.5	ML_trees/9190000-9195000.fa.contree	55		6a09cbcb32df75d0dd8343138a563d478a438d70ba354025a57fe2d626723ef6
w003881	14195000	14199999	14197499.5	ML_trees/9195000-9200000.fa.contree	55		d1c2e496ff50c10ea0794d482a7bf46eb9d1b1636dc9010c37b61ec7d2250552
w003883	14200000	14204999	14202499.5	ML_trees/9200000-9205000.fa.contree	55		0caff36916ef9f5703383df7510c6dc2c81348aeb0bbaf6cf22830a98cdbea64
w003884	14205000	14209999	14207499.5	ML_trees/9205000-9210000.fa.contree	55		f117730efb3c1a3d3784cf35ab9e284b5f08168e1895714143c2ee2b6f8a64cb
w003885	14210000	14214999	14212499.5	ML_trees/9210000-9215000.fa.contree	55		05f0224e1b9a27888910cfa623be3811396b3e35d0cbf5de2e4bd6500c1c2abc
w003886	14215000	14219999	14217499.5	ML_trees/9215000-9220000.fa.contree	55		e62b32da397c7be366e01aa684f643f7bbda23912901e9a07081da141f9ddc79
w003887	14225000	14229999	14227499.5	ML_trees/9225000-9230000.fa.contree	55		22977229aa9aed6498ce8c7aafab0a0b9ac1d9f3b646c440432b3e502aa512f0
w003888	14230000	14234999	14232499.5	ML_trees/9230000-9235000.fa.contree	55		199db17ecf621be05bbd97249d1345375967d35e1048ab2dd478a81f9cc1951a
w003889	14235000	14239999	14237499.5	ML_trees/9235000-9240000.fa.contree	55		554ae9dd2d1a54a30ef89a6a7cd3235c0479acea37cde8fd0d7e47ab668897d1
w003890	14240000	14244999	14242499.5	ML_trees/9240000-9245000.fa.contree	55		d4460b5e66d706ed9655c4dbcd252a085dd1e4f8ee34755400cce57e5d840d6d
w003891	14245000	14249999	14247499.5	ML_trees/9245000-9250000.fa.contree	55		88218eed58a1e6ce12a1ec4103e7cfece081ccd8badfb95634c20243b9e53adf
w003893	14250000	14254999	14252499.5	ML_trees/9250000-9255000.fa.contree	55		4291bd14d53ebce828429fbec2affd2418eab1e0a7f307ac1cc04b6226797481
w003894	14255000	14259999	14257499.5	ML_trees/9255000-9260000.fa.contree	55		449ce9fab589ea740c5ba8f70be5f30681a31b27da39bd52fc58a03cd3642c7a
w003895	14260000	14264999	14262499.5	ML_trees/9260000-9265000.fa.contree	55		082e9fe90e3288216e4f1ea10f98e0f5df654d0bcb8087e953a918d02076ccee
w003896	14265000	14269999	14267499.5	ML_trees/9265000-9270000.fa.contree	55		fdcf25df4028ddfe4f9b23ea55a389a23578535d0e9494ff5774e6629fb67c0f
w003897	14270000	14274999	14272499.5	ML_trees/9270000-9275000.fa.contree	55		94cd7e4e83637e8288119ef4d7e60633c29f45b341548787c92c8498206fa7e6
w003898	14275000	14279999	14277499.5	ML_trees/9275000-9280000.fa.contree	55		1fb6d187a1260f69fc994d8c3c7eff065a1bec31c60b3d5f7ab14016fb583490
w003899	14280000	14284999	14282499.5	ML_trees/9280000-9285000.fa.contree	55		05543a806318d06475f96a3bf23d6b215fe2e031a4227e410d7fb4118a4f9b7a
w003900	14285000	14289999	14287499.5	ML_trees/9285000-9290000.fa.contree	55		fb9bd0ba5ff108f0e8c95ef20d773d08d53ae4e1c49ed5db2df6b8a7b11b4df0
w003901	14290000	14294999	14292499.5	ML_trees/9290000-9295000.fa.contree	55		329f6917330b371df2e7a0c1ed4444894f657d3832ba22634b6a51ab1aef53fb
w003902	14295000	14299999	14297499.5	ML_trees/9295000-9300000.fa.contree	55		cd0ce8a9eb77da345432ec4aa91591d9bf94efd7858855ec9482fef8a854b2b9
w003904	14300000	14304999	14302499.5	ML_trees/9300000-9305000.fa.contree	55		2401da3a8024fd804bfd318723e83821f128589901e6e9a0cc07989263167178
w003905	14305000	14309999	14307499.5	ML_trees/9305000-9310000.fa.contree	55		6360f928055f2cef749a4f10bf17e607726fcf8f5055f4e77c1861cd5d48542b
w003906	14310000	14314999	14312499.5	ML_trees/9310000-9315000.fa.contree	55		47645114b2e50a46a0dad5075c4eca17ebbf778b10006b72450a923f540e96b0
w003907	14315000	14319999	14317499.5	ML_trees/9315000-9320000.fa.contree	55		db617d98b3ee6e6cceddd964e5e9e17d34f8def8c48aa488e0c318c63450644b
w003908	14320000	14324999	14322499.5	ML_trees/9320000-9325000.fa.contree	55		1ed654dfee637a81e33a57cf533526944b405833dca9305e2a75274209acb9bd
w003909	14325000	14329999	14327499.5	ML_trees/9325000-9330000.fa.contree	55		277f3e983d272a8b46354361309853e382949fb520aa0a90dd410ce79143969b
w003910	14330000	14334999	14332499.5	ML_trees/9330000-9335000.fa.contree	55		866701977d2c3957ff79afe25e15901b4570454c7f367322e7e7cc7b6b033526
w003911	14335000	14339999	14337499.5	ML_trees/9335000-9340000.fa.contree	55		492acb917ccf4902d219e7949404c08bdc519d4c01d5d1e4cb05e448e99d7703
w003912	14340000	14344999	14342499.5	ML_trees/9340000-9345000.fa.contree	55		df7e03c9c0205da827a6869e1fed19043b52e74fafa08c75cc53f16201cfb8a9
w003913	14345000	14349999	14347499.5	ML_trees/9345000-9350000.fa.contree	55		9c65049d2702c01949f926a93ee73c891c7200356cbaec9e66942c4364e9179a
w003915	14350000	14354999	14352499.5	ML_trees/9350000-9355000.fa.contree	55		a5ae82a6d3af2b081091d239d6ad5c4ffe7e5bfaefbae6cd97098b03679daa03
w003916	14355000	14359999	14357499.5	ML_trees/9355000-9360000.fa.contree	55		685eae25cebb2165c6b7cbd8f13c71de56a29bf5309b472bfaaa484f727010cd
w003917	14360000	14364999	14362499.5	ML_trees/9360000-9365000.fa.contree	55		63717367ca14c6587fb4193f2872dc3da0a36b4dc06cf4addaa47d912ea158b5
w003918	14365000	14369999	14367499.5	ML_trees/9365000-9370000.fa.contree	55		12d9584b4945e4c5f36df1eecb6b0478a93b81cf472277d2e0b8f16ddd9258e7
w003919	14370000	14374999	14372499.5	ML_trees/9370000-9375000.fa.contree	55		63f6577154980849ca904b7fa1b41e3e528adff346bc2d8e49e5eec93be21a49
w003920	14375000	14379999	14377499.5	ML_trees/9375000-9380000.fa.contree	55		5e75022cf6911780b4f52c5982ed2ef2e263f55b7c336283f001a297729985ba
w003921	14380000	14384999	14382499.5	ML_trees/9380000-9385000.fa.contree	55		745ff4c304462fa1ef6547cfa573ffb542cf9505086bb88bf95da4a76a4aea8d
w003922	14385000	14389999	14387499.5	ML_trees/9385000-9390000.fa.contree	55		acb577c1d1d56b2c0c0429b0a0e96a2f3e71d7d61f3024f772ff5a1157c3f379
w003923	14390000	14394999	14392499.5	ML_trees/9390000-9395000.fa.contree	55		42917888bb2a32f5cd329d18e598dd9108d7695e28cfc3a71bc99cd846da4f76
w003924	14395000	14399999	14397499.5	ML_trees/9395000-9400000.fa.contree	55		9e857d6b8234607a0eb00105c04baad86fa1a5a1478e5ef1ae7d1df4bed448c9
w003925	14400000	14404999	14402499.5	ML_trees/9400000-9405000.fa.contree	55		b32fe2662ac67955a20775732f49a4a08ec362f8c78d103e37942a27315e8bfd
w003926	14405000	14409999	14407499.5	ML_trees/9405000-9410000.fa.contree	55		33fd2aa0d4c608b742639750e3617676bd313d717252d47eda39648f4e292618
w003927	14410000	14414999	14412499.5	ML_trees/9410000-9415000.fa.contree	55		557ad570a46247e697458b63672daa324b9d39dbe3c5e79cc1b68454fffbee3d
w003928	14415000	14419999	14417499.5	ML_trees/9415000-9420000.fa.contree	55		c779cb4f9070c1ce17176b51d38b4bf246a02f6b37c293457439ca97bdf04866
w003929	14420000	14424999	14422499.5	ML_trees/9420000-9425000.fa.contree	55		6602a608b27a398c2cfd644379564cb570d0783e3c6fb21052cefcf744e51e88
w003930	14425000	14429999	14427499.5	ML_trees/9425000-9430000.fa.contree	55		0d85db6b4300ec9400fb0f092d79754eed598156fafdf35187841c991d334a46
w003931	14430000	14434999	14432499.5	ML_trees/9430000-9435000.fa.contree	55		449f8f5e41cbb8f8f257fc6dbdf695c3357cf9172b8aecb298a1518c8f8a28d3
w003932	14435000	14439999	14437499.5	ML_trees/9435000-9440000.fa.contree	55		e1306ffef6da0279d4defb015a04db918d5be4bd3588a2177f1d4d7861aec5b4
w003933	14440000	14444999	14442499.5	ML_trees/9440000-9445000.fa.contree	55		d378d109eda333e3816734bd9c18f8f0db7954f7b114f829b2e8ea8bd2089035
w003934	14445000	14449999	14447499.5	ML_trees/9445000-9450000.fa.contree	55		c43ceb29488214c3280486284659950494454db2c2adc9c4ee196fc93dd90f08
w003936	14450000	14454999	14452499.5	ML_trees/9450000-9455000.fa.contree	55		f1345d740ee581659363e47eee55328c42b20c5645e1bcb8289174d209ca049e
w003937	14455000	14459999	14457499.5	ML_trees/9455000-9460000.fa.contree	55		3b323878ddad717a624bba586f2c308a7d3f65bcf7cb29ad1e1e3ea4e1646ce3
w003938	14460000	14464999	14462499.5	ML_trees/9460000-9465000.fa.contree	55		b01262490165fbacdf3aebd5914da3974c55275ea55bff86208c6a4a79c265d8
w003939	14465000	14469999	14467499.5	ML_trees/9465000-9470000.fa.contree	55		dded6af32e90afb9e4dfc7b43f5b772e0791513cf31b3d1db9f97a69d699d914
w003940	14470000	14474999	14472499.5	ML_trees/9470000-9475000.fa.contree	55		7b262f87ace0189271b2c55890f46aa53a1fa11ef49331001eca9f4d80fef9a6
w003941	14475000	14479999	14477499.5	ML_trees/9475000-9480000.fa.contree	55		b5b8c5b841ab7f93af166617a2c99c51a8d8674e0599e097d879d83dbfbf3591
w003942	14480000	14484999	14482499.5	ML_trees/9480000-9485000.fa.contree	55		805980f50434311ae50ee2337b6b1072f75a3d9e28b5b0eec17bb98a42f3e51d
w003943	14485000	14489999	14487499.5	ML_trees/9485000-9490000.fa.contree	55		10c158465d169c6d4bd46e4129457bb8586e1725751c850a2c5d0cd514c79d7e
w003944	14490000	14494999	14492499.5	ML_trees/9490000-9495000.fa.contree	55		35262f585935fa4cd460f53c3ee5f5cb919c45488e96ea06373a975f353b3590
w003945	14495000	14499999	14497499.5	ML_trees/9495000-9500000.fa.contree	55		852cf8842aa39ceec61c2949f9a6576127b8a01b6ecb1c67b883c8d155c67833
w003948	14500000	14504999	14502499.5	ML_trees/9500000-9505000.fa.contree	55		fcd8b604946fb26460d32e0a689cf40a8cad7f179d2c680a8430a58941e317a9
w003949	14505000	14509999	14507499.5	ML_trees/9505000-9510000.fa.contree	55		3260888ea06bde1ed2c757339bbdf50d614f66e59282bb8141694b81d0f605d1
w003950	14510000	14514999	14512499.5	ML_trees/9510000-9515000.fa.contree	55		4078cced2ee82aeb44d46bb28e8568d1689f4c3252d22a69a0014945edf74d04
w003951	14515000	14519999	14517499.5	ML_trees/9515000-9520000.fa.contree	55		6290bb27849961fb04d1bfcd947789b3c113a1365c1ea16a89aa61116cc9f533
w003952	14520000	14524999	14522499.5	ML_trees/9520000-9525000.fa.contree	55		6bbf98289b2ab4e850bb008c7e9db2aed3379fa2aa6e0fb9292e37dcda0f057c
w003953	14525000	14529999	14527499.5	ML_trees/9525000-9530000.fa.contree	55		e6c4470fdfe40422941f58f7eae5381ba3c7ad3f7fd72de9d47ca25ce0089175
w003954	14530000	14534999	14532499.5	ML_trees/9530000-9535000.fa.contree	55		9eacf3cce3cf79db1bf5e27e857cf5813cb07612930b0f2857fa418334a03f6e
w003955	14535000	14539999	14537499.5	ML_trees/9535000-9540000.fa.contree	55		c0d871d0522fdc3c0fe3baccb1479949ea189a34646435232e3ecd02742cb741
w003956	14540000	14544999	14542499.5	ML_trees/9540000-9545000.fa.contree	55		f6ebd70ceb0caefb814448a239576e5db52d91642be9a2e874cc3510bcd30188
w003957	14545000	14549999	14547499.5	ML_trees/9545000-9550000.fa.contree	55		31fa66ad07153ad04c663c3c48c7fd1e3da98edb54c492e76892b300811ec20b
w003959	14550000	14554999	14552499.5	ML_trees/9550000-9555000.fa.contree	55		b867870cdc474d75230842ddec0ad8d38c3b606ec2246a13b140f1b62a1598d6
w003960	14555000	14559999	14557499.5	ML_trees/9555000-9560000.fa.contree	55		855da0a61c05c5086c9fb667d4b7292f053c041dcaa53531c624629cc390fcbc
w003961	14560000	14564999	14562499.5	ML_trees/9560000-9565000.fa.contree	55		e5b6d795f2bc5635b1d5f51196cb4fa0a6b8a814ffa30f11074a86aab7da65c7
w003962	14565000	14569999	14567499.5	ML_trees/9565000-9570000.fa.contree	55		6f7ebc713674f22e5e4bd0d3c8b5c55fec0e6f00a72e37188dd953b977aa6016
w003963	14570000	14574999	14572499.5	ML_trees/9570000-9575000.fa.contree	55		6c471d55b9f7a72282be049ba5c758d223137e448ab366816cf7db8d9acb8fbe
w003964	14575000	14579999	14577499.5	ML_trees/9575000-9580000.fa.contree	55		ea112d2e1166680cdc56bcd24a4b2ec3cf05ef6da4f48684b1ede416689c5021
w003965	14580000	14584999	14582499.5	ML_trees/9580000-9585000.fa.contree	55		03e6bfd6e670bcc540e19456c0230680df1933bde9faae57a77f16e267e17d3e
w003966	14585000	14589999	14587499.5	ML_trees/9585000-9590000.fa.contree	55		ae44218a20103fa2b1f06b66a53d7eb87e43668f439cc9e0e5752abeb32443b4
w003967	14590000	14594999	14592499.5	ML_trees/9590000-9595000.fa.contree	55		df880d5fd17ae5c30972a22477dcacdee9819785cc8a16e8fd82eaa833833194
w003968	14595000	14599999	14597499.5	ML_trees/9595000-9600000.fa.contree	55		cbfcc4be47e7f7e5282b3f7845060013c769ded8412dfab471f73c73b15c8bde
w003970	14600000	14604999	14602499.5	ML_trees/9600000-9605000.fa.contree	55		095020da44a9aba3e476c074a44d9a0467b12b927af2c3de34c64f461022bcbf
w003971	14605000	14609999	14607499.5	ML_trees/9605000-9610000.fa.contree	55		454f9fc90cf998bf0111bf1313a7123162da255cba8539433a2409d9ba38702f
w003972	14610000	14614999	14612499.5	ML_trees/9610000-9615000.fa.contree	55		20c02eb4ebdc4836b7770630667d455134463db90174349701c0bef0a0f42da8
w003973	14615000	14619999	14617499.5	ML_trees/9615000-9620000.fa.contree	55		79a2ad17f6a2033244dbe1a21108f4c7770902102e2bcbad20294e69104e5768
w003974	14620000	14624999	14622499.5	ML_trees/9620000-9625000.fa.contree	55		6325be9f964a7337eaaf900b7c178cb677d809e88a5d9832dd7760ac95fcbdc7
w003975	14625000	14629999	14627499.5	ML_trees/9625000-9630000.fa.contree	55		b7e0a8e09c4506cd731d52b20827381014d26ef2052df2e0f3d9f0b4d0be5959
w003976	14630000	14634999	14632499.5	ML_trees/9630000-9635000.fa.contree	55		dd28e40efae670b5e9df59ec9fdb22914d5fe5383c3ea226a277364a777aebd4
w003977	14635000	14639999	14637499.5	ML_trees/9635000-9640000.fa.contree	55		6dfb6db61d98f794a57215a4b2d11024fffab17ee665acdf4c9ed7994caa78a0
w003978	14640000	14644999	14642499.5	ML_trees/9640000-9645000.fa.contree	55		31562e25fc80cf7ac577aa2acc40231d61a514568cd976e86c1a4df5b1826a75
w003979	14645000	14649999	14647499.5	ML_trees/9645000-9650000.fa.contree	55		d20d06ff7106bd70d793ea26ba19a1cb6b0ca881ca76cb3c7cf2268c7668b30c
w003981	14650000	14654999	14652499.5	ML_trees/9650000-9655000.fa.contree	55		3823d2de0037af07f90e3d8776719eb20c74092efd41ab8b9346f45ed3744e57
w003982	14655000	14659999	14657499.5	ML_trees/9655000-9660000.fa.contree	55		56af0c3a7f67aacbed684ac8b992547f8e068479daf2d8f12846b9bc07529d40
w003983	14660000	14664999	14662499.5	ML_trees/9660000-9665000.fa.contree	55		be31c70bc5a668a2872786d54bf6f6e70fa8892b4c32eca19072c301ae332b7a
w003984	14665000	14669999	14667499.5	ML_trees/9665000-9670000.fa.contree	55		20d7086b4c3d009ae17ede79f09ddd2bbbc8c63b4443daf56d02235dd42e83df
w003985	14670000	14674999	14672499.5	ML_trees/9670000-9675000.fa.contree	55		89c07ee06d4407f7b36b2824cb69157d436865d35a40de05c6b6f620ea11e470
w003986	14675000	14679999	14677499.5	ML_trees/9675000-9680000.fa.contree	55		bb70432c86685e82c28b91aa1821f410689e860902c656b12ce5ab0a20261bb0
w003987	14680000	14684999	14682499.5	ML_trees/9680000-9685000.fa.contree	55		9cc694e355acb633037a531d896b73cc449bf754be1d2bae0b4eecdeedc398b6
w003988	14685000	14689999	14687499.5	ML_trees/9685000-9690000.fa.contree	55		816bf3c9192cf50013be937cf7a141f05fa4c1e4d287577f6d7d2a688ef0bf9d
w003989	14690000	14694999	14692499.5	ML_trees/9690000-9695000.fa.contree	55		3f69a1e9d00fe9360e2938381a46305a27df580a3f16ab3f972d91331cf8da23
w003990	14695000	14699999	14697499.5	ML_trees/9695000-9700000.fa.contree	55		776cabbc992ef7bdc60985ac1c42aaf3793db83ba4292986651cd7b177b3e92c
w003992	14700000	14704999	14702499.5	ML_trees/9700000-9705000.fa.contree	55		7e8273263076f60bf612f8bd3424f3d6afb060daf41a6e092b8a41e0e6fa51b8
w003993	14705000	14709999	14707499.5	ML_trees/9705000-9710000.fa.contree	55		4ba2924414e0af43f6daf8f116a549255447dde9d40d900a8e0e856efbf0db99
w003994	14710000	14714999	14712499.5	ML_trees/9710000-9715000.fa.contree	55		6f2fbf2af23d0e9e2635d80cbe1acb7aba3d03fb5a7f97d29273643c7d3120c1
w003995	14715000	14719999	14717499.5	ML_trees/9715000-9720000.fa.contree	55		746b552920f6b0782131a49b439255e561ad5c0ceda94a1cccc7a45db0ea01aa
w003996	14720000	14724999	14722499.5	ML_trees/9720000-9725000.fa.contree	55		e8f77608c9269ada5b52fba63fb7621fa82c6307db2dfa8b5d9a72a6f43019f8
w003997	14725000	14729999	14727499.5	ML_trees/9725000-9730000.fa.contree	55		834bdc3fac944fb031658c480fdf76e3dbed070c011d2a0e94ea5ddc8d7e5d97
w003998	14730000	14734999	14732499.5	ML_trees/9730000-9735000.fa.contree	55		d66e3b31b1ba1d4ca0cd5d8d13ba068a354508563285c47bf8c83b74f4c1c2de
w003999	14735000	14739999	14737499.5	ML_trees/9735000-9740000.fa.contree	55		7f6660dd990bafc4638c598e8926ea1347d004cc4aa693684122d32d668ae75d
w004000	14740000	14744999	14742499.5	ML_trees/9740000-9745000.fa.contree	55		53fe96def01362763840a49f85f93166db5d51f8c50a208c6501d6cb1930a932
w004001	14745000	14749999	14747499.5	ML_trees/9745000-9750000.fa.contree	55		c925341e652964ac9e2af78038b08d857360ab2797bf07024e02f68c0c860fcc
w004003	14750000	14754999	14752499.5	ML_trees/9750000-9755000.fa.contree	55		2beb75d636c7405a127b36e3a960c0c56daebcacd484a7771191266bc0e70cf7
w004004	14755000	14759999	14757499.5	ML_trees/9755000-9760000.fa.contree	55		67c0e3ac24ee0687d07aaff27f4bf36a7b9389050b3543b5f57880db653f80cb
w004005	14760000	14764999	14762499.5	ML_trees/9760000-9765000.fa.contree	55		a4d827bc578bbf354eb6e757d6961d191fc84ffa4d63492894f32f1410918366
w004006	14765000	14769999	14767499.5	ML_trees/9765000-9770000.fa.contree	55		e6b10623a098067f6cd4a7a5988ff28af72a7264150bff1f43165fe2d24c05d7
w004007	14770000	14774999	14772499.5	ML_trees/9770000-9775000.fa.contree	55		193ab0a719de4dbbfb7b7b5c953ace03040d8fa511d0aeef3ad9cd98ed7fc14a
w004008	14775000	14779999	14777499.5	ML_trees/9775000-9780000.fa.contree	55		464d0ced189058509dbd685f168840b2eac04791531d34d592f1e2353e236cc5
w004009	14780000	14784999	14782499.5	ML_trees/9780000-9785000.fa.contree	55		7286e04d9f65e9457db99ddc62dd1dd72e30b0cdf45111f8171ace4e09885ffa
w004010	14785000	14789999	14787499.5	ML_trees/9785000-9790000.fa.contree	55		3a732a077af9bdc703deadb8468d757b1a6df1ad07888f8b3afc99349ef6e00b
w004011	14790000	14794999	14792499.5	ML_trees/9790000-9795000.fa.contree	55		19e8c990d969fc1bd5d7427621f6c277cf6d0f0676855d71ff9078aa60e3efac
w004012	14795000	14799999	14797499.5	ML_trees/9795000-9800000.fa.contree	55		f807cd341e4d6a12208fa31ee039c89013e45bcf4407931e7c42cb844ed0897a
w004014	14805000	14809999	14807499.5	ML_trees/9805000-9810000.fa.contree	55		d80a5de3e2ce89383729b09eff48455122316e5e9530eec540ae22db81e1f120
w004015	14810000	14814999	14812499.5	ML_trees/9810000-9815000.fa.contree	55		9cb29b45eb9882a76c4faa3628c202b6b3f8ab6c8815ccc191c069072619ee52
w004016	14815000	14819999	14817499.5	ML_trees/9815000-9820000.fa.contree	55		c5a7ff1fd7cc665d70108a0530368fff97b0c7772eaa0db473221fd80260c35a
w004017	14820000	14824999	14822499.5	ML_trees/9820000-9825000.fa.contree	55		c0c5deeef41d776a34546e84496f3e5c15f7d74c330ff166323d5c481858c61a
w004018	14825000	14829999	14827499.5	ML_trees/9825000-9830000.fa.contree	55		4e97f3c42a1e482682c0679fa3c6ba229e827fdf8f8b7e5fc50b48a3f95a335a
w004019	14830000	14834999	14832499.5	ML_trees/9830000-9835000.fa.contree	55		9f4a0e0f99ef6ae5af9730df65786c72507925cf1375b2bb5becd8b58223ce2a
w004020	14835000	14839999	14837499.5	ML_trees/9835000-9840000.fa.contree	55		b5f391a65c00e3fb681a5190d17b4e5deffcda07fe1123c86295a54f93a179ab
w004021	14840000	14844999	14842499.5	ML_trees/9840000-9845000.fa.contree	55		ccf1e88c34aab4e22d5c6f3fb0a1e6e33e232469b4f3f105b5dadc95b78cedfa
w004022	14845000	14849999	14847499.5	ML_trees/9845000-9850000.fa.contree	55		48577db9e4c519f0ca305f64210440886193871044a454e1d2b2ad659689224a
w004024	14850000	14854999	14852499.5	ML_trees/9850000-9855000.fa.contree	55		a293264f3cea95b1146d56a661d1f6145e6ca50494eb26276f398f9c12039902
w004025	14855000	14859999	14857499.5	ML_trees/9855000-9860000.fa.contree	55		fff5b9aeea1d5c177a9af9d52061b6eafb1e090de054d5108cccc3e6465a89de
w004026	14860000	14864999	14862499.5	ML_trees/9860000-9865000.fa.contree	55		851418ff89b01d4fb9cd3b99274be1d7ea1550682f79d8917c43764215512a15
w004027	14870000	14874999	14872499.5	ML_trees/9870000-9875000.fa.contree	55		d8c53c221af88aaa511b81e930c12f5ef3f880826a17fc38650a62fd1ddac655
w004028	14875000	14879999	14877499.5	ML_trees/9875000-9880000.fa.contree	55		c6df9a6d266606072cacf436797a09b8818ca3e26456445e0933950498f4a412
w004029	14880000	14884999	14882499.5	ML_trees/9880000-9885000.fa.contree	55		ffdf380499c5985f8f5c419fc8d60539a196c9ff1e4c48c3f5adcab544280cc7
w004030	14885000	14889999	14887499.5	ML_trees/9885000-9890000.fa.contree	55		49af15e95a44e0cdbaddfd8d6b227fa68fdc9d428fecd5faa58a8cfee0a835e8
w004031	14890000	14894999	14892499.5	ML_trees/9890000-9895000.fa.contree	55		aae84f423c43833debb40150e72946d503f8692b7d7e307587e7c119be7a6a33
w004032	14895000	14899999	14897499.5	ML_trees/9895000-9900000.fa.contree	55		9722053a42e41fadf4a49a66862999aed7d9514b720955bf9bf900969a8c7cff
w004034	14900000	14904999	14902499.5	ML_trees/9900000-9905000.fa.contree	55		74561380021ca62a2b1c11487091ef32ed8d7f734f8f0409e027f2d8f4984b02
w004035	14905000	14909999	14907499.5	ML_trees/9905000-9910000.fa.contree	55		b295f706af6cee6e40fca648e340479ce18030f468c138941d978456de378402
w004036	14910000	14914999	14912499.5	ML_trees/9910000-9915000.fa.contree	55		10fb87b4379408ed630dc9f8506bdcafc57e6193f2be6d4329dccb989b1d3a0d
w004037	14915000	14919999	14917499.5	ML_trees/9915000-9920000.fa.contree	55		214115bc247a3fb43a0be368256ba1457fb3f8698889d314fb9ded1177ffafd1
w004038	14920000	14924999	14922499.5	ML_trees/9920000-9925000.fa.contree	55		bd1806c8bea0edb8825037b589ee17b1ebadfe282531c4c197db44e0a3ca8df1
w004039	14925000	14929999	14927499.5	ML_trees/9925000-9930000.fa.contree	55		2322fc87945e285337618a1c73039f04dadfa970053d35891853b25b55fe235a
w004040	14930000	14934999	14932499.5	ML_trees/9930000-9935000.fa.contree	55		95fb7889badb8373187928689b64b6fb443311e43003420dd2bf1379d15e74c5
w004041	14935000	14939999	14937499.5	ML_trees/9935000-9940000.fa.contree	55		f04d6219bb6fb464d8ecb37647b096a35785dd5e3f0ebe709a9f0f205ba699e5
w004042	14940000	14944999	14942499.5	ML_trees/9940000-9945000.fa.contree	55		9d7028023063b276c3c9a4f63ee27820c2bca651e32eec5dec31af61734f4d48
w004043	14945000	14949999	14947499.5	ML_trees/9945000-9950000.fa.contree	55		56c544bf88ade886ba8f3adb05c23866209790600d609181fcf57f639211b714
w004045	14950000	14954999	14952499.5	ML_trees/9950000-9955000.fa.contree	55		f9124e174ac7fcbe20792efc9c92fa8cf193a3b48eb5c9e3e5f45ff0cbf9c837
w004046	14955000	14959999	14957499.5	ML_trees/9955000-9960000.fa.contree	55		19ca73894ea922c78100f2f8e7893dcfd5bc7caa58fbf7dfb330dd333b0926c4
w000006	15055000	15059999	15057499.5	ML_trees/10055000-10060000.fa.contree	55		a75a2a636a57d83af92a3aa3aeb05fa504eeff3c60cdaf69c89663cb4ea17dfd
w000007	15060000	15064999	15062499.5	ML_trees/10060000-10065000.fa.contree	55		5119d414b445e072024c87277f93ef952465f4d705191484a3b36402b5a67b1e
w000008	15065000	15069999	15067499.5	ML_trees/10065000-10070000.fa.contree	55		7eb341567cf0a72f2d913cc002ad77d000ea980d05a5f4f756ece54c15638c10
w000009	15070000	15074999	15072499.5	ML_trees/10070000-10075000.fa.contree	55		edf3b175a3f30df56c0f82164c6f61a5c63d2cebebb34176a3b75e93dd1b764a
w000010	15075000	15079999	15077499.5	ML_trees/10075000-10080000.fa.contree	55		5587756da4a5947a419ee217ccd34d4aa6b0b10b193d667766577e76632ca137
w000011	15080000	15084999	15082499.5	ML_trees/10080000-10085000.fa.contree	55		01002d241fcde97b50eee7cb8402de37d6a6378374c87f1421a041be614486ff
w000012	15085000	15089999	15087499.5	ML_trees/10085000-10090000.fa.contree	55		527a854717896f837803da39f330f06a29674b3e304110575acafc174318a5ee
w000013	15090000	15094999	15092499.5	ML_trees/10090000-10095000.fa.contree	55		76e6310aefda3c0d2479983ff76fe2e0bd328e8354bb3345fdadf7db9adb9f34
w000014	15095000	15099999	15097499.5	ML_trees/10095000-10100000.fa.contree	55		a703af8698cda6720e133137b262f6933322542ef36994abcdf06d7e6ec3af58
w000016	15100000	15104999	15102499.5	ML_trees/10100000-10105000.fa.contree	55		e377eea4edbb12ca102d4557e60e3648e213219933e4496c065d0096a12178f2
w000017	15105000	15109999	15107499.5	ML_trees/10105000-10110000.fa.contree	55		51849bd91fa11499287cb6a0bb44120cb3ca9edcff90511ebaf96dab953abcb0
w000018	15110000	15114999	15112499.5	ML_trees/10110000-10115000.fa.contree	55		76cc729792e39a5d1051f7233d6dc311b84adef1a55127da50be152ff44cf57b
w000019	15115000	15119999	15117499.5	ML_trees/10115000-10120000.fa.contree	55		fc5b11d81dd3c861b0c7f0519e5e3caaea1e3af229e2bc7419f7066b59fd91c9
w000020	15120000	15124999	15122499.5	ML_trees/10120000-10125000.fa.contree	55		e70ad4a445972ac34533793fc3f6d09b3c63c655673f8d643eacb6a64c5ca435
w000021	15125000	15129999	15127499.5	ML_trees/10125000-10130000.fa.contree	55		51f4a4183c9c75e1c54fa1654dc3c654287a0fafea4ac9369ead53e383db3a49
w000022	15130000	15134999	15132499.5	ML_trees/10130000-10135000.fa.contree	55		c07f739c48e3d8a50803946e7f9078145d51e4f6153dfffb921665a91dfd7483
w000023	15135000	15139999	15137499.5	ML_trees/10135000-10140000.fa.contree	55		77fb6f0e060da77f34201330dfffd235018039b1f35dc9182de9b4f73d102281
w000024	15140000	15144999	15142499.5	ML_trees/10140000-10145000.fa.contree	55		e6721b4c18904aad4456ee408d6dc16cd899af2cc9917377e9db323d8f84aa00
w000025	15145000	15149999	15147499.5	ML_trees/10145000-10150000.fa.contree	55		5aa586361a8312197979162dd99aceae3160c6d0f666cfdf09edf58964b51207
w000027	15150000	15154999	15152499.5	ML_trees/10150000-10155000.fa.contree	55		5634ee9a51c23f4e1ccab4906ccbf3920e413085997abbb734698fcd02a0b5fa
w000028	15155000	15159999	15157499.5	ML_trees/10155000-10160000.fa.contree	55		52f7a20f0708492d2dadb7b7c796d556a7741820cf8f7c43063061a5903581cb
w000029	15160000	15164999	15162499.5	ML_trees/10160000-10165000.fa.contree	55		15dc669a84a3ce428e37ef87f78e19bde89e4e40776341ef233cd04abb893a6b
w000030	15165000	15169999	15167499.5	ML_trees/10165000-10170000.fa.contree	55		e385fbd003585495035cf161c13c794726dd022f3dbc0f31243c84568cf8f03a
w000031	15170000	15174999	15172499.5	ML_trees/10170000-10175000.fa.contree	55		6f4db2f9696d887c271579f2297b3142cbc29cf0976f03074dd723f25bb2db43
w000032	15175000	15179999	15177499.5	ML_trees/10175000-10180000.fa.contree	55		cff701667cccf3507efe4e39eb63387ade2e3b2835a9a6a9c6d1861d2e30b513
w000033	15180000	15184999	15182499.5	ML_trees/10180000-10185000.fa.contree	55		11bc11e690fee91c0d824423a185503062c64a44b84b206abe1352002422d3be
w000034	15185000	15189999	15187499.5	ML_trees/10185000-10190000.fa.contree	55		77af647ea63020a28f01dde2b721b804eeb129c954465afbcda3c56f1f7fc99a
w000035	15190000	15194999	15192499.5	ML_trees/10190000-10195000.fa.contree	55		5fd80960513c3b7cc04395bcaa7a5c584303f570922c61377531c3e6282fdd4a
w000036	15195000	15199999	15197499.5	ML_trees/10195000-10200000.fa.contree	55		74344b51c664ac618908b80706acdada15c885672747552136574f6474e8cb30
w000038	15200000	15204999	15202499.5	ML_trees/10200000-10205000.fa.contree	55		21fe27516bdf247345c3d1e6b4650015d0a6937b654de96d8e0ef3f48bb509da
w000039	15205000	15209999	15207499.5	ML_trees/10205000-10210000.fa.contree	55		8b4ffb49455e7a6a7f71155093d0321bfc27dc2feaae552054eda1c9c333505c
w000040	15210000	15214999	15212499.5	ML_trees/10210000-10215000.fa.contree	55		8354dc12441e99bf1ae6eebcff14144dce2e433d66bc25145bb09626a954fa30
w000041	15215000	15219999	15217499.5	ML_trees/10215000-10220000.fa.contree	55		7392d957ed3a2c4e0851bb41f7575b9ca94281c8eaf8863317fb7d556317f688
w000042	15220000	15224999	15222499.5	ML_trees/10220000-10225000.fa.contree	55		1496e4f247a99c0b741585bbb4c53bfc6929e028c12d0955d5e971f0137a2e0f
w000043	15225000	15229999	15227499.5	ML_trees/10225000-10230000.fa.contree	55		c955cc48d10f024b6718e5148bd6aec409cd8b930dcdc99ac7598aa5abe5a692
w000044	15230000	15234999	15232499.5	ML_trees/10230000-10235000.fa.contree	55		ab72a8c5db832f1b9c2998a8f59a77d52e89816edac17eba7551a320943f65fb
w000045	15235000	15239999	15237499.5	ML_trees/10235000-10240000.fa.contree	55		accc576910ad9be953611883843c232781cc88280dbcc90cf2016a9bccc70e4d
w000046	15240000	15244999	15242499.5	ML_trees/10240000-10245000.fa.contree	55		160745405430067eeb796b18f119328392986921d49a838b0cb63994341f37c8
w000047	15245000	15249999	15247499.5	ML_trees/10245000-10250000.fa.contree	55		d36dfbcd4d7112bd95dae7783bbabe0e94cf86941af41e0e643e16298fdc394a
w000049	15250000	15254999	15252499.5	ML_trees/10250000-10255000.fa.contree	55		c2c48d63334f88c894b84b7d9d64dd04cd21fd6e8a2e46f41c0205b8f3f425b7
w000050	15255000	15259999	15257499.5	ML_trees/10255000-10260000.fa.contree	55		cd3ba2452721e36cd49abe63dc00f032a303fd4f84dcd58db88cd20c6f856c27
w000051	15260000	15264999	15262499.5	ML_trees/10260000-10265000.fa.contree	55		f04fa5483d4bb8ab511cc7ccb81943ef3c5371a3083d0138826945018f539b6a
w000052	15265000	15269999	15267499.5	ML_trees/10265000-10270000.fa.contree	55		74065c0bf1c80946ad9a7c81168c8926d3034883e5aec14d2ede693f731dd6fc
w000053	15270000	15274999	15272499.5	ML_trees/10270000-10275000.fa.contree	55		28218d46f048f75b995343913774372796504368805abdb0974a8ff91a6139d2
w000054	15275000	15279999	15277499.5	ML_trees/10275000-10280000.fa.contree	55		ef647aab518fe290636428d15e2edca47aa75890ac8ce5d01e80e34a44290c52
w000055	15280000	15284999	15282499.5	ML_trees/10280000-10285000.fa.contree	55		1d1f9641ea308f3a1269bf7fe2f595924cc6e4437d6a6d2b6219b5458706b9d5
w000056	15285000	15289999	15287499.5	ML_trees/10285000-10290000.fa.contree	55		61dc1e9a927e7435d4ea9caff6945ef5838b1ad537c48ad97185cf94f5179692
w000057	15290000	15294999	15292499.5	ML_trees/10290000-10295000.fa.contree	55		6883bba63906004cc5440f86581bbd9bd74294c408306ee4f27ee551cdd55d83
w000058	15295000	15299999	15297499.5	ML_trees/10295000-10300000.fa.contree	55		5001835d15076d3d55cf9d617dae287bd4f76a260a19577180833c79e029f73c
w000060	15300000	15304999	15302499.5	ML_trees/10300000-10305000.fa.contree	55		2b343002e04dcc289ed3cf2e216f0d53efafe6db4d28c28a772bda7b82006980
w000061	15305000	15309999	15307499.5	ML_trees/10305000-10310000.fa.contree	55		3a40e4be08d97b2aca5d8cf2c7dd062154805877093cd80cbf19b97ff7729a1b
w000062	15310000	15314999	15312499.5	ML_trees/10310000-10315000.fa.contree	55		91f585ee6c690ced23f20a63dd09d562ddb9c32299154f9cfb16622c8bf4b79f
w000063	15315000	15319999	15317499.5	ML_trees/10315000-10320000.fa.contree	55		eaec1b2bcf461e45fc2921ee398fc8947a367afa0142ab17d90c1415f2937525
w000064	15320000	15324999	15322499.5	ML_trees/10320000-10325000.fa.contree	55		2cc9978235e969fd43d6846f16c2408d284680d2323d499ea0f3f5d189fe03da
w000065	15325000	15329999	15327499.5	ML_trees/10325000-10330000.fa.contree	55		71dbef31eae860170f69c8a5e5a6b477851b71e56af44e3a13dd79e7c2050c29
w000066	15330000	15334999	15332499.5	ML_trees/10330000-10335000.fa.contree	55		64fd076d72ee107c4a16f0edc9a2e1d6541adfda536cbd81cb87cb37846dfbe5
w000067	15335000	15339999	15337499.5	ML_trees/10335000-10340000.fa.contree	55		ad650f4a153946abe598ed842f0d7b316e489c82519c5b478707d6094a498326
w000068	15340000	15344999	15342499.5	ML_trees/10340000-10345000.fa.contree	55		c74d824f6997cbcd504bfcbbd2235d22cb59708f5c91cb89297fdec7236d9481
w000069	15345000	15349999	15347499.5	ML_trees/10345000-10350000.fa.contree	55		4d8cf8262c083b0ebc628a893b17248203ae33f8bf42cabd710037a938f08ce4
w000071	15350000	15354999	15352499.5	ML_trees/10350000-10355000.fa.contree	55		a1e15735251f6b0bfe32903eda08c632e97d93618c082ec9fdf5ba8767f3041f
w000072	15355000	15359999	15357499.5	ML_trees/10355000-10360000.fa.contree	55		e1f8fb78388b4843f9b026be394d71f5dca6c8870700f1f76ecdd5f7a418fc61
w000073	15360000	15364999	15362499.5	ML_trees/10360000-10365000.fa.contree	55		f02356394b13f9791ae49e25fd58387320848cfa867b4ce6b75f118db0acf11f
w000074	15365000	15369999	15367499.5	ML_trees/10365000-10370000.fa.contree	55		f927f4e53bb3c8717cd66fd40859059b2abb7eac37ac465e330945dd6c85ad64
w000075	15370000	15374999	15372499.5	ML_trees/10370000-10375000.fa.contree	55		20850a8fb5e3e9a9bb63b1dde4639352d4801cd322ddbdeb276d4001e83ae8e8
w000076	15375000	15379999	15377499.5	ML_trees/10375000-10380000.fa.contree	55		d2b46026637b464f0958747d94616160f1ebb65c66ed2978f2efabf697950a19
w000077	15380000	15384999	15382499.5	ML_trees/10380000-10385000.fa.contree	55		d54cd8fa36171f245e0c9a5f6695fb37ee0f70ba67e3174702f263a97022732b
w000078	15385000	15389999	15387499.5	ML_trees/10385000-10390000.fa.contree	55		96e756dccff06ade6300c633222ef4eb478b6485a58fdea2335e2fca1d8d683c
w000079	15390000	15394999	15392499.5	ML_trees/10390000-10395000.fa.contree	55		38488551023cdd51e0b8654c9d7b1a9b56792df6168e33cac97156645f0d84c1
w000080	15395000	15399999	15397499.5	ML_trees/10395000-10400000.fa.contree	55		3e30f3091a7586169be1c4f5c7a3328edb4632a15647a1008631ec7844024f7d
w000082	15400000	15404999	15402499.5	ML_trees/10400000-10405000.fa.contree	55		3fda240cdc377fcd7f704ced8cac78e3d99389337902fafd97965b2cd40dcce6
w000083	15405000	15409999	15407499.5	ML_trees/10405000-10410000.fa.contree	55		9bc0dc916eff6b6c7b33f4f3cd0d29d0c3ced29a90855450c1c31755ecabe10d
w000084	15410000	15414999	15412499.5	ML_trees/10410000-10415000.fa.contree	55		64e0af786f16dee5888fe6e0c2441d493c769fd69158a991f129ee68fe3737ce
w000085	15415000	15419999	15417499.5	ML_trees/10415000-10420000.fa.contree	55		ee52cd98a02d973ad55895f01edd91dbd58ff02fcbf5bc4cf83e7c4f237e4270
w000086	15420000	15424999	15422499.5	ML_trees/10420000-10425000.fa.contree	55		5961e93fb06fb75a64bbf8fdfac1fe8323fc89c2ae10cd46c589ae58bebbcf40
w000087	15425000	15429999	15427499.5	ML_trees/10425000-10430000.fa.contree	55		9b2726a9216bff0897cc9168e77a8139d5916d98d01edf3bae8630b0a68ecb1d
w000088	15430000	15434999	15432499.5	ML_trees/10430000-10435000.fa.contree	55		a459a12e18c079e1909f0d280f83fea97e6a3c906a54d780b1d63d6d600de35a
w000089	15435000	15439999	15437499.5	ML_trees/10435000-10440000.fa.contree	55		1eceb8ae6a6d13f3adafb267e22aae0164c22a00058145d26aeb4f555d30df67
w000090	15440000	15444999	15442499.5	ML_trees/10440000-10445000.fa.contree	55		22d724a92ee016a4e32f3930a0fc1908654ec1e79cee3f339026575d9abefbdb
w000091	15445000	15449999	15447499.5	ML_trees/10445000-10450000.fa.contree	55		26d0522ca0b36a33f06cf8be25257ddc8e8ede36c707ceba53793da0d643f732
w000093	15450000	15454999	15452499.5	ML_trees/10450000-10455000.fa.contree	55		ccbaca69ab7dc75b76f508ce5ae4ac1953754ac3cb4fa6eb1f2b08a33276acfc
w000094	15455000	15459999	15457499.5	ML_trees/10455000-10460000.fa.contree	55		c41924f2ba0fa599182cba5b6b9dcdbf1c6e297585cb9f94abae67431ead2817
w000095	15460000	15464999	15462499.5	ML_trees/10460000-10465000.fa.contree	55		7d740581f8865492e66d5f26d7ac83983b71e44c30c9a0231c49027121860c10
w000096	15465000	15469999	15467499.5	ML_trees/10465000-10470000.fa.contree	55		0ebef1573307064fc95cac73397d840c519a89aabc61cb45b0af46ae65bea688
w000097	15470000	15474999	15472499.5	ML_trees/10470000-10475000.fa.contree	55		91ddb8c6d9f71b515f415a7c5c83d8378ce12ebf33e7926228d2ab5af8c6ae2a
w000098	15475000	15479999	15477499.5	ML_trees/10475000-10480000.fa.contree	55		add1f31f9703e12b1424577a132b0e6001c8df25e965b46c5b3529ec6d953aff
w000099	15485000	15489999	15487499.5	ML_trees/10485000-10490000.fa.contree	55		085b8b34ef88aead893391291c755e3d922634df1404ad582e9af2897ab61a0d
w000100	15490000	15494999	15492499.5	ML_trees/10490000-10495000.fa.contree	55		72300f08aa60dee998ba8a2c92db118b34eb84ed4bbafbda55f2ca763923ab6d
w000101	15495000	15499999	15497499.5	ML_trees/10495000-10500000.fa.contree	55		a3c62fe97f2b368b7b9ddde3fdaf994c38742ae9c4f4f3418790d15b294a8bff
w000104	15500000	15504999	15502499.5	ML_trees/10500000-10505000.fa.contree	55		a8601c7f775e6c6b4d438516a4d90efcd80a0c52e685a09ead3b07e9731eb045
w000105	15505000	15509999	15507499.5	ML_trees/10505000-10510000.fa.contree	55		6e5354229b9e940a0c965d3db5d8a39788fd5b750dbae2fe82b75d96623d2ca8
w000106	15510000	15514999	15512499.5	ML_trees/10510000-10515000.fa.contree	55		0c17c4e8766899ed33f0c1f9ec7959ff688aebb3e02de25575bba5869925c45c
w000107	15515000	15519999	15517499.5	ML_trees/10515000-10520000.fa.contree	55		c70dd45e20e39782707b1436aa86de266839dc35cdba01148602d94efd2ad2f5
w000108	15520000	15524999	15522499.5	ML_trees/10520000-10525000.fa.contree	55		c9ddef4485fabb233e5692cda03ed1aff4b54e98349369f7ad966110965b9a24
w000109	15525000	15529999	15527499.5	ML_trees/10525000-10530000.fa.contree	55		16a1db53eb8c7b4e00a5968a700907767a4bc09f0491c9d022e123bc4eb5a88b
w000110	15530000	15534999	15532499.5	ML_trees/10530000-10535000.fa.contree	55		0818277e0bae07bea08ba723a989f2c8b7d9150bbc4fc26db4024eb10c4ec6ec
w000111	15535000	15539999	15537499.5	ML_trees/10535000-10540000.fa.contree	55		b5e2cc0b0534782aabc96c3e99ca7542f6673be7d370010ee243bda86b358eb1
w000112	15540000	15544999	15542499.5	ML_trees/10540000-10545000.fa.contree	55		b2475f558e1d465e631aea6aaa98e90991f50894408341c74dabf286a37639b4
w000113	15545000	15549999	15547499.5	ML_trees/10545000-10550000.fa.contree	55		788be7136be6d8ed02f16110e5e7e7b4ada6745f193ce1584ebdb67f2f29f9b5
w000115	15550000	15554999	15552499.5	ML_trees/10550000-10555000.fa.contree	55		6235e3f0de01434b0eb0e1796a6bcb278fd1b957698728e90b53eae151516129
w000116	15555000	15559999	15557499.5	ML_trees/10555000-10560000.fa.contree	55		639d0ce62e8c8943550d2266c0c5c9e8604e2b184f5a2d232bf2f85f0897b705
w000117	15560000	15564999	15562499.5	ML_trees/10560000-10565000.fa.contree	55		4b1309a822e05b33c82c2e092922a7193a0236cfbc9669830610d6ae42597488
w000118	15565000	15569999	15567499.5	ML_trees/10565000-10570000.fa.contree	55		f8357e0eadbbc413724610afc19cbc65a7c81add4d64924b326863e760084004
w000119	15570000	15574999	15572499.5	ML_trees/10570000-10575000.fa.contree	55		6372c5fff3063a68a5f64558aeffa10d3127fad0b5a94d5eb7423904a890b7b9
w000120	15575000	15579999	15577499.5	ML_trees/10575000-10580000.fa.contree	55		b32112e0dd10e48bc990b4a6eadc1a117c415335b14600cb741d4b5c5c400f5c
w000121	15580000	15584999	15582499.5	ML_trees/10580000-10585000.fa.contree	55		e35d5bae38cbc6245256eec888566ec7add911f7eba958062b184c3d20618502
w000122	15585000	15589999	15587499.5	ML_trees/10585000-10590000.fa.contree	55		405f49ce057c2be1556e91fda1d8116e0f9762a976bea9ea8cd4932427077965
w000123	15590000	15594999	15592499.5	ML_trees/10590000-10595000.fa.contree	55		5c86930167d4222e254e9d58b6c1bce9c682a5fdeaf48a357866a783b63a1d57
w000124	15595000	15599999	15597499.5	ML_trees/10595000-10600000.fa.contree	55		109a9572411f37a624b1e9953b2e927ff7eea1a5e6189aefa43576aef3ffa34f
w000126	15600000	15604999	15602499.5	ML_trees/10600000-10605000.fa.contree	55		8acb3c0663538cf8d65daeeaaa2ea3d4482888978212fb03711f7b68c6f820c9
w000127	15610000	15614999	15612499.5	ML_trees/10610000-10615000.fa.contree	55		c158ba1682136450122a5c6a9bee629d97349cd7d5a1682185037203293acdf6
w000128	15615000	15619999	15617499.5	ML_trees/10615000-10620000.fa.contree	55		fd3032ff4d9d4ad766627abd7ed97e62b6b08c433378a2443426e0886ddd5f10
w000129	15620000	15624999	15622499.5	ML_trees/10620000-10625000.fa.contree	55		1da47860d930105c98885545ae9b8e1300c7e8eab796f46af6fa4a3387b21cdd
w000130	15625000	15629999	15627499.5	ML_trees/10625000-10630000.fa.contree	55		25b8d17039f3a303f3a36141aa2cc804c9ecc7be36f24a2dd56fd58f4558aa8f
w000131	15630000	15634999	15632499.5	ML_trees/10630000-10635000.fa.contree	55		8f12513e4e75d758c17b9696c72db37271651157428579d64acafcefea5ae701
w000132	15635000	15639999	15637499.5	ML_trees/10635000-10640000.fa.contree	55		bc5eeb12c18087059e52f544f695231d6e5fb742b24421f0bbeaf0f6289c9ba1
w000133	15640000	15644999	15642499.5	ML_trees/10640000-10645000.fa.contree	55		e6d216dde4059736926e26569cee25190db61cee164f173486d7de14c9e0fc70
w000134	15645000	15649999	15647499.5	ML_trees/10645000-10650000.fa.contree	55		26e6ac6867dbb353957761410c4319699cffc4ba21b3802b4e1095f5539f9459
w000136	15650000	15654999	15652499.5	ML_trees/10650000-10655000.fa.contree	55		1edd376a99ede64cf663dd346903f4560c78bf6c09e17f56e118a0e078352dd1
w000137	15655000	15659999	15657499.5	ML_trees/10655000-10660000.fa.contree	55		728680f365412bb712dff4d770d896ee20d53b32a95ba507a553a9658b39c756
w000138	15660000	15664999	15662499.5	ML_trees/10660000-10665000.fa.contree	55		ce6844a3bb9feaf12a4e54941813e5667eec1f27d875cbd43f04e3207ce6531d
w000139	15665000	15669999	15667499.5	ML_trees/10665000-10670000.fa.contree	55		4226357efbf615abeaffd18ad26b70c9f67050af5bde0cb813fc9aae6faa6bb2
w000140	15670000	15674999	15672499.5	ML_trees/10670000-10675000.fa.contree	55		1a7f55cc9da917027c8a521d0e10a1cf7cdabf64a8b1feac68e7ed3a2020340a
w000141	15675000	15679999	15677499.5	ML_trees/10675000-10680000.fa.contree	55		bb959fe67d7a56eaf651e27a59b92c868e2c898d74eef641d10851847c800573
w000142	15680000	15684999	15682499.5	ML_trees/10680000-10685000.fa.contree	55		2008f995cdef4973340f74785fb394e1a804d3d86437a962f3687b61d98b820f
w000143	15685000	15689999	15687499.5	ML_trees/10685000-10690000.fa.contree	55		05d1d558b7aa59aba947c436e9c1b8386a031ebd80f4ca8bee4c03f1eb518b66
w000144	15690000	15694999	15692499.5	ML_trees/10690000-10695000.fa.contree	55		5b571ce5a045147cb04c5e8eea9767c6b62ea840b159d5c497bf344f009ae6be
w000145	15695000	15699999	15697499.5	ML_trees/10695000-10700000.fa.contree	55		b59adc0345a5aa36788493405b6d7b163ddf4f6747e1566347c2c13effe11498
w000147	15700000	15704999	15702499.5	ML_trees/10700000-10705000.fa.contree	55		7139624a2a11ce3e235fd5131dea4af15756ce0bd6bbfe91db1bb284456add2a
w000148	15705000	15709999	15707499.5	ML_trees/10705000-10710000.fa.contree	55		b65dc43aa2427857cfce3590f103dfdcf7944a493904fe317928600b9b8ff37d
w000149	15710000	15714999	15712499.5	ML_trees/10710000-10715000.fa.contree	55		ed5efc841302c6bf6fbd7e85831a140cb7c459a9e6778f7ea02e3d8dea3ad4ef
w000150	15715000	15719999	15717499.5	ML_trees/10715000-10720000.fa.contree	55		cb5eaa12a60cfc08e95f054eeb43d3064c2fc17461fa94e1e4ba00d606196bbb
w000151	15720000	15724999	15722499.5	ML_trees/10720000-10725000.fa.contree	55		52a8d3f6f87e81b72cbbf3d5dc50e25541c404651b593dcc925e058c5699af04
w000152	15725000	15729999	15727499.5	ML_trees/10725000-10730000.fa.contree	55		074e07373cff41e7650ce7a4afdad02cc285e9fc01a44ce1716d317ae90b1105
w000153	15730000	15734999	15732499.5	ML_trees/10730000-10735000.fa.contree	55		42290c9f2a5049b579f32bb41bc2355cc358b136727247c4a72cd1a25ae79cd5
w000154	15735000	15739999	15737499.5	ML_trees/10735000-10740000.fa.contree	55		5202663ab7870077b1e8febfdce5ef0221a125f0de69d1f5dfb8fa3c3db4495e
w000155	15740000	15744999	15742499.5	ML_trees/10740000-10745000.fa.contree	55		7ea3607816bc7ffa213b2f6403adfe303a324c93a2a0d2a1ae9892775a591c87
w000156	15745000	15749999	15747499.5	ML_trees/10745000-10750000.fa.contree	55		99ef676ed0c96b37bbd30144977a0f46e680693380a02548bd8908e26cb3f4e1
w000158	15750000	15754999	15752499.5	ML_trees/10750000-10755000.fa.contree	55		9ac0ea26563dac407aa3e4547977432a4ee82376b1d106795eb7e9d99b1eb3e2
w000159	15755000	15759999	15757499.5	ML_trees/10755000-10760000.fa.contree	55		e6f748e484a2557cbd908f0fe40416f0add11dc66fb2fc2c66861bfb4769c963
w000160	15760000	15764999	15762499.5	ML_trees/10760000-10765000.fa.contree	55		cd92687e52ec95ce3fa9204b8ef5c8af2be47f214143e3ce6f2167e059b8b8e9
w000161	15765000	15769999	15767499.5	ML_trees/10765000-10770000.fa.contree	55		b1bd92d157127af8e2eb5a816bd33fec097cb384fa7853dbe76ba52c87614f78
w000162	15770000	15774999	15772499.5	ML_trees/10770000-10775000.fa.contree	55		599fbadd78e607e84ab798107a9395066eaa7adae175057fb8261fb1c403f8e0
w000163	15775000	15779999	15777499.5	ML_trees/10775000-10780000.fa.contree	55		a4378cdaf01d465cba15b7288315ae5e500a58b10bad367bcabb475d1cd6ccf6
w000164	15780000	15784999	15782499.5	ML_trees/10780000-10785000.fa.contree	55		1fc1b030e90647f793a3cc895862a160f1ab5e7bac832c3762cd7bb7c100c1d2
w000165	15785000	15789999	15787499.5	ML_trees/10785000-10790000.fa.contree	55		31d42d5167be87eaa8888afc9561835b7153ce5c9619529b0a0ac89cd7bae0f2
w000166	15790000	15794999	15792499.5	ML_trees/10790000-10795000.fa.contree	55		8155b4315c153a34f68cb8e2fa6c02bc5f3e3871ec39bfaf93c373e07e5a9edb
w000167	15795000	15799999	15797499.5	ML_trees/10795000-10800000.fa.contree	55		eb4e51e4a11ffae1d9e106ea2394799544ee95aa0778304ab5ad1c66c76b24a8
w000169	15800000	15804999	15802499.5	ML_trees/10800000-10805000.fa.contree	55		5231a850fba98726686050a5fb8aa34e3844b51b24ebc7d15a3e9b4b3e23ec92
w000170	15805000	15809999	15807499.5	ML_trees/10805000-10810000.fa.contree	55		ad8a35e459b1b0abbc35c0fe633a98f3cecac34b1a4ed79125b036582e458469
w000171	15810000	15814999	15812499.5	ML_trees/10810000-10815000.fa.contree	55		0bc4b065cb1fd17e389aa147b1adc06e1ece4b5f2d4384ecd752127f171c8156
w000172	15815000	15819999	15817499.5	ML_trees/10815000-10820000.fa.contree	55		b50e055f0dcbb7a433203b3c640a9f563b47b55de16a4338dbe68a6247ef90c5
w000173	15820000	15824999	15822499.5	ML_trees/10820000-10825000.fa.contree	55		1f35ccdee39ee94e83bf513061335db630dda5f3608da99583d98c5293c1e109
w000174	15825000	15829999	15827499.5	ML_trees/10825000-10830000.fa.contree	55		4a5ce87bfb4ce02aadfeb95faf2962a79b46f3d49b9e57df492cb3e4157086dd
w000175	15830000	15834999	15832499.5	ML_trees/10830000-10835000.fa.contree	55		d2c4e1cf39157f8a323540484dab9f825891eb1ff35c585e2cb1da6e87f19489
w000176	15835000	15839999	15837499.5	ML_trees/10835000-10840000.fa.contree	55		f7c18036277dad1262310816e6afbd65f6d57017880fddfcaa49d9e85b4df9ae
w000177	15840000	15844999	15842499.5	ML_trees/10840000-10845000.fa.contree	55		4e4a1ce6a059272d5686f0b4dce5bb6b7a91bfee2746ecad18d37ee6e623088d
w000178	15845000	15849999	15847499.5	ML_trees/10845000-10850000.fa.contree	55		2b23627cb5ea60890d2e8c3e3700cf7cc5f3ccf3c437e331921bd020ab4d95ad
w000180	15850000	15854999	15852499.5	ML_trees/10850000-10855000.fa.contree	55		0533abad86045c1e0ae3f15497efb0dc409d76065243f16e91079d25ae9e41a1
w000181	15855000	15859999	15857499.5	ML_trees/10855000-10860000.fa.contree	55		fa3beab290d4bab0b63c58303450d35a2854dbbed2fd83d8a6e3e689437b3dd9
w000182	15860000	15864999	15862499.5	ML_trees/10860000-10865000.fa.contree	55		4475ff550424191c643208622b5ad8e1d1f752cbd0effd3bca4c425a419be2fb
w000183	15865000	15869999	15867499.5	ML_trees/10865000-10870000.fa.contree	55		3ce57733b07cc3e04edf163e8960da4d82ff8dd5193f40825f2e5971543bccce
w000184	15870000	15874999	15872499.5	ML_trees/10870000-10875000.fa.contree	55		0763e3fa4b530e3a15f9840f851a2dc7e0cfacbc99145446df500bc47a6d07d2
w000185	15875000	15879999	15877499.5	ML_trees/10875000-10880000.fa.contree	55		5d207faf5fce84741e2107b62c84de1f75f05c31e5ff49c5b4ab1d5d73b59b69
w000186	15880000	15884999	15882499.5	ML_trees/10880000-10885000.fa.contree	55		78ae05eb48ff82033a78cec73b90d763f3881218b20294e836a9dc9437bdb70b
w000187	15885000	15889999	15887499.5	ML_trees/10885000-10890000.fa.contree	55		23bf580e40d6ae66222f725109e8ad74b636b47c0de962e35ea2755aad62b42c
w000188	15890000	15894999	15892499.5	ML_trees/10890000-10895000.fa.contree	55		73d9d12955c6b70e7aac308d33ec10b8e8b591b4c79145756f7f5df1b39cf24c
w000189	15895000	15899999	15897499.5	ML_trees/10895000-10900000.fa.contree	55		a4c2c27e62cd259b978a2aaef4f51b2310f688e0a8da6b536916b6f80e7887de
w000191	15900000	15904999	15902499.5	ML_trees/10900000-10905000.fa.contree	55		456a8965404ab25372118b0c877141e425a4c24b52b36d2e4a5b7d9d42365565
w000192	15905000	15909999	15907499.5	ML_trees/10905000-10910000.fa.contree	55		faaeba933ee7603406ad44095f683cad169bc22e26d28524659bfbb89ef22d8d
w000193	15910000	15914999	15912499.5	ML_trees/10910000-10915000.fa.contree	55		f589c0febb63a0b5379e0983fa61baed368c27564309bc22e7883f17633c4e4d
w000194	15915000	15919999	15917499.5	ML_trees/10915000-10920000.fa.contree	55		bdcc92cdfd3af2f79fe40b4a776a0db02df70ee939505b29748f64b6d795a2dd
w000195	15920000	15924999	15922499.5	ML_trees/10920000-10925000.fa.contree	55		3370eebb63ba25b0c5e66d3bdc3d17e2afb1d03a43775368fb98954f88f8a532
w000196	15925000	15929999	15927499.5	ML_trees/10925000-10930000.fa.contree	55		d052915be6b21d5be2e31c07998f59e787c6fdbe2092cac616be005436620e4f
w000197	15930000	15934999	15932499.5	ML_trees/10930000-10935000.fa.contree	55		67ab0fab2acca2f2096edb6d113ec711c43b3ba4c376805c17f7a38a7d528564
w000198	15935000	15939999	15937499.5	ML_trees/10935000-10940000.fa.contree	55		7afde73b1c57d36f7272f6b46c2371cd6eecead5aa87abe1b90216f78e6673ac
w000199	15940000	15944999	15942499.5	ML_trees/10940000-10945000.fa.contree	55		cfe8950d0ec9a7d912dc9c08a1857180cdb424968918635ab53e8512963dc55b
w000200	15945000	15949999	15947499.5	ML_trees/10945000-10950000.fa.contree	55		3e6b21ae7fbe5d156a1483b5df2d4150cb5f4af097b78c8e9f872e6646fae034
w000202	15950000	15954999	15952499.5	ML_trees/10950000-10955000.fa.contree	55		3ddb62c5d14ff04ee4a6f145c831435c65285a9ef1e12e41c7600d1ea2afaf81
w000203	15955000	15959999	15957499.5	ML_trees/10955000-10960000.fa.contree	55		97fbdb7032e2d2c05cb54e47fb76904e014a17b2b55a74dbc0c7a351f786a77a
w000204	15960000	15964999	15962499.5	ML_trees/10960000-10965000.fa.contree	55		5ffb867cc5e254e4670523a807e9d28a78c58e36222c6c7041b26eb595a2e9c8
w000205	15965000	15969999	15967499.5	ML_trees/10965000-10970000.fa.contree	55		6459e509ea67713fd882f9dacb7b3ffbb3f08d82d5be7c70930dbdd3f4210687
w000206	15970000	15974999	15972499.5	ML_trees/10970000-10975000.fa.contree	55		72e8b9384cc472485654666f00bec2b4aa97afee60df180b7c4969fb50ab886a
w000207	15985000	15989999	15987499.5	ML_trees/10985000-10990000.fa.contree	55		2763d29f513a4621d466e3fac0247f1ecab07408724f787fd4a9be4512131323
w000208	15990000	15994999	15992499.5	ML_trees/10990000-10995000.fa.contree	55		886b9da1b98a80e05ffb07560f5108fbcfd1c09f713501df34e62242105dd4d2
w000209	15995000	15999999	15997499.5	ML_trees/10995000-11000000.fa.contree	55		8e9d5a4fe036d63692fe6ec82ecc3ce419a8c6b18014544d2690169a0808dc7f
w000212	16000000	16004999	16002499.5	ML_trees/11000000-11005000.fa.contree	55		c314713d9251d223e13c695eb054e246fafd1ec543d1db2468e95691b00a9d31
w000213	16005000	16009999	16007499.5	ML_trees/11005000-11010000.fa.contree	55		1254f4623e99161029068befde7af1f7447c89f4a45557279aed8a791fb72eec
w000214	16010000	16014999	16012499.5	ML_trees/11010000-11015000.fa.contree	55		edb4dd83427711a82392d5a7ed35c14711c3ab4d08375bf427a551033c8e85ba
w000215	16015000	16019999	16017499.5	ML_trees/11015000-11020000.fa.contree	55		9c5b1aa1d07cedcb6274077e1d61ce5c857d27380e947931f14e7ea6b80e0874
w000216	16020000	16024999	16022499.5	ML_trees/11020000-11025000.fa.contree	55		9ed5ea74e92312efb65e7ff40e925c0c84f3e96af3e9306594f51308d5015c9f
w000217	16025000	16029999	16027499.5	ML_trees/11025000-11030000.fa.contree	55		eeb75d373d881b9b147809ed1043281ed92153c59c162078ea4cfb3c257ba2c0
w000218	16030000	16034999	16032499.5	ML_trees/11030000-11035000.fa.contree	55		ba4240376296aa465a49fe94ac6dbc3c989217bd75e369680596ca1cebb5b24c
w000219	16035000	16039999	16037499.5	ML_trees/11035000-11040000.fa.contree	55		6ee7a814c43504535825dc3de4d0d218cdaba9503614e88cfe231b88a4fa6fe3
w000220	16040000	16044999	16042499.5	ML_trees/11040000-11045000.fa.contree	55		2ce9f055dd38ae6ba5fa9d32bf48a691db6854eda3f0e6286eb0940e5d3486b5
w000221	16045000	16049999	16047499.5	ML_trees/11045000-11050000.fa.contree	55		7949a4705258c60eca83977a93e90316a7aac2177f5a65bb5039147525990c13
w000223	16050000	16054999	16052499.5	ML_trees/11050000-11055000.fa.contree	55		6ccb8fb8f2e7bf1ddb3b99e112e56215f25a7d51c5bf60d5cb450dd6ea9ddfd5
w000224	16055000	16059999	16057499.5	ML_trees/11055000-11060000.fa.contree	55		910298fc178499541b601a601b30d1dfc6a8965065134756c9ec2c6c3f9c7cfa
w000225	16060000	16064999	16062499.5	ML_trees/11060000-11065000.fa.contree	55		03c6553289754cb54ebfaa8d0b97311e4dcf00d5b07e6bcf3aea819a15f38ae7
w000226	16065000	16069999	16067499.5	ML_trees/11065000-11070000.fa.contree	55		f35c4a3527623767546db63f749cf0b522ec241a2913e1136eaabf9a0660df45
w000227	16070000	16074999	16072499.5	ML_trees/11070000-11075000.fa.contree	55		2e6bde5360f47204e6b54eee6b7a413f3d60daa9c6d5b45dde2a0760ac69838e
w000228	16075000	16079999	16077499.5	ML_trees/11075000-11080000.fa.contree	55		faef438f597c0372bc1e002d77fca15f5707553849c9f93c944cf07d55c48102
w000229	16080000	16084999	16082499.5	ML_trees/11080000-11085000.fa.contree	55		38f2234a94a0b18704f2dab71b8f4ecef955a3fa985910a5639f4b57a07b2415
w000230	16085000	16089999	16087499.5	ML_trees/11085000-11090000.fa.contree	55		323c1fa3d3500b0d2745c970f0924d5af55a577f96944df9d7a1db64571b2001
w000231	16090000	16094999	16092499.5	ML_trees/11090000-11095000.fa.contree	55		116a874a82085dc4c1c118faf7976abcd8ff0534b930ba0c8be62d0813414650
w000232	16095000	16099999	16097499.5	ML_trees/11095000-11100000.fa.contree	55		6555cb272cdb0487f5f8ed84567a4a16e57842a2690db86b6c3b332b2f865ff0
w000234	16100000	16104999	16102499.5	ML_trees/11100000-11105000.fa.contree	55		8a3b1d358f5d0c760e9a8a3460fe731e35c7c8d0d3afea5af865e36fa5c1514b
w000235	16105000	16109999	16107499.5	ML_trees/11105000-11110000.fa.contree	55		ce6c8052bef2eff76a9c5b3ede465212a59020ec08270ba7b870f3aca0be29ba
w000237	16155000	16159999	16157499.5	ML_trees/11155000-11160000.fa.contree	55		9b1fa5bf397e256c30502a0d7c90188f381208681c83c7749406ff137e347aaa
w000238	16160000	16164999	16162499.5	ML_trees/11160000-11165000.fa.contree	55		139a7847b92a8b9fd3a71c340509255f295ba74bfa78259bccb8d88872b5a103
w000239	16165000	16169999	16167499.5	ML_trees/11165000-11170000.fa.contree	55		99f063ffc7aeedb0f9a0abbbd1550f155e9ea29aff4c7f10eb42a55ce7e6d751
w000240	16170000	16174999	16172499.5	ML_trees/11170000-11175000.fa.contree	55		3b94bfb98c1de72b15ad5e8d7790fc7bea7a07cd5cdcd081d84ca7cc03919360
w000241	16175000	16179999	16177499.5	ML_trees/11175000-11180000.fa.contree	55		9a9f81822178423f792a33a158daf80782c5f2d832ac7ea6bde72f53ed2d27aa
w000242	16180000	16184999	16182499.5	ML_trees/11180000-11185000.fa.contree	55		46cd14748d088c711fec920f09a8f358306db4e17d8156f33e72a85f3bd21bd6
w000243	16185000	16189999	16187499.5	ML_trees/11185000-11190000.fa.contree	55		c137ede8e86ceaca65a765139292945eff4e6d77063961bb0ec998544306700a
w000244	16190000	16194999	16192499.5	ML_trees/11190000-11195000.fa.contree	55		690919cddf7b82599cb9d75ba9c4a209007f323556b9c9c822c828b95548ff1b
w000245	16195000	16199999	16197499.5	ML_trees/11195000-11200000.fa.contree	55		5c4c1f7da608735e6861ee1583f7c37b2db635d0c0a9bacecfe471d35288bf52
w000247	16200000	16204999	16202499.5	ML_trees/11200000-11205000.fa.contree	55		8adee7176c07b5a766688275a331aeb017afb6aaf2dafbc01fa809155cad59c7
w000248	16205000	16209999	16207499.5	ML_trees/11205000-11210000.fa.contree	55		8d9db34af88d6a7f09d5a78f1f522a2954e0288eb6b066909011a5471a291f70
w000249	16210000	16214999	16212499.5	ML_trees/11210000-11215000.fa.contree	55		ebc645e3008e295555bb7f5226efb8ff4442356454d47bae2058ee83b67a925d
w000250	16215000	16219999	16217499.5	ML_trees/11215000-11220000.fa.contree	55		514dcd574a0d1fd78cf2624352e8804be335e2a677aea32c01b99366e2f550d2
w000251	16220000	16224999	16222499.5	ML_trees/11220000-11225000.fa.contree	55		7369b7665bff3a92e31540f5d143be57a29c93ac3b9ae266d0de15191e17556e
w000252	16225000	16229999	16227499.5	ML_trees/11225000-11230000.fa.contree	55		e70beed21eed8569d53bd3abfb1ca35aeed9255c040e33dabbc47ac97365cc33
w000253	16230000	16234999	16232499.5	ML_trees/11230000-11235000.fa.contree	55		7a252bc48d49c938b31855ba09c82a85725671987ad92c40289c6f4bb3fecd89
w000254	16235000	16239999	16237499.5	ML_trees/11235000-11240000.fa.contree	55		1afc74285c1622d69cbac0804372d13869579e28236998ab51e08b91c1807cdb
w000255	16240000	16244999	16242499.5	ML_trees/11240000-11245000.fa.contree	55		351940b53b9c88b1e87b9694c0a19c7594576bbc0feb9fc84b943f0179881b4f
w000256	16245000	16249999	16247499.5	ML_trees/11245000-11250000.fa.contree	55		9723e63bd5c60bc0a72265b7ff6a82aaaac790e8896f012fbf7f4211ce1fa889
w000258	16250000	16254999	16252499.5	ML_trees/11250000-11255000.fa.contree	55		71237cd6b42559339a86b98691ddca62165af8b7237696269cdf0333b46ba6b4
w000259	16255000	16259999	16257499.5	ML_trees/11255000-11260000.fa.contree	55		3065cb8f3a8f3e6a346cba313cfb60b7ce1307359b1015b52d8b29201aa877df
w000260	16260000	16264999	16262499.5	ML_trees/11260000-11265000.fa.contree	55		440e852b1c755f878455f76b5ea29d3c3f9add261d2f91d6715d71a7cf5123b5
w000261	16265000	16269999	16267499.5	ML_trees/11265000-11270000.fa.contree	55		04589c60f4fb2b49f6b765f16c590cb9e5ab96c15c60d9f7c766fe9dfdd0acc2
w000262	16270000	16274999	16272499.5	ML_trees/11270000-11275000.fa.contree	55		f0fe02a7901385c04c78fccaf7bc40d7924a82e77547d697af62ada101633e2b
w000263	16275000	16279999	16277499.5	ML_trees/11275000-11280000.fa.contree	55		1f022ef460d27235ab9f9d9f7434682f6b894a9549ffeaa34197927bfa58e742
w000264	16280000	16284999	16282499.5	ML_trees/11280000-11285000.fa.contree	55		9389cb9d64df182f4c51f234239fb0a3645eb6e916aaf57268b2d5fc9bb8e4ce
w000265	16285000	16289999	16287499.5	ML_trees/11285000-11290000.fa.contree	55		b250b7c4994bd3704773475475cb0f4cb980f02f8f3775183c0801254b4c03f9
w000266	16290000	16294999	16292499.5	ML_trees/11290000-11295000.fa.contree	55		d679d2ecd9810078531879e31a59f23137746f32afe487336279b5402936c8b8
w000267	16295000	16299999	16297499.5	ML_trees/11295000-11300000.fa.contree	55		47ac0ad4e0150dab6379049e12f4ad0e3009ff2d97385a1ca01cd2ae1bb1855a
w000269	16300000	16304999	16302499.5	ML_trees/11300000-11305000.fa.contree	55		62424b7bc1d6e1cda6079e7ba442aea7a2da69836217847087839ce493668b83
w000270	16305000	16309999	16307499.5	ML_trees/11305000-11310000.fa.contree	55		dd722022a4256468474cf2fa0a8192c5d367d691b1a68c509937c82fce101cd3
w000271	16310000	16314999	16312499.5	ML_trees/11310000-11315000.fa.contree	55		79b6d8e413def0db90bfdaf84ce2c47ff046d58a825727ba1c2fe763aaf96ce2
w000272	16315000	16319999	16317499.5	ML_trees/11315000-11320000.fa.contree	55		9ca59dbacfd9012a6b6966acc7bafbb0c5d405bf74bdaf8a4a534dbcd856f665
w000273	16320000	16324999	16322499.5	ML_trees/11320000-11325000.fa.contree	55		7409239614ba22c10e2b691c05384fe019ed0ad64d6c0ed81fef2063ae5f4ef2
w000274	16325000	16329999	16327499.5	ML_trees/11325000-11330000.fa.contree	55		bdd5eaa9c369c61020b24d4eb576f6a526e8a3134a3c0bb397f6d807f59d704b
w000275	16330000	16334999	16332499.5	ML_trees/11330000-11335000.fa.contree	55		cd8faccbaf1f219ec37e162ea72e7374c22a04c5b7811a5142aacccad06a42e1
w000276	16335000	16339999	16337499.5	ML_trees/11335000-11340000.fa.contree	55		c75dce392a2f969202ff15d0ac75cf2dec461c3742fdee62f18ad7ee6dadd562
w000277	16340000	16344999	16342499.5	ML_trees/11340000-11345000.fa.contree	55		8d215429c155af7d3b788df562c8dcc374eaf78fc15a6c635b56781d7468c435
w000278	16345000	16349999	16347499.5	ML_trees/11345000-11350000.fa.contree	55		95d71c65035f5195ff16a8675e88b1131624ae00b5c8fe69d2445e4c881a90da
w000280	16360000	16364999	16362499.5	ML_trees/11360000-11365000.fa.contree	55		85945cfa99eee01563fba41c55a58d1b205fef57ae4462b9230db8a73720288f
w000281	16365000	16369999	16367499.5	ML_trees/11365000-11370000.fa.contree	55		245583b5fea2c9783507f7cdf7ade6538315242a687ab9a545cdb2a57b6576d2
w000282	16370000	16374999	16372499.5	ML_trees/11370000-11375000.fa.contree	55		539b326093cf0951aca7864652bda8b28707a2f9dfba5edfee600c7c4dc2ae9d
w000283	16375000	16379999	16377499.5	ML_trees/11375000-11380000.fa.contree	55		65097e09aeffd2ebddb629d8a1a6a8b665bc3c8423f830bd16ab2e302fbc4877
w000284	16380000	16384999	16382499.5	ML_trees/11380000-11385000.fa.contree	55		6a1f8837804a2c57f7ca1e8f2267d053a8eb2010d1ebec7b535af78470de8c51
w000285	16385000	16389999	16387499.5	ML_trees/11385000-11390000.fa.contree	55		6c5927713905a226b56f994a4bce1e4567a4b328dd7891d6e326a03fbcf0f9a3
w000286	16395000	16399999	16397499.5	ML_trees/11395000-11400000.fa.contree	55		d171ea329e7b32a10c33aa7102cfc481458660b9db47cb0a1b2f81d579634673
w000288	16400000	16404999	16402499.5	ML_trees/11400000-11405000.fa.contree	55		3d67166490ddb6a47e82c4c34955f0b2e6622b37ebb535fe95e66e7e37dc66c2
w000289	16410000	16414999	16412499.5	ML_trees/11410000-11415000.fa.contree	55		2162d325a36fcd3d8859467fef44075ee7a2d5fae65dc88b24ea197d79e34e88
w000290	16415000	16419999	16417499.5	ML_trees/11415000-11420000.fa.contree	55		445c56e18c08b13119680baca2fbe993333238623ca725241884795f3083cff6
w000291	16420000	16424999	16422499.5	ML_trees/11420000-11425000.fa.contree	55		32aab9cdc103dd172b2fa494cdb9bb5a8ef202f52c46e1105d73a00161aa3563
w000292	16445000	16449999	16447499.5	ML_trees/11445000-11450000.fa.contree	55		88dabe440891f6f1ea64529240b6cbab59bf32fc84153586a01cd83f3f576b63
w000294	16450000	16454999	16452499.5	ML_trees/11450000-11455000.fa.contree	55		f7aaccba5e5b5fa431ca7cea4c7ce91ffe055c781c978416a43d683a08ac96ed
w000295	16455000	16459999	16457499.5	ML_trees/11455000-11460000.fa.contree	55		c8429b73293b2673ec9a47b716aa62d09ca1b340c1b0413006943743c0ae3546
w000296	16460000	16464999	16462499.5	ML_trees/11460000-11465000.fa.contree	55		dca229c0c4bea93036924235aa87e3af1ae038cce7ecd8e15c9838943d42d4ea
w000297	16465000	16469999	16467499.5	ML_trees/11465000-11470000.fa.contree	55		1a9d5039065cd58b6a90b2676207b5c1a1002eb9a4fc7c4d2cfbd00cc6772b92
w000298	16470000	16474999	16472499.5	ML_trees/11470000-11475000.fa.contree	55		fe6a952d372fbf0458a55b911850e9d9c896833547641d01acaa0704b802a3ca
w000299	16475000	16479999	16477499.5	ML_trees/11475000-11480000.fa.contree	55		523ba62dbc651617860262ac3404b4b1d235b8896c476bf7be4125e683b40587
w000300	16480000	16484999	16482499.5	ML_trees/11480000-11485000.fa.contree	55		aef84a8cf76bcbcad029982d4a467e79424baa69509220be6896cd66a602406e
w000301	16485000	16489999	16487499.5	ML_trees/11485000-11490000.fa.contree	55		4e31079707e674c724c9dfdef8d0cbd136da91aa16614a6bba2b05a0bc4753e2
w000302	16490000	16494999	16492499.5	ML_trees/11490000-11495000.fa.contree	55		f83d83769201adaf7d733f8e14dff702da65b4715edfa1b757e7bb08fb5679db
w000303	16495000	16499999	16497499.5	ML_trees/11495000-11500000.fa.contree	55		725863454512aed6294133acaa80ec06e5d23dd42ea21167b59d342a9a1e6b13
w000306	16500000	16504999	16502499.5	ML_trees/11500000-11505000.fa.contree	55		a7e9c3137cab0b9e28396d8cd8c0a1ae9cb2a7b31d663b511fdf1a36ac2792a2
w000307	16505000	16509999	16507499.5	ML_trees/11505000-11510000.fa.contree	55		40ceb2b7f09f6807b8e4587f1200161033c712c72a23ea5c9a3830d51dd1d2b7
w000308	16510000	16514999	16512499.5	ML_trees/11510000-11515000.fa.contree	55		1548ffe2ea11ca659d8a035657f40458d5dff4c0fd3af7880af80e2bfb77deb7
w000309	16515000	16519999	16517499.5	ML_trees/11515000-11520000.fa.contree	55		deb6a31d992a1dd3d3b82a950dcf102fa666cf795684e7a066682505dbdd82ab
w000310	16525000	16529999	16527499.5	ML_trees/11525000-11530000.fa.contree	55		4db2cd6cd727687036f4fa17511f8530ec2a7cdf62193a60572be2f03c6d0d44
w000311	16530000	16534999	16532499.5	ML_trees/11530000-11535000.fa.contree	55		dd142bd3d12c2a351e2be118869544c34e90ded1a014b4b186c85538082e63cd
w000312	16535000	16539999	16537499.5	ML_trees/11535000-11540000.fa.contree	55		a353334887e418793b354e84509ac5345cb2bf83cc920e342a55e6bfedb6ddb0
w000313	16540000	16544999	16542499.5	ML_trees/11540000-11545000.fa.contree	55		41e2aed41cf35d6ff559fb24b6e7f66fb9b201626d08e6277944a8f782ca36bc
w000315	16550000	16554999	16552499.5	ML_trees/11550000-11555000.fa.contree	55		b4ee2db0882a4cc99a2d1a18a4b988d938e28afe2a4bf6de066dd1f737aaf9f2
w000316	16570000	16574999	16572499.5	ML_trees/11570000-11575000.fa.contree	55		9cd233d418482b2ad9b113d13a336acf6a27bcdb0a03ce68b46bef0563575882
w000317	16575000	16579999	16577499.5	ML_trees/11575000-11580000.fa.contree	55		c9fb41c26c83e2aa6657eb99d59f5ed9a12c81e9c8618af99a0a213795d553f8
w000318	16590000	16594999	16592499.5	ML_trees/11590000-11595000.fa.contree	55		db9cba10f116ec4d3c873458453f9c4c36e335360ccacb56cb5592a456ae0ab2
w000319	16595000	16599999	16597499.5	ML_trees/11595000-11600000.fa.contree	55		9298e88c8a2212d6a45c421193e8203f5fec0548624395c140c6ee96752e62e7
w000321	16600000	16604999	16602499.5	ML_trees/11600000-11605000.fa.contree	55		63444dd5201a9eff98905c47a643bb34b81842f9f516ca53726e79f72843eb65
w000322	16605000	16609999	16607499.5	ML_trees/11605000-11610000.fa.contree	55		bcd96bb736d2b471361d577178c8024317b3100a65e8516f33621fa480cdd472
w000323	16610000	16614999	16612499.5	ML_trees/11610000-11615000.fa.contree	55		b8958e1223cedb9802eb79758027a0547bdfd4ffa1af97554d530a07e4bb09d9
w000324	16615000	16619999	16617499.5	ML_trees/11615000-11620000.fa.contree	55		5d1785c3a8114e8841465f96cbd5c433a864ceb887e33b323ae1e5436d382fef
w000325	16620000	16624999	16622499.5	ML_trees/11620000-11625000.fa.contree	55		ce27be51a8061046022ba4eca6e47d72471fded41f38b71d320a65ba6d4a2cb2
w000326	16625000	16629999	16627499.5	ML_trees/11625000-11630000.fa.contree	55		92ad3e50c9d434a594c0dae29c7103e0ded1975a80c39417663d84d9d6b26cba
w000327	16630000	16634999	16632499.5	ML_trees/11630000-11635000.fa.contree	55		ea1e467442e19f3018c25fd2604d816864ad547a17f58ac432b53b112fdf82b6
w000328	16635000	16639999	16637499.5	ML_trees/11635000-11640000.fa.contree	55		3b7f096b687d6592162a2daba531a59647b8dfd16b97d3beb593e5216fdff630
w000329	16640000	16644999	16642499.5	ML_trees/11640000-11645000.fa.contree	55		7486767d0d51eb35b1dc6fdbc77d41a148c825875853d914d3b9733492f4e657
w000330	16645000	16649999	16647499.5	ML_trees/11645000-11650000.fa.contree	55		729be52b5fa8cf07055cc0b632e6a0c1c5ccf2079a05454babaf3d577f87de64
w000332	16650000	16654999	16652499.5	ML_trees/11650000-11655000.fa.contree	55		dfb990c8710683cecdde103f59bc3d7519319525ea365e1ea07e875a67745c3f
w000333	16655000	16659999	16657499.5	ML_trees/11655000-11660000.fa.contree	55		6883b0b51fd703d5175bb804215ffea66e6a41143735138721e7a294f854c9c6
w000334	16660000	16664999	16662499.5	ML_trees/11660000-11665000.fa.contree	55		2e5505e46c53e79cdbf35df5801b39121b3259c9357c828d7e556290652b4d33
w000335	16665000	16669999	16667499.5	ML_trees/11665000-11670000.fa.contree	55		307084084ee1776aa7648629e86c6e71c1f49bc8f53bf8388c108e1408b5b407
w000336	16675000	16679999	16677499.5	ML_trees/11675000-11680000.fa.contree	55		dbaf3aa7ed35bedda2f5d294281006eea2bcf88608779c3f1621633b85ce0f71
w000337	16680000	16684999	16682499.5	ML_trees/11680000-11685000.fa.contree	55		aa788a5ce393af1f1782c798e4899d6cf016ae616dfd33e578d993324473eb25
w000338	16685000	16689999	16687499.5	ML_trees/11685000-11690000.fa.contree	55		f38fc2239efecb4ef9beb1c72bd7a50ff880ed9bfb81d5e02736b7a5afae9fb8
w000339	16690000	16694999	16692499.5	ML_trees/11690000-11695000.fa.contree	55		15890e77765a24492d2dec4012cab707b810dcf371005ef84cf0ab5faf033a80
w000340	16695000	16699999	16697499.5	ML_trees/11695000-11700000.fa.contree	55		389ec437465ff80037b467cc1f4a46fe15d57d12a9ab611e88e6c59b50cb6abb
w000342	16700000	16704999	16702499.5	ML_trees/11700000-11705000.fa.contree	55		9122088221f2582c2527e2131a0c955f1515a8fc806a06521547c53fb571a028
w000343	16705000	16709999	16707499.5	ML_trees/11705000-11710000.fa.contree	55		97db73f7950a66df70d9867fe43ba895f74ec5f7192cf95d5a8253637d25a0a5
w000345	16775000	16779999	16777499.5	ML_trees/11775000-11780000.fa.contree	55		89a22433c14cb15d0eb5690f856acf7d056dfc1735ad11cdbaa502d87f668580
w000346	16780000	16784999	16782499.5	ML_trees/11780000-11785000.fa.contree	55		9aada1efece00b99661545f8424fef2ecac4d00e2acd26790b389db3751a7bfb
w000347	16785000	16789999	16787499.5	ML_trees/11785000-11790000.fa.contree	55		6d5d4675c6a31e686e70841972610e7135344dc1742880873660523834234402
w000348	16790000	16794999	16792499.5	ML_trees/11790000-11795000.fa.contree	55		ac710d02f254ab3b3a3eb915370dea9d8a514f6cec8bd4fdd77248c0694ba7c9
w000349	16795000	16799999	16797499.5	ML_trees/11795000-11800000.fa.contree	55		c599dc7f51f75cc5b18dee9f7ae2530124d9a86659152f2982d1f73b703febb5
w000351	16800000	16804999	16802499.5	ML_trees/11800000-11805000.fa.contree	55		490e0d2cbf0d4a3745e4c3b71eec53113fd21eaedb6287d8e4712ccc745c6776
w000352	16805000	16809999	16807499.5	ML_trees/11805000-11810000.fa.contree	55		5f1c35e90bdc55a17170c81dbe26463a85ae8ab9e544778a0956f7f7338dc4e8
w000353	16810000	16814999	16812499.5	ML_trees/11810000-11815000.fa.contree	55		c1937678cdebfb6bd73da97f681a550b170685ba50aec401f64714ae977a32b1
w000354	16815000	16819999	16817499.5	ML_trees/11815000-11820000.fa.contree	55		4873ae2f35e4d5ccd70585741be3690a62e2f47b878faa7580bcfcdd3490877a
w000355	16820000	16824999	16822499.5	ML_trees/11820000-11825000.fa.contree	55		922fdc33ef057caba0ed69175c30020c94b33db4fa99861779ac797577597608
w000356	16825000	16829999	16827499.5	ML_trees/11825000-11830000.fa.contree	55		45da765b1ac0d42f02a9a2111167d8225d9b4d1991381cdc55f0e66157dfec34
w000357	16830000	16834999	16832499.5	ML_trees/11830000-11835000.fa.contree	55		f7da13ad033e35d54c54b706c41329aa3d1debb4923e1d6e98fa1fcc72e4144d
w000358	16835000	16839999	16837499.5	ML_trees/11835000-11840000.fa.contree	55		07ed199f228da61f4c7ec82a95c7dbf99b02a70d84a883730f1852d9b8505e33
w000359	16840000	16844999	16842499.5	ML_trees/11840000-11845000.fa.contree	55		bb7413528ef65ea8c0a166162781446a367f9ef5ebd103087b03b5f8b408d736
w000360	16845000	16849999	16847499.5	ML_trees/11845000-11850000.fa.contree	55		5c34c4693070c9e070679b2827727a21b0a5ca035b0a5c2205708b1b33e48ae8
w000362	16855000	16859999	16857499.5	ML_trees/11855000-11860000.fa.contree	55		1f6a9c37717b881f132575bd20c99c1a73b39c15ee1feadd80f8c51d8999b907
w000363	16860000	16864999	16862499.5	ML_trees/11860000-11865000.fa.contree	55		0487f3fa1b459266618b283dc96a94bd19e9403d2c179cc6b10e967c9d607adb
w000364	16865000	16869999	16867499.5	ML_trees/11865000-11870000.fa.contree	55		488c07c11ec09b68e1b17aeb3c3e4a512cd60662a9ce812b6673afe0769b7651
w000365	16870000	16874999	16872499.5	ML_trees/11870000-11875000.fa.contree	55		d87800de9f6cec9d7d1b31e8e1e74f30341a09e7683d419c30948d91bd15edcf
w000372	17385000	17389999	17387499.5	ML_trees/12385000-12390000.fa.contree	55		7f351a02142103e0a3865ad8d8419fd4f5bdd12317a2aa81f4eb87800608287f
w000373	17390000	17394999	17392499.5	ML_trees/12390000-12395000.fa.contree	55		a96a2168b3b04fa52e3b4d6ae8b3b5bb73cbea04372770dadcd244244401a742
w000374	17395000	17399999	17397499.5	ML_trees/12395000-12400000.fa.contree	55		76614b12de9669ba144ad3dda1b0b837b22ba436130411f6ffd206aa2df7e374
w000375	17400000	17404999	17402499.5	ML_trees/12400000-12405000.fa.contree	55		7d45aad101a7275e37bb0bed2508c848bfa0a8e5edc07ec429294208f6272279
w000376	17405000	17409999	17407499.5	ML_trees/12405000-12410000.fa.contree	55		c5b091eb3bdfac118befdae46c4c020a0369216c638fdc33c2ad1d8063b67acc
w000377	17415000	17419999	17417499.5	ML_trees/12415000-12420000.fa.contree	55		ad0540983dfa570f4d7c900a0752462625249426b2bee3f7eb4dc97e9c52f83b
w000378	17420000	17424999	17422499.5	ML_trees/12420000-12425000.fa.contree	55		550f647c079c68c9b10b1c8b335ad364190bf091a04ff501732c01aa27bca60c
w000379	17425000	17429999	17427499.5	ML_trees/12425000-12430000.fa.contree	55		10e671fa846d28e8b3b9b765e5ec614f098837def3372e86bf8df692e7cc0bb6
w000380	17430000	17434999	17432499.5	ML_trees/12430000-12435000.fa.contree	55		3408a824656c2eb5cb5cac04ae51ebb06d57d57d03a0148c08a6c7c12dbdfd42
w000381	17435000	17439999	17437499.5	ML_trees/12435000-12440000.fa.contree	55		065e8bb045e029452c41dbc425579b231999d7315b64bb68d0b448e02581055b
w000382	17440000	17444999	17442499.5	ML_trees/12440000-12445000.fa.contree	55		64360b345db15c5551157af7993a43573d1480d59f9fc1e64e700539b654560c
w000383	17445000	17449999	17447499.5	ML_trees/12445000-12450000.fa.contree	55		7dec14bfc7aa183e027bfce3a476526616360330cb5ebe5bfc3454b035b12acc
w000384	17450000	17454999	17452499.5	ML_trees/12450000-12455000.fa.contree	55		bc68b9edd0685f01fd9b502e4641286e4d3efdd65af3c9f1977b7b58328ca413
w000385	17455000	17459999	17457499.5	ML_trees/12455000-12460000.fa.contree	55		074c5d7f13fd17826538a07a305fef72bd03858ab45e28c5592f2078ea71ebf5
w000386	17460000	17464999	17462499.5	ML_trees/12460000-12465000.fa.contree	55		3340ee9b4f3bee050fe23d3305dfd2f6c177f4ea47642b64018d30a6b696e314
w000387	17465000	17469999	17467499.5	ML_trees/12465000-12470000.fa.contree	55		e51e613ed12fa4b0d3355e3b0e99ddb5da1c8f7db07841345e17f344d17c0548
w000388	17470000	17474999	17472499.5	ML_trees/12470000-12475000.fa.contree	55		e620e95106f6fa12bdb67f84a093204ae6bfb7228d099d5e5695aeaf97f50e7e
w000389	17475000	17479999	17477499.5	ML_trees/12475000-12480000.fa.contree	55		6c296cafddc37c604140e8e4c7da0930ad6a01fc58fd5ea4e8e71e66c446a525
w000390	17480000	17484999	17482499.5	ML_trees/12480000-12485000.fa.contree	55		2a12c4fe8c850bc7091b2277dc824be2f5e8f7cf3d7ea39284a92b061e598e40
w000391	17485000	17489999	17487499.5	ML_trees/12485000-12490000.fa.contree	55		7ff273ba127cf5bc55c7997aef92c9bfb3ebb0b508381bf7b06dab33782b7174
w000392	17490000	17494999	17492499.5	ML_trees/12490000-12495000.fa.contree	55		383c3423328f4378a5efcd9df07d0d72a7cae90709cb087c1c2d5bbca794f48d
w000393	17495000	17499999	17497499.5	ML_trees/12495000-12500000.fa.contree	55		98208657cf2b6b32797b93d32e3f14e25a6929509e2d01607d54bf8625378671
w000395	17500000	17504999	17502499.5	ML_trees/12500000-12505000.fa.contree	55		3555f0b541efc93bc2accbed82bc93b25b082622ea3bec039236efde397d9f49
w000396	17505000	17509999	17507499.5	ML_trees/12505000-12510000.fa.contree	55		1e9ad3b5baa601681d89e4b3cf1a158fd626f40df4f0786727ed4ca1567ae646
w000397	17510000	17514999	17512499.5	ML_trees/12510000-12515000.fa.contree	55		7c2afdbdfe908f9267dea0705a0cc14458de4f85a3326f8c8a1908c228530369
w000398	17515000	17519999	17517499.5	ML_trees/12515000-12520000.fa.contree	55		4ac984d35951b998ddc4191a2e66154ef84157c95407b26026c685904e7d12e0
w000399	17520000	17524999	17522499.5	ML_trees/12520000-12525000.fa.contree	55		e853d20e2011373cd66f235c30431ce6214f10c1363b4f1e54c6bd34bbd523ed
w000400	17525000	17529999	17527499.5	ML_trees/12525000-12530000.fa.contree	55		c7a78699b658ed4fb34b7390e2c35d302b47738016f9f3274bcce5775221500e
w000401	17530000	17534999	17532499.5	ML_trees/12530000-12535000.fa.contree	55		e351d05ed6b066b4c1eea5a5bf3f716aa58df0b67c71ac2fdebd4d61866cbbbf
w000402	17535000	17539999	17537499.5	ML_trees/12535000-12540000.fa.contree	55		27ad3f908ccc86ef3d1270dac460a828b382cd714c8c25b85aa4b281fb156c6d
w000403	17540000	17544999	17542499.5	ML_trees/12540000-12545000.fa.contree	55		b77865aadefbdc17587702b2e7e29846f3746f4e290072994f57feef068a782f
w000404	17545000	17549999	17547499.5	ML_trees/12545000-12550000.fa.contree	55		5061e59ac5af66b7edbb96877dc6a01ac6602786ea4f64b78f2294af55581032
w000405	17550000	17554999	17552499.5	ML_trees/12550000-12555000.fa.contree	55		b47a7e538cb7c451eedfe411111087787287b6c91768f73f33f9f20141bc0b71
w000406	17560000	17564999	17562499.5	ML_trees/12560000-12565000.fa.contree	55		67ab6792254cc1d85953e10799c59af8b75ccfd86a4382081aa8ea84050f4ce7
w000407	17565000	17569999	17567499.5	ML_trees/12565000-12570000.fa.contree	55		26fc9bc172f2bdc8aa7ecd297f40faa6ea97fd9b1fa07adbed6607e5b8dce741
w000408	17570000	17574999	17572499.5	ML_trees/12570000-12575000.fa.contree	55		da4d74a9c8e8518d4962efedef534a967ddcadc5a2374825c5211ca6fd97cc70
w000409	17575000	17579999	17577499.5	ML_trees/12575000-12580000.fa.contree	55		f979ff149e46f836432807eab9a33e143aa4c812502cc95e3589076a159dd9ca
w000410	17580000	17584999	17582499.5	ML_trees/12580000-12585000.fa.contree	55		aa4852e67d69737cfc4dcb229e3d563f20bf9cf5ffca654e0d70a9cc5f31bb24
w000411	17585000	17589999	17587499.5	ML_trees/12585000-12590000.fa.contree	55		0bfc863d12279bde08a49bf76409b5b58178d0deded4a4e19f4dbebc5c2a162d
w000412	17590000	17594999	17592499.5	ML_trees/12590000-12595000.fa.contree	55		1985468c7760609b18b1eb9267cb8f80e2f888446297fda1f8433ada34a225a5
w000413	17595000	17599999	17597499.5	ML_trees/12595000-12600000.fa.contree	55		49a07834a9d947bec14dedbfd3f071dcdca720e80f35869995ffa1376e9928c1
w000414	17600000	17604999	17602499.5	ML_trees/12600000-12605000.fa.contree	55		b51c654dde153dbcd2b14dbbf794498748f17430fdd9c00b0eeae0c5d7b6422d
w000415	17605000	17609999	17607499.5	ML_trees/12605000-12610000.fa.contree	55		12edec5c585cedb6f849f588ffa208c3c80649414faa731c0337fb097cd6f1ee
w000416	17610000	17614999	17612499.5	ML_trees/12610000-12615000.fa.contree	55		5e1a777dc942cadc23934a84d16486eafe2fd87c1e746fa197a85a7bdfe82a90
w000417	17615000	17619999	17617499.5	ML_trees/12615000-12620000.fa.contree	55		427a53459249124d98e2ab0937280e112e1a4a3286b8fa4b98f8ab0574ab74f6
w000418	17620000	17624999	17622499.5	ML_trees/12620000-12625000.fa.contree	55		1171ea2939e88859a8741e3a4709752ac44fa52a3911eb9e63d6058a6e9c7038
w000419	17625000	17629999	17627499.5	ML_trees/12625000-12630000.fa.contree	55		063fa576d87696e33a293486ad793259a76a05b8035ad8d8362ef0674c4ab115
w000420	17630000	17634999	17632499.5	ML_trees/12630000-12635000.fa.contree	55		6bd463835f268a9b86dbfc1c14cff5cbc09b3b5f71021d82baece008d3d39412
w000421	17635000	17639999	17637499.5	ML_trees/12635000-12640000.fa.contree	55		f6afbd55a9d7acfa68bd5d8a4fed7921c4d5995c9af5c86d96425ea871b73ae5
w000422	17640000	17644999	17642499.5	ML_trees/12640000-12645000.fa.contree	55		a24ba27d4ba0e84e0d111b29a7af2ce758877d6dcc998f4368d112d4055cb76d
w000423	17645000	17649999	17647499.5	ML_trees/12645000-12650000.fa.contree	55		c03337ad75f3d1d9537d2c999c8cb0a70adc5800129ac651ad1fbed68cfcc07c
w000424	17660000	17664999	17662499.5	ML_trees/12660000-12665000.fa.contree	55		1506d0fa3a875a6ab0411507f1d30f47450048231bcb6f21b27324a383ac381b
w000425	17685000	17689999	17687499.5	ML_trees/12685000-12690000.fa.contree	55		b19b2eef4b7f151ab55beee887a6b9f791c4acfc1b3272e9f788afb20015f1f8
w000426	17690000	17694999	17692499.5	ML_trees/12690000-12695000.fa.contree	55		9b5876d0c9a89971871b62d1e618e48ff596536b4c0f0443c9121023dc71bcd9
w000427	17695000	17699999	17697499.5	ML_trees/12695000-12700000.fa.contree	55		f49983a42a283dbb22ad8471991e86da5da8b703ec8e5cbde5df79eb0ac087d1
w000428	17700000	17704999	17702499.5	ML_trees/12700000-12705000.fa.contree	55		0d14f607816683e47fcc2f28f8ae948cbfe7e48debf921418d7a892983f1ba64
w000429	17705000	17709999	17707499.5	ML_trees/12705000-12710000.fa.contree	55		8d61a01856946a401ea2ba2ef8ebae30bc46d4218dc5a126257ba6c86f69695d
w000430	17710000	17714999	17712499.5	ML_trees/12710000-12715000.fa.contree	55		25691b3002f4d539704996219a12982244bfc9d0c85143cc898f8feb99f66c77
w000431	17715000	17719999	17717499.5	ML_trees/12715000-12720000.fa.contree	55		223abbd91f2000828881a8b7e6f52a63b70db3cc3a8cc54f1374973a80a7775b
w000432	17720000	17724999	17722499.5	ML_trees/12720000-12725000.fa.contree	55		35344bbc9e3817eee3567a2bc9b9001a0bc141d315c0616244d38ce9ed0475b7
w000433	17725000	17729999	17727499.5	ML_trees/12725000-12730000.fa.contree	55		bf2f41f1a730ec961f72ab4c1345b6f5c254b343bfc14b3b17c7bea454f6c9f7
w000434	17750000	17754999	17752499.5	ML_trees/12750000-12755000.fa.contree	55		f8677cb2b3f51eb8fa0b45efcca1e22c194d5d65b07f3880b98922b879f875ab
w000435	17755000	17759999	17757499.5	ML_trees/12755000-12760000.fa.contree	55		3f505e9c4ecf09dc8db84bcccc444da33789437479280a190955a3a729373a46
w000436	17760000	17764999	17762499.5	ML_trees/12760000-12765000.fa.contree	55		a1eb82c6eed26fe6da68f664e16c62b75b313916a7568901cc656ef0672c9815
w000437	17765000	17769999	17767499.5	ML_trees/12765000-12770000.fa.contree	55		422b7207ea3009c5053234b43eb521571e06ad6f59e328fafdd63895552d2f75
w000438	17770000	17774999	17772499.5	ML_trees/12770000-12775000.fa.contree	55		3ca0b1d3677744b072a028ad2fb8c2a9095e7a38d7d947c1ad2e507e054c04c8
w000439	17775000	17779999	17777499.5	ML_trees/12775000-12780000.fa.contree	55		4ccb07684dd3525c052fe92dc5ff501d7e617ccee4febfd0bd6efad9b0cb56a1
w000440	17780000	17784999	17782499.5	ML_trees/12780000-12785000.fa.contree	55		a2140ea3571b61f6aa4b65789399ce791068267d4178cab62fd465b7def613ea
w000441	17785000	17789999	17787499.5	ML_trees/12785000-12790000.fa.contree	55		b5a26bbcfa58d0c4bea48f2092021ffea846fa5c2789576c0e5a2e6cd54ce10d
w000442	17790000	17794999	17792499.5	ML_trees/12790000-12795000.fa.contree	55		4dd5f1548b782c1a6d7e2f67c2d39b2f273ba0ce4f85f873d2cb5e0dc96c42bb
w000443	17795000	17799999	17797499.5	ML_trees/12795000-12800000.fa.contree	55		888856f7fefc4cb73ad9e39eb656cc772b593fdebdd24c5f76c492682669c895
w000444	17800000	17804999	17802499.5	ML_trees/12800000-12805000.fa.contree	55		cadc298a6cee5bb5c9ee2620a3cf4ef874f9271aba0effc4ff1a03f1bccd260e
w000445	17805000	17809999	17807499.5	ML_trees/12805000-12810000.fa.contree	55		216006e1d09c70598f3bb2318d8778192444d43da0b8c314208b622bb7dc4b8f
w000446	17810000	17814999	17812499.5	ML_trees/12810000-12815000.fa.contree	55		74d859a95ff49d59cba38e2805daf530252953adea0fa7f6ad848dfe6229d064
w000447	17815000	17819999	17817499.5	ML_trees/12815000-12820000.fa.contree	55		376acff707f67ae6e5c8881bf5bb9e9ac99a3a05983d46902e59dab0854c59c8
w000448	17820000	17824999	17822499.5	ML_trees/12820000-12825000.fa.contree	55		843c6d9dbee2508946df2d1d3f50c48f3a93aa479d883febb95e41e53de1f1f3
w000449	17825000	17829999	17827499.5	ML_trees/12825000-12830000.fa.contree	55		035a5b34aef1bded5d93db384fbf05eeb8f1d87a8b96e42ff5d18e90091c716d
w000450	17830000	17834999	17832499.5	ML_trees/12830000-12835000.fa.contree	55		1588bde51c99aba608bfb2c9b1de2029720f42cd988fd02165712cb1be124f8a
w000451	17835000	17839999	17837499.5	ML_trees/12835000-12840000.fa.contree	55		0be5d748e8d8940203f8a5beec012ddaef7f21822f375e242a4970299d6ef997
w000452	17840000	17844999	17842499.5	ML_trees/12840000-12845000.fa.contree	55		da913eddd3dcbc6a1f86e210fcfa4b8393229a8758b4e459c8a9c1f42449dc15
w000453	17845000	17849999	17847499.5	ML_trees/12845000-12850000.fa.contree	55		3f928f511f3f91c6e2ac8073add68c3d40c112cc8864c8ed8363a1a81895534b
w000454	17850000	17854999	17852499.5	ML_trees/12850000-12855000.fa.contree	55		ddfc3e0910034864e157ed8a264b1d5ca547cd68bb0b46083bbf160db0f73f5b
w000455	17855000	17859999	17857499.5	ML_trees/12855000-12860000.fa.contree	55		b77201e2c88607ea08cc9fdf9780698f33dc99c9f473d77ec04dc356fd5168f1
w000456	17860000	17864999	17862499.5	ML_trees/12860000-12865000.fa.contree	55		e7f820f94ce7eec67c59ae563c290d6892bbc06fc8a5686250cdac28ee6d4d18
w000457	17865000	17869999	17867499.5	ML_trees/12865000-12870000.fa.contree	55		937c0ccbc5c980130bc3a244e294ebd437e01c2c274a1dc0dbbe9d2150e25151
w000458	17870000	17874999	17872499.5	ML_trees/12870000-12875000.fa.contree	55		43987c3eef4ecf789a50a218ebd84f9c74ef5bb4a4e84b725a484cdf162d7e3c
w000459	17875000	17879999	17877499.5	ML_trees/12875000-12880000.fa.contree	55		abc4d47dcb7e2690a03603895f258d32053183a69dab08be4b67de203a38d430
w000460	17880000	17884999	17882499.5	ML_trees/12880000-12885000.fa.contree	55		3535756a755aa3ec48db617fb133695b6ba4f2acec576a726c52da121bfd2b7b
w000461	17885000	17889999	17887499.5	ML_trees/12885000-12890000.fa.contree	55		0e1a85dc9ad8c69f8b56ff50ec9335b9ab072902f9224710c19e984a850c008c
w000462	17890000	17894999	17892499.5	ML_trees/12890000-12895000.fa.contree	55		687b3e7eacee1e6800d97b8a1ed2174c68390e316a8de7bee0bb4ab81160523d
w000463	17895000	17899999	17897499.5	ML_trees/12895000-12900000.fa.contree	55		d99727301e11ead5b534c347a600e2509378c2fe6cbeb85f05f00b7f59f54503
w000464	17900000	17904999	17902499.5	ML_trees/12900000-12905000.fa.contree	55		95996051b0c30841aed01a40028fd648de24d75d69bcaecc5ff7c432fcc55a35
w000465	17920000	17924999	17922499.5	ML_trees/12920000-12925000.fa.contree	55		204c5a1f4552dfb22831ccd8044fd27cca37b2e91c506ae21bdfc538866424e5
w000466	17925000	17929999	17927499.5	ML_trees/12925000-12930000.fa.contree	55		81f9066953901d566f0b989015bd17a058b317eb054a648fbcfdb1b5781d4c8e
w000467	17930000	17934999	17932499.5	ML_trees/12930000-12935000.fa.contree	55		f80688a5dcfe4d8c871cdcd60b0be7b5297119a2909bf8a157d037e12b09ab16
w000468	17935000	17939999	17937499.5	ML_trees/12935000-12940000.fa.contree	55		932bb9726460818a0e4913093cf74f1da8cea58534b6426fa21acf6ecfaff194
w000469	17940000	17944999	17942499.5	ML_trees/12940000-12945000.fa.contree	55		b8eee386b716742ddab69daa370361f0983a12f7d25b528e05038c11b16635f1
w000470	17945000	17949999	17947499.5	ML_trees/12945000-12950000.fa.contree	55		42782c6d00476765c4c8d92084865c4e04a14de8bb025074fc817413f84562af
w000471	17950000	17954999	17952499.5	ML_trees/12950000-12955000.fa.contree	55		34677e9a40a2db0ba64b88f522de4e481b56fa673cf5d2a90d254f52aefbfb42
w000472	17960000	17964999	17962499.5	ML_trees/12960000-12965000.fa.contree	55		ee1c9c00a6b5f6f9ef8449b7f28e6a2a71ec1f29fa172aa6e3adb321befeb099
w000473	17965000	17969999	17967499.5	ML_trees/12965000-12970000.fa.contree	55		5c17fb3a6a224bc8077306b9bf897060a3fc7c2dba5dcba4ef852a6653aa81d5
w000474	17970000	17974999	17972499.5	ML_trees/12970000-12975000.fa.contree	55		6ba9cc31daa5a9afbd12a5db70cf9976983b0a48dd454897183e47a30d002544
w000475	17975000	17979999	17977499.5	ML_trees/12975000-12980000.fa.contree	55		99b6c1e3859d0edaba7d61957df68122062f4809f69fe5ec68fafc29a1155165
w000476	17980000	17984999	17982499.5	ML_trees/12980000-12985000.fa.contree	55		5d10e1b161a818ba34b621c676e9cbb21675a5e03b52a6913ae87f796e5a39c7
w000477	17985000	17989999	17987499.5	ML_trees/12985000-12990000.fa.contree	55		b10a2e99a8dea68b3c5668a637b81b165567bc9efa4162f4e43dc32f6115e65c
w000478	17990000	17994999	17992499.5	ML_trees/12990000-12995000.fa.contree	55		8a963573b3c5752bdaa804ef2e1221b978f9da2207dfc107027dde6d4ad872ad
w000479	17995000	17999999	17997499.5	ML_trees/12995000-13000000.fa.contree	55		30f8a3346fd99aadcf6316b55d0933d250e9883a5df9ff4f9f8cc511f5a963ff
w000481	18000000	18004999	18002499.5	ML_trees/13000000-13005000.fa.contree	55		91caed8b22781f38de1b484bde6db36d43538d5f35a9da5d933d5c76bd3d9008
w000482	18005000	18009999	18007499.5	ML_trees/13005000-13010000.fa.contree	55		8e6712ae7a18ef9233f59b00640e093fd3beab418c776d56938a5814c47e0894
w000483	18010000	18014999	18012499.5	ML_trees/13010000-13015000.fa.contree	55		1e1aef99aa0dd05468f78c059ef0a5b729074a4c3b4d15f1c1522da901399509
w000484	18015000	18019999	18017499.5	ML_trees/13015000-13020000.fa.contree	55		f851452e3609efcbe7a46cea639d6a679577e8839a21681c6c2ac67cd5985ff0
w000485	18020000	18024999	18022499.5	ML_trees/13020000-13025000.fa.contree	55		f116e280772287838e6da15202033ece15bb7589e1e18584b8dcc04a6e34761a
w000486	18025000	18029999	18027499.5	ML_trees/13025000-13030000.fa.contree	55		1900b9c7d95a0c2780e8065edcbdf3bc3024cc67c0dfef48c1c65b3c0638dc7c
w000487	18045000	18049999	18047499.5	ML_trees/13045000-13050000.fa.contree	55		b21fd16e993b0e40f6b91a1666b902df025c44dfde5d40adf991cf9caefa7d97
w000488	18050000	18054999	18052499.5	ML_trees/13050000-13055000.fa.contree	55		dd87242f46229788982df6f2672f446ae858a62aaf70b042c568ac0bbd2828fa
w000489	18055000	18059999	18057499.5	ML_trees/13055000-13060000.fa.contree	55		10a985e8f2475ee46ecf3681e793ce45408be8038c08cd39b29f41f729e2f52f
w000490	18060000	18064999	18062499.5	ML_trees/13060000-13065000.fa.contree	55		446368a5651b8fa53ac8b694ea29f8a7815e08ebd58da5c857a28c0e065bf794
w000491	18065000	18069999	18067499.5	ML_trees/13065000-13070000.fa.contree	55		28a189121ee0cf86367cf421bdafc178e9c5adb005186200f3b81b467993d491
w000492	18070000	18074999	18072499.5	ML_trees/13070000-13075000.fa.contree	55		70a4f1dd3db4e37ddd29e13cafa95b9464f58994a5aac42c96d3a10b1371392e
w000493	18190000	18194999	18192499.5	ML_trees/13190000-13195000.fa.contree	55		97f93e4e5e8d12fcd7ae48f7a17be606454c24922ff18e7fa803dc734925ee38
w000494	18195000	18199999	18197499.5	ML_trees/13195000-13200000.fa.contree	55		05bda58164d12bf5e79d689144fee4e8028f510235d67e3f9b38b7954c736ec5
w000495	18200000	18204999	18202499.5	ML_trees/13200000-13205000.fa.contree	55		1720d69ca558b9e69a1cf3fb65bfc763e09432f11ea443253a420a34d33255c2
w000496	18205000	18209999	18207499.5	ML_trees/13205000-13210000.fa.contree	55		adb0a18d8ef68689fed598283c5d1a00ab16abb95cf49879411d61a244446998
w000497	18210000	18214999	18212499.5	ML_trees/13210000-13215000.fa.contree	55		d2ea6a68383de4063d2c2534145a244d3b10ebdbff3ad89efc87cdf78d4a9889
w000498	18215000	18219999	18217499.5	ML_trees/13215000-13220000.fa.contree	55		4fcb719f09b1066a735a769c97be3865fb4f0d92dd1e7fea4337e664b20c8b3c
w000499	18220000	18224999	18222499.5	ML_trees/13220000-13225000.fa.contree	55		9fef61382c5297e066a7e3d898e0a2e3cb25bbf236e94fde8bc25c5999dea1ee
w000500	18225000	18229999	18227499.5	ML_trees/13225000-13230000.fa.contree	55		ab2f4e436bdf5ca04a9b2620bc906f9601aaf9ba16eb4f28b79cec7b53d85c8e
w000501	18230000	18234999	18232499.5	ML_trees/13230000-13235000.fa.contree	55		5ddaee592d90b988ee60f25eb0f335ae61d3dd1f7a296c45c14ba9a37a58035a
w000502	18235000	18239999	18237499.5	ML_trees/13235000-13240000.fa.contree	55		c92048eabc94d23aad7016d480fad9395ecc8bfa06e15d4e4d1d0f70049c9e0e
w000503	18240000	18244999	18242499.5	ML_trees/13240000-13245000.fa.contree	55		294333622083aa1f4d27e54abab83929784d8ec1a2b37b7e04ea38beaf49c998
w000504	18260000	18264999	18262499.5	ML_trees/13260000-13265000.fa.contree	55		c0bf39cf5c1f4d39bdf5b617e5038ad4455fbe1a329f0150796ffc25bd8bffb2
w000505	18265000	18269999	18267499.5	ML_trees/13265000-13270000.fa.contree	55		a2eb39d5113f286e8cac1c1bdb5e199fd3a0de5f2b90e6a4f92ca6e0c9f67a53
w000506	18270000	18274999	18272499.5	ML_trees/13270000-13275000.fa.contree	55		7956f7b21ccdd043c3b096d141de36de3fb56bb98eacb78c8819c43e88a3c70d
w000507	18275000	18279999	18277499.5	ML_trees/13275000-13280000.fa.contree	55		5069d1c5a0c4b64e967dd8f3adeb51433304c025f99ddd2ebadb8451bf34ddf7
w000508	18280000	18284999	18282499.5	ML_trees/13280000-13285000.fa.contree	55		c0bb20af8aea07c5b14601fd7c5f9fdbddbc8ebdb484bc0aad1a0cb41084e65b
w000509	18305000	18309999	18307499.5	ML_trees/13305000-13310000.fa.contree	55		6005de4bc1ce4f15d489dd094b3460f2636fe85c17e23e7499eb3a1fc551f716
w000510	18310000	18314999	18312499.5	ML_trees/13310000-13315000.fa.contree	55		5d0b24fc67ee456f930c9c28b8f1476ca8956b0bc5553e0396e6006746a22e4c
w000511	18315000	18319999	18317499.5	ML_trees/13315000-13320000.fa.contree	55		690f89b015386f3bab25a6a1d3e8b20e10d73f3ad4e1dbe753e9c83692b8447c
w000512	18320000	18324999	18322499.5	ML_trees/13320000-13325000.fa.contree	55		0351fa1eec05bbc5195897d95c76c686c81f25dd4f098ed1a4e48ec27aae6ddc
w000513	18325000	18329999	18327499.5	ML_trees/13325000-13330000.fa.contree	55		fb5284095149a468daf3b00a745127bcb5d64cc9046ab645a810e9f3a2f30dec
w000514	18330000	18334999	18332499.5	ML_trees/13330000-13335000.fa.contree	55		d41f0d83d9c41ed8717eeadc71133c5286a4c31ce6b0062785e7d92000ac335a
w000515	18335000	18339999	18337499.5	ML_trees/13335000-13340000.fa.contree	55		a8acf4755ebd17f75a1a98765c90460333ad9b9d44dd6ea4b3f5147f221bc07e
w000516	18365000	18369999	18367499.5	ML_trees/13365000-13370000.fa.contree	55		7c658600028e31572a82bb79d3ae9f52ba170fff265235a9326da3a7656f9795
w000517	18370000	18374999	18372499.5	ML_trees/13370000-13375000.fa.contree	55		d04546f09da6cf91021fa550a547ffb3ae02267b0dd619c956f02adbf9795b4d
w000518	18375000	18379999	18377499.5	ML_trees/13375000-13380000.fa.contree	55		a8911d19325c8ea7e89db5389c3fe46874ad8ccdc8d84e30d24db3c4cd465af2
w000519	18390000	18394999	18392499.5	ML_trees/13390000-13395000.fa.contree	55		e4665a1f449a924954a92b2a54bab4f164544954f63956e556ecfe1f5b7bd3b9
w000520	18395000	18399999	18397499.5	ML_trees/13395000-13400000.fa.contree	55		ec2a9392bbbe0953efc08b983927d986f34add9529cc70878d459b153bf57241
w000521	18400000	18404999	18402499.5	ML_trees/13400000-13405000.fa.contree	55		28ee86343774abbe64f776aa493a1f76703316cf6410a07d86aa4bc704f23db7
w000527	20110000	20114999	20112499.5	ML_trees/15110000-15115000.fa.contree	55		4919bb22220724da8c0c2364576200e8aa63b1a8b82ccc871fedae522f322770
w000528	20115000	20119999	20117499.5	ML_trees/15115000-15120000.fa.contree	55		c9ad3721bb3f8ec2485cda3264831440c53d7b0578050f055a41df902d9f35d3
w000529	20120000	20124999	20122499.5	ML_trees/15120000-15125000.fa.contree	55		86a736d473fa270be69c77c3ecfa15baa6f1dc042c28821d648182ffd9a6e69a
w000530	20125000	20129999	20127499.5	ML_trees/15125000-15130000.fa.contree	55		0a8bbccf3dc8ee50b6db284ad68cbc0c4cd40e699c4344c8b8446e7480d405a0
w000531	20130000	20134999	20132499.5	ML_trees/15130000-15135000.fa.contree	55		fccbc04223e9ee52cf3cad2a7d0997e3c04a53b5d764dc8219ce4ae470c992ce
w000532	20135000	20139999	20137499.5	ML_trees/15135000-15140000.fa.contree	55		709cc07d3ad54e4e1a39601dafcb38a8f70e33e90ee8891fdc6027bc1c0a7e43
w000533	20160000	20164999	20162499.5	ML_trees/15160000-15165000.fa.contree	55		72e8eadda77ff7ef2088c28e1c2267f6aba23943f2e94302378400f0e4c599e9
w000534	20170000	20174999	20172499.5	ML_trees/15170000-15175000.fa.contree	55		437858f4845fa6e4713e96eb74b74fc1be014c2f4a3f2ddb94486434f926f2c7
w000535	20175000	20179999	20177499.5	ML_trees/15175000-15180000.fa.contree	55		7c9ba49161f48386e800ef40972d8ffc3681e22ea837eab3fe50cf8b86059271
w000536	20180000	20184999	20182499.5	ML_trees/15180000-15185000.fa.contree	55		67ac86f8f19ae9e2dcd8f58d72e39c97955af8dc95f8f05ed74cfd12f07f75ae
w000537	20185000	20189999	20187499.5	ML_trees/15185000-15190000.fa.contree	55		cd4421d264b6418b86d925df3449a0c4d847d7ab0237539c404b25797af5d693
w000538	20190000	20194999	20192499.5	ML_trees/15190000-15195000.fa.contree	55		9ec5a716d043591fea4107055cfe5dcb6d81596f5282aac7e874a5cf2fad04a0
w000539	20195000	20199999	20197499.5	ML_trees/15195000-15200000.fa.contree	55		9f9c0208a19a332bf95e79f27462351aa843eb0c4dd0318dd609c60fe61487e5
w000540	20200000	20204999	20202499.5	ML_trees/15200000-15205000.fa.contree	55		98e5767ce636e57cb02e23a3200c1d21b0383ff15437bcb8dd0fcce04db36f34
w000541	20205000	20209999	20207499.5	ML_trees/15205000-15210000.fa.contree	55		e4f4de2e172a60adb05c39e8ac68845da2d6bf1f75715a7081eed5f35fcd3128
w000542	20210000	20214999	20212499.5	ML_trees/15210000-15215000.fa.contree	55		b7f6a280e6f21c25ab9671a7c7268a3387803b5f976cd7354f6fdaab03d532c9
w000543	20215000	20219999	20217499.5	ML_trees/15215000-15220000.fa.contree	55		ded5fd74acac91fa6d7fe2f1782004a6c4a49c672bda772c2fae3f923fb778ff
w000544	20220000	20224999	20222499.5	ML_trees/15220000-15225000.fa.contree	55		2315ca96a10a66d48492b5107b0ca180ebba7874add117b83705ec6e9441d5d4
w000545	20225000	20229999	20227499.5	ML_trees/15225000-15230000.fa.contree	55		3607c07c249fa7986a4da936b2d4e98ba42b384f17901779bbc38f44f567d5a7
w000546	20230000	20234999	20232499.5	ML_trees/15230000-15235000.fa.contree	55		37ee1e9688fa4f2113b513beb6db43a4df7d228fe1b614656f63737ee88f0240
w000547	20235000	20239999	20237499.5	ML_trees/15235000-15240000.fa.contree	55		639f46c92199d639064cd74eda2dadf197420652aa833a1f10e7301d549b5f6f
w000548	20240000	20244999	20242499.5	ML_trees/15240000-15245000.fa.contree	55		91452c89196f1bdc4549a6bf52b7061ef3f1f93066fcf4cd1ef9436c5165add7
w000549	20245000	20249999	20247499.5	ML_trees/15245000-15250000.fa.contree	55		f86b42c44e88851d3488d7bdf93c672db0a40e85b34357fb7a871ca1044a1a53
w000550	20250000	20254999	20252499.5	ML_trees/15250000-15255000.fa.contree	55		b23274a724e1d717e300a33c7084b67c47b13d8449a1456fa62c5ddf043bbb45
w000551	20255000	20259999	20257499.5	ML_trees/15255000-15260000.fa.contree	55		6d972b83444c184d6188b37cac87de937663aaa73e90e4d1419a90f0f6473231
w000552	20260000	20264999	20262499.5	ML_trees/15260000-15265000.fa.contree	55		ea2df9b81a6dd0666f5b83dab11ca9fa7ab95a4209323dcc4ae4f0f01cd9ece2
w000553	20265000	20269999	20267499.5	ML_trees/15265000-15270000.fa.contree	55		4565c0a71d38632b98cf05a35b4f11ffb5b7a22fbd876a8eb4966b2fc87004cd
w000554	20280000	20284999	20282499.5	ML_trees/15280000-15285000.fa.contree	55		e8b04c22507a2f955f602dcd56a937d61cd9f4939559a1ae1af196c2dd9c7a00
w000555	20285000	20289999	20287499.5	ML_trees/15285000-15290000.fa.contree	55		2b34063f6afd89d658a1a185a88f25747c1abc23b0bccd5f39feae146bc7d0b3
w000556	20290000	20294999	20292499.5	ML_trees/15290000-15295000.fa.contree	55		42f054f960312a5cc971691590851098cd9dc6fe65f178a3fffd5e01c7f69ba1
w000557	20310000	20314999	20312499.5	ML_trees/15310000-15315000.fa.contree	55		c27d67a24e0813d6696725b7f9fced982532e8056dc68f315deef69fbdb72dbe
w000558	20315000	20319999	20317499.5	ML_trees/15315000-15320000.fa.contree	55		75323806486b2b437352ea59104706b9d18faa58500a77f4a61db3c630677b96
w000559	20320000	20324999	20322499.5	ML_trees/15320000-15325000.fa.contree	55		1c12f66629896a91bd197034812bb13b06204aaeabbfb70656c2ab8c81a447d7
w000560	20325000	20329999	20327499.5	ML_trees/15325000-15330000.fa.contree	55		c1bbfa758450b0011c7428de51782500f8d268487b7ba2231173dc499ae0a536
w000561	20330000	20334999	20332499.5	ML_trees/15330000-15335000.fa.contree	55		4ac65d67cd14676c941166c4a22eb22a6c866da3a0509162e342d83fcf00826c
w000562	20350000	20354999	20352499.5	ML_trees/15350000-15355000.fa.contree	55		528b56f999fad3b3b4d857ef3b90034de617e7684a002391bc3c369a246690f3
w000563	20355000	20359999	20357499.5	ML_trees/15355000-15360000.fa.contree	55		bec893dccf4a38d0ce8945e44bf9c19d82a55d6efe7878d291b6921f1d85ffdf
w000564	20360000	20364999	20362499.5	ML_trees/15360000-15365000.fa.contree	55		b0637009113a7267bae3cdad44e762ce7c0397c73fc3ee06c7bbe26216c1beed
w000565	20365000	20369999	20367499.5	ML_trees/15365000-15370000.fa.contree	55		c15d46a73eb3317851c863a29d4bf249254fade9bd575ba0e90ab9d0d9618563
w000566	20370000	20374999	20372499.5	ML_trees/15370000-15375000.fa.contree	55		69c09a4d3f19768c8f73caa1090577c4e5719eec79a4b425b54f2e373ac31d88
w000567	20375000	20379999	20377499.5	ML_trees/15375000-15380000.fa.contree	55		01927854ad0ec11fa5a257cdefac32aaacaddf5c83f1cb28e8323bf63f94fb22
w000568	20405000	20409999	20407499.5	ML_trees/15405000-15410000.fa.contree	55		9e523ea99240e163d22d11ebbc5ded5d0b4a7515d03638cff6c215696578b1b3
w000569	20410000	20414999	20412499.5	ML_trees/15410000-15415000.fa.contree	55		d6501f6bc18c054ebe3cfd405487c7545f3492ebc3da87512a666f481428de77
w000570	20415000	20419999	20417499.5	ML_trees/15415000-15420000.fa.contree	55		1dd86f2e880e0c47522652b820b62983bb5fbc913aba790a81dbbe2d40d75621
w000571	20420000	20424999	20422499.5	ML_trees/15420000-15425000.fa.contree	55		00306e5a7a4d38f0d2ed861cdc172bcef8126d0638df4657f89e2cc8d34a4850
w000572	20425000	20429999	20427499.5	ML_trees/15425000-15430000.fa.contree	55		828e52dbc96da4afcd2ce3fdb04eb136434ac5d01560eae3b0f07a168588e18a
w000573	20430000	20434999	20432499.5	ML_trees/15430000-15435000.fa.contree	55		195c50b8faa80e0fb6acdf4a780159b1dec567ddd671ad878cd621f30fe8f987
w000574	20435000	20439999	20437499.5	ML_trees/15435000-15440000.fa.contree	55		968451afe201974000393fa487549a808ba40a51056c626e42c6f5a324148a46
w000575	20440000	20444999	20442499.5	ML_trees/15440000-15445000.fa.contree	55		836b4965d0a74fba688d9e16f28fc812de32b6bd94fd9ae1cb8a81baaf50544c
w000576	20445000	20449999	20447499.5	ML_trees/15445000-15450000.fa.contree	55		30ee2fd34641a8fda906d7285776d10775c6307d56d2160b593ba22292e81a34
w000577	20450000	20454999	20452499.5	ML_trees/15450000-15455000.fa.contree	55		6f1460ef479bde25697a654d991254014c5a36c617a8df29cf7b6c5667eb2c07
w000578	20455000	20459999	20457499.5	ML_trees/15455000-15460000.fa.contree	55		dfc3a86361aa545f11df2ac6370acd441422344f10eeae4452f22e142140c526
w000579	20460000	20464999	20462499.5	ML_trees/15460000-15465000.fa.contree	55		6b271b9e85c427338b20d7a0450cc4faadb5b38b904bd01de02082df2c1cc0f4
w000580	20465000	20469999	20467499.5	ML_trees/15465000-15470000.fa.contree	55		4994c20dde9a42396415bb9f7c83e4d1191763a618412a0303f889e5283c4704
w000581	20470000	20474999	20472499.5	ML_trees/15470000-15475000.fa.contree	55		30d30a634fbd10c49eea429aa666994984ad0fcd01afd8aa619038caecb7445a
w000582	20475000	20479999	20477499.5	ML_trees/15475000-15480000.fa.contree	55		9a234f8c682f9ec18cabe737b002e8121382c5f7fa8d7b689f0f24fb4e3e15b9
w000583	20480000	20484999	20482499.5	ML_trees/15480000-15485000.fa.contree	55		062e8510a53bd0865163761673d30c3bce86e18613531035a8286f5c88e2d1a3
w000584	20485000	20489999	20487499.5	ML_trees/15485000-15490000.fa.contree	55		c39759341e6a64a81a95e9ce7e1dd498b6cd72820ee743d18663aa20ac367ad6
w000585	20495000	20499999	20497499.5	ML_trees/15495000-15500000.fa.contree	55		6f1ead428e527f07280a73cf52cae95896e827cea9ac4bdb8b7ae65e26f225ed
w000587	20500000	20504999	20502499.5	ML_trees/15500000-15505000.fa.contree	55		8d6d5614334da451569d1716daa369d0a2af1f71f4059980e42314a93f7801ef
w000588	20505000	20509999	20507499.5	ML_trees/15505000-15510000.fa.contree	55		0b2fa874cea33010b32df6a853058e449ba8fa3623c0da8bc215457f68adc3aa
w000589	20510000	20514999	20512499.5	ML_trees/15510000-15515000.fa.contree	55		80013a6e72dd96c423cf38c358512d577ca99429f1085c1cb4029a504b49370a
w000590	20515000	20519999	20517499.5	ML_trees/15515000-15520000.fa.contree	55		c13ca50d3ed880626ab28b98a8a541d9ba0aa8043de1816febf54b25b2193ab2
w000591	20520000	20524999	20522499.5	ML_trees/15520000-15525000.fa.contree	55		74edfe4ce50a9ffc67d2082b6b4d08ef7349fb498d039b8e1dd2178f597bfc06
w000592	20535000	20539999	20537499.5	ML_trees/15535000-15540000.fa.contree	55		c13ebe8f798e658ca3edf7638f09c0ee0647fcf137a9503a3b22465bc6ab2a60
w000593	20540000	20544999	20542499.5	ML_trees/15540000-15545000.fa.contree	55		4bf51a7df87be33428c8c8347259ced324e87f4a5351afb00f1e29286f38788c
w000594	20545000	20549999	20547499.5	ML_trees/15545000-15550000.fa.contree	55		6fdcc50ac12b68557df3249d48e0235ef3d9c93bddbd74f7f6fb5ae1dfdd2859
w000595	20550000	20554999	20552499.5	ML_trees/15550000-15555000.fa.contree	55		3b9a8225140a545f3b63566511099d44311178401b4887b141e7a7ae5dc9523e
w000596	20555000	20559999	20557499.5	ML_trees/15555000-15560000.fa.contree	55		92e13aa6041c3d60f876529fe572ac6dec83a64f36cd8f1f1e16ab85f0c9925f
w000597	20560000	20564999	20562499.5	ML_trees/15560000-15565000.fa.contree	55		9a816be52001f12dc4348849eb2b129e52f6353dfba1c0b344c65d82f92c06e4
w000598	20565000	20569999	20567499.5	ML_trees/15565000-15570000.fa.contree	55		c27544d974d8d9d47f6ff376d689db82c504816e6b398c28368afbe06b7b5e4b
w000599	20570000	20574999	20572499.5	ML_trees/15570000-15575000.fa.contree	55		1323268ad1ee382b93bc8521b1bfaf230839050dddebbdc8c97bbc8417e9aec8
w000600	20575000	20579999	20577499.5	ML_trees/15575000-15580000.fa.contree	55		06dccb9cb47f43f7d988c473d6327efb5c53b7546fe3289563ea7c0579a84104
w000601	20580000	20584999	20582499.5	ML_trees/15580000-15585000.fa.contree	55		d5314c1135f7ff2bae3d10659c2fe48783761a7cfe64ef2fe164b06463f2df0b
w000602	20585000	20589999	20587499.5	ML_trees/15585000-15590000.fa.contree	55		9d08548804c8a6c0e31e7878dc8702e78e65a940a3ac0247302bca9eb5e8ec5e
w000603	20590000	20594999	20592499.5	ML_trees/15590000-15595000.fa.contree	55		47cacacdcbc44f29ae6ca80f3c3b8a274f7fde20dc37893aa8d1eebb88251d26
w000604	20595000	20599999	20597499.5	ML_trees/15595000-15600000.fa.contree	55		75b4a9e6088ddc30da98cea5ca9c1fd3b0e8244d4b1426b91df36c0e892f7806
w000605	20600000	20604999	20602499.5	ML_trees/15600000-15605000.fa.contree	55		da02f92def1f9353953ca3ef80d23eb4015e4455239fd2a8d12ca6485cfa9627
w000606	20605000	20609999	20607499.5	ML_trees/15605000-15610000.fa.contree	55		4f6883365f35cd85267ef2c65f3b6d8da5497a02ad1a08a077d4c81aa5562b0c
w000607	20610000	20614999	20612499.5	ML_trees/15610000-15615000.fa.contree	55		f873f741042ae9a8036ba7cb3539bed58d65036b045fe688b5fe1d695f562d0a
w000608	20615000	20619999	20617499.5	ML_trees/15615000-15620000.fa.contree	55		e4a4e7133aff03583dc2df0ffd1807c7969d41e94bc6025a03cbc6f92c9e7f6d
w000609	20620000	20624999	20622499.5	ML_trees/15620000-15625000.fa.contree	55		1e66f0e6643867dc9796e2611dec7bf3a3628a1fa10147e109788b43d50a35e9
w000610	20625000	20629999	20627499.5	ML_trees/15625000-15630000.fa.contree	55		b06ad1362e93ee1424b2c777e20820b21ad2fca43f30e30ec90d298890572816
w000611	20645000	20649999	20647499.5	ML_trees/15645000-15650000.fa.contree	55		558542f1d080b308c738eabbc2819c1ab74a57f3c2c5d4cf3dc8d7d541e6d8d2
w000612	20650000	20654999	20652499.5	ML_trees/15650000-15655000.fa.contree	55		d38f234291906212348564aba811a1f04ae9be66d9539012f19bb777edddd438
w000613	20655000	20659999	20657499.5	ML_trees/15655000-15660000.fa.contree	55		bcf19fee28be40e3ba760286df659d339ca81f8fc35ce2d36f3ad09e4abf4bd8
w000614	20660000	20664999	20662499.5	ML_trees/15660000-15665000.fa.contree	55		0d63f76b12b04a3e25d164d52ce0be39570168e359eabfb160ed43329e5da8e7
w000615	20665000	20669999	20667499.5	ML_trees/15665000-15670000.fa.contree	55		d4ef2a5021529cd5c333f09f1ade4be6d98617ce08613a82146cdb116be56ad3
w000616	20670000	20674999	20672499.5	ML_trees/15670000-15675000.fa.contree	55		90859029442db425eb127af1983f1762ee0fb6d344c6440871912c37e2518cee
w000617	20675000	20679999	20677499.5	ML_trees/15675000-15680000.fa.contree	55		efe0158b38e087c76a62d75a989f5fb960e32bb01d489d034a570a3808c4e107
w000618	20680000	20684999	20682499.5	ML_trees/15680000-15685000.fa.contree	55		ff4e4203295c809e8d626597d4f275ba955132ea9d08dc01f069a91d9dea06f3
w000619	20685000	20689999	20687499.5	ML_trees/15685000-15690000.fa.contree	55		870e5f9182f949aebcc860b738b6b36796b0e659088b397df7ca571f455f7fa2
w000620	20690000	20694999	20692499.5	ML_trees/15690000-15695000.fa.contree	55		db789b2c04a878439d6d0405ce50eb4293491353195979f2e228e6601a960b66
w000621	20695000	20699999	20697499.5	ML_trees/15695000-15700000.fa.contree	55		0981a8e75b3b8c93f227fc69bb2691c7455880f84594ebc27f2700606655f724
w000622	20700000	20704999	20702499.5	ML_trees/15700000-15705000.fa.contree	55		b29768dc7457678fd5bea7a2c873ebb3cc3476d6b4aecf61e4ba054ba77c2db8
w000623	20705000	20709999	20707499.5	ML_trees/15705000-15710000.fa.contree	55		33c2da7bfff5279f6e4c019234dc77a29ac92f18b9f830247d92f2edc5ff66ff
w000624	20710000	20714999	20712499.5	ML_trees/15710000-15715000.fa.contree	55		a1bfcee72e52de3081642334fb6b246a1ae603f3c09d311bb363f1b136209de0
w000625	20730000	20734999	20732499.5	ML_trees/15730000-15735000.fa.contree	55		279b2742c827e84a3a80444533cb9e4e001077e11b755434b39474c83340c62b
w000626	20735000	20739999	20737499.5	ML_trees/15735000-15740000.fa.contree	55		8bcd163f4e87d6b9de718b6e32f16002e516337dc0572c48c92e13a2aaca5c48
w000627	20740000	20744999	20742499.5	ML_trees/15740000-15745000.fa.contree	55		c48956f5c08a53aac892b30803eaaceef64ffad3cc2d0582356dbf82ddf850bc
w000628	20745000	20749999	20747499.5	ML_trees/15745000-15750000.fa.contree	55		751932b7f860d430ca0acfb9bc10d3a2d85206f1781bd13f0eb5e7af6018a4ec
w000629	20755000	20759999	20757499.5	ML_trees/15755000-15760000.fa.contree	55		6aae9f5b29dce7646fbf04e1f0772ac51e289a0eb01e2dc941d206564bd4f6ab
w000630	20765000	20769999	20767499.5	ML_trees/15765000-15770000.fa.contree	55		e08124a7b3731aa26131e6296d28e6acd230bd6055d2bff16d778eaf9873897d
w000631	20770000	20774999	20772499.5	ML_trees/15770000-15775000.fa.contree	55		24d40f35b0062dce3d211146badbfa114bf8067d55907943e7c7b937e9e5f500
w000632	20775000	20779999	20777499.5	ML_trees/15775000-15780000.fa.contree	55		1f43189d77b07260c78cf30b3c1d24ab02a06b05d5f977f96d081e33077c9ddd
w000633	20780000	20784999	20782499.5	ML_trees/15780000-15785000.fa.contree	55		7a719734142ed25b9b8d0e85f602f9dd23d989a5ed2fcc2d33d561a52503b843
w000634	20785000	20789999	20787499.5	ML_trees/15785000-15790000.fa.contree	55		1880b7e9a225f97e6f3b9e5c88c4b7dee3813a8ad954302aaf86c109cb0138a9
w000635	20790000	20794999	20792499.5	ML_trees/15790000-15795000.fa.contree	55		93d73b0c43b5f39f38744e3fe0d8b88ade90543eaf62490a1011416e1afd9a98
w000636	20795000	20799999	20797499.5	ML_trees/15795000-15800000.fa.contree	55		9aee97d3c569b4573cb6bff4c30a7633a8e2f6c21c823ce2f59bbc4f9c073fc8
w000637	20800000	20804999	20802499.5	ML_trees/15800000-15805000.fa.contree	55		27571f0b7cce4172c2a4c35108e7d64309884eb7875f633b9099bf41d5203912
w000638	20810000	20814999	20812499.5	ML_trees/15810000-15815000.fa.contree	55		2e7e1350f8d3c5d2b4ea291cc65943a843eb9c5147a913c6c7a9adfc79e34816
w000639	20815000	20819999	20817499.5	ML_trees/15815000-15820000.fa.contree	55		e94b07c39eb07e74b2133b0d4788b5e525e64ebbbd10d282879d6e6e8f41e9b3
w000640	20820000	20824999	20822499.5	ML_trees/15820000-15825000.fa.contree	55		a7b4f2dd4124298afa56880dcbd55c6754312ec4fd7b98c5d40ea8e05b166ad3
w000641	20825000	20829999	20827499.5	ML_trees/15825000-15830000.fa.contree	55		bb51954984904e9ef59cb8df2e187197f02780bac893d20e8ac565279715b4b1
w000642	20830000	20834999	20832499.5	ML_trees/15830000-15835000.fa.contree	55		a05f70fc45945a98f8797607828e57741376b9e4d2d8febdbaefc136e2981493
w000643	20835000	20839999	20837499.5	ML_trees/15835000-15840000.fa.contree	55		29c14b2bae6ffde7346807b94b3993de10362d76a669ed3137c93c2541eefc28
w000644	20840000	20844999	20842499.5	ML_trees/15840000-15845000.fa.contree	55		534d8096f3433c87544755aeddf8e92a5a9c9d9166cbcecb3c3ad6fed2cf1062
w000645	20845000	20849999	20847499.5	ML_trees/15845000-15850000.fa.contree	55		6b78b7cea8e8bfdca65b5fe1f5da36ede7c7961dca61376a74dbeee07454c52f
w000646	20850000	20854999	20852499.5	ML_trees/15850000-15855000.fa.contree	55		8ff91dc72f55ce9faa7b9210f5dced449e36318321a242ba10c6027e9f2d1561
w000647	20855000	20859999	20857499.5	ML_trees/15855000-15860000.fa.contree	55		ea139499ceddcd5bb099ed5042b3ae0d9555f3ab9c57b8de83b59e17126e0f10
w000648	20865000	20869999	20867499.5	ML_trees/15865000-15870000.fa.contree	55		9a99f4721711998579ca0c8130ae6fa7230861d0f325843bdac526a61f4b87e7
w000649	20870000	20874999	20872499.5	ML_trees/15870000-15875000.fa.contree	55		d6065d5aa5146e39c94b719a290065c18822ccaf1b705547b84647c153073a30
w000650	20875000	20879999	20877499.5	ML_trees/15875000-15880000.fa.contree	55		249468adbb22e8352341db208cc8823c183f86d6ca850cd5f12014d6d435d5ec
w000651	20880000	20884999	20882499.5	ML_trees/15880000-15885000.fa.contree	55		41b6789e6c0d3d169decacf4d1dde0e37fccf9413f1689a6af6703eb0a4dd581
w000652	20885000	20889999	20887499.5	ML_trees/15885000-15890000.fa.contree	55		f34b90825dde6bd0a58743b599b3434ef15d332c557e47436e2074c87a78b188
w000653	20890000	20894999	20892499.5	ML_trees/15890000-15895000.fa.contree	55		c9adeca3222fb39838a95731ed936b49922141533bdb1b36fdf00ded4ced706e
w000654	20895000	20899999	20897499.5	ML_trees/15895000-15900000.fa.contree	55		045705d6d5f2846a16ce9af0d0f8be0ce0a66745e31b0b99558decf2122b1746
w000655	20900000	20904999	20902499.5	ML_trees/15900000-15905000.fa.contree	55		e9704a931769d2b9604c79c62e0af1841dd7072c3f4c3230fc9d3b86bbdd7e88
w000656	20905000	20909999	20907499.5	ML_trees/15905000-15910000.fa.contree	55		1ea54d220fe711efeeea869d60cc8d4215bc6b35a11404084f3103da7030d374
w000657	20910000	20914999	20912499.5	ML_trees/15910000-15915000.fa.contree	55		51b4a974cb175270e16640369140922ba3d21c50c8b864919a3cc51bef0236d3
w000658	20915000	20919999	20917499.5	ML_trees/15915000-15920000.fa.contree	55		c97eac1788fb4a325ff8cf1097c71a7fd3446790f03241eedeaba40e050adcb2
w000659	20920000	20924999	20922499.5	ML_trees/15920000-15925000.fa.contree	55		371fddc59f494e9f1de457a657ef362bba5b8768e5456fe44059504fbb34603f
w000660	20925000	20929999	20927499.5	ML_trees/15925000-15930000.fa.contree	55		8c45936bbe7c5acad3591433ef9cc981762a1af383533accf6a3b0a6caef9929
w000661	20930000	20934999	20932499.5	ML_trees/15930000-15935000.fa.contree	55		c3add9834f99f066e8dd367c21d92a52024afc224e33eb9af2b63608cda6ee96
w000662	20935000	20939999	20937499.5	ML_trees/15935000-15940000.fa.contree	55		493c01a06c7ee58105595f0b99103b370756af75df11b45992706ecf19e0f780
w000663	20940000	20944999	20942499.5	ML_trees/15940000-15945000.fa.contree	55		ec99196bf6445bcca05e5f926163590244502fb96105900058ced8f40cb4c9e0
w000664	20945000	20949999	20947499.5	ML_trees/15945000-15950000.fa.contree	55		1405355bb7588087ee1fbfe5b0cb9276bfc197ce0cefbf14d0c1c0196c22ac16
w000665	20965000	20969999	20967499.5	ML_trees/15965000-15970000.fa.contree	55		34a7b33c986062ce1c32598830d18113ce6203ed7584c26f7deb8e0b3046a5a7
w000666	20970000	20974999	20972499.5	ML_trees/15970000-15975000.fa.contree	55		34bd7809dfe406e96c869a7c720b73885d7a437a4136cb276340a03e6c36689d
w000667	20990000	20994999	20992499.5	ML_trees/15990000-15995000.fa.contree	55		580a5e8ab41d10233d114e1876661eeec8733eb6c81e9865f7b85f1ddb17f943
w000668	20995000	20999999	20997499.5	ML_trees/15995000-16000000.fa.contree	55		ac5b90eac20be907a68f2510af5ca048b881680c18813a35d02c313c898a4c39
w000670	21000000	21004999	21002499.5	ML_trees/16000000-16005000.fa.contree	55		cad5271474ed46ab63f51fba1225299d7a8f1618265c840a6f99fa768b86faf9
w000671	21005000	21009999	21007499.5	ML_trees/16005000-16010000.fa.contree	55		49b04a2fa73a6f8368baab8d4586f2cf4a6f31f198219aa1783ecaf5a006afe1
w000672	21010000	21014999	21012499.5	ML_trees/16010000-16015000.fa.contree	55		e85668be5bf8b446588839af7ca97e9c125ed446989315597d3b7fcd3147a18f
w000673	21015000	21019999	21017499.5	ML_trees/16015000-16020000.fa.contree	55		6cb0f8b2c5c36e992277faf80eef277f66565f960ba81c6b823c4cf08bc2e617
w000674	21020000	21024999	21022499.5	ML_trees/16020000-16025000.fa.contree	55		cf8f0806ec55013ba5c9cfdd0123ca86ab15f927d5e40f72be933e73cf21632f
w000675	21025000	21029999	21027499.5	ML_trees/16025000-16030000.fa.contree	55		0a7d4f8be0eee7115511bb462e6674cd6b72f25677dc9769cfd3d3b2a020a591
w000676	21030000	21034999	21032499.5	ML_trees/16030000-16035000.fa.contree	55		6a6616256f72ae61b1a246c9f5d5f1937c0fe378737b180d4ddc9603be1d3b5c
w000677	21410000	21414999	21412499.5	ML_trees/16410000-16415000.fa.contree	55		8999dc2e569eedeb953667e91c893b3bcdd32e5505d80f510a959ba400ca8997
w000678	21415000	21419999	21417499.5	ML_trees/16415000-16420000.fa.contree	55		9e2c0f5e0ef0f7652050a5a2601c92d07aa3b631a3e6c134c7565fe8a5e42857
w000679	21420000	21424999	21422499.5	ML_trees/16420000-16425000.fa.contree	55		a3366d46f0bcaf4abed71d767dfd2f6cee40b6b043e484d8f82a771b57ebfb72
w000680	21425000	21429999	21427499.5	ML_trees/16425000-16430000.fa.contree	55		fcce81ea186a6bc482939aa36b30a94962b5dc198cb253363a16c8d6c861ae4a
w000681	21430000	21434999	21432499.5	ML_trees/16430000-16435000.fa.contree	55		65ee8ec9e41302d4f354373f682256a3eba1955f05992a50010ac0306755a15f
w000682	21435000	21439999	21437499.5	ML_trees/16435000-16440000.fa.contree	55		39300ec4978d1b8beb090e48c258d4be4dd669cd97990fdc08fcec9f582e859e
w000683	21440000	21444999	21442499.5	ML_trees/16440000-16445000.fa.contree	55		ffa4bd7c3731ea70754f4e2420209fce7bf22ac6c64fb28965c095098183a6f5
w000684	21445000	21449999	21447499.5	ML_trees/16445000-16450000.fa.contree	55		c099139d0de5e2c35a0a152743d3460c096923349fa1e01b3d548f948fc65d8b
w000685	21450000	21454999	21452499.5	ML_trees/16450000-16455000.fa.contree	55		9ec7576f08cad5b1e72f37290ff0b38d701b6c6000ff7c14fff9f1d3fa3f9795
w000686	21455000	21459999	21457499.5	ML_trees/16455000-16460000.fa.contree	55		9e8ed03caf5dc2ba85e4876cd4159813739481eb80bddfec52f224bb3f705388
w000687	21460000	21464999	21462499.5	ML_trees/16460000-16465000.fa.contree	55		3cad4506c9572e360610dedf3b47075118974b7ebf95769bf210db83b335e8ce
w000688	21465000	21469999	21467499.5	ML_trees/16465000-16470000.fa.contree	55		0cd9c2fae015ee60d900131741d661ca6ee99d0bdf8ea605ca88bd812e9636f5
w000689	21470000	21474999	21472499.5	ML_trees/16470000-16475000.fa.contree	55		8f8be2596e4989cd6e58cebdbc58f1b17f6f7db53db778466f35e0a698678f55
w000690	21475000	21479999	21477499.5	ML_trees/16475000-16480000.fa.contree	55		c3eba753c01489b8a78893cc5767d143bd1ecbb46d6704b85711df2dd5d3d171
w000691	21480000	21484999	21482499.5	ML_trees/16480000-16485000.fa.contree	55		92525f5df7d8be366bb9c30348cea1ef57243840ebe44b50e2ecf2c590e66ff6
w000692	21485000	21489999	21487499.5	ML_trees/16485000-16490000.fa.contree	55		3511aeb2f3d6fa65e62906e5d7cf41af346282b044297e1cf15991d629a72ea6
w000693	21490000	21494999	21492499.5	ML_trees/16490000-16495000.fa.contree	55		8002e1e3df829d9836895ab924e18a24e2163a1058b45e198f6edc2a2a54dbcc
w000694	21495000	21499999	21497499.5	ML_trees/16495000-16500000.fa.contree	55		17821623abeed333a36c2d0ecae11a7faafaf89af28b6f28c26abba70e02bb4a
w000695	21500000	21504999	21502499.5	ML_trees/16500000-16505000.fa.contree	55		ec364de665289767bf4d45dab792696f0cec9fe5d89fdd316fb167d240da3932
w000696	21505000	21509999	21507499.5	ML_trees/16505000-16510000.fa.contree	55		0a447d5f508954246c3108c187fd6769cc0359d20d1682609ad287cc6be18aac
w000697	21510000	21514999	21512499.5	ML_trees/16510000-16515000.fa.contree	55		3c912324ffd98baf71d6914001ddac377ab6c238b0f72ba507821447a419735e
w000698	21515000	21519999	21517499.5	ML_trees/16515000-16520000.fa.contree	55		e48204edb052c08f367c52e9ab12ef9d8ec29f9f5e80292f19ebdf443344a8cb
w000699	21520000	21524999	21522499.5	ML_trees/16520000-16525000.fa.contree	55		1e70f6ac30d1657b82f1c6751920398f6119db5f11751524f21a88954c8f5672
w000700	21525000	21529999	21527499.5	ML_trees/16525000-16530000.fa.contree	55		f0828e668e0c78f2b51a7992505cc29c370319a0efdaeb9c7edd697c13cf9c4c
w000701	21530000	21534999	21532499.5	ML_trees/16530000-16535000.fa.contree	55		31ddfae49e71f04d6378f9c00e7a3256ca83773d096adc970be1b5d467623937
w000702	21535000	21539999	21537499.5	ML_trees/16535000-16540000.fa.contree	55		756b76899435113ca78095811afd1ea9d3200f75ceeb0c653bad84b83cfdeec8
w000703	21540000	21544999	21542499.5	ML_trees/16540000-16545000.fa.contree	55		22a5affce1684d11e2d147f900741d6ebae497fb62749018262ab140f6f29c04
w000704	21550000	21554999	21552499.5	ML_trees/16550000-16555000.fa.contree	55		7bf04c877f605b6b17415123909002f02f6c593a9ea6d617ff04630472ee9e9f
w000705	21555000	21559999	21557499.5	ML_trees/16555000-16560000.fa.contree	55		090989edfb87a2c1b2a5294aac9acd094713a6e049939e62acc3ead8051b9813
w000706	21560000	21564999	21562499.5	ML_trees/16560000-16565000.fa.contree	55		3c0612d1baf9cd75a9a7bb2ac6350f412cbfc6a91b5989aada1daa25c76b920b
w000707	21565000	21569999	21567499.5	ML_trees/16565000-16570000.fa.contree	55		0e1f659e2fe64430382a1ed3e7b82c9cf9fc348aeda4cd080ef21adc4ac56e51
w000708	21570000	21574999	21572499.5	ML_trees/16570000-16575000.fa.contree	55		e634f1058abc97234159231f6fb7b4327061389c951f65d1ba7fb09d362b4706
w000709	21575000	21579999	21577499.5	ML_trees/16575000-16580000.fa.contree	55		7008ee89c246f318012942c506be4a9669f46fa72a01ddf6250982b6cd99bcb1
w000710	21580000	21584999	21582499.5	ML_trees/16580000-16585000.fa.contree	55		3108411fe82eb91d56e2482ab035c978fd263c6e42a17826b448070b95dd76dc
w000711	21585000	21589999	21587499.5	ML_trees/16585000-16590000.fa.contree	55		64bf3b8dd3aeb54c36109c72be98e0db571a4b6ca54f630db791f6aff5c30a04
w000712	21590000	21594999	21592499.5	ML_trees/16590000-16595000.fa.contree	55		8adfe199ee88fd7ab012cb7f58e8a60e29769b17a23115aa1c81c03861305a4d
w000713	21680000	21684999	21682499.5	ML_trees/16680000-16685000.fa.contree	55		7fb55541d044af566e9b79594cc4fe37f9f484ace6eb2fe94040f2fff1f4c863
w000714	21685000	21689999	21687499.5	ML_trees/16685000-16690000.fa.contree	55		d8bcdcccf1492cba88a5d9f078ed568a4a8f080ace4d7e9d71a0ff071fbc3800
w000715	21690000	21694999	21692499.5	ML_trees/16690000-16695000.fa.contree	55		b72bc72f631c6d4a24c312f4bcd0b7563037e569eaec9e2d4ccca2dd5614581a
w000716	21695000	21699999	21697499.5	ML_trees/16695000-16700000.fa.contree	55		c31268c3e1006b6389944348550ac9665e7e1e0f620d59a2d9066d88f762021e
w000717	21705000	21709999	21707499.5	ML_trees/16705000-16710000.fa.contree	55		3158c3c067a791097d2a945fe494b7ff83e2368b495f9702de26f1a37d633087
w000718	21710000	21714999	21712499.5	ML_trees/16710000-16715000.fa.contree	55		f852ceafbd07daa32b7fe4587a7f9a8e085ea017c7bc9cdf92ea9fbac5f9c5db
w000719	21715000	21719999	21717499.5	ML_trees/16715000-16720000.fa.contree	55		f712cc5d4575be3c0d5052be9231118f8a1ee9a28c8d36d64bbedf602159bc00
w000720	21720000	21724999	21722499.5	ML_trees/16720000-16725000.fa.contree	55		40a3063a9f82147cce600789269e01553a73ab24ca27fe4d89a3b8d3aae146dc
w000721	21725000	21729999	21727499.5	ML_trees/16725000-16730000.fa.contree	55		b46091feeb53adb8f51ebc538f7796a2cfc08ed30e0bb5c70af33a123c9ebdb6
w000722	21730000	21734999	21732499.5	ML_trees/16730000-16735000.fa.contree	55		c673989191f34dc9f33fbeefdf968128221b90a80af5aa36d0c31f0591d6048f
w000723	21735000	21739999	21737499.5	ML_trees/16735000-16740000.fa.contree	55		bd625b839c09ceca9509447281e939135d0623101621b6b3306ddb649bab94b5
w000724	21740000	21744999	21742499.5	ML_trees/16740000-16745000.fa.contree	55		8fe3b7d9f1a1a951d2911138c3b4e3929b77b5a7b3a4354919d3c6c94477f098
w000725	21745000	21749999	21747499.5	ML_trees/16745000-16750000.fa.contree	55		550d05c5f6fc77f4c0f5a6c930fbc4ba58c19d1035b7b4db1e106dc8d849619a
w000726	21750000	21754999	21752499.5	ML_trees/16750000-16755000.fa.contree	55		9bc4a6f4d278baa44f1e11b8b02b1efc84b22db9e4475744a66f7e089eb7d6bd
w000727	21755000	21759999	21757499.5	ML_trees/16755000-16760000.fa.contree	55		8832f94ccba3cfd33270d5331366cc9f10dac7a838f21d20285d66a017d2fa53
w000728	21760000	21764999	21762499.5	ML_trees/16760000-16765000.fa.contree	55		cc3c6b7a874ea5755ef6af0f4614d04065bf4632424313a99b8ec9e29867aa5a
w000729	21765000	21769999	21767499.5	ML_trees/16765000-16770000.fa.contree	55		5344592e3e4569c4b7981c3e6415e39c53d4bc409abf906b1efbaf1099459b2e
w000730	21770000	21774999	21772499.5	ML_trees/16770000-16775000.fa.contree	55		801348781706e3cda0d2ad955ad785d8393a5dde6eddaad6087ce406b37454ce
w000731	21775000	21779999	21777499.5	ML_trees/16775000-16780000.fa.contree	55		cb7d429b468602894352008ae96e1c8b99340bd260e79488c19594f50bae1d5c
w000732	21780000	21784999	21782499.5	ML_trees/16780000-16785000.fa.contree	55		080e4abaae793983a63a9bb3c61dc76be8c4cc2004e4cd495329f98548134f4a
w000733	21785000	21789999	21787499.5	ML_trees/16785000-16790000.fa.contree	55		8ba748aae76eaf38e47a398b7a679e4e8f882e9c584db64d31178eb9359cc1ce
w000734	21790000	21794999	21792499.5	ML_trees/16790000-16795000.fa.contree	55		8cba9e7e06f2b42c4d646621ac5d6b7a2aa5f9034882e423d99a2185c39048c8
w000735	21795000	21799999	21797499.5	ML_trees/16795000-16800000.fa.contree	55		897933c7c81cefb4b4e7747281319bc857f896af2bd86c9ab68c2d8ae04c428c
w000736	21800000	21804999	21802499.5	ML_trees/16800000-16805000.fa.contree	55		d606ee210bc543615129c3e396a9545f3c0ecec5adcbd774298a2411f7a02010
w000737	21805000	21809999	21807499.5	ML_trees/16805000-16810000.fa.contree	55		98d01380b75641ad892291591f82b6851b188b3291a5b6c07fb92219f1c9c003
w000738	21815000	21819999	21817499.5	ML_trees/16815000-16820000.fa.contree	55		c3c0d33c27692bd0cfef5c0ba965d80c9f56e64d06c7eb581995fd347588b814
w000739	21820000	21824999	21822499.5	ML_trees/16820000-16825000.fa.contree	55		e9fd9ba243eaf55c5124def0cb0b3b4a1beded0155a5d88beda27e4b75474ad8
w000740	21825000	21829999	21827499.5	ML_trees/16825000-16830000.fa.contree	55		2a6b0ddeae0f53c26490c56d500f417b628dae012ad4cd027294615034cb8d10
w000741	21830000	21834999	21832499.5	ML_trees/16830000-16835000.fa.contree	55		5fbe23c24be0d5dc714285747a6111b768545179477d6822bb86e14a6d2137a5
w000742	21840000	21844999	21842499.5	ML_trees/16840000-16845000.fa.contree	55		2f3d89a795ad00df830128edf989d84c0d5fb70b888a96310921a88edf278eb3
w000743	21845000	21849999	21847499.5	ML_trees/16845000-16850000.fa.contree	55		457900e902b0aa37d8e1c88ecd42d43a19ed55084d4504187e3c07a8c11fc2b9
w000744	21865000	21869999	21867499.5	ML_trees/16865000-16870000.fa.contree	55		4de5a68be17d58bece01f92e2e2449442dcf466ee7533c4f29ce42c7d1562a36
w000745	21870000	21874999	21872499.5	ML_trees/16870000-16875000.fa.contree	55		80a95d6ee45d1ba938fa6cb4fe69d322184c40c2c1b4767beac45daf5c7462e0
w000746	21875000	21879999	21877499.5	ML_trees/16875000-16880000.fa.contree	55		785ab5d7aa66dbbbf1a69ff4a56a98749c78637eb4ffc25104b93ad5a6d3cecb
w000747	21880000	21884999	21882499.5	ML_trees/16880000-16885000.fa.contree	55		60f1b10283dc71b16c5d5272244147330b0e2cec0d10a7b377d4fb4238159d86
w000748	21885000	21889999	21887499.5	ML_trees/16885000-16890000.fa.contree	55		ce8d14563334958d9c266ef767420483559d7706d784b7e13e5694edd7fa623a
w000749	21890000	21894999	21892499.5	ML_trees/16890000-16895000.fa.contree	55		b9dfef03e1a61046448350dec53575afd48ba1e34fca1f0854ad40c80622b09b
w000750	21895000	21899999	21897499.5	ML_trees/16895000-16900000.fa.contree	55		4c7097b4a97be3dbd8c415ca3dde3f26cf15c1764ed45754799dbe21d1d410d8
w000751	21900000	21904999	21902499.5	ML_trees/16900000-16905000.fa.contree	55		6ef330ee70286b5480377b813e4bddb0ccb58036d2c95babcbbe571ab500cd9d
w000752	21905000	21909999	21907499.5	ML_trees/16905000-16910000.fa.contree	55		c1a7fd583b21571a6bfd3b1d698dab400b4e60b709a3888c9560fa2460120fc5
w000753	21910000	21914999	21912499.5	ML_trees/16910000-16915000.fa.contree	55		6550d2e8908790db99d18c5abe917f7f152d51c45f8344b10adfe585ada52bfa
w000754	21935000	21939999	21937499.5	ML_trees/16935000-16940000.fa.contree	55		9df7d6dc75c7c36d6b0a97b8e5ec855a5ae5657c8f442fdfa68f0de6cb1f0373
w000755	21940000	21944999	21942499.5	ML_trees/16940000-16945000.fa.contree	55		0c6c35b964ee10532566cd933c57e6802f0bdcf1fa63227e87503d395db6c5f6
w000756	21945000	21949999	21947499.5	ML_trees/16945000-16950000.fa.contree	55		85e2e1e997454130a092562c5f7627c5a2d591962fcaaa142a025491a1a4391b
w000757	21950000	21954999	21952499.5	ML_trees/16950000-16955000.fa.contree	55		2530b596abf848970fe7d160dd31f055117d259d5ab6beb098c1ed57e725427a
w000758	21955000	21959999	21957499.5	ML_trees/16955000-16960000.fa.contree	55		0ec9359f1cfea42afb5cbf207a8f2210c72badc05a5366f894d4599fb598e8c7
w000759	21960000	21964999	21962499.5	ML_trees/16960000-16965000.fa.contree	55		af55f806581b4558fff3c7d046f4a3c5699f51b170f6099951c562d7db9a46dd
w000760	22360000	22364999	22362499.5	ML_trees/17360000-17365000.fa.contree	55		8ff6c7b27095fa647cb8b0e46820c8c7f9dfcabe73ab8b479438652453821448
w000761	22365000	22369999	22367499.5	ML_trees/17365000-17370000.fa.contree	55		0fcc407d1c032f4c51988b4f581cefa3926afd44d3ab44094b2071563c984f29
w000762	22370000	22374999	22372499.5	ML_trees/17370000-17375000.fa.contree	55		1cc970c08b7e4439d8cff7dc3008d86384baa366756f284694cbab81e61debb8
w000763	22375000	22379999	22377499.5	ML_trees/17375000-17380000.fa.contree	55		4f764bfc31eddbf759137a46f19beba741baf7396ab1f269beda38ad03b5cdd4
w000764	22380000	22384999	22382499.5	ML_trees/17380000-17385000.fa.contree	55		9bd4d106b0a21304b02116de1dc6518ca3d7456b62b203ee13dc7cef7b0d3249
w000765	22385000	22389999	22387499.5	ML_trees/17385000-17390000.fa.contree	55		9b6868ce9628ffcc8aa8a79f83b3cb69a1b1df0e3375a45f47683e4327a54a20
w000766	22390000	22394999	22392499.5	ML_trees/17390000-17395000.fa.contree	55		d3338cd84710cbc2078e956d7eea2575e360b6d9595a81f263ea396fe5ca5355
w000767	22395000	22399999	22397499.5	ML_trees/17395000-17400000.fa.contree	55		c47f784bf0a9ad1b2537ba7037390332c08547b505bde165996470282368a5b8
w000768	22400000	22404999	22402499.5	ML_trees/17400000-17405000.fa.contree	55		4ff787189247eeaa7a56bb8c652de87e2fe0642e4fad22297e9844e31c7136ea
w000769	22405000	22409999	22407499.5	ML_trees/17405000-17410000.fa.contree	55		c1e7e9d8e0c0126b1da8f32086d245a05f23aa9227f08f74c9ffadd70adb6021
w000770	22410000	22414999	22412499.5	ML_trees/17410000-17415000.fa.contree	55		dfcb75496e9bacd499dd671fc0e671230397ea5161dc510fbfc2e3e4ded4bc0a
w000771	22415000	22419999	22417499.5	ML_trees/17415000-17420000.fa.contree	55		7ba0f443baafe42bbaa6cdee152cb5c7ffa3e783aea3b3d6597914a011ac9c72
w000772	22420000	22424999	22422499.5	ML_trees/17420000-17425000.fa.contree	55		69e105417937dc9582ecd7e564608e6b39dcc747359e69c17ec44e7ccd9e8069
w000773	22425000	22429999	22427499.5	ML_trees/17425000-17430000.fa.contree	55		6797de61be0ee1b5074eaec3a354d4132d8921213569c8cd763ba8125be25a3b
w000774	22430000	22434999	22432499.5	ML_trees/17430000-17435000.fa.contree	55		d8379f49a529cf8ce47919872cac88d8294a8af7198be412a8ec7c78ded2bd8b
w000775	22435000	22439999	22437499.5	ML_trees/17435000-17440000.fa.contree	55		dfb1d3c2dbf8366c64b438e27120c6040d4690e5b3e6ebd296e3e77d80a5d812
w000776	22440000	22444999	22442499.5	ML_trees/17440000-17445000.fa.contree	55		6f393885dd1466e264fc88824ce7e03017bb62aad210bed0b37413af6c014aa3
w000777	22445000	22449999	22447499.5	ML_trees/17445000-17450000.fa.contree	55		b1f3dcfc1f8d65d583277f09cc8889f7e1c6491077d2e647615f32e61ff78c64
w000778	22450000	22454999	22452499.5	ML_trees/17450000-17455000.fa.contree	55		098b0f8c67fc9a7f724e887340686c2bf941958b0d404a219a17c2fad0847bed
w000779	22455000	22459999	22457499.5	ML_trees/17455000-17460000.fa.contree	55		348f016c3618a72e2724bbdb44937b2aa22eb1e2baa996816f9f8858d5430d5e
w000780	22460000	22464999	22462499.5	ML_trees/17460000-17465000.fa.contree	55		b1c7215e68a7a822cd53c5d6bd365bbd6f9bd5a8e67f297822102bdc40b99eb7
w000781	22500000	22504999	22502499.5	ML_trees/17500000-17505000.fa.contree	55		f314611a2464b4a8e430c43911b3be13b8edad7f39556255782798d9269b3eba
w000782	22505000	22509999	22507499.5	ML_trees/17505000-17510000.fa.contree	55		c313e016da80fb3dbd12043eaf35c8963f67c548dd449a27e70eea31e41eb60f
w000783	22510000	22514999	22512499.5	ML_trees/17510000-17515000.fa.contree	55		ab8594e63826b5fdea66ab271a4b9065840c0f1026b099f82e26f2d5f49a5366
w000784	22515000	22519999	22517499.5	ML_trees/17515000-17520000.fa.contree	55		1643a7bc0f64e146931d117772315e3ac248020c0d92855608753b7460750565
w000785	22520000	22524999	22522499.5	ML_trees/17520000-17525000.fa.contree	55		73f20cd414ec7903e07cc8bb9ce009cd0568f6d70768974b67d2838e051e1001
w000786	22525000	22529999	22527499.5	ML_trees/17525000-17530000.fa.contree	55		5768a389f876084051656c0f92e4249321f6e48c539048f0d2946b0b420b3a9e
w000787	22670000	22674999	22672499.5	ML_trees/17670000-17675000.fa.contree	55		8ac8daf25f8bf6dd63b49ab463fe0ef9ca52bd50a1596b92d88d0a3d222cfeef
w000788	22675000	22679999	22677499.5	ML_trees/17675000-17680000.fa.contree	55		2382a7f63ddf73d670753517d059c254748878ecc47e3210561cf021f48ff89f
w000789	22680000	22684999	22682499.5	ML_trees/17680000-17685000.fa.contree	55		078371a415db93387d122eb9c6424d75a7be12baf6b14b990fdadbc97542a274
w000790	22685000	22689999	22687499.5	ML_trees/17685000-17690000.fa.contree	55		c4a844a4deba6a8e1fb05dabcedc52214708979611bc4074303a774a8071c80f
w000791	22690000	22694999	22692499.5	ML_trees/17690000-17695000.fa.contree	55		f150178587df1b921125e09366988feb36f9fc74e6308471e0f7bf81283738ee
w000792	22695000	22699999	22697499.5	ML_trees/17695000-17700000.fa.contree	55		8e99913671d9eda4d1a117cdbeac0b188fbfdeb573faa71b404cd0cfbecdf016
w000793	22765000	22769999	22767499.5	ML_trees/17765000-17770000.fa.contree	55		749436da11a57400910179ba2f747719d0798c00538697e7b731e7e9b3639887
w000794	22770000	22774999	22772499.5	ML_trees/17770000-17775000.fa.contree	55		ede106b16ab7104150855b88ca4b89a078248c8d316e8319a5f2bf54b2b7debd
w000795	22775000	22779999	22777499.5	ML_trees/17775000-17780000.fa.contree	55		5d793404112b8253d54b076c487b237513406bbb8d5dffdc34b482d5c7eaceb6
w000796	22780000	22784999	22782499.5	ML_trees/17780000-17785000.fa.contree	55		6417d7bc4a14b5aa639963843532ee6a3b37450add87184f287ab42c26f6f5a7
w000797	22785000	22789999	22787499.5	ML_trees/17785000-17790000.fa.contree	55		5aec9dce6cda85bd4fd9ddfd8a50da3c79777b8085e0a3723a7f64c7234b0996
w000798	22790000	22794999	22792499.5	ML_trees/17790000-17795000.fa.contree	55		b5b52b70de4618524ddb21395767efec0beb52881b227992897f1a954b83c862
w000799	22795000	22799999	22797499.5	ML_trees/17795000-17800000.fa.contree	55		8f2e9aeb3c69f206052ae0d625b2df789bcd2e1867cca19d41e389b14bdad349
w000800	22800000	22804999	22802499.5	ML_trees/17800000-17805000.fa.contree	55		1be878f8711d1b34d2a145fb28b583636a627fb978c56f221c2ab18924ef7338
w000801	22805000	22809999	22807499.5	ML_trees/17805000-17810000.fa.contree	55		1eb0490667168bc958a0b567f69e39be5e6a91d3446de2e16f39c1607f64f62a
w000802	22810000	22814999	22812499.5	ML_trees/17810000-17815000.fa.contree	55		c4cf168b7232293e8543ed7982bc8d119c2de698ad8c03840882aee55b0e58b8
w000803	22840000	22844999	22842499.5	ML_trees/17840000-17845000.fa.contree	55		f650bf0cf496fcd3527f6530d2fd0ab5ffe1d682917ad7822771085615f79f68
w000804	22845000	22849999	22847499.5	ML_trees/17845000-17850000.fa.contree	55		c10aa6f9555052336ccdd46b62e6bda8dda5ef36494083d575373722d243c5cc
w000805	22850000	22854999	22852499.5	ML_trees/17850000-17855000.fa.contree	55		44ce1503168e27fd6811bb94693309d3b3d98cb562635a8af33b9335d1b4a63a
w000806	22855000	22859999	22857499.5	ML_trees/17855000-17860000.fa.contree	55		69bc469c32355d88691ef71b50d8c4a4342e95ec05764787e56632958323714a
w000807	22860000	22864999	22862499.5	ML_trees/17860000-17865000.fa.contree	55		5e637543a8185ebd3443b0e3acc03b650861af41e28bfe67f31921fdad4357a0
w000808	22865000	22869999	22867499.5	ML_trees/17865000-17870000.fa.contree	55		59dcbe4f9f485e80bf08969f0cc391740c6b0379b61acbd131db5657d6daf14c
w000809	22870000	22874999	22872499.5	ML_trees/17870000-17875000.fa.contree	55		a9e2e3cf02a57832037aa33743d7f7f9313aa6f490f0d6a2cf039ea8827e23a7
w000810	22875000	22879999	22877499.5	ML_trees/17875000-17880000.fa.contree	55		cdfb7ce879cc79634d918ec3e92ab156c23079af587e29f1ecf0d7c92a3bb212
w000811	22880000	22884999	22882499.5	ML_trees/17880000-17885000.fa.contree	55		0dba4fd96e460c0243d7900f165e4e39d2caa94aa9b6b72b7d791bdc03157eb3
w000812	22885000	22889999	22887499.5	ML_trees/17885000-17890000.fa.contree	55		7c1d85573fa5893ab4407686215f24a2ba93d3a9ae94f0b55918699192ccdecf
w000813	22890000	22894999	22892499.5	ML_trees/17890000-17895000.fa.contree	55		ef8c1f7abceef1a7d571532173c92b3f1f9832bbf1ad399ed640c79e2e08e1e1
w000815	23540000	23544999	23542499.5	ML_trees/18540000-18545000.fa.contree	55		afe1b44894c0c6f67940ced65df49787e55356c48ace4e42a2acfb17d5fffbfc
w000816	23545000	23549999	23547499.5	ML_trees/18545000-18550000.fa.contree	55		eb081cdd89dc9d4b641c7ea0c663265daae9a2acf6f364555303e0d5ab19d6c5
w000817	23550000	23554999	23552499.5	ML_trees/18550000-18555000.fa.contree	55		c40db6cff0ba5f76a979e7148d332267005a5fe082fcc7d31d2e765c951ad23c
w000818	23555000	23559999	23557499.5	ML_trees/18555000-18560000.fa.contree	55		e668de3b350e14ab1d30362bf2dd0c46db9e35f7ca57a937a10fc6ef4c7af2af
w000819	23560000	23564999	23562499.5	ML_trees/18560000-18565000.fa.contree	55		d00b058437e654b1e4d186b0243380b8968df656a6ea1cf7182dfd0e117cdd2a
w000820	23565000	23569999	23567499.5	ML_trees/18565000-18570000.fa.contree	55		476fd4629df98363b9cd97ac19223d6f94fddd63415226d29391ead59dbbd3a4
w000821	23570000	23574999	23572499.5	ML_trees/18570000-18575000.fa.contree	55		53723432a1e0955cf318ac9ec421a764bb655856cc01e27af974adfc622a010f
w000822	23575000	23579999	23577499.5	ML_trees/18575000-18580000.fa.contree	55		18def425e028382e6f11328f8b498adac5dfbbf4d97592b1a39725ee88d646d2
w000823	23580000	23584999	23582499.5	ML_trees/18580000-18585000.fa.contree	55		70ddbf9765024cd07e9fbf522446dccd39f54b290c0ead9af358fa3ae4230441
w000824	23585000	23589999	23587499.5	ML_trees/18585000-18590000.fa.contree	55		ccce2081b20a124d1427964c8f0b2f340b7309d5093b220a64cd27552e7e1f03
w000825	23590000	23594999	23592499.5	ML_trees/18590000-18595000.fa.contree	55		1131ec17c9af9cb1f5371270a811a4ebb0fa2e216bfdeb7c9267d68daa787c53
w000826	23595000	23599999	23597499.5	ML_trees/18595000-18600000.fa.contree	55		a0c6a47ee91248b33716682498d3e251b10ca42be6711ae68580348a60d3355c
w000827	23600000	23604999	23602499.5	ML_trees/18600000-18605000.fa.contree	55		490a68c9da537a69815b60e82bd20f7053fe0fa2f543d1f99371e11adc1adf02
w000828	23605000	23609999	23607499.5	ML_trees/18605000-18610000.fa.contree	55		c77edf008fded9564cfe5f25df1cb99bdb0a60e9a88dbb939e9daa9ce96b82c7
w000829	23610000	23614999	23612499.5	ML_trees/18610000-18615000.fa.contree	55		8dd28f9709092649ccd8770c8ee65bfc6512478da3e899ac93608f4d5036259d
w000830	23615000	23619999	23617499.5	ML_trees/18615000-18620000.fa.contree	55		532944eb3737f07cdc27c601a30fcbbf072db75a38dbf73350f10481f3dc690e
w000831	23620000	23624999	23622499.5	ML_trees/18620000-18625000.fa.contree	55		32bcf6d54a22221847752689c04a5fbdbd749e64b7e26a209cdb9118416d8f9c
w000832	23625000	23629999	23627499.5	ML_trees/18625000-18630000.fa.contree	55		e891711275eb16ab0d5b53adba638ae5ea77ce56a26713d956adbcf2fc53391a
w000833	23630000	23634999	23632499.5	ML_trees/18630000-18635000.fa.contree	55		0edc4a41e528f2383e2c4cafe90c4a505c6340d603afb87d514e299b2f1eeef7
w000834	23635000	23639999	23637499.5	ML_trees/18635000-18640000.fa.contree	55		baca922e13366273c573f75d517b8710e299147786a6abab962738173758a9cf
w000835	23640000	23644999	23642499.5	ML_trees/18640000-18645000.fa.contree	55		3844e038be072af8664906004fe817b1a9c1bad069bc6f7e6257fd2bd21b0a20
w000836	23645000	23649999	23647499.5	ML_trees/18645000-18650000.fa.contree	55		c113dc86ff9e47c93515c81e57540dab5dd2fe99bef2968785a8042f050fb230
w000837	23650000	23654999	23652499.5	ML_trees/18650000-18655000.fa.contree	55		4c274ab6118bcc8090f9afe91f67dd29db5fb5b052089c7622e41e95eaa73583
w000838	23655000	23659999	23657499.5	ML_trees/18655000-18660000.fa.contree	55		b98fd855773db427a8c68dc481b59c1bcdec1612f472b9676deb14ec246917f2
w000839	23660000	23664999	23662499.5	ML_trees/18660000-18665000.fa.contree	55		31be6a7767b0522316b1badd610bff4783d45bd6b354f6a85271300208120ff9
w000840	23665000	23669999	23667499.5	ML_trees/18665000-18670000.fa.contree	55		71816ef9593e1bc5ad8d067dcf52e2d7077f72fcdb2353c62687e593b19bf31d
w000841	23670000	23674999	23672499.5	ML_trees/18670000-18675000.fa.contree	55		6f1d19f813455e21b7d4db7f2282eda4f692283b8b211cc2793cd688ebfb6ade
w000842	23675000	23679999	23677499.5	ML_trees/18675000-18680000.fa.contree	55		6dd1ac5854634fc4bc45db2186e31bcd8cb213bfd826014498d333e13650d044
w000843	23680000	23684999	23682499.5	ML_trees/18680000-18685000.fa.contree	55		be2be52829c0fbee61ab4723ac68a095656ae2ed5c2d1f50b9cdc3a99a7b1658
w000844	23690000	23694999	23692499.5	ML_trees/18690000-18695000.fa.contree	55		c772b299421a555eace07c1755f2df8fbc855468355c75a7525c7c8a2f6195b9
w000845	23695000	23699999	23697499.5	ML_trees/18695000-18700000.fa.contree	55		fe804b5c7b1cb2c0404d55936984f221938ae3df3a945a848566e8fb07762635
w000846	23700000	23704999	23702499.5	ML_trees/18700000-18705000.fa.contree	55		7ea8c045344b4b16ae4b163de10f7452b274835b6eb3330ca40f794c1fafad06
w000847	23705000	23709999	23707499.5	ML_trees/18705000-18710000.fa.contree	55		0b2ce2fb4a3e83a0a6466be4929c06e788cb8ddadf5b231f67f5c63f45bc1475
w000848	23710000	23714999	23712499.5	ML_trees/18710000-18715000.fa.contree	55		725cfacbd13cad22041fc456445f32c7350db3d8bdf00aeb7448a9b481c4a5e9
w000849	23715000	23719999	23717499.5	ML_trees/18715000-18720000.fa.contree	55		6720eedbaab8c3fbfe59faa27f8df9f6ce13d33b67c86850449e4cab9369236c
w000850	23720000	23724999	23722499.5	ML_trees/18720000-18725000.fa.contree	55		dcc9617283e65df9ecda2ef17a4b23a671375fddecf61b48236ad6a83bb928a0
w000851	23725000	23729999	23727499.5	ML_trees/18725000-18730000.fa.contree	55		b295dd53affa8039b0a6f2670ebc1cef43a66c7934c659bca18aec50e225b42c
w000852	23730000	23734999	23732499.5	ML_trees/18730000-18735000.fa.contree	55		8396aafcdeb8a317740b0eb815934bf74272a040b7e2be30697db55dc152d920
w000853	23735000	23739999	23737499.5	ML_trees/18735000-18740000.fa.contree	55		60e63423a47801fd069e4f213f680cf334d7f531c436ed3a444991f882ce1902
w000854	23740000	23744999	23742499.5	ML_trees/18740000-18745000.fa.contree	55		9b729878344cc7d716220de273b5606defea177951e69b6a77bb5f3fb94e6cc2
w000855	23745000	23749999	23747499.5	ML_trees/18745000-18750000.fa.contree	55		8c7e7ce64295a3cb1e44822ec5c1511e941e88b1114f4e5dd04945cddb9e9433
w000856	23750000	23754999	23752499.5	ML_trees/18750000-18755000.fa.contree	55		f336dfa0de6b01c7aeaf330d1edefdd28c88031a247b20e6a09d46242b4d3584
w000857	23755000	23759999	23757499.5	ML_trees/18755000-18760000.fa.contree	55		970fb5167f77977b5509347b7352131e66aae768d7c44b271e9f5233c2328b4c
w000858	23760000	23764999	23762499.5	ML_trees/18760000-18765000.fa.contree	55		e4bcc95d59b3f7997d92fd3d04f04e311c9c54140cf2a978b7f0e7c770fc9b7d
w000859	23765000	23769999	23767499.5	ML_trees/18765000-18770000.fa.contree	55		023a726bbe99f0fa331822405753239714b87983aa77320328bdf6659f106c68
w000860	23770000	23774999	23772499.5	ML_trees/18770000-18775000.fa.contree	55		e851713a6a458f384272a88dfdc93434619b2c93d7c2f840482119e85a1557b0
w000861	23775000	23779999	23777499.5	ML_trees/18775000-18780000.fa.contree	55		24a17ada8291d2a881d4bdd6e4c06a448ce62b120cae0404908db309e83e1ed9
w000862	23780000	23784999	23782499.5	ML_trees/18780000-18785000.fa.contree	55		55d779c87b3994ba153e6d9b973b38c9bfdf5b3a1e8d696e5ab1a8c3a72e9eab
w000863	23785000	23789999	23787499.5	ML_trees/18785000-18790000.fa.contree	55		9741787834acc08fa98e7788134388a43033286ee3588634e9ff7acb70cc05dc
w000864	23790000	23794999	23792499.5	ML_trees/18790000-18795000.fa.contree	55		a7655b96ba0cd6e42cbd389e29bd52790fee8e2c4378bb73801eee738003c677
w000865	23795000	23799999	23797499.5	ML_trees/18795000-18800000.fa.contree	55		7f96c60c4dbd6ec5cd7f7fbc4bdaaba4a6a546d9c72c3c17f72c00e7ae2cd628
w000866	23800000	23804999	23802499.5	ML_trees/18800000-18805000.fa.contree	55		268fe2ec023c7790fb43b72d0c7fd1359c0b831abda4fc04ce996900b9e7bf5c
w000867	23805000	23809999	23807499.5	ML_trees/18805000-18810000.fa.contree	55		e717385022630c26d6cdd1d63805c11a148a8e32476397614feccfc632a263cf
w000868	23810000	23814999	23812499.5	ML_trees/18810000-18815000.fa.contree	55		56b35dd49c29b0a8435e408ff37dd272dbcf996c0d7a5e9b30b6243eabe77d22
w000869	23815000	23819999	23817499.5	ML_trees/18815000-18820000.fa.contree	55		0cd746f9b8c6ffd0adc4dcf0ef30ec3c8459ce502a7cd90d21567411738e953c
w000870	23820000	23824999	23822499.5	ML_trees/18820000-18825000.fa.contree	55		f5d1947d7e77444f101eac3d4bc9f3bd84a656759d9a1f815ee4ec29e688385f
w000871	23825000	23829999	23827499.5	ML_trees/18825000-18830000.fa.contree	55		ff31e07fb1332dd55f8b5775bf16ff17f50a2c4cbe738241c9da69ad7a5f7dc9
w000872	23830000	23834999	23832499.5	ML_trees/18830000-18835000.fa.contree	55		1c601a587504570b460c687f07dc3e33a912deb02ffc9003dffa1be5ca71c708
w000873	23835000	23839999	23837499.5	ML_trees/18835000-18840000.fa.contree	55		4106b82025c3b86c98c085610c12eb1cec27fceb5598569671875215304196a0
w000874	23840000	23844999	23842499.5	ML_trees/18840000-18845000.fa.contree	55		4938d099eb689322b38d363de442e2aee73112132efe5919bc4911769d5ae115
w000875	23845000	23849999	23847499.5	ML_trees/18845000-18850000.fa.contree	55		4814efb6f5bc32827ccacafb3ba57c0ce8ab3a6530fb71d4769a6b7d7f0f1a3a
w000876	23850000	23854999	23852499.5	ML_trees/18850000-18855000.fa.contree	55		11162b90f178d95b4988102a9b6f1a7e712e2c14b08976960fad9b33c9546c14
w000877	23855000	23859999	23857499.5	ML_trees/18855000-18860000.fa.contree	55		a5134c8767aec36e17707824774d1593280de5d87c0893b5811b2aaf7c2861c6
w000878	23860000	23864999	23862499.5	ML_trees/18860000-18865000.fa.contree	55		80e4a2d159675b45f9b810de9ebfa3e41025747aa54a92c358c2e7fe9a807166
w000879	23865000	23869999	23867499.5	ML_trees/18865000-18870000.fa.contree	55		df3b2ef6555a44f7d413c6732167b50fbe40146ea18c20014beaabad11374ec0
w000880	23870000	23874999	23872499.5	ML_trees/18870000-18875000.fa.contree	55		b525d8da13c46067849a8d9cb636691502339f2ba9a5b69eb4c20971efe8af5d
w000881	23925000	23929999	23927499.5	ML_trees/18925000-18930000.fa.contree	55		d89b4442482631ce902604e08c152c9ecfe102f50f2be79eaa42eeb4d03645f1
w000882	23930000	23934999	23932499.5	ML_trees/18930000-18935000.fa.contree	55		1cc907ebf6fb7a55582f23dc158992055beccb3b00accddecb37cf3073259adf
w000883	23935000	23939999	23937499.5	ML_trees/18935000-18940000.fa.contree	55		9ea1e6928b7f1c016970ba35d5a97bd88f6f712efe6c053bd5f70941998bfc3f
w000884	23940000	23944999	23942499.5	ML_trees/18940000-18945000.fa.contree	55		6590aef62083ac4290c1d64bacb8183e9bd6ca0896be80ef890dcafbd6672036
w000885	23945000	23949999	23947499.5	ML_trees/18945000-18950000.fa.contree	55		8ac8dc4d6748f6776d1c8a79397b97a924661f4e403d154915c5e3d989d7ca99
w000886	23950000	23954999	23952499.5	ML_trees/18950000-18955000.fa.contree	55		e2164cd24d3c48c102af3a2d44e944420e152e042d25b041dabde80080d16759
w000887	23955000	23959999	23957499.5	ML_trees/18955000-18960000.fa.contree	55		b9d50cbe73c84949befcc7d5c3c422607aa0fdd1d589596703f4abfc6beb5ac8
w000888	23960000	23964999	23962499.5	ML_trees/18960000-18965000.fa.contree	55		fc83b05715e161a3f2f9f493cfabd110eb1c0fe81e4f62cbbc90b4bddb0ca1bf
w000889	23965000	23969999	23967499.5	ML_trees/18965000-18970000.fa.contree	55		28c6cf5ab933e95a1f2dba0821d8377cfd73efa3d79a6da41d92903b796dcd41
w000890	23970000	23974999	23972499.5	ML_trees/18970000-18975000.fa.contree	55		72b2cb0ce72c4af7535f21e28936ec551c7b6aa6c467acc0655658f06924123e
w000891	23975000	23979999	23977499.5	ML_trees/18975000-18980000.fa.contree	55		b6553df8b5ae90ea8c740ac74c512faaf9a6831cf74e86a5eb813976c97549a1
w000892	23980000	23984999	23982499.5	ML_trees/18980000-18985000.fa.contree	55		6236f402ae70a06a75f973a49bd8db8c622653cce420575f7fb4505d6e920fbb
w000893	23985000	23989999	23987499.5	ML_trees/18985000-18990000.fa.contree	55		7e1261c4b8d459aff33f7c6d7ab0e35b7765dd74755d408c4b8f8525657b3efe
w000894	23990000	23994999	23992499.5	ML_trees/18990000-18995000.fa.contree	55		762a3916a1961225a976f4f9c65dc7d3aad03b481880c548ab4b8adc07a51b98
w000895	23995000	23999999	23997499.5	ML_trees/18995000-19000000.fa.contree	55		d1da5a6a1c8dc80a9c7a9134459f3e5515d3c26c01035eb9feaf9ea4a3725e3b
w000897	24000000	24004999	24002499.5	ML_trees/19000000-19005000.fa.contree	55		21f150d80799b8821f451d5ede8e4a2b305ab7b9c982d7b2457b3c12ae3372ad
w000898	24005000	24009999	24007499.5	ML_trees/19005000-19010000.fa.contree	55		923b40db0f398a0c0aa7f68e3c24919baeaaca5b5e45aeb9caf1ed129d15d0db
w000899	24010000	24014999	24012499.5	ML_trees/19010000-19015000.fa.contree	55		c4bf68c95c19567b110382ce01640b67fc18bbd49defa5bcd105f3caf73e5484
w000900	24015000	24019999	24017499.5	ML_trees/19015000-19020000.fa.contree	55		73892eb364e5bd309a8f8d031dd9bb1e2d05644b5c880119320adf5676a2f24a
w000901	24020000	24024999	24022499.5	ML_trees/19020000-19025000.fa.contree	55		fb27e57f315b8e89709313fff5cfdf835535e3bebc1c02e3861e89191951fdf6
w000902	24025000	24029999	24027499.5	ML_trees/19025000-19030000.fa.contree	55		3ed835265d69fb16295da6f64b3ac592b0af5221b1191fe87a704d2ac80df7ce
w000903	24030000	24034999	24032499.5	ML_trees/19030000-19035000.fa.contree	55		08c9c0ba213f5c16d1a654e0cc7f38687828008b73750f3e82dc330f4714bbeb
w000904	24035000	24039999	24037499.5	ML_trees/19035000-19040000.fa.contree	55		d42c057b1f9cd2250495e80c5d8b31a24bfa8ec7686972d7bed348db2a6bd4d5
w000905	24040000	24044999	24042499.5	ML_trees/19040000-19045000.fa.contree	55		ea9f35d2d2c2e3a56b30bd38c0fc600ef4d1893516c38694aceb1d54fe69af06
w000906	24045000	24049999	24047499.5	ML_trees/19045000-19050000.fa.contree	55		811ae93bcd67104990d708074a07091c70ce52c916f0c2a59cfa765cdb714c38
w000907	24050000	24054999	24052499.5	ML_trees/19050000-19055000.fa.contree	55		d967f65d105196857b03829ec3cada61c2867f493e62f3487b09353174accec2
w000908	24055000	24059999	24057499.5	ML_trees/19055000-19060000.fa.contree	55		6457f7fd8bf39e17295919cf959576d3f1cd0386b7ce5e69cbc1035d383b9894
w000909	24060000	24064999	24062499.5	ML_trees/19060000-19065000.fa.contree	55		a004b6140b76e1f995a5b6beb89a76fa7fb8f4e06aa71f75ededab3da0965648
w000910	24065000	24069999	24067499.5	ML_trees/19065000-19070000.fa.contree	55		fbdf8a688986801c21a9f913b5538d29963f9c26f2d17402d3619fb70aad959a
w000911	24070000	24074999	24072499.5	ML_trees/19070000-19075000.fa.contree	55		2a38adc9cbf44766f7f8fca133a6f477fa2b9a893041d928cbed327d27001355
w000912	24075000	24079999	24077499.5	ML_trees/19075000-19080000.fa.contree	55		b793b10f829d8b206076b710ad8f7533918a33c69fdffad33b65b85883132e77
w000913	24080000	24084999	24082499.5	ML_trees/19080000-19085000.fa.contree	55		0fe0c0525e94365fba4fde25917694f460fa70e5332f985bd5f9d9875358edef
w000914	24085000	24089999	24087499.5	ML_trees/19085000-19090000.fa.contree	55		211637006203b7074a3048f89702a37e9208d95974c2790765e09b33d2a5f8c2
w000915	24090000	24094999	24092499.5	ML_trees/19090000-19095000.fa.contree	55		40e5e927482e5e518dd45f2643cc76cdf9bcc6ec0585399cd9441c6e98603d87
w000916	24100000	24104999	24102499.5	ML_trees/19100000-19105000.fa.contree	55		7ce9d298076a93114833e698e5941fcf5ed84ddec47a03197aae76bab0f59bb9
w000917	24105000	24109999	24107499.5	ML_trees/19105000-19110000.fa.contree	55		b476d2c11b166ba29dbda9d46119c2acf66df6c7f27b85c11e40f9733ff8a299
w000918	24110000	24114999	24112499.5	ML_trees/19110000-19115000.fa.contree	55		1cee0f00435ff1e7670cde5d51e595a4deefc1c3e987507014f4224a9ac64fbb
w000919	24115000	24119999	24117499.5	ML_trees/19115000-19120000.fa.contree	55		593a1cbc000618e736362ffebf1a46c3290ddd55251c81117ccbf2bd8145b5e1
w000920	24120000	24124999	24122499.5	ML_trees/19120000-19125000.fa.contree	55		b48c4231771b439054f65fd615ce4324b2451bdf06fdf4f407f93fcf5885b454
w000921	24125000	24129999	24127499.5	ML_trees/19125000-19130000.fa.contree	55		fd8b93da03e49c4c77f37d9b52617f61bc488842314013551e5effa84bc5b89c
w000922	24130000	24134999	24132499.5	ML_trees/19130000-19135000.fa.contree	55		d7215979b457823881efc8394e66f3f5b0191580a49d372fb616e1b88325efe2
w000923	24135000	24139999	24137499.5	ML_trees/19135000-19140000.fa.contree	55		180b0c5def595f0581bcd9fa73aaa4fabd57acc5e8d7586702a188bb46b8987f
w000924	24140000	24144999	24142499.5	ML_trees/19140000-19145000.fa.contree	55		64259a3c70e689179bdd756acc0e5e94d1c9ab33e7837cf6dada4057e6cfbaa5
w000925	24145000	24149999	24147499.5	ML_trees/19145000-19150000.fa.contree	55		18baf1e1fb4cda8e047ce1ae53b5e5aabb4e75aaa7426f0d96abeb2bbff94efe
w000926	24150000	24154999	24152499.5	ML_trees/19150000-19155000.fa.contree	55		d557880c29c3e803034ecfc0ee2bd7eb2340fb34779ce9a80171330240a37461
w000927	24155000	24159999	24157499.5	ML_trees/19155000-19160000.fa.contree	55		9cb843db15d9782b8101361f33d2f5ea8c87da4142cb988af15ddceb61da4465
w000928	24160000	24164999	24162499.5	ML_trees/19160000-19165000.fa.contree	55		12291b1124dab2988d74ddb02e5d58764f404555ee98eb842ab921d67cda4d24
w000929	24165000	24169999	24167499.5	ML_trees/19165000-19170000.fa.contree	55		509038a9e0dedbdb5b15bfde4c011170597bb44fff819b6567a297ca4852179f
w000930	24170000	24174999	24172499.5	ML_trees/19170000-19175000.fa.contree	55		ca00ea7dc4c9d21d745d43e7041348601805b36dbda7134c9a37d2c0e7eb5637
w000931	24175000	24179999	24177499.5	ML_trees/19175000-19180000.fa.contree	55		04cf23523c8da9697947be93c16c301db15d6c3edb2e33c4517cd44f56fa47ba
w000932	24180000	24184999	24182499.5	ML_trees/19180000-19185000.fa.contree	55		d84f4ff9a64e9d08ee9e6775890c57bbc898694e9aa10871b40eadf7013f9e31
w000933	24185000	24189999	24187499.5	ML_trees/19185000-19190000.fa.contree	55		dc0a3aa201047496c13908513e640295a4ecb7043afd0431af092caea9fe2dce
w000934	24190000	24194999	24192499.5	ML_trees/19190000-19195000.fa.contree	55		da6dc35fe20fc46ee48269212b02c3c00d6ccc39c413f1e79bc05743691bd1be
w000935	24195000	24199999	24197499.5	ML_trees/19195000-19200000.fa.contree	55		b1cde58b2d745c339b38eced31a911c720fe0d4abdbe9066efffaacab151277f
w000936	24200000	24204999	24202499.5	ML_trees/19200000-19205000.fa.contree	55		1e4d0f9e58eeb6d2d754844561e857df947601460e791550a37e874d7b45ce66
w000937	24205000	24209999	24207499.5	ML_trees/19205000-19210000.fa.contree	55		305bfcfed4b43b71c371994dccca801ed1763bb3964052cd34b295cf71d7db6f
w000938	24210000	24214999	24212499.5	ML_trees/19210000-19215000.fa.contree	55		6efe223e3b3a7b6ed244eaeca2dd60987195bf59550f8fccd95678e049df8698
w000939	24215000	24219999	24217499.5	ML_trees/19215000-19220000.fa.contree	55		af51313df15ffb8a9ccf79973d1379363f146028d17ab3883ae2793b319ea6bb
w000940	24220000	24224999	24222499.5	ML_trees/19220000-19225000.fa.contree	55		9a29162e79a327015222121c9058e67a5543fccd9e8fd0679a13ac6503d93886
w000941	24225000	24229999	24227499.5	ML_trees/19225000-19230000.fa.contree	55		f1707ded8af3d73c4c322cd7089818bcc6e26a9eac40101cbf8bde2ae52aa059
w000942	24230000	24234999	24232499.5	ML_trees/19230000-19235000.fa.contree	55		e6c5739e2dbc97e3d65e4e91a7b2b2369015bf0ca2e18a571c2f67684fbd8bbf
w000943	24235000	24239999	24237499.5	ML_trees/19235000-19240000.fa.contree	55		b7c40a99df3abff65ad996597e7b6c8136cf4785255009f2f1066b27426bf3eb
w000944	24240000	24244999	24242499.5	ML_trees/19240000-19245000.fa.contree	55		e61380e98fc382b39956ef12ce0a17a6edc20bbbdd798d74cf9a35704a44fb53
w000945	24245000	24249999	24247499.5	ML_trees/19245000-19250000.fa.contree	55		4b8f8e34e79ae5b6cb2d271ab932c6a74b66aa945e99968786475b9184c5348b
w000946	24250000	24254999	24252499.5	ML_trees/19250000-19255000.fa.contree	55		44c9eba3c42c1c68616381ff444abb0189f625f66cfd0b67a42e86e6670a0d35
w000947	24270000	24274999	24272499.5	ML_trees/19270000-19275000.fa.contree	55		b74ef2a540e83b48a54b7a8e698af6a98c90f960df202fde1184ca5314640570
w000948	24275000	24279999	24277499.5	ML_trees/19275000-19280000.fa.contree	55		6b19f1eb0459f83646bae724fa4f9591b98b2118d316ca58893f951de1fd7f84
w000949	24280000	24284999	24282499.5	ML_trees/19280000-19285000.fa.contree	55		1e84d44299fcaeb931ae6b56fb53fbb4d39c54e1cf7a0a3a5fd7ab2489bd1567
w000950	24285000	24289999	24287499.5	ML_trees/19285000-19290000.fa.contree	55		a6965a1ac196d8e1dc5a0c0aff496ae9b6c96e5e144ff63682691dcc17df582f
w000951	24290000	24294999	24292499.5	ML_trees/19290000-19295000.fa.contree	55		bf3b4c71b4db0d0ef5f6ad0c5a4ca489ce700c8eb21454bafc74316330971277
w000952	24295000	24299999	24297499.5	ML_trees/19295000-19300000.fa.contree	55		f5085cce57997fe37ea2ee1aa6888b9e891ae88e34c5634ece223bb06c83b080
w000953	24300000	24304999	24302499.5	ML_trees/19300000-19305000.fa.contree	55		030177b8e21e95e85e37cc3443d95faf20934e79f831d21c63285db4731baaa5
w000954	24305000	24309999	24307499.5	ML_trees/19305000-19310000.fa.contree	55		84b82bdf7fef361d31ce0e38545ed23918b0c43d63816bb7ba5b8e0ae5cce9a7
w000955	24310000	24314999	24312499.5	ML_trees/19310000-19315000.fa.contree	55		241fca223e8d6a9a3b7ed9ea7834d006c0dc7c276588fbd1804f0670ee3e957e
w000956	24315000	24319999	24317499.5	ML_trees/19315000-19320000.fa.contree	55		c15e11fd975140546a95d21d069b0cdbff0b7d105cf656e9b71c2177107f3971
w000957	24320000	24324999	24322499.5	ML_trees/19320000-19325000.fa.contree	55		3ababb9c345c1215efd4441c818cecc269c85ed5176364dc0309915c45513444
w000958	24325000	24329999	24327499.5	ML_trees/19325000-19330000.fa.contree	55		508285c5dbb2b3e31bee44856c2d97c3d4034d5b662cbdbb424bd5b8b5735569
w000959	24330000	24334999	24332499.5	ML_trees/19330000-19335000.fa.contree	55		6a8f78eddb5f936057566f46c90414198f882a647c7427fabf372e4845d9c8d0
w000960	24335000	24339999	24337499.5	ML_trees/19335000-19340000.fa.contree	55		8002b0df0f0995aae9f16c9658f9912a63296e33981530454381412ddd996982
w000961	24340000	24344999	24342499.5	ML_trees/19340000-19345000.fa.contree	55		75ea3f2cf881f0c6ab4d4e1c79c291dacc797c562a7b6f3393f960fabe7cf02f
w000962	24345000	24349999	24347499.5	ML_trees/19345000-19350000.fa.contree	55		851d966aeca5803eeec66afd162132f92503005be415bb69fde21c3448454d22
w000963	24350000	24354999	24352499.5	ML_trees/19350000-19355000.fa.contree	55		d3451679435de53dcab772b7bb0e12d784826b9b3f4783bd3db65296240c2e0f
w000964	24355000	24359999	24357499.5	ML_trees/19355000-19360000.fa.contree	55		409a71c6773afc9be62462950815d65c3c82c66cc9c45bca9259405f11b50a74
w000965	24360000	24364999	24362499.5	ML_trees/19360000-19365000.fa.contree	55		347471910cf88d0008a1c2de81a3a0883504ad90bd29156fba83e0fe6fd63129
w000966	24365000	24369999	24367499.5	ML_trees/19365000-19370000.fa.contree	55		0851f6e9a263333ef80828fcca96a3d5c04a48237ea74e60b94987863f10112e
w000967	24370000	24374999	24372499.5	ML_trees/19370000-19375000.fa.contree	55		cec08689b235f838b3295e8bf3b776951ad482a72fe7932e29eb0ed37457cc41
w000968	24375000	24379999	24377499.5	ML_trees/19375000-19380000.fa.contree	55		394a840126a9b527503412f9db4afb53e2e0ff8a048ddbda56a9b3c20e2ee432
w000969	24380000	24384999	24382499.5	ML_trees/19380000-19385000.fa.contree	55		1e14b1754a12f29f7748d0d69bb9bfc05f0c4c673ad7dee6725518e834443673
w000970	24385000	24389999	24387499.5	ML_trees/19385000-19390000.fa.contree	55		cdfad9959ee642ff3d2a940d9d8d29d475a77c71629845004762e1ff05f178d4
w000971	24390000	24394999	24392499.5	ML_trees/19390000-19395000.fa.contree	55		1debe15bdba05edc19ab551482a872ff4af64289334784c942812be5f4abe926
w000972	24395000	24399999	24397499.5	ML_trees/19395000-19400000.fa.contree	55		7f00ab49fce34028ba86356fae847931950b6d62bedfa6feba03dff3b099ec5f
w000973	24400000	24404999	24402499.5	ML_trees/19400000-19405000.fa.contree	55		ed7d6226be986e78df98ead01bb44f85921a43325e688825d99ff1f48010fa93
w000974	24405000	24409999	24407499.5	ML_trees/19405000-19410000.fa.contree	55		22927b30750b7f4c33b5fae66baaef6812dc7e26c55a40ac40bf6e16cc800c2c
w000975	24410000	24414999	24412499.5	ML_trees/19410000-19415000.fa.contree	55		acad9376bec894ba0792019ae81ce880bb5f51647085487e36ba253a1871e182
w000976	24415000	24419999	24417499.5	ML_trees/19415000-19420000.fa.contree	55		32f0773db740da9401208a5ec24ff07b663ca4231dd5d58ae5f463bdfb9da104
w000977	24420000	24424999	24422499.5	ML_trees/19420000-19425000.fa.contree	55		4601ba0a112f7766e5747e6fcc8610f9df589330f6987183f718abc4125f93b8
w000978	24425000	24429999	24427499.5	ML_trees/19425000-19430000.fa.contree	55		e676530ae40370017290a235e07e45a19ff5f760e115aa08a3ad4232ec32f718
w000979	24430000	24434999	24432499.5	ML_trees/19430000-19435000.fa.contree	55		40ab50d423fa677f7b34d6427a10000aaaeb61917b0599a3f3330660aad2b43c
w000980	24435000	24439999	24437499.5	ML_trees/19435000-19440000.fa.contree	55		2e44a121ec0b37c3d5613aac9356667ec06f2d8284b7832f450dd1b6768e7704
w000981	24440000	24444999	24442499.5	ML_trees/19440000-19445000.fa.contree	55		80987b0722dd676247fb15f8697a5e85d328c6e2eb1df6cb477383918c6c87d4
w000982	24445000	24449999	24447499.5	ML_trees/19445000-19450000.fa.contree	55		c5ff0d4eaf98a5d8a2afe0e5f527eda6ec5c9f2085ffacb88e9e8477895111b4
w000983	24450000	24454999	24452499.5	ML_trees/19450000-19455000.fa.contree	55		43fb04020c0f322c393cf7d18dbd6701e369b73471d4c2f078911133cde20993
w000984	24455000	24459999	24457499.5	ML_trees/19455000-19460000.fa.contree	55		7ecf887d2d69a883a1ef27683d281481f20b8373a467c4e039e44b216474ba10
w000985	24460000	24464999	24462499.5	ML_trees/19460000-19465000.fa.contree	55		de2573e5ae64bfea95f3fa48df48a17f63e26ddf44123adc88deae40dcc2c518
w000986	24465000	24469999	24467499.5	ML_trees/19465000-19470000.fa.contree	55		1bad9893bcb8d709beef8590f8023c5feca7315d870c59d43adfc41c49baf9db
w000987	24470000	24474999	24472499.5	ML_trees/19470000-19475000.fa.contree	55		8f8b8cc865fa108adfc9d4c9d454b119a5773f1160ea3516092fb1158e070364
w000988	24475000	24479999	24477499.5	ML_trees/19475000-19480000.fa.contree	55		31748c185b0cc8bfd75eececa262933d8feafb821cc20cf4e28038caf76f23f5
w000989	24480000	24484999	24482499.5	ML_trees/19480000-19485000.fa.contree	55		b631d9a569b2847ab93259e5eaae6c0c52103ef7a3a2d97c4d5cd775ba5f7783
w000990	24485000	24489999	24487499.5	ML_trees/19485000-19490000.fa.contree	55		137fee0de9edae3dc5c01aedcaa18c23053ce2d7120c8a6f08e1ba627e6cd071
w000991	24490000	24494999	24492499.5	ML_trees/19490000-19495000.fa.contree	55		3f7b3358e45d7df36b3bd09a92819c6f1df0424f6f7f569c627c74b3c202fe46
w000993	24510000	24514999	24512499.5	ML_trees/19510000-19515000.fa.contree	55		a7c8a7acb677183037bae86abd34eb5711bda5705d98029f018f37102dd4dfca
w000994	24515000	24519999	24517499.5	ML_trees/19515000-19520000.fa.contree	55		0b2d22c193030ac874e7e3d68c644005a49457d472bcb9997bd7554f48929b0d
w000995	24520000	24524999	24522499.5	ML_trees/19520000-19525000.fa.contree	55		f811164c76ad7c52bc4603b5ccf6de9f4144a4e327f53aed4b0c0335e4bab32b
w000996	24525000	24529999	24527499.5	ML_trees/19525000-19530000.fa.contree	55		9fb1f5522224c9dc8d27d12efdd2b633f4820e1bcd575f35eb7c3b9a6aea5341
w000997	24530000	24534999	24532499.5	ML_trees/19530000-19535000.fa.contree	55		6d26348bdeb390c040c032ce6b9bf3587371c4c6b33aa528de9a644a13eeb4bc
w000998	24535000	24539999	24537499.5	ML_trees/19535000-19540000.fa.contree	55		134a51c64032dc486bce1b9a3787c47b748f68fa2de7c90a6253209d1a5e16b7
w000999	24540000	24544999	24542499.5	ML_trees/19540000-19545000.fa.contree	55		53133bcf6c0fde9fe0e16fa28733f10874d1d6c7d855e4493c48a9a7f8cf1132
w001000	24545000	24549999	24547499.5	ML_trees/19545000-19550000.fa.contree	55		ca65ac5ba00253006a71ff8b9b50b94e8d720001bcdb5d91432d0c152eeed551
w001001	24550000	24554999	24552499.5	ML_trees/19550000-19555000.fa.contree	55		a7848d691303ab6fb96d87f6da1b7cc759b650af5f069e71f1727e0805472a33
w001002	24555000	24559999	24557499.5	ML_trees/19555000-19560000.fa.contree	55		5db8e56267848dcacd3e191daa2d7ae81842d81dbe4de09d5d0f3615610467a4
w001003	24560000	24564999	24562499.5	ML_trees/19560000-19565000.fa.contree	55		315f6157d2e4909b2e5af1228124b31f05645b54220c85aeab2c708ad597e085
w001004	24580000	24584999	24582499.5	ML_trees/19580000-19585000.fa.contree	55		a716a2446f91322d4b5168e245dc5026a48942e7de4ce37bb85947b64c98b457
w001005	24585000	24589999	24587499.5	ML_trees/19585000-19590000.fa.contree	55		5fa22acb035526539a35df04916ca1f0b51b9067227ccfe9198cedc31bcbe33d
w001006	24590000	24594999	24592499.5	ML_trees/19590000-19595000.fa.contree	55		30afa4a5d10f8728c48d7e24e63b4c57c4b38bbff719c6078b9e18443627706c
w001007	24595000	24599999	24597499.5	ML_trees/19595000-19600000.fa.contree	55		81828f0ab2757e6f6b25779446492fadd067bac444f3c8ecea3836411f4cbc44
w001008	24600000	24604999	24602499.5	ML_trees/19600000-19605000.fa.contree	55		e3ca6ff95a24217fd62981a5f4298398826cdcb6e00bb2f2c8b188ff9094d504
w001009	24605000	24609999	24607499.5	ML_trees/19605000-19610000.fa.contree	55		2c6e1d34b32eb9bd2aa57291accb16f24d3ff81ca1d56e07cc3b646ca4d3f269
w001010	24610000	24614999	24612499.5	ML_trees/19610000-19615000.fa.contree	55		da3df5c8f15132b014a20db220a5b95c00711f8209421fd6a96a2c1ae82b13bf
w001011	24615000	24619999	24617499.5	ML_trees/19615000-19620000.fa.contree	55		a15b6e5c544cf1deb8c34c0cfe95f31bdd8e02d15e61d0596ec03f695adeb3a5
w001012	24620000	24624999	24622499.5	ML_trees/19620000-19625000.fa.contree	55		2a417a9698f1c17567568c5f78a6b888c46ac11df4e7a4f8a95bc190db05dced
w001013	24625000	24629999	24627499.5	ML_trees/19625000-19630000.fa.contree	55		f9e1116b7acdcf494505e770018a0849f1e6662859446f7c5635589adcb078a2
w001014	24630000	24634999	24632499.5	ML_trees/19630000-19635000.fa.contree	55		737c765e83f9970279aaed4c19fb9c13839a8d4f4efa3c465e524d92f0adff2a
w001015	24635000	24639999	24637499.5	ML_trees/19635000-19640000.fa.contree	55		31995f6cb1b9ed71b97286f5f2a952d3a9247e6fe5c43a7aace0e5bee8b5ea2c
w001016	24640000	24644999	24642499.5	ML_trees/19640000-19645000.fa.contree	55		7b39d25eb4afce8e264f7f678b58f5003ff44ad661c85e5845b29eea4c216dd4
w001017	24645000	24649999	24647499.5	ML_trees/19645000-19650000.fa.contree	55		bb9bf320f1cfa97107d299917ffac21470a3fbc026bedff24535e0316a012b23
w001018	24650000	24654999	24652499.5	ML_trees/19650000-19655000.fa.contree	55		a60d996c63d04228b4ae2ba67080f41653a41d6ab9cfa1a2206a8085e117d575
w001019	24655000	24659999	24657499.5	ML_trees/19655000-19660000.fa.contree	55		fe40f9826bc87c2f8daacb0e56fd1dec0f2ad026e7595dfc2d0489da996dec10
w001020	24660000	24664999	24662499.5	ML_trees/19660000-19665000.fa.contree	55		44fca757852c4bdf5e2593115ce66abbc045f26e535309b98189a93511ac3280
w001021	24665000	24669999	24667499.5	ML_trees/19665000-19670000.fa.contree	55		e9fac71034f543a2637fa83aab54c6afa17649a84c5228e01c2c56e522e07905
w001022	24670000	24674999	24672499.5	ML_trees/19670000-19675000.fa.contree	55		bf25880203c35b8615163a0a3743326799804660d91dd64b040cb60bcc84b95d
w001023	24675000	24679999	24677499.5	ML_trees/19675000-19680000.fa.contree	55		7b8be189ce4ab471009978b5b5a528adbac22b54337a8310261956cc9284d22a
w001024	24680000	24684999	24682499.5	ML_trees/19680000-19685000.fa.contree	55		5b8df9c3198f165cec62a77780237f9f954be5dbb3290d4c413522718f3d3b36
w001025	24685000	24689999	24687499.5	ML_trees/19685000-19690000.fa.contree	55		09537d0235f4c99e62d14a7d66d6fc7b8a71998ec10c9bec08e9678e7d5dab80
w001026	24690000	24694999	24692499.5	ML_trees/19690000-19695000.fa.contree	55		06fb3e1e27e06eb72d2c83ef0b0ddc49799f14c7c0240cd097968f4f43cc13ea
w001027	24695000	24699999	24697499.5	ML_trees/19695000-19700000.fa.contree	55		17b0cbbacf9ef539e4515b5302d7e7f8dd3e377116efaebb88417602eeaae55c
w001028	24700000	24704999	24702499.5	ML_trees/19700000-19705000.fa.contree	55		23165f1d27f21fa52c5291686d251fd051f80dfa94aa1d84e1f327d593891f06
w001029	24705000	24709999	24707499.5	ML_trees/19705000-19710000.fa.contree	55		e9899d47c69a9939fc1c15ac6c1e4f75858c73f9701b329d5fa3a159146bf696
w001030	24710000	24714999	24712499.5	ML_trees/19710000-19715000.fa.contree	55		42cb0b31b3f41a3769ff64ba5d74c48678c019ec413144c1dbb72ff7b613bba4
w001031	24715000	24719999	24717499.5	ML_trees/19715000-19720000.fa.contree	55		1147cdf74e98a66d6b5339b09404586afc02ab7cd580773af691932f2ebf1a91
w001032	24720000	24724999	24722499.5	ML_trees/19720000-19725000.fa.contree	55		da30622bb4c8c26b2f55a134faca1fc092266ea43b24bf7cd8ad2c9aef046401
w001033	24725000	24729999	24727499.5	ML_trees/19725000-19730000.fa.contree	55		a595cfc576a4d3f3279dbca8b426fc14c18d039b02a422f25b020d0e44de6b28
w001034	24730000	24734999	24732499.5	ML_trees/19730000-19735000.fa.contree	55		05e3adb4f2ab17775e17b9b96ffa2213716472b75533c82aa2e3c1bdaaa1f48d
w001035	24735000	24739999	24737499.5	ML_trees/19735000-19740000.fa.contree	55		d69699b30170c840e37e2d291327f1ea4a11562afd3feed4bcffdb1f2aea8f78
w001036	24740000	24744999	24742499.5	ML_trees/19740000-19745000.fa.contree	55		e7fcd442de5bf2219e7022164200cb90627acaf4eaf2358d2308dbcb2f5ef45a
w001037	24745000	24749999	24747499.5	ML_trees/19745000-19750000.fa.contree	55		e1fced98645fc59e80736547e75bf723d76d64e057ade406bdc954e614ea78d3
w001038	24750000	24754999	24752499.5	ML_trees/19750000-19755000.fa.contree	55		127d8962ec6b9e4dd77c1c24534ec92f2912d5422118ee5a7da566588aefa3bb
w001039	24755000	24759999	24757499.5	ML_trees/19755000-19760000.fa.contree	55		64df6f00076e9a6275bdda39907d9cf0adff44ded146a37de751ca8c9080dbf0
w001040	24760000	24764999	24762499.5	ML_trees/19760000-19765000.fa.contree	55		ab90fa567c2e7fc9ab029d650f14cfbe9a99ed70c56f1719f958c67f750a4353
w001041	24765000	24769999	24767499.5	ML_trees/19765000-19770000.fa.contree	55		eb54333eac05066bb696161a89bf3714b7f9c386a210a57f6540c523392a4f38
w001042	24770000	24774999	24772499.5	ML_trees/19770000-19775000.fa.contree	55		0e22f8160fc5f10f166badedc4448e16ce105db205bfae68824c2ed1583a9c70
w001043	24775000	24779999	24777499.5	ML_trees/19775000-19780000.fa.contree	55		40435c3edfffb336ab9897c577e208fb2912cad92dc088c53e82f9fa810cf1d8
w001044	24780000	24784999	24782499.5	ML_trees/19780000-19785000.fa.contree	55		90a08529f8026db57fc52ed7a2dcdcb6b7680259e1524b3504432c7e2fd8d914
w001045	24790000	24794999	24792499.5	ML_trees/19790000-19795000.fa.contree	55		abd0a9a1874f347e352e4b46152311e6c4364d1449c27fbf2c21805f30281121
w001046	24795000	24799999	24797499.5	ML_trees/19795000-19800000.fa.contree	55		2e8796ae6a4a551a657ba1cf8961961085fbfc3bea4b93f98734f6abf2b36970
w001047	24800000	24804999	24802499.5	ML_trees/19800000-19805000.fa.contree	55		502477f4cce745cefba56b150646f60b9a597a2cf50d6e51fb94bff3e3ecbea4
w001048	24805000	24809999	24807499.5	ML_trees/19805000-19810000.fa.contree	55		3b57b718b8fc0bde4d3a79fa924298342b1784612206317b950265a6a3b70479
w001049	24810000	24814999	24812499.5	ML_trees/19810000-19815000.fa.contree	55		ce6e811a8b9e37b0a8650fbd4c0a0b4ea3aa4b0faec82879724f3b9e7a8eadcc
w001050	24815000	24819999	24817499.5	ML_trees/19815000-19820000.fa.contree	55		d859fb78c5881758e4f1ff94bf02736a124d5024ca0ac9d78968f9a53c104799
w001051	24820000	24824999	24822499.5	ML_trees/19820000-19825000.fa.contree	55		76d3c1252d10e51ceee9cc52a84171136e14aa1314347488fa6e7f5f59832a4e
w001052	24825000	24829999	24827499.5	ML_trees/19825000-19830000.fa.contree	55		12c57e7a6353b42750e42a885a023f69def7670dbf3937b714a4e3a98b22994e
w001053	24830000	24834999	24832499.5	ML_trees/19830000-19835000.fa.contree	55		e5163d7d41969224625b79c3ddbe600a05ac8029d24d4b481878b483527ef3c1
w001054	24835000	24839999	24837499.5	ML_trees/19835000-19840000.fa.contree	55		18fa4315bcce53558459e5ef41069cc73143f92fb409ffcf4a47a0b96e147c56
w001055	24840000	24844999	24842499.5	ML_trees/19840000-19845000.fa.contree	55		339ab1c179f92d97be9709016fea7e262d377f8f55c0933277c53d1e97432972
w001056	24845000	24849999	24847499.5	ML_trees/19845000-19850000.fa.contree	55		e4cf0b91b869d402953cb89b9586e62a75c2e24052db3483c5765360f3debd8e
w001057	24850000	24854999	24852499.5	ML_trees/19850000-19855000.fa.contree	55		5cbffadc8dcb11c321fa168c9f40752b2f5578c78d4c8529abfaf9caf065d1da
w001058	24855000	24859999	24857499.5	ML_trees/19855000-19860000.fa.contree	55		84b3a349491fed01419b08c8e1c7aef58116f42cb927eebcbba305194154c9a6
w001059	24860000	24864999	24862499.5	ML_trees/19860000-19865000.fa.contree	55		bd96f16dea066ff77ff6f2c027950081bfb4a77a1a4e967392ed6ed6162776d1
w001060	24865000	24869999	24867499.5	ML_trees/19865000-19870000.fa.contree	55		d7d060a154795ba809166ec870e7cc8f33ff984c578d9853cf419d4cbed8c86c
w001061	24870000	24874999	24872499.5	ML_trees/19870000-19875000.fa.contree	55		d211dac50276e3a8f060e2cc7b10f5e735185a4cbdf98e537cfb56499a64a484
w001062	24875000	24879999	24877499.5	ML_trees/19875000-19880000.fa.contree	55		7d508d197e99fb832d3b873279c6e35f98ecd51752cee51415fe5b7447297b87
w001063	24925000	24929999	24927499.5	ML_trees/19925000-19930000.fa.contree	55		a12e369dff0925691e4cba69fb7ae66c79e5cad45441733c7bd296e7635951f2
w001064	24930000	24934999	24932499.5	ML_trees/19930000-19935000.fa.contree	55		1584b65dfb28b6606d22c684b7a7efbf813aa7794ea9342530b6eb05c0264941
w001065	24935000	24939999	24937499.5	ML_trees/19935000-19940000.fa.contree	55		233f1f316ff654fbd2fbccb039a78cee8a1c60fcb1eb4c5fa29207c2f153381a
w001066	24940000	24944999	24942499.5	ML_trees/19940000-19945000.fa.contree	55		e5c101126e2ebc0794c748cf4b623287efc84a69b1d63ce70ca2684dfc609438
w001067	24945000	24949999	24947499.5	ML_trees/19945000-19950000.fa.contree	55		f0184fd818cf830a801c058db27d86e60d18973ee6a02043b62f3f5d616cd1c5
w001068	24950000	24954999	24952499.5	ML_trees/19950000-19955000.fa.contree	55		d17c4d5bf136dfdb407600b0533135bed581a7200dc08fd59938e2ea336c312c
w001069	24955000	24959999	24957499.5	ML_trees/19955000-19960000.fa.contree	55		5a9d3841db929bca3f28c9ad36cd154bae06b8f3e731df32510a612c0fd3ba92
w001070	24960000	24964999	24962499.5	ML_trees/19960000-19965000.fa.contree	55		461838f82921d702231e92736c861e70521289feda72584298b504df41f929fc
w001071	24965000	24969999	24967499.5	ML_trees/19965000-19970000.fa.contree	55		ba5cf1fb9cd2ee350e67df5a689371561bf62ddff7b82e1d722e0534482cce0e
w001072	24970000	24974999	24972499.5	ML_trees/19970000-19975000.fa.contree	55		8f20ec78c5232a77e863f25ca8aa8b24c399d260c16fe0eee23cf455ba849289
w001073	24975000	24979999	24977499.5	ML_trees/19975000-19980000.fa.contree	55		b47caa8cf8c3d646b6ccded5224c041a9dd78f94e7543bb9cb774f71edfeb5c7
w001074	24980000	24984999	24982499.5	ML_trees/19980000-19985000.fa.contree	55		7315dc0f4fb499fc01a55de8da20ee176b42ef237b424cc4185afb3d1dd0bfc0
w001075	24985000	24989999	24987499.5	ML_trees/19985000-19990000.fa.contree	55		221fc2edd239f9a4274b5c238bd47ff12d90e03e084b1d64d71c193cdecf76ea
w001076	24990000	24994999	24992499.5	ML_trees/19990000-19995000.fa.contree	55		0bf6a070885802f8b4503c2436dca32d0887bf2aadd8d24f60ceb4a88d84bf85
w001077	24995000	24999999	24997499.5	ML_trees/19995000-20000000.fa.contree	55		637b16369e680c39060cd0bc4685c9e3c5aedf3f851c47d98d348ba3eaeefd63
w001080	25000000	25004999	25002499.5	ML_trees/20000000-20005000.fa.contree	55		1109fd3a138c5b4c99950e459b60060679a5acb16b556cdeb9c5c374df39d29e
w001081	25005000	25009999	25007499.5	ML_trees/20005000-20010000.fa.contree	55		80b66ee995a1740c13e38606336b6202ec4325e2aa9118ec6852dbc8d991ecd5
w001082	25010000	25014999	25012499.5	ML_trees/20010000-20015000.fa.contree	55		6e8cc52a96bfe5e3857deed8ac3326e20e5c2a5ed33582be19fce2b74d9ba8d7
w001083	25015000	25019999	25017499.5	ML_trees/20015000-20020000.fa.contree	55		b47fa7a90cdaf393a53e4b375b7104ed3cb0a7f795b3c4dfc55f29bd9c6cf1ca
w001084	25020000	25024999	25022499.5	ML_trees/20020000-20025000.fa.contree	55		7f9a30da23ef84b9a0aff9d45537b9235cf8bd46f1109fa66061eb4187bc0ff9
w001085	25025000	25029999	25027499.5	ML_trees/20025000-20030000.fa.contree	55		7277e3a6202df0d722cae71c04aa73cf4506d0bb3e87141c0d60bc11ea2a78c0
w001086	25030000	25034999	25032499.5	ML_trees/20030000-20035000.fa.contree	55		efe711af8af74a91d62721dd0d55aab0d87ce01bd19d68c06671d535973d07a6
w001087	25035000	25039999	25037499.5	ML_trees/20035000-20040000.fa.contree	55		73cbbd3884467e60bcc1a99908f6634a1d9658f5221dce98be85385818b1a21a
w001088	25040000	25044999	25042499.5	ML_trees/20040000-20045000.fa.contree	55		5f363ce5eda885234914fadffcab61d58dc519b7b06e1e217ee4e7363dc8a33a
w001089	25045000	25049999	25047499.5	ML_trees/20045000-20050000.fa.contree	55		01c1e60c7084ee2b6e28353f23a71f749ccd12db8ef2fada06de408c6ddd70a3
w001090	25050000	25054999	25052499.5	ML_trees/20050000-20055000.fa.contree	55		830600036bd62eb17eb8b23a2f45783406e623113bd4ff9c2a57b25d8a136ec3
w001091	25055000	25059999	25057499.5	ML_trees/20055000-20060000.fa.contree	55		67471fda060cbfc15b81a9396480e93ba6dd1df64d72145b42d4090f0dd9be8e
w001092	25060000	25064999	25062499.5	ML_trees/20060000-20065000.fa.contree	55		922c66b6abb75859c09db85ff866c0ff8341b29aa2ca0863904b7757990328d3
w001093	25065000	25069999	25067499.5	ML_trees/20065000-20070000.fa.contree	55		6e4e08163cd2b8056210c8e8474c2106f13314c853e3733877c083021e254d75
w001094	25070000	25074999	25072499.5	ML_trees/20070000-20075000.fa.contree	55		4f607a98cd1083b633de3bae07b53d022df09519ea54ebb1e3e4c9826e4b939e
w001095	25075000	25079999	25077499.5	ML_trees/20075000-20080000.fa.contree	55		0cdf6c9c3c38ffcb242bf2e4e8114f6a1eb2ba03ee147219224870d0a16f3aea
w001096	25080000	25084999	25082499.5	ML_trees/20080000-20085000.fa.contree	55		66406d8f5947958cacd683cc0599cd0d9d676e56f8c274fed1bbf9a4d788d19a
w001097	25085000	25089999	25087499.5	ML_trees/20085000-20090000.fa.contree	55		ea9ece10a0e0b3081025f51858001a8d6b7c7a3672fa53cf027c18eb364a8995
w001098	25090000	25094999	25092499.5	ML_trees/20090000-20095000.fa.contree	55		ad9e3bf82e9af5c6e5ad7ff1c1fac9db93852de6b91d16597987f0fdf020d34f
w001099	25095000	25099999	25097499.5	ML_trees/20095000-20100000.fa.contree	55		30b424889cfd686bbcb0773cf9c169dc8deb9f864f3d1d488d13ceefb23c6350
w001100	25100000	25104999	25102499.5	ML_trees/20100000-20105000.fa.contree	55		788426a602c3519fa00a3707fcb0c5909d36a43a63fdcf48cc762cb6f2ba662f
w001101	25105000	25109999	25107499.5	ML_trees/20105000-20110000.fa.contree	55		1d222e169a9e83f154b313e862c18397389d2a83518251115a6a4dbded59ef0a
w001102	25110000	25114999	25112499.5	ML_trees/20110000-20115000.fa.contree	55		378075b0fec201a1aabbfb9d94a082d9879b3e1b6908bd8e44c39b758fffe995
w001103	25115000	25119999	25117499.5	ML_trees/20115000-20120000.fa.contree	55		9cb5ad0588647598d41bd2d28d060edb4e636cadce872ca6be5f041df2f97815
w001104	25120000	25124999	25122499.5	ML_trees/20120000-20125000.fa.contree	55		0f48f34f0d6b6686247cbe8a8aa63f59c0a55e2031817170a5b2bee6f93e4d17
w001105	25125000	25129999	25127499.5	ML_trees/20125000-20130000.fa.contree	55		64d61fecb7f65d8b366b71633013a6928194ce68db8af80b22a015459b3115eb
w001106	25130000	25134999	25132499.5	ML_trees/20130000-20135000.fa.contree	55		b243f5ec14bbab7b060bd312aaa1b394fbf70e0419ff26950f79d5f2eec3a95d
w001107	25135000	25139999	25137499.5	ML_trees/20135000-20140000.fa.contree	55		1d135432c8e4397a52f12fd5a912d9fd37b13b50e8733909230a1d5e4a3a3e9f
w001108	25140000	25144999	25142499.5	ML_trees/20140000-20145000.fa.contree	55		a97c23fa9b8ad4df6b6d4081707381e4e38937d46240cbd79cd1faae0b7b9a40
w001109	25145000	25149999	25147499.5	ML_trees/20145000-20150000.fa.contree	55		cb35ad1372af0c1785bf742049af00ce907d42ef44d55c0baad059b643df918d
w001110	25150000	25154999	25152499.5	ML_trees/20150000-20155000.fa.contree	55		b9d4b580d2a61ff275511790952cb0b073bfdd1c72d1b6945763223f65c38243
w001111	25155000	25159999	25157499.5	ML_trees/20155000-20160000.fa.contree	55		d52f49f3c548828cf5fd60cd8863dfb0ac4d18fdd0b0b96e7e598b61c212d5ea
w001112	25160000	25164999	25162499.5	ML_trees/20160000-20165000.fa.contree	55		dd4aae87219b0f5afd8ead09ef26310328db30beca1e6c66fdd98e30d9347391
w001113	25165000	25169999	25167499.5	ML_trees/20165000-20170000.fa.contree	55		078c29ccb4c16dcbfbe4ff7594fcbf256c8a10487e6e2cbe36d7da256e04fd51
w001114	25170000	25174999	25172499.5	ML_trees/20170000-20175000.fa.contree	55		2ffeb2e24ff8f42e39a84237dd2213522a7eb17c79ce6c2f19ae9a523b65c4b1
w001115	25175000	25179999	25177499.5	ML_trees/20175000-20180000.fa.contree	55		3b8ace6f764c6948cfbe56be3cea023e3b8aa0e31948da5f42b60294cfa83e43
w001116	25180000	25184999	25182499.5	ML_trees/20180000-20185000.fa.contree	55		bab3dbc5f54b4580ecac79397e1917dc0ec925da43583d1a4077fdda5b48372d
w001117	25185000	25189999	25187499.5	ML_trees/20185000-20190000.fa.contree	55		0a7536e4a16656bd37fafef8af6e9cdabc677eb54a73c6a77fb0d5d2636a32c0
w001118	25190000	25194999	25192499.5	ML_trees/20190000-20195000.fa.contree	55		b3ed47d72ff8fda8d1e59cea003ceabd7abb83c3c13748629c665e1127323db3
w001119	25195000	25199999	25197499.5	ML_trees/20195000-20200000.fa.contree	55		52509ef056e5518f8417b912e50cddf7c41366cfa4c7112928cadb4fc172c20c
w001120	25200000	25204999	25202499.5	ML_trees/20200000-20205000.fa.contree	55		886539c85e5953eee4f9bae948f38c6d6bf1624741a5fc84ffda9834605a6f99
w001121	25205000	25209999	25207499.5	ML_trees/20205000-20210000.fa.contree	55		d34767f7ea6ed0c0a543f3fbde76ff7c98e73dd95c08c811804629aaa1e42a0d
w001122	25210000	25214999	25212499.5	ML_trees/20210000-20215000.fa.contree	55		ef477636cd13f795359e4125223fc41f71b3e01bc7cf8c834f993c7526b8d56a
w001123	25215000	25219999	25217499.5	ML_trees/20215000-20220000.fa.contree	55		d5987b99bd2eb893e5b31ef5b7ca2d9f3fdd18a8ef4e755e30e161703603bfca
w001124	25220000	25224999	25222499.5	ML_trees/20220000-20225000.fa.contree	55		655356671e989f1c9fd817d7ce08e963473618a3aa62a911d04dbeda97aef77a
w001125	25230000	25234999	25232499.5	ML_trees/20230000-20235000.fa.contree	55		73a2298c3f55b223842cdbff8ebf32e4375b8b23fb1e7b70dcd9588399edb21f
w001126	25235000	25239999	25237499.5	ML_trees/20235000-20240000.fa.contree	55		4b15d7ea35e2e55f32627bf65c813f13f60f75090048d1ee0dbfc17459d5a8d1
w001127	25240000	25244999	25242499.5	ML_trees/20240000-20245000.fa.contree	55		0adaed7d9835d1eff6f083e319aca4acec6117d9071f47482bef9de2deab1112
w001128	25245000	25249999	25247499.5	ML_trees/20245000-20250000.fa.contree	55		41780eda24bb28834eb8425074e87bf5dbc289263a3622adc2b922b357c5b00b
w001129	25250000	25254999	25252499.5	ML_trees/20250000-20255000.fa.contree	55		141ee5f607f16997d1a9595d394154ec492ca91dcb79fd6aab49f5bf9cf69cc5
w001130	25255000	25259999	25257499.5	ML_trees/20255000-20260000.fa.contree	55		331eba093d91f7b8168f1be86ce960c68ca0283289e67f651febfc423e96f9e4
w001131	25260000	25264999	25262499.5	ML_trees/20260000-20265000.fa.contree	55		d0c1f651a3fc8a3de495f6a5cc0e5128296f368659668664a039f8f6fabf920a
w001132	25265000	25269999	25267499.5	ML_trees/20265000-20270000.fa.contree	55		94988de5b8f9ea2a1c22e7ba4b5997eb3c69dcb21d5706f1b0c34b515fc08217
w001133	25270000	25274999	25272499.5	ML_trees/20270000-20275000.fa.contree	55		017d66d7d8c6a26228e6ea928438767cd9a272a8e831939ac0b835d1be080537
w001134	25285000	25289999	25287499.5	ML_trees/20285000-20290000.fa.contree	55		76c8a9a5c5a0c02b6de45559f8dc456b64936b3bfd4c48a3ad6f30e9bd5a9a05
w001135	25290000	25294999	25292499.5	ML_trees/20290000-20295000.fa.contree	55		b422c0870f4284b3f050b98ca7dd6e671548a2681dcaefc23e6e725030498f0f
w001136	25295000	25299999	25297499.5	ML_trees/20295000-20300000.fa.contree	55		3ba67329e11590caa4b7c3924b463c8fd7ef808b8ac969b0f1a675678a75546f
w001137	25300000	25304999	25302499.5	ML_trees/20300000-20305000.fa.contree	55		96819b6e863b7b584d2f3b0addcbe0529c432376e2a6e8857883161d8460c0aa
w001138	25305000	25309999	25307499.5	ML_trees/20305000-20310000.fa.contree	55		36ba45033b4219881cb8415bc63d69ad17081199b6838ef055e1986f54c03454
w001139	25310000	25314999	25312499.5	ML_trees/20310000-20315000.fa.contree	55		09c21c2daf8b9532f136df15a7ad5f39995cfff9aa855d3cd7c9b588026c76d4
w001140	25315000	25319999	25317499.5	ML_trees/20315000-20320000.fa.contree	55		3de1f8c1f44734f148aef090b0bf5c34d4af03c8439c953021035baf442fe643
w001141	25320000	25324999	25322499.5	ML_trees/20320000-20325000.fa.contree	55		d5f712ebbc1b49ead5c995d328d6f233c8b9de89780033fa28b85a87c909d5d4
w001142	25325000	25329999	25327499.5	ML_trees/20325000-20330000.fa.contree	55		f5396f2bfaee160a710f1e33df7c80ad6e6f82f6c9e4e7905c15702a39dd9720
w001143	25330000	25334999	25332499.5	ML_trees/20330000-20335000.fa.contree	55		197ff87fa03cc654ceda8e1f873c68c8ce86595d8f6db8408a7f5b265a5302ab
w001144	25335000	25339999	25337499.5	ML_trees/20335000-20340000.fa.contree	55		f353624673dca08293795d9b6e8417aee071436269052b09fa707953ca70f75c
w001145	25340000	25344999	25342499.5	ML_trees/20340000-20345000.fa.contree	55		5b781fd7bb7b62750718423ef1e0aae83c5190faaa65451ae8bab9d1dae29fa3
w001146	25345000	25349999	25347499.5	ML_trees/20345000-20350000.fa.contree	55		893c8561a5edb0c42ce345c445a2e14841a988f76c66993ab6a61bd41c339df3
w001147	25350000	25354999	25352499.5	ML_trees/20350000-20355000.fa.contree	55		c33c05f7ff22a6cdd741b115397e8b2aebf4e3762e9e42e64a4dfc1415ef4ab4
w001148	25355000	25359999	25357499.5	ML_trees/20355000-20360000.fa.contree	55		25200440f3d3fd134cbd86359ebe553688018883fbcb26440c4e2507614935f1
w001149	25360000	25364999	25362499.5	ML_trees/20360000-20365000.fa.contree	55		a076e508ef53ea5f661fa042ca43d217abd5860321f6986070ceecca96339f3e
w001150	25365000	25369999	25367499.5	ML_trees/20365000-20370000.fa.contree	55		82e1a4f86827ba749d7825ffebe1321d50268216602e1aaf53dd80a6da238de1
w001151	25370000	25374999	25372499.5	ML_trees/20370000-20375000.fa.contree	55		b9f7b09167a65eb4f530e900916ce6bb9a021cac13504795d9731c5ca7308dd0
w001152	25375000	25379999	25377499.5	ML_trees/20375000-20380000.fa.contree	55		34ca60c07e07b94be62cea7dc0b3aa808e4a767c4eb6824a50314ca29e2cca36
w001153	25380000	25384999	25382499.5	ML_trees/20380000-20385000.fa.contree	55		57a035a4599501cf8a878ffbeae3e8071f106fe3b7c0ff1f2a59b0e265243164
w001154	25385000	25389999	25387499.5	ML_trees/20385000-20390000.fa.contree	55		06c34931e81119084ae51d1aa13488660a2f2897b176484ed1140d7b19cd7c70
w001155	25390000	25394999	25392499.5	ML_trees/20390000-20395000.fa.contree	55		9f39f4764c83da82b982a3262c7f255dafc9e28b0437568aaf9cc9c8ec193044
w001156	25395000	25399999	25397499.5	ML_trees/20395000-20400000.fa.contree	55		94041ae17c1436092a967afcd40f03b047cf101e5101f6cb712af862e0e79252
w001157	25400000	25404999	25402499.5	ML_trees/20400000-20405000.fa.contree	55		0434a80b19d2d364c36963a1ee4caa80816107b5da956a99ce782f236b603100
w001158	25405000	25409999	25407499.5	ML_trees/20405000-20410000.fa.contree	55		2ac5241cd05fbc39fe7270fa62a55bd1f934b27d628b4bdaab2208e81fe2671a
w001159	25410000	25414999	25412499.5	ML_trees/20410000-20415000.fa.contree	55		5b55430b6eb39ea69bb0b1e29f538150379c7ecb32815427c4395773c1258feb
w001160	25415000	25419999	25417499.5	ML_trees/20415000-20420000.fa.contree	55		ccb9547d819f3db00f3dced818d774573960acda2546288ff78b6a147c6e2d95
w001161	25420000	25424999	25422499.5	ML_trees/20420000-20425000.fa.contree	55		cdaae0678322c2191ae1125ffa82d138eeccdec10fc081045034672aff4495b9
w001162	25425000	25429999	25427499.5	ML_trees/20425000-20430000.fa.contree	55		d9969456bb3e48092fd055a2001ef61844b866b5f69d2158b7ef75fbb49aece9
w001163	25430000	25434999	25432499.5	ML_trees/20430000-20435000.fa.contree	55		8b1781aac97aa80fc2d3ea5170ba7cf3248123fea0ea84945dc9557e32797a85
w001164	25435000	25439999	25437499.5	ML_trees/20435000-20440000.fa.contree	55		642993fed0af34d26daf11c95a31bea28100afe9a28b9b5b01cfe7085e26552a
w001165	25440000	25444999	25442499.5	ML_trees/20440000-20445000.fa.contree	55		f91a772cf966ac3661ee91c43d9fbad2d921be940028b34871657144d6fb47f4
w001166	25445000	25449999	25447499.5	ML_trees/20445000-20450000.fa.contree	55		69ca0d196a715ea3353f858ba0e42d0e9a75dc489a70c6d17a07793305aacfd8
w001167	25450000	25454999	25452499.5	ML_trees/20450000-20455000.fa.contree	55		494e5916fa282ef355065b1e610e4e3aacb9b7f3c7a2b9f3d2e4af8ddbfd600a
w001168	25455000	25459999	25457499.5	ML_trees/20455000-20460000.fa.contree	55		8170d1a24b9b8a03f6fbe82cb4843983b0b9bd616a3aab6c20b76daaf9386f76
w001169	25460000	25464999	25462499.5	ML_trees/20460000-20465000.fa.contree	55		269210c2da688df9918f7dc33c0c3f99a11487b4eff3f2dbb9414ba1548aa55f
w001170	25465000	25469999	25467499.5	ML_trees/20465000-20470000.fa.contree	55		d1049c96dd62bc87d7482932c6baa812e7df5a5fa746be7c9fa465656eb87a34
w001171	25470000	25474999	25472499.5	ML_trees/20470000-20475000.fa.contree	55		76823112a3be9ad71d60bd479b00284367a296991e38e496f470a5c01cfdd2d5
w001172	25475000	25479999	25477499.5	ML_trees/20475000-20480000.fa.contree	55		1594dea14d344463f51a88326c26cf2e046871067efee2c685a18ade45a98129
w001173	25480000	25484999	25482499.5	ML_trees/20480000-20485000.fa.contree	55		7412058831792b433f72a1483e104568a32e605d24fdec8df6da41efa24ace06
w001174	25485000	25489999	25487499.5	ML_trees/20485000-20490000.fa.contree	55		502c391ec2deb4f4b4a38a120eb20879e664ce4bc6df71349fe950759a9ec361
w001175	25490000	25494999	25492499.5	ML_trees/20490000-20495000.fa.contree	55		7599d733ff01975b533ed2e5559f15eee82aafbfabb8e8d0173b333d7b017b42
w001176	25495000	25499999	25497499.5	ML_trees/20495000-20500000.fa.contree	55		46f32cd3bd80cae81fae9efebdcf8c1f61a6c0e9cf288625f5bfe89f574114e6
w001178	25500000	25504999	25502499.5	ML_trees/20500000-20505000.fa.contree	55		5a635cd506fa88a5994b09abf65e4301a3f97adfd87879f6bfc47274607799a5
w001179	25505000	25509999	25507499.5	ML_trees/20505000-20510000.fa.contree	55		597f175fb4ff6685af4ef04a2a589bc5a8d559f9ea8cb6ac516f0606ef16bfaa
w001180	25510000	25514999	25512499.5	ML_trees/20510000-20515000.fa.contree	55		f114d742341e0a8fe488a6bf950f59e2be5db0866ccc45c0bfe2a1253000e347
w001181	25515000	25519999	25517499.5	ML_trees/20515000-20520000.fa.contree	55		2f96660e8d16f3e82429d1e913cf0a777596e9721b28bdfdd926dc28eb1e1002
w001182	25520000	25524999	25522499.5	ML_trees/20520000-20525000.fa.contree	55		c82d39436d41ab3c8dc88775cb4a1df2a781ed655abf2723560bc0cd166395ff
w001183	25525000	25529999	25527499.5	ML_trees/20525000-20530000.fa.contree	55		2c95d8d765eeb9fe5b901471fcb71d005d71420dd7f2490189d170a75312e850
w001184	25530000	25534999	25532499.5	ML_trees/20530000-20535000.fa.contree	55		6f56b51e7c741c001f684593edad206f5ef1969df09ea7947588f174bc372652
w001185	25535000	25539999	25537499.5	ML_trees/20535000-20540000.fa.contree	55		c02ce01bd4fd4c406d8185369a28cf0e452ff7d6b82c319df9d53be8d6abd65b
w001186	25540000	25544999	25542499.5	ML_trees/20540000-20545000.fa.contree	55		c3b720d918cca6bbe9b77fb30594d98449c6d1df6ee067d910d2e022cdf9f91f
w001187	25545000	25549999	25547499.5	ML_trees/20545000-20550000.fa.contree	55		ec71777bf8553b796160c39968c16400e07cbb0b664e6ab09a32f4c7f7db20b9
w001188	25550000	25554999	25552499.5	ML_trees/20550000-20555000.fa.contree	55		892a02b73cc7aaf14f9ff306fe492c91dfac16ed3f1cd3e0328185de6247db63
w001189	25555000	25559999	25557499.5	ML_trees/20555000-20560000.fa.contree	55		34dde065b3ea24e79f11b37473e629a6172a851243b4b33392cbc68288ee7210
w001190	25560000	25564999	25562499.5	ML_trees/20560000-20565000.fa.contree	55		a813ac6ef1d5a8c8c00a08a575604d0f74db6a3a678a6f466216c33edca4010e
w001191	25565000	25569999	25567499.5	ML_trees/20565000-20570000.fa.contree	55		6cf3597162b37abf383fcc64024b1a8d95a455d3ac3f5fa55e3a517529d6aec1
w001192	25570000	25574999	25572499.5	ML_trees/20570000-20575000.fa.contree	55		0caa7536614b630bc3868ea5a2208c2c526fdf17f9d4e5fb8f3c978fd2c93632
w001193	25575000	25579999	25577499.5	ML_trees/20575000-20580000.fa.contree	55		5dadc3c3c4d35580a1b5a04621454720066653fc97d9ca5792ae7ca18be62fbf
w001194	25580000	25584999	25582499.5	ML_trees/20580000-20585000.fa.contree	55		c8beb8162a62bb473c60c02aa4156e78b1bc33ecbb6986d55c157813b0f29692
w001195	25585000	25589999	25587499.5	ML_trees/20585000-20590000.fa.contree	55		86f3c14ee27b1dd113ff5e1828f390365080e62029e9cc7b979aacb2975e4fc7
w001196	25590000	25594999	25592499.5	ML_trees/20590000-20595000.fa.contree	55		0f930e5214891a8cefb9b44fb02f6350e523ed56746123d53ddd62c649afb800
w001197	25595000	25599999	25597499.5	ML_trees/20595000-20600000.fa.contree	55		3be228260a41b4112ff39d4061bb351ab3733f7b71581bd3e47d5b9165c28e41
w001198	25600000	25604999	25602499.5	ML_trees/20600000-20605000.fa.contree	55		df2d8e9213c588a9e4e6b84f9610f11356ba24cf95891d68f4cbdaed2ea51749
w001199	25605000	25609999	25607499.5	ML_trees/20605000-20610000.fa.contree	55		95bbcde854a512fdad728e9ed3b0024b445662ad768737e79475019b29fc491a
w001200	25610000	25614999	25612499.5	ML_trees/20610000-20615000.fa.contree	55		e1651a5fa397ec33ca66bb5f3a878eaa3d949924d399d4f553c6d7878fc5df5b
w001201	25615000	25619999	25617499.5	ML_trees/20615000-20620000.fa.contree	55		fe12452428d179d682336784399abf92291b3f90d375b564a2a5cfdefdc84a3c
w001202	25620000	25624999	25622499.5	ML_trees/20620000-20625000.fa.contree	55		cf6d190842a6864ae621da0d506719de24334b7546773fb817b99bde968cccc7
w001203	25625000	25629999	25627499.5	ML_trees/20625000-20630000.fa.contree	55		42295e61de60e8976cf0b550f3bdfc1426ebabe1c083e306f883d1e60a83c52a
w001204	25630000	25634999	25632499.5	ML_trees/20630000-20635000.fa.contree	55		ecc71a465c481397271b8462a33dcf06e93c58bb9aca11b7344cd83a86a307fe
w001205	25635000	25639999	25637499.5	ML_trees/20635000-20640000.fa.contree	55		7ddfd96c675a06d77c4a1677d325e71ced076dbb660d01da719ca61c8b0ba9eb
w001206	25640000	25644999	25642499.5	ML_trees/20640000-20645000.fa.contree	55		3f7c274a780942ddf3e59da9ab155a7b2d363e97e08c325dbf0c4df6e46b96f0
w001207	25645000	25649999	25647499.5	ML_trees/20645000-20650000.fa.contree	55		c56b2a86b76baef547da5de75fad5ebd5002cb683bcc6ce3a4d43e341a0b2a8c
w001208	25650000	25654999	25652499.5	ML_trees/20650000-20655000.fa.contree	55		597b0c98c9fa6a5b3eb1a3fa8d34f285c80ea47d794e6d214ce3e568f9677b7c
w001209	25660000	25664999	25662499.5	ML_trees/20660000-20665000.fa.contree	55		4ee0eafa72c75eda9a7bfeadb5c4470fa52a5203f67cbe5f5369a0cd9019f187
w001210	25665000	25669999	25667499.5	ML_trees/20665000-20670000.fa.contree	55		ea0e27ba458d93cae7f3fc7c90932f90b65b9e73ee5640b8cfd8d3dcd1a744c8
w001211	25670000	25674999	25672499.5	ML_trees/20670000-20675000.fa.contree	55		272a63b595dab053fbd7988d84bc3baf6c62ab6afe1e07629a39ca01f57acf98
w001212	25675000	25679999	25677499.5	ML_trees/20675000-20680000.fa.contree	55		cb2429d50a880491322b79edf44b7067f5e84378c52ffb02da917af29566bfb5
w001213	25680000	25684999	25682499.5	ML_trees/20680000-20685000.fa.contree	55		e555efa6274758f6a34db2b64814535ff4bbddcbd3248d85e4ea11c9f7f77a14
w001214	25685000	25689999	25687499.5	ML_trees/20685000-20690000.fa.contree	55		a071e7564b096af533f3a4d7b4dfbf9a3dd756cc29d2b20916b575429623874d
w001215	25690000	25694999	25692499.5	ML_trees/20690000-20695000.fa.contree	55		743d28041713b91b25b16c886a95dbd78ae766e97864990f734245cfb1ba0b62
w001216	25695000	25699999	25697499.5	ML_trees/20695000-20700000.fa.contree	55		6e47b6615e0044e8b72f03b162cc0e8b4285427957b37b9dc33421a2bda560e8
w001217	25700000	25704999	25702499.5	ML_trees/20700000-20705000.fa.contree	55		e4eac23434b9f2d3415c8477b7ff611bfbd34645abaf3052cc0fc26287812340
w001218	25705000	25709999	25707499.5	ML_trees/20705000-20710000.fa.contree	55		613d6245163b379fa74d4f1e673643e7aec104792779770635df012845677e4c
w001219	25710000	25714999	25712499.5	ML_trees/20710000-20715000.fa.contree	55		b55aefb11660fa9e38011bc027a2a921c4f6c33f18c8b804b45ee91fe93f080b
w001220	25715000	25719999	25717499.5	ML_trees/20715000-20720000.fa.contree	55		17e56686cc60bc1abe531866dde0fe851934a071d1f8dca982919aecfce150d2
w001221	25720000	25724999	25722499.5	ML_trees/20720000-20725000.fa.contree	55		cd3e67deac2f4fbc4be53ae475a4a44eac2c7671dfbf9f6c84073b947e5f710e
w001222	25725000	25729999	25727499.5	ML_trees/20725000-20730000.fa.contree	55		3fd960cbe80d103bc73ec17dd93c194b7d36686a2465ec7296942846aa1431bf
w001223	25730000	25734999	25732499.5	ML_trees/20730000-20735000.fa.contree	55		026fb5c9bfe32e4681c7c7913bf23d822c25508b2b53f9e4d8d0dbc4af039fac
w001224	25735000	25739999	25737499.5	ML_trees/20735000-20740000.fa.contree	55		1ca10586e60b1899aa710102c2cc6a95ed9c6bbe8bf37ecd162c0a43b9c2b33b
w001225	25740000	25744999	25742499.5	ML_trees/20740000-20745000.fa.contree	55		b3618a778ab1057cc0c0486d405e9012c86cf0a12df687a9132275a7489c8d85
w001226	25745000	25749999	25747499.5	ML_trees/20745000-20750000.fa.contree	55		56ad7d03df4d2f50e3039e2f2a6701c3fd281360a6a1fb4f712c65ab587f48b6
w001227	25750000	25754999	25752499.5	ML_trees/20750000-20755000.fa.contree	55		19e902980d0d6386b2300e27c92db6f312b7c6ddf08eebb0c6a1e41c68830fd0
w001228	25755000	25759999	25757499.5	ML_trees/20755000-20760000.fa.contree	55		e8c94a33ea3cf506da94d4f462e37c5f7c98df3daccd1c1e3c3fca8b72719de4
w001229	25760000	25764999	25762499.5	ML_trees/20760000-20765000.fa.contree	55		9643cb9a63986b23353e1abf2c34699bd1f528f2a8a0b58baf98f371aecf414c
w001230	25765000	25769999	25767499.5	ML_trees/20765000-20770000.fa.contree	55		b7e37d10ec50fd27de0bd2b242de60b4bf43adf53970e784801a06bf68ee95ba
w001231	25770000	25774999	25772499.5	ML_trees/20770000-20775000.fa.contree	55		3974a493df3a9150f154864be7d56038ad8a068e09bd16dd46789fbb5e999f35
w001232	25775000	25779999	25777499.5	ML_trees/20775000-20780000.fa.contree	55		58fc616150d999851dbcda699a5ccfa7fc3ebd555d59e0fb3961aaba8e1a38e2
w001233	25780000	25784999	25782499.5	ML_trees/20780000-20785000.fa.contree	55		9a8fbc8f11f2ccc5386795bd4907fdb5140420b3df6821397e5a2d6a9dc0cbe4
w001234	25785000	25789999	25787499.5	ML_trees/20785000-20790000.fa.contree	55		76cd2309e60dbb446a7cb60ca3f52631fc736aed7db133ca909e59064ee3415e
w001235	25790000	25794999	25792499.5	ML_trees/20790000-20795000.fa.contree	55		a2ee57a5552be900abb1a898527b1ad8015f905feb7755843ce84d54733191a2
w001236	25795000	25799999	25797499.5	ML_trees/20795000-20800000.fa.contree	55		11f1e47a07fb0d50ee251741f611774134ea761c0f384ae53b3f4f2e79a4fef9
w001237	25800000	25804999	25802499.5	ML_trees/20800000-20805000.fa.contree	55		bb39455a674ab643c432ef22ab7ccfccb86abeb4070841c3f7f5c1395c22255a
w001238	25805000	25809999	25807499.5	ML_trees/20805000-20810000.fa.contree	55		1a4ecd338c6c5678d83c113b3a907ecf5f7fb7c7664acc64ef96d03dae81d429
w001239	25810000	25814999	25812499.5	ML_trees/20810000-20815000.fa.contree	55		5bed5dd218cdf5df13ff1558a47edc606acb4978db2a2b31fb5f694f3613ed95
w001240	25815000	25819999	25817499.5	ML_trees/20815000-20820000.fa.contree	55		b17543b517abe89725a08bd283ae9dae873be3a28a12ffb5b3f10cc9abddfee4
w001241	25820000	25824999	25822499.5	ML_trees/20820000-20825000.fa.contree	55		54c353f68235a4ce6462424a98fa2119bb777aaa05308665f27777048b9bab58
w001242	25860000	25864999	25862499.5	ML_trees/20860000-20865000.fa.contree	55		60d3bdad03e016cfe3501e1937c5ec1c6ec81ca30812cfcf97d5c0c2517a32f5
w001243	25865000	25869999	25867499.5	ML_trees/20865000-20870000.fa.contree	55		efb234688ef507cf5037cd0c90ee7a0e8cf5bdcc056aa46ec111d684e3403028
w001244	25870000	25874999	25872499.5	ML_trees/20870000-20875000.fa.contree	55		a583be81fe38ec4a4893487daccb6236b2a4c0b42b5a7dd28544a7f891d9f2dc
w001245	25875000	25879999	25877499.5	ML_trees/20875000-20880000.fa.contree	55		1baf5e34c3b907202331c2dfc658aaecd5e607935aa86147cf52ac6bb0a14817
w001246	25880000	25884999	25882499.5	ML_trees/20880000-20885000.fa.contree	55		97fcf0d5f73d447c7c48cb65e28851d90db52c673efcb3b4433e7f787b3ad0b2
w001247	25885000	25889999	25887499.5	ML_trees/20885000-20890000.fa.contree	55		5149c49a3bb9485910501f11ce174d83ec65b3b128b299f6825ae2d811b2a436
w001248	25890000	25894999	25892499.5	ML_trees/20890000-20895000.fa.contree	55		e2ab1ceaa3de994306c8ff90d212e713c77731265a589e165fe0ff9ee82b164c
w001249	25895000	25899999	25897499.5	ML_trees/20895000-20900000.fa.contree	55		cf8496d0bb22c5279319abf691233c6c943093b6deedf25eafeb4ae7a8c2cadb
w001250	25900000	25904999	25902499.5	ML_trees/20900000-20905000.fa.contree	55		c7d4ba126c327fa79e8833bf9da8ce83a73abc3e4d8a0aad63bef247cd3d8391
w001251	25905000	25909999	25907499.5	ML_trees/20905000-20910000.fa.contree	55		afeec6d4382fef450d2f4ed46659c6627f1a392487820e8d225460a07706c905
w001252	25910000	25914999	25912499.5	ML_trees/20910000-20915000.fa.contree	55		21e870475e5ed13c04cade432e0014a93fba22163cc62d799c44ca21fb8ea094
w001253	25915000	25919999	25917499.5	ML_trees/20915000-20920000.fa.contree	55		3b5146ab7a399245e943f1511513c96d4f4c7d6b24957f4243cfafb93b6b7fcc
w001254	25920000	25924999	25922499.5	ML_trees/20920000-20925000.fa.contree	55		2b5742351e0a0b5ab214b409b90ab03a9d59b79ad510e57c21edd99ac9ea943c
w001255	25925000	25929999	25927499.5	ML_trees/20925000-20930000.fa.contree	55		b719653f1d3a343288002289cd671f4eb92e8a4f1d8d5a408a038f8d31df7eca
w001256	25930000	25934999	25932499.5	ML_trees/20930000-20935000.fa.contree	55		249430bda95f62aa5c0f8299ff5fafe619a0b887539b4aa7ae15f0431e0a6009
w001257	25935000	25939999	25937499.5	ML_trees/20935000-20940000.fa.contree	55		19b0ba2844b0ea986751ba790abc4f963c987fbd2717e0ce69748cbc5cd3a350
w001258	25940000	25944999	25942499.5	ML_trees/20940000-20945000.fa.contree	55		e0ea122f86ea3fc8a3251519da12d765a488aca3bb754af382337532dc66d92d
w001259	25945000	25949999	25947499.5	ML_trees/20945000-20950000.fa.contree	55		7787ec0de2fda3a7d1b72493a5eff6f95d19e40752e233f45358ee439c5f5ac6
w001260	25950000	25954999	25952499.5	ML_trees/20950000-20955000.fa.contree	55		87b618c8c3425b18d13a301142e3402ca7f2e4986c2fe2eb54da0194f4310341
w001261	25955000	25959999	25957499.5	ML_trees/20955000-20960000.fa.contree	55		808b429ff240e06fb9ced0d35be4e5a4970aa624e36600ce89af0e6358f7e561
w001262	25960000	25964999	25962499.5	ML_trees/20960000-20965000.fa.contree	55		957739515a681ec6b52bcf1c49a62b5115867bf17ee88b6fd4ed8224b84e75d8
w001263	25965000	25969999	25967499.5	ML_trees/20965000-20970000.fa.contree	55		d96b85232d2a0241825553fdf7afb50364b3f216b580b4950842c4754d3ac5c0
w001264	25970000	25974999	25972499.5	ML_trees/20970000-20975000.fa.contree	55		62bc7f3a1a86b271d9796460c80273b9245537ecd2407c3c648f8d4d1e71b654
w001265	25975000	25979999	25977499.5	ML_trees/20975000-20980000.fa.contree	55		4d892728efbb6575b409971ed4f050d315a732c2048d7642fbf890ee17641a40
w001266	25980000	25984999	25982499.5	ML_trees/20980000-20985000.fa.contree	55		e0574790c4a8e45f1d15692607e44bbd337c4b2af9f9f0061756df755324f199
w001267	25985000	25989999	25987499.5	ML_trees/20985000-20990000.fa.contree	55		9f3283f97792758a8b6b9b5f708a80690e317098347d4609c72d539c4fbdd930
w001268	25990000	25994999	25992499.5	ML_trees/20990000-20995000.fa.contree	55		6e9b2bb72a52cdd4c53aebc7103fb305ec2b7992724399d520b95e1fa4a82b55
w001269	25995000	25999999	25997499.5	ML_trees/20995000-21000000.fa.contree	55		b69840727e73aa1fa7a11f711841b9c32f6538344cd8011a7503a357c395b0b5
w001271	26000000	26004999	26002499.5	ML_trees/21000000-21005000.fa.contree	55		c0c2fc01778208b8e75a73b9f003ffef9b775fc7169ae10d45ef007f7884f46c
w001272	26005000	26009999	26007499.5	ML_trees/21005000-21010000.fa.contree	55		82b65aebf6928bd7949f6319d33c021833275c1645149767caeb045ef41fdf9a
w001273	26010000	26014999	26012499.5	ML_trees/21010000-21015000.fa.contree	55		ef898ac6a5342b6aea83893b2881bb74269a3392ab34a30539cbed26288fdc79
w001274	26015000	26019999	26017499.5	ML_trees/21015000-21020000.fa.contree	55		eb3c5c895ea883a51366e93ef1b3236b4acd214918670327e1d948d8a548b581
w001275	26020000	26024999	26022499.5	ML_trees/21020000-21025000.fa.contree	55		e50a4cb02a989005e452210952f296035eff8815b936a3f805fb733b981d9931
w001276	26025000	26029999	26027499.5	ML_trees/21025000-21030000.fa.contree	55		7ab1457aeabd9d7906529e9a31c58b933a6b58bf0d0e07d644bd00a9301b36ac
w001277	26030000	26034999	26032499.5	ML_trees/21030000-21035000.fa.contree	55		c01632466a09ebc1e83138749085eec799c03fe13e3444b4343ab318179e8e8c
w001278	26035000	26039999	26037499.5	ML_trees/21035000-21040000.fa.contree	55		36b81ab4738afaa1d1c7b38657f8d04caa8adba4f63f9405e304049e19b075e5
w001279	26040000	26044999	26042499.5	ML_trees/21040000-21045000.fa.contree	55		af9e4b6edf7d9799b9fb760b0c0f79fb9672f0098a62da020e97fab880aece21
w001280	26045000	26049999	26047499.5	ML_trees/21045000-21050000.fa.contree	55		82e28cbf9e76435ba11e08f914bbf16c0767d318a1e8d0d0bbfdda8680d64ff4
w001281	26050000	26054999	26052499.5	ML_trees/21050000-21055000.fa.contree	55		c0895cc8f1d7a66788edfd17ba42af15b7bf1f4e1118261e56c541f44c14e426
w001282	26055000	26059999	26057499.5	ML_trees/21055000-21060000.fa.contree	55		3fe49c7ddcb2210280ebbc33f61d4091eb38aea6cc4042f7b6898f8d8f07920c
w001283	26060000	26064999	26062499.5	ML_trees/21060000-21065000.fa.contree	55		e60bcb871219de35a2dbfa40357183ffc7a3738d365aad3e667894b3f3418143
w001284	26065000	26069999	26067499.5	ML_trees/21065000-21070000.fa.contree	55		c222669949a03dcd043923e476f12ab6b122e76e553cb4f7fd12c0d374d4bfbc
w001285	26070000	26074999	26072499.5	ML_trees/21070000-21075000.fa.contree	55		63c9ab52f22108c4aee99cf2ab338f9e7494eb85758404266c49a11cd0a4343a
w001286	26075000	26079999	26077499.5	ML_trees/21075000-21080000.fa.contree	55		fec984dd55a8944ef53670f87909af8b124091b7b22415bd7328c0d47ec1185a
w001287	26080000	26084999	26082499.5	ML_trees/21080000-21085000.fa.contree	55		d4f376c052c9e2554a79e2fea356498ff95c2b969b48ec241416de9eccd949c1
w001288	26115000	26119999	26117499.5	ML_trees/21115000-21120000.fa.contree	55		62df1d323ee59921d380f6d459b979133d20c94a1e0c47b5d198b025448c72c6
w001289	26120000	26124999	26122499.5	ML_trees/21120000-21125000.fa.contree	55		f5b0de9ee08be25535846073ca6be263e5a48a336765822726257c91e14c1ed1
w001290	26125000	26129999	26127499.5	ML_trees/21125000-21130000.fa.contree	55		217bb4b68976e8dc6426a830729af3e1858e4ae3b8de0d019dbf9780a79dad95
w001291	26130000	26134999	26132499.5	ML_trees/21130000-21135000.fa.contree	55		0b2d4d25899bf25fb4fcf356cc3bb7b4b507c52365768012e976e10a42307914
w001292	26135000	26139999	26137499.5	ML_trees/21135000-21140000.fa.contree	55		77827ea58a4b3d45ceaa37c1b67393001307b3f2cfd8198371c869e448510aa7
w001293	26140000	26144999	26142499.5	ML_trees/21140000-21145000.fa.contree	55		c2e497a98b73377a8ac15c8e8dc4592717d26e0baab99bf19516cf017f193137
w001294	26145000	26149999	26147499.5	ML_trees/21145000-21150000.fa.contree	55		5a5ac47cfdc6d1ed386da2f9818faf9b28e6898db38581d747234a5a764e3af8
w001295	26150000	26154999	26152499.5	ML_trees/21150000-21155000.fa.contree	55		ba10c909402bfd880fb4611d86619cb9462c3bf981ebfd56040de3fe046ad54d
w001296	26155000	26159999	26157499.5	ML_trees/21155000-21160000.fa.contree	55		1d413468f402b3204fe31fc09a6cd7146118319bff1944660da4ba49cdb7f8b6
w001297	26160000	26164999	26162499.5	ML_trees/21160000-21165000.fa.contree	55		4a4b672c3accd930c43d8167e341aa507c2251a5958e12e53d4a31abc6ae20a3
w001298	26165000	26169999	26167499.5	ML_trees/21165000-21170000.fa.contree	55		9b8527ea58876bd2cf39ea433149449238fbfd2eb697c665616e4436c5ef302a
w001299	26170000	26174999	26172499.5	ML_trees/21170000-21175000.fa.contree	55		12eac51f768c9e4feea51a54224a79e20d25ceaac9221847a608c636f2b40ae1
w001300	26175000	26179999	26177499.5	ML_trees/21175000-21180000.fa.contree	55		29f3709f9ef49ed13b7dfcda5a2fdd70c9723349aabaababafb35a7cd62f7668
w001301	26180000	26184999	26182499.5	ML_trees/21180000-21185000.fa.contree	55		b2e6eb505c69f7fc008321d0ce988e5a755b752de584144ce88ed8eb767284bc
w001302	26185000	26189999	26187499.5	ML_trees/21185000-21190000.fa.contree	55		5079918d70bef7a85e02f40b164ac24e0b7df5464981f05c859a91f8122da93e
w001303	26190000	26194999	26192499.5	ML_trees/21190000-21195000.fa.contree	55		81a0b84a766bcd9eaa4fa85f262f6b5d9017b222c63e6277cafc3308c766ab32
w001304	26195000	26199999	26197499.5	ML_trees/21195000-21200000.fa.contree	55		fd9cb60c56ba1661f585b84e7a25354a77474da455f46ac0a04bbf7624ce97e6
w001305	26200000	26204999	26202499.5	ML_trees/21200000-21205000.fa.contree	55		8fa921bfa17512d2e8f19e2362dedb8320530ee73142bbeaf33b16e472ed8832
w001306	26205000	26209999	26207499.5	ML_trees/21205000-21210000.fa.contree	55		4ba88b1bbfe7e36b0d5a5d34a24781b4b12b0f11dc735fff01e7dbbf0da8ad26
w001307	26210000	26214999	26212499.5	ML_trees/21210000-21215000.fa.contree	55		b02cf7f8c20d76d9f974923189c900625814cbb742bbcdc175def266288f4f51
w001308	26215000	26219999	26217499.5	ML_trees/21215000-21220000.fa.contree	55		067e63d84070e01689f24fb7dcc7755a0fcfa065f0bdd8179db05507b3a6fd0f
w001309	26220000	26224999	26222499.5	ML_trees/21220000-21225000.fa.contree	55		5ca2b34b1bea74ffbaad06dddf443e48e1dc02e44002a66923b33b2c6914c48e
w001310	26225000	26229999	26227499.5	ML_trees/21225000-21230000.fa.contree	55		7e8b80b4490825af84f0dbfc3d57ff13736d15c8d4b56fddfe1b36401958ea37
w001311	26230000	26234999	26232499.5	ML_trees/21230000-21235000.fa.contree	55		02ed1fcd06c0abce9c782afe411ea330e7539cfb6a6f86f1286839827d14f9e4
w001312	26235000	26239999	26237499.5	ML_trees/21235000-21240000.fa.contree	55		604c42362500b5e778c4d1a282e446548afb9edc5e0a5e77e74b66adc1691466
w001313	26240000	26244999	26242499.5	ML_trees/21240000-21245000.fa.contree	55		652e2165b9b3c655707fd755beda6376f324efca9a87e9da57c7d0beb4e9be57
w001314	26245000	26249999	26247499.5	ML_trees/21245000-21250000.fa.contree	55		c786b3b7a2a02fa6516092680d004f406f244ceb38bd8170071e377625ad57a7
w001315	26250000	26254999	26252499.5	ML_trees/21250000-21255000.fa.contree	55		aeec44fe10ada20bc4d425d9143880ad7e512efda1be0feb758d030b1a86f918
w001316	26255000	26259999	26257499.5	ML_trees/21255000-21260000.fa.contree	55		d4f0d25f696e0f6f0354512f5f1f1c4ec229df885d83adcb035bb0437f1fc152
w001317	26260000	26264999	26262499.5	ML_trees/21260000-21265000.fa.contree	55		d5dbf95b8aa0145c2b8a16a27a04a7d77ee76da49bd10a61feb15bd0dbcbc04f
w001318	26265000	26269999	26267499.5	ML_trees/21265000-21270000.fa.contree	55		fa90ca2514cc664c86d90cf59597b1cd0d318246be270faf2f9f11065137bf32
w001319	26270000	26274999	26272499.5	ML_trees/21270000-21275000.fa.contree	55		c1be54525a47514a75afff55a3b944913996a67e1b9f8f971c5e4fb4780fcf4e
w001320	26275000	26279999	26277499.5	ML_trees/21275000-21280000.fa.contree	55		fd6baee495f2b8e061701d8c5310162060bc3d0009b7a33c300f2d68575df016
w001321	26280000	26284999	26282499.5	ML_trees/21280000-21285000.fa.contree	55		9b33a534bd316f222b1127b21b35b5df8a4efcb71d38bd48b6923ee34c80d3ae
w001322	26285000	26289999	26287499.5	ML_trees/21285000-21290000.fa.contree	55		c04d0693803dfc0ac15afc97d905df1aa2bd44de88ba3509dca8fb8eeb2ab9d5
w001323	26335000	26339999	26337499.5	ML_trees/21335000-21340000.fa.contree	55		c066a10dc89cd9610d2ca717fddf563333c92c5444e7f2e3646e1ce901957716
w001324	26340000	26344999	26342499.5	ML_trees/21340000-21345000.fa.contree	55		83db0dad1ea5c441b1c8d09034ab5d8ad8e679d63f2090ed5da5b7dbee9dbdd7
w001325	26345000	26349999	26347499.5	ML_trees/21345000-21350000.fa.contree	55		5f2e2c58eceb4e152bd21a1f26ed5a3849fb9e503cc3daa876d681d3fa7623cc
w001326	26350000	26354999	26352499.5	ML_trees/21350000-21355000.fa.contree	55		1ea9d9cfa96043c30671d2365fb42d527299c281a280bc9eeff5a2ba54ab3302
w001327	26355000	26359999	26357499.5	ML_trees/21355000-21360000.fa.contree	55		9ad56d1d01e37e1285575c874a58b43363e4f891b65d48f24055b507c9d4a57e
w001328	26360000	26364999	26362499.5	ML_trees/21360000-21365000.fa.contree	55		5b252929fca605e2cfa46d1860dac5a72d804668a3838b8876539861b6e89411
w001329	26365000	26369999	26367499.5	ML_trees/21365000-21370000.fa.contree	55		9c67deefb6055223243989fb8f3c44bc97f8adfe1a8ac341a2431183d1662a8d
w001330	26370000	26374999	26372499.5	ML_trees/21370000-21375000.fa.contree	55		164cd51c220b149e41a9f7557c18fbfb10be2a54fa0e31011644e1bc8d987360
w001331	26375000	26379999	26377499.5	ML_trees/21375000-21380000.fa.contree	55		0826fed9ac34b845f4507d59da046ddf26a3c983b41ab6b74bb212d265c068b1
w001332	26380000	26384999	26382499.5	ML_trees/21380000-21385000.fa.contree	55		6c27959e07b611e1778f72ab6e480c33025d4c249438d2a325d9f43429cde9ab
w001333	26385000	26389999	26387499.5	ML_trees/21385000-21390000.fa.contree	55		0052ada73bc1633d8f42df80cb203f29fd6ea2f754048bc982a921e1e47c85d7
w001334	26390000	26394999	26392499.5	ML_trees/21390000-21395000.fa.contree	55		21f66f822cac524e001829423773e37ece5e6c1621f6f8372d49894297855609
w001335	26395000	26399999	26397499.5	ML_trees/21395000-21400000.fa.contree	55		0f7c683ee15cc39bc1c0474516062b89dacbf5486bd2293ebd3a5a9ecbf9858d
w001336	26410000	26414999	26412499.5	ML_trees/21410000-21415000.fa.contree	55		d54f163b5f597d6e79e7910321a004f7da5b51ab1c35633e372c803c2eff21c8
w001337	26415000	26419999	26417499.5	ML_trees/21415000-21420000.fa.contree	55		d9ce4593b29ba4925980e9b3d7de9ee8474ecc93c2762ffe1dc51617132a7558
w001338	26420000	26424999	26422499.5	ML_trees/21420000-21425000.fa.contree	55		639bda04ab3d25b3d85d719d48e0be241f35e7c6e2eba0a636c87adedb4df5f0
w001339	26425000	26429999	26427499.5	ML_trees/21425000-21430000.fa.contree	55		d25b2cf91256ca06f8e152d154fe68cebd25d6f1638de6c5b26055f11ec8aa0e
w001340	26430000	26434999	26432499.5	ML_trees/21430000-21435000.fa.contree	55		dcc3da094fe308822e7dd64ab63058c8f14f998f947a5792904971e9452d5ff0
w001341	26435000	26439999	26437499.5	ML_trees/21435000-21440000.fa.contree	55		a8c0eb074d1403a6506f4fd77d5ee2fd73358429fd862c04b4aab51fd23ca3a7
w001342	26440000	26444999	26442499.5	ML_trees/21440000-21445000.fa.contree	55		27ffa2dd1e55fab5a0e81ec83f9b21716b521373df9f7def53b2bd245e993e29
w001343	26445000	26449999	26447499.5	ML_trees/21445000-21450000.fa.contree	55		fb40c861cb29af977692e761cfdf0aa97f43cbe72fa603af16dac1dd2e9cc8e4
w001344	26450000	26454999	26452499.5	ML_trees/21450000-21455000.fa.contree	55		25d6d82d55d60ad8c89397f1fe8708c1febcfc569ce36c57d884e3acf0525e22
w001345	26455000	26459999	26457499.5	ML_trees/21455000-21460000.fa.contree	55		63410961e263ca30c061bedb94d60c6420cb9e37f5defb06a442209d467117fa
w001346	26460000	26464999	26462499.5	ML_trees/21460000-21465000.fa.contree	55		23af7a3124ce3f714de56fa82827e926e1d328f85c6c6adfbe10d042b2040e16
w001347	26465000	26469999	26467499.5	ML_trees/21465000-21470000.fa.contree	55		7112483624951b2da50721756f73e3e315642af4910dcf586576ec5f069b6667
w001348	26470000	26474999	26472499.5	ML_trees/21470000-21475000.fa.contree	55		409aab396c06749e1aad5b0feda590e1a1c8d75f33f3e8c30b3b71412aa9b692
w001349	26475000	26479999	26477499.5	ML_trees/21475000-21480000.fa.contree	55		5b585f49fd9c179c8d2eaf7de7b196471dd7934fac29da2a434baf21cbf7d115
w001350	26480000	26484999	26482499.5	ML_trees/21480000-21485000.fa.contree	55		d9ab3ce2a90b76a0ad8995a250d6706342891d2190c6f4dc22e3abb5b494aa12
w001351	26485000	26489999	26487499.5	ML_trees/21485000-21490000.fa.contree	55		f019809b9c9dbc299b7c7940fcfb94e4f8c23fc03b3fea5d6390ec8aea836b2a
w001352	26490000	26494999	26492499.5	ML_trees/21490000-21495000.fa.contree	55		c1349ce721fd7ecd60f74cff58a6d4d9ab6433c1b0412df8d3a52e9eac3bfbba
w001353	26495000	26499999	26497499.5	ML_trees/21495000-21500000.fa.contree	55		c6a5d5806b8125d056a1974ae991cf2aaa19d32e6b4edfb8a440ab6af3f7354a
w001355	26500000	26504999	26502499.5	ML_trees/21500000-21505000.fa.contree	55		745127cd3e189e746d7b7e8a6a153a685aa75497737cb729a1ed25327e304360
w001356	26505000	26509999	26507499.5	ML_trees/21505000-21510000.fa.contree	55		79ec2a513d8be7daa5d98d029f8feaa67c18a7156fc5ab49a7ded21c761a8384
w001357	26510000	26514999	26512499.5	ML_trees/21510000-21515000.fa.contree	55		1d72f50ba2691dbbe3a86594bae5fb153a8ac042c8a004dffe9ca6f9b3c19113
w001358	26515000	26519999	26517499.5	ML_trees/21515000-21520000.fa.contree	55		a042e553e3847260f8590b5c70b30c4fc970ae079d005c0549efed2508e0413c
w001359	26520000	26524999	26522499.5	ML_trees/21520000-21525000.fa.contree	55		bcc8f405443741f8f9a444a44d3c5662a26d9936f0d8eba7c29183adfc85d633
w001360	26525000	26529999	26527499.5	ML_trees/21525000-21530000.fa.contree	55		499666811be8220550a58cc51e1d35ebb1db4c75372bdbf4549e4b48c578b301
w001361	26530000	26534999	26532499.5	ML_trees/21530000-21535000.fa.contree	55		74ab02d0c31cf3ac5032a0238d47515aac5d66d8309d1d0ff8c1f519f72cd424
w001362	26535000	26539999	26537499.5	ML_trees/21535000-21540000.fa.contree	55		5f78d10a9830ef642c7b37a15ddf02c42faf6932395bf62c7ded4a31a380139b
w001363	26540000	26544999	26542499.5	ML_trees/21540000-21545000.fa.contree	55		11120060b482d7120e03121596b96c5adfd5666fa98babeca64e0076ff79fd18
w001364	26545000	26549999	26547499.5	ML_trees/21545000-21550000.fa.contree	55		6510c4dea4f683e9c39bbd1492598fcf4e3ff5af09e0b32ca686f1c96e1c7acd
w001365	26550000	26554999	26552499.5	ML_trees/21550000-21555000.fa.contree	55		7260d82158ad3cb3c90ffbdc5fba1247cfc76049848aef245ecacb2ec6107f6b
w001366	26555000	26559999	26557499.5	ML_trees/21555000-21560000.fa.contree	55		4bdb4b04977b923cd3ac0fa28e25d15bfd619d7a09a939262ad1a68a697664c4
w001367	26560000	26564999	26562499.5	ML_trees/21560000-21565000.fa.contree	55		6a124d6fc8c282bb939a248de764b27af9aaabec188c89d7d306a3d8cfdda1f0
w001368	26565000	26569999	26567499.5	ML_trees/21565000-21570000.fa.contree	55		4106dec039ae83c0c9aca582c495116005d4ae5042d0e22942d03008c0d6ea86
w001369	26570000	26574999	26572499.5	ML_trees/21570000-21575000.fa.contree	55		c5912db1e449fcfcc1dd29ce45438352e35b512d6662ff89f7c0c8b4e96e5824
w001370	26575000	26579999	26577499.5	ML_trees/21575000-21580000.fa.contree	55		44c845f8bdf732381b77150664d58419e60ca124cebe4f52196d28f6fe333fd4
w001371	26580000	26584999	26582499.5	ML_trees/21580000-21585000.fa.contree	55		52e695ce04e916ca421e842d77d0552df52d3f49bab5c95da7a66cb06956135d
w001372	26585000	26589999	26587499.5	ML_trees/21585000-21590000.fa.contree	55		9cb14fe327772315cf5b36f4c8962332a3b500b803e6f482a45265e89d619e50
w001373	26590000	26594999	26592499.5	ML_trees/21590000-21595000.fa.contree	55		cd2c25985eaa887e118e20a139d92b74f522e1f03e2ee86be341be9a8b95e6f5
w001374	26595000	26599999	26597499.5	ML_trees/21595000-21600000.fa.contree	55		b8aab60573a519e17678497dad99ee42cae969976166d06dd1296e336c29bfd7
w001375	26600000	26604999	26602499.5	ML_trees/21600000-21605000.fa.contree	55		11e8b06cb48de232db47e6aaf17d90d3251e9be0dd552717c749a3b1b9756239
w001376	26605000	26609999	26607499.5	ML_trees/21605000-21610000.fa.contree	55		408c91812f4a1afc4e742ff5212e677b5d4261970a22f3ca9ee9a545ed39b62d
w001377	26610000	26614999	26612499.5	ML_trees/21610000-21615000.fa.contree	55		6eb2a2f02c18d8f792e30111d5a36c5001c3b79e7fb1728b4617b9b0e8718153
w001378	26615000	26619999	26617499.5	ML_trees/21615000-21620000.fa.contree	55		3643b996dbdc92a3064cfc0ea434bb1cf3f49bfd9f764fcfd5b0db59a2082331
w001379	26620000	26624999	26622499.5	ML_trees/21620000-21625000.fa.contree	55		acc748ee531e73f3cbb80fb9f5566fa7a78e3f0b9d64008c7fda690aadaf2c34
w001380	26625000	26629999	26627499.5	ML_trees/21625000-21630000.fa.contree	55		5958fa2bec40352cee11298450c77cee9ed676f2a48d4ca258ac78bdfaf8438c
w001381	26630000	26634999	26632499.5	ML_trees/21630000-21635000.fa.contree	55		a48d5f6dc8d5020f4829763dcfe798c0932bced93583e388fb2564cd43b35b78
w001382	26635000	26639999	26637499.5	ML_trees/21635000-21640000.fa.contree	55		7959d4007e1e2451e650ff73bbff6eeeb784654fc49fdfd35336998a43510f9e
w001383	26640000	26644999	26642499.5	ML_trees/21640000-21645000.fa.contree	55		bf7b9052d7abc1adde05a9b4108f27455c4f10de99a0fc50fb61a41b0eaf00e7
w001384	26645000	26649999	26647499.5	ML_trees/21645000-21650000.fa.contree	55		12195f05d00bd12e047c8598de73d3116e2646cb521f7f8976e9df40f0ad88d6
w001385	26650000	26654999	26652499.5	ML_trees/21650000-21655000.fa.contree	55		5443e1478dec004780452e688cdbf75788d26b00190c2782b09d9bdcc4586ead
w001386	26655000	26659999	26657499.5	ML_trees/21655000-21660000.fa.contree	55		c91096b115ee54b3e1d97e30e77f1c280607ba2d59b2424fe22141cf37f2e161
w001387	26660000	26664999	26662499.5	ML_trees/21660000-21665000.fa.contree	55		7fd6e7101d422383192897d2787235bf1addccb65d539c08541d954cd124c24f
w001388	26665000	26669999	26667499.5	ML_trees/21665000-21670000.fa.contree	55		dad371ca416493b5467ce1fcb9b3fe94bb28f50e9c3e49310669e315a17b48dd
w001389	26670000	26674999	26672499.5	ML_trees/21670000-21675000.fa.contree	55		67ea41b79961c94e8ea5e1c826362bd6ebfec9c915045745b4415b833b5e00bd
w001390	26675000	26679999	26677499.5	ML_trees/21675000-21680000.fa.contree	55		52cf80382bb4238ac8d94cdecdf692c4b2b27edb7610014ed34eb973594d2d4c
w001391	26680000	26684999	26682499.5	ML_trees/21680000-21685000.fa.contree	55		e831515cd5fd1f94325ac85493a41bf5a968962ae9941bead40f31551eaabac8
w001392	26685000	26689999	26687499.5	ML_trees/21685000-21690000.fa.contree	55		bfb7a73da0c56178c366c2a2072bd3aa20c3a0c97c6d6bafc7510c47db6cbb4a
w001393	26690000	26694999	26692499.5	ML_trees/21690000-21695000.fa.contree	55		199a61143e095cf860c4784a5510bc1ae2a55ce785206658541c103dbf4f2f1d
w001394	26705000	26709999	26707499.5	ML_trees/21705000-21710000.fa.contree	55		e24df8e0ce7be28241feb27f60985068ea5809853f53e962844cdc60dad36b76
w001395	26710000	26714999	26712499.5	ML_trees/21710000-21715000.fa.contree	55		3c421381bcc4a44024090822bd079559b7bdd80abf9be2ce81879e714f1ec38d
w001396	26715000	26719999	26717499.5	ML_trees/21715000-21720000.fa.contree	55		758bd47f58eac926d312fef9ab8507d931302cab3de4e067581540d727f0a40f
w001397	26720000	26724999	26722499.5	ML_trees/21720000-21725000.fa.contree	55		2d46a2642ccc8f8098907d40ecedf5a977f4519753521b21da536327ed1d791e
w001398	26725000	26729999	26727499.5	ML_trees/21725000-21730000.fa.contree	55		e3d863a4bf261bfe8ed67418d6227ca99e280048970b2542cfb648a362e468c4
w001399	26730000	26734999	26732499.5	ML_trees/21730000-21735000.fa.contree	55		9b62f65823927f353ac5046f895ab5c44d339182ae956fef8b253587e0bbea80
w001400	26735000	26739999	26737499.5	ML_trees/21735000-21740000.fa.contree	55		c1237a99a86053e5d3acf8b2be4e1247f722d9891c36923e3810ff1b82f68737
w001401	26740000	26744999	26742499.5	ML_trees/21740000-21745000.fa.contree	55		4dd63157331d3857b299fbf44e41c728b3f213568da8b4c56ab6866a148e0dba
w001402	26745000	26749999	26747499.5	ML_trees/21745000-21750000.fa.contree	55		cb8abab7bfaf2c05eca31068db14e05bdf4242ea9839aa1452722b83d13cf806
w001403	26750000	26754999	26752499.5	ML_trees/21750000-21755000.fa.contree	55		3ef7dc66231f157b71caf6278b9e99ea4b5e365932bcff38929167d3c7c08dcc
w001404	26755000	26759999	26757499.5	ML_trees/21755000-21760000.fa.contree	55		6e9cacce72024431042a4a8675af1f4a69b0ed215487fdb0006ee4ed88dd125f
w001405	26760000	26764999	26762499.5	ML_trees/21760000-21765000.fa.contree	55		460c042279b30ccf749d319e4bb42d6f349e3464cd005d76c29f858ddd195a24
w001406	26765000	26769999	26767499.5	ML_trees/21765000-21770000.fa.contree	55		3eabe7afc40402742f7463dffcb2f61a6e851914ae0f7d5d32cacf6e4ed8fa4a
w001407	26770000	26774999	26772499.5	ML_trees/21770000-21775000.fa.contree	55		919e5bae19da96a4e238b7cde9f1f9ccab916f745737763d4b8a09c664ebe700
w001408	26775000	26779999	26777499.5	ML_trees/21775000-21780000.fa.contree	55		fce364293a8da1fadec039fcecd5ecc74dffae5c978e346380f8fd87f1a45ffa
w001409	26780000	26784999	26782499.5	ML_trees/21780000-21785000.fa.contree	55		dbf63131d3eb27752fddda5544a2641bcb90dc0d92c5027eb77e0804d8112073
w001410	26785000	26789999	26787499.5	ML_trees/21785000-21790000.fa.contree	55		8411c214b3a22290e251b77f10fc5a28439495a357228854a87bbef14cffbc43
w001411	26790000	26794999	26792499.5	ML_trees/21790000-21795000.fa.contree	55		466d4fe99d0b9a9bebe7855b9d8e0c5dc5b58f71e7ccd919975634bbe60fbc2c
w001412	26795000	26799999	26797499.5	ML_trees/21795000-21800000.fa.contree	55		cb824e4297f739058fdea25740446859d5d7b5fe7ab8a6e46520aa34588326c0
w001413	26800000	26804999	26802499.5	ML_trees/21800000-21805000.fa.contree	55		3799039bbd77f684fbb7f53ef2e3db6463f3bee5196055880eb1d0ac63909b29
w001414	26805000	26809999	26807499.5	ML_trees/21805000-21810000.fa.contree	55		5834e68ebe84c80d938b78cda7ce7a9596073a70a26aaef2167e94099d33f4bb
w001415	26810000	26814999	26812499.5	ML_trees/21810000-21815000.fa.contree	55		893edf19cc999c5e11abb255ff84eb9f619ba39c50948e455e7ba49e5b0ea247
w001416	26815000	26819999	26817499.5	ML_trees/21815000-21820000.fa.contree	55		b9fb46ec6fa5e4ac6cf5026e9dae2b54e6193c7a404bdb30dfdad4cc3c0c09bc
w001417	26825000	26829999	26827499.5	ML_trees/21825000-21830000.fa.contree	55		6b465b362831cff6593f433260442073e0d84256b1aab123d33f2334047529f2
w001418	26830000	26834999	26832499.5	ML_trees/21830000-21835000.fa.contree	55		0b204e94f59728c608a719c1dc6b77790f30913b3f6ed54f8dd238acbefaebfc
w001419	26835000	26839999	26837499.5	ML_trees/21835000-21840000.fa.contree	55		fdb0eea07f2eadec3408019f5a6bb9622a3828140c06726301a98da2d572382a
w001420	26840000	26844999	26842499.5	ML_trees/21840000-21845000.fa.contree	55		2b1cd44b73d2c39a00dc2989ad92e0f7da5eb6817d1cbb1300816c28a46695c1
w001421	26845000	26849999	26847499.5	ML_trees/21845000-21850000.fa.contree	55		b7a0284ce3167d5d47c293621b07079b2e4252ab74b80380f7a221c8a4d4f3a7
w001422	26850000	26854999	26852499.5	ML_trees/21850000-21855000.fa.contree	55		be369e116c1b3937287e8376b8c30b71e5fe7ee748e4f3ef3a85b6dc5625dc06
w001423	26855000	26859999	26857499.5	ML_trees/21855000-21860000.fa.contree	55		60f01f9acd8dc5be6648c62a486c20b1ce8bd7ac0acab74d6e16ddd3d59f6eb8
w001424	26860000	26864999	26862499.5	ML_trees/21860000-21865000.fa.contree	55		f34f604b9ee447d9a3dc48ac753f37c2d5883348568b6f5ef0cafe56336d07b9
w001425	26865000	26869999	26867499.5	ML_trees/21865000-21870000.fa.contree	55		bfcb5c93ebf9113072bc211d3524fa817b1bab8ad8c885c86a25c546725ce3ce
w001426	26870000	26874999	26872499.5	ML_trees/21870000-21875000.fa.contree	55		64540703ec707bf78b4c566d80fa7351bd27f2f2722289b03350060c044c172d
w001427	26875000	26879999	26877499.5	ML_trees/21875000-21880000.fa.contree	55		e07603a7faefe7f484aa1f027b1bbdc1e8c7649daae1a5d767fa4bc9d3725810
w001428	26880000	26884999	26882499.5	ML_trees/21880000-21885000.fa.contree	55		dfb9656fad61cdc3698b31f471053ddc25c63d30b14cc03390927cd8f6dce806
w001429	26885000	26889999	26887499.5	ML_trees/21885000-21890000.fa.contree	55		f2ba99708278d4c4503b1240175be8f6823caf3045093dd548c409f2a6a769f8
w001430	26890000	26894999	26892499.5	ML_trees/21890000-21895000.fa.contree	55		ff372a879b08f30e7eb7b4308db3e473738768bfd9847ff0fb1bf4dfaf6f6e39
w001431	26895000	26899999	26897499.5	ML_trees/21895000-21900000.fa.contree	55		5fa1e070b203a6c666b002e269ae98785e57e41c58b44317f5923009a8add51b
w001432	26900000	26904999	26902499.5	ML_trees/21900000-21905000.fa.contree	55		06cb7c6474127b86cb618a531761893cae167992a8cdf5c348832d04131017ef
w001433	26905000	26909999	26907499.5	ML_trees/21905000-21910000.fa.contree	55		7654fbdf41a2c45c673385f525f5ac46a236c118dcf266c6e14d43cac8a57176
w001434	26910000	26914999	26912499.5	ML_trees/21910000-21915000.fa.contree	55		83f3524ca2bf9a29eddfb478aaa877347d1003b579f0783a3af89b6e0498b314
w001435	26915000	26919999	26917499.5	ML_trees/21915000-21920000.fa.contree	55		091d6ed630484e20a330dbd79c5ca7e20c00cc14057515a7d8b228a8575ba30d
w001436	26920000	26924999	26922499.5	ML_trees/21920000-21925000.fa.contree	55		b94f0f80e4b2395296010fe8daa58eee50832337f8df2c443fea491a2598c462
w001437	26925000	26929999	26927499.5	ML_trees/21925000-21930000.fa.contree	55		5125abec0bdf587546b52f80d57698d39ce5e13446bfa7acc15b4adb601a1029
w001438	26930000	26934999	26932499.5	ML_trees/21930000-21935000.fa.contree	55		33d36a8d2c0f1a51ac20893c6cec11a01c40bcc02e02d1f40b368245fd5b047e
w001439	26935000	26939999	26937499.5	ML_trees/21935000-21940000.fa.contree	55		7ffd416cb15787bee08b24cd841b2cad5c4a3dbfe893a060aa90080573947918
w001440	26940000	26944999	26942499.5	ML_trees/21940000-21945000.fa.contree	55		a937f3c92db6afe092bb12f00573d57002b27d2a7d793cd7d5980ef3f1416e5c
w001441	26945000	26949999	26947499.5	ML_trees/21945000-21950000.fa.contree	55		90de85d6a8e606359a0adccfea0c6f10d2ece6b4990f820f522b125d52b959f1
w001442	26950000	26954999	26952499.5	ML_trees/21950000-21955000.fa.contree	55		57eb9719a66af3a7a902827f5bbd5d3ceac07bd33a767240b82abe289952d75d
w001443	26955000	26959999	26957499.5	ML_trees/21955000-21960000.fa.contree	55		416bae12cda444d6bc8ac05a214c4cc6210b8228eeeef425e3572ec7f5c2a2df
w001444	26960000	26964999	26962499.5	ML_trees/21960000-21965000.fa.contree	55		d82f373f007a2152525c54d85ffb8a7f06fdc48e971791193afa36cf41359d90
w001445	26965000	26969999	26967499.5	ML_trees/21965000-21970000.fa.contree	55		b993b61bc49cbeadc0304df3ade8ddcec4b9a2a9ab59849f4deaab229d7a7a79
w001446	26970000	26974999	26972499.5	ML_trees/21970000-21975000.fa.contree	55		338048cc5ed6e25ebf40fba4470bd0b9812733f4602ab56355bef35267ff4220
w001447	26975000	26979999	26977499.5	ML_trees/21975000-21980000.fa.contree	55		099106c8438a5a77cc79fa2686460e9996801ac7f8ab0c8843f15bf703cbcfb3
w001448	26980000	26984999	26982499.5	ML_trees/21980000-21985000.fa.contree	55		89bed7e023d5afe0e4538944191579634c17a2f30a2fdd9271a6b8b58ade4df7
w001449	26985000	26989999	26987499.5	ML_trees/21985000-21990000.fa.contree	55		acb36488a94215266839843fcb6d3716b44ad42b33cca720e02fcaf5b81afed3
w001450	26990000	26994999	26992499.5	ML_trees/21990000-21995000.fa.contree	55		2d500f06aca13d1d468123fe39336c890c66059518cd66e96c8fda8e9e6b968e
w001451	26995000	26999999	26997499.5	ML_trees/21995000-22000000.fa.contree	55		cf4e4e08cc3f613a3d0085f09c7c74cc1fb201d25e4897c5b32a157b81caea6e
w001453	27000000	27004999	27002499.5	ML_trees/22000000-22005000.fa.contree	55		964206d0caed6e9b4df65d39779484604f95f1083cfacfa95d5a24dd5a4e6c88
w001454	27005000	27009999	27007499.5	ML_trees/22005000-22010000.fa.contree	55		c09bfc2aa27c78d92b4128d1b59f52430dfafec3a3aca98efc9d853c67c0bc6a
w001455	27010000	27014999	27012499.5	ML_trees/22010000-22015000.fa.contree	55		cb725861f4967d1f8afc0fd4f694edabdeb68f078a83f1627906c2f16af7b168
w001456	27015000	27019999	27017499.5	ML_trees/22015000-22020000.fa.contree	55		6b796149c5d2ec0d7595ba140d8663633c50582ae99c02a850390a347d67d5a8
w001457	27020000	27024999	27022499.5	ML_trees/22020000-22025000.fa.contree	55		1bef505aa9af3ecfe118e22b6dbc5072303408c1cdaac6209df8503721b4dca5
w001458	27025000	27029999	27027499.5	ML_trees/22025000-22030000.fa.contree	55		2b44d9dbf23e2bb98215b733ef11fda16df9388d7924466eb3f11fcfcf008f47
w001459	27030000	27034999	27032499.5	ML_trees/22030000-22035000.fa.contree	55		3baccd310ddf1636d6382b0897492ca247e799cd30c680aa3cb8402af1352cbb
w001460	27035000	27039999	27037499.5	ML_trees/22035000-22040000.fa.contree	55		76629a073d356088b1f6b4b3f883c6db4faa897b1932ab79caf556b121e696c8
w001461	27040000	27044999	27042499.5	ML_trees/22040000-22045000.fa.contree	55		6f725f2bc60acda884bfaca8e6aba07810c84b905cc305a765caa7e8215a1437
w001462	27045000	27049999	27047499.5	ML_trees/22045000-22050000.fa.contree	55		5121b177b8d3194f73bbe046a637383139e8ea932bbe453b419e95e857e0928f
w001463	27050000	27054999	27052499.5	ML_trees/22050000-22055000.fa.contree	55		e4ec155bf686f5bc7163a1a6ad7da3623489ea09bb5aaf7faaf9fa177add33bc
w001464	27055000	27059999	27057499.5	ML_trees/22055000-22060000.fa.contree	55		298f15a8a0df2ab2dd154bd2410b7ef1519ab6fb036429ec59a780b7cc7549ad
w001465	27060000	27064999	27062499.5	ML_trees/22060000-22065000.fa.contree	55		3602d1abf018f9235660bdc536a03624e70e4210845f3d70fc61c97480f5b25a
w001466	27065000	27069999	27067499.5	ML_trees/22065000-22070000.fa.contree	55		53e6be93d65fc048b9538c223cb5770749991909301cd20a8015974c5f289743
w001467	27070000	27074999	27072499.5	ML_trees/22070000-22075000.fa.contree	55		2e6a7accb27049992eb7a56a14841a27ff4039d2fb976dd0813e01483a84b265
w001468	27075000	27079999	27077499.5	ML_trees/22075000-22080000.fa.contree	55		6cb100c68bd9d444d83a40735ee9a58a79afb65155f4a58add7b62baa47d838d
w001469	27080000	27084999	27082499.5	ML_trees/22080000-22085000.fa.contree	55		10c4fa0f392a1c0edb4a190499a3d5b37ec991dea7bb243bd4d48b1bc3018820
w001470	27085000	27089999	27087499.5	ML_trees/22085000-22090000.fa.contree	55		f0ff52e8b34bb5f582de867c17c61288fd286088cdbd0c0361c220391a4d9c9e
w001471	27105000	27109999	27107499.5	ML_trees/22105000-22110000.fa.contree	55		8b9435187e17d7b22c206140846879623cd54a0cd0a7a510d130a4856c1b5ba3
w001472	27110000	27114999	27112499.5	ML_trees/22110000-22115000.fa.contree	55		8c9d18224b514fc984293e26a7398d81d6855abefe62d546d292527daa4fbb69
w001473	27115000	27119999	27117499.5	ML_trees/22115000-22120000.fa.contree	55		24dd9df4a10f6a5c5d64d85d0546943813f213b30019342745c355668f6c70e4
w001474	27120000	27124999	27122499.5	ML_trees/22120000-22125000.fa.contree	55		7cecf19b61baf33c032249c6727e8c73520ac23cb8e4ba8eb41c67dc84741172
w001475	27125000	27129999	27127499.5	ML_trees/22125000-22130000.fa.contree	55		d39a1288fb797cdfdcb60abbb21b464b94aabf9c61bcc6e395216181fef52e0c
w001476	27130000	27134999	27132499.5	ML_trees/22130000-22135000.fa.contree	55		a2ba6448bbbc25e1970e1fbd1dfae420093e5da6ef888b7013b6aa760905462f
w001477	27135000	27139999	27137499.5	ML_trees/22135000-22140000.fa.contree	55		fe48d899d9f4b75e646a7b606169d42cd935d808976546c52bc85c466ffbe2b1
w001478	27140000	27144999	27142499.5	ML_trees/22140000-22145000.fa.contree	55		b4674027d560b03db5f3f55a87be902c41bfa226e2a34790c25e617cb9644518
w001479	27145000	27149999	27147499.5	ML_trees/22145000-22150000.fa.contree	55		ca794fd64132da8dc398cdf95297484051e8f4170d1ebe54a71d25967559890d
w001480	27150000	27154999	27152499.5	ML_trees/22150000-22155000.fa.contree	55		e5fbf550d0e9252d0da9cd9ffcb1709007facc18b8b1bf97f2a9aea2b7fd0c2e
w001481	27155000	27159999	27157499.5	ML_trees/22155000-22160000.fa.contree	55		557921774f6c0e0d376e526bbfc8995ca2bf5941b2d9f677cd700bedc3c28485
w001482	27160000	27164999	27162499.5	ML_trees/22160000-22165000.fa.contree	55		62a0df53dbd0dcd3e87f5b6efa83d7104b2a4f2e8c0cef635e361ebc9cf1b4f2
w001483	27165000	27169999	27167499.5	ML_trees/22165000-22170000.fa.contree	55		ba14567562b22ac7c7dbc22b68e01596c70d9d7d9133240aea1dc7765482ed13
w001484	27170000	27174999	27172499.5	ML_trees/22170000-22175000.fa.contree	55		01394404682064b4a9f065e2f3f1d6d71f856b6c8d393603b59594e1f1abeb15
w001485	27175000	27179999	27177499.5	ML_trees/22175000-22180000.fa.contree	55		3e3c26e7100892ee97e4579989c0426fc0eee1d713254c92a533bf82aec812a6
w001486	27180000	27184999	27182499.5	ML_trees/22180000-22185000.fa.contree	55		5dff029e1485cf0f8d44f09ca951d9353f1f370d6fe470f3d218d602bd6c20f5
w001487	27185000	27189999	27187499.5	ML_trees/22185000-22190000.fa.contree	55		cec3c3caa1b9b7505b14922af30a3435054fc4a3c884b3275800af78687b6d36
w001488	27470000	27474999	27472499.5	ML_trees/22470000-22475000.fa.contree	55		488ee0b02550b4018afcf03720bb6a0cd824d4746d513970cf4cbaf512a787de
w001489	27475000	27479999	27477499.5	ML_trees/22475000-22480000.fa.contree	55		d1f7f0e4ae4425803377ddb355ff53896a261a36cdb771c7e450b74b5ec76291
w001490	27480000	27484999	27482499.5	ML_trees/22480000-22485000.fa.contree	55		c328720900722c0ab624c9cd94fa7bed7efb6b358e570ea80549e140b161420b
w001491	27485000	27489999	27487499.5	ML_trees/22485000-22490000.fa.contree	55		67c5871aac4f15cff44c27b9db6139369f0306d986185a8ed00fbd81f8fab660
w001492	27490000	27494999	27492499.5	ML_trees/22490000-22495000.fa.contree	55		73bbb2a783a0d520ccb4fd874c9b9a847187f5e8c5a5af45d75fae7f641930b9
w001493	27495000	27499999	27497499.5	ML_trees/22495000-22500000.fa.contree	55		3b600cad2d2e792217da2e1e490733f0de5f6f69cbd9440d22bddefa0ee9fece
w001495	27500000	27504999	27502499.5	ML_trees/22500000-22505000.fa.contree	55		9e2f09763426ec1451919d1f6313c2a8b053fc4a6d0acdbd504435df882f783d
w001496	27505000	27509999	27507499.5	ML_trees/22505000-22510000.fa.contree	55		371995a99e3c85d85c55db12a3146aa58843872caca913df9569fff848deadd6
w001497	27510000	27514999	27512499.5	ML_trees/22510000-22515000.fa.contree	55		f9f530c7f48b2e2b51970abc549b52862c6cc86eda23f83db8dd021f648cb595
w001498	27515000	27519999	27517499.5	ML_trees/22515000-22520000.fa.contree	55		a65e1af971ef0a5e269e0c41d21d20ca15f2d29642459a9ee086423e8bb409bc
w001499	27520000	27524999	27522499.5	ML_trees/22520000-22525000.fa.contree	55		4fb7d6ba8786e31301e5215b31f91d65eb78489c50fc1b2afa5cb52d240ec881
w001500	27525000	27529999	27527499.5	ML_trees/22525000-22530000.fa.contree	55		2a8485fff2ed6e9223f06d2d7bcc80a507aea39786725f8e8971dae5e085607d
w001501	27535000	27539999	27537499.5	ML_trees/22535000-22540000.fa.contree	55		f91099af2dd0305b934b96e9d03c71889ba3731007c623badfb08f73fa941a98
w001502	27540000	27544999	27542499.5	ML_trees/22540000-22545000.fa.contree	55		87643cafbef53d1c1ee36ba248b64047c94934c14218ab1bf14385133697ed15
w001503	27545000	27549999	27547499.5	ML_trees/22545000-22550000.fa.contree	55		ae0fe8749f0edd374fa17e8a532f7442e37e6408d01e2eada28a3a3b38a02857
w001504	27550000	27554999	27552499.5	ML_trees/22550000-22555000.fa.contree	55		51438a8424961fc7211f4b2772d336c2ff23f0461e02feafcf6c75675c211dac
w001505	27555000	27559999	27557499.5	ML_trees/22555000-22560000.fa.contree	55		f3fd6aada1c40e8845d0a424e90dc785937deef518a568a9cb7d1353d043ae30
w001506	27560000	27564999	27562499.5	ML_trees/22560000-22565000.fa.contree	55		6190e992fd093d02e307648ebeaa0fb44bff89b355d6803caca26bdbe05873bc
w001507	27565000	27569999	27567499.5	ML_trees/22565000-22570000.fa.contree	55		ef85d3c46bb572e8fb3bd72065f9958eeb79eef4b63b5e3bcdae79c6a3b33d0e
w001508	27570000	27574999	27572499.5	ML_trees/22570000-22575000.fa.contree	55		478726155d1d55a18857243e59060de15dc36cb13e3292c16e6ed2a081dc1d53
w001509	27575000	27579999	27577499.5	ML_trees/22575000-22580000.fa.contree	55		1c8a92e9b8075cd64c9250f4923e652cb71d52b0f3cf2d03e0a5798a8ece7c68
w001510	27580000	27584999	27582499.5	ML_trees/22580000-22585000.fa.contree	55		12679fea90d3e447c9294359e60079fb2b458b8192fc15d7daab3db76212df3e
w001511	27585000	27589999	27587499.5	ML_trees/22585000-22590000.fa.contree	55		ec076d98f34bf5fc1d47b52de3381762abec56438416ebdd58c6535c5803d51c
w001512	27590000	27594999	27592499.5	ML_trees/22590000-22595000.fa.contree	55		bde15697ced134f49a9da22f68fc1407750a10efaec95d6d7f1e31cf79cd5e09
w001513	27600000	27604999	27602499.5	ML_trees/22600000-22605000.fa.contree	55		506625e5b955673367d3f600d2c708857079fa9c002df1f4b20dfb4dadb4a605
w001514	27605000	27609999	27607499.5	ML_trees/22605000-22610000.fa.contree	55		91d3d4c3ed6e61d451ad2adb56259e346eead0c61c21f8de61589c180e0b031f
w001515	27610000	27614999	27612499.5	ML_trees/22610000-22615000.fa.contree	55		e974dd0beb0da073a8c9e24963de77a0a80ef4dc6204ea8efe5a31a7342be4c0
w001516	27615000	27619999	27617499.5	ML_trees/22615000-22620000.fa.contree	55		92c7fd59f46e965a66ef63a9b1f3d63427654ee2dd88e9acc53ea1a815679a0e
w001517	27620000	27624999	27622499.5	ML_trees/22620000-22625000.fa.contree	55		51e4f136c97174f52624909179a0a6bb61e3f60b0bcb7c6301349d47564185c3
w001518	27625000	27629999	27627499.5	ML_trees/22625000-22630000.fa.contree	55		4eb07027eeef12aa7a3e359b57d896bea1d28dc14fe40915d7953e383d4a958f
w001519	27630000	27634999	27632499.5	ML_trees/22630000-22635000.fa.contree	55		79ecd4504d393ab50ebafd8657d18c92c3d7bd1595356eb7576524fb7d4b22c6
w001520	27635000	27639999	27637499.5	ML_trees/22635000-22640000.fa.contree	55		4eaf87b617dc71e7c6f2f850946f572c7f359c866f7042e7200c180726d12578
w001521	27640000	27644999	27642499.5	ML_trees/22640000-22645000.fa.contree	55		ec2d278b18bd3c50db9342795d300eaef86dc2d3cd27d9324220c6c26e9aaab3
w001522	27645000	27649999	27647499.5	ML_trees/22645000-22650000.fa.contree	55		d5de02c980be30d08ef8d858d6d7f0feca408c8ef04a082c88fe60850946603a
w001523	27650000	27654999	27652499.5	ML_trees/22650000-22655000.fa.contree	55		c610a952fe1a4465743d9c0b0e506b4b7df63838e4164c239a9541c54dff9538
w001524	27655000	27659999	27657499.5	ML_trees/22655000-22660000.fa.contree	55		10baafe5ce7fe2138aa150a99ac74e55aa2ed85fdeb0f94ac2aa6fe413b5ab73
w001525	27660000	27664999	27662499.5	ML_trees/22660000-22665000.fa.contree	55		f5dc78d6e9e706a65f6944d6eb3b8bac2d910b6b34e5fd9cb853501c824e8db6
w001526	27665000	27669999	27667499.5	ML_trees/22665000-22670000.fa.contree	55		148ba6a80dfb7f515b57eb5a4293996e234980acfd2a09a1e85c517919e65b36
w001527	27670000	27674999	27672499.5	ML_trees/22670000-22675000.fa.contree	55		64bfcdeb5f72b24ad55bfcb5cc81549311587957bab2a5e034cf26f2df974b89
w001528	27675000	27679999	27677499.5	ML_trees/22675000-22680000.fa.contree	55		72aaa9f7d9ff5d54c42aade841b0855390da8763a0f628799733e3d9d8383440
w001529	27680000	27684999	27682499.5	ML_trees/22680000-22685000.fa.contree	55		33a99e0917acd07dd292feb6c5fcb4c6fb563894f5bcfd0cc768b4a796b9b8d6
w001530	27685000	27689999	27687499.5	ML_trees/22685000-22690000.fa.contree	55		141f17eae633d63d34a08d1c178407685b30f09a33dd32ff7b9e31d9cb545e6d
w001531	27690000	27694999	27692499.5	ML_trees/22690000-22695000.fa.contree	55		81e8858bfa8bc2e07b18c77975228f3d8d36b50cb9cac5468bd2d3e5894ad0a1
w001532	27695000	27699999	27697499.5	ML_trees/22695000-22700000.fa.contree	55		13fe5e8e8b72191a840f743d0f084db2ec8b717072330c62f4f707f86f0cb8a3
w001533	27700000	27704999	27702499.5	ML_trees/22700000-22705000.fa.contree	55		7da83f8576529cb407eae9d722aa05df1eac54a4ced1a0350677395b3ded541f
w001534	27705000	27709999	27707499.5	ML_trees/22705000-22710000.fa.contree	55		f4bef10bb216b834ebb37d6a0e774709c0781465ab25fd296cb345e69582d156
w001535	27710000	27714999	27712499.5	ML_trees/22710000-22715000.fa.contree	55		e46bfae4e9dc1549fc4e2d755ffd2a5c5d5e301302942d5f24e34f4651ee9b8d
w001536	27715000	27719999	27717499.5	ML_trees/22715000-22720000.fa.contree	55		1e167f69978785b21e6729ca958ed8cc549624691d65fb4491af09bfb2357301
w001537	27720000	27724999	27722499.5	ML_trees/22720000-22725000.fa.contree	55		ef10ffef48420ec2d0309199ca80bbca4184b6fd9251ebe654203b675f34767c
w001538	27725000	27729999	27727499.5	ML_trees/22725000-22730000.fa.contree	55		0d5bfaa5e80c63f7bcdbda44664813e3816759c93da02f3432a6f01fe93f20b3
w001539	27730000	27734999	27732499.5	ML_trees/22730000-22735000.fa.contree	55		486b1796deb927463ab343a1a2b1c075da4c27a247af55e997561bef8dfb4589
w001540	27735000	27739999	27737499.5	ML_trees/22735000-22740000.fa.contree	55		3d9ec2b437ebcdc71e4adc1aaa354f16aa5f47345625463f723afbb53704168f
w001541	27740000	27744999	27742499.5	ML_trees/22740000-22745000.fa.contree	55		40d08d7c2681b4113a636661d8ab70ae3d701dc147b91f69f0490b383bd2e271
w001542	27745000	27749999	27747499.5	ML_trees/22745000-22750000.fa.contree	55		eff1486c3f51f2fb4f169b5139b6af58e82a3ac6ee5cdb096a86289706b64314
w001543	27750000	27754999	27752499.5	ML_trees/22750000-22755000.fa.contree	55		82708a62c9c1688f4c972507c70a8a746085fdf4a9008f2cb4f27f39b9b811f6
w001544	27755000	27759999	27757499.5	ML_trees/22755000-22760000.fa.contree	55		31aeec4446e5efdfc843e4112b334c80f66c135c5d34c0a8ce6af79f0722af23
w001545	27760000	27764999	27762499.5	ML_trees/22760000-22765000.fa.contree	55		e545c56a5827133ccbf57890e28aadc825cbbe35cdd40bdc1c48ad85ed93f072
w001546	27765000	27769999	27767499.5	ML_trees/22765000-22770000.fa.contree	55		6ff5b22dfbf8869d004ed1fdf7fd12e9e007ef29acda4922a569f1d08fc24e9c
w001547	27770000	27774999	27772499.5	ML_trees/22770000-22775000.fa.contree	55		d2dcd8a4fd37b1355bfc3ba09fe51bde31fb88dbf65f6d32b2a5f914f73c1431
w001548	27775000	27779999	27777499.5	ML_trees/22775000-22780000.fa.contree	55		a0f7f856a7e367f13dd1cada36b1bf28c4bfb4e49cfdbd42e34519402df8c6ed
w001549	27780000	27784999	27782499.5	ML_trees/22780000-22785000.fa.contree	55		bbe7942d7625774e79d1c04ce22771092623af5ddb4bf24948219255c00ff0cf
w001550	27785000	27789999	27787499.5	ML_trees/22785000-22790000.fa.contree	55		13412fb3c1787a982fc7f41107944e043ad1cbe00e37b0f00b5a87ba19ccc4e2
w001551	27790000	27794999	27792499.5	ML_trees/22790000-22795000.fa.contree	55		d5e8760196cce89b24e9da524e4cbef319c1353c649ccfda3b41056d95c9a3b1
w001552	27795000	27799999	27797499.5	ML_trees/22795000-22800000.fa.contree	55		a21f0afd152cb1ea85b96343e99c9c28231f85f3ad0370f0ffcfa75f9778a40c
w001553	27800000	27804999	27802499.5	ML_trees/22800000-22805000.fa.contree	55		b7cf3bc460b47ca93a61adec534b94c3e935ba3c8adee79d215f67311758468f
w001554	27805000	27809999	27807499.5	ML_trees/22805000-22810000.fa.contree	55		ef463d90d95029d843d9337b93f412b60ea4cecb39486a0577442c7c4a4badcb
w001555	27810000	27814999	27812499.5	ML_trees/22810000-22815000.fa.contree	55		3c4c3bc919944b0715050205c2d3f64534e3dbef41a2ff220ef4e0fd41e8d962
w001556	27815000	27819999	27817499.5	ML_trees/22815000-22820000.fa.contree	55		336b23155054041822d50f80f84680c2f5ddb0f83bb07bbcc13c175ca0fa45cd
w001557	27820000	27824999	27822499.5	ML_trees/22820000-22825000.fa.contree	55		2f7280b518a5279c8f7ae2279bbe83fb3fdacfa0c50675080bcd280f7827ce02
w001558	27825000	27829999	27827499.5	ML_trees/22825000-22830000.fa.contree	55		e40ff19e26243eb3d2547da2efdf7b7acaa839daaa84cff8bb9323509e1391ee
w001559	27830000	27834999	27832499.5	ML_trees/22830000-22835000.fa.contree	55		8f86e752f86be95b5f469fdf351ca4e9ecf8bb115666a83483dfda5df3798b6c
w001560	27840000	27844999	27842499.5	ML_trees/22840000-22845000.fa.contree	55		76c167cb045ddd04453790e70b84627da0147172915b49b8e402e765c69c3148
w001561	27845000	27849999	27847499.5	ML_trees/22845000-22850000.fa.contree	55		6f88a04234d4e4b3236ca8d7af52aa416691315cd488a9ba42835d28bff76a9d
w001562	27850000	27854999	27852499.5	ML_trees/22850000-22855000.fa.contree	55		a90c187a8209cbd5d504ecb3063853b178f150cbca56e0952bf6ff931f2b354c
w001563	27855000	27859999	27857499.5	ML_trees/22855000-22860000.fa.contree	55		8389d7e31e719596c26767bf7df2032640a3bf0d3abccf3b860939b3c3cdf42c
w001564	27860000	27864999	27862499.5	ML_trees/22860000-22865000.fa.contree	55		2c98150857268d7fc39a08491a4b6dcd32194994a8e9660447d44bb0ccb7aab2
w001565	27865000	27869999	27867499.5	ML_trees/22865000-22870000.fa.contree	55		09d14c938bd7b2585c83f66056f7ded9b37ac73080a68287f785081909b77751
w001566	27870000	27874999	27872499.5	ML_trees/22870000-22875000.fa.contree	55		1e2170a87c1c464c8b83272dffd63a36124785e100b0e244a8e35c0ba4dc9966
w001567	27875000	27879999	27877499.5	ML_trees/22875000-22880000.fa.contree	55		000069347ab7f900f67d42346106efe24941db94ddab0d92edfa090660e07ecf
w001568	27880000	27884999	27882499.5	ML_trees/22880000-22885000.fa.contree	55		fffc7ae0e413563f7f3836d51e5c52151199adcf699d029ea82ffb6157b605c2
w001569	27885000	27889999	27887499.5	ML_trees/22885000-22890000.fa.contree	55		1ee516c06a067e847c0edb4316b1a23912f0566dc8789e14ccc97f042adf687c
w001570	27890000	27894999	27892499.5	ML_trees/22890000-22895000.fa.contree	55		ad3a236eedb6ad6d589d02182c4636a966517e98f83644df98d2b8a722daa1bc
w001571	27905000	27909999	27907499.5	ML_trees/22905000-22910000.fa.contree	55		b8ee0c1dd7ef855289e3579f73a9e16efdc0b7eef6472e370577fee84a34a4a0
w001572	27910000	27914999	27912499.5	ML_trees/22910000-22915000.fa.contree	55		82cde1813cd56925181a271f791ab3fdba195e5e7908364b6551d81749870320
w001573	27915000	27919999	27917499.5	ML_trees/22915000-22920000.fa.contree	55		d0aa6d04acf74e6a032e5f5d072dbd4a47d782fda031e5c9e5d9e2cbb50de5f5
w001574	27920000	27924999	27922499.5	ML_trees/22920000-22925000.fa.contree	55		cc4c7d1c22832c0d03bc06da05c27ca9d715af8a82bde0c6565b712a3e48ae65
w001575	27925000	27929999	27927499.5	ML_trees/22925000-22930000.fa.contree	55		4d37b2e8755691e7f0d6ee62f3ff235d20bde3419e0d58e08c1cb8aa029f489b
w001576	27930000	27934999	27932499.5	ML_trees/22930000-22935000.fa.contree	55		4fd0cc054953468ba28b67283ba579c0a464a7fc55f57fd10c7e68414e1b3bf3
w001577	27935000	27939999	27937499.5	ML_trees/22935000-22940000.fa.contree	55		0c6001aab5df29c93f3029f2f781dbfb46d3fe9d4647a55e784fd2efc81ede46
w001578	27940000	27944999	27942499.5	ML_trees/22940000-22945000.fa.contree	55		682da1151a20098403fc0038a3c4de53bc6a89ed2ce4530b6e7419181c33a215
w001579	27945000	27949999	27947499.5	ML_trees/22945000-22950000.fa.contree	55		2e8b4b1a314e174335acc6c7ff91abe7b84ad726d1a270e6dd09e08ae450edd1
w001580	27950000	27954999	27952499.5	ML_trees/22950000-22955000.fa.contree	55		0e9b1c29d558ed6121e1c228b42d1659471456a400704a583711882f3fcbe3da
w001581	27955000	27959999	27957499.5	ML_trees/22955000-22960000.fa.contree	55		b6adc3cd6a3ce4ce76992ef0e8b7e390194b3a407d7fe4b6973afc43de5d0abd
w001582	27960000	27964999	27962499.5	ML_trees/22960000-22965000.fa.contree	55		3c02d7cb7b255bc763e9549fa76e4a8edcb9b0054c443b984c29d7796d9edbc9
w001583	27965000	27969999	27967499.5	ML_trees/22965000-22970000.fa.contree	55		396f1e87e79b95f9d5c271d463ad5855a10fd1faaa7005ce9d680e50c0e90943
w001584	27970000	27974999	27972499.5	ML_trees/22970000-22975000.fa.contree	55		e3543cbbefa4f308bc7cc28217d961c008c2b5b95f789d7d3faa660adb66157e
w001585	27975000	27979999	27977499.5	ML_trees/22975000-22980000.fa.contree	55		9a398ba46c42c81f7f3eb656a1b53b71dd69574022630a581f2cb7245936656e
w001586	27980000	27984999	27982499.5	ML_trees/22980000-22985000.fa.contree	55		8e28676dcd66f8cac553a8b13e8d3c53975287a29d8bec9405310d53a4c74aab
w001587	27985000	27989999	27987499.5	ML_trees/22985000-22990000.fa.contree	55		598a9c70aa8570ef733ec491d4fa214a6822cddb128082c1c56750f4a4abf164
w001588	27990000	27994999	27992499.5	ML_trees/22990000-22995000.fa.contree	55		e958e1b4648bc8aedcc0f70517722f678a0b93030d0ecaa616297872c0c7533a
w001589	27995000	27999999	27997499.5	ML_trees/22995000-23000000.fa.contree	55		0d7499c606879026c9c9f4645066a8f6480c1145821d4f8bfc5542daa977c522
w001591	28000000	28004999	28002499.5	ML_trees/23000000-23005000.fa.contree	55		db1f972cd33e7b3086f1ce30241badc358c09863e7e92191a49b7bdf70cd8581
w001592	28005000	28009999	28007499.5	ML_trees/23005000-23010000.fa.contree	55		40bfa72611a2bd14efe8777db5088fb9752996aac2603cd0e6564aacc07e1067
w001593	28010000	28014999	28012499.5	ML_trees/23010000-23015000.fa.contree	55		06935fddfc671af3105623c5d312fb77ee5261e54066a1f4c3a0366d5f3f82b5
w001594	28015000	28019999	28017499.5	ML_trees/23015000-23020000.fa.contree	55		f119d42d3c5611b2fd7e89a5c2e3d26ceb4385edbd32fcabd1d2277ee07221b4
w001595	28020000	28024999	28022499.5	ML_trees/23020000-23025000.fa.contree	55		bdc73962aef29bacbad64cae96716cc5da53c1de6bf30e662749e286a600db5b
w001596	28025000	28029999	28027499.5	ML_trees/23025000-23030000.fa.contree	55		0cad167cde3b4542c1a2ebdc57cdd1870bcd11b48fd2468a35a213a2e6d6ce28
w001597	28030000	28034999	28032499.5	ML_trees/23030000-23035000.fa.contree	55		1d69bc388c38390a3710a42a1b4e6951cb30df5902fce65c0845a430b299abd5
w001598	28035000	28039999	28037499.5	ML_trees/23035000-23040000.fa.contree	55		b4da9c1d4bd0160af04eccc268df445fe61b9f008472f5acf305d26b5db6d63a
w001599	28040000	28044999	28042499.5	ML_trees/23040000-23045000.fa.contree	55		f086d0969ea46cad0955fdf39c9fb92c744eb732dcf15b777d535c20995134ec
w001600	28045000	28049999	28047499.5	ML_trees/23045000-23050000.fa.contree	55		e7532fc2c536760c9de43d1b946ea6857c143fd4015c46ebde1c6a676284aa88
w001601	28050000	28054999	28052499.5	ML_trees/23050000-23055000.fa.contree	55		3c28d61398a8270101bdf9d087d1385a15f2cf01feb9721501e71e141da6e9ef
w001602	28055000	28059999	28057499.5	ML_trees/23055000-23060000.fa.contree	55		457fef2fc94b2ebd13dcf3fadc7318c93566522598bc65601432c2c53e66ba82
w001603	28060000	28064999	28062499.5	ML_trees/23060000-23065000.fa.contree	55		43cca62f67c9a5d45e233448d666713fd6a01ef5f80c8c59682105f52254406d
w001604	28065000	28069999	28067499.5	ML_trees/23065000-23070000.fa.contree	55		250d8849c46036fafd7235a8c00e8f9241d9fb4a52d2503fd676e245027139af
w001605	28070000	28074999	28072499.5	ML_trees/23070000-23075000.fa.contree	55		f2e193482a427836d90ecea79bee78565e0092f555673609dfd170c6346c4252
w001606	28075000	28079999	28077499.5	ML_trees/23075000-23080000.fa.contree	55		d72d4166f67f482c627604d8f4bedf3b93897161b37f2acf6ee95dac4ace4ae4
w001607	28080000	28084999	28082499.5	ML_trees/23080000-23085000.fa.contree	55		fb6c9b4650946b2620d61d76406c6a97e2209d6800bdab1b85a857df10c2d1af
w001608	28085000	28089999	28087499.5	ML_trees/23085000-23090000.fa.contree	55		a21f89e27ade2d9a006f786a0e3d706836dcee9a2ad5e5ed563e518d7585fbc1
w001609	28090000	28094999	28092499.5	ML_trees/23090000-23095000.fa.contree	55		303b5d0d4c10d92f90f278de406f1ffa5733a6fe4cbaa7cba7418067b19c5cf1
w001610	28095000	28099999	28097499.5	ML_trees/23095000-23100000.fa.contree	55		3227bbcee2ac755ead51ec05417107f89bd6daa972520a5bfdebe49807fef472
w001611	28100000	28104999	28102499.5	ML_trees/23100000-23105000.fa.contree	55		19699295590a96f585412ae65827aac9b09c0801ab3899c3e02a133a8a2f6a2e
w001612	28105000	28109999	28107499.5	ML_trees/23105000-23110000.fa.contree	55		f0856f68629647e846e3aa1e6dad0d576fb8da7d4fa49a76db667b4b0373debf
w001613	28110000	28114999	28112499.5	ML_trees/23110000-23115000.fa.contree	55		947abe686f2d93d57bddde01d8dbefbef160854f2546831d9c66a65241cbfab1
w001614	28115000	28119999	28117499.5	ML_trees/23115000-23120000.fa.contree	55		989fb572924bdf78a806b08af7511353e0b056a15be4ad572929f95f2a4158d0
w001615	28120000	28124999	28122499.5	ML_trees/23120000-23125000.fa.contree	55		4714f98db8134979ed8ca00a0548c01ffbed76f0ebf66ba588dd85e316ac27e2
w001616	28125000	28129999	28127499.5	ML_trees/23125000-23130000.fa.contree	55		47a31ce6f8360cf53bda44c87c9517a1242fc3514c0486895892217dae20d108
w001617	28130000	28134999	28132499.5	ML_trees/23130000-23135000.fa.contree	55		63039a081432b35e65040bc2aa384e932cb45b26f16b9f29ed78ca267f5894d3
w001618	28135000	28139999	28137499.5	ML_trees/23135000-23140000.fa.contree	55		1903391838db78247e2f877eaafb55d824c050ec17c1a22d5f177bc1963b0976
w001619	28140000	28144999	28142499.5	ML_trees/23140000-23145000.fa.contree	55		cb79458c16758672bbcade773e1dfd340841bbec654b7385d53d66d0b166a454
w001620	28145000	28149999	28147499.5	ML_trees/23145000-23150000.fa.contree	55		31aeb3269033db25cd0150790226f2253df6f2372ae1f4edff9baffa784d21be
w001621	28150000	28154999	28152499.5	ML_trees/23150000-23155000.fa.contree	55		21af02e5ac3c26354d08d3971f3ff4931d9715908a4693d85b0b614f48daeba5
w001622	28155000	28159999	28157499.5	ML_trees/23155000-23160000.fa.contree	55		b786ad548f34fe4dc0bb3c6c84a3ec10247d0ded2f866f85a2c5c468a4ccdef6
w001623	28160000	28164999	28162499.5	ML_trees/23160000-23165000.fa.contree	55		eeae4264e9deb032d7192231837d66b3c00be32366445f7309a2cbd42eac8831
w001624	28165000	28169999	28167499.5	ML_trees/23165000-23170000.fa.contree	55		4d1c9a540c0f54b97d6631e855a1acf3d92a7280b4f7576c61535391f974b7a3
w001625	28170000	28174999	28172499.5	ML_trees/23170000-23175000.fa.contree	55		1055b66856c647dde68f8332b3bfd3f4a413a8f3a627c7ef3223bd18c82b42bb
w001626	28175000	28179999	28177499.5	ML_trees/23175000-23180000.fa.contree	55		c11691c9537a416a9f6303d62ed4c87b0a1e14be26d1824902a89949fdfeddde
w001627	28180000	28184999	28182499.5	ML_trees/23180000-23185000.fa.contree	55		4cb95b5a334e381c38235ef6fe8597b76822c6e4b21f0bc0a73a2a780fb7cfba
w001628	28185000	28189999	28187499.5	ML_trees/23185000-23190000.fa.contree	55		faee773b6fb837fa95f691b3b39cee862c6c385865d2986705df5d0c369b5e60
w001629	28190000	28194999	28192499.5	ML_trees/23190000-23195000.fa.contree	55		550f3dcb3b51e328a8a1a31757f37f6a1df3411184ab2ae92a0b3dc11d7911c5
w001630	28195000	28199999	28197499.5	ML_trees/23195000-23200000.fa.contree	55		b4b933848b7abf553ed6e38f93bb5b829331157fcf6bc65c95081e1cbdda196c
w001631	28200000	28204999	28202499.5	ML_trees/23200000-23205000.fa.contree	55		44541847d519ec6f23f044733c6edc7fef414f4ccceab2cb0f559b1295e44ec1
w001632	28205000	28209999	28207499.5	ML_trees/23205000-23210000.fa.contree	55		3c451b804bc3e246be123fb99d19fd11f53247c1ff0a06cde057914ca4c131c5
w001633	28210000	28214999	28212499.5	ML_trees/23210000-23215000.fa.contree	55		4c7983708cafda21709b6a9101d21d8ebac3b476084a32d07a0796ff103e63ba
w001634	28215000	28219999	28217499.5	ML_trees/23215000-23220000.fa.contree	55		4b70f3c2ec52963e8a8478670434fbb00acb272a78c868cf483bd52bafe94aff
w001635	28220000	28224999	28222499.5	ML_trees/23220000-23225000.fa.contree	55		6aacecdcc2791d5ed531b39252d96bf942827df6d4993bd1d0a7ae2b6f0b03bd
w001636	28225000	28229999	28227499.5	ML_trees/23225000-23230000.fa.contree	55		3f6c56045cd61ee0410a0e871f095ce331edc86fc8b6f2c789836c5f842c3a3d
w001637	28230000	28234999	28232499.5	ML_trees/23230000-23235000.fa.contree	55		ab217b49a4a27fdd02f869e2bca5c66c1a1168ba2521210db79ca85eeeaaf8b5
w001638	28235000	28239999	28237499.5	ML_trees/23235000-23240000.fa.contree	55		f8ad0bd47fa2f8e0e0a198fd258813e14fc34062f881437272b3f0e04917a113
w001639	28240000	28244999	28242499.5	ML_trees/23240000-23245000.fa.contree	55		3e178812b2d89fe75acf65f81e1174a14e666be23b2b87ae21934a767831d973
w001640	28245000	28249999	28247499.5	ML_trees/23245000-23250000.fa.contree	55		ca0a826d08683220f03d33ab3b85dd2cc9358585f410ff1b98cd53540b29bd60
w001641	28250000	28254999	28252499.5	ML_trees/23250000-23255000.fa.contree	55		81d6218ec3b6c1f4d1a29612c96e3402f34b6312f819aa37fdbf17c6ac745c65
w001642	28255000	28259999	28257499.5	ML_trees/23255000-23260000.fa.contree	55		5a249c81b632a2aaea25b67f2c1021479c90742e0f1e28b1c006c656188a8d66
w001643	28260000	28264999	28262499.5	ML_trees/23260000-23265000.fa.contree	55		0883a6fd5d37d3afb7ada4e72384e0095907c99aea5c112d8d4c7d74268cfd89
w001644	28265000	28269999	28267499.5	ML_trees/23265000-23270000.fa.contree	55		22e56f4abf2baea7674475274871cfebcff8038de9508fe2d1aedb12d78a9ac5
w001645	28270000	28274999	28272499.5	ML_trees/23270000-23275000.fa.contree	55		9800561fd26ca923ca705c0654be8d94520e0a2fea11012675b74caa0e7acd82
w001646	28275000	28279999	28277499.5	ML_trees/23275000-23280000.fa.contree	55		8e1aad9cb3902fe94a583fee4eac2361e65fc7ea16458fa0c302d2df2e3caeae
w001647	28280000	28284999	28282499.5	ML_trees/23280000-23285000.fa.contree	55		b0b054bfdbab5b16fc169de92405e6691f5ac00ad2dc0b6a8c89b7a53bc4d9ab
w001648	28285000	28289999	28287499.5	ML_trees/23285000-23290000.fa.contree	55		ba3c678ec1007b0d06270da238865695ef59c5a3624da40116d68075ab747fd7
w001649	28290000	28294999	28292499.5	ML_trees/23290000-23295000.fa.contree	55		654a262ee9f0a56e4f964da0b90574e3afbee088336efa66158be9085b993805
w001650	28295000	28299999	28297499.5	ML_trees/23295000-23300000.fa.contree	55		fc53dc3b71cec10e6312095464e44b5279979580095034431337ad449716165e
w001651	28300000	28304999	28302499.5	ML_trees/23300000-23305000.fa.contree	55		393e65f96be6b9bad588e23995bb0b46a71e7e14ea5cfdeb7c8a23f3b6674d20
w001652	28305000	28309999	28307499.5	ML_trees/23305000-23310000.fa.contree	55		c9864e75ddfbbd2900aecd24e07b4a6ed5958b314c1eeeb93523b22b67201881
w001653	28315000	28319999	28317499.5	ML_trees/23315000-23320000.fa.contree	55		8296ae6b7be9c852ffb2798587f0bdc1d04acb83b8504a039eb6008b976ed96c
w001654	28320000	28324999	28322499.5	ML_trees/23320000-23325000.fa.contree	55		1715e9e47dd311a303073219954d681d84fa006c9ba964b666bc3beb5f0f4f7b
w001655	28325000	28329999	28327499.5	ML_trees/23325000-23330000.fa.contree	55		8ef8ec3eca444c47eee5e19366b49b2a113d657a34fc3a9b5b69f859a2ec69f4
w001656	28330000	28334999	28332499.5	ML_trees/23330000-23335000.fa.contree	55		c72daa1c55086e5e7db2485b6a196f67856978184818383d330a22f42df838b5
w001657	28335000	28339999	28337499.5	ML_trees/23335000-23340000.fa.contree	55		fef893bc33f3b571a68805bd46d78d211ff452aaff31e7c2df5e03d518673617
w001658	28340000	28344999	28342499.5	ML_trees/23340000-23345000.fa.contree	55		57c9dfb3b2a1ed0c34ba0d187b56396021b0b0e7f8063f7b988da25d18545af9
w001659	28345000	28349999	28347499.5	ML_trees/23345000-23350000.fa.contree	55		f64cfbe3984c96ad48720d13a6b1065bb199129e49a665b9d8f19192d1c69017
w001660	28350000	28354999	28352499.5	ML_trees/23350000-23355000.fa.contree	55		7b39240818c985083c443c9a1656eaaf01ead14f5b694b34afd4b0083a1a9ddc
w001661	28355000	28359999	28357499.5	ML_trees/23355000-23360000.fa.contree	55		0bb6074c08c53999be122313af632e2f5c524a6328811afee06756d05494ee9e
w001662	28360000	28364999	28362499.5	ML_trees/23360000-23365000.fa.contree	55		119c1c9a9d0829e60a1f68ac889eaf97f367c4c5a063895cc6680015a6c89b5d
w001663	28365000	28369999	28367499.5	ML_trees/23365000-23370000.fa.contree	55		babdde40901a99f74be44c5f7607ab8b898754f11709467c9cba1f9ec883f75d
w001664	28370000	28374999	28372499.5	ML_trees/23370000-23375000.fa.contree	55		09f240a5da92d5c95ffadf3ff12109624ea7289be0ebc00aa0659e329cfb8632
w001665	28375000	28379999	28377499.5	ML_trees/23375000-23380000.fa.contree	55		f8aab80707df0098a3fc3b89fbaffb5393029baa6b40590695c865f25709d49c
w001666	28380000	28384999	28382499.5	ML_trees/23380000-23385000.fa.contree	55		d4bae432f4e00aa91e0dc77d283db1ef7079928f4d27b796af279cda1fc6711b
w001667	28385000	28389999	28387499.5	ML_trees/23385000-23390000.fa.contree	55		c3529bca94320ba658b03aee5210b740618d19e179645e5523a9c45ea10f57a9
w001668	28390000	28394999	28392499.5	ML_trees/23390000-23395000.fa.contree	55		d8251e25e124a99f551f36522def2987cc530f7923fa39fea9f250732040631f
w001669	28395000	28399999	28397499.5	ML_trees/23395000-23400000.fa.contree	55		481c65c4489bead55ae4c610e388ae501f3024a1f80b79cc2230905c737de75d
w001670	28400000	28404999	28402499.5	ML_trees/23400000-23405000.fa.contree	55		5952aa5ee8b94480d4ac10e9b1233daf4a33ec673a5a6f37832800de610536a9
w001671	28405000	28409999	28407499.5	ML_trees/23405000-23410000.fa.contree	55		c3264020e56b55124ea13cb0b6dd03504d842383a0d2ce0d60dd8911be4700ad
w001672	28410000	28414999	28412499.5	ML_trees/23410000-23415000.fa.contree	55		2c18f2ecb12d51ab026e30643f61c6da1e285a089611e816f18ac8242dc7edab
w001673	28415000	28419999	28417499.5	ML_trees/23415000-23420000.fa.contree	55		7f70f036cc0897d0dacb2d8906a037fff49de80477e64185dc6f6b68a72ccc17
w001674	28420000	28424999	28422499.5	ML_trees/23420000-23425000.fa.contree	55		cac27940c9470cc658b21d05a3e704b7a99006dbc9f8c06a644409c0872501a3
w001675	28425000	28429999	28427499.5	ML_trees/23425000-23430000.fa.contree	55		71a2cd1885e5d592820dd46127d7ad2398975fd2bdaf40d4cb0c83c1b4c27338
w001676	28430000	28434999	28432499.5	ML_trees/23430000-23435000.fa.contree	55		180352db5605ecdb7b81df5b97bc2c32e6babda6ba6abaefacc21535fcd0f3c7
w001677	28435000	28439999	28437499.5	ML_trees/23435000-23440000.fa.contree	55		7b5cc9e859ac346c2d8a234f5aa76efdde7b3fe0ff90384c9ec3d118b626a4d8
w001678	28440000	28444999	28442499.5	ML_trees/23440000-23445000.fa.contree	55		85e50bc0ec27ee65011336e005713a2a07e66d3189fc87baaa90bdfdb5933880
w001679	28445000	28449999	28447499.5	ML_trees/23445000-23450000.fa.contree	55		056aa73a8923b769f70876bf37459f84fa284a7e81c079c7d32faea64e041802
w001680	28450000	28454999	28452499.5	ML_trees/23450000-23455000.fa.contree	55		0b80e997184bed9258c75779a810402675c2db46c2ba945b56bc93929c918904
w001681	28455000	28459999	28457499.5	ML_trees/23455000-23460000.fa.contree	55		6d9b2e6cd1540729991885e7176b88ab59f750e17e752fab816deb5f4c55540a
w001682	28460000	28464999	28462499.5	ML_trees/23460000-23465000.fa.contree	55		91952fc464334cad6597ead437e432bedb33ab6a5b02b6ae6a87d107fbaa4b7e
w001683	28465000	28469999	28467499.5	ML_trees/23465000-23470000.fa.contree	55		2ebfc4b4fe310abb8ad23deac9aa649af1813f15bf0578f50ea68fd048e4567d
w001684	28470000	28474999	28472499.5	ML_trees/23470000-23475000.fa.contree	55		728146d452c797c82b6fe8684afa659559e57b08fff7f15e3c24d80d10dda0e5
w001685	28475000	28479999	28477499.5	ML_trees/23475000-23480000.fa.contree	55		ae0dc1323bb84d6a5b3193c64ea32d3666a04b33b53ec99c3da57e56322cbe66
w001686	28480000	28484999	28482499.5	ML_trees/23480000-23485000.fa.contree	55		aa29e653776271f21821d9d7451608c9dd8df3040948dd9d34c12a5ba440dd5c
w001687	28485000	28489999	28487499.5	ML_trees/23485000-23490000.fa.contree	55		d713d68e4a3cd55a3ea1c929585b1aae55e08195d0c44a78dea997b363ebb784
w001688	28490000	28494999	28492499.5	ML_trees/23490000-23495000.fa.contree	55		fc7bae3751b6b53e6fd13845dcd8d43fe510f26b13d4423de143de0665c2f7bd
w001689	28495000	28499999	28497499.5	ML_trees/23495000-23500000.fa.contree	55		e4d35fd68f353d0c8de5ced537db2b98fe7b411b39903f201cf0abcb59989a71
w001691	28500000	28504999	28502499.5	ML_trees/23500000-23505000.fa.contree	55		4f47c16e76cdb787cf99826e6ef3f2e17773a1a166f38c8439b22ce54bd113b4
w001692	28505000	28509999	28507499.5	ML_trees/23505000-23510000.fa.contree	55		c404db2306c42387c7a857ce9ed1bc4cf52df4521695911fdd4dec49be33cf89
w001693	28510000	28514999	28512499.5	ML_trees/23510000-23515000.fa.contree	55		b1ef3c8cc5339683199b424e2fda37cb5ac3c3eda6cd12c1704bcaf8ba11e058
w001694	28525000	28529999	28527499.5	ML_trees/23525000-23530000.fa.contree	55		5f21061b1ff3d5384f25b9c5fdb4d150d712a7cd39231308ec6ed88147a429ad
w001695	28530000	28534999	28532499.5	ML_trees/23530000-23535000.fa.contree	55		bd43a0e0ab9f6f307139a212a5fd841356ed8978a42b7239d9f9537685abfcd4
w001696	28535000	28539999	28537499.5	ML_trees/23535000-23540000.fa.contree	55		9379c1d02ea3c8dddecbf816d29de1239ef34073ae879d34c384616eb1516177
w001697	28540000	28544999	28542499.5	ML_trees/23540000-23545000.fa.contree	55		b2353798a648116e3d761b5bb404ea246c3d7e8b99f580364cf418b8ab613607
w001698	28545000	28549999	28547499.5	ML_trees/23545000-23550000.fa.contree	55		f8bff1fa14c811deff99a3ac338e8533c387c0c6fc2ad9e01f669474aa8a7278
w001699	28550000	28554999	28552499.5	ML_trees/23550000-23555000.fa.contree	55		2e45c5c2f09e51ff23d72699412663c4796ea35dc4ef27ae95d36a2a446ad4fa
w001700	28555000	28559999	28557499.5	ML_trees/23555000-23560000.fa.contree	55		583d1881159d0abb2bac480709f43c22f3fec48b26677bbb6127a7e6f4628423
w001701	28560000	28564999	28562499.5	ML_trees/23560000-23565000.fa.contree	55		3b287e6944571b3803dc7a60d12c2ce188b5f15e705a32842c6b31d6d2bdfca3
w001702	28565000	28569999	28567499.5	ML_trees/23565000-23570000.fa.contree	55		8ddf708f57eaa13898f09c29f5181561d7c38b471ab503f17b2734ec94f9c7ea
w001703	28570000	28574999	28572499.5	ML_trees/23570000-23575000.fa.contree	55		fe26f50df14c58638f4a872b05989d556e3f94cc638266ae35af4016e84e5fdd
w001704	28575000	28579999	28577499.5	ML_trees/23575000-23580000.fa.contree	55		b84490dcb3262a4017019fcab5b390b10e48699ff77ec9ec08dd9938bf1555fa
w001705	28580000	28584999	28582499.5	ML_trees/23580000-23585000.fa.contree	55		10fc91e63a4f08108e7cfad7f3eeb5ab56dd4714512b68b206aa923ba74179b8
w001706	28585000	28589999	28587499.5	ML_trees/23585000-23590000.fa.contree	55		a3205ad376605b5049b5bc9779191cfb8a0b6c874c31f7ef9f277a8615223f12
w001707	28590000	28594999	28592499.5	ML_trees/23590000-23595000.fa.contree	55		44fd3839467c2c71d11ddb2be1e0838e02e78fc41f440b874fc11656bbbc2970
w001708	28595000	28599999	28597499.5	ML_trees/23595000-23600000.fa.contree	55		b0f70a8afc4c76db9922804c8a0328b1d31344ab9a56fd90881f7091a45261f2
w001709	28600000	28604999	28602499.5	ML_trees/23600000-23605000.fa.contree	55		5b839ee03890a43afe7afe45cd954057df91c6ab336a96ea2c8cf2902df6080c
w001710	28605000	28609999	28607499.5	ML_trees/23605000-23610000.fa.contree	55		4a5926107bdea7c373a9029b03c768876927c6f71b118eb39ead1c2824101d71
w001711	28610000	28614999	28612499.5	ML_trees/23610000-23615000.fa.contree	55		337b6a5f2a2f355f03cfbc267248d1ceb18a7731de3ea4c6c4e245df9adba026
w001712	28615000	28619999	28617499.5	ML_trees/23615000-23620000.fa.contree	55		6ffbcb7f30b20922514b73b2067c58184c7c957a43e94d7f2800446b2c7689d6
w001713	28620000	28624999	28622499.5	ML_trees/23620000-23625000.fa.contree	55		7609a8318125f5d648ec10b412b8dfd626b3191e7c1874703dac5c903fabda1b
w001714	28625000	28629999	28627499.5	ML_trees/23625000-23630000.fa.contree	55		419b6936c7c59d08f605c1d0c1e95006aea6c9c328502cc8ad73c4a79caa5482
w001715	28630000	28634999	28632499.5	ML_trees/23630000-23635000.fa.contree	55		3896c1edd1ee3e6000eebea3f15c4eee01f7fd5de810557868f472442f4e88d9
w001716	28635000	28639999	28637499.5	ML_trees/23635000-23640000.fa.contree	55		bd38dce562114451bd9b7072442c02cc4a7eee38b2f5d63ad3e5472e855cad6a
w001717	28640000	28644999	28642499.5	ML_trees/23640000-23645000.fa.contree	55		b7e35d80f5202e3c207b5af71501337493d6f7e4704e50a830a9e3116ba331d5
w001718	28645000	28649999	28647499.5	ML_trees/23645000-23650000.fa.contree	55		689a884ca5c6bca2b07bd5df6e92f01eedd1b5585abd7cb898df15bb64b1161b
w001719	28650000	28654999	28652499.5	ML_trees/23650000-23655000.fa.contree	55		945651f95b068f08be00a261faa094df5af8a9a72395569119b02f2b3b532fb1
w001720	28655000	28659999	28657499.5	ML_trees/23655000-23660000.fa.contree	55		73ab539b2247a546fdb1a23182bc745e7586d75f0e7f9966d9c33e470d847c91
w001721	28660000	28664999	28662499.5	ML_trees/23660000-23665000.fa.contree	55		d1caaabebd15c92576af91609fdb7f4adbe9e34d77f0966a3f7841f6ea1c87fa
w001722	28665000	28669999	28667499.5	ML_trees/23665000-23670000.fa.contree	55		f8b828360f2629afb200f09e1e1c183b96d079785d3deeb26d327545f5c309f1
w001723	28670000	28674999	28672499.5	ML_trees/23670000-23675000.fa.contree	55		22d6e0ce8281422acc2f2825bb0628809732e35dde9ba80f05d8d9c60a5c6849
w001724	28675000	28679999	28677499.5	ML_trees/23675000-23680000.fa.contree	55		f7828a5452fc3f29378c19fa2b9c8374eaf27751a9327430c2d3f49050e77e57
w001725	28680000	28684999	28682499.5	ML_trees/23680000-23685000.fa.contree	55		7562a5fb227ff139158fa54b8b5df57fded1a05458aa7565daca65edb066435a
w001726	28685000	28689999	28687499.5	ML_trees/23685000-23690000.fa.contree	55		811e34b1e4f8f2e15060d64a59e58e7395694b59feb53689906991c74975cd1e
w001727	28690000	28694999	28692499.5	ML_trees/23690000-23695000.fa.contree	55		f161933f9580ca6c3649a60af554d165f1dac48fae55c24b74d99de7a7ce074f
w001728	28700000	28704999	28702499.5	ML_trees/23700000-23705000.fa.contree	55		26d057a5f0291cfe77cc799526fa3dd49bc02ad4f42b49fa4845311ba2c30b78
w001729	28705000	28709999	28707499.5	ML_trees/23705000-23710000.fa.contree	55		41f83f7bd3a694782610f89acb4d892eb434152ce02b2f14531f70f6dda98dbb
w001730	28710000	28714999	28712499.5	ML_trees/23710000-23715000.fa.contree	55		917bcf241f7d9c0b9065690da7eca5e4fcbcf58e40c8300dc701e46f58236a88
w001731	28715000	28719999	28717499.5	ML_trees/23715000-23720000.fa.contree	55		b7b2aee578f8464d8a2d020e066565c563dfcc019bf9a6803c00c0ee7fa3eadc
w001732	28720000	28724999	28722499.5	ML_trees/23720000-23725000.fa.contree	55		3a91716a30450e6619ffc6b3f6ab050ffae03e64f0bd4f70055aae6cf1bd6b32
w001733	28725000	28729999	28727499.5	ML_trees/23725000-23730000.fa.contree	55		a734c67d530c877b921a8b19d218be8ae1499ca17202a3dc43911e5c8eb572ac
w001734	28730000	28734999	28732499.5	ML_trees/23730000-23735000.fa.contree	55		2a4ff75a927581e15815bd0da4001abbaa81781b6044a53617a3624ec8fa0652
w001735	28735000	28739999	28737499.5	ML_trees/23735000-23740000.fa.contree	55		b2f6907ccd64dc293173931a60fa57fbc5a4773733068a08cec5777dd5a212fc
w001736	28740000	28744999	28742499.5	ML_trees/23740000-23745000.fa.contree	55		48379b474020d14ec93517d0f0ccf2297c0518e642462009bade4cd35e5f7911
w001737	28745000	28749999	28747499.5	ML_trees/23745000-23750000.fa.contree	55		6ad26cc59965dc1ede25dbd02bcb3d3c7ff0416b28935ff3906a51570781b1b3
w001738	28750000	28754999	28752499.5	ML_trees/23750000-23755000.fa.contree	55		1f0d3a7643f373a7dd6415db86bbb0d18f9289bc92d3284a72e1bd4d6050aaeb
w001739	28755000	28759999	28757499.5	ML_trees/23755000-23760000.fa.contree	55		fe18a8b9d99acc6d5579d3eae495296706d1dedf7332a1116555fad3604cff40
w001740	28760000	28764999	28762499.5	ML_trees/23760000-23765000.fa.contree	55		99664cce23f56db031f129e06ba87160064ce4f857adab54708f21cac599f144
w001741	28765000	28769999	28767499.5	ML_trees/23765000-23770000.fa.contree	55		0f23c15973908fb01f7c7696d5fd9fe8906b9cc66f288b5feb7b30341998e6a6
w001742	28770000	28774999	28772499.5	ML_trees/23770000-23775000.fa.contree	55		1bc42f20cfc197bfaac82b1c6643f6ed89018392028afb4396063c2f90478779
w001743	28775000	28779999	28777499.5	ML_trees/23775000-23780000.fa.contree	55		aa045f31b02bf27b2cc561d679c31c29670836215d0b6f2d0cd0100c2371518d
w001744	28780000	28784999	28782499.5	ML_trees/23780000-23785000.fa.contree	55		621fe0ec4441eae24954b12fd083fcedaf93b85d0dab17883ade294af325ca82
w001745	28785000	28789999	28787499.5	ML_trees/23785000-23790000.fa.contree	55		d55a1dcf0a4bd4262356d75d77652b4235b70b4767ac4d6ab58991a4b253bc42
w001746	28790000	28794999	28792499.5	ML_trees/23790000-23795000.fa.contree	55		cc83511fd23ab920be8a1893f745a05fef529f4858ffb5d75bd0c899c6cd96d2
w001747	28795000	28799999	28797499.5	ML_trees/23795000-23800000.fa.contree	55		1aada0c7273c9fa02516f85ec5fbb5ce58d2c360abb8b03930f929eb07542f99
w001748	28800000	28804999	28802499.5	ML_trees/23800000-23805000.fa.contree	55		92c1c522dcf1ee03c4d4b026243c772ce54d579791aa44e2a23ab987d42705eb
w001749	28805000	28809999	28807499.5	ML_trees/23805000-23810000.fa.contree	55		535c53006b9f0c8df7420f3a5f11aeeef2de9ffb30181772fa1d14015c1b75bc
w001750	28810000	28814999	28812499.5	ML_trees/23810000-23815000.fa.contree	55		0d358688058bacd2adcb526c1e6d6f737bcfca9f22987a9b6e9d32e775776d19
w001751	28815000	28819999	28817499.5	ML_trees/23815000-23820000.fa.contree	55		e618a211f10f79030d3555d67a2d687900abbf55fcd0240d3e3fc943eb962a1f
w001752	28820000	28824999	28822499.5	ML_trees/23820000-23825000.fa.contree	55		6921c9b8d5e7f6ddc797deebe8bb827ea57d1fd803756e3cfecdec8bfe79411b
w001753	28825000	28829999	28827499.5	ML_trees/23825000-23830000.fa.contree	55		dfd710c77c7a34a46ad0fc5cf53ac50d7181cc0b43228605e5ecdd3ef4b929f9
w001754	28830000	28834999	28832499.5	ML_trees/23830000-23835000.fa.contree	55		e0b1fd220f155a7d647b6397f5641f0d292607e702bed166bc24694fcae4f6fb
w001755	28835000	28839999	28837499.5	ML_trees/23835000-23840000.fa.contree	55		0e0f790c4fa0941ff911e768581e8bafc4991945504fe4bb9bf1e83ab1ce18af
w001756	28840000	28844999	28842499.5	ML_trees/23840000-23845000.fa.contree	55		9b31585f776a18fcb745022190c574900ddeee1e4c0ef5725ddc053705b7605d
w001757	28845000	28849999	28847499.5	ML_trees/23845000-23850000.fa.contree	55		f6220ebbc7f5db676f5a77e16941b5cfc9e68beb0a75b08ef0c97b3c7a067ec9
w001758	28850000	28854999	28852499.5	ML_trees/23850000-23855000.fa.contree	55		865b9269e2ff146606cc3fb95de52e9f91e961cb8879be251610179d80f95fa8
w001759	28855000	28859999	28857499.5	ML_trees/23855000-23860000.fa.contree	55		e556f28ee226e79ab182252b61ea594be35998cfb37d20a0be5adb2b4f31ffec
w001760	28860000	28864999	28862499.5	ML_trees/23860000-23865000.fa.contree	55		9acb2b90e1b6df3438e5d5288a0980e0569d68666bb5298ea63ab6bc829ebe47
w001761	28865000	28869999	28867499.5	ML_trees/23865000-23870000.fa.contree	55		f6267c8f0251291544dba56f3c1bb07e415b70f567778d6dcf4aad3aebcb7bc9
w001762	28870000	28874999	28872499.5	ML_trees/23870000-23875000.fa.contree	55		ecac2e2c1291e2bbae2ffec7867331674866124ec9a71da822712ac0e05c75bd
w001763	28875000	28879999	28877499.5	ML_trees/23875000-23880000.fa.contree	55		d25b1587b65c8cde320188ade087196d1065ece446a5e53c2b609be6781e7eb9
w001764	28905000	28909999	28907499.5	ML_trees/23905000-23910000.fa.contree	55		9f67c7fb13c0e5389ed571b832de76bdaca6af94d35559c76f0226dcbeac2a3d
w001765	28910000	28914999	28912499.5	ML_trees/23910000-23915000.fa.contree	55		bcce2a2e5c82d7c68436a3841ea26038f610cd7b9296bb11e4cc4f6ced579aee
w001766	28915000	28919999	28917499.5	ML_trees/23915000-23920000.fa.contree	55		0e21c8ca9d57c6f29d85b9a91262d4626492800a26f45479201301e884cb588d
w001767	28920000	28924999	28922499.5	ML_trees/23920000-23925000.fa.contree	55		9ab1f4e1836f8f190b2d7a1e03fa48e8518dcdcde095dc6c2a23a5b94bc46780
w001768	28925000	28929999	28927499.5	ML_trees/23925000-23930000.fa.contree	55		c0392d4042c36e2a93cbc0a1141f88be2107de69c47c85c21c6a5fe221f34a17
w001769	28930000	28934999	28932499.5	ML_trees/23930000-23935000.fa.contree	55		ba0826f8ae526ef2c363d20a7c78e412987386f8e652f8cb2b3d30ffd256d29a
w001770	28935000	28939999	28937499.5	ML_trees/23935000-23940000.fa.contree	55		19f4cff6b7ee1ec1bc8f6f749ec58d191021068b9e59d5e09ef83c696abd2bb1
w001771	28940000	28944999	28942499.5	ML_trees/23940000-23945000.fa.contree	55		673e34c2439e98a980a8654a553ad8ad8a5e2a9e515e6262677b63c093731ae6
w001772	28945000	28949999	28947499.5	ML_trees/23945000-23950000.fa.contree	55		809b5ba3620623dbf5654b468e2185a8e074a3f3f213157420d9eafc51cab7d0
w001773	28950000	28954999	28952499.5	ML_trees/23950000-23955000.fa.contree	55		30acbd2fb580de56f7fcff171d20b17d55e4636feb22964d4b100c3f7c2253d9
w001774	28955000	28959999	28957499.5	ML_trees/23955000-23960000.fa.contree	55		742dd9f0165f832516b23ed21a3216bb8034613ceb77d626bd0464f551c8d674
w001775	28960000	28964999	28962499.5	ML_trees/23960000-23965000.fa.contree	55		b9bade9492ed93d674e12a20c2583bc8a2a307ae62f362e4023d55fae1a425ad
w001776	28965000	28969999	28967499.5	ML_trees/23965000-23970000.fa.contree	55		a9de39f2fa46d0829a0855c06a32a2e13132b105b767cdb90ced774fd5cff99f
w001777	28970000	28974999	28972499.5	ML_trees/23970000-23975000.fa.contree	55		bb755f39f1a356317f07aae0b94c4c240b28913aa155ca17bfbaf9b653442051
w001778	28975000	28979999	28977499.5	ML_trees/23975000-23980000.fa.contree	55		f21b56b77700a46044175a6beb5ccf0e9076f3e9f2a5191f821a4b9f074cc251
w001779	28980000	28984999	28982499.5	ML_trees/23980000-23985000.fa.contree	55		0ca12f2a0770d74ee08e7b247f5f92179dfe0ba73ed85f5859f890c59788860c
w001780	28985000	28989999	28987499.5	ML_trees/23985000-23990000.fa.contree	55		8487b0f4da15a07703445524881a2a15c73da67879022f2fba8084dd88bfe42c
w001781	28990000	28994999	28992499.5	ML_trees/23990000-23995000.fa.contree	55		2b80fbd0e35d87df095e73321cc5b0a2e056370e4102f0c021be62336724e90f
w001782	28995000	28999999	28997499.5	ML_trees/23995000-24000000.fa.contree	55		052553cd4576e6b31f954f9d37ec5c492e58e2a06a22805ed241d358a5cc455c
w001784	29000000	29004999	29002499.5	ML_trees/24000000-24005000.fa.contree	55		b5493bcd8bb354e46be3b11984d3e40e7326fc8b624b94b4243ab9a8b770afad
w001785	29005000	29009999	29007499.5	ML_trees/24005000-24010000.fa.contree	55		54296948a528ddadda61259ba2556f7afd2a6ae5a0a32d81d4802d1b925b1560
w001786	29010000	29014999	29012499.5	ML_trees/24010000-24015000.fa.contree	55		f126570c42f57004d7a1955e986c332a22a26cb34ba4979e62267a611a5542b2
w001787	29015000	29019999	29017499.5	ML_trees/24015000-24020000.fa.contree	55		4a91a0652c1d19fa77b648c69f51db83633e04b010ed2625ab094b5ad9a77fd1
w001788	29020000	29024999	29022499.5	ML_trees/24020000-24025000.fa.contree	55		04cf26f19b0cafcee0803dba3927da5dadf586d62096f74ce30af7efe8f80a6b
w001789	29025000	29029999	29027499.5	ML_trees/24025000-24030000.fa.contree	55		c80973127876b8edf1cca964f1d836f627dac24a1cc30de96411f21eb39bf860
w001790	29030000	29034999	29032499.5	ML_trees/24030000-24035000.fa.contree	55		f3d99916ee6f0541aec1dbb4578d044e626b46cd0b311cbd7ca53796ea62f034
w001791	29035000	29039999	29037499.5	ML_trees/24035000-24040000.fa.contree	55		68af88dbe4226495596772a7d68adb5cd9f486fe837425dcd226530600f0ce51
w001792	29040000	29044999	29042499.5	ML_trees/24040000-24045000.fa.contree	55		f369a2ac65a121987ac5bb7f10e3b803118143f407074d61ea1e1241a386b0d4
w001793	29045000	29049999	29047499.5	ML_trees/24045000-24050000.fa.contree	55		da2d1b561576eee91457c21ed59b1aef3f59e7f539bce74a6201e0b602567d80
w001794	29050000	29054999	29052499.5	ML_trees/24050000-24055000.fa.contree	55		5c0af02557cd09f01a9402fa1a478097462ed80761ed897e7e26332bfbc24df2
w001795	29055000	29059999	29057499.5	ML_trees/24055000-24060000.fa.contree	55		711979a6924efc1375a4eaa93693afe8c0185151ed6284f4e1dab7ec3486dd21
w001796	29060000	29064999	29062499.5	ML_trees/24060000-24065000.fa.contree	55		1d0bdcf07e4a57538ca1a69441cf4a5659ef3ddb275d852c0c7767dce98d6fc9
w001797	29065000	29069999	29067499.5	ML_trees/24065000-24070000.fa.contree	55		f5b097cc0947e949859d454ea5139ab2ebb48ef938954fe7ae40df16ff28971e
w001798	29070000	29074999	29072499.5	ML_trees/24070000-24075000.fa.contree	55		e2aa1be4c8fdcf34b20266a46cc623871f0d77ee59069b8857e578033e6593e0
w001799	29075000	29079999	29077499.5	ML_trees/24075000-24080000.fa.contree	55		9d2edf039b2dbd1f2355e6e213d9745e6d91d2a1363dcd0d1940e92e320e1a32
w001800	29080000	29084999	29082499.5	ML_trees/24080000-24085000.fa.contree	55		c7bd06092bd2ea88f9a3f1c5e9de325f6e9a23a8cd6d9f4002a1463fe25c0e25
w001801	29085000	29089999	29087499.5	ML_trees/24085000-24090000.fa.contree	55		ee2d55d03b4f6fb0b2e6b998c085382e66d8a23eed25b9750367f13fb978501a
w001802	29090000	29094999	29092499.5	ML_trees/24090000-24095000.fa.contree	55		fd49ab95d26a90b6482082f0f191cf67689bcc000af76a3590f2528a9c9fd184
w001803	29095000	29099999	29097499.5	ML_trees/24095000-24100000.fa.contree	55		5fdeba6e6dcf101df2ba37ede0f4d8d1b8a04d1b6a94d74b7bc19b118e9d67e0
w001804	29110000	29114999	29112499.5	ML_trees/24110000-24115000.fa.contree	55		6b7c3f5e12c7627d47af0a6067b02c79d24a5987c3d281393aca58b3b43c35f8
w001805	29115000	29119999	29117499.5	ML_trees/24115000-24120000.fa.contree	55		ba4d04c0b46077cdeaf9c7661e972cdf0a4957f4d2b7690e2e78d00dd748fe1f
w001806	29120000	29124999	29122499.5	ML_trees/24120000-24125000.fa.contree	55		030f9821dd141dedb8ce15cc1fe389eac38e007e1504915749617722ac598af5
w001807	29125000	29129999	29127499.5	ML_trees/24125000-24130000.fa.contree	55		29974345a07a847fda8910d216d69d8a6ba5ec6ef3fc48d121ba8eb7aace3ffc
w001808	29130000	29134999	29132499.5	ML_trees/24130000-24135000.fa.contree	55		3ff8426d3bf4b878b1f11ffa0c3b01839780ed7e19fb258bb1965c4cac677f0c
w001809	29135000	29139999	29137499.5	ML_trees/24135000-24140000.fa.contree	55		3d402196c9f3e735de6eb4d4523f739f45d2f4d358abee23c25211d1a54403dc
w001810	29140000	29144999	29142499.5	ML_trees/24140000-24145000.fa.contree	55		2743e358129bace231cc0a915dbc43fcc9f50fc8ed160de14c5bc52bfdbd6f86
w001811	29145000	29149999	29147499.5	ML_trees/24145000-24150000.fa.contree	55		2e025d4ac199a0da431ba338a6f3a5670643dc41b2ee6c9dc38c3dcba58923c9
w001812	29150000	29154999	29152499.5	ML_trees/24150000-24155000.fa.contree	55		7f1f6fbda299493ecb1e05e81d02d187e0878bab09a8960c3a413a443d8a5a03
w001813	29155000	29159999	29157499.5	ML_trees/24155000-24160000.fa.contree	55		3ebf675da8f1d2357f28918bf743b8306f5c152c23b793953cefd70e3d2b19d3
w001814	29160000	29164999	29162499.5	ML_trees/24160000-24165000.fa.contree	55		d5885e7c13fd1cf8e862675eb1e4075d957b9bd54a26a19972ccaa9cf22ea8af
w001815	29165000	29169999	29167499.5	ML_trees/24165000-24170000.fa.contree	55		5ec33b7f0512e52d925c87be6896a2d3212df4016581d730ca86e6ca98cc0657
w001816	29170000	29174999	29172499.5	ML_trees/24170000-24175000.fa.contree	55		bf6ac3f04884c2f9803891d15ded813547ccacadd7aa77742ce24536b3fd684f
w001817	29175000	29179999	29177499.5	ML_trees/24175000-24180000.fa.contree	55		f0dcbd9304805e5a7263d964929f0cbb306e6bed9f69e9dbcd078f8fdbcf4069
w001818	29180000	29184999	29182499.5	ML_trees/24180000-24185000.fa.contree	55		16332c44b0811ef81f51320187ca875bea4e6a378d044edc6d034e347d80446a
w001819	29185000	29189999	29187499.5	ML_trees/24185000-24190000.fa.contree	55		1477e9114ee1aa02a4b68fb779b55d30331752b276af686a2f8d98732c86b013
w001820	29190000	29194999	29192499.5	ML_trees/24190000-24195000.fa.contree	55		446c80e6c7fae69bc51b65574cec26487fc0e2a34b608282372a5fe3f5e991ec
w001821	29195000	29199999	29197499.5	ML_trees/24195000-24200000.fa.contree	55		53e34f76649c0b82e2d5cda4e60eac4f6c61ca8bad2d6c25b2126c3006beeda0
w001822	29200000	29204999	29202499.5	ML_trees/24200000-24205000.fa.contree	55		935ac9595b455c382ef8b11d96c9ab494b1f562fdf88bf6268663871b5a5d9f5
w001823	29205000	29209999	29207499.5	ML_trees/24205000-24210000.fa.contree	55		1e0118d4fcb5cf69ac822236e1dd9930e2608cc896569425e14d93dfae391368
w001824	29210000	29214999	29212499.5	ML_trees/24210000-24215000.fa.contree	55		7a5e6f4558907a1a04d63b12f2b56f13cec53699b99b07c465c6f9fd1f6a35d1
w001825	29215000	29219999	29217499.5	ML_trees/24215000-24220000.fa.contree	55		965626816ec061fa92496939a14955ea60c9ba962052a8af5097a1da737bd7a9
w001826	29220000	29224999	29222499.5	ML_trees/24220000-24225000.fa.contree	55		d1eacc8680c853d33a0d250db426057344652a2a9e1ddecc4f8ea609f9043cde
w001827	29225000	29229999	29227499.5	ML_trees/24225000-24230000.fa.contree	55		3d8e20ca2c118faa601e91e6e6ab56bf9b8d586832487fdd629e364ed432848a
w001828	29230000	29234999	29232499.5	ML_trees/24230000-24235000.fa.contree	55		af3e12ccd269ca7ac6168a1788882038d6695d16276c41e267e41dec3953df1f
w001829	29235000	29239999	29237499.5	ML_trees/24235000-24240000.fa.contree	55		4ed994fc8d4285d4bab97556d1b1cec0e1b1846e9cabdfe4e462a189898ac907
w001830	29240000	29244999	29242499.5	ML_trees/24240000-24245000.fa.contree	55		0a0e90e6f639cf087bd00a952fdaf93532cd7128a54ea23b3b0b279d6a93547e
w001831	29245000	29249999	29247499.5	ML_trees/24245000-24250000.fa.contree	55		dc7879a88665c9ff86521d90463fdc42e34ea5c09382c6e0363099ca09fdd9ad
w001832	29250000	29254999	29252499.5	ML_trees/24250000-24255000.fa.contree	55		5c2a7d1f732081ed686a916cdf2be3c17238ae5aced6856ec4baa1cde5bf2b77
w001833	29255000	29259999	29257499.5	ML_trees/24255000-24260000.fa.contree	55		f1ea70477e2dcd8eb262bcfe5a6641d862ef44879f9fdbe1e48538ff120b729d
w001834	29260000	29264999	29262499.5	ML_trees/24260000-24265000.fa.contree	55		8b81ed67acb77efe5fa6d5082a17add3ce820586d8b1ef7fd19e238c2dd4d43c
w001835	29265000	29269999	29267499.5	ML_trees/24265000-24270000.fa.contree	55		db57e470ef615ef1090ff80403f3638a8dc55ed9f882b800406b3a69239eb828
w001836	29270000	29274999	29272499.5	ML_trees/24270000-24275000.fa.contree	55		e6a8aca9a5ce60dad9710a7d68bf6c2dc93584ee5625492d9a24b124b907321d
w001837	29275000	29279999	29277499.5	ML_trees/24275000-24280000.fa.contree	55		946c541426605f31a65b002233526e0f23269d298c0a627cc492cc83e60ec5e4
w001838	29280000	29284999	29282499.5	ML_trees/24280000-24285000.fa.contree	55		cae8f5dddfe3d121a849595478ae18c38525b32daee3790c81b252d15bc81a03
w001839	29285000	29289999	29287499.5	ML_trees/24285000-24290000.fa.contree	55		ab9cdad31d1e9ebb1a9d59a986ceff5b0b54471fcccb0c1e1b814ec48d368568
w001840	29290000	29294999	29292499.5	ML_trees/24290000-24295000.fa.contree	55		802fc8877d60b423040100296721294470a879c6c0123ea56bf6ec3970e209de
w001841	29295000	29299999	29297499.5	ML_trees/24295000-24300000.fa.contree	55		ad93caadb9fa8eb3942fd6f4e90a4320068da0d8f78fefd614256def7504ba24
w001842	29300000	29304999	29302499.5	ML_trees/24300000-24305000.fa.contree	55		78ff2f49a6db35cdcc538cddfe1fa249d5d79e88729f967620e55861c56298b3
w001843	29305000	29309999	29307499.5	ML_trees/24305000-24310000.fa.contree	55		35e6218b893799aa90527c518f5462295e7872c78fc5e179003b30174217e691
w001844	29310000	29314999	29312499.5	ML_trees/24310000-24315000.fa.contree	55		1b0068e837d188cfc40744748f031ac04f44958e3bfbceb78077140618ece71e
w001845	29315000	29319999	29317499.5	ML_trees/24315000-24320000.fa.contree	55		b4324f8ed4b34d815dcaffee2448a8f0899e3507427b7f7b7dddcb3dcefdf0ba
w001846	29320000	29324999	29322499.5	ML_trees/24320000-24325000.fa.contree	55		6112fe2e7e79072bb18b15ab358de5451dbbf4eeba169eda04504a9e0b20dfe0
w001847	29325000	29329999	29327499.5	ML_trees/24325000-24330000.fa.contree	55		b8960555646216df83bb22546eed705107d5679cb0594d0cd429edaaec38534e
w001848	29330000	29334999	29332499.5	ML_trees/24330000-24335000.fa.contree	55		3bcf96f1e9718f692878cf0359ec12b94bd714135aad75797ed348129850b312
w001849	29335000	29339999	29337499.5	ML_trees/24335000-24340000.fa.contree	55		4ea03f13f80f8d6d024630bc04b6aae32eda7c2f20f136b88614a24ce592a4ac
w001850	29340000	29344999	29342499.5	ML_trees/24340000-24345000.fa.contree	55		3becef80babcf185c967e14f785d8b3e47b2d2727c3445afaa1d10cf06fedeb2
w001851	29345000	29349999	29347499.5	ML_trees/24345000-24350000.fa.contree	55		b17adceaa5b53527e549d86712b2302d7736be884bbac58385223a08973982b1
w001853	29350000	29354999	29352499.5	ML_trees/24350000-24355000.fa.contree	55		4c070b787d52d37a8a196f57960e0db04c8d7bd20181bcfe58dc641ae79e5948
w001854	29355000	29359999	29357499.5	ML_trees/24355000-24360000.fa.contree	55		2a4bad23bb06c4ae7fc0ef14258d12498930eafcb9fc3ca46c186768b44a65ce
w001855	29360000	29364999	29362499.5	ML_trees/24360000-24365000.fa.contree	55		97fc06a5f5e6c1d8f1dee0a046a28883f0ba515b4b041be67a02aee305a3adb8
w001856	29365000	29369999	29367499.5	ML_trees/24365000-24370000.fa.contree	55		6c3db1d75a1f801079b94d266932531021ee12f1d8084a1fa70c86661b84e483
w001857	29370000	29374999	29372499.5	ML_trees/24370000-24375000.fa.contree	55		9a4b68cc3f49c8882f70a9299340867d849c5d7a828b33948deca73e179c474f
w001858	29375000	29379999	29377499.5	ML_trees/24375000-24380000.fa.contree	55		79f2da4c664046e9e5c6e0f006fdd304306d9626ea0aa60d3aaccf8ca7bfbd75
w001859	29380000	29384999	29382499.5	ML_trees/24380000-24385000.fa.contree	55		f85d1e90a5844a75091426ed916cf1c302c7a414926cfddf1d4d6ea9c4c8a0a8
w001860	29385000	29389999	29387499.5	ML_trees/24385000-24390000.fa.contree	55		5132d579305fd8c760fb8d929278bc674c22be31f61234284a2baa6675470065
w001861	29390000	29394999	29392499.5	ML_trees/24390000-24395000.fa.contree	55		50baa471446facbfa706df65fd9097edfa3e2be44a04fc8ac9ac0f6e502b649b
w001862	29395000	29399999	29397499.5	ML_trees/24395000-24400000.fa.contree	55		d0b28d805c29b7f13f45eeba7a8091bd90821b4c5568e4de4a295fb715a0ca29
w001864	29400000	29404999	29402499.5	ML_trees/24400000-24405000.fa.contree	55		98c1552d236785ac486f1f5dd81e07bbf1f28dba5e8ddf5204a88c9a38c82b10
w001865	29405000	29409999	29407499.5	ML_trees/24405000-24410000.fa.contree	55		b3f7135b095492e0751c58ea8a4db93ff57b631c3266532630a556d2768e5014
w001866	29410000	29414999	29412499.5	ML_trees/24410000-24415000.fa.contree	55		fcc93750955d6d66e50bd9007d804670e79e64900e1afdb687aac166f217b372
w001867	29415000	29419999	29417499.5	ML_trees/24415000-24420000.fa.contree	55		6f12f780d4682cbc73046ae5eab3795d7e82e69ae42b8b4b8abfdafdd5bada8b
w001868	29420000	29424999	29422499.5	ML_trees/24420000-24425000.fa.contree	55		772b3ecf080ba9d71eb7b1630585d3a7516e817b6fae1bbb072972231fe10402
w001869	29425000	29429999	29427499.5	ML_trees/24425000-24430000.fa.contree	55		aef971f4b1b51c0b463d7b1937f5c854cd0ef8883cf9f1445be5f68f188d3485
w001870	29430000	29434999	29432499.5	ML_trees/24430000-24435000.fa.contree	55		aaff7017d4a1fc8eacbe53e5d42c6121636d294457501362471329b797f5ca32
w001871	29435000	29439999	29437499.5	ML_trees/24435000-24440000.fa.contree	55		18e75041c54a94a9fe25d023d04a67db0bfc436e20224331a8d0bdc6f5b8d44f
w001872	29440000	29444999	29442499.5	ML_trees/24440000-24445000.fa.contree	55		2f2b95d80eff7c56867c5255d6af468e4e34efd74ef40c2c4c25aa9b9a295b29
w001873	29445000	29449999	29447499.5	ML_trees/24445000-24450000.fa.contree	55		0f433fe98e7f9956c380e8e36b0fbb2bbe9a9da117c667d892e46aa18555bdba
w001875	29450000	29454999	29452499.5	ML_trees/24450000-24455000.fa.contree	55		5ef68393efc3f59bb6e6846819f1a2dc4563571042f21ef6cabd780a66269cac
w001876	29455000	29459999	29457499.5	ML_trees/24455000-24460000.fa.contree	55		65193530f408aaf752a8125e23a73a633f9a866f66921638c10f3f7f0abd308f
w001877	29460000	29464999	29462499.5	ML_trees/24460000-24465000.fa.contree	55		df75837c5b7f38bd27a6534af3149b18bf4156f40bdaedae75ebe99f0dd7c1a6
w001878	29465000	29469999	29467499.5	ML_trees/24465000-24470000.fa.contree	55		cbcaa519ba99f0d608630a0d744d234385af0a3506d16327f4c3bbead8fe36cd
w001879	29470000	29474999	29472499.5	ML_trees/24470000-24475000.fa.contree	55		953d7908adcd00e7ad9f674dad2c0c112fa23c31cb9f9b379e9f4303b77072c7
w001880	29475000	29479999	29477499.5	ML_trees/24475000-24480000.fa.contree	55		bc8fd6e0f31f3c07115d3ab2d33b83856897d6573a1e8866223e04f2816ec590
w001881	29480000	29484999	29482499.5	ML_trees/24480000-24485000.fa.contree	55		0c36e0818d61aac6110382b6cb29bfda2f4b22a03842ba61526b08308e0db17a
w001882	29485000	29489999	29487499.5	ML_trees/24485000-24490000.fa.contree	55		286619fa88716d640afa3799799075add21e16ac2958f8cf43f2d94abfc565c0
w001883	29490000	29494999	29492499.5	ML_trees/24490000-24495000.fa.contree	55		9e97ba0231614a7279230be6c28a9ae606351520b3ded3b50094d3aa6e44bdb9
w001884	29495000	29499999	29497499.5	ML_trees/24495000-24500000.fa.contree	55		698f399fb03fe30a4553a54eefced6157896f19d5b7f31ed9cf09c8c41e9a54b
w001887	29500000	29504999	29502499.5	ML_trees/24500000-24505000.fa.contree	55		82cfb1e10921e7ca80cb16dc1ca696a691ea54a00bec4a38372a33cabb9bfcbb
w001888	29505000	29509999	29507499.5	ML_trees/24505000-24510000.fa.contree	55		e3ff556e2586673e2a4c9a58edc21efe408e8249c36be179461b33ef0b1e382b
w001889	29510000	29514999	29512499.5	ML_trees/24510000-24515000.fa.contree	55		49079c806910e39c880342afb377286aa5a9ae1695d1255c34854ced75516121
w001890	29515000	29519999	29517499.5	ML_trees/24515000-24520000.fa.contree	55		d4b84a84dcb22179826c9d3b2f665c1420d26f948f102ebd7b41e6307eea3a92
w001891	29520000	29524999	29522499.5	ML_trees/24520000-24525000.fa.contree	55		425069955b9febdaf5f57883590930a1d210eb651254abbfe38db2362be31998
w001892	29525000	29529999	29527499.5	ML_trees/24525000-24530000.fa.contree	55		a9211ea76adc675d0f5497f213dce2c9a75333d4676c599546968e7ef12ef9d8
w001893	29535000	29539999	29537499.5	ML_trees/24535000-24540000.fa.contree	55		f9e9c6b6f61625f43c06395ca4c9f87f66376907d321fdd3a492c4e30f6c60b4
w001894	29540000	29544999	29542499.5	ML_trees/24540000-24545000.fa.contree	55		8e93fe638584c96b3e664de7840ebb78a5c63f3a2feafa794dcf66b399c3ea88
w001895	29545000	29549999	29547499.5	ML_trees/24545000-24550000.fa.contree	55		e9a712268159ab9975122a192fb476b3827d015a15deb30142c75bf40bdd0d2c
w001897	29550000	29554999	29552499.5	ML_trees/24550000-24555000.fa.contree	55		e36b0d64ef1207eba7d118651cf23354142c38c1a05f3007dce6f786c425af89
w001898	29555000	29559999	29557499.5	ML_trees/24555000-24560000.fa.contree	55		01074c18ce0957a29c8c8b6c07ada56294eb6516587d2e898a58a50d4f077f70
w001899	29560000	29564999	29562499.5	ML_trees/24560000-24565000.fa.contree	55		5a4a5e4798377bfe781e0b927cff714cfe09a40324c1d4a3bdb7a658d9deb013
w001900	29565000	29569999	29567499.5	ML_trees/24565000-24570000.fa.contree	55		12b9eecde448ad529a76a6854464a5e12dea490f00cfed5d4ea58e5a4c367f8e
w001901	29570000	29574999	29572499.5	ML_trees/24570000-24575000.fa.contree	55		d04fc525e9dd3dea89c633902d024fa701f8062afc0b28f319ceb86122481fea
w001902	29575000	29579999	29577499.5	ML_trees/24575000-24580000.fa.contree	55		65938030ab8cfe9aab216cecd61b9f8670de0b2a342fb4c645cdb43d49b6ac66
w001903	29580000	29584999	29582499.5	ML_trees/24580000-24585000.fa.contree	55		decfd4203cb2c685a56e16eebf6f7ea3ab917c2f94dd91131f10d534a529f649
w001904	29585000	29589999	29587499.5	ML_trees/24585000-24590000.fa.contree	55		69de6346b1075cbda9e958bc0b5332535b3764da81a1d6e3fb964e4beca174e3
w001905	29590000	29594999	29592499.5	ML_trees/24590000-24595000.fa.contree	55		89e35c5500759295a8127b9cc35792c351817524fdbb3cc63301705ec54fd6fa
w001906	29595000	29599999	29597499.5	ML_trees/24595000-24600000.fa.contree	55		10a8edc0541c419f85858c96908fcfef5ce148cc5037f1e2fa21a061aa5ddc6f
w001908	29600000	29604999	29602499.5	ML_trees/24600000-24605000.fa.contree	55		71dfe18c578daa049f71a99a9a288ddff07b1ce242bfc86f828f59dbf41c4a23
w001909	29605000	29609999	29607499.5	ML_trees/24605000-24610000.fa.contree	55		99543c9c8544a5039b27e8ea17d57cdc6ab8e263bf331633e13f63165a43ef8d
w001910	29610000	29614999	29612499.5	ML_trees/24610000-24615000.fa.contree	55		d5a47bf11ef50fac1498b26b6ee3ce01943d42825c5be793389decd00fdf44a3
w001911	29615000	29619999	29617499.5	ML_trees/24615000-24620000.fa.contree	55		a7ff8600bef2af08dc94202e1e50563ce612f1bc1609c696346030481b53dbe1
w001912	29620000	29624999	29622499.5	ML_trees/24620000-24625000.fa.contree	55		afcbc67c310739785fd66a3c209c280b573602ecdf3015b70d6bde951348ae18
w001913	29625000	29629999	29627499.5	ML_trees/24625000-24630000.fa.contree	55		c6d0d4184bbebb382bde0681c5c38d878c17d36fd63bea4ac99a9a929c169fb6
w001914	29630000	29634999	29632499.5	ML_trees/24630000-24635000.fa.contree	55		668eb0bfb7859fc4fb1b24019883f19dd2148bbf4bea5b4a4fa26a5f7441c97a
w001915	29635000	29639999	29637499.5	ML_trees/24635000-24640000.fa.contree	55		fc0832d58c854ee7906e97fad49844c114647f3de86c588b273e39aa7e6b734f
w001916	29640000	29644999	29642499.5	ML_trees/24640000-24645000.fa.contree	55		66ec784d5d15fb60f84790e2d1e1844d2e97f4d84fd064a3b3cc5bb0165f1db1
w001918	29655000	29659999	29657499.5	ML_trees/24655000-24660000.fa.contree	55		7acda2c95b02288e41210a3cf7b2e09f09610cf230266b05f0750b2b3c32681b
w001919	29660000	29664999	29662499.5	ML_trees/24660000-24665000.fa.contree	55		215bd157153e1960afdfb07ac8360d90933a8a88365d4aa2d4de4a8109d64884
w001920	29665000	29669999	29667499.5	ML_trees/24665000-24670000.fa.contree	55		fccd8c9ae65bc401508d3e6e756fb2251cc920907ecc77aa33a9184bd9c50804
w001921	29670000	29674999	29672499.5	ML_trees/24670000-24675000.fa.contree	55		b404b5131fa2d0ef9928e03fb052b14cae34950c0abb33c1eace6ecd59fedd53
w001922	29675000	29679999	29677499.5	ML_trees/24675000-24680000.fa.contree	55		d07a2532d356bcf2292f3782648405505ff5b6731b0062161463f2756dc4a1ca
w001923	29680000	29684999	29682499.5	ML_trees/24680000-24685000.fa.contree	55		202223c7f1d95076f94660630801106b458161e66a7ecba39143ab6670325b78
w001924	29685000	29689999	29687499.5	ML_trees/24685000-24690000.fa.contree	55		ec1659349df9d395fc83a3172fe60a9d887936c22b8a9933f25937ceeeb20c1e
w001925	29690000	29694999	29692499.5	ML_trees/24690000-24695000.fa.contree	55		49730f809205a53c03afcf61af19701e872ab35790152c1bb7a09db784f5a427
w001926	29695000	29699999	29697499.5	ML_trees/24695000-24700000.fa.contree	55		c5d82547e3c8f2fba74f4fc4351600483c563054129f8b0902f221f1dbd4cc0b
w001927	29700000	29704999	29702499.5	ML_trees/24700000-24705000.fa.contree	55		e9c8339856ab306b0c53289503884a5f03e97e58bae6fbc854b732e238c03188
w001928	29705000	29709999	29707499.5	ML_trees/24705000-24710000.fa.contree	55		710a83f224c951605de1a8f1a143b65197adad11651539fe203ef8394924f2da
w001929	29710000	29714999	29712499.5	ML_trees/24710000-24715000.fa.contree	55		1f167028dbbfcadf407a1532fcc62718a1e1e9628b9a80d51abf6a9660f66c9a
w001930	29715000	29719999	29717499.5	ML_trees/24715000-24720000.fa.contree	55		65633072c3b72f40c3e726cd0c00205300cce74dc08b6939eff3d1310cff95ca
w001931	29720000	29724999	29722499.5	ML_trees/24720000-24725000.fa.contree	55		2be23130037f723855261899205ba08488f7d1f1e2764828766069b69b2fe457
w001932	29725000	29729999	29727499.5	ML_trees/24725000-24730000.fa.contree	55		793999c7b28207d4b379056436203ac2e3b65ac67228e9dcbb658d266cbdcdb2
w001933	29730000	29734999	29732499.5	ML_trees/24730000-24735000.fa.contree	55		7eb580f00c8445191f994a62870e73d4a52c54e7a3cc279c85059d41fe666ff5
w001934	29735000	29739999	29737499.5	ML_trees/24735000-24740000.fa.contree	55		ceebd259c6780adfec47576d1fbedbb9d92e4d9bacc6872ab62058715bb1bee8
w001935	29740000	29744999	29742499.5	ML_trees/24740000-24745000.fa.contree	55		674c47a69687a37f85d34d04fcd620e1e0f9e06b217a61e64fd3e12c314c6f55
w001936	29745000	29749999	29747499.5	ML_trees/24745000-24750000.fa.contree	55		9f8f0168edc073d4ab8a7284833dd91e709a25f60d5ba68b46d31fd6381ff387
w001937	29750000	29754999	29752499.5	ML_trees/24750000-24755000.fa.contree	55		c45aa6b31a326c8dee35390e4ebcf7639c3fe1245833b0745e9596062f6a00d1
w001938	29755000	29759999	29757499.5	ML_trees/24755000-24760000.fa.contree	55		ef10c3b6eb19f9878d1c3f4d02d40e6c721f6008cdba1afdfa55a67a8123c70e
w001939	29760000	29764999	29762499.5	ML_trees/24760000-24765000.fa.contree	55		51a96f0999c13cf23405a3649d8c3b2a62e30628ad00f28f05ddcfeddd3bb277
w001940	29765000	29769999	29767499.5	ML_trees/24765000-24770000.fa.contree	55		205131dc76cd934d65cf2cade53d83cc6375e9398ca492b48931b550250ab431
w001941	29770000	29774999	29772499.5	ML_trees/24770000-24775000.fa.contree	55		e644345a6f2432f8b3cc4c4bf85119dbde5fb60fcec4551b35d5f93abc718482
w001942	29775000	29779999	29777499.5	ML_trees/24775000-24780000.fa.contree	55		b0ede6b09ee648454eca8a1554950d5e9b0cea34186544e33995b588e62fa290
w001943	29780000	29784999	29782499.5	ML_trees/24780000-24785000.fa.contree	55		dc7d4c111e86e83449ddb0719bc3de8e0baa8bfcf6b7355ba8c3b790ef0e8468
w001944	29785000	29789999	29787499.5	ML_trees/24785000-24790000.fa.contree	55		e720f824e3b7ffd7f03c2e4ff2653757d29cda5cb34749449e58b85e1b533df3
w001945	29790000	29794999	29792499.5	ML_trees/24790000-24795000.fa.contree	55		73d827ab69fae06148cb98497b8081b995012982272ae7edd68c81e6bf1b39e0
w001946	29795000	29799999	29797499.5	ML_trees/24795000-24800000.fa.contree	55		1c8ea83540bdd992d1f14ec82e338fcb30c74e76b73b9221bb3a89fd39c3b3f2
w001947	29800000	29804999	29802499.5	ML_trees/24800000-24805000.fa.contree	55		6348feccdd78da86ab225482b1816d4d8dead289867fe80ae7be8b7554f3fef1
w001948	29805000	29809999	29807499.5	ML_trees/24805000-24810000.fa.contree	55		e0ef54001edc1908a3692f82132879ea959575bad2919325b7fdec6369dcf930
w001949	29810000	29814999	29812499.5	ML_trees/24810000-24815000.fa.contree	55		c055d0218d1629f226cfdddce6a13f826461434995215d3fbfa59688a476f7ac
w001950	29815000	29819999	29817499.5	ML_trees/24815000-24820000.fa.contree	55		59d2d35c40dd957b7431e74dbf98092eb41f234e221ae01f5b7c29a5d8517150
w001951	29820000	29824999	29822499.5	ML_trees/24820000-24825000.fa.contree	55		4323fa62cfd3fd146e4f2c4f84c285b9da14b519cca20d9ee757435279aebaf4
w001952	29825000	29829999	29827499.5	ML_trees/24825000-24830000.fa.contree	55		fc045a7f7a2265876c80191237acc754801173a8acd4c03801bb18b4d3ac3f4f
w001953	29830000	29834999	29832499.5	ML_trees/24830000-24835000.fa.contree	55		79b5b054ef415083821777e7e827999afe18f24d989262f11672d990b5e3607d
w001954	29835000	29839999	29837499.5	ML_trees/24835000-24840000.fa.contree	55		c6319cc5013ee9a904b58ecf385f686040a14975dfb3f8449fd20799078450ae
w001955	29840000	29844999	29842499.5	ML_trees/24840000-24845000.fa.contree	55		0340eb4d6133312ed0b003183c3996afdc1a4cba96b8b397566bc283038ece66
w001956	29845000	29849999	29847499.5	ML_trees/24845000-24850000.fa.contree	55		125c117eadb68d305c01e5d9a0b65392ad88511c48db489b9046418d038692be
w001957	29850000	29854999	29852499.5	ML_trees/24850000-24855000.fa.contree	55		b0ff57a92c5e7b0635cd63279b48b43865f7f02d127b4eea07574bb339682c7f
w001958	29855000	29859999	29857499.5	ML_trees/24855000-24860000.fa.contree	55		5613467cadd981a5db7e85cc7eba3815808a7e199dde9df51f673e1797633e80
w001959	29860000	29864999	29862499.5	ML_trees/24860000-24865000.fa.contree	55		a15e59924da168dcf0db7287f931476c7e2fc7b77d63b95ad73f39d45db49d32
w001960	29865000	29869999	29867499.5	ML_trees/24865000-24870000.fa.contree	55		19c3bb2e938d805aedcf2adfe193cfe4633ccd1968073031a5003e073580ff9c
w001961	29870000	29874999	29872499.5	ML_trees/24870000-24875000.fa.contree	55		94b91834b2a5a5ab0cd07f10e2b28075953f00a9e055b5acd860f4d5d3555a44
w001962	29875000	29879999	29877499.5	ML_trees/24875000-24880000.fa.contree	55		819209899ad83e87b1a2f8fed1b228db26fe81a4f7330f89387052c9082f1764
w001963	29880000	29884999	29882499.5	ML_trees/24880000-24885000.fa.contree	55		401eb7329c3aea35372b5132d7ac1aba4d6efa4053246e195e80ed34826b01e5
w001964	29885000	29889999	29887499.5	ML_trees/24885000-24890000.fa.contree	55		5e1937da0621a09df8273b1e392988905fd2797161a3143f55b6f3e5baa6a116
w001965	29890000	29894999	29892499.5	ML_trees/24890000-24895000.fa.contree	55		59bab3956e81086340c3cba162b7e7a7cef05010879fc3e09a5c4f7a9194deb0
w001966	29895000	29899999	29897499.5	ML_trees/24895000-24900000.fa.contree	55		80afbe0c4afea4ee51a7151deadf3a37811e4cb40b11f3fba10184754b320a83
w001967	29900000	29904999	29902499.5	ML_trees/24900000-24905000.fa.contree	55		59e14fe6d3764b3d787561ba31bf4a046524d0fdc6c96fa911d75fb2417f8f5c
w001968	29905000	29909999	29907499.5	ML_trees/24905000-24910000.fa.contree	55		41a539de15403b4fa7652785164e06dd15fe519ecd4696d97d488d3c657f9d38
w001969	29910000	29914999	29912499.5	ML_trees/24910000-24915000.fa.contree	55		a9363c44ad4e1cd48e492bb51551f70b10c1b1f2701df19c793ff08f8d417e6f
w001970	29915000	29919999	29917499.5	ML_trees/24915000-24920000.fa.contree	55		3fe66ec405a5ccddb2810a5c3d83c9035254b261907d5d543d5b37eb0033e618
w001971	29920000	29924999	29922499.5	ML_trees/24920000-24925000.fa.contree	55		3998cf21cb625ab35875ce17115637e32958ec00d2a3aa7c4a33e197a2a9e8a3
w001972	29925000	29929999	29927499.5	ML_trees/24925000-24930000.fa.contree	55		65be9a9b3b364b5d90a12f0f607bc85aef9493a41fd81550d6dba8682cfe18d8
w001973	29930000	29934999	29932499.5	ML_trees/24930000-24935000.fa.contree	55		95a10f83b88a52f7185d5c0ec183ee4236e6e61c8a50c2b6c365ccbe4ebf77e6
w001974	29935000	29939999	29937499.5	ML_trees/24935000-24940000.fa.contree	55		5fe09e8ffbbc97b9e6cc43863b7c3310d1fa3304c0f0dca41b96547db950b357
w001975	29940000	29944999	29942499.5	ML_trees/24940000-24945000.fa.contree	55		3dc6775a7b49c1804c198cda5879110ad6b3776fee84d68abb81982296ab737e
w001976	29945000	29949999	29947499.5	ML_trees/24945000-24950000.fa.contree	55		07f86a5ba9b7f9f62c463563ff0d62c78ae819d884697ba832e2f2a13cc8b292
w001977	29950000	29954999	29952499.5	ML_trees/24950000-24955000.fa.contree	55		9d8766865a031c2869a5f7da8f5e809f5f88be485733037cdb0d7d28dc6971a4
w001978	29955000	29959999	29957499.5	ML_trees/24955000-24960000.fa.contree	55		5ff08998d52700c881643ca6cd8e282d212a1ffaa5131ecb626f4a2c9c6eb651
w001979	29960000	29964999	29962499.5	ML_trees/24960000-24965000.fa.contree	55		e289651ab14756af27187f4a24b426f50809fdc11773b86685deb7818e890cfe
w001980	29965000	29969999	29967499.5	ML_trees/24965000-24970000.fa.contree	55		638b65407b9571d672db51683284c4f88b4edb69b43071ff685c2c0db6c0d085
w001981	29970000	29974999	29972499.5	ML_trees/24970000-24975000.fa.contree	55		c9fa88ddb69e8f6bb1aa2aec215c5b7685b294a5a46938d49804bacc3289b7b3
w001982	29975000	29979999	29977499.5	ML_trees/24975000-24980000.fa.contree	55		ff8673d08ff3809eb5422fdf6dc3dfee38428edc7b15c24a52b0abe61d9f849a
w001983	29980000	29984999	29982499.5	ML_trees/24980000-24985000.fa.contree	55		d1d4f4166f21043dd38ad5eefe3c7f9d327ba85a4a7ebcf223d7519c5aee7811
w001984	29985000	29989999	29987499.5	ML_trees/24985000-24990000.fa.contree	55		a755f6e420b224ab604ece627ffe68ac252ce4c70bc807653584649940737cfc
w001985	29990000	29994999	29992499.5	ML_trees/24990000-24995000.fa.contree	55		343280d8a7cc9cf6d8aeb96ea7f6b052b7a5108f1a1e86fdbdd7595066fad50b
w001986	29995000	29999999	29997499.5	ML_trees/24995000-25000000.fa.contree	55		1568da4eb212a1da807e9f5725a6b06b0aaa6a3731079b933159daec2468b9b6
w001989	30000000	30004999	30002499.5	ML_trees/25000000-25005000.fa.contree	55		cadce1c4f65f250fc23d53555bcdb2988e718c2ef13f92f607172d81d9d1da32
w001990	30005000	30009999	30007499.5	ML_trees/25005000-25010000.fa.contree	55		e6e1c42ba95e03bc0c1c1e10861109ce6e677d05e0e39cb45ec6b52081e744ca
w001991	30010000	30014999	30012499.5	ML_trees/25010000-25015000.fa.contree	55		48eff0a7cf5d43935e3dae8540e439089cc9bc74074d1884e2db271755bfd3bb
w001992	30015000	30019999	30017499.5	ML_trees/25015000-25020000.fa.contree	55		f90c919e7c512927eb0bf75ea103d3f41db8e593d97a7a90bc8426e0febb89de
w001993	30020000	30024999	30022499.5	ML_trees/25020000-25025000.fa.contree	55		0658ae9ff0ff570ba96cc800d6e7456f530ad24fd6dd4da2c710b47651ef1df6
w001994	30025000	30029999	30027499.5	ML_trees/25025000-25030000.fa.contree	55		4f39812b613f63eeaf9ad7eb7be8273f816535693b4bbe862643f8ac682ac815
w001995	30030000	30034999	30032499.5	ML_trees/25030000-25035000.fa.contree	55		e70a40eb959ff4fbb5abde9fb54e431ced27328c07f714a9ec5f03eed11bed1e
w001996	30035000	30039999	30037499.5	ML_trees/25035000-25040000.fa.contree	55		79ecfbb6b5d89a532e162c74448f9c13c47f0b892894f3c9cdc95489c75f31e0
w001997	30040000	30044999	30042499.5	ML_trees/25040000-25045000.fa.contree	55		3c6942024011a0cf8798bdf4b38f247c195665ad1869f9e395c009123bf1d8ab
w001998	30045000	30049999	30047499.5	ML_trees/25045000-25050000.fa.contree	55		191b5b55adfb80b57a39e33b16754ef33f1fd2bef360fbc42a3dcbf95935d582
w001999	30050000	30054999	30052499.5	ML_trees/25050000-25055000.fa.contree	55		ea99a0fdb22e3443af4c83b57504f99247736b2e2ed66bed86448b89b03b78f5
w002000	30055000	30059999	30057499.5	ML_trees/25055000-25060000.fa.contree	55		4c87d77881bd587e998c8346a34af7cdd12fdaf57551fe6ff9ee051fafa7c944
w002001	30060000	30064999	30062499.5	ML_trees/25060000-25065000.fa.contree	55		5bc14f2288f111392cb3737da68019fdae4d894905c90916bc4e9d391bd6990b
w002002	30065000	30069999	30067499.5	ML_trees/25065000-25070000.fa.contree	55		9407ce4ad8d4c32c26fb5f313146c707525c74ae26fa5aa0bd21954b997579ca
w002003	30070000	30074999	30072499.5	ML_trees/25070000-25075000.fa.contree	55		db1fe63f6568e1a2ad81bbb7d27f2db5d9fda58a755a8db110438951756abd8b
w002004	30080000	30084999	30082499.5	ML_trees/25080000-25085000.fa.contree	55		5f6e76cbd87313f98a5d31fe6e32f5df6ce49de39f0f1f4fef97bbffb0c520ab
w002005	30085000	30089999	30087499.5	ML_trees/25085000-25090000.fa.contree	55		c30154d06627876f2c9b3fb3b26407b4cc97d767b5f3bd583bdbdfe971a274e8
w002006	30090000	30094999	30092499.5	ML_trees/25090000-25095000.fa.contree	55		9aa3ce64185ae00c91100f5f44027b02e3c10a09759340a80eb51fd2b57cca25
w002007	30095000	30099999	30097499.5	ML_trees/25095000-25100000.fa.contree	55		03d686c46d8d99efcb96151ea89dedd83bc26db08477d49b9c5e1139e5d88d68
w002008	30100000	30104999	30102499.5	ML_trees/25100000-25105000.fa.contree	55		8759c6a0598a8ad1cae9e30700e3e2feb98301c4dc07d4bf16e12d2c7c6b647d
w002009	30105000	30109999	30107499.5	ML_trees/25105000-25110000.fa.contree	55		947541103bc882f563369f1855221648ce54ea4f99d5a80ce9f6f978567110b9
w002010	30110000	30114999	30112499.5	ML_trees/25110000-25115000.fa.contree	55		e11e122cc2fc0f52e2e05cb25742079ba0b2df75f2f7d4a2655d42f8152c8fc5
w002011	30115000	30119999	30117499.5	ML_trees/25115000-25120000.fa.contree	55		72e25511a177a0aadce5027b252cb99453c7f2fa5fc69366ddd6d1f59e650268
w002012	30120000	30124999	30122499.5	ML_trees/25120000-25125000.fa.contree	55		85ed98df12098f571cae0cae79f392823e066ece58215f2dea7fcada25703a6d
w002013	30125000	30129999	30127499.5	ML_trees/25125000-25130000.fa.contree	55		5a76488893cbd40bd2d5550bfb6fe2643874d4bd50efb8909a30a4fe180bca02
w002014	30130000	30134999	30132499.5	ML_trees/25130000-25135000.fa.contree	55		2155532b395f467476d1b604a74733bc71129d4ff1fa0b50c54af0834b09ffe0
w002015	30135000	30139999	30137499.5	ML_trees/25135000-25140000.fa.contree	55		6aadeaf998b54522df7aba8257b619b6d46c293089a05f9bf305c642b3f01317
w002016	30140000	30144999	30142499.5	ML_trees/25140000-25145000.fa.contree	55		808ec8dcff835befa93f6e6c2e47509208134e062cb66f18b4a4857f7400c50e
w002017	30145000	30149999	30147499.5	ML_trees/25145000-25150000.fa.contree	55		66d9d702586dd3f2bf95c1fac547810bf5c2a2ebd91068aa7049f9454d3b03ed
w002019	30150000	30154999	30152499.5	ML_trees/25150000-25155000.fa.contree	55		3fc572b7e6d3201dd4dd0b0ff13f948c67de4e155fd7bbaf0b6f2e4920ad3dde
w002020	30155000	30159999	30157499.5	ML_trees/25155000-25160000.fa.contree	55		3d2463cb052650d7a9ea906fec52fc262b16ba0acc0828fdb25e9a68fc5fa60f
w002021	30160000	30164999	30162499.5	ML_trees/25160000-25165000.fa.contree	55		bf7948e7cea239cf7ff7396c1e77989eccf76e026243c06d422bc2f2fbfbe0dc
w002022	30165000	30169999	30167499.5	ML_trees/25165000-25170000.fa.contree	55		42e239888279c9f147021c5cde8d773f3709db33e8f7152bbb4277819cc2e160
w002023	30175000	30179999	30177499.5	ML_trees/25175000-25180000.fa.contree	55		a738ee034b9fd3f045989a675ba3853a114944d6b7bd9c4ba417630b66e2520d
w002024	30180000	30184999	30182499.5	ML_trees/25180000-25185000.fa.contree	55		9b8ae2a2a96069da77be89a188fca0ac64e4d3ff1c78042bbe6d31f4812118cf
w002025	30185000	30189999	30187499.5	ML_trees/25185000-25190000.fa.contree	55		36825556f564e884fb8d75a4fb766439200f9ae373226cdc47df147d675b6907
w002026	30190000	30194999	30192499.5	ML_trees/25190000-25195000.fa.contree	55		2589060205aa58deafa56fa32868f8ee94d2641a6fa01c6da89a2222b5676797
w002027	30195000	30199999	30197499.5	ML_trees/25195000-25200000.fa.contree	55		d5ef86bed5ea91a31c3966266231c499d85418dc23c200a85e1908a9e9e855f4
w002029	30200000	30204999	30202499.5	ML_trees/25200000-25205000.fa.contree	55		8471cf9d3256948b5b715ca422d14f1b4613b95cb1f7560c40f4ab4906232753
w002030	30205000	30209999	30207499.5	ML_trees/25205000-25210000.fa.contree	55		7140279f9222b8b3532d54820d498eb97a526b63743937564d0bd2a876259a14
w002031	30210000	30214999	30212499.5	ML_trees/25210000-25215000.fa.contree	55		d21070b5903d599dd53bd6e5478c2d06f05f2ca51d3891b62c2f5586603e9e1f
w002032	30215000	30219999	30217499.5	ML_trees/25215000-25220000.fa.contree	55		39ec5d4f6114ece11fb6be1aa86a34b125b42d343b2c5f0e99ddfa07f12ee21c
w002033	30220000	30224999	30222499.5	ML_trees/25220000-25225000.fa.contree	55		d5e0759a47213e7abbbe1e54d2cb427848fef77a561f8a6fcc65e51a510de728
w002034	30225000	30229999	30227499.5	ML_trees/25225000-25230000.fa.contree	55		01ce049007ee3e7bcec0eb717dd31004eb826a03b83951884236219fae74dc29
w002035	30230000	30234999	30232499.5	ML_trees/25230000-25235000.fa.contree	55		b4a1949aea4149c89c4afbc0d04efaea35d65f589e9248cc0c7159e735a27ec7
w002036	30235000	30239999	30237499.5	ML_trees/25235000-25240000.fa.contree	55		66a14f5c33a9c0579198b4fcdc3b4571eada892ade4b19730dff8cb26646540a
w002037	30240000	30244999	30242499.5	ML_trees/25240000-25245000.fa.contree	55		e58946b38ea85d353b94785d45daebc35e3f933ed8527021afc15a1eb2a2811c
w002038	30245000	30249999	30247499.5	ML_trees/25245000-25250000.fa.contree	55		bd7c48cf9bb54d6bde4e2215334b3fa767d17b47f4c0c07aa482038375471c95
w002040	30250000	30254999	30252499.5	ML_trees/25250000-25255000.fa.contree	55		a4cb039d818223200c6c98f1da6b54a7ba822799f69da885be0e889d1ef68ac8
w002041	30255000	30259999	30257499.5	ML_trees/25255000-25260000.fa.contree	55		5eab3efd81afb41221f9c640ec39dedf34d418b011d45fc5472b17dfc76626a2
w002042	30260000	30264999	30262499.5	ML_trees/25260000-25265000.fa.contree	55		3815d4285b086af5ffdc03b0c5ab003086c31e7dde5737450d27f52246c05524
w002043	30265000	30269999	30267499.5	ML_trees/25265000-25270000.fa.contree	55		ed1730240a9fbe38d9e862b74a7e2fbba5d58224a126830b844494b28cc4b35c
w002044	30270000	30274999	30272499.5	ML_trees/25270000-25275000.fa.contree	55		904621791220ec6905acfc651323bcd0c80eacc068c3666a6c3dbeeebe52f892
w002045	30275000	30279999	30277499.5	ML_trees/25275000-25280000.fa.contree	55		47473f51943c36625ef36e94cf8ec9df8c394a249dc9f325a09daa119c32e997
w002046	30280000	30284999	30282499.5	ML_trees/25280000-25285000.fa.contree	55		806e8f3a188f878b23dab0f8e3ae5905df99dd4957de7c468f927b016d06f6dd
w002047	30285000	30289999	30287499.5	ML_trees/25285000-25290000.fa.contree	55		fb3d4071d5a65a7d6aeb222ab6cd931f725b4271305201a279cfc0e4cb33e4c3
w002048	30290000	30294999	30292499.5	ML_trees/25290000-25295000.fa.contree	55		b3f7df4375c46312364b0ac2210d960a5ac117905ff8521c0472cdfb18e12168
w002049	30295000	30299999	30297499.5	ML_trees/25295000-25300000.fa.contree	55		fc09789cb092c1974eca580dd04d55c6aea0087da61dbc208fc1f4ab71123d8d
w002074	31435000	31439999	31437499.5	ML_trees/26435000-26440000.fa.contree	55		1b0dbb2014e83784d8b41a27fa7c7cfa863739924a591e27ebb121bf5f103b57
w002075	31440000	31444999	31442499.5	ML_trees/26440000-26445000.fa.contree	55		ef0012ecfc87b84ec28c4d0f2687cb181a346e652f9e4a833f7f138f0973a96d
w002076	31445000	31449999	31447499.5	ML_trees/26445000-26450000.fa.contree	55		281b051acdb404fc4387d117bf16932ae5b188edac6c7c70d42a9948a4771300
w002078	31450000	31454999	31452499.5	ML_trees/26450000-26455000.fa.contree	55		781d3aabb00c69e751dd0310d8891da63533e03d42e6003c391d972f0b6fb574
w002079	31455000	31459999	31457499.5	ML_trees/26455000-26460000.fa.contree	55		386229f023d4d15f7a7e7fb37b7dd5556ef72bfe9793cfe3a3385a560fdd93cc
w002080	31465000	31469999	31467499.5	ML_trees/26465000-26470000.fa.contree	55		df2f5bdc3a3e66e3e10335933f5a1ab425890f29cffae217d9d0bd207c6b2b88
w002081	31470000	31474999	31472499.5	ML_trees/26470000-26475000.fa.contree	55		a3ce2f76be7d62cb9973c960b49f26d8d843651b79ad110f0df7bbf76f9c8b39
w002082	31475000	31479999	31477499.5	ML_trees/26475000-26480000.fa.contree	55		f05a14d8b042e4f46ab7a35240d53e678883f54d50a312857e6c68a58d434c03
w002083	31480000	31484999	31482499.5	ML_trees/26480000-26485000.fa.contree	55		d5483f57470d8772f4f0f7aefe2302b5c6100c18fbfec344f97cb7a9ea237619
w002084	31485000	31489999	31487499.5	ML_trees/26485000-26490000.fa.contree	55		1dd5573487cb3284cc805f6fdb1872bfbbef02348cd6143552b606c6071928d4
w002085	31490000	31494999	31492499.5	ML_trees/26490000-26495000.fa.contree	55		cd99188acdeca26f63a6037dc2002bd773ca23cbe1d9082bc577598e6bffaee3
w002086	31495000	31499999	31497499.5	ML_trees/26495000-26500000.fa.contree	55		d0ad7721d375e01dc7ee8c6f52d478ee4584a24d40541cc9a0fbb9d96245e7f6
w002089	31500000	31504999	31502499.5	ML_trees/26500000-26505000.fa.contree	55		e291c48f7d4d841e3427087f9914546fd2578638b383447ab69f9c34fbf8a371
w002090	31505000	31509999	31507499.5	ML_trees/26505000-26510000.fa.contree	55		5122e3dace1e15eb12534ff9f250b82684dde459c4090d7e60eb5da6600fb7f3
w002091	31510000	31514999	31512499.5	ML_trees/26510000-26515000.fa.contree	55		f81072be20fa74a6f99c596067d62863e7fcf3fb3b2bb0cdfb633e8e2b495101
w002092	31515000	31519999	31517499.5	ML_trees/26515000-26520000.fa.contree	55		5c5e9af6b03be5cedfb80ced28ff824bfd4a2f94eb9600568e53b0a05722f800
w002093	31520000	31524999	31522499.5	ML_trees/26520000-26525000.fa.contree	55		d5abb24d44172e09911cee33a7dfb5ffd069711ea306d8d23293616c693babd2
w002094	31525000	31529999	31527499.5	ML_trees/26525000-26530000.fa.contree	55		c3c4f4ef1c97d607f58c55cef7deacc1084e5644ab8b569e919a7605c2526a50
w002095	31530000	31534999	31532499.5	ML_trees/26530000-26535000.fa.contree	55		d2238aa1a4b7c8acab97cfa1f1216ea4bc895bac2838896f74199e330decb406
w002096	31535000	31539999	31537499.5	ML_trees/26535000-26540000.fa.contree	55		42b83051c1479939161f7df2b8d8599964dde09c3580637c03525ab55ce8c73e
w002097	31540000	31544999	31542499.5	ML_trees/26540000-26545000.fa.contree	55		622ffed024bbc283f62601cfc7c24ebcee0d502881c7d5f59cbf4275fc2d15b0
w002098	31545000	31549999	31547499.5	ML_trees/26545000-26550000.fa.contree	55		b83311c98a9b425363517146609ceacdafc49333b26b5e903f3e3da5c83c442b
w002100	31550000	31554999	31552499.5	ML_trees/26550000-26555000.fa.contree	55		a743caf21892ff642301c466f745b80c968b300fe4c50a76d1429e780d8d6cb5
w002101	31555000	31559999	31557499.5	ML_trees/26555000-26560000.fa.contree	55		a0bad8adf85f7483037831aa1d3b40c227e906c90af22a9ed453caec8e22be29
w002102	31560000	31564999	31562499.5	ML_trees/26560000-26565000.fa.contree	55		b0846df82438d12d7a175033d72f961a95e827b4de8676a634b65eab207cbd7b
w002103	31565000	31569999	31567499.5	ML_trees/26565000-26570000.fa.contree	55		8e6fb5b2e586095ad8bf0add9c3918ee13bc3a973d5cf87523921449c5affd4c
w002104	31575000	31579999	31577499.5	ML_trees/26575000-26580000.fa.contree	55		d132600aa9126b4a7d8f71990109ab969472d1535ec29729ddbce6c15c128838
w002105	31580000	31584999	31582499.5	ML_trees/26580000-26585000.fa.contree	55		f4f2c3732489a1abbf692cd9fdd6f6609ee1d2e8dfee5ff73c97c0c8dc0cd172
w002106	31585000	31589999	31587499.5	ML_trees/26585000-26590000.fa.contree	55		3879f8b62542563cbc71bd7a0506e9f75bb345bc7c4b19b1ada23f76c0f0fe90
w002107	31590000	31594999	31592499.5	ML_trees/26590000-26595000.fa.contree	55		18f01226880e87144f7c8bffe636ea45cdedc6312ffaa79f4ae514432d380d16
w002108	31595000	31599999	31597499.5	ML_trees/26595000-26600000.fa.contree	55		7898c900e272a5c0994966c57db19436e0e602fd07ae387ca8efd3a1af9b9935
w002110	31600000	31604999	31602499.5	ML_trees/26600000-26605000.fa.contree	55		4e1f64e1a1b928de2554559754d373daeb7770f1661388428e14cfdba0b4c275
w002111	31605000	31609999	31607499.5	ML_trees/26605000-26610000.fa.contree	55		e2a8e833c531dae370f88aee2a3339c2f873f52f66cd74845ef92608ea6f17a7
w002112	31610000	31614999	31612499.5	ML_trees/26610000-26615000.fa.contree	55		4b3b810c835582e54d254f09a6c41161501703a8a0f7d0e60600d89c76c9fd05
w002113	31615000	31619999	31617499.5	ML_trees/26615000-26620000.fa.contree	55		f4627e56eb0cca5ade616859d0b23955e38d6ded233dee510f851542e222fd4a
w002114	31620000	31624999	31622499.5	ML_trees/26620000-26625000.fa.contree	55		55b7ac782264756513f3e05a639ea5878300d9a9bbe4775ec10d337b33a0cbe7
w002115	31640000	31644999	31642499.5	ML_trees/26640000-26645000.fa.contree	55		d8861a124a2bb6ae706446ce12043e543dd58ba39475e967aaf9025815667acf
w002116	31645000	31649999	31647499.5	ML_trees/26645000-26650000.fa.contree	55		60b2ab66ae99d234226963eeafa16e37979ada90a26844abd7462487b40ca64e
w002118	31650000	31654999	31652499.5	ML_trees/26650000-26655000.fa.contree	55		af2aadddd6f9706805705cef087fe347356f48d936f5da86b5e93d80a685f13d
w002119	31655000	31659999	31657499.5	ML_trees/26655000-26660000.fa.contree	55		b9842008a99ca0cc6924c0e606e17b19a64259afcd996b2d4649a938037845a3
w002120	31660000	31664999	31662499.5	ML_trees/26660000-26665000.fa.contree	55		5113a8f2d84e945a9944de63e721fae30939cb7773954b83029ac202a9fbb8e1
w002121	31665000	31669999	31667499.5	ML_trees/26665000-26670000.fa.contree	55		91ebcc6fd0f550169f5a9be1ce0cc5f6974a45ee74fb27e3365db8dadb77f6d3
w002122	31670000	31674999	31672499.5	ML_trees/26670000-26675000.fa.contree	55		22583ce60cdeaf814797fa66d5c56f0df30b4a0d2878772c006b9b5f56fcfe08
w002123	31675000	31679999	31677499.5	ML_trees/26675000-26680000.fa.contree	55		9d5a577ecb4c49764e57e5ed56c9831c3ec90cacb39b0e98f762a383557cef02
w002124	31680000	31684999	31682499.5	ML_trees/26680000-26685000.fa.contree	55		21fe81b485bf5f985336727717bdf1901615a923bf9d97f27bf48e3e47181ce7
w002125	31685000	31689999	31687499.5	ML_trees/26685000-26690000.fa.contree	55		272a98da2fb635e6c6b116076898003fa45565d42b3d820feb5a25e5b4f8a1ef
w002126	31690000	31694999	31692499.5	ML_trees/26690000-26695000.fa.contree	55		398d1a1765362e0289847eb38b9d683002519ee2ab2d22eb58ec552dfc6b3624
w002127	31695000	31699999	31697499.5	ML_trees/26695000-26700000.fa.contree	55		0457e936e793d42f17a5648928941d9169190cb214a4af182ff0ee95756f4856
w002129	31705000	31709999	31707499.5	ML_trees/26705000-26710000.fa.contree	55		d36cd338a4cd44f309d9809b1362be4bb390a557dd2b8d66e35d7eaf88f0fa9a
w002130	31710000	31714999	31712499.5	ML_trees/26710000-26715000.fa.contree	55		a654d98b68e11da6bc76701bcef6fed58524d94a823f846e6715d9188a08f4bc
w002131	31715000	31719999	31717499.5	ML_trees/26715000-26720000.fa.contree	55		ba0cfdf70af04f71174f97586f501f50520f3fb44ee524bcaf7cd6a11749482f
w002132	31720000	31724999	31722499.5	ML_trees/26720000-26725000.fa.contree	55		d75d37519fc4db1b4be7f3ca19bb8c0dbf34e43b04bb82611578954d6d931c4c
w002133	31725000	31729999	31727499.5	ML_trees/26725000-26730000.fa.contree	55		7801fc613e93ea87bd584be97b2c77dc460f4077d4504e32ed13bb0eb1e92ad2
w002134	31730000	31734999	31732499.5	ML_trees/26730000-26735000.fa.contree	55		47e45481eff588b39990af74a46eb73135bbe5637c6c9f88d2d0a086d9328a1e
w002135	31735000	31739999	31737499.5	ML_trees/26735000-26740000.fa.contree	55		95b8cae2315d8d7961d6a9f8a7439012cd747398d8db5f4853957324695aac95
w002136	31740000	31744999	31742499.5	ML_trees/26740000-26745000.fa.contree	55		d5c08dc9494737b010b33f42f884ff12cf8039c068039b2f817de3942c811af0
w002137	31745000	31749999	31747499.5	ML_trees/26745000-26750000.fa.contree	55		2c2aa2ce14fa2ed25331cd124de82c982ae79bba5d99d442569de57e6d480654
w002139	31750000	31754999	31752499.5	ML_trees/26750000-26755000.fa.contree	55		6c1568a974abcb8de947b8b0ba0dd26841b5e7338636ac71032d6c5d2ac0c595
w002140	31755000	31759999	31757499.5	ML_trees/26755000-26760000.fa.contree	55		3ab92bf10d777f696c3f7399b56623051795980aa841928b76ab91ae3ba923c3
w002141	31760000	31764999	31762499.5	ML_trees/26760000-26765000.fa.contree	55		cc227c66c7f3437d1847ccc03aee7e3d8526c04348b037e8d80ecace39f424fb
w002142	31765000	31769999	31767499.5	ML_trees/26765000-26770000.fa.contree	55		f57a7591a944f8b4a7f4c83ffaa9caa485b02e76da89c4e9ccd920d2704f57fd
w002143	31770000	31774999	31772499.5	ML_trees/26770000-26775000.fa.contree	55		8b2bffef6fc62f620242ae9e6c69d91d50a57b95c53d0ca449df0b735c36e470
w002144	31775000	31779999	31777499.5	ML_trees/26775000-26780000.fa.contree	55		f81c51986330bd7a8a0302e8ff16e9bf12d522445f8c0ef44fad859219dea6a6
w002145	31780000	31784999	31782499.5	ML_trees/26780000-26785000.fa.contree	55		ec110542238d65399315c201a28adb94d049b9dc1704fa6adeba552bb5e18bd1
w002146	31785000	31789999	31787499.5	ML_trees/26785000-26790000.fa.contree	55		ef944277081422d8d70d94e68ef1e6d656b960e3b55d30c67219633c754cd772
w002147	31790000	31794999	31792499.5	ML_trees/26790000-26795000.fa.contree	55		9a4f1dbcc9ac1eebe9bff4107b5679c82508cb5a3440846ae4169d059fe1395c
w002148	31795000	31799999	31797499.5	ML_trees/26795000-26800000.fa.contree	55		61019035d590750f7e4891ced2a2a90f513f3fe8b9ee6bcb9c4c28c6e37a9d07
w002150	31800000	31804999	31802499.5	ML_trees/26800000-26805000.fa.contree	55		7ea2c5e02cdf1dec6817c0f427c767067d4db18f93843962602f8c619d490406
w002151	31805000	31809999	31807499.5	ML_trees/26805000-26810000.fa.contree	55		44eb3a23917d77ea872cde4dd639de55b9201bc1bf06bb70be342c01831829dc
w002152	31810000	31814999	31812499.5	ML_trees/26810000-26815000.fa.contree	55		cec177c5400cd461ef85986cc6095eda4fa40f25b4db484e886640067f1ccb73
w002153	31815000	31819999	31817499.5	ML_trees/26815000-26820000.fa.contree	55		b167669bf770c157e9321298bb637c08c208b6c6dd2cfdbc01922e7acc8688ed
w002154	31820000	31824999	31822499.5	ML_trees/26820000-26825000.fa.contree	55		4ef8fc2a55a538cc4638363d284f705323f2f08200601f9d4ad9d2c27f409954
w002155	31825000	31829999	31827499.5	ML_trees/26825000-26830000.fa.contree	55		9c74333139c0d948e7adf6bbb78aea9d5bd1dbe22b08f07fa4f8a8b8ffe4454d
w002156	31830000	31834999	31832499.5	ML_trees/26830000-26835000.fa.contree	55		77d9103228bc1d2cf002b567df7db4c6815108a0341fea498fd94c3be0c3e8a3
w002157	31835000	31839999	31837499.5	ML_trees/26835000-26840000.fa.contree	55		03d8c4df43281c07ebbe41bd57a96ff0d4f57b823d6ac1be7ee0fede1f80eb7d
w002158	31840000	31844999	31842499.5	ML_trees/26840000-26845000.fa.contree	55		677cd7f99ab4dc1e578bdd8671ceeb9b0cb91d487407f94398b1570958ae8ed6
w002159	31845000	31849999	31847499.5	ML_trees/26845000-26850000.fa.contree	55		02848f807707644215ee4bcd4b29c101bca7bd097a1e197f7ec7043a80faa31d
w002161	31850000	31854999	31852499.5	ML_trees/26850000-26855000.fa.contree	55		334b21a6a1d981689573b77b8189045d6d5d02a1a2cd1c02407af9bbd7ec6920
w002162	31855000	31859999	31857499.5	ML_trees/26855000-26860000.fa.contree	55		4e255f3008292065469b769786bd8bcc8b1840d2f7f946cc09b36b662554314b
w002163	31860000	31864999	31862499.5	ML_trees/26860000-26865000.fa.contree	55		215c327d5cfc183fb0358ea8bbae51bb5742a53ad6c9bcc0331ab38b54855e12
w002164	31865000	31869999	31867499.5	ML_trees/26865000-26870000.fa.contree	55		9e56a9fb14cc9f56f8f1c05541f486dce793b0e18caf4c169d632ef1f75a61fc
w002165	31870000	31874999	31872499.5	ML_trees/26870000-26875000.fa.contree	55		36a999fc8be659d1df26ad11e87d656ec83b946453ac5942e166bebf8d0ebee7
w002166	31875000	31879999	31877499.5	ML_trees/26875000-26880000.fa.contree	55		e209979cc9d692949f2b11abc94cda073422c4e2e7e390a85f6ec2a216994816
w002167	31880000	31884999	31882499.5	ML_trees/26880000-26885000.fa.contree	55		210d65dc6d602e65f1d14294a8a7ab61071ec018729ea8901eee6ec39b2ed4c7
w002168	31885000	31889999	31887499.5	ML_trees/26885000-26890000.fa.contree	55		de11081404290187173e0dfcb913930ee4a83bf5163d0189fafc0501f57a6588
w002169	31890000	31894999	31892499.5	ML_trees/26890000-26895000.fa.contree	55		c4533a3ec4f4fb1952ed5fd136195d628f0905c92cdc8823c444cc73433c50f8
w002170	31895000	31899999	31897499.5	ML_trees/26895000-26900000.fa.contree	55		5ee456ae9ed70ae703b85b4fff9f00a2877b85a9d6c93ea6186e5085009d4953
w002172	31900000	31904999	31902499.5	ML_trees/26900000-26905000.fa.contree	55		cc1a38dffe93df94fc3ee32680f772f3593fea0a93ee8559bac43838ffa2bf3c
w002173	31905000	31909999	31907499.5	ML_trees/26905000-26910000.fa.contree	55		c1cfeb13887388bd2cc7c8d4ea80d5b0d8b6c0ec425d71a6278a2e287b7cb6bf
w002174	31910000	31914999	31912499.5	ML_trees/26910000-26915000.fa.contree	55		678d42f77a5bdb1886366f8cee5c1c57ba8f14f16d1698588a1575181ba51bf3
w002175	31915000	31919999	31917499.5	ML_trees/26915000-26920000.fa.contree	55		975f0b99eb2a4ce73f77cded4e64253fb5fd13a2109ae51b1dede3fd1252df76
w002176	31920000	31924999	31922499.5	ML_trees/26920000-26925000.fa.contree	55		781ff2a67bba2c2228307e92caef8aa0b232281bcd8042574efa8e1ca635739b
w002177	31925000	31929999	31927499.5	ML_trees/26925000-26930000.fa.contree	55		a64c5cc581c2d68e3767d3f6b679b9ef02097a4c91872d2dcf0173f5cd8796f3
w002178	31930000	31934999	31932499.5	ML_trees/26930000-26935000.fa.contree	55		767467fac015c8eacf3b990f33c9462dd10f21e560113a0f46aa882246c38122
w002179	31935000	31939999	31937499.5	ML_trees/26935000-26940000.fa.contree	55		82367aaca3a0684cb80f9c696f9cfb32d83134b22f3745e20d4c306cc1cfdce5
w002180	31940000	31944999	31942499.5	ML_trees/26940000-26945000.fa.contree	55		1a5ca84aa1b5bc4916dbe2e3a0ce9e23ba33dbbecc9aff9a31382a2a12e83925
w002181	31945000	31949999	31947499.5	ML_trees/26945000-26950000.fa.contree	55		e118dd1fd849550214cab39f78361fa7fb12e26cdfc76ff4a5dc73264cbcb142
w002183	31950000	31954999	31952499.5	ML_trees/26950000-26955000.fa.contree	55		98572806fa49969757022fca1301f6e6811e2185114f950addfa59872b818607
w002184	31955000	31959999	31957499.5	ML_trees/26955000-26960000.fa.contree	55		5183c4c4333b2ac9c2df2755f8093edd71a5602fe99197eb77e8f66864c231ab
w002185	31960000	31964999	31962499.5	ML_trees/26960000-26965000.fa.contree	55		3e942a1dc8b1c61078134c79153e80e9fb0daa7a4f5c3f63f60c7fcd7641bc4d
w002186	31965000	31969999	31967499.5	ML_trees/26965000-26970000.fa.contree	55		91c190bb2fd33337e71f3a60f7b92e77cd33b5168c17c64f3362c4a47ee12458
w002187	31970000	31974999	31972499.5	ML_trees/26970000-26975000.fa.contree	55		38b5fe92ba731a033c3d7f4ecd8b3fdfc09f59538c9357af3ac27a7e2c030cc9
w002188	31975000	31979999	31977499.5	ML_trees/26975000-26980000.fa.contree	55		0094013229b5833606bfd80cb032b3b957012cb3ff35afa92bd30f33109490ee
w002189	31980000	31984999	31982499.5	ML_trees/26980000-26985000.fa.contree	55		aba0542dba143ae967c6b90cae5eeff30973630cc233641979c3f90f11bcaa30
w002190	31985000	31989999	31987499.5	ML_trees/26985000-26990000.fa.contree	55		4400a398a047e62a6d755d6aa530f2e6fc9d817f4559b3446d308eb6468b92eb
w002191	31990000	31994999	31992499.5	ML_trees/26990000-26995000.fa.contree	55		f1d163b75733f415c92f1df030a59b18663836aaf7810ac564ec159e3405f8b5
w002192	31995000	31999999	31997499.5	ML_trees/26995000-27000000.fa.contree	55		7e0dfe979376810062aeb40a831df71b12af413d8584729a4ff0911de2df4c00
w002195	32000000	32004999	32002499.5	ML_trees/27000000-27005000.fa.contree	55		9072f7a55e505c1188d6791b731c78ea0c03910a0b3a0cc5712f9e7982eb57f3
w002196	32005000	32009999	32007499.5	ML_trees/27005000-27010000.fa.contree	55		c697d7a764be833d6f9ab4f681672f6f394b2fb5ebc483677687fd6f9c86bced
w002197	32010000	32014999	32012499.5	ML_trees/27010000-27015000.fa.contree	55		5e70969c8bc3f420ce2444c476e8ef441e2d0a9343f5ad9f082f3b2b881dbdf7
w002198	32015000	32019999	32017499.5	ML_trees/27015000-27020000.fa.contree	55		b212e0dd26275f1a9576cc8be45658ce1b080fd3397e8ce86faacd2b57eab146
w002199	32020000	32024999	32022499.5	ML_trees/27020000-27025000.fa.contree	55		e2b24e9c55643440bf3f84424f7445db6db083cacbaf3f33d53e5fc8c7215113
w002200	32025000	32029999	32027499.5	ML_trees/27025000-27030000.fa.contree	55		faa97d49919b07696bf059b55af5728b793220e629acb2b2e5b540b1903bc6fc
w002201	32030000	32034999	32032499.5	ML_trees/27030000-27035000.fa.contree	55		44ff7aa23e9c69125923cc6cd53599ccd7569662913ede8bba1b49a8324d3818
w002202	32035000	32039999	32037499.5	ML_trees/27035000-27040000.fa.contree	55		0b467b0d54a32dd9ad05a036a41d05b79e96445ea84ae3cfb8c57d8903255248
w002203	32040000	32044999	32042499.5	ML_trees/27040000-27045000.fa.contree	55		69405a1f79f5de5866b59c44bf51c82169e296a8c89cee733477dcc0d267ec11
w002204	32045000	32049999	32047499.5	ML_trees/27045000-27050000.fa.contree	55		66df6cdb012199af03edac23ec83ced97f4d515f248fe92f3a133fd3af868e3a
w002206	32050000	32054999	32052499.5	ML_trees/27050000-27055000.fa.contree	55		7f85fdc09a9877a9298139870e9b1fd86ab23a051e25ef3c20c48f7a9b6f838d
w002207	32055000	32059999	32057499.5	ML_trees/27055000-27060000.fa.contree	55		284e71977ab71df37d042a1b20fe417be1bd651a912e8460111dddeadd10825c
w002208	32060000	32064999	32062499.5	ML_trees/27060000-27065000.fa.contree	55		79cb7b75749cfe8b9fb46038053ce2f7447916b4f3837a2ee108f1e7d5ece96e
w002209	32065000	32069999	32067499.5	ML_trees/27065000-27070000.fa.contree	55		2c8e16d3138b5b3ff0a3b42c2daec2f55c37757d25fbade503e0a2963bc2a9e1
w002210	32070000	32074999	32072499.5	ML_trees/27070000-27075000.fa.contree	55		bdf65217141d127edc052754e61d1dbb692918a212ed59954f8f2109991da4ae
w002211	32085000	32089999	32087499.5	ML_trees/27085000-27090000.fa.contree	55		d9b14ee5ac0c78ac5bdff29e6d867bf2a95fd58ab6661c00cd22ccda10f2afd8
w002212	32090000	32094999	32092499.5	ML_trees/27090000-27095000.fa.contree	55		77e5ad99118efa878d21a8a22f0c9872b17da263303f45dd3030b9c18239302d
w002213	32095000	32099999	32097499.5	ML_trees/27095000-27100000.fa.contree	55		0c2dda32aa38d09fd8c55c5f727438eb14f1981826dba02315ef5efc60453b15
w002215	32100000	32104999	32102499.5	ML_trees/27100000-27105000.fa.contree	55		a58535cb869888977f6843a4f1b59793a4a8df7fd3afb1cb12d4f3f425f26509
w002216	32105000	32109999	32107499.5	ML_trees/27105000-27110000.fa.contree	55		0037b5176e68cdec9f4dedcc931ce650bb2e182a48fca13a65df39ac67e51022
w002217	32110000	32114999	32112499.5	ML_trees/27110000-27115000.fa.contree	55		8566e718b2c7afc27367b4242844d1137cf8d51289d9c3b53a32e1ebacd3beb1
w002218	32115000	32119999	32117499.5	ML_trees/27115000-27120000.fa.contree	55		8ec9413dbb48f801ab978d785c83f469543fb2dde31740bab53498a81cb34e41
w002219	32120000	32124999	32122499.5	ML_trees/27120000-27125000.fa.contree	55		600fe6212ebe55091f762958ee2c38a6841d3ca26aee548167426c4dab42f495
w002220	32125000	32129999	32127499.5	ML_trees/27125000-27130000.fa.contree	55		5584fe38d61c87a0cd7b8a0f040d2b2297135abb3d56832a66590c87d8d4a153
w002221	32130000	32134999	32132499.5	ML_trees/27130000-27135000.fa.contree	55		8e30caa13cb5e022af05e7b3adfbd9beeaf7fc9b84276db5942fe6b21bfa25ef
w002222	32135000	32139999	32137499.5	ML_trees/27135000-27140000.fa.contree	55		b59f3aead8778833ed2bd569139b3c51fa085a6e140b01faa3926c98195832e7
w002223	32140000	32144999	32142499.5	ML_trees/27140000-27145000.fa.contree	55		c2fb60ea05e68e8d27c17dab6f8e2c744fabd580b7c3569562196939fd4bee09
w002224	32145000	32149999	32147499.5	ML_trees/27145000-27150000.fa.contree	55		b6bf00a7e12dd57bd8f8b3d2b3c373bb948b9c302afc008c3aba42c406125cf1
w002226	32150000	32154999	32152499.5	ML_trees/27150000-27155000.fa.contree	55		25808574062abd7f5b330fcb4395017b092582c484a6b496fe29546ab72b56b4
w002227	32155000	32159999	32157499.5	ML_trees/27155000-27160000.fa.contree	55		c97c51be8d4bca1ce5ac4a4cdbd31a465a86a1b7ecec626d72a58c6eaf12eb2e
w002228	32160000	32164999	32162499.5	ML_trees/27160000-27165000.fa.contree	55		bcd3f671c8770753191a59de57f58e9804531197637a905573f354c1f1a9a6d3
w002229	32165000	32169999	32167499.5	ML_trees/27165000-27170000.fa.contree	55		812e14955e431cdea2798591ad766884ae12a702dd36c2ea21b1d9f2472ba31f
w002230	32170000	32174999	32172499.5	ML_trees/27170000-27175000.fa.contree	55		cbc041f9de9ec11884d498e34cd4e759b88ca17b03cea14ca20a299581c250e0
w002231	32175000	32179999	32177499.5	ML_trees/27175000-27180000.fa.contree	55		284c9f1ea5dade2c1ea40704f06b4e7c2397d937c46aa9001a669bf410c70821
w002232	32180000	32184999	32182499.5	ML_trees/27180000-27185000.fa.contree	55		12414b3475b9e8119f69b91ae926d247c2969183db43e959af70a86920ec87ff
w002233	32185000	32189999	32187499.5	ML_trees/27185000-27190000.fa.contree	55		c6e0f3021cbee8812c7a21d60721022e8a73c7546c21575e3534df4a69cc1458
w002234	32190000	32194999	32192499.5	ML_trees/27190000-27195000.fa.contree	55		5fd289cf7ebf1cc76d9deb54a8db268417aa6d38cd9aa59a5f6a8b9ae6d74414
w002235	32195000	32199999	32197499.5	ML_trees/27195000-27200000.fa.contree	55		21d035a47beb022a5fb886ffef79e18543e8a763b59a474f4a7233c97b20b128
w002237	32200000	32204999	32202499.5	ML_trees/27200000-27205000.fa.contree	55		cb19913996e5fb01042cae8d2290ac46689f62bd1901efc9114fb2f4c7c4fda8
w002238	32205000	32209999	32207499.5	ML_trees/27205000-27210000.fa.contree	55		d11b0b48c06928726cfdbefdbf9ca1a53d11341e6287057167c866aaf7507251
w002239	32210000	32214999	32212499.5	ML_trees/27210000-27215000.fa.contree	55		d4fce8f0939093754d67f00af51719ba84d8ee23f36f16fb7226271d9e1ac53c
w002240	32215000	32219999	32217499.5	ML_trees/27215000-27220000.fa.contree	55		d568e023787937c4604edfe01d638af0953543be08cadfcca738d85394149452
w002241	32220000	32224999	32222499.5	ML_trees/27220000-27225000.fa.contree	55		f0bfb2253a42e31d1d6df33e505e0554c328408ed0a5753d07f307d4007d5b33
w002242	32225000	32229999	32227499.5	ML_trees/27225000-27230000.fa.contree	55		5f5cd2f60a978c4bdd3b71bccec0ada604e0617fdebe416c8064e1b95094ee1d
w002243	32230000	32234999	32232499.5	ML_trees/27230000-27235000.fa.contree	55		1147603f7e5effee52dee5f263d8376da16defab90f053115ac853f5f7bdb260
w002244	32235000	32239999	32237499.5	ML_trees/27235000-27240000.fa.contree	55		8093502f4ca09f933c1c1bfd0fd763222bda36783b38381be50994c80412e451
w002245	32240000	32244999	32242499.5	ML_trees/27240000-27245000.fa.contree	55		b7331e3e939059d3155597349148f239284d9a9d7f8d021dc9ce26095cb03a8b
w002246	32245000	32249999	32247499.5	ML_trees/27245000-27250000.fa.contree	55		8c9115e9dcd95e124c40b8344709728d38a7e847b3dac24220374931ff28bb52
w002248	32250000	32254999	32252499.5	ML_trees/27250000-27255000.fa.contree	55		2174fbf6dfebc39e23bd06e39f938120d796d4875ef867fa7588be155182a3af
w002249	32255000	32259999	32257499.5	ML_trees/27255000-27260000.fa.contree	55		9a3f3887ca8b825398f21f04f8eb5d4fa8de764bda7a18617249879360e5d3a3
w002250	32260000	32264999	32262499.5	ML_trees/27260000-27265000.fa.contree	55		d53ec42cc3920d657fdca99332710cd40e263dc9eac751bdfa2e16689edb6ab0
w002251	32265000	32269999	32267499.5	ML_trees/27265000-27270000.fa.contree	55		9da63f31671b5902bffdc56f345e1f8d4ce3e8b7748415a7dfd267bbebf5218b
w002252	32270000	32274999	32272499.5	ML_trees/27270000-27275000.fa.contree	55		68dfe5d4ac156600635ae51d95b46ad036b7542d77a3e4098ede5dfeed64e41e
w002253	32275000	32279999	32277499.5	ML_trees/27275000-27280000.fa.contree	55		88b452806d6ef21bc6e87f55e6adc484796fc54bd1bf2f61138c2f1f4b3eab7e
w002254	32295000	32299999	32297499.5	ML_trees/27295000-27300000.fa.contree	55		b5cdd7752ca3901e0b0137cf4d48e8faf19f5d5c00e78e6163db77d3cfa6ec9e
w002256	32300000	32304999	32302499.5	ML_trees/27300000-27305000.fa.contree	55		ba962a4aff81dd62e87a91d54f6585391dd0f204472ab6616d2b42165120b020
w002257	32305000	32309999	32307499.5	ML_trees/27305000-27310000.fa.contree	55		f108f1c9c13d571a8a7dd48a0877a4a97a7643b2b0ad848cf68a8e6010d80d89
w002258	32310000	32314999	32312499.5	ML_trees/27310000-27315000.fa.contree	55		ecbee058ffd92b9305919a432fcd3048fdbefa1bd40863be3c28ef0c18e2178a
w002259	32315000	32319999	32317499.5	ML_trees/27315000-27320000.fa.contree	55		ab293a9d22ce619fd243ab621402c7978d44772a2423ad41f9b2f5b7121fe8a2
w002260	32320000	32324999	32322499.5	ML_trees/27320000-27325000.fa.contree	55		fb8ec0654499ac0bba88bf3dbc665f477f3ff7b3204acf78c679f9b93d50beb8
w002261	32325000	32329999	32327499.5	ML_trees/27325000-27330000.fa.contree	55		17aca96b590569dcdb90de727b2e469a7f9f6822a4d38fe4b12e336b2e7e9726
w002262	32330000	32334999	32332499.5	ML_trees/27330000-27335000.fa.contree	55		82c8cfac226a60d51a7d1f4f660b3275eecb0922810674e3122f13eedc38e69a
w002263	32335000	32339999	32337499.5	ML_trees/27335000-27340000.fa.contree	55		638dc6a0dfd21d3153501f5145370b5d76c396353308c6b1f6b2d6171fa1bfb6
w002264	32340000	32344999	32342499.5	ML_trees/27340000-27345000.fa.contree	55		148d58b3e9f069e176a4f9eb85c936143d04cedc48e6a19343d6319c869f4d74
w002265	32345000	32349999	32347499.5	ML_trees/27345000-27350000.fa.contree	55		0acfebe9ee1c840995249320ece6b01ecc19098702f1f18374d950d1105b4df8
w002267	32350000	32354999	32352499.5	ML_trees/27350000-27355000.fa.contree	55		091fb6770a625bab64a0978ea306b3d2e01bc8f7e036217c437234923adcc6a0
w002268	32355000	32359999	32357499.5	ML_trees/27355000-27360000.fa.contree	55		08cb6d6522eb33998cfbcccad4a7c2d3b27425bff0771051ef656d592864af64
w002269	32360000	32364999	32362499.5	ML_trees/27360000-27365000.fa.contree	55		b123f5398249c7ccd3cbb3ab1d76922eea6cb4d3f9492f67357a0f1f5795320a
w002270	32365000	32369999	32367499.5	ML_trees/27365000-27370000.fa.contree	55		ad3ef00f2033dcf4fd9e8db5c1765f0208c7e25c5f15b19dee9aaf9a0a2fbd97
w002271	32375000	32379999	32377499.5	ML_trees/27375000-27380000.fa.contree	55		299ad7ee2874473b67118f0c3ef3181703bbbe33b786bcc23dc4f5e54a6b8d21
w002272	32380000	32384999	32382499.5	ML_trees/27380000-27385000.fa.contree	55		08643c3512520bb482b79ecb43b832fda2e40e593c73262e06026fd77d03dc29
w002273	32385000	32389999	32387499.5	ML_trees/27385000-27390000.fa.contree	55		dee7c06bdc4c5589a1d362c967190bd4dc5ddeddfd6307f1cc911d4e4b66551f
w002274	32390000	32394999	32392499.5	ML_trees/27390000-27395000.fa.contree	55		b31419b6137a2bdd6eff0659ff3f42dc730cac19420f8bf99bc558baffceed69
w002275	32395000	32399999	32397499.5	ML_trees/27395000-27400000.fa.contree	55		5b9802a27f29180fbf25f857d8bc231fde7af119ba31f640aec2f1fabc6679aa
w002277	32400000	32404999	32402499.5	ML_trees/27400000-27405000.fa.contree	55		c5849f231234f73954d052f627afe807a22085bbb7994bc27f89ec16ffdfabd9
w002278	32405000	32409999	32407499.5	ML_trees/27405000-27410000.fa.contree	55		58fcf4dad08d8385db15d93fcfcd66786eb4c8f5041a11cad1b2d0659abab4f8
w002279	32410000	32414999	32412499.5	ML_trees/27410000-27415000.fa.contree	55		2d52cc0d1867ec3d02915cd0f20e69dd2298a657448974c87ecdbf98dbe34273
w002280	32415000	32419999	32417499.5	ML_trees/27415000-27420000.fa.contree	55		c6f48e9b9cc83c7e1931747047adfabb6d7aa0aa0e39e7d40f455203206f68b3
w002281	32420000	32424999	32422499.5	ML_trees/27420000-27425000.fa.contree	55		da338781b9a4b0e9c8adccda23b50226e54032152f5f8c3c657f4fed570489b1
w002282	32425000	32429999	32427499.5	ML_trees/27425000-27430000.fa.contree	55		9d058fda96339f7994d28ebc0a3fa1e130f8e5d9287e29f59a4a4ba9631d411f
w002283	32430000	32434999	32432499.5	ML_trees/27430000-27435000.fa.contree	55		1e8b05d1deaf4438e486b23710dd3a51308cd2e5359800c39100968e44bb8e2b
w002284	32435000	32439999	32437499.5	ML_trees/27435000-27440000.fa.contree	55		3a1705f30e11282fa591b228b272fc410fd6c64a77f7b315c85d21bcdbe81d1e
w002285	32440000	32444999	32442499.5	ML_trees/27440000-27445000.fa.contree	55		cefa0b92d26e9ab20171b1bac645cb1dd7c946481e41b91790969da74913db39
w002286	32445000	32449999	32447499.5	ML_trees/27445000-27450000.fa.contree	55		a8c9ff108f0fca63756226ce973a58ae2d5290b0c841a49a811fe80f1bb33048
w002288	32450000	32454999	32452499.5	ML_trees/27450000-27455000.fa.contree	55		9fe521ef73e457799918e82163517cbb53d304778655ebcb0a12930ec909ec78
w002289	32455000	32459999	32457499.5	ML_trees/27455000-27460000.fa.contree	55		a9088936f58a49374ac5e14bd53a227a948b61760aff0445823de18077d4873e
w002290	32460000	32464999	32462499.5	ML_trees/27460000-27465000.fa.contree	55		11c5dd177951a5a86be81fd29aad761a71451a9ba12f0cb2269b00d4b6168db6
w002291	32465000	32469999	32467499.5	ML_trees/27465000-27470000.fa.contree	55		f51e7dd7dc56f99d66a74e21dcc4a688a2ddb3b74539a5cfb035894886357cb3
w002292	32470000	32474999	32472499.5	ML_trees/27470000-27475000.fa.contree	55		dce424b1a35acb47e994ee2b935bdd69184369c9565a631dc89c53d6bf5588bd
w002293	32475000	32479999	32477499.5	ML_trees/27475000-27480000.fa.contree	55		fb625ebfa01b588d4eb2657aea780ba14aaa271226894bc15fc2a7e9ff8d9ad6
w002294	32480000	32484999	32482499.5	ML_trees/27480000-27485000.fa.contree	55		a00b09d8339a9d3d9bdfafc9364ef48c909feb112fa0e0973b582cc823440280
w002295	32485000	32489999	32487499.5	ML_trees/27485000-27490000.fa.contree	55		ccdcb8b5b200f2376cd8e08aaef9913684ff3804694478321635e7637c515336
w002296	32490000	32494999	32492499.5	ML_trees/27490000-27495000.fa.contree	55		b71a7c14c41813d3b5d6f0c3647af372f34de39fef92965db3d9b6cddcd71d8b
w002297	32495000	32499999	32497499.5	ML_trees/27495000-27500000.fa.contree	55		8f26fe20ac36b4ebcc531d24caa4fa4be8438c87b94941c8057fe93dbbbb09f5
w002300	32500000	32504999	32502499.5	ML_trees/27500000-27505000.fa.contree	55		62563be54d9a86d8a07062b4618fcdbac759609347e10c82462ae85c2fe63820
w002301	32505000	32509999	32507499.5	ML_trees/27505000-27510000.fa.contree	55		d5739a56f915ec2bb33cc91c673d184baad89542e0af156be22b1414c6794696
w002302	32510000	32514999	32512499.5	ML_trees/27510000-27515000.fa.contree	55		9b4526f7e80d8461734bc122758081c1b693787ff0207c8c04d1a13129d27cfd
w002303	32515000	32519999	32517499.5	ML_trees/27515000-27520000.fa.contree	55		e2c665fdcead154d92e5375227541062c806ae62f30eb9efe068a9519ac2cf33
w002304	32520000	32524999	32522499.5	ML_trees/27520000-27525000.fa.contree	55		a3e2d1af26e33bd9b096e373732472be904d09e32be6f06375fafd4974d25529
w002305	32525000	32529999	32527499.5	ML_trees/27525000-27530000.fa.contree	55		05bd631b8db5aa516832275f9ff711e9033001e5b3995d70924a272a49165476
w002306	32530000	32534999	32532499.5	ML_trees/27530000-27535000.fa.contree	55		caf5792786e6b5a33cd64bb9f9e6de1cbc8974a46d3dfeb67a555bbddaa676de
w002310	32660000	32664999	32662499.5	ML_trees/27660000-27665000.fa.contree	55		edfdfaa6a0a51747f995cf98a2af3043a0b1f532151527a322924c213fc45b89
w002311	32665000	32669999	32667499.5	ML_trees/27665000-27670000.fa.contree	55		7640a9080e2f5110eef0ede8146f12d0e6edf3108bd65f49af8fef6735002ada
w002312	32670000	32674999	32672499.5	ML_trees/27670000-27675000.fa.contree	55		fbe06adc25f23d6b68ca734b56fca5878752adb655d110da51a5c21f837910f4
w002313	32675000	32679999	32677499.5	ML_trees/27675000-27680000.fa.contree	55		8b4272b1b88508926acb435630bdd1da3fd4692861631e33467682c515267216
w002314	32680000	32684999	32682499.5	ML_trees/27680000-27685000.fa.contree	55		150ebd2eb0c016b70a18adc21ba21267088ca15151ec2ca7d6f12ecd20a12bdd
w002315	32685000	32689999	32687499.5	ML_trees/27685000-27690000.fa.contree	55		12190f33f3af73e877e0ddeeea83fa662b67c2cd95b877c3d361268ddc11af3a
w002316	32690000	32694999	32692499.5	ML_trees/27690000-27695000.fa.contree	55		0a3f76d5db5cc0e9710d30fc236c446a291ad09b38782166bd2f743227c82eb4
w002317	32695000	32699999	32697499.5	ML_trees/27695000-27700000.fa.contree	55		f4708d3ca059d30b26e263d99d50f51b85bf243bd7f9bb78517c3629028f2a30
w002319	32700000	32704999	32702499.5	ML_trees/27700000-27705000.fa.contree	55		234a614c100ce65782d294317504248ef368cea08d810e998351cd67eba6f0e7
w002320	32705000	32709999	32707499.5	ML_trees/27705000-27710000.fa.contree	55		2b9c329455f32cabd819fddbc0d2032f56cafaa656e8c5fee3eaa60ce9ce5c7f
w002321	32710000	32714999	32712499.5	ML_trees/27710000-27715000.fa.contree	55		09545b385175c9a703a1f047dfa3276168e43980b77affdf48cc998d142007ff
w002322	32715000	32719999	32717499.5	ML_trees/27715000-27720000.fa.contree	55		8246324662b612e6b0e40ac0da25cd9425123fbb86647bf9c43c643b365f04b9
w002323	32720000	32724999	32722499.5	ML_trees/27720000-27725000.fa.contree	55		d856710ebda4d89059ccbfc70a2d52e90df57d4ae5ddc99c46c1da7d65458236
w002324	32725000	32729999	32727499.5	ML_trees/27725000-27730000.fa.contree	55		6df2e6d752ceaa60f748a454493b4dad2e3e66bde3810c60ed82d03f512871ba
w002325	32730000	32734999	32732499.5	ML_trees/27730000-27735000.fa.contree	55		2e2b21f2edfbd05acd66d49c118b4801a30493c0f4564012d91e45a0082d0c05
w002326	32735000	32739999	32737499.5	ML_trees/27735000-27740000.fa.contree	55		cb9a55af37d03ab038e68df01eb140435842d6ec9ae0e13623615a86c2552d83
w002327	32740000	32744999	32742499.5	ML_trees/27740000-27745000.fa.contree	55		01818e179bad4a1716209c7bd652759aa03ff4e49a2256b15a092fc1012e048a
w002328	32745000	32749999	32747499.5	ML_trees/27745000-27750000.fa.contree	55		054d02a00cb145a0fbb082aadd3de5f9a2abcd9ea69535b60095e5540921bd44
w002330	32760000	32764999	32762499.5	ML_trees/27760000-27765000.fa.contree	55		c3e868557827eb320e8da0465c200f50393724f41299819a207d143ca942700e
w002331	32765000	32769999	32767499.5	ML_trees/27765000-27770000.fa.contree	55		fc4d6761cfc385e3c200c5db48c9bcbcc2b21f5a073899a4f5bd2a47486fd719
w002332	32770000	32774999	32772499.5	ML_trees/27770000-27775000.fa.contree	55		1f2b6a28a8adc4e088f0d09b506c66e5e39da4fa6d4ee21156e766fa231678d4
w002333	32775000	32779999	32777499.5	ML_trees/27775000-27780000.fa.contree	55		16c4bebfc6014b8bd398b9ee109ad30dd02b9ef49670fa6d2e05533fdd2f70d1
w002334	32780000	32784999	32782499.5	ML_trees/27780000-27785000.fa.contree	55		c61c39f322d726bfe30423e3d9eaf9cddc836759b16ea87f6683a66411c01484
w002335	32785000	32789999	32787499.5	ML_trees/27785000-27790000.fa.contree	55		ee9796fba11ebf860c08b094fd3981bc76060ed1ea2042be4acbc4bb95aaa84e
w002336	32790000	32794999	32792499.5	ML_trees/27790000-27795000.fa.contree	55		edbaa21efd96a535e5f606bf1ed692ed8acb53a0bc5e96a217ab19f5ac24d448
w002337	32795000	32799999	32797499.5	ML_trees/27795000-27800000.fa.contree	55		3a1b14e8e36c617dfb5d3f1b6cc68dda6f740773ede66dfdc72277afcca22fb4
w002339	32800000	32804999	32802499.5	ML_trees/27800000-27805000.fa.contree	55		0e50d5152d5b1218e50b0bd652a302658b35802628c9280d7ea6f98b0a4dd2c2
w002340	32805000	32809999	32807499.5	ML_trees/27805000-27810000.fa.contree	55		cbd334857ab55c493e6cafc9073a66c7d9c98aa89cbb3b5998e102fb6690f49b
w002341	32810000	32814999	32812499.5	ML_trees/27810000-27815000.fa.contree	55		3813baa270bb56dd7549a4c974870b573becf3e94032d8118b0c2a619327ec38
w002342	32815000	32819999	32817499.5	ML_trees/27815000-27820000.fa.contree	55		5f3263a5bd219fe34b1d5ed92e78a1fbef9c9608ed66033ee23eaf70dc539d34
w002343	32820000	32824999	32822499.5	ML_trees/27820000-27825000.fa.contree	55		011fad3fa819e172dc9934e1d5942ab71e5db5669d07b5b19cad533acaaa4444
w002344	32825000	32829999	32827499.5	ML_trees/27825000-27830000.fa.contree	55		3b4e42b88ce14431709ccb664b90b6df9564d2e491ded77304b3bc1a278396ed
w002345	32830000	32834999	32832499.5	ML_trees/27830000-27835000.fa.contree	55		8527493c4853ba7d9e4cc7ace41ba67f2f1394f1673f0fc9138f0ec2c8d6a64c
w002346	32835000	32839999	32837499.5	ML_trees/27835000-27840000.fa.contree	55		e168e64efc706a9139dc1b42a340c0426b3807126285c7cd170281e901ffc9b2
w002347	32840000	32844999	32842499.5	ML_trees/27840000-27845000.fa.contree	55		e7212fffa1eaf671e37670cf5cfec552e7af7185cd7a92ea7e893d08a5b4807e
w002349	32850000	32854999	32852499.5	ML_trees/27850000-27855000.fa.contree	55		6019855b889b6c1ce4b7e13ccbbbf7325e85c681430e8b79c5f2ebcb20da70b6
w002350	32855000	32859999	32857499.5	ML_trees/27855000-27860000.fa.contree	55		12b72fbafadc29dda54efd08a4d8830a5b469bf37f1193d97b38e47d76547a62
w002351	32860000	32864999	32862499.5	ML_trees/27860000-27865000.fa.contree	55		65a0944e598d1d4b4c7ac369b6ad7b2b34bc76cf5f841406abf98e75c7715817
w002352	32865000	32869999	32867499.5	ML_trees/27865000-27870000.fa.contree	55		4a00b2ef95d19b2dcdbf59c9a65d87e49eb26fa8b17a75f32f989de1eccdb672
w002353	32870000	32874999	32872499.5	ML_trees/27870000-27875000.fa.contree	55		65e1b0ffa54fe8c665b8f72653cf69035d6f98009dcad6820725cfb60822a404
w002354	32875000	32879999	32877499.5	ML_trees/27875000-27880000.fa.contree	55		ae9d6a5c705a22a984289de720cf8ea3c7dbd13f5c677a5450d47ad800dc0009
w002355	32880000	32884999	32882499.5	ML_trees/27880000-27885000.fa.contree	55		1001730bb94ccb45acfcd3df72225d76fe50f470047cc0dd265b13ad39472f0a
w002356	32885000	32889999	32887499.5	ML_trees/27885000-27890000.fa.contree	55		046b011e9a864003ef408232955a34b70506c883f9ce90678e0734a9f9ef0a1a
w002357	32890000	32894999	32892499.5	ML_trees/27890000-27895000.fa.contree	55		abd5b429b4df0246ae08a9ca5cd93d2b03b8142fd1aec85665a3346913906d58
w002358	32895000	32899999	32897499.5	ML_trees/27895000-27900000.fa.contree	55		a6d2ac2c7e6ae608cb975bd16989a64b1c21d936ec4dc654bdd1c9674eadbbcb
w002360	32900000	32904999	32902499.5	ML_trees/27900000-27905000.fa.contree	55		fa4b5071241bd336ecc3e3db2f8913d2be882e466d2d10f5a0b3765918757f93
w002361	32905000	32909999	32907499.5	ML_trees/27905000-27910000.fa.contree	55		0ffcdacd605975fa462f957a8f31630734d2a1ffde8976bd93ae279dd173e187
w002362	32910000	32914999	32912499.5	ML_trees/27910000-27915000.fa.contree	55		18ae3ef5ae47c53b676c96c4650fcd42d847534f9ff8c718e803809734025e49
w002363	32915000	32919999	32917499.5	ML_trees/27915000-27920000.fa.contree	55		f7d29da01b2b0658b69639a57f485b688173f93b3d9d701eec5bb06ad4e7e0de
w002364	32920000	32924999	32922499.5	ML_trees/27920000-27925000.fa.contree	55		6ac201bc7fad84a9eb99338f4bdcaa12b239946ebe0379b9f98b854fed587f75
w002365	32925000	32929999	32927499.5	ML_trees/27925000-27930000.fa.contree	55		864c5098dc46d4612813e230612fc7fb0483dd970fd7a4f214c3b7e5d5d30d90
w002366	32930000	32934999	32932499.5	ML_trees/27930000-27935000.fa.contree	55		e89308bb6f241333714fb5ff33cca4b9cb0f9c2885cc5285c3bb09547439fcd5
w002367	32935000	32939999	32937499.5	ML_trees/27935000-27940000.fa.contree	55		194e371e5470ef39fec2fab2a9f1329f4fdf393af9c63b4a486b95e8f50d25b3
w002368	32940000	32944999	32942499.5	ML_trees/27940000-27945000.fa.contree	55		ffc8db43803f8111670a4fdcfb7f66d3078a023342a892a80ed8822200b65d8b
w002369	32945000	32949999	32947499.5	ML_trees/27945000-27950000.fa.contree	55		95c0c335c93db171033d822e6b1fddf74efedeee1da52871ec89c03ea9d3be2e
w002371	32950000	32954999	32952499.5	ML_trees/27950000-27955000.fa.contree	55		bd4cb51c2694f0c5528f3e455a3b5febf3a166e21d182cac810734c623ee0394
w002372	32955000	32959999	32957499.5	ML_trees/27955000-27960000.fa.contree	55		312b772c2a2daaf7c6798bfa64c21bc799d650eda489c2257a171487037cc522
w002373	32960000	32964999	32962499.5	ML_trees/27960000-27965000.fa.contree	55		04540d400e16b71e7556e96ab0acca50a5135fbaec27235bb0dff453fc3d7ebc
w002374	32965000	32969999	32967499.5	ML_trees/27965000-27970000.fa.contree	55		c920734d8ff84105641499c775547d97e93f4ed693c1083bb0ae0a49ac222861
w002375	32970000	32974999	32972499.5	ML_trees/27970000-27975000.fa.contree	55		493e9bbe98e5821cdcd82ce7e429f577e50dd4267f605a45a0c79c97f9385ffc
w002376	32975000	32979999	32977499.5	ML_trees/27975000-27980000.fa.contree	55		9a19e83b453fa2bc5e31d3426f29f350007643ea77284f9748848247407a9113
w002377	32980000	32984999	32982499.5	ML_trees/27980000-27985000.fa.contree	55		25ed0535034eebaf0c20ef228ccb897e0f666e4323e3ff426d9540d108315ad1
w002378	32985000	32989999	32987499.5	ML_trees/27985000-27990000.fa.contree	55		bae64aba67ba016dd85bc318412dad7edd8d4b2057a04a8bc85e25f35976aaf4
w002379	32990000	32994999	32992499.5	ML_trees/27990000-27995000.fa.contree	55		26df2c0b4c16cb82ebc60c040527274d97bb8330d2d516000583ebdb0a427334
w002380	32995000	32999999	32997499.5	ML_trees/27995000-28000000.fa.contree	55		fb0d4a40641c840d88979ea157b3a818e383fb8c54f8935891318c5c964aa581
w002383	33000000	33004999	33002499.5	ML_trees/28000000-28005000.fa.contree	55		f8fdb3f1456fdc194bc93eb4da8203eb25fc28167f2b9c770dd1969347731657
w002384	33005000	33009999	33007499.5	ML_trees/28005000-28010000.fa.contree	55		5f81f9b701bbf56e7b2c5e98f58948a84dfe593c48b2562bbbed53d02dfc83b2
w002385	33010000	33014999	33012499.5	ML_trees/28010000-28015000.fa.contree	55		d2dbe790823792429384d45126cd371d5c87873e41cbc447badca81872fb3db9
w002386	33015000	33019999	33017499.5	ML_trees/28015000-28020000.fa.contree	55		400fa6fc2aeab86bba591b2a2a405fc161351089aef74905c3a45cb02dd4defc
w002387	33020000	33024999	33022499.5	ML_trees/28020000-28025000.fa.contree	55		71e8c9743e701a736bbbd87ebbb231e66b210a11c3456ab82ff313d6c6fb9732
w002388	33025000	33029999	33027499.5	ML_trees/28025000-28030000.fa.contree	55		acc67cb90d88e9a1a483ecbbf59ad6979bea51fd7d48a94f6d512c7f100ada9d
w002389	33030000	33034999	33032499.5	ML_trees/28030000-28035000.fa.contree	55		3c0c0df0a043e037abb725463209855d565f60ca520f02383f60275795b0c961
w002390	33035000	33039999	33037499.5	ML_trees/28035000-28040000.fa.contree	55		5f88ec957c8d9d58bef1ef0cf63371522bbf0c37f89976b44d668216d6555e6a
w002391	33040000	33044999	33042499.5	ML_trees/28040000-28045000.fa.contree	55		831e45f0ac14cc9e4ada166e7ef08050f293b1b7d0c98c96e4f661535b86d4d5
w002393	33055000	33059999	33057499.5	ML_trees/28055000-28060000.fa.contree	55		21b33915168f7c5ed3b028a8a771f3f10916e93dddd4ded5a6bbecd70b634b41
w002394	33060000	33064999	33062499.5	ML_trees/28060000-28065000.fa.contree	55		5d7032f33a78b0d0d2ed10f7d8e4fb05115380c0433fdbd618650ee26f09b3a7
w002395	33065000	33069999	33067499.5	ML_trees/28065000-28070000.fa.contree	55		e2d28c32f18da219f079e25d801c30cd6c5ff9f4f7691b14776b9a0df53232ec
w002396	33070000	33074999	33072499.5	ML_trees/28070000-28075000.fa.contree	55		07e7ddd8f4278f7b847038cdfc4b687d0fac7f7463f60eec1142b23aa6f7bd33
w002397	33075000	33079999	33077499.5	ML_trees/28075000-28080000.fa.contree	55		0fe7ffbf46582849cbd33cec77620e2d2d557d07fe81e42d4a05e33ffaa05863
w002398	33080000	33084999	33082499.5	ML_trees/28080000-28085000.fa.contree	55		9c7b1695ea0113c121513a709be7d7e19d5388c8996150115632a26997c78192
w002399	33085000	33089999	33087499.5	ML_trees/28085000-28090000.fa.contree	55		76ca72c2787aea24cb899da39714d5a873b700452804573621312d5a5a1ccdf9
w002400	33090000	33094999	33092499.5	ML_trees/28090000-28095000.fa.contree	55		7b859ced953211222b0579ad85938c2ee97ce3d092a1872390d5fbc0998aed72
w002401	33095000	33099999	33097499.5	ML_trees/28095000-28100000.fa.contree	55		1bf3b8fa4a17ce485d750d98b84409dbfaea39e1f526be5547f97d753cdc8b6e
w002407	33300000	33304999	33302499.5	ML_trees/28300000-28305000.fa.contree	55		98bce3d4ccd444453771a1ed5fdccfb8d6b6a36acbc5ef311f95db2874147b46
w002408	33305000	33309999	33307499.5	ML_trees/28305000-28310000.fa.contree	55		5c1d0726e2fa880bf692b2f9571ab9ee2c7f014d981d7b8bcc6414bedd96c629
w002409	33310000	33314999	33312499.5	ML_trees/28310000-28315000.fa.contree	55		967fb08ac259905ca63efaba4b408e98720793160fdd55a854d9c0ffa31eb385
w002411	33355000	33359999	33357499.5	ML_trees/28355000-28360000.fa.contree	55		776200a9f68b4aa2d6e6ce1c1b9cf4c6583d206581e7d63b358af470df59c84c
w002412	33365000	33369999	33367499.5	ML_trees/28365000-28370000.fa.contree	55		93d89640cc5f3668e511451ec8df4274f94deaa24f22759e2ba279da92c76977
w002413	33370000	33374999	33372499.5	ML_trees/28370000-28375000.fa.contree	55		cb5eba04c0480757cb9b02077844f1c0cc33969ce2c08a889b9987cd9b99ab54
w002414	33375000	33379999	33377499.5	ML_trees/28375000-28380000.fa.contree	55		a50af81f732b4b3df87e85d22086a5de2d01107818b29dd44384148471c1cb60
w002415	33380000	33384999	33382499.5	ML_trees/28380000-28385000.fa.contree	55		1aa42854afccdbfaceb2049ecdc68bdffb298f468a14c3503d2d2e4ca6640fdf
w002416	33385000	33389999	33387499.5	ML_trees/28385000-28390000.fa.contree	55		82242c4e4e85b2371f75c68656b4682a1db8df2b097aa5c3c109c6cf35e9f5f0
w002417	33390000	33394999	33392499.5	ML_trees/28390000-28395000.fa.contree	55		4a729b9cf638984e05a2b2742eb6bd52cfcbec9948a91417531ca6c6692fe889
w002418	33395000	33399999	33397499.5	ML_trees/28395000-28400000.fa.contree	55		74ff1ebb42f5bcd5364be3361875443cf306a88e61b54dfd4763ffa14fa2b5c5
w002420	33400000	33404999	33402499.5	ML_trees/28400000-28405000.fa.contree	55		fe9632ab2934b592adc25e218557ae0ebb35db1f3798572bbcd219fb3ae6fa7b
w002421	33430000	33434999	33432499.5	ML_trees/28430000-28435000.fa.contree	55		48e28aa4378c6d2dd9e93a0eded5db2b3fe7311c0d0eaeea475e288a770c5714
w002422	33435000	33439999	33437499.5	ML_trees/28435000-28440000.fa.contree	55		150a4b95df1ba33cfd3039c70255a9d03fff337ff259e75ffb3ad8d1829a6336
w002423	33440000	33444999	33442499.5	ML_trees/28440000-28445000.fa.contree	55		1976453c3e046274c54a4ad9cebc34d219cadbabc5ddfa357f28ab98fd59f896
w002424	33445000	33449999	33447499.5	ML_trees/28445000-28450000.fa.contree	55		7f955a3d6b9d73e0443be349a94dcb0450e1710247c5565c6347281dafec4237
w002426	33450000	33454999	33452499.5	ML_trees/28450000-28455000.fa.contree	55		eb654d4777f875ea9851c494298b0d0d73811cf300c62ce7e0b9945d6c933923
w002427	33460000	33464999	33462499.5	ML_trees/28460000-28465000.fa.contree	55		67ea5d11ba9ec9c0071912246e8093cb89f7d1192dbfc9bfc2debbcca2334be4
w002428	33465000	33469999	33467499.5	ML_trees/28465000-28470000.fa.contree	55		92fd709bd93999b12d42354b79563d0928b885fd47478b3afff450fa8130b86d
w002429	33470000	33474999	33472499.5	ML_trees/28470000-28475000.fa.contree	55		9fca7d10f5b181c06f40ce05d44deec57f8c83e3638f63933b875a1fa51903a0
w002430	33475000	33479999	33477499.5	ML_trees/28475000-28480000.fa.contree	55		69e486f23f941bee3274c99f4140f78d0b213cbeef28eec8e226a8eac7404376
w002431	33480000	33484999	33482499.5	ML_trees/28480000-28485000.fa.contree	55		9bc37f1d73d14b3042b5b80a87aed1064cb6bd6137bc9feb23cd9ff2f0bd1d51
w002432	33485000	33489999	33487499.5	ML_trees/28485000-28490000.fa.contree	55		f87966848bcb1538bb81e5a97dda2778a86d6aa3e29e0af1cc572cc723ba6e85
w002433	33490000	33494999	33492499.5	ML_trees/28490000-28495000.fa.contree	55		bcdbf65de326ce3891ec92455378bfb19e5bc43068d765ce9e2e367c67eb6e83
w002434	33495000	33499999	33497499.5	ML_trees/28495000-28500000.fa.contree	55		69513c8b65962b0bdbc34f7b522e1f27a651e25409099ea6ba85d6df90fe1451
w002437	33500000	33504999	33502499.5	ML_trees/28500000-28505000.fa.contree	55		bbc7d9e7c704004c928fe4e9e764997367b9384e42c7f2cdbb988141b0a1f86e
w002438	33505000	33509999	33507499.5	ML_trees/28505000-28510000.fa.contree	55		052f21c40025d6301dc6aa3998d3675d2d6df2d3d4bc84b54ca791e9f5070e36
w002439	33510000	33514999	33512499.5	ML_trees/28510000-28515000.fa.contree	55		46cbd3767770e6bf3d0d7294f211c6c1de880a571fb037c8c22c2e4406a87739
w002440	33515000	33519999	33517499.5	ML_trees/28515000-28520000.fa.contree	55		48bd366f29b72724811e7ca1490fbaa599c82fa291cca4469829d5cae95b683c
w002441	33520000	33524999	33522499.5	ML_trees/28520000-28525000.fa.contree	55		bf779f36fbf3c68ac235b8163469134c7f042ff90c43dbe067d5548e43aedb2b
w002442	33525000	33529999	33527499.5	ML_trees/28525000-28530000.fa.contree	55		b908496b44c12a05ed3336d506ddf8a08ee14ac7c07c97b32695b9af0fd8794e
w002443	33530000	33534999	33532499.5	ML_trees/28530000-28535000.fa.contree	55		d1b44a17f4d19af6a9df196e2201436cbc7b6573fe24e1433690ada4957b8518
w002444	33535000	33539999	33537499.5	ML_trees/28535000-28540000.fa.contree	55		26f76cafe8889ebb7261e23889a3dbfacc95a3c79307f143aaf612a259408041
w002445	33540000	33544999	33542499.5	ML_trees/28540000-28545000.fa.contree	55		317d77b38d7db497ad4b7be5524feb2fa14543b663cc2d30f9627aced16f4691
w002446	33545000	33549999	33547499.5	ML_trees/28545000-28550000.fa.contree	55		0f1215d13e1b9019a1f5241b08205f3bb3a67072fe2bdc90cabcf6d1ba9e07b0
w002448	33550000	33554999	33552499.5	ML_trees/28550000-28555000.fa.contree	55		884cf85754ae2f527eb44b5ac1e8c0313e75b5592ab80ebc4d6e6e6e4ad35cf1
w002449	33555000	33559999	33557499.5	ML_trees/28555000-28560000.fa.contree	55		38cca2578d40a333ef6c14c9c0deb589fa39ee788a182f5b855569db0d93e644
w002450	33560000	33564999	33562499.5	ML_trees/28560000-28565000.fa.contree	55		92c0cff6d838d47680c2fa74ec9aa03b31df0d8d05d5d939ec6262368ad53eeb
w002451	33565000	33569999	33567499.5	ML_trees/28565000-28570000.fa.contree	55		9e68fa15845b5ba578d9a1e0a6e1a7b44f6db657e8da53556ae64c84936b5bc8
w002452	33570000	33574999	33572499.5	ML_trees/28570000-28575000.fa.contree	55		f54c0702eff97291fe07062bfe0b1f60fcb0cb357af02e71162f3a0608ebf923
w002453	33575000	33579999	33577499.5	ML_trees/28575000-28580000.fa.contree	55		eb126e471daf75038b1a0ac5f6787472e825f5036b81fcb3bd47be365ebf5a29
w002454	33580000	33584999	33582499.5	ML_trees/28580000-28585000.fa.contree	55		498d7298ab63c65fe4ec12a807b8a3475272fda1a6a0949c56c7c6dca4dc4178
w002455	33585000	33589999	33587499.5	ML_trees/28585000-28590000.fa.contree	55		2f4d0ce7f4d39fa1992191d634b0a1f3a06af8fe305619b951b94ca8024b689a
w002456	33590000	33594999	33592499.5	ML_trees/28590000-28595000.fa.contree	55		1a45c3ac0d2818ae330f83a575a20873b8ed3e7c9567a6306e71c9a1a91ee0af
w002457	33595000	33599999	33597499.5	ML_trees/28595000-28600000.fa.contree	55		4c3d0b4af2328e9217fc12984ae56f7966c58f52ef08edf4230c45a9089df719
w002459	33600000	33604999	33602499.5	ML_trees/28600000-28605000.fa.contree	55		7f16913d61bf1554503f180cd3f447f290a8c91e0b50710c17c304568d3a439c
w002460	33605000	33609999	33607499.5	ML_trees/28605000-28610000.fa.contree	55		7df4b9e3440321783412855028fdd2731d69f84c19de96152d38cb3d827cdd72
w002461	33610000	33614999	33612499.5	ML_trees/28610000-28615000.fa.contree	55		55434b36e82e576b3253902ee658eddd07c9d4b544c4fd0d0fe6b56f98c58572
w002462	33630000	33634999	33632499.5	ML_trees/28630000-28635000.fa.contree	55		58ec5f09e2436ec02a3a180096ed46452aba8eebc2a32d30efc5a816feb9d661
w002463	33635000	33639999	33637499.5	ML_trees/28635000-28640000.fa.contree	55		3512d01489e00fd34313e2b3771f378d713ad679771d3f5a14d0d77167f767a1
w002464	33640000	33644999	33642499.5	ML_trees/28640000-28645000.fa.contree	55		85e8b25a6e66f027b29ebf970554200ec8146cfdd8473e1eafb1c25fe5a80562
w002465	33645000	33649999	33647499.5	ML_trees/28645000-28650000.fa.contree	55		b9b715c7ff0d5438a44756d33e58a411a1078fad878e2a7210355e4a2a776f1f
w002467	33650000	33654999	33652499.5	ML_trees/28650000-28655000.fa.contree	55		8de2ac6ac79b24b0f532e56bb2f56c074fa3e0c13015e13fe6ee23e0a1eec0d6
w002468	33655000	33659999	33657499.5	ML_trees/28655000-28660000.fa.contree	55		1a6b7f801d6841e91ce0f23b0ca681c64f14460e9aca76cfeb943430f4adf550
w002469	33660000	33664999	33662499.5	ML_trees/28660000-28665000.fa.contree	55		9681af1e6dffadc8ce87465e6bc14c83cbf306b326c104dceee2dc45388b2db6
w002470	33665000	33669999	33667499.5	ML_trees/28665000-28670000.fa.contree	55		c693be77a0fc7c65555483dcbf031c857060ee78cb70782eec2934a812da79ce
w002471	33670000	33674999	33672499.5	ML_trees/28670000-28675000.fa.contree	55		469869e4aae2e3e8e061f5d127c0c3b332633a0ebf60bca50a49afe25e04326a
w002472	33675000	33679999	33677499.5	ML_trees/28675000-28680000.fa.contree	55		006e4e384a987bc483d4fa8afe674f2300096eb87d0281b2ecc27a4aa3f09f1d
w002473	33680000	33684999	33682499.5	ML_trees/28680000-28685000.fa.contree	55		b357c858403f44af87cc1939828899dd0a6c8028cae25bac96505866438dca1d
w002474	33685000	33689999	33687499.5	ML_trees/28685000-28690000.fa.contree	55		1f6c11da4b060426cbc2583eecb1419c5fb4f4c1eac092c1f97564d5f9b84b56
w002475	33690000	33694999	33692499.5	ML_trees/28690000-28695000.fa.contree	55		c6df4fd1cd4017c369357a801b4317758616e314f4209a17fd50cf5431db8d43
w002476	33695000	33699999	33697499.5	ML_trees/28695000-28700000.fa.contree	55		617d6749ee3f6e8af28a2440978800d3bd1918bc910c32e6d8f6b29e9268fee1
w002478	33700000	33704999	33702499.5	ML_trees/28700000-28705000.fa.contree	55		9b058eca3c7740369331e4a543a4f503ead6a5f30b4805cb8d958994eaae206a
w002479	33705000	33709999	33707499.5	ML_trees/28705000-28710000.fa.contree	55		fac8f99b466354f1a02c92853a7ddcd7c6a0dd5951a9266f7d60c97becb7ba3c
w002480	33710000	33714999	33712499.5	ML_trees/28710000-28715000.fa.contree	55		e2a74f7c7ea6400f76b308abdecaa4c1672946bc1822da36cd530a474de3d36b
w002481	33715000	33719999	33717499.5	ML_trees/28715000-28720000.fa.contree	55		a0e44d403a50977849cb02c93e48fb1165ec1174632b254020d4168327edf59e
w002482	33720000	33724999	33722499.5	ML_trees/28720000-28725000.fa.contree	55		dee16df63c37c1304d5a89d9df029ca0bb2b028d3ecb0e0bc6d736170bcbde42
w002483	33725000	33729999	33727499.5	ML_trees/28725000-28730000.fa.contree	55		759c0305686ec7840bfd4ac389b987dd827a8afbdad3a5009eedeaf6c0b4e42e
w002484	33730000	33734999	33732499.5	ML_trees/28730000-28735000.fa.contree	55		dc33eda2a349be19654470cde5928dfecea6e33fa9dc45fd321a1a30ecab0487
w002485	33735000	33739999	33737499.5	ML_trees/28735000-28740000.fa.contree	55		5267370d50fcab7adc525863d49d45227482460f32b9d88306ddb587c8b0a886
w002486	33740000	33744999	33742499.5	ML_trees/28740000-28745000.fa.contree	55		87e2d9e5c172d03ffa199bd7caf58dc2c0fa9b4b0e3dd3d1a3a58666d2e8af23
w002487	33745000	33749999	33747499.5	ML_trees/28745000-28750000.fa.contree	55		15fd40d0fb415b0d430e4a54434347f38446bde3ac763d1957994b18701ca8ac
w002489	33750000	33754999	33752499.5	ML_trees/28750000-28755000.fa.contree	55		50be88523be72d749be953c600ff84c047713724febab8039f124c6560e4e675
w002490	33755000	33759999	33757499.5	ML_trees/28755000-28760000.fa.contree	55		3c2a94bbb051197a5019e2b88572d37f9dbc030194b0fe92902b57d89f448d41
w002491	33760000	33764999	33762499.5	ML_trees/28760000-28765000.fa.contree	55		72e170ed95fc4973b24c78faecc1da42485971fc88a6d4e4f94871c486d51024
w002492	33765000	33769999	33767499.5	ML_trees/28765000-28770000.fa.contree	55		0d078ad251b5aaa666478705e252bf07504b82dda0289ed8197d5da3bc6621c4
w002493	33770000	33774999	33772499.5	ML_trees/28770000-28775000.fa.contree	55		1b5c742173f197a8738884ed34d2e55e409cb0e94a9af47a1f449d31e726608f
w002494	33775000	33779999	33777499.5	ML_trees/28775000-28780000.fa.contree	55		3b614b7a023404cde8fe94973ff52cc5345976188ae3ea68277d317cb7b070ad
w002495	33780000	33784999	33782499.5	ML_trees/28780000-28785000.fa.contree	55		4030df6804537db7a6a7b6e9c0f51cb8e4ba83b0522115af5465c822fa2f5e8f
w002496	33785000	33789999	33787499.5	ML_trees/28785000-28790000.fa.contree	55		af367f8042b53e8bd6b089157f8617ba2cc6f66e20f3387306e6b0d2e8e0adc4
w002497	33790000	33794999	33792499.5	ML_trees/28790000-28795000.fa.contree	55		2a19bcd2492184266e638c75942e248561e904f4447ccbcfec48cde85fba17ae
w002498	33795000	33799999	33797499.5	ML_trees/28795000-28800000.fa.contree	55		5136f41ccdc11f7f8fe97b3f0b2cb99904be507b423ae4b5e977e1346273e8bd
w002500	33800000	33804999	33802499.5	ML_trees/28800000-28805000.fa.contree	55		34d5539339e1c38ca7ae825d52bb611893be20b398be55c0cdb51e8608d295ea
w002501	33805000	33809999	33807499.5	ML_trees/28805000-28810000.fa.contree	55		4fd6196d0489479777b8863c404eac385a8359db817fff0a23067b4797c1eddd
w002502	33810000	33814999	33812499.5	ML_trees/28810000-28815000.fa.contree	55		dc9fe758036ff58c530e8682e7b802bdc4feb9ee2c05a377a25e9f8976f36c50
w002503	33815000	33819999	33817499.5	ML_trees/28815000-28820000.fa.contree	55		bff6b8a1e02ba972e3965c96b2a8ccda2622abbe1bc9688a44bfd826d07d0d2a
w002504	33820000	33824999	33822499.5	ML_trees/28820000-28825000.fa.contree	55		6791a719d8927436bbca58e6ad00c8ff5c1d8ea9a4fbceaa5841f77fd493bd71
w002505	33825000	33829999	33827499.5	ML_trees/28825000-28830000.fa.contree	55		fcba16a6de68a95913441cf59207f5d262cba32f61c55329986ba365d0e21419
w002506	33830000	33834999	33832499.5	ML_trees/28830000-28835000.fa.contree	55		3556803099406b87873a78c59a4cb2ea99b2d95fb0fa91cfb5b21af68e497753
w002507	33835000	33839999	33837499.5	ML_trees/28835000-28840000.fa.contree	55		79a2979b3dbae5837d36a0388ee9a157cf40a543b925cabd6c00469cbb5a1732
w002508	33840000	33844999	33842499.5	ML_trees/28840000-28845000.fa.contree	55		d64685121c757ccb6bdb139fd18aeb522dd0be950b93d662129aeb7e5fd92e7c
w002509	33845000	33849999	33847499.5	ML_trees/28845000-28850000.fa.contree	55		45d1adf8168889e344d62a4495fa89b55bfe076fc44a313fc7367fd187bc79af
w002511	33850000	33854999	33852499.5	ML_trees/28850000-28855000.fa.contree	55		5630debade152d409df008bd30b62930cbf8fb7db833298b1678676b940323dd
w002512	33855000	33859999	33857499.5	ML_trees/28855000-28860000.fa.contree	55		6b6881b0932697c571413cb61bf82d7f94aaf27422c93da533808a919efabb04
w002513	33860000	33864999	33862499.5	ML_trees/28860000-28865000.fa.contree	55		e1ac1f37e94b2db4febe8d6b12bd686fde3c7133f28489f9d2b911790d1e485c
w002514	33865000	33869999	33867499.5	ML_trees/28865000-28870000.fa.contree	55		a1c7afd84bab79089825386be93bbeb45f606b15fb2b7f45f852c375c352e689
w002515	33885000	33889999	33887499.5	ML_trees/28885000-28890000.fa.contree	55		18bd99e4ce3c257910aea9accd2114ca7f909e1f546e76b27fa5df3b3f6d6231
w002516	33890000	33894999	33892499.5	ML_trees/28890000-28895000.fa.contree	55		18dff3e81025d2906d39917fa8a320ea50816883b8c30c151ab1f0995a25db4d
w002517	33895000	33899999	33897499.5	ML_trees/28895000-28900000.fa.contree	55		2f837de5893e48b01929e19df691c9caebb4cc68b353e0c75c86099e7f5cfa4f
w002519	33900000	33904999	33902499.5	ML_trees/28900000-28905000.fa.contree	55		8957064b143e6cf6b784c394bc313ee097ffd5ddf974850f126e375cd8032095
w002520	33905000	33909999	33907499.5	ML_trees/28905000-28910000.fa.contree	55		93980e71a5fac28b48aacd1e81d6a9237d99fc91cf74486ee7da1f88273bfde3
w002521	33910000	33914999	33912499.5	ML_trees/28910000-28915000.fa.contree	55		bd911e11ab1cb6ab3ca19ff3687c9fc368011b028346eeb535a276c45e62349b
w002522	33915000	33919999	33917499.5	ML_trees/28915000-28920000.fa.contree	55		eba5f8458d4256a78d60c298bda0ffce8d48925ddbac6848bfea37b57b3cf5da
w002523	33920000	33924999	33922499.5	ML_trees/28920000-28925000.fa.contree	55		43bcc84589edb6d5e2f4d37b612638f7be81d6beed8dc2619b9fd13a17cb7ed7
w002524	33925000	33929999	33927499.5	ML_trees/28925000-28930000.fa.contree	55		2425d13b7713621d04a1a712b9e9c4f4590001af3272c335e59c735ff052dd1f
w002525	33930000	33934999	33932499.5	ML_trees/28930000-28935000.fa.contree	55		4a54716710b48a1c742ed08865986e60e5ba89535ff063c9851420ca51bfb579
w002526	33935000	33939999	33937499.5	ML_trees/28935000-28940000.fa.contree	55		f6142ecb26f50b3116a4a83a44164ec527ead4759f1b2594093e1b09075024e8
w002527	33940000	33944999	33942499.5	ML_trees/28940000-28945000.fa.contree	55		8dc0375d01b7827904d15ec95202a20da35d5049781dc2bff6f0d164c6410136
w002531	34035000	34039999	34037499.5	ML_trees/29035000-29040000.fa.contree	55		518cc90c2aa4586ba3228a1b07b148067dec9853de8a5a719a327482459eec90
w002532	34040000	34044999	34042499.5	ML_trees/29040000-29045000.fa.contree	55		4d709db96a0588c04562ae03bb2e31ae2573b84cf2af1153a8f5404e8a58b805
w002533	34045000	34049999	34047499.5	ML_trees/29045000-29050000.fa.contree	55		dcd4f94efefea2107cf3ec1e0713b2fdc3bf00476b0dfb68f2f54f11670cdc43
w002534	34050000	34054999	34052499.5	ML_trees/29050000-29055000.fa.contree	55		a850baee2a119fa47d4bc5d08355e95cf7c38faf4acacccaaa3d065778d7ab8a
w002535	34055000	34059999	34057499.5	ML_trees/29055000-29060000.fa.contree	55		8e6ae1054745769a7e849f690d216ccac541a0be22b14eb1e29cf40b7d63b5d8
w002536	34060000	34064999	34062499.5	ML_trees/29060000-29065000.fa.contree	55		6bc0d4cf7b64174647e6e821241bfb240b44787fe43c505c3507bf7fa7e740c4
w002537	34065000	34069999	34067499.5	ML_trees/29065000-29070000.fa.contree	55		c9fdbc64e208a0cd827477601fb66dc247141c46be2664c5a16287168210a734
w002538	34070000	34074999	34072499.5	ML_trees/29070000-29075000.fa.contree	55		9821b1ad942c665836e0a8e01b11e435dee7ac1c5e14c85007eea25161f101d6
w002539	34075000	34079999	34077499.5	ML_trees/29075000-29080000.fa.contree	55		545b27d6c0e1bb840edaaba24ff19601da4b6fbc7beb3036b36dc77636269ad9
w002540	34080000	34084999	34082499.5	ML_trees/29080000-29085000.fa.contree	55		d238b0f63b1d74b998a8b38824d93da8945be0024e1ae214d162dec2d0d91957
w002541	34085000	34089999	34087499.5	ML_trees/29085000-29090000.fa.contree	55		c84b8eab9bf071b3e26a103d76a3fcb063fa2f61bc4f265d25a4062b75e1a1f0
w002542	34090000	34094999	34092499.5	ML_trees/29090000-29095000.fa.contree	55		17d634c282434ac7a9d31a503bcfee673a955d1eb287c57b688b2562da2bdc38
w002543	34095000	34099999	34097499.5	ML_trees/29095000-29100000.fa.contree	55		5e6e3c43703265aefc674e40631e655b51b24679cdb41eeb47599658440bbd23
w002544	34100000	34104999	34102499.5	ML_trees/29100000-29105000.fa.contree	55		1ee19951583489cc684f6a730f7e26eb45ca7fdff7764aaf43f2f86279b2ce1f
w002545	34105000	34109999	34107499.5	ML_trees/29105000-29110000.fa.contree	55		b279439cf99466a80d3e13fa95f43a53c5edb91bfce2b98f8672f9985253a1af
w002546	34115000	34119999	34117499.5	ML_trees/29115000-29120000.fa.contree	55		ebe96552f656c9e0ea0242b4044467943e75d520244d1f988eb793d776ad8ecd
w002547	34120000	34124999	34122499.5	ML_trees/29120000-29125000.fa.contree	55		d7edc5f27d0abab18a299d3c864f06c3ec89bc574235a5e0e9d34a302da904ac
w002548	34125000	34129999	34127499.5	ML_trees/29125000-29130000.fa.contree	55		3ac6b8e0dc213a0681b63e47526224e1ce8d8d365cb9c357809c3f5540214347
w002549	34130000	34134999	34132499.5	ML_trees/29130000-29135000.fa.contree	55		356c3c322be7dd7fb4c36fab896f9bbb60ebb53a18a5a02dc8168679106e44ca
w002550	34135000	34139999	34137499.5	ML_trees/29135000-29140000.fa.contree	55		2b3f70d1628f23dc1772310e5ad07cc30e5a1f1bf7a478aa1b3057d6361750df
w002551	34140000	34144999	34142499.5	ML_trees/29140000-29145000.fa.contree	55		2232fc3a44ad415ee4fc5a1bab45f08ec60a56352aeb8749736314f8b512afc0
w002552	34145000	34149999	34147499.5	ML_trees/29145000-29150000.fa.contree	55		dd0f614b2e1dab2ff6c9b9969849807bb246ad86d71fdaa9e57587ed2015739e
w002553	34150000	34154999	34152499.5	ML_trees/29150000-29155000.fa.contree	55		b32ef26b8eeea34f53af5601f546cd9aff67b7e95b74db17313a0a300adf8ba9
w002554	34155000	34159999	34157499.5	ML_trees/29155000-29160000.fa.contree	55		c4dcaa730a748718540bf0599252ad14dea27d1f1f4147e3c90e2c1509429541
w002555	34160000	34164999	34162499.5	ML_trees/29160000-29165000.fa.contree	55		d5d9c189c9813dd21508921484e05fbb228ed15ae5565a291855e5d072ea0af5
w002556	34165000	34169999	34167499.5	ML_trees/29165000-29170000.fa.contree	55		a062be95c6144148a17c2a7eaab4a87677c72c915d0147fc89345b056fac2c11
w002557	34170000	34174999	34172499.5	ML_trees/29170000-29175000.fa.contree	55		b243f150ac85bd07b69cc4e84abff417d8622af01b779eb3c1ce69f2627f763f
w002558	34175000	34179999	34177499.5	ML_trees/29175000-29180000.fa.contree	55		47853235e44209fd2895c4de57ae03ce9dbf05089aa9845e9c25e3cd311309b8
w002559	34180000	34184999	34182499.5	ML_trees/29180000-29185000.fa.contree	55		f613e40e5b25b4758176fd5b5f12c684429f3e732de3055551da98f67d866dd3
w002560	34185000	34189999	34187499.5	ML_trees/29185000-29190000.fa.contree	55		ac3d8b960e72e9c1886d5b65822ea4f239fc1236f22ac9bc745edad28b3fef99
w002561	34190000	34194999	34192499.5	ML_trees/29190000-29195000.fa.contree	55		c376340500e0e7f3c3f89596dfd6cb81d08c8ee8b025f4ce3fd483be20ecb04d
w002562	34195000	34199999	34197499.5	ML_trees/29195000-29200000.fa.contree	55		a6b4b8aa39636bd55b7cee22fdd6e153deee2a8135ecf3344b8d7f55676350b7
w002563	34200000	34204999	34202499.5	ML_trees/29200000-29205000.fa.contree	55		c12637bd01b4d3d838b5ea5b648d39a6b582afbac9465cfe4a28489726733a29
w002564	34205000	34209999	34207499.5	ML_trees/29205000-29210000.fa.contree	55		116d891fd9a61acfb4e792391471786629fbf00a309621b9c89c499c7a2ecc22
w002565	34210000	34214999	34212499.5	ML_trees/29210000-29215000.fa.contree	55		b038d4d51f7df5caae6124c3b53e8509bd83f0e8d7f9f70a625b755d43ebaa5d
w002566	34235000	34239999	34237499.5	ML_trees/29235000-29240000.fa.contree	55		e966c53eefffe1fbbca34be6c2395c831d71c33bdd2e65971427ce54bbf311f5
w002567	34240000	34244999	34242499.5	ML_trees/29240000-29245000.fa.contree	55		1ca182cc70015bbd6942425aad496fb9037f591a570f6b5685d761cb08cc870b
w002568	34245000	34249999	34247499.5	ML_trees/29245000-29250000.fa.contree	55		9a386775847ae5240634d72ac30494f24d893d2df6df8b6b8f4fb7bb68b805d5
w002569	34250000	34254999	34252499.5	ML_trees/29250000-29255000.fa.contree	55		f56c886f5d628fbb899ea743efa7f27986932b59a52df07a2c97578016fac006
w002570	34255000	34259999	34257499.5	ML_trees/29255000-29260000.fa.contree	55		a295dfa1b5cfc1dddc40a3f2e52ce3ce7570ca261d45688ed258c6155581339a
w002571	34260000	34264999	34262499.5	ML_trees/29260000-29265000.fa.contree	55		c4f146cdf1f4cefd7f4f384a6938aa66840e7df3d57e8fdfc59ffd7e8bae85a0
w002572	34265000	34269999	34267499.5	ML_trees/29265000-29270000.fa.contree	55		f0f74f545f5b6456d50b0cba325b0d1e5117cc9a71f803c024c1629003a19588
w002573	34270000	34274999	34272499.5	ML_trees/29270000-29275000.fa.contree	55		3ddff236d0413e556e9755eb6c2611a7d5ca62695946b9d3dbc2931d8b6ecfd0
w002574	34275000	34279999	34277499.5	ML_trees/29275000-29280000.fa.contree	55		8b087c78559e3379d723d5298c0de5f7deb5d5dd44805569526cf4bfb28684a6
w002575	34280000	34284999	34282499.5	ML_trees/29280000-29285000.fa.contree	55		1743408b4692577a78762dd2330f17a0d1a0b7b9ead363d76d4cad3d052a188a
w002576	34285000	34289999	34287499.5	ML_trees/29285000-29290000.fa.contree	55		d2c0068ad6327bf252b94241519c33892ce290ec06778355ed2e38413ead45ad
w002577	34290000	34294999	34292499.5	ML_trees/29290000-29295000.fa.contree	55		c5b73d7675ed034c88a3d795f69dfef5b00a98edb38615230c2817d148bb84a0
w002578	34295000	34299999	34297499.5	ML_trees/29295000-29300000.fa.contree	55		793a63c54ec23ddf46476bf747a4b0977f4d7a5300a7923460d29369916aeea4
w002579	34300000	34304999	34302499.5	ML_trees/29300000-29305000.fa.contree	55		f5ba25eef21d12ca0ca984616829bc21f508ad07fa6053d179609ebbcaafd90e
w002580	34305000	34309999	34307499.5	ML_trees/29305000-29310000.fa.contree	55		fc44377442212e8b978182088e4e384cb00de6493ac62c3f7b6eef5cd7cec407
w002581	34310000	34314999	34312499.5	ML_trees/29310000-29315000.fa.contree	55		c1e84fdf56650eec69aebaaa51a55503660fd7726906c0ab56cdb476ce37937f
w002582	34315000	34319999	34317499.5	ML_trees/29315000-29320000.fa.contree	55		2e2e70d8b796b0a56770d9571813d801998005db728ad9305021195b465674e7
w002583	34320000	34324999	34322499.5	ML_trees/29320000-29325000.fa.contree	55		d1954c8cde8504c6b404e9c27fe2d8bcd21049fd0e66e59d0ede1e80f8abbdb8
w002584	34325000	34329999	34327499.5	ML_trees/29325000-29330000.fa.contree	55		180ef9b36bc139bb094e91b1e4227f058e9e46d3b4c99cf507b505dac62884fc
w002585	34330000	34334999	34332499.5	ML_trees/29330000-29335000.fa.contree	55		f7e2a1dfffd4af849efcfaae5e5af92ec1c4b4fbbc5c0a55d9a6f6c15e02db40
w002586	34335000	34339999	34337499.5	ML_trees/29335000-29340000.fa.contree	55		799466b27f5f273625380585cddc9ba5130804f8ad6b908e1763917d2bebd6fa
w002587	34340000	34344999	34342499.5	ML_trees/29340000-29345000.fa.contree	55		fd30ffc0889049a0b72b214e56f2da0c7fc957cd4366eb6000872ca17fbe46b5
w002588	34345000	34349999	34347499.5	ML_trees/29345000-29350000.fa.contree	55		28df86119ad3be4210311b93e56463e117447cc71b418a694e2b6af7874e3288
w002589	34350000	34354999	34352499.5	ML_trees/29350000-29355000.fa.contree	55		2538b7ec7f8cd1c4c3a66befd63284c02c289e14990665736152dfe30c8c994c
w002590	34355000	34359999	34357499.5	ML_trees/29355000-29360000.fa.contree	55		819e104d6f7f9b69afe0016eb34211ac4c539b337b105f6b586aa1e75c083541
w002591	34360000	34364999	34362499.5	ML_trees/29360000-29365000.fa.contree	55		a023e13b8f739fd249d0ab1d0c8766f7e845b7dc3dbc2cfeaf9d01922abe2423
w002592	34365000	34369999	34367499.5	ML_trees/29365000-29370000.fa.contree	55		8b45dca97bb7658dbc56e6fed88a5bf9e0af25ea5fdba76b4f9eda139cc799d1
w002593	34370000	34374999	34372499.5	ML_trees/29370000-29375000.fa.contree	55		4f9216029d8eee98ad63e5270bf9e4d72d17330482ea55204302f0971b0e86cb
w002594	34375000	34379999	34377499.5	ML_trees/29375000-29380000.fa.contree	55		c8c921bd99047e1b460e4f7fda419425d905d77cce53806cafc44c7116799df5
w002595	34380000	34384999	34382499.5	ML_trees/29380000-29385000.fa.contree	55		bce3c7684e68c834f0f08537e43df48dd6594516c0a613280862dbcee73e8c9f
w002596	34390000	34394999	34392499.5	ML_trees/29390000-29395000.fa.contree	55		95d87d67b70a7818b07c918fb486e6e1391b5d272446e358e490dafdf9edb516
w002597	34395000	34399999	34397499.5	ML_trees/29395000-29400000.fa.contree	55		49d00cab68e7b8aa717837d0763ba152316fd46dd8ddb412c3f67d9cab19ccdf
w002598	34400000	34404999	34402499.5	ML_trees/29400000-29405000.fa.contree	55		fccd8f48625ed83cc574bf73cc9df3d9e053676e63b6667fe225d773935f124e
w002599	34405000	34409999	34407499.5	ML_trees/29405000-29410000.fa.contree	55		c7b767b7d76bbc033f23909458d019328107eb789f5003c131f3930140ccc137
w002600	34410000	34414999	34412499.5	ML_trees/29410000-29415000.fa.contree	55		0d2404001e527fa3493c28cfe2fc7a7711621bff4ad90b8a0320586a0312979b
w002601	34415000	34419999	34417499.5	ML_trees/29415000-29420000.fa.contree	55		9b13d58c26530aed029506b82336dd6a5c5f91470b850baee34108a799b36221
w002602	34420000	34424999	34422499.5	ML_trees/29420000-29425000.fa.contree	55		9608823d7d351f0bc2df12b3975d352eda45b57584296880d0958a1dd87aa5d3
w002603	34425000	34429999	34427499.5	ML_trees/29425000-29430000.fa.contree	55		8b53e64b344a867486647e188b1398f133d67833e8bdc89e612756cc77994cd0
w002604	34430000	34434999	34432499.5	ML_trees/29430000-29435000.fa.contree	55		beb9897f070b6e379e1100cb3d0ac5bac2146c84c3868b09a66d82386ce217b9
w002605	34435000	34439999	34437499.5	ML_trees/29435000-29440000.fa.contree	55		d788b80a807cd325ab910261c40cdbf235521c271e53c57cd3231d1de03ed782
w002606	34440000	34444999	34442499.5	ML_trees/29440000-29445000.fa.contree	55		c05195fffeb671f2483803a3a4d88c8374633914d470b1d1d570e2eaf3553e11
w002607	34445000	34449999	34447499.5	ML_trees/29445000-29450000.fa.contree	55		6117f70545ff546e8e56c2f439dccf79e9007e9e9b47ec5121aa44993d089a76
w002608	34450000	34454999	34452499.5	ML_trees/29450000-29455000.fa.contree	55		bb4bb358490d5badf722bec18579ff96eb6e84124064801dc423ccefe42d355b
w002609	34455000	34459999	34457499.5	ML_trees/29455000-29460000.fa.contree	55		0f27ade47da400b088b63e51c301b8f0a1cba75d26ef300657845f585fe00e61
w002610	34460000	34464999	34462499.5	ML_trees/29460000-29465000.fa.contree	55		256543c509350242ce032599cc7c968feddcf7636bd0c93db426f62f9d90c909
w002612	34550000	34554999	34552499.5	ML_trees/29550000-29555000.fa.contree	55		adcbfa3da693f9d9e3a619b9cb674778acad3626ccf790b10c316c5eb4e312c3
w002613	34555000	34559999	34557499.5	ML_trees/29555000-29560000.fa.contree	55		25d4b3e8678ca59757019220e0d2602543712061796a5b5d3ca024e4bab2458f
w002614	34560000	34564999	34562499.5	ML_trees/29560000-29565000.fa.contree	55		d99090e823f8e1c021ce97a57dfd4dd254929e18216ddf835766258befdfe2cb
w002615	34565000	34569999	34567499.5	ML_trees/29565000-29570000.fa.contree	55		39e660461a605085a7d00a5d40bead0e019fb22019067f50f3fe6f2c2a06ca42
w002616	34570000	34574999	34572499.5	ML_trees/29570000-29575000.fa.contree	55		13297ccbfe01d23f772a678d1e766db6f89cdf15f37b9de1302737a70595de14
w002617	34575000	34579999	34577499.5	ML_trees/29575000-29580000.fa.contree	55		16daab07ba2cd3a91b61f31949f8aca480631bba9dd7b95374bff0a1068f703d
w002618	34580000	34584999	34582499.5	ML_trees/29580000-29585000.fa.contree	55		a91a97beda11d0596e642af4e772559cbbbd56ffd0925df7b2d8b0cefee64f55
w002619	34595000	34599999	34597499.5	ML_trees/29595000-29600000.fa.contree	55		f509e43054064e9e4b8af6fb7246242b0b66147079a64c9e222d2a49ccee4d08
w002620	34600000	34604999	34602499.5	ML_trees/29600000-29605000.fa.contree	55		bad91133cb8416886650abe8a3eeefd70b787c82c31e04590139b38d1c0d28c8
w002621	34605000	34609999	34607499.5	ML_trees/29605000-29610000.fa.contree	55		c64c49abc511390630b5049ed29bde3b028d1b6a2f83a98ec1a0d5488f3e8c2d
w002622	34610000	34614999	34612499.5	ML_trees/29610000-29615000.fa.contree	55		e623ea01465f2e2e458f46e6af3dfdbd4641ef8bb712abd473d8d01caee0b6db
w002623	34615000	34619999	34617499.5	ML_trees/29615000-29620000.fa.contree	55		aed74594b7e338bf1f430cd33d99cc2fa24e44d3267f6d8ea649741c803b40d4
w002624	34620000	34624999	34622499.5	ML_trees/29620000-29625000.fa.contree	55		f4dad652be8c42a999f4bbeb6d686dcd04ece5fb56eeaab89ecf79da7b54cda6
w002625	34645000	34649999	34647499.5	ML_trees/29645000-29650000.fa.contree	55		60a883f19bbf76c4972d729d2fdcb0cb247309c0d5dc4f772aeabfeb4e7da95d
w002626	34650000	34654999	34652499.5	ML_trees/29650000-29655000.fa.contree	55		ed0a65594ebf6040f6120267cb2ee9f13fcb409ab99d24d04aea67762115ad7f
w002627	34655000	34659999	34657499.5	ML_trees/29655000-29660000.fa.contree	55		ca8aa5183cdf2e0e5825d27d3eae9b510c2e98529afa961ccf5c058c3560d5a4
w002628	34660000	34664999	34662499.5	ML_trees/29660000-29665000.fa.contree	55		04fc74c5ed8b528f7d1f5d890e30ec2ca96f53a46a95e321649821ed57a1a4a6
w002629	34665000	34669999	34667499.5	ML_trees/29665000-29670000.fa.contree	55		76d429c576a074bb0dc646a64bf0b9870ce29a894104e8e22d9e94ae486adbb0
w002630	34670000	34674999	34672499.5	ML_trees/29670000-29675000.fa.contree	55		8f1e1a9457fcd757d33ac96056ab9154a7b1e734841b3850c29aab240a2a1500
w002631	34870000	34874999	34872499.5	ML_trees/29870000-29875000.fa.contree	55		c9cc60b366feda35355d00099910141ee64ab3487f9b1c10184521948db1b8ca
w002632	34875000	34879999	34877499.5	ML_trees/29875000-29880000.fa.contree	55		e124d9307dca9c44cdae8c8ea4564572d35c800c3f38afa775b4235b999273a4
w002633	34880000	34884999	34882499.5	ML_trees/29880000-29885000.fa.contree	55		a9355c60cb424540c2aad4871cee64503e51d8b6eaacafd3701434af3a1a3015
w002634	34885000	34889999	34887499.5	ML_trees/29885000-29890000.fa.contree	55		b2c191cf687504dcb7655816580ff438da854857f238b88dbf3a3fc6c9f28832
w002635	34890000	34894999	34892499.5	ML_trees/29890000-29895000.fa.contree	55		cd0e6f98a6d1256fc9bf639fee238b8dd9c9a093f466507d3cee64a271282dcf
w002636	34895000	34899999	34897499.5	ML_trees/29895000-29900000.fa.contree	55		4e437b4e088b65a52dc8acdbdd5e2d71df8f015590d352199eb4e5c64dc96b5a
w002637	34900000	34904999	34902499.5	ML_trees/29900000-29905000.fa.contree	55		0d2f0652f2dc2c96f9283eabe6d1226ede07a80b87f8d3027f314ab24a9a8b08
w002638	34905000	34909999	34907499.5	ML_trees/29905000-29910000.fa.contree	55		3c09861a9a8742853971efd6145d7a417ec4c22060e33225dd66a5607b7f7e05
w002639	34910000	34914999	34912499.5	ML_trees/29910000-29915000.fa.contree	55		375cc93daa223a1628fee7dd48781ff2066536713fadee14069983d9c3603926
w002640	34915000	34919999	34917499.5	ML_trees/29915000-29920000.fa.contree	55		d0e5505fa8d80e20e669d8c6b7b95142ebc1b1e83715c5faa87120391c6779b9
w002641	34920000	34924999	34922499.5	ML_trees/29920000-29925000.fa.contree	55		d103b53431607fb6124e47a1849c45b7ab567938ed1436f4654f7706bda92ed0
w002642	34925000	34929999	34927499.5	ML_trees/29925000-29930000.fa.contree	55		05cf73065966bb886d4a2150502618718322acaf0218ef9ce2b4a3d9d9f0104e
w002643	34930000	34934999	34932499.5	ML_trees/29930000-29935000.fa.contree	55		5803dec75c9e34a5a3585157eb7da51e81cd702f0d0f875248d97ee7a9aa8fb5
w002644	34935000	34939999	34937499.5	ML_trees/29935000-29940000.fa.contree	55		d51ec1b6962afb0889fdeb9d3902d989b68cf2e90b8017cec6c1c9ff38a0c05a
w002645	34940000	34944999	34942499.5	ML_trees/29940000-29945000.fa.contree	55		fedb52dc29fad43154065c6388bd373f8800b1e1a02edc1ee2356d88cd8a795f
w002646	34945000	34949999	34947499.5	ML_trees/29945000-29950000.fa.contree	55		4bdbdcb978ffa0786d148c3a648341d37a40bf118473a5985a166c92ddd07449
w002647	34950000	34954999	34952499.5	ML_trees/29950000-29955000.fa.contree	55		1ca354b533f76406457c212a2b9d421482df854622e47a7e3a3c20b639797635
w002648	34955000	34959999	34957499.5	ML_trees/29955000-29960000.fa.contree	55		3104a475fb8cfabd2deaffcec234a55fd134c95f643a6057711e0181cd0ef9f9
w002649	34970000	34974999	34972499.5	ML_trees/29970000-29975000.fa.contree	55		b8e39a86b855ba542dfd6ca90b36217e3e55a228d470a3af5cc96d84016aebe5
w002650	34975000	34979999	34977499.5	ML_trees/29975000-29980000.fa.contree	55		eaf7094e596f55f760cc9f87711480bb7d634f536b280dceae43bc8a1709fb29
w002651	34980000	34984999	34982499.5	ML_trees/29980000-29985000.fa.contree	55		a1ae1ba72805448abf4239ed31810de4f0f5c1bfee22317a70f35804d04a9af7
w002652	34985000	34989999	34987499.5	ML_trees/29985000-29990000.fa.contree	55		79014d36b5048c4f9e04d8ac21f17c6c6a9b2000b56cc2dca9d385164f99e895
w002653	34990000	34994999	34992499.5	ML_trees/29990000-29995000.fa.contree	55		0c8660f13940b06c9896a518b415aeda0c861728202a0871a6a1abb867c772ad
w002654	34995000	34999999	34997499.5	ML_trees/29995000-30000000.fa.contree	55		438e0e0c28290dd65ad870c28313b2e7e184f187e8268c5487ee608fb4610745
w002657	35000000	35004999	35002499.5	ML_trees/30000000-30005000.fa.contree	55		98783a05d59f6118e7ab055bdf4786be444ea52f9c32e7a77fb5c42b32ef4096
w002658	35005000	35009999	35007499.5	ML_trees/30005000-30010000.fa.contree	55		91a57030f3a860035bf61d5a7579f727e883733685bdebf5dc656429d3a2f0ed
w002659	35010000	35014999	35012499.5	ML_trees/30010000-30015000.fa.contree	55		7485735dc3a2117785d804be1910b712f6e93d1be6247019728e908da556106a
w002660	35015000	35019999	35017499.5	ML_trees/30015000-30020000.fa.contree	55		60770da9ac7457bc963b7c806f440704b9784e2c51adba2eff0cbf13d1c4a2da
w002661	35020000	35024999	35022499.5	ML_trees/30020000-30025000.fa.contree	55		55d574a44cf7a966233c1afa4497d61ac2ed4960f3317c76cc944a2c658ed551
w002662	35025000	35029999	35027499.5	ML_trees/30025000-30030000.fa.contree	55		c55191d6a47581f9b5cb1d43a52fdda52f9f912701c3b3ff3788f20163a1bfb9
w002663	35030000	35034999	35032499.5	ML_trees/30030000-30035000.fa.contree	55		73c5e9d2fd8aff450288e38bf4bbb80817ddec41ca2cd748001e29d4a9dec8ab
w002664	35035000	35039999	35037499.5	ML_trees/30035000-30040000.fa.contree	55		aa8f0de137cde2b4c859f72c300791f84cf7dff1fb3243340c04b122cd5b6cb0
w002665	35040000	35044999	35042499.5	ML_trees/30040000-30045000.fa.contree	55		aa0890a1bdc0e8def32124acddf32f2bed27c3ae763c9cb24ef8f41031d82383
w002666	35045000	35049999	35047499.5	ML_trees/30045000-30050000.fa.contree	55		881395dd6608e24b87019f11aa59c4426972bcac07a02a923d4b25a15e80d00d
w002667	35050000	35054999	35052499.5	ML_trees/30050000-30055000.fa.contree	55		14ce87c309f7317cbba2a510ae50078d1571407b1a9e539f705ce5bff49ba392
w002668	35055000	35059999	35057499.5	ML_trees/30055000-30060000.fa.contree	55		f8f8eb651612a4f86ebe36e5fe5b547428482d48c4f4a2b205d1f026503820e9
w002669	35060000	35064999	35062499.5	ML_trees/30060000-30065000.fa.contree	55		55219f924850f65fa2617fb43f8d44746dc0da75117b6ee708ddae10c8cd8270
w002670	35065000	35069999	35067499.5	ML_trees/30065000-30070000.fa.contree	55		8d057df859ab9b564a725c4eb606582b0a9fcd61ba3d9aefd6559112ad1d8805
w002671	35070000	35074999	35072499.5	ML_trees/30070000-30075000.fa.contree	55		bcf9f180687a20aee98a8f87d260d48d002bd9fabeabc19edf8e297d02adb305
w002672	35075000	35079999	35077499.5	ML_trees/30075000-30080000.fa.contree	55		1a94605791f4463ec20597daa3c4035c178cb860d861cc5f2695f5388086828e
w002673	35080000	35084999	35082499.5	ML_trees/30080000-30085000.fa.contree	55		eab39c87320f3ef44c3688cfa7a5c80cd202aba765570e17c5cb336928174a38
w002674	35085000	35089999	35087499.5	ML_trees/30085000-30090000.fa.contree	55		12b45db33a64028c786bfbc676346dab0e9362443c6295cf78e41f29468f59da
w002675	35090000	35094999	35092499.5	ML_trees/30090000-30095000.fa.contree	55		6f60d52c9885db5d7c95b502b6228b5f4cc08b0d379ef5cf7eda9a91cb0f2656
w002676	35095000	35099999	35097499.5	ML_trees/30095000-30100000.fa.contree	55		224c09582e450b1958c7dce85d83dc87cc5ab26d79165440f54ba81782cfb28a
w002677	35100000	35104999	35102499.5	ML_trees/30100000-30105000.fa.contree	55		c14cac270f23193955ada3b6b503e86311f5110c4f4c3e21b9536685ee1a7127
w002678	35105000	35109999	35107499.5	ML_trees/30105000-30110000.fa.contree	55		ce7fbdde8cdcdf27e7d6f619b7661f552ce2d3811b7a44c85697de6012f40a9e
w002679	35110000	35114999	35112499.5	ML_trees/30110000-30115000.fa.contree	55		1c754238fa3dafba4901e4ebf0002ff2b523c6735ab30c3b7e4d08a7a51df91d
w002680	35115000	35119999	35117499.5	ML_trees/30115000-30120000.fa.contree	55		0686cec22ac128631ef8ee7a6ba1eed92e3fee5ded47750be869ae7654b1f788
w002681	35120000	35124999	35122499.5	ML_trees/30120000-30125000.fa.contree	55		c5a485356b9ed265882183b0edab1d2d691882e9584c704cc29efa9561a7517e
w002682	35125000	35129999	35127499.5	ML_trees/30125000-30130000.fa.contree	55		3d0cab02001b6200cc13de52a39685b6e0d3d2d136bef225bdcb834a8d6bd39e
w002683	35130000	35134999	35132499.5	ML_trees/30130000-30135000.fa.contree	55		f59eb5e634d78397a0822f390a754f82fd2c0933755f2aa0de7ebcf4582272bf
w002684	35135000	35139999	35137499.5	ML_trees/30135000-30140000.fa.contree	55		f28afd821fdbff8ca762483d45ad7de36ff847e945fae2dd90edbc11d9e3863e
w002685	35140000	35144999	35142499.5	ML_trees/30140000-30145000.fa.contree	55		ef9eeb6516049609ec6c4168043451d3b488db1ab0eadd472603e0afa37f3a3f
w002686	35145000	35149999	35147499.5	ML_trees/30145000-30150000.fa.contree	55		b7e70003d2893ad56b8d89f5b3db037ba909cc19c4e326bc788d79c65500b376
w002687	35150000	35154999	35152499.5	ML_trees/30150000-30155000.fa.contree	55		220f041bd394b43c76c055644dee9296b126f7d3ae17b554efa455a770e3bdbb
w002688	35165000	35169999	35167499.5	ML_trees/30165000-30170000.fa.contree	55		5a6359791665eed8cb0c4e7bd2f467ca0fd5a70c4068dd7ba067a86002698729
w002689	35170000	35174999	35172499.5	ML_trees/30170000-30175000.fa.contree	55		562c226732ceb546a57473a1993465c7c0def3ccf152f4f8e58ca63bcea76f64
w002690	35175000	35179999	35177499.5	ML_trees/30175000-30180000.fa.contree	55		26fd34fd4145a00e97d9a2d4426d0f6790158600a57cd9e9451acafe58beda10
w002691	35180000	35184999	35182499.5	ML_trees/30180000-30185000.fa.contree	55		f68016c1a2e37c932dd4838b58e5954ded2aeab59ae248fa78c34b1fb49de49e
w002692	35185000	35189999	35187499.5	ML_trees/30185000-30190000.fa.contree	55		bb4f39c33779191a1222e7761a06390542b6c544812b11202a5a421dc3239d02
w002693	35190000	35194999	35192499.5	ML_trees/30190000-30195000.fa.contree	55		d10096e28153d72e75270a2bcee086ecb78df1364d78cc396991ebcbc8385507
w002694	35195000	35199999	35197499.5	ML_trees/30195000-30200000.fa.contree	55		5499f325d34cac2ecfbce87b6f709763949498df163f891362dc13d2491ebd0a
w002695	35200000	35204999	35202499.5	ML_trees/30200000-30205000.fa.contree	55		1ea01b1cc459a2fbb0077919ea3aee117dd7f2b3f039ca95bbee4386ce732595
w002696	35205000	35209999	35207499.5	ML_trees/30205000-30210000.fa.contree	55		749c1bca0464f449fd267b065d84ad065060804f39072fcaae4e2dbdc7bea2d8
w002697	35210000	35214999	35212499.5	ML_trees/30210000-30215000.fa.contree	55		d8c402969bbf39bd3c3e1e451dd9523e9963849661250dbf47df1e5500911b17
w002698	35215000	35219999	35217499.5	ML_trees/30215000-30220000.fa.contree	55		97a2f981eb7b0d888a2e8a89eb5341ab6e990d250401556fd2aa5d6281362e6f
w002699	35220000	35224999	35222499.5	ML_trees/30220000-30225000.fa.contree	55		8eb982de008dfc7b1997ab7b0abb278e628a473ce4fd150c83320f403854552c
w002700	35225000	35229999	35227499.5	ML_trees/30225000-30230000.fa.contree	55		bd53af56c570680e9f2a1d5d9df643435dc3e8d19e48a07982f45462b3d13ad0
w002701	35230000	35234999	35232499.5	ML_trees/30230000-30235000.fa.contree	55		291ecea6954342664b79dc3c8f1b7361c5c1d4aa92e2b89942a88d26189b1533
w002702	35235000	35239999	35237499.5	ML_trees/30235000-30240000.fa.contree	55		27c73e99de4491dd693e4821930f55f108082d5537f57d3f620f543c53b3e37a
w002703	35240000	35244999	35242499.5	ML_trees/30240000-30245000.fa.contree	55		3d4917085387ef68f00dd1199e9dfa024bdc8b6a52a013997427da0d58527b40
w002705	35505000	35509999	35507499.5	ML_trees/30505000-30510000.fa.contree	55		040e91b3db5c56d73ec3a1f9ab80136813e31d8b9782b8957af7a19b47116d15
w002706	35510000	35514999	35512499.5	ML_trees/30510000-30515000.fa.contree	55		d5ef721f521a7a503e528751bead62d5b65dfa7b73009df6b20d3a6e959e53d9
w002707	35515000	35519999	35517499.5	ML_trees/30515000-30520000.fa.contree	55		a7509cf33c70420597b5a4b38175b5566dbf58469d805678dc3a5eb2300a5c02
w002708	35520000	35524999	35522499.5	ML_trees/30520000-30525000.fa.contree	55		ce41a8de2fe6e6e28632d86ebc2575e2a8e1ce15106ddc16b3cc6df602f61a6c
w002709	35525000	35529999	35527499.5	ML_trees/30525000-30530000.fa.contree	55		1818f3957144bb19554cf82c9ce46afb53f3bd70b9eac737f21f98025d9eabfa
w002710	35530000	35534999	35532499.5	ML_trees/30530000-30535000.fa.contree	55		ba07453bec182f7139578a7913af79f85eb3262074634e1c6eac003f6e9cb850
w002711	35535000	35539999	35537499.5	ML_trees/30535000-30540000.fa.contree	55		07288d90233d07ea11b3c6b266ab62e9188e349ff9f4c16d9464959526610fc5
w002712	35540000	35544999	35542499.5	ML_trees/30540000-30545000.fa.contree	55		76bef029dcbee80a010736b1ff5d20bac74e32c4c38389b3e838c8bfb2b172b4
w002713	35545000	35549999	35547499.5	ML_trees/30545000-30550000.fa.contree	55		2d600c9bb22e9d733f2a4bac0963b8eee73a8c9a9b35cffb379145720e3ca921
w002714	35550000	35554999	35552499.5	ML_trees/30550000-30555000.fa.contree	55		ac5d9858eb3af74e6563e5f3541a3c0aff3d313a3891a5e72680d51dfba34859
w002715	35555000	35559999	35557499.5	ML_trees/30555000-30560000.fa.contree	55		0569515b308413e3ef1871fdd8729f831cb5f1652c9a6c5e29582ec8a9d2fa7b
w002716	35560000	35564999	35562499.5	ML_trees/30560000-30565000.fa.contree	55		99261c22e7775d82e2e6a9b3d2a8695873b33d1e9e8abb4b4cd9816186033641
w002717	35565000	35569999	35567499.5	ML_trees/30565000-30570000.fa.contree	55		d56f743abcad8e58c2726ca11d229dd9ed10633426b3b8300cb82e8c7da75556
w002718	35570000	35574999	35572499.5	ML_trees/30570000-30575000.fa.contree	55		34ed6b7dfa42dd4b6a979d5ce6557eed6cbc0944e896d5e4d4533f6837d858bf
w002719	35575000	35579999	35577499.5	ML_trees/30575000-30580000.fa.contree	55		5fff69c2cdd18a3d3047249a68a74dae1b8fc9897915a917b46503c9854e8d16
w002720	35580000	35584999	35582499.5	ML_trees/30580000-30585000.fa.contree	55		53b67d60320fe964d7e2fb9a9039671fd81807e761bee6544b3b99c5fb3600dc
w002721	35585000	35589999	35587499.5	ML_trees/30585000-30590000.fa.contree	55		3d972122c386a35f483276275868a650d42348d03d06cda608ef0e4cbf4e2438
w002722	35590000	35594999	35592499.5	ML_trees/30590000-30595000.fa.contree	55		95e36b6a56d944912e03b99ca20110db332dbc97091e6669737ea67f1ef768c6
w002723	35595000	35599999	35597499.5	ML_trees/30595000-30600000.fa.contree	55		050eec2ae97333aa33f2a52341b0b6823b4ef638c4703cfc90dfd9c33d986179
w002724	35610000	35614999	35612499.5	ML_trees/30610000-30615000.fa.contree	55		bc2480d2f9e0a428047a684cafd54c6e9c8f32aa79e088bdb7de20a9bfafa0e4
w002725	35615000	35619999	35617499.5	ML_trees/30615000-30620000.fa.contree	55		0e33e09eff37c5ee9f0982b630aea10fa8f02b638d3774cdad5d3867c2685d9f
w002726	35620000	35624999	35622499.5	ML_trees/30620000-30625000.fa.contree	55		f755c2199c615ee1207e395f28cdd3438927db30d9cb67ac773e36abcf0a182a
w002727	35625000	35629999	35627499.5	ML_trees/30625000-30630000.fa.contree	55		063e08c938ad5a0f64a40f9284a53078374dfda461555f76e805adc1d5f986d5
w002728	35630000	35634999	35632499.5	ML_trees/30630000-30635000.fa.contree	55		ff3171aeddf72ef08b30b3d9da0ca7f7473900028b63c8572c377ea050c4f088
w002729	35635000	35639999	35637499.5	ML_trees/30635000-30640000.fa.contree	55		00f678a433df24c90f6222a777d6a0b14ce00aea906a1a41571168ca641e9f64
w002730	35640000	35644999	35642499.5	ML_trees/30640000-30645000.fa.contree	55		582b1f5c3ae19e4910c3e6bc4377f3ae2954319c20610aecfe3045066528a9e0
w002731	35645000	35649999	35647499.5	ML_trees/30645000-30650000.fa.contree	55		f3f3416df9a22f0893777ba637fb7b3ed70992eadb79b166e7e0f98289b7784d
w002732	35650000	35654999	35652499.5	ML_trees/30650000-30655000.fa.contree	55		078a11d1f1afb704d40b89e29f408602fb9ebef751ad8ab952bc3307752648ba
w002733	35655000	35659999	35657499.5	ML_trees/30655000-30660000.fa.contree	55		63f8969bb08fd89ba474f277c9562024d4ebee2a0eb629a1400251c0e39804f4
w002734	35660000	35664999	35662499.5	ML_trees/30660000-30665000.fa.contree	55		5db806505f7016f6c53e8c7ff7335f2b63ffbcfb317ffad564e23a1075dfc80a
w002735	35665000	35669999	35667499.5	ML_trees/30665000-30670000.fa.contree	55		f0c7c734cb5e7e1cbfab6e347d6b8f8661201bd8acafa83e2a448c77f0b01d71
w002736	35670000	35674999	35672499.5	ML_trees/30670000-30675000.fa.contree	55		4b0ac62337fc6145c00f0b59ffdc3b438899a8ddf2f3238cbfe12734ec287076
w002737	35675000	35679999	35677499.5	ML_trees/30675000-30680000.fa.contree	55		5c41b17795a41e8159d82da481fa1043c5d1908ed502c34fa6d9110ede364b39
w002738	35680000	35684999	35682499.5	ML_trees/30680000-30685000.fa.contree	55		1961587412efbcca96de912e87b54cedcee714b2cfc0d99484444387a949069f
w002739	35685000	35689999	35687499.5	ML_trees/30685000-30690000.fa.contree	55		d9b867f5017eac87c2086d98419fdbfedbcf0e0651f34c556b6e39b854210f03
w002740	35690000	35694999	35692499.5	ML_trees/30690000-30695000.fa.contree	55		e73d752aee62eb3b3c8f9adab71ef61dd4ed373fb63329166e6dc1c129e59115
w002741	35695000	35699999	35697499.5	ML_trees/30695000-30700000.fa.contree	55		8d227355dd64c8b75d0460120657d7dac0815194309270f05ca112b6ec3f1c37
w002742	35700000	35704999	35702499.5	ML_trees/30700000-30705000.fa.contree	55		39b2a04d6cb8ea2ffca183487c772d32c225dda015bcd5f62add810647598fb9
w002743	35705000	35709999	35707499.5	ML_trees/30705000-30710000.fa.contree	55		5b52dfe61c2b8e2ce847ce6eb99224febe8b230ee85b23f18d0cd76b9ee6de12
w002744	35710000	35714999	35712499.5	ML_trees/30710000-30715000.fa.contree	55		87e41d81ae5f3e272f01d5e4a93998e15cc21e11d0fe998104a2494f4f671496
w002745	35715000	35719999	35717499.5	ML_trees/30715000-30720000.fa.contree	55		2ea662a543389c5e5444cabb42604619c51b6034a1c9615ed407814f2829b8dc
w002746	35720000	35724999	35722499.5	ML_trees/30720000-30725000.fa.contree	55		11f2312019d872210bb19050f40cf39c436b5b82129743580891c57344489239
w002747	35725000	35729999	35727499.5	ML_trees/30725000-30730000.fa.contree	55		1ea17d564df1b8e017a5d661937986cadb077c4f005d0693e6e590e6bc89157a
w002748	35730000	35734999	35732499.5	ML_trees/30730000-30735000.fa.contree	55		f09b9815e7506fa196987132fd82fd9e8c8d049f07c8d462a6f02ae84fb225c6
w002749	35735000	35739999	35737499.5	ML_trees/30735000-30740000.fa.contree	55		136a45818e5a77e06744e917b53d1d3397e7687dba84459bf4c1875207dcbdd2
w002750	35740000	35744999	35742499.5	ML_trees/30740000-30745000.fa.contree	55		7c65caabb188fa9531cb1b1fe72637ca8039023fa9b8e451b559e4d23fc94113
w002751	35745000	35749999	35747499.5	ML_trees/30745000-30750000.fa.contree	55		ee6b8d940361f77e429e7f928e2b4f24fa230d4b20f7d01e91600538be3219a6
w002752	35750000	35754999	35752499.5	ML_trees/30750000-30755000.fa.contree	55		b98a24dba8cd7edf9d5c8995aa2fc0e4207db41d5c11ee2c4d14e0445135377f
w002753	35755000	35759999	35757499.5	ML_trees/30755000-30760000.fa.contree	55		2806f57ca1b9c10571d4e3ab2712d8078e95c8bdfda8329b4dc813f86e9f10a4
w002754	35760000	35764999	35762499.5	ML_trees/30760000-30765000.fa.contree	55		cb673bb9193d2369fec77776c02a05ed8161a68db9ff98c1a44f5a13f5c132c7
w002755	35765000	35769999	35767499.5	ML_trees/30765000-30770000.fa.contree	55		e7dce2577b785c18b80733618e24e048e5fe1a9a050c39cd44801c6ff2d3a054
w002756	35770000	35774999	35772499.5	ML_trees/30770000-30775000.fa.contree	55		c6edbfdf0524e1d7bf39a0eddb02281c103255234dfce08e55f0d4605df6793c
w002757	35775000	35779999	35777499.5	ML_trees/30775000-30780000.fa.contree	55		9285df80a35e28c53126a981fb73386ea1b769c63b402cad85aa2ddf1c97a3f5
w002758	35780000	35784999	35782499.5	ML_trees/30780000-30785000.fa.contree	55		01a9829cf4e7da6dd09a0db3c049d23fe22fc74d81d0c87f15587a9bd6e68cdc
w002759	35785000	35789999	35787499.5	ML_trees/30785000-30790000.fa.contree	55		41406979f4133f944d7a27a3ea8b4a03e2ffe4d06a788e7166f0b92fc0176a7f
w002760	35790000	35794999	35792499.5	ML_trees/30790000-30795000.fa.contree	55		4ff423de590d5480fcaff14eab71b1d63344e8fc792ed695d3fd24729ed460db
w002761	35795000	35799999	35797499.5	ML_trees/30795000-30800000.fa.contree	55		5653614e7058b9a123c1fbe2f60ba81dfa9f44dccb6a4087bac252f750385da9
w002762	35800000	35804999	35802499.5	ML_trees/30800000-30805000.fa.contree	55		7f3e03f50e67ae39ba32ae8b6739d1d8cddff73d46499eeb404730f5c5c8fb4e
w002763	35805000	35809999	35807499.5	ML_trees/30805000-30810000.fa.contree	55		f82a0dab3bdf07570e873856e750227059e9f78bc69f621a76e76feebb772952
w002764	35810000	35814999	35812499.5	ML_trees/30810000-30815000.fa.contree	55		bf5d93da7d5cd553b130290835f48bff781578e05b8208daeecfee53c065db8e
w002765	35815000	35819999	35817499.5	ML_trees/30815000-30820000.fa.contree	55		9db32f4228f107670ec1f86b61f523f288f96b9a97fa2b52dbabacf5d54a2207
w002766	35820000	35824999	35822499.5	ML_trees/30820000-30825000.fa.contree	55		c9c2e1b3878e504a71338d882fd0c960e81d877f64f76709c5e131bdd0fb48d7
w002767	35825000	35829999	35827499.5	ML_trees/30825000-30830000.fa.contree	55		e5c3699d54a48f34eff64169b72632eafa75f59f024d2fbd30e1adc70397ed77
w002768	35830000	35834999	35832499.5	ML_trees/30830000-30835000.fa.contree	55		7046dd73e15eb4b5e4aba3324f87cb9c2adddcae43ef833a2cc4366f7eadca29
w002769	35835000	35839999	35837499.5	ML_trees/30835000-30840000.fa.contree	55		1e1204c479a88d3fd79f1b1b197272220dc89fa13d6337ef6fb2ec1e7088a813
w002770	35840000	35844999	35842499.5	ML_trees/30840000-30845000.fa.contree	55		878732e700a084f5d8330ca4f82469245556e5a07b52f8fa5f21eebf774e3e5f
w002771	35845000	35849999	35847499.5	ML_trees/30845000-30850000.fa.contree	55		b6510c870944f5e34e73d22a46c5b8b416fee450e0f609dd4850cbd69d5b9353
w002772	35850000	35854999	35852499.5	ML_trees/30850000-30855000.fa.contree	55		729ce0d04b06c497a94b2072867932021ea2e35901c66ed34328571993f9537f
w002773	35855000	35859999	35857499.5	ML_trees/30855000-30860000.fa.contree	55		24ef74ddac1d8ce2bf927195ba58733521d1e3a9d825373e18ca6ddba768a981
w002774	35860000	35864999	35862499.5	ML_trees/30860000-30865000.fa.contree	55		778bb375ada282f729a70353f4acf7fa27b55870bf60161558a111b098aef8c7
w002775	35875000	35879999	35877499.5	ML_trees/30875000-30880000.fa.contree	55		4cc7e6e0904850c905cdb0525148f3a90d0c230b7212ac45577757576b7a9656
w002776	35880000	35884999	35882499.5	ML_trees/30880000-30885000.fa.contree	55		aa11d92ddfa0a34f5daa9b366a166c722a8b82d889a8704c513a9d4cf7d2c44e
w002777	35885000	35889999	35887499.5	ML_trees/30885000-30890000.fa.contree	55		e20cc4990a3c0630340da2dc515dee44e6ac2205a77f6d7bab0d98e5571c290d
w002778	35890000	35894999	35892499.5	ML_trees/30890000-30895000.fa.contree	55		3f01476491d8d95ebc2b1bf2538ae2f46e0adc2e2bc27b98b5fbf5ea682b5952
w002779	35895000	35899999	35897499.5	ML_trees/30895000-30900000.fa.contree	55		eb700cabe2ab3a612a1590493ad481d5810ecadb93096af2cd9b4e06c18336a0
w002780	35900000	35904999	35902499.5	ML_trees/30900000-30905000.fa.contree	55		8f173b6e91bb9aaa308a1c531082c70942a6a1909fd0484086bb30e1d0d8aabe
w002781	35905000	35909999	35907499.5	ML_trees/30905000-30910000.fa.contree	55		777a42ff1faf89bd4573823bf9cf9573a01306dae14dcd8ab922c5522307c10b
w002782	35910000	35914999	35912499.5	ML_trees/30910000-30915000.fa.contree	55		7e2fe13f19a29166a975a5e0035ac8444763ad7e46235c086ae22e30b263859a
w002783	35915000	35919999	35917499.5	ML_trees/30915000-30920000.fa.contree	55		93c87249f7fc607701064fa23b81c458919e44c24b33684872ac02906cdd3755
w002784	35920000	35924999	35922499.5	ML_trees/30920000-30925000.fa.contree	55		51bd2b9b36281e37c09dc52eb8055d9e2581eec78a7794589a4cddc9b21956d7
w002785	35925000	35929999	35927499.5	ML_trees/30925000-30930000.fa.contree	55		83f026c2d30588ab1be0efe2d9bf41b53e7f9f59082e10d2c29991eceaf12973
w002787	36260000	36264999	36262499.5	ML_trees/31260000-31265000.fa.contree	55		2229d8a9c40eaad1ffdcebe78ccf2cb475735a187b686a38fee7ed53ffb77deb
w002788	36265000	36269999	36267499.5	ML_trees/31265000-31270000.fa.contree	55		216de09737bec800d5919cbf79d122ac165d0d99820c8b844901666036f59ac4
w002789	36270000	36274999	36272499.5	ML_trees/31270000-31275000.fa.contree	55		2bd939725d39152ec655e46debd2c6a2d4419078f75b2488f0d4b405cb695a51
w002790	36275000	36279999	36277499.5	ML_trees/31275000-31280000.fa.contree	55		7f0b727a9efa9ad22e0d9ff8aa8cfb8402798260c2cda001346c2ebd0c289859
w002791	36280000	36284999	36282499.5	ML_trees/31280000-31285000.fa.contree	55		d64dd70b5e65f1839b6426bd92adc76f040adc1c1b5ba086d5c1ea1710e925a1
w002792	36285000	36289999	36287499.5	ML_trees/31285000-31290000.fa.contree	55		0b1994df72babc37146cb73dd3195dbcdcb5eb8b0bd158d92c4575eb997188c3
w002793	36290000	36294999	36292499.5	ML_trees/31290000-31295000.fa.contree	55		14d39e5be30a63045587042585325a93a4e827ca7ff3cc5f7a4c92e6e3c69277
w002794	36295000	36299999	36297499.5	ML_trees/31295000-31300000.fa.contree	55		ad7cc0e93ab7d91fb944097b14b1ee66308d22a8c64ec6d94e30fc2e0f2661a0
w002795	36300000	36304999	36302499.5	ML_trees/31300000-31305000.fa.contree	55		ddfc4baadaef7c52c1be11fd788a1fa0e616608314bb28c4e962b4617ad3eb54
w002796	36315000	36319999	36317499.5	ML_trees/31315000-31320000.fa.contree	55		9575896fc888d6cf529c1d0919d1d9473c12c64aedd8b4b3a0aa262151ebd4c3
w002797	36320000	36324999	36322499.5	ML_trees/31320000-31325000.fa.contree	55		ce155e1e75969180b6356ddbe64d5df2b1a9e6246348aa20c4d8ac18a6d6f7bf
w002798	36325000	36329999	36327499.5	ML_trees/31325000-31330000.fa.contree	55		d92605616140ba18f96af178efaf30f62c3d107d72a58aa4fa5c0ffba2fcb7de
w002799	36330000	36334999	36332499.5	ML_trees/31330000-31335000.fa.contree	55		dda1629b6c01a98885a434ccdfe2c378b9c8da4e9bd55be7f3dd4c4ae88ba603
w002800	36335000	36339999	36337499.5	ML_trees/31335000-31340000.fa.contree	55		cb2c2583bbf8570f9180652a17e87096f8029c30a47a17b943ef6bbbecebf6d6
w002801	36340000	36344999	36342499.5	ML_trees/31340000-31345000.fa.contree	55		afb307d8eb249d5116beea099e1f36963986a4f2225fc427c24807aa3d5d1a0b
w002802	36350000	36354999	36352499.5	ML_trees/31350000-31355000.fa.contree	55		dabdfe34a1b1ff3bf6c0905a2706e28e388c1cb98a8719ac2065142ed2fcdc51
w002803	36365000	36369999	36367499.5	ML_trees/31365000-31370000.fa.contree	55		9f7d770c6cbbde9c288ca71cd4638109b7cbf7556468e4cdf02128f24bc1900a
w002804	36370000	36374999	36372499.5	ML_trees/31370000-31375000.fa.contree	55		87a1180cd940aae1b3f153af769e731842bc481504c64b928c686c5c2b25bd33
w002805	36375000	36379999	36377499.5	ML_trees/31375000-31380000.fa.contree	55		774a07bf847b13d35703625c3afe08c3c7eae5b5e079e08cdb2c92563236e213
w002806	36380000	36384999	36382499.5	ML_trees/31380000-31385000.fa.contree	55		5fcbe2a959657b9c987d78fdeb4341b3bb4b13dd3fc237c1955910adbae1b02e
w002807	36395000	36399999	36397499.5	ML_trees/31395000-31400000.fa.contree	55		81b8bb72727aa9e613e3b8fc9e219c3b123a9267581617cff0e9c00b316a8461
w002808	36405000	36409999	36407499.5	ML_trees/31405000-31410000.fa.contree	55		384c759e837316c09ed94ffd6cb7c3794fb290e0699e2ea4ca9507886ef985d3
w002809	36410000	36414999	36412499.5	ML_trees/31410000-31415000.fa.contree	55		ac027511a047ecc79a9102c008420a68527527bb6f3e38d96d03fde802d731cb
w002810	36415000	36419999	36417499.5	ML_trees/31415000-31420000.fa.contree	55		be95260cac9d43aa675eabc66894c2d1d0a015372c8993dcac8e40db1fad8c55
w002811	36420000	36424999	36422499.5	ML_trees/31420000-31425000.fa.contree	55		7246bf61383638239439b37ca04523762d937c0a4b28bdf02b9a875199b5199e
w002812	36425000	36429999	36427499.5	ML_trees/31425000-31430000.fa.contree	55		3630a2de3552fc9010c04d17901d4624eac5c7830d1192db91092a563ce64e85
w002813	36430000	36434999	36432499.5	ML_trees/31430000-31435000.fa.contree	55		3a95071ebbcf197edcb1f16a6a1349ab20e962ba882aa0b40a966d898ef49bf4
w002814	36435000	36439999	36437499.5	ML_trees/31435000-31440000.fa.contree	55		276c42d604a5f476627e065f2b986f526b5f103b8b11e229166bd698d54ba164
w002815	36440000	36444999	36442499.5	ML_trees/31440000-31445000.fa.contree	55		57a85cb35d15d924f90ecf2c3fc4cb57ae3d8c2395f7b3c69c04bd6c5a285039
w002816	36445000	36449999	36447499.5	ML_trees/31445000-31450000.fa.contree	55		68df3a029af78db9d7668b953e980fa26ccf94020936035011250dee314b6b6c
w002817	36450000	36454999	36452499.5	ML_trees/31450000-31455000.fa.contree	55		dcdce5573b969e105cf6ee804471969bcbf8749a1a409dad7e0fc20c6b6a9df0
w002818	36455000	36459999	36457499.5	ML_trees/31455000-31460000.fa.contree	55		127cbeeee2883f569700e7542a0b0b84a4fc3cd230e21732a2cc42a80ca6f716
w002819	36460000	36464999	36462499.5	ML_trees/31460000-31465000.fa.contree	55		bc7433ace3a9764e7755f7621c3b2b1d8c6e2842a2ac02072e423058ee0cb82d
w002820	36465000	36469999	36467499.5	ML_trees/31465000-31470000.fa.contree	55		6e2a919e5d56100f6759f0abfffec425a15a8cc1cb25f5f73abc52e18a5846de
w002821	36485000	36489999	36487499.5	ML_trees/31485000-31490000.fa.contree	55		d87f5a3e2defed4eb5603b94cec03f0dafc6cfa904cd97505c8c5ae73095ee66
w002822	36490000	36494999	36492499.5	ML_trees/31490000-31495000.fa.contree	55		b77c65f355923f7fe53c4ced9c92f48ad221362b6020be366cca5c2cbef3d7b9
w002824	36510000	36514999	36512499.5	ML_trees/31510000-31515000.fa.contree	55		11b1b93eef94922d5b25f7802fa05b581ff3b1966840c3b63a8aa9af8a365625
w002825	36515000	36519999	36517499.5	ML_trees/31515000-31520000.fa.contree	55		f1c1bcb8ed9a35661cfbe34800fa8b519446ded0e0825247b4a69c4ea4b9b7aa
w002826	36530000	36534999	36532499.5	ML_trees/31530000-31535000.fa.contree	55		2323265ff366b5f1229db9abec48c2dde652bcab8388a8820b8deb311399c8e0
w002827	36535000	36539999	36537499.5	ML_trees/31535000-31540000.fa.contree	55		fe088efe912e4f29c14e9f56889ab2b0c3c4327b20b7f4b6b790a4ae7e7a73df
w002828	36540000	36544999	36542499.5	ML_trees/31540000-31545000.fa.contree	55		21a9f362dc08391607aa6dfdb04451a7f80abd7c73aae4cc43307fabdec3825f
w002829	36545000	36549999	36547499.5	ML_trees/31545000-31550000.fa.contree	55		d6fb78973d16820c24acda74fd6fa6c77015d0510984a2d4941adf3a4e29ccde
w002830	36550000	36554999	36552499.5	ML_trees/31550000-31555000.fa.contree	55		25628493a29c4f265d9cb15422a09670e10e514e3be0ea98ddca317574d53243
w002831	36555000	36559999	36557499.5	ML_trees/31555000-31560000.fa.contree	55		27050117f330073afeb5717b0947270211c8f75bcbfbf6b5852ab278c6c3aa5e
w002832	36560000	36564999	36562499.5	ML_trees/31560000-31565000.fa.contree	55		de8b623e641cd24e9302258a6c77643b6124588ef47e02b447b1e58d2345990d
w002833	36575000	36579999	36577499.5	ML_trees/31575000-31580000.fa.contree	55		6d6a816281c9ac1120785ce00d484a3f1b0dc80b55dc70f683201369f5fccd1d
w002834	36580000	36584999	36582499.5	ML_trees/31580000-31585000.fa.contree	55		fd853448a560c500b59a3f6185dae77cf845cda0206ef06fafcf1d4c3e56d141
w002835	36625000	36629999	36627499.5	ML_trees/31625000-31630000.fa.contree	55		1af380b15b9c538b40c91f3656904728e9d0d3096e69183c68439133aaab44a6
w002836	36630000	36634999	36632499.5	ML_trees/31630000-31635000.fa.contree	55		d584792999a906eac44a74b8ebda07c5414e506ec720367e24c258edc08f342a
w002837	36635000	36639999	36637499.5	ML_trees/31635000-31640000.fa.contree	55		df7aa30df734c891f1d8bee32b73885698f8cc857cf3bb5a5ff7923e29439e38
w002838	36640000	36644999	36642499.5	ML_trees/31640000-31645000.fa.contree	55		dab15e7d7ab4be349b3ae5b68176ac386d3eb26a194eb9dbd84e892fe35d78d1
w002839	36645000	36649999	36647499.5	ML_trees/31645000-31650000.fa.contree	55		cd3ba6ae48b24c301c0024f1428b570cf1a76c1bd9e8fbc5867c3593e66381e6
w002840	36685000	36689999	36687499.5	ML_trees/31685000-31690000.fa.contree	55		862b3b69585fe9a515f2940d8851f208043b6995e6a47934e98c81a94bb832fa
w002841	36690000	36694999	36692499.5	ML_trees/31690000-31695000.fa.contree	55		01b7e9be19e86d75fb25e37304a937503fbff738c486d2fd6ad0a5d13ac7833f
w002842	36695000	36699999	36697499.5	ML_trees/31695000-31700000.fa.contree	55		f25699c2aee49380f421c72a14c7f1fd628d49f2705b67de65be7a9e1e5ba9d7
w002844	36700000	36704999	36702499.5	ML_trees/31700000-31705000.fa.contree	55		79536494f67ffa78e0f05aa3486483655cb05180ebad3e873cf448058ea999b6
w002846	36765000	36769999	36767499.5	ML_trees/31765000-31770000.fa.contree	55		77658ee126108d9808bf792ee782d00557f1d253e07bbf7de11dfe7c03d9f0a8
w002847	36770000	36774999	36772499.5	ML_trees/31770000-31775000.fa.contree	55		a81726042ae7bc5839bf7127c31aa597c729063146806d8a3c154e28d1088937
w002848	36775000	36779999	36777499.5	ML_trees/31775000-31780000.fa.contree	55		72adcc58c5a14ee229c9bbd8d518ee69c4814a3635dc176bf226b5d6927c74b0
w002849	36780000	36784999	36782499.5	ML_trees/31780000-31785000.fa.contree	55		4d1fba84ed9831207d89bbdc8c36d29b2bc464640442feb547640c7e87a9c29e
w002851	36815000	36819999	36817499.5	ML_trees/31815000-31820000.fa.contree	55		7960410bcc87c97880f7f7436e67bea24065b99abc0f8e4b90c63874b2eb44ee
w002852	36820000	36824999	36822499.5	ML_trees/31820000-31825000.fa.contree	55		4d2d96aa9c46da04acffa74a1735ec1fc95749878ae29cbd60f4c095c7269022
w002853	36825000	36829999	36827499.5	ML_trees/31825000-31830000.fa.contree	55		4c95166321eae097c00ec2f1860863b66fc1a69b76e67e88bd5bf6bf2aa5054a
w002854	36830000	36834999	36832499.5	ML_trees/31830000-31835000.fa.contree	55		00600f5e98c3c5a718a556ffe4cabd4888a10183b8bd786f8ea26e0f6e62fb20
w002855	36835000	36839999	36837499.5	ML_trees/31835000-31840000.fa.contree	55		8444fd2c6af71bb015c6f4f7cbea758bba82b7bdc26ba13ba5b1d34abe13123e
w002856	36840000	36844999	36842499.5	ML_trees/31840000-31845000.fa.contree	55		6464faaecf06221bfbb8de7b841c60790098f190c86dda5854c796423603eb22
w002857	36845000	36849999	36847499.5	ML_trees/31845000-31850000.fa.contree	55		8b4f6f24f2593721cbc4bf10ed64e075c12cba4be7ebbe405b554863f9e9283a
w002859	36850000	36854999	36852499.5	ML_trees/31850000-31855000.fa.contree	55		b7520190d22d4ff298a29700319f86c3678428ece16548e0731190a004f73c4e
w002860	36855000	36859999	36857499.5	ML_trees/31855000-31860000.fa.contree	55		08431f37ed83484a6f51889f33a8eae27ca1b7acb4368552c8bc1b207b96acc3
w002861	36860000	36864999	36862499.5	ML_trees/31860000-31865000.fa.contree	55		994c9988a64a8bcac36d7ac99152e46c17e82fb79be0b8245168f8e19e974cac
w002862	36865000	36869999	36867499.5	ML_trees/31865000-31870000.fa.contree	55		b6569a6ea28e5f74d91d4be4b78e99d024b4c67b589398e0f78410efc22e1a50
w002863	36870000	36874999	36872499.5	ML_trees/31870000-31875000.fa.contree	55		2f1603f6fe8c71da962d6961b9f849ba9355edb2b7b31c7a4a70311b6d64947e
w002864	36875000	36879999	36877499.5	ML_trees/31875000-31880000.fa.contree	55		3614fa06bbff042e0324e78ceec0e0945ebed2f3da9fa6f36b8d69a1b45a4fd0
w002865	36880000	36884999	36882499.5	ML_trees/31880000-31885000.fa.contree	55		9574b3b3e1034b88ec843551cef62565489ad94773907e0abf214defd6ad79e7
w002866	36885000	36889999	36887499.5	ML_trees/31885000-31890000.fa.contree	55		4b43d01a52e9c61355900886a93428aefd392ba98e5cfe5f6727b927dd54c18f
w002867	36890000	36894999	36892499.5	ML_trees/31890000-31895000.fa.contree	55		43a591a6d971baad761e15ca864d857ac20da09960a5208660455f4a63d71a64
w002868	36895000	36899999	36897499.5	ML_trees/31895000-31900000.fa.contree	55		544a76a46c9e79b7f82a1675227941e1c7efb537fd70ed2facf71ee1f2312f0b
w002870	36900000	36904999	36902499.5	ML_trees/31900000-31905000.fa.contree	55		bc8298182462777897cc71ac4a0a4eedd77f981e633cb82151ebc4628e206a89
w002871	36905000	36909999	36907499.5	ML_trees/31905000-31910000.fa.contree	55		121723aa0596abe723b51352468af5610b664f9f02f6cbe14332c33714166ea6
w002872	36910000	36914999	36912499.5	ML_trees/31910000-31915000.fa.contree	55		083912940125c726cb847a3a14eeec2672603e5c350a79aafd31526995689cda
w002873	36915000	36919999	36917499.5	ML_trees/31915000-31920000.fa.contree	55		c1a47518fe66e87d5812d9d4a0954046bb535ce3c5242898dc25be256bfa8ba0
w002877	37005000	37009999	37007499.5	ML_trees/32005000-32010000.fa.contree	55		7265e6a87389b4880547865c2d54570a7df0c17a7f7df441b152da771faf9384
w002878	37010000	37014999	37012499.5	ML_trees/32010000-32015000.fa.contree	55		957d5d9464bb2fb453f96a55945ec2eef0047560a777cec30933324944ef16d2
w002879	37015000	37019999	37017499.5	ML_trees/32015000-32020000.fa.contree	55		ecc42fdef7b283136a0deea9426a5d337f821791b2902149b15583d3b33a95b0
w002880	37020000	37024999	37022499.5	ML_trees/32020000-32025000.fa.contree	55		3f496103102027bbc77e84c0f75bd7a93c7f189d4c8b1ce67e183099049022d0
w002881	37025000	37029999	37027499.5	ML_trees/32025000-32030000.fa.contree	55		138e20291e1afba5d2c779d585766cde784a39ef5c76a90a909e16f73de593af
w002882	37030000	37034999	37032499.5	ML_trees/32030000-32035000.fa.contree	55		d2f29213b32eb3663f917c1393534ba72c0e8a5637e1ad186e7d18aa4d57bd93
w002883	37035000	37039999	37037499.5	ML_trees/32035000-32040000.fa.contree	55		1d177dd0027b435f33d4f32b32c5908e85f9115652cdec4b25e51acd24727d86
w002884	37040000	37044999	37042499.5	ML_trees/32040000-32045000.fa.contree	55		3950049be1f0cb9b53ff05bba79881bb113799ffadf67d3d0641894e7e905bf7
w002885	37045000	37049999	37047499.5	ML_trees/32045000-32050000.fa.contree	55		8b855ab7857e93147a218705f81ba0070f9f2b5fbef0ef25851e2ef13301d298
w002887	37050000	37054999	37052499.5	ML_trees/32050000-32055000.fa.contree	55		c79cac2b19efa7733e110e998fe4afd1ddea19c63a2895bdc6680f6aedfd9c5c
