regime	replicate	seed	target_treatment	n_loci	n_chr4_loci	relative_path	sha256
T_RANDOM_MATCHED_PNAS	1	5212780264300586702	T_PNAS	61999	4831	empirical/neoaves_chr4/data/stage4e/random_matched/T_RANDOM_MATCHED_PNAS_rep001.locus_ids	17a47539dd37ccde6a9dfbd84d715c9e763d4233a6ee30e104e79fe59719b243
T_RANDOM_MATCHED_PNAS	2	10823917299720984281	T_PNAS	61999	4831	empirical/neoaves_chr4/data/stage4e/random_matched/T_RANDOM_MATCHED_PNAS_rep002.locus_ids	3cafac52f93326c6f8a7bd9c8cee2f22d512d19919663c568b572cc2d03df5be
T_RANDOM_MATCHED_PNAS	3	11704300223422445663	T_PNAS	61999	4831	empirical/neoaves_chr4/data/stage4e/random_matched/T_RANDOM_MATCHED_PNAS_rep003.locus_ids	3b01d8a9cb79ee59119640590da668ad383cfbe13f1d95968809d774ea573575
T_RANDOM_MATCHED_PNAS	4	4979910349379410065	T_PNAS	61999	4831	empirical/neoaves_chr4/data/stage4e/random_matched/T_RANDOM_MATCHED_PNAS_rep004.locus_ids	01911f97663eca635d5032f377658db194ab0d5949b7a961a1363465a7f16d30
T_RANDOM_MATCHED_PNAS	5	9938053495432588539	T_PNAS	61999	4831	empirical/neoaves_chr4/data/stage4e/random_matched/T_RANDOM_MATCHED_PNAS_rep005.locus_ids	6bc23d4c3f8723b3c01c9187397d5b5f23a72f51573b0d8556a16f05db741419
T_RANDOM_MATCHED_PNAS	6	11467228306100317847	T_PNAS	61999	4831	empirical/neoaves_chr4/data/stage4e/random_matched/T_RANDOM_MATCHED_PNAS_rep006.locus_ids	803101c3ce7e034fb94d705e8c3f7c70468b5278ef0bd63015e5fa8a93f983a4
T_RANDOM_MATCHED_PNAS	7	13930162705142060464	T_PNAS	61999	4831	empirical/neoaves_chr4/data/stage4e/random_matched/T_RANDOM_MATCHED_PNAS_rep007.locus_ids	1168f56471692dac672453609c1ef7aa59bbde42a09426133ccc6fd1130a33ee
T_RANDOM_MATCHED_PNAS	8	11236080333760300130	T_PNAS	61999	4831	empirical/neoaves_chr4/data/stage4e/random_matched/T_RANDOM_MATCHED_PNAS_rep008.locus_ids	81a42c221e9c580dae012ae27f835a7e4f88f9d9c939e7929bfe63dd5f03b183
T_RANDOM_MATCHED_PNAS	9	3056313966563142351	T_PNAS	61999	4831	empirical/neoaves_chr4/data/stage4e/random_matched/T_RANDOM_MATCHED_PNAS_rep009.locus_ids	dd7adfc697e3a29453f8e34a4d4576ae70a499acc64a66b69afd302020189710
T_RANDOM_MATCHED_PNAS	10	7682542875271689247	T_PNAS	61999	4831	empirical/neoaves_chr4/data/stage4e/random_matched/T_RANDOM_MATCHED_PNAS_rep010.locus_ids	fb47aa1ec9ee19a3ebc045adde6580092d5f6c5f92ac322620c3c01df10ddbf0
T_RANDOM_MATCHED_PNAS	11	11166306774108589754	T_PNAS	61999	4831	empirical/neoaves_chr4/data/stage4e/random_matched/T_RANDOM_MATCHED_PNAS_rep011.locus_ids	5f14ad9f650d2d90df852f98e25cf5d43f6e62de17fce91dbf23c3322c0a23e6
T_RANDOM_MATCHED_PNAS	12	12488727532226524090	T_PNAS	61999	4831	empirical/neoaves_chr4/data/stage4e/random_matched/T_RANDOM_MATCHED_PNAS_rep012.locus_ids	ae6796aabba07516df7151167e777de0bcfae819dc1910deae6db3ced1fd06ae
T_RANDOM_MATCHED_PNAS	13	5899865571238598975	T_PNAS	61999	4831	empirical/neoaves_chr4/data/stage4e/random_matched/T_RANDOM_MATCHED_PNAS_rep013.locus_ids	b0a746f57b6c39fe220fe43cd90ca7239ac53ceb8789978faf0b874b61665df2
T_RANDOM_MATCHED_PNAS	14	10351837549681019058	T_PNAS	61999	4831	empirical/neoaves_chr4/data/stage4e/random_matched/T_RANDOM_MATCHED_PNAS_rep014.locus_ids	8ad132182ca2755ac41686a3b5b8426e82232803c757ff9926ea97918e3ba01d
T_RANDOM_MATCHED_PNAS	15	14095466881957673849	T_PNAS	61999	4831	empirical/neoaves_chr4/data/stage4e/random_matched/T_RANDOM_MATCHED_PNAS_rep015.locus_ids	33fd1a8cea73979f54057c93a52b461cac79e11f95f0d93466d2e85c2874a212
T_RANDOM_MATCHED_PNAS	16	6365663571106959616	T_PNAS	61999	4831	empirical/neoaves_chr4/data/stage4e/random_matched/T_RANDOM_MATCHED_PNAS_rep016.locus_ids	a43e01b68be369acc0c59d952009bd061247af97e2876e51ef24b77fc47c9807
T_RANDOM_MATCHED_PNAS	17	11041613584172608164	T_PNAS	61999	4831	empirical/neoaves_chr4/data/stage4e/random_matched/T_RANDOM_MATCHED_PNAS_rep017.locus_ids	0a09059d62446f0e746ca454cd0a0d453b08ac6021da77599506318a73f3dcbb
T_RANDOM_MATCHED_PNAS	18	6695478586819018821	T_PNAS	61999	4831	empirical/neoaves_chr4/data/stage4e/random_matched/T_RANDOM_MATCHED_PNAS_rep018.locus_ids	32dab11af257cb0f382bcb44b900b9d7e2431aae3cdfbd168b421d1b6035a138
T_RANDOM_MATCHED_PNAS	19	6608828681043465919	T_PNAS	61999	4831	empirical/neoaves_chr4/data/stage4e/random_matched/T_RANDOM_MATCHED_PNAS_rep019.locus_ids	e1110ef61ee5253a883dc2979621df85cd99672070cd937a761f36fe0a057964
T_RANDOM_MATCHED_PNAS	20	7398840156139815187	T_PNAS	61999	4831	empirical/neoaves_chr4/data/stage4e/random_matched/T_RANDOM_MATCHED_PNAS_rep020.locus_ids	ab80312c35ee5ccccf4c74620bfc733af5373b1ac0b84a9cb37835953a783df3
T_RANDOM_MATCHED_PNAS	21	12917524195101762817	T_PNAS	61999	4831	empirical/neoaves_chr4/data/stage4e/random_matched/T_RANDOM_MATCHED_PNAS_rep021.locus_ids	1bc34fa1ac7e6f5e6ac7789892b9bf45974ad3136b6bd44c42a82f6d182c0e67
T_RANDOM_MATCHED_PNAS	22	7632453928769413880	T_PNAS	61999	4831	empirical/neoaves_chr4/data/stage4e/random_matched/T_RANDOM_MATCHED_PNAS_rep022.locus_ids	b9cf6f7c0c8032bc8bb06f1e40d63f9c72b7e6e955126a2a9585c6d5595d08ba
T_RANDOM_MATCHED_PNAS	23	18333602977366645756	T_PNAS	61999	4831	empirical/neoaves_chr4/data/stage4e/random_matched/T_RANDOM_MATCHED_PNAS_rep023.locus_ids	e47f4e0f0180632758b8b78e5fba938ea6d6eed0c4834b44ca0ef641017c502f
T_RANDOM_MATCHED_PNAS	24	739753058170989666	T_PNAS	61999	4831	empirical/neoaves_chr4/data/stage4e/random_matched/T_RANDOM_MATCHED_PNAS_rep024.locus_ids	f2e765fe7d3b3742fbe84772174ab1b37bbe3a97a3a1342d60a34deed785d06c
T_RANDOM_MATCHED_PNAS	25	4722993767649972212	T_PNAS	61999	4831	empirical/neoaves_chr4/data/stage4e/random_matched/T_RANDOM_MATCHED_PNAS_rep025.locus_ids	efe929bb9a141882b5520e11349d15119ddd4ad273939324e190ff6bd9594af4
T_RANDOM_MATCHED_PNAS	26	2810258275600467420	T_PNAS	61999	4831	empirical/neoaves_chr4/data/stage4e/random_matched/T_RANDOM_MATCHED_PNAS_rep026.locus_ids	b35cbb783c7269dd1f8bf1015d7ed248c6eafb973eb863fb6c9ec15b9da55ba6
T_RANDOM_MATCHED_PNAS	27	7448285881689224374	T_PNAS	61999	4831	empirical/neoaves_chr4/data/stage4e/random_matched/T_RANDOM_MATCHED_PNAS_rep027.locus_ids	e6b57ac8973688f24db4571c06110b18467d34199f8c9ebfb3149f592b3abac4
T_RANDOM_MATCHED_PNAS	28	12038925207078141582	T_PNAS	61999	4831	empirical/neoaves_chr4/data/stage4e/random_matched/T_RANDOM_MATCHED_PNAS_rep028.locus_ids	c9ed4e70616ad76a740d974c3eb2123fa728dd092a9e08fab987e28958f785c6
T_RANDOM_MATCHED_PNAS	29	10102762438583897160	T_PNAS	61999	4831	empirical/neoaves_chr4/data/stage4e/random_matched/T_RANDOM_MATCHED_PNAS_rep029.locus_ids	512891e2569f2f460a3fc6a7db34aa144c0e7fcec824d16674441c4a7ab71c4e
T_RANDOM_MATCHED_PNAS	30	3058931743642291681	T_PNAS	61999	4831	empirical/neoaves_chr4/data/stage4e/random_matched/T_RANDOM_MATCHED_PNAS_rep030.locus_ids	76865d596e489a7efb120a6d90eea20c04fe485a3677ebd9f24781062120c6e7
T_RANDOM_MATCHED_PNAS	31	7977522238965060120	T_PNAS	61999	4831	empirical/neoaves_chr4/data/stage4e/random_matched/T_RANDOM_MATCHED_PNAS_rep031.locus_ids	f96772936b12fe6e5929df35245746a1980a756c57dfdac0ae16073e26686f70
T_RANDOM_MATCHED_PNAS	32	14050211521436270957	T_PNAS	61999	4831	empirical/neoaves_chr4/data/stage4e/random_matched/T_RANDOM_MATCHED_PNAS_rep032.locus_ids	e75b55f0ed265007d97260e81ec45fecf91cfa543c8b4ec70b543501a989ba90
T_RANDOM_MATCHED_PNAS	33	1483704233407511392	T_PNAS	61999	4831	empirical/neoaves_chr4/data/stage4e/random_matched/T_RANDOM_MATCHED_PNAS_rep033.locus_ids	d815e1518244b46716e1a6b5f35a41a304de9db79e25f19d103a6bd4b6c34eb0
T_RANDOM_MATCHED_PNAS	34	14809918291326545512	T_PNAS	61999	4831	empirical/neoaves_chr4/data/stage4e/random_matched/T_RANDOM_MATCHED_PNAS_rep034.locus_ids	aa2ae64b8d3106f9e9d73eb9ff28937a45cfd8b1c263aa18e74d231be8a1d575
T_RANDOM_MATCHED_PNAS	35	7763394381427715061	T_PNAS	61999	4831	empirical/neoaves_chr4/data/stage4e/random_matched/T_RANDOM_MATCHED_PNAS_rep035.locus_ids	cda8d73bca3d1620bc4b90515832cac0cb66d5166bb59b83bd3c44d0acab5c2c
T_RANDOM_MATCHED_PNAS	36	18147434849356248209	T_PNAS	61999	4831	empirical/neoaves_chr4/data/stage4e/random_matched/T_RANDOM_MATCHED_PNAS_rep036.locus_ids	8f8c0eac1e05fd509bfe4ec30e59c388d0d209f4c2b267e61b6dc8c75b8d3e6e
T_RANDOM_MATCHED_PNAS	37	115386408606583350	T_PNAS	61999	4831	empirical/neoaves_chr4/data/stage4e/random_matched/T_RANDOM_MATCHED_PNAS_rep037.locus_ids	6600fd2c304ac7ef2487b11e17cb68627d5cda672946234353b50364ea04b582
T_RANDOM_MATCHED_PNAS	38	8193685142080004349	T_PNAS	61999	4831	empirical/neoaves_chr4/data/stage4e/random_matched/T_RANDOM_MATCHED_PNAS_rep038.locus_ids	0b716c206c4d3de7436f48cb8557af01c0707223ea040e3eb147963e5656cfd4
T_RANDOM_MATCHED_PNAS	39	917778030999264055	T_PNAS	61999	4831	empirical/neoaves_chr4/data/stage4e/random_matched/T_RANDOM_MATCHED_PNAS_rep039.locus_ids	c03a21af338c91a449d400c2c6fdca7115e7373c62b71149a1f74b150aa2f9eb
T_RANDOM_MATCHED_PNAS	40	12304566630213604861	T_PNAS	61999	4831	empirical/neoaves_chr4/data/stage4e/random_matched/T_RANDOM_MATCHED_PNAS_rep040.locus_ids	f3d40884206cd3054c52e9e1614f01663ea28ab63360b4c44c70647d44152c82
T_RANDOM_MATCHED_PNAS	41	14806895586422646370	T_PNAS	61999	4831	empirical/neoaves_chr4/data/stage4e/random_matched/T_RANDOM_MATCHED_PNAS_rep041.locus_ids	bc8959ba616fe0f83b555e4969e3d6fe4fc6c10c24106b77f9c48aa6234b90b2
T_RANDOM_MATCHED_PNAS	42	7587078003085698569	T_PNAS	61999	4831	empirical/neoaves_chr4/data/stage4e/random_matched/T_RANDOM_MATCHED_PNAS_rep042.locus_ids	d7378bf28373c1ea0c88ac504e90bc26bf8fce56b4bbd2f057770c6c932fc22e
T_RANDOM_MATCHED_PNAS	43	3631585106013025312	T_PNAS	61999	4831	empirical/neoaves_chr4/data/stage4e/random_matched/T_RANDOM_MATCHED_PNAS_rep043.locus_ids	a190c6e517df4fcd8dd3c6953f7dae67e7350ced559636c5e1787d640773cdb9
T_RANDOM_MATCHED_PNAS	44	6730626500650828253	T_PNAS	61999	4831	empirical/neoaves_chr4/data/stage4e/random_matched/T_RANDOM_MATCHED_PNAS_rep044.locus_ids	8e5a6c10c93e609d9b2c19d483a2595c0d04bf20fa573c077e1e6edfdd02f7b0
T_RANDOM_MATCHED_PNAS	45	7787399645004388817	T_PNAS	61999	4831	empirical/neoaves_chr4/data/stage4e/random_matched/T_RANDOM_MATCHED_PNAS_rep045.locus_ids	d66f996f02237c1afe7b79314ac6e8d0e20ba80902e40e90706e641d379f38d3
T_RANDOM_MATCHED_PNAS	46	712157803564319545	T_PNAS	61999	4831	empirical/neoaves_chr4/data/stage4e/random_matched/T_RANDOM_MATCHED_PNAS_rep046.locus_ids	11bcefb0f998832d2b7c45fcbd5fba8b25e937238ca10bc3949548ea12a8296d
T_RANDOM_MATCHED_PNAS	47	6696908180650151674	T_PNAS	61999	4831	empirical/neoaves_chr4/data/stage4e/random_matched/T_RANDOM_MATCHED_PNAS_rep047.locus_ids	50a7e47f31a253f045d780f0361892170cf31c3b1567b133451e2709cecc2a5c
T_RANDOM_MATCHED_PNAS	48	4191663668635330289	T_PNAS	61999	4831	empirical/neoaves_chr4/data/stage4e/random_matched/T_RANDOM_MATCHED_PNAS_rep048.locus_ids	692ca47192ee5fbaa53d226d3165f421ae4f8b38fa7343e72a90976ae7597be8
T_RANDOM_MATCHED_PNAS	49	7186450001630384316	T_PNAS	61999	4831	empirical/neoaves_chr4/data/stage4e/random_matched/T_RANDOM_MATCHED_PNAS_rep049.locus_ids	cb0de25728ca02b5fb854dd1fa919c62fb73c1ea975e12d0577c471c4324471a
T_RANDOM_MATCHED_PNAS	50	2360865056011425677	T_PNAS	61999	4831	empirical/neoaves_chr4/data/stage4e/random_matched/T_RANDOM_MATCHED_PNAS_rep050.locus_ids	0940677d95fcaad8487bcb403e7dc83457c6e0dcc1c3eae1daf4c88fb638a947
T_RANDOM_MATCHED_PNAS	51	4688478911234827894	T_PNAS	61999	4831	empirical/neoaves_chr4/data/stage4e/random_matched/T_RANDOM_MATCHED_PNAS_rep051.locus_ids	12988aeaff27682d12c3bef91a106fb7a14e5b59dca531548d9d8bdcf6c795f0
T_RANDOM_MATCHED_PNAS	52	2216299283120871996	T_PNAS	61999	4831	empirical/neoaves_chr4/data/stage4e/random_matched/T_RANDOM_MATCHED_PNAS_rep052.locus_ids	756f87bdf930dee3057189f390d90368535bbe97d16e30a999eede2b7c18c8e7
T_RANDOM_MATCHED_PNAS	53	10072356797751839606	T_PNAS	61999	4831	empirical/neoaves_chr4/data/stage4e/random_matched/T_RANDOM_MATCHED_PNAS_rep053.locus_ids	b6f8d7ef894bf550b4fa891c876e2259c01be587504818913e4fd41f926110ce
T_RANDOM_MATCHED_PNAS	54	3112722919200103270	T_PNAS	61999	4831	empirical/neoaves_chr4/data/stage4e/random_matched/T_RANDOM_MATCHED_PNAS_rep054.locus_ids	a465767d8d51646e60850d53c3b8252027e8ba10aa289e9870385eb49db39edb
T_RANDOM_MATCHED_PNAS	55	6823022282299403126	T_PNAS	61999	4831	empirical/neoaves_chr4/data/stage4e/random_matched/T_RANDOM_MATCHED_PNAS_rep055.locus_ids	260a30b5b8a4fa91ec49a8107720c82d7245b7663aeadf29d6b990ffedc883f0
T_RANDOM_MATCHED_PNAS	56	4820813417402826147	T_PNAS	61999	4831	empirical/neoaves_chr4/data/stage4e/random_matched/T_RANDOM_MATCHED_PNAS_rep056.locus_ids	4899687b4abe1b568cc8b7f540ce6d392882db608509c8ac1ef9c9e5d3ed52c4
T_RANDOM_MATCHED_PNAS	57	9337998708398970987	T_PNAS	61999	4831	empirical/neoaves_chr4/data/stage4e/random_matched/T_RANDOM_MATCHED_PNAS_rep057.locus_ids	bf7c2478305d163a37052293442c56854cfcce8fac4f7ede514e67044b3e2d56
T_RANDOM_MATCHED_PNAS	58	9488509310256279983	T_PNAS	61999	4831	empirical/neoaves_chr4/data/stage4e/random_matched/T_RANDOM_MATCHED_PNAS_rep058.locus_ids	9b07caafb1f9dc993ed16a1758992e18d79d84f6c7102c71a9eaac49f2de0f65
T_RANDOM_MATCHED_PNAS	59	8627977112273252985	T_PNAS	61999	4831	empirical/neoaves_chr4/data/stage4e/random_matched/T_RANDOM_MATCHED_PNAS_rep059.locus_ids	fb832d150dfdf5e8210ee26a5ab24671c6ab933f428914fc45330bb0139eefc0
T_RANDOM_MATCHED_PNAS	60	14145969108094573046	T_PNAS	61999	4831	empirical/neoaves_chr4/data/stage4e/random_matched/T_RANDOM_MATCHED_PNAS_rep060.locus_ids	65eb91e5454d54edc146b934dcb471bcd1a6790b85846dcc7e3f28d4d1befafe
T_RANDOM_MATCHED_PNAS	61	10229733619177014718	T_PNAS	61999	4831	empirical/neoaves_chr4/data/stage4e/random_matched/T_RANDOM_MATCHED_PNAS_rep061.locus_ids	268cd36403895ce160f3580bb3113ca63944362f13ec9ecc6f1a1ccca74b2fe1
T_RANDOM_MATCHED_PNAS	62	16960398775491594537	T_PNAS	61999	4831	empirical/neoaves_chr4/data/stage4e/random_matched/T_RANDOM_MATCHED_PNAS_rep062.locus_ids	5007a1541654d6a93544b33a2f4b47f969b8d427e2b5e21a7082a94b99d9dc1d
T_RANDOM_MATCHED_PNAS	63	14874966020188229750	T_PNAS	61999	4831	empirical/neoaves_chr4/data/stage4e/random_matched/T_RANDOM_MATCHED_PNAS_rep063.locus_ids	28cf7e866a704545b8c0322f4fd5b337631463fc92e730425be5062f1cc0be9f
T_RANDOM_MATCHED_PNAS	64	4672175501670144637	T_PNAS	61999	4831	empirical/neoaves_chr4/data/stage4e/random_matched/T_RANDOM_MATCHED_PNAS_rep064.locus_ids	8708fc1745bf2dc3b603481e4b3a6940f245f9a56a6cb3ec2a4bf8535dfd6133
T_RANDOM_MATCHED_PNAS	65	8447342106281233544	T_PNAS	61999	4831	empirical/neoaves_chr4/data/stage4e/random_matched/T_RANDOM_MATCHED_PNAS_rep065.locus_ids	8c6afca13704aa6505d83182d15f01e0ff07486394a1133f3da16a0ef66aa431
T_RANDOM_MATCHED_PNAS	66	18993370017478690	T_PNAS	61999	4831	empirical/neoaves_chr4/data/stage4e/random_matched/T_RANDOM_MATCHED_PNAS_rep066.locus_ids	25bbc07efd620f058e835e1c96f65cbf31625568d70c4ab7af6986bc0e8468e7
T_RANDOM_MATCHED_PNAS	67	5730009845199845473	T_PNAS	61999	4831	empirical/neoaves_chr4/data/stage4e/random_matched/T_RANDOM_MATCHED_PNAS_rep067.locus_ids	c4a60e1684fd2e6b3a3936398f1fdb50e82132d67494f4e7429a87d8fe4f9578
T_RANDOM_MATCHED_PNAS	68	3728750870349477131	T_PNAS	61999	4831	empirical/neoaves_chr4/data/stage4e/random_matched/T_RANDOM_MATCHED_PNAS_rep068.locus_ids	b5b666d992b34bf7d65e68a5ef8b291ca37cc936ebc3e1eaa39d52429865c92b
T_RANDOM_MATCHED_PNAS	69	8209962353578855888	T_PNAS	61999	4831	empirical/neoaves_chr4/data/stage4e/random_matched/T_RANDOM_MATCHED_PNAS_rep069.locus_ids	b8e49330733d4b87fbc52b4feac15d76981b8bbe5db7b48358e3798bb5584e53
T_RANDOM_MATCHED_PNAS	70	6241411951230014873	T_PNAS	61999	4831	empirical/neoaves_chr4/data/stage4e/random_matched/T_RANDOM_MATCHED_PNAS_rep070.locus_ids	45c6e09acf9eb55b4e5d938f03b5a04f8d1981b5cd4770f9ff688637d7392d9a
T_RANDOM_MATCHED_PNAS	71	1345518014210414977	T_PNAS	61999	4831	empirical/neoaves_chr4/data/stage4e/random_matched/T_RANDOM_MATCHED_PNAS_rep071.locus_ids	3e9784c1f81e98a4a1520ec5d3b9c527db9e13ab22cfabe12569803c94ae69ef
T_RANDOM_MATCHED_PNAS	72	6304146615128896455	T_PNAS	61999	4831	empirical/neoaves_chr4/data/stage4e/random_matched/T_RANDOM_MATCHED_PNAS_rep072.locus_ids	da76dec57ddeee92f9526b9ac6120d517e8b9d0b11b7b45795843f4f99c2e7b9
T_RANDOM_MATCHED_PNAS	73	16393876307341718975	T_PNAS	61999	4831	empirical/neoaves_chr4/data/stage4e/random_matched/T_RANDOM_MATCHED_PNAS_rep073.locus_ids	c774e6d3329e6f5f5fdf33039bf38e0686f0e3d79fc876524337c840414f46b9
T_RANDOM_MATCHED_PNAS	74	15504583356147458097	T_PNAS	61999	4831	empirical/neoaves_chr4/data/stage4e/random_matched/T_RANDOM_MATCHED_PNAS_rep074.locus_ids	96d4ba14e02c53b2b265522484552bfd2b3f62a5ddd79ba4e8a50496d18f4d30
T_RANDOM_MATCHED_PNAS	75	4879813817173593472	T_PNAS	61999	4831	empirical/neoaves_chr4/data/stage4e/random_matched/T_RANDOM_MATCHED_PNAS_rep075.locus_ids	18cd0550a7902d840c909cd1b52db2f9a78a5e6f85ae753687581230ac4f0fdb
T_RANDOM_MATCHED_PNAS	76	8977380565173249195	T_PNAS	61999	4831	empirical/neoaves_chr4/data/stage4e/random_matched/T_RANDOM_MATCHED_PNAS_rep076.locus_ids	5cfc39db8a43c55bddf533ba3541216a5e4da36f3d9f5da53ff3fa4dbb8ab74e
T_RANDOM_MATCHED_PNAS	77	17550703236421699565	T_PNAS	61999	4831	empirical/neoaves_chr4/data/stage4e/random_matched/T_RANDOM_MATCHED_PNAS_rep077.locus_ids	8805fd4f1433f65d4f97be44778916ab856a4b960ed7c48e7761ff4b362ccadc
T_RANDOM_MATCHED_PNAS	78	9378645603235116277	T_PNAS	61999	4831	empirical/neoaves_chr4/data/stage4e/random_matched/T_RANDOM_MATCHED_PNAS_rep078.locus_ids	b69c355badf80a97cf040ca8546b108a2be3ebb3d4d772dffe65f04fea379722
T_RANDOM_MATCHED_PNAS	79	8550716187883299821	T_PNAS	61999	4831	empirical/neoaves_chr4/data/stage4e/random_matched/T_RANDOM_MATCHED_PNAS_rep079.locus_ids	92e76a50fbc0aabd63ce5879f65a833feadfced10408bc403b076f0693664500
T_RANDOM_MATCHED_PNAS	80	8659011654478273921	T_PNAS	61999	4831	empirical/neoaves_chr4/data/stage4e/random_matched/T_RANDOM_MATCHED_PNAS_rep080.locus_ids	82f5742bd53cb93711c0825e01c52932c678461e53869b90b4a5256a165452a3
T_RANDOM_MATCHED_PNAS	81	11240215237006766957	T_PNAS	61999	4831	empirical/neoaves_chr4/data/stage4e/random_matched/T_RANDOM_MATCHED_PNAS_rep081.locus_ids	b23983e9f9b8457abcd5887c8867d358cde0b38ce26168860366aebda6cedc44
T_RANDOM_MATCHED_PNAS	82	14900875496404505783	T_PNAS	61999	4831	empirical/neoaves_chr4/data/stage4e/random_matched/T_RANDOM_MATCHED_PNAS_rep082.locus_ids	9c78969160f719779fa0164ba9452aa81e7d83739a9070a64101679c651eb2b0
T_RANDOM_MATCHED_PNAS	83	3901668589576693362	T_PNAS	61999	4831	empirical/neoaves_chr4/data/stage4e/random_matched/T_RANDOM_MATCHED_PNAS_rep083.locus_ids	b2d945792857b65f2ebba7b3365352a4e915f5f550ff60a10958edcaed945cf3
T_RANDOM_MATCHED_PNAS	84	6788110526027627783	T_PNAS	61999	4831	empirical/neoaves_chr4/data/stage4e/random_matched/T_RANDOM_MATCHED_PNAS_rep084.locus_ids	1c47352324dacfcfc268f02a327208951cfeeadd43f50607b68a98ede497e041
T_RANDOM_MATCHED_PNAS	85	11451726068215880719	T_PNAS	61999	4831	empirical/neoaves_chr4/data/stage4e/random_matched/T_RANDOM_MATCHED_PNAS_rep085.locus_ids	ae075b998afbe1ffbf8bd0bcc2b4bb0a635075ac9d5b7fd1d3e5be051c321c5c
T_RANDOM_MATCHED_PNAS	86	2004491893124100314	T_PNAS	61999	4831	empirical/neoaves_chr4/data/stage4e/random_matched/T_RANDOM_MATCHED_PNAS_rep086.locus_ids	3a80ce68fb44a7a92cfbeab05537d73a7ac91fb40839ae5e27ca65ad43acaff3
T_RANDOM_MATCHED_PNAS	87	14289656689619357418	T_PNAS	61999	4831	empirical/neoaves_chr4/data/stage4e/random_matched/T_RANDOM_MATCHED_PNAS_rep087.locus_ids	cb8fcdd328fae6487af6e1bc0188365284a0eaec54020ad976fb6c560353d158
T_RANDOM_MATCHED_PNAS	88	11361885178941648461	T_PNAS	61999	4831	empirical/neoaves_chr4/data/stage4e/random_matched/T_RANDOM_MATCHED_PNAS_rep088.locus_ids	6dd3de20c766ff11295fdb6ca40a9606120db78fea81cf1b67c2dbcad3e6b957
T_RANDOM_MATCHED_PNAS	89	12217363619664885746	T_PNAS	61999	4831	empirical/neoaves_chr4/data/stage4e/random_matched/T_RANDOM_MATCHED_PNAS_rep089.locus_ids	666ddbea209bd45c861d9f3e68b8f9d2bdb7ca0334c7900e6beaaabdf83f0032
T_RANDOM_MATCHED_PNAS	90	5343110306642202306	T_PNAS	61999	4831	empirical/neoaves_chr4/data/stage4e/random_matched/T_RANDOM_MATCHED_PNAS_rep090.locus_ids	cf86321f359fe2ed31a924bdfec0d74a806bdb088fb8de372fc4096d9d697b12
T_RANDOM_MATCHED_PNAS	91	2361163387564032854	T_PNAS	61999	4831	empirical/neoaves_chr4/data/stage4e/random_matched/T_RANDOM_MATCHED_PNAS_rep091.locus_ids	e850eac9640169db2aa3db1073c6cf6756ba26ae59c3f70b7e2d75d9f0f850a6
T_RANDOM_MATCHED_PNAS	92	13258536063061335429	T_PNAS	61999	4831	empirical/neoaves_chr4/data/stage4e/random_matched/T_RANDOM_MATCHED_PNAS_rep092.locus_ids	628d88dd2b6ba7a96721746d247edcc1574e0fad4c72d9a4288e5ad65e2c74b6
T_RANDOM_MATCHED_PNAS	93	13436849078244983607	T_PNAS	61999	4831	empirical/neoaves_chr4/data/stage4e/random_matched/T_RANDOM_MATCHED_PNAS_rep093.locus_ids	c6cc2d1b57196bb9fc605ba7b397e4682b68fcdd3f46d67fab30dcb152150755
T_RANDOM_MATCHED_PNAS	94	12549501817284236589	T_PNAS	61999	4831	empirical/neoaves_chr4/data/stage4e/random_matched/T_RANDOM_MATCHED_PNAS_rep094.locus_ids	dc51af1351d1cf5f813cb56448b6ca90d57cef5d6b1306fd3258476d5d225c71
T_RANDOM_MATCHED_PNAS	95	13210494244859926197	T_PNAS	61999	4831	empirical/neoaves_chr4/data/stage4e/random_matched/T_RANDOM_MATCHED_PNAS_rep095.locus_ids	1f66959731ec5e56db8b7b3a8c7c0b395d63198121a816796d672f50259f0b73
T_RANDOM_MATCHED_PNAS	96	6934364580041171397	T_PNAS	61999	4831	empirical/neoaves_chr4/data/stage4e/random_matched/T_RANDOM_MATCHED_PNAS_rep096.locus_ids	34423983d8f3ba779d8bb2e02864c93a189ef55d9cb4bd59763a2d6d1794746b
T_RANDOM_MATCHED_PNAS	97	7722388513482743459	T_PNAS	61999	4831	empirical/neoaves_chr4/data/stage4e/random_matched/T_RANDOM_MATCHED_PNAS_rep097.locus_ids	65d26729dfeb0d883abf9d6656a494beb1cfac4a21494e58bd21ffadb73c235a
T_RANDOM_MATCHED_PNAS	98	11230385126713917690	T_PNAS	61999	4831	empirical/neoaves_chr4/data/stage4e/random_matched/T_RANDOM_MATCHED_PNAS_rep098.locus_ids	bda53a494ee65b61d2464a1a5dc88d729445f9f17258c4bf871be3f55aa9b5ba
T_RANDOM_MATCHED_PNAS	99	12760625069513595898	T_PNAS	61999	4831	empirical/neoaves_chr4/data/stage4e/random_matched/T_RANDOM_MATCHED_PNAS_rep099.locus_ids	82d49bcbcbd1d96e450c5d1da24a1f3848798b8b027ce381dfe9bb2504587def
T_RANDOM_MATCHED_PNAS	100	14695831064631390554	T_PNAS	61999	4831	empirical/neoaves_chr4/data/stage4e/random_matched/T_RANDOM_MATCHED_PNAS_rep100.locus_ids	b6b05ae465c7b677cb88a2040e305e73b1dd19e92f30445210d5412f99e1e673
T_RANDOM_MATCHED_STRUCT	1	7446212128837505897	T_STRUCT_PRIMARY	62595	5427	empirical/neoaves_chr4/data/stage4e/random_matched/T_RANDOM_MATCHED_STRUCT_rep001.locus_ids	3b416f01ff98f17274eadabe8e4e3b014816e81e8157374a11145e7150340d9c
T_RANDOM_MATCHED_STRUCT	2	4270206280744179755	T_STRUCT_PRIMARY	62595	5427	empirical/neoaves_chr4/data/stage4e/random_matched/T_RANDOM_MATCHED_STRUCT_rep002.locus_ids	e9685738a03f2241b16aea61c53f971e39a9a4f97f2f26e8030cd3e36f7433f4
T_RANDOM_MATCHED_STRUCT	3	6634758549601987055	T_STRUCT_PRIMARY	62595	5427	empirical/neoaves_chr4/data/stage4e/random_matched/T_RANDOM_MATCHED_STRUCT_rep003.locus_ids	c245804d9ba0611a25aac427f2a2b7a3ea3c7015a208a8bf10405acd47c63fc1
T_RANDOM_MATCHED_STRUCT	4	16662736890111911304	T_STRUCT_PRIMARY	62595	5427	empirical/neoaves_chr4/data/stage4e/random_matched/T_RANDOM_MATCHED_STRUCT_rep004.locus_ids	9471faffc7ba876f08632470128a74142bcc19959093ffa05e016e2e7266779d
T_RANDOM_MATCHED_STRUCT	5	14778630479083241425	T_STRUCT_PRIMARY	62595	5427	empirical/neoaves_chr4/data/stage4e/random_matched/T_RANDOM_MATCHED_STRUCT_rep005.locus_ids	7e0aad1678a713053f3e0017a51d95e205ff10052f43822d3d9a7ac9552feb9f
T_RANDOM_MATCHED_STRUCT	6	15460685500822739546	T_STRUCT_PRIMARY	62595	5427	empirical/neoaves_chr4/data/stage4e/random_matched/T_RANDOM_MATCHED_STRUCT_rep006.locus_ids	d19f294b14ba1461a6cf2a887d43fbb448b929789b89861d3186281358ad442c
T_RANDOM_MATCHED_STRUCT	7	7658270893719220886	T_STRUCT_PRIMARY	62595	5427	empirical/neoaves_chr4/data/stage4e/random_matched/T_RANDOM_MATCHED_STRUCT_rep007.locus_ids	b8967b577ae937a419d23be2b8d83238c2c64b1c29647a5bc34038c52d38c129
T_RANDOM_MATCHED_STRUCT	8	11184725062882882828	T_STRUCT_PRIMARY	62595	5427	empirical/neoaves_chr4/data/stage4e/random_matched/T_RANDOM_MATCHED_STRUCT_rep008.locus_ids	a01fb5d3ddbe3d27471f44a6c76eafef14b2274420c202510c83ef249b054898
T_RANDOM_MATCHED_STRUCT	9	2329124843600985574	T_STRUCT_PRIMARY	62595	5427	empirical/neoaves_chr4/data/stage4e/random_matched/T_RANDOM_MATCHED_STRUCT_rep009.locus_ids	c938ba7796162af6f18a0d42d4b0b876bbe6a5644f805bad13ceab9203485911
T_RANDOM_MATCHED_STRUCT	10	15525768541430989663	T_STRUCT_PRIMARY	62595	5427	empirical/neoaves_chr4/data/stage4e/random_matched/T_RANDOM_MATCHED_STRUCT_rep010.locus_ids	5abac9e94220742a72a399e9cd54f1ceff1b6523ba7fb137afe85c78c6e137a1
T_RANDOM_MATCHED_STRUCT	11	8166429485007036886	T_STRUCT_PRIMARY	62595	5427	empirical/neoaves_chr4/data/stage4e/random_matched/T_RANDOM_MATCHED_STRUCT_rep011.locus_ids	370af2d62e8d60fced7169da3b14f06d65e625b281336adf9591f59f64e7c52e
T_RANDOM_MATCHED_STRUCT	12	4026508229106904501	T_STRUCT_PRIMARY	62595	5427	empirical/neoaves_chr4/data/stage4e/random_matched/T_RANDOM_MATCHED_STRUCT_rep012.locus_ids	a5e9484ce65b0cf0aeabeed79fd6ab88807ed1d5fdab864e6cb3004619632679
T_RANDOM_MATCHED_STRUCT	13	7942985913633442391	T_STRUCT_PRIMARY	62595	5427	empirical/neoaves_chr4/data/stage4e/random_matched/T_RANDOM_MATCHED_STRUCT_rep013.locus_ids	5b223e06a34fb33a2dee4c04f5f1c9915cc44eb98484069ba2a278a42f5ed2df
T_RANDOM_MATCHED_STRUCT	14	5311263295167982534	T_STRUCT_PRIMARY	62595	5427	empirical/neoaves_chr4/data/stage4e/random_matched/T_RANDOM_MATCHED_STRUCT_rep014.locus_ids	c57ca484cdf7845fbbb8a17b94b021bd07f0772de478d4b985acde3d96526134
T_RANDOM_MATCHED_STRUCT	15	8689141898091101791	T_STRUCT_PRIMARY	62595	5427	empirical/neoaves_chr4/data/stage4e/random_matched/T_RANDOM_MATCHED_STRUCT_rep015.locus_ids	dcf8540e9a32213837920b16257430ac1714757295631fc8333f2a032361f2ee
T_RANDOM_MATCHED_STRUCT	16	6616326381823021683	T_STRUCT_PRIMARY	62595	5427	empirical/neoaves_chr4/data/stage4e/random_matched/T_RANDOM_MATCHED_STRUCT_rep016.locus_ids	1ef6b9f2bf2b1d3ab16179e8de7bd56ca641b9cc8831fedb70fd5034bdd06cd1
T_RANDOM_MATCHED_STRUCT	17	75364254100743887	T_STRUCT_PRIMARY	62595	5427	empirical/neoaves_chr4/data/stage4e/random_matched/T_RANDOM_MATCHED_STRUCT_rep017.locus_ids	2d76192db2b7f1a2ec4c445df4233d5c8e5f5cf28cf1a0883283be10a01b8ae1
T_RANDOM_MATCHED_STRUCT	18	2688122330245810683	T_STRUCT_PRIMARY	62595	5427	empirical/neoaves_chr4/data/stage4e/random_matched/T_RANDOM_MATCHED_STRUCT_rep018.locus_ids	6753e56d0285a559e26f943a42c6e7f7eefb278a399ab0eb6ea5e5b9b2773f28
T_RANDOM_MATCHED_STRUCT	19	13979235030751760845	T_STRUCT_PRIMARY	62595	5427	empirical/neoaves_chr4/data/stage4e/random_matched/T_RANDOM_MATCHED_STRUCT_rep019.locus_ids	9a32c2e4e59763d06b83beb857c80499d8ff9c13bce281a2dca8a70108069169
T_RANDOM_MATCHED_STRUCT	20	3708753337648213700	T_STRUCT_PRIMARY	62595	5427	empirical/neoaves_chr4/data/stage4e/random_matched/T_RANDOM_MATCHED_STRUCT_rep020.locus_ids	ce6f30a1ce9a848898a21b7b89ba02e1e3df29039d684528b7f3ced14d79bcf9
T_RANDOM_MATCHED_STRUCT	21	13200470781853221060	T_STRUCT_PRIMARY	62595	5427	empirical/neoaves_chr4/data/stage4e/random_matched/T_RANDOM_MATCHED_STRUCT_rep021.locus_ids	d33a646ff9d9aa41947d48347f3ddc1c52ce71c5b97ebd1315bebef24550bd9d
T_RANDOM_MATCHED_STRUCT	22	4167146648604038065	T_STRUCT_PRIMARY	62595	5427	empirical/neoaves_chr4/data/stage4e/random_matched/T_RANDOM_MATCHED_STRUCT_rep022.locus_ids	df8f23c3259596de10beb337780e264244d50c86eae0e293c952734ab8794409
T_RANDOM_MATCHED_STRUCT	23	18171447043504354273	T_STRUCT_PRIMARY	62595	5427	empirical/neoaves_chr4/data/stage4e/random_matched/T_RANDOM_MATCHED_STRUCT_rep023.locus_ids	249c01c12a17f5ab3bf6c374476702758b477afd5780553bf03f82226a7205ef
T_RANDOM_MATCHED_STRUCT	24	16130407480135532456	T_STRUCT_PRIMARY	62595	5427	empirical/neoaves_chr4/data/stage4e/random_matched/T_RANDOM_MATCHED_STRUCT_rep024.locus_ids	a166ddfc6a7dab7da51fbab6d4c25a5f08b036492db38f72da62d447326cc2f3
T_RANDOM_MATCHED_STRUCT	25	3964348824788548170	T_STRUCT_PRIMARY	62595	5427	empirical/neoaves_chr4/data/stage4e/random_matched/T_RANDOM_MATCHED_STRUCT_rep025.locus_ids	f631312132a42d561502422da9988fd5e1f8cd5fa3caa64a3ce50642cf9cb1d8
T_RANDOM_MATCHED_STRUCT	26	1314239973079113035	T_STRUCT_PRIMARY	62595	5427	empirical/neoaves_chr4/data/stage4e/random_matched/T_RANDOM_MATCHED_STRUCT_rep026.locus_ids	11d6a6039f92f5c6ad49c41d249561574a0a2cc295c80688917fd5ab4c4dd755
T_RANDOM_MATCHED_STRUCT	27	16002114870499959634	T_STRUCT_PRIMARY	62595	5427	empirical/neoaves_chr4/data/stage4e/random_matched/T_RANDOM_MATCHED_STRUCT_rep027.locus_ids	2b921b2b7f31b6ef599fb18da795b6a7f6c1763fdb4b29f420ceaf705471e68e
T_RANDOM_MATCHED_STRUCT	28	6720731700418258841	T_STRUCT_PRIMARY	62595	5427	empirical/neoaves_chr4/data/stage4e/random_matched/T_RANDOM_MATCHED_STRUCT_rep028.locus_ids	41c7a20274a5b4f7c04a2c74b863a7b787da34534c690d16edd53511c65fa4f9
T_RANDOM_MATCHED_STRUCT	29	12200618511460704536	T_STRUCT_PRIMARY	62595	5427	empirical/neoaves_chr4/data/stage4e/random_matched/T_RANDOM_MATCHED_STRUCT_rep029.locus_ids	20636624743dfd87f8833fc4c7c52c45f1c072fda251c19d35fdac21bc298a99
T_RANDOM_MATCHED_STRUCT	30	2584048215055186589	T_STRUCT_PRIMARY	62595	5427	empirical/neoaves_chr4/data/stage4e/random_matched/T_RANDOM_MATCHED_STRUCT_rep030.locus_ids	f556597ff89229eb6050a4eb8b69031fe924abc9e6087cb0dd529cc81b84d5cf
T_RANDOM_MATCHED_STRUCT	31	11984160950665118173	T_STRUCT_PRIMARY	62595	5427	empirical/neoaves_chr4/data/stage4e/random_matched/T_RANDOM_MATCHED_STRUCT_rep031.locus_ids	ff5f9199f4a90129dc39a5a20fd4af8e959131be40b226bf80bf971802929059
T_RANDOM_MATCHED_STRUCT	32	3019187021330614193	T_STRUCT_PRIMARY	62595	5427	empirical/neoaves_chr4/data/stage4e/random_matched/T_RANDOM_MATCHED_STRUCT_rep032.locus_ids	eda493e3bac87b49fdd83b16a3dcfe5758673a6a4eee9efadf4adaae4310785e
T_RANDOM_MATCHED_STRUCT	33	5935839171715547823	T_STRUCT_PRIMARY	62595	5427	empirical/neoaves_chr4/data/stage4e/random_matched/T_RANDOM_MATCHED_STRUCT_rep033.locus_ids	3adcdd3a3ba054e1416c0028e126756d0c77a3d5874352bee85640a4769eb297
T_RANDOM_MATCHED_STRUCT	34	13774785002720023176	T_STRUCT_PRIMARY	62595	5427	empirical/neoaves_chr4/data/stage4e/random_matched/T_RANDOM_MATCHED_STRUCT_rep034.locus_ids	5a8b85424598237e94574a9185a2667eec374729d6956a04bf85e339d275564f
T_RANDOM_MATCHED_STRUCT	35	11880379302904425446	T_STRUCT_PRIMARY	62595	5427	empirical/neoaves_chr4/data/stage4e/random_matched/T_RANDOM_MATCHED_STRUCT_rep035.locus_ids	c869492156db35655c0e1bb798dc944c235be7056050b83ba16f63220e48287a
T_RANDOM_MATCHED_STRUCT	36	14830938423201083898	T_STRUCT_PRIMARY	62595	5427	empirical/neoaves_chr4/data/stage4e/random_matched/T_RANDOM_MATCHED_STRUCT_rep036.locus_ids	5098643b81c9fca229d8091b2010a4a448d9afb8dcd5cbd7e76768828ead5dcc
T_RANDOM_MATCHED_STRUCT	37	8513241050393497865	T_STRUCT_PRIMARY	62595	5427	empirical/neoaves_chr4/data/stage4e/random_matched/T_RANDOM_MATCHED_STRUCT_rep037.locus_ids	c7f6df282301b7f8c151f553ec714c185eb5fd952a54ec5e7d57dd140c9bc4b6
T_RANDOM_MATCHED_STRUCT	38	2268650515291140879	T_STRUCT_PRIMARY	62595	5427	empirical/neoaves_chr4/data/stage4e/random_matched/T_RANDOM_MATCHED_STRUCT_rep038.locus_ids	40698b722b699eb4f03dae5ed9930ffb0dd2c2922682d092bb9c51e270c1d843
T_RANDOM_MATCHED_STRUCT	39	12701788282482027061	T_STRUCT_PRIMARY	62595	5427	empirical/neoaves_chr4/data/stage4e/random_matched/T_RANDOM_MATCHED_STRUCT_rep039.locus_ids	e22d2b3bd5e39436295ecd3e46c0814701058c0ad2aa17ded7faf2dcc217a3e2
T_RANDOM_MATCHED_STRUCT	40	777749671559470603	T_STRUCT_PRIMARY	62595	5427	empirical/neoaves_chr4/data/stage4e/random_matched/T_RANDOM_MATCHED_STRUCT_rep040.locus_ids	8675cc03aab6c7fbd00f3a35894372b1109229f9b4991c876abb37c1490a922a
T_RANDOM_MATCHED_STRUCT	41	7409493233283698710	T_STRUCT_PRIMARY	62595	5427	empirical/neoaves_chr4/data/stage4e/random_matched/T_RANDOM_MATCHED_STRUCT_rep041.locus_ids	b82f60b0c2829effd6d0c621403eeb4f6f639b9d6b549ddb3c8870ff66a264f7
T_RANDOM_MATCHED_STRUCT	42	1917411291914830271	T_STRUCT_PRIMARY	62595	5427	empirical/neoaves_chr4/data/stage4e/random_matched/T_RANDOM_MATCHED_STRUCT_rep042.locus_ids	93727972096f6d644fe39324dab8acbd7048ce1a1dda3699b9dd3a2a40783cef
T_RANDOM_MATCHED_STRUCT	43	1513116094132523322	T_STRUCT_PRIMARY	62595	5427	empirical/neoaves_chr4/data/stage4e/random_matched/T_RANDOM_MATCHED_STRUCT_rep043.locus_ids	a69628fdcabc6a4e21bb23cd33409b1fea4258e8224f34f6ed6560c632f413f0
T_RANDOM_MATCHED_STRUCT	44	14164612695268533986	T_STRUCT_PRIMARY	62595	5427	empirical/neoaves_chr4/data/stage4e/random_matched/T_RANDOM_MATCHED_STRUCT_rep044.locus_ids	a83e2450e6fc75195e9ca6de899b8679e1ec5880c2d6d13eea1ff35e7de7417f
T_RANDOM_MATCHED_STRUCT	45	12353089072025680048	T_STRUCT_PRIMARY	62595	5427	empirical/neoaves_chr4/data/stage4e/random_matched/T_RANDOM_MATCHED_STRUCT_rep045.locus_ids	25479bfea577f4960ac49891eb07e06ddc7f20587e5458978addd137c7b4f5ab
T_RANDOM_MATCHED_STRUCT	46	11301667840895899486	T_STRUCT_PRIMARY	62595	5427	empirical/neoaves_chr4/data/stage4e/random_matched/T_RANDOM_MATCHED_STRUCT_rep046.locus_ids	61965d2abede84bca58aca944856bf47f72364889a312c45fef8c6fa7e011b0f
T_RANDOM_MATCHED_STRUCT	47	17415394212295381455	T_STRUCT_PRIMARY	62595	5427	empirical/neoaves_chr4/data/stage4e/random_matched/T_RANDOM_MATCHED_STRUCT_rep047.locus_ids	629913f787794bd1af57e5573ef8b5912ab8d492fec85cd7a0e00b6c87cc7e09
T_RANDOM_MATCHED_STRUCT	48	14239509572959392713	T_STRUCT_PRIMARY	62595	5427	empirical/neoaves_chr4/data/stage4e/random_matched/T_RANDOM_MATCHED_STRUCT_rep048.locus_ids	9b1269902c540b033680270ad6bee4582af4c2e54695a8a9218e3ad5e067593f
T_RANDOM_MATCHED_STRUCT	49	18281509583259707938	T_STRUCT_PRIMARY	62595	5427	empirical/neoaves_chr4/data/stage4e/random_matched/T_RANDOM_MATCHED_STRUCT_rep049.locus_ids	3b127a4afb127bdccd83d7f496c5d9dd89c5cda11129a08e80e51f30e0588483
T_RANDOM_MATCHED_STRUCT	50	17365628913931548522	T_STRUCT_PRIMARY	62595	5427	empirical/neoaves_chr4/data/stage4e/random_matched/T_RANDOM_MATCHED_STRUCT_rep050.locus_ids	5365b68e79581ab3750208510a2d8d49c4e7ad00fba9354d5b16859b3d857f65
T_RANDOM_MATCHED_STRUCT	51	7086725348062352359	T_STRUCT_PRIMARY	62595	5427	empirical/neoaves_chr4/data/stage4e/random_matched/T_RANDOM_MATCHED_STRUCT_rep051.locus_ids	7ab756d502725838cb67ee5078bf90a7c2927b22b7ea0996ff1e761ebef34380
T_RANDOM_MATCHED_STRUCT	52	8888116872513604472	T_STRUCT_PRIMARY	62595	5427	empirical/neoaves_chr4/data/stage4e/random_matched/T_RANDOM_MATCHED_STRUCT_rep052.locus_ids	b9fd922f200d0ac0cfca740d90033e82f9efaa0291b36c651acc81b3ad45ade6
T_RANDOM_MATCHED_STRUCT	53	15312700737699130964	T_STRUCT_PRIMARY	62595	5427	empirical/neoaves_chr4/data/stage4e/random_matched/T_RANDOM_MATCHED_STRUCT_rep053.locus_ids	7ad7c276f9635c36e5765c2a38aa915ee1cc6862fa75f3e387f9b44971f4e599
T_RANDOM_MATCHED_STRUCT	54	6243481043277308776	T_STRUCT_PRIMARY	62595	5427	empirical/neoaves_chr4/data/stage4e/random_matched/T_RANDOM_MATCHED_STRUCT_rep054.locus_ids	e9503fd73365a8b1731745b49a78f826939e03af0a7773931711262653e1a301
T_RANDOM_MATCHED_STRUCT	55	2068172314386018579	T_STRUCT_PRIMARY	62595	5427	empirical/neoaves_chr4/data/stage4e/random_matched/T_RANDOM_MATCHED_STRUCT_rep055.locus_ids	418c6d230b3622e0abc6015dd4b3f475976a3661dc7c872e05ec4061fbc6cc41
T_RANDOM_MATCHED_STRUCT	56	7079807335190244998	T_STRUCT_PRIMARY	62595	5427	empirical/neoaves_chr4/data/stage4e/random_matched/T_RANDOM_MATCHED_STRUCT_rep056.locus_ids	c39e870a77113949896859f324d6554c1c4e2553cdf42a99076dc9ce7f30815f
T_RANDOM_MATCHED_STRUCT	57	15606973192057372929	T_STRUCT_PRIMARY	62595	5427	empirical/neoaves_chr4/data/stage4e/random_matched/T_RANDOM_MATCHED_STRUCT_rep057.locus_ids	37fbe9446a99bc6165035be3d22a84f75bfe09aba8f512c3b0e3884522ce560b
T_RANDOM_MATCHED_STRUCT	58	8248052933344499956	T_STRUCT_PRIMARY	62595	5427	empirical/neoaves_chr4/data/stage4e/random_matched/T_RANDOM_MATCHED_STRUCT_rep058.locus_ids	adc078fb437cb7d44e7c4735692f6b02d8b89580c740bbbee81766617e70d1ab
T_RANDOM_MATCHED_STRUCT	59	17222804807246849275	T_STRUCT_PRIMARY	62595	5427	empirical/neoaves_chr4/data/stage4e/random_matched/T_RANDOM_MATCHED_STRUCT_rep059.locus_ids	c0f054ec58a4907b31e38c3fc41cad04774a8b1eaa7e5814aaae35c7a79ef9b8
T_RANDOM_MATCHED_STRUCT	60	16633334853966152898	T_STRUCT_PRIMARY	62595	5427	empirical/neoaves_chr4/data/stage4e/random_matched/T_RANDOM_MATCHED_STRUCT_rep060.locus_ids	7d7a1d73b640e4b99e433b0da61c65c0dd777c115ed68ff209c9f0e509e4e5d8
T_RANDOM_MATCHED_STRUCT	61	15073528495982361436	T_STRUCT_PRIMARY	62595	5427	empirical/neoaves_chr4/data/stage4e/random_matched/T_RANDOM_MATCHED_STRUCT_rep061.locus_ids	c5b07f6447872ce60bfb525455231f99df420cd31215fc06f83d94ce0d4cb9a2
T_RANDOM_MATCHED_STRUCT	62	16550120696192067531	T_STRUCT_PRIMARY	62595	5427	empirical/neoaves_chr4/data/stage4e/random_matched/T_RANDOM_MATCHED_STRUCT_rep062.locus_ids	5f78e02d8bc0752c6cde249887e1be4f6ca19af475f1bc218b1e26f0acdb0d15
T_RANDOM_MATCHED_STRUCT	63	18189653249136924950	T_STRUCT_PRIMARY	62595	5427	empirical/neoaves_chr4/data/stage4e/random_matched/T_RANDOM_MATCHED_STRUCT_rep063.locus_ids	c846a4f48a8bd330eb06a1e763276454a11c5c303b53668ab1956c2b1a24223c
T_RANDOM_MATCHED_STRUCT	64	11948862187179251020	T_STRUCT_PRIMARY	62595	5427	empirical/neoaves_chr4/data/stage4e/random_matched/T_RANDOM_MATCHED_STRUCT_rep064.locus_ids	57ff23e508b87a88632462273f594116b293c9febb2477a21dfd6be101d55263
T_RANDOM_MATCHED_STRUCT	65	1519386891840854815	T_STRUCT_PRIMARY	62595	5427	empirical/neoaves_chr4/data/stage4e/random_matched/T_RANDOM_MATCHED_STRUCT_rep065.locus_ids	d56c711584564627d789ca2dc0d4a1d3e1527107a6028beb30a1ecf2c3f98436
T_RANDOM_MATCHED_STRUCT	66	12984224244346517319	T_STRUCT_PRIMARY	62595	5427	empirical/neoaves_chr4/data/stage4e/random_matched/T_RANDOM_MATCHED_STRUCT_rep066.locus_ids	98a85281ef6c82d25e1a7169a0c6edff537a130c82c81c7ca38d2891e44b8c98
T_RANDOM_MATCHED_STRUCT	67	5900759911984428775	T_STRUCT_PRIMARY	62595	5427	empirical/neoaves_chr4/data/stage4e/random_matched/T_RANDOM_MATCHED_STRUCT_rep067.locus_ids	0d2e0a69fa00e35fdc36f252a23872e7d2e2cae319bc938d9c0565132b4decf7
T_RANDOM_MATCHED_STRUCT	68	11485626067516713449	T_STRUCT_PRIMARY	62595	5427	empirical/neoaves_chr4/data/stage4e/random_matched/T_RANDOM_MATCHED_STRUCT_rep068.locus_ids	0239f959f14ce2ea0a871871bcd9575b479288e39c0f4e56ed5d2a85f3195891
T_RANDOM_MATCHED_STRUCT	69	12661598821276563905	T_STRUCT_PRIMARY	62595	5427	empirical/neoaves_chr4/data/stage4e/random_matched/T_RANDOM_MATCHED_STRUCT_rep069.locus_ids	135d708a0b2dd0791bd5c8d0a4119e2245735cd9375147e559d86c44f04bd3b1
T_RANDOM_MATCHED_STRUCT	70	178013623970559699	T_STRUCT_PRIMARY	62595	5427	empirical/neoaves_chr4/data/stage4e/random_matched/T_RANDOM_MATCHED_STRUCT_rep070.locus_ids	6d89af4128f27ced08ab94d783ee875aedb602259d86cfc3501db3fea1a03828
T_RANDOM_MATCHED_STRUCT	71	16368390072257574627	T_STRUCT_PRIMARY	62595	5427	empirical/neoaves_chr4/data/stage4e/random_matched/T_RANDOM_MATCHED_STRUCT_rep071.locus_ids	632e53600a69bb906e3bde087f7ecfcca1cd27a5e3cb8d6002b2c54571febab2
T_RANDOM_MATCHED_STRUCT	72	2502865448717929797	T_STRUCT_PRIMARY	62595	5427	empirical/neoaves_chr4/data/stage4e/random_matched/T_RANDOM_MATCHED_STRUCT_rep072.locus_ids	a9cb7a52485caca031c7a2850cb692819a3f13d32bb65fee6f9d4fb773beba4c
T_RANDOM_MATCHED_STRUCT	73	8312752432804562573	T_STRUCT_PRIMARY	62595	5427	empirical/neoaves_chr4/data/stage4e/random_matched/T_RANDOM_MATCHED_STRUCT_rep073.locus_ids	9cdabf39cebe5873506c55e56e72408a43dac35e74d2c341c7f3d0dc01b9a25a
T_RANDOM_MATCHED_STRUCT	74	7262059897846150408	T_STRUCT_PRIMARY	62595	5427	empirical/neoaves_chr4/data/stage4e/random_matched/T_RANDOM_MATCHED_STRUCT_rep074.locus_ids	ea648e9a65d04628b98c6476f382b5a14fc222fca67e135a9c09343587916d63
T_RANDOM_MATCHED_STRUCT	75	10052641995920102943	T_STRUCT_PRIMARY	62595	5427	empirical/neoaves_chr4/data/stage4e/random_matched/T_RANDOM_MATCHED_STRUCT_rep075.locus_ids	4ebb9cc18b9277ca8963d27a6d99987e1d26b91cb26b2d4f788d901b78566c6f
T_RANDOM_MATCHED_STRUCT	76	2251857945425952074	T_STRUCT_PRIMARY	62595	5427	empirical/neoaves_chr4/data/stage4e/random_matched/T_RANDOM_MATCHED_STRUCT_rep076.locus_ids	3aa7a1d036c039cd33b3acf32f6ee35407de50cebb16c51627540d60ee1de3e1
T_RANDOM_MATCHED_STRUCT	77	12562612661296412450	T_STRUCT_PRIMARY	62595	5427	empirical/neoaves_chr4/data/stage4e/random_matched/T_RANDOM_MATCHED_STRUCT_rep077.locus_ids	2215ef756f752a456fc611e6e2ee5e933d06d2a8515d3eac3ea4a42a4b2f6013
T_RANDOM_MATCHED_STRUCT	78	14424908276382636983	T_STRUCT_PRIMARY	62595	5427	empirical/neoaves_chr4/data/stage4e/random_matched/T_RANDOM_MATCHED_STRUCT_rep078.locus_ids	76fd7d32661b16160786c6723e60931a17a63931b7e052a0f05614e07945daed
T_RANDOM_MATCHED_STRUCT	79	532099512872505360	T_STRUCT_PRIMARY	62595	5427	empirical/neoaves_chr4/data/stage4e/random_matched/T_RANDOM_MATCHED_STRUCT_rep079.locus_ids	d71570f61f3e60e5927cbfc64f60150cad92f153503e4bed8820a5a3fda7bc38
T_RANDOM_MATCHED_STRUCT	80	10113792431140715655	T_STRUCT_PRIMARY	62595	5427	empirical/neoaves_chr4/data/stage4e/random_matched/T_RANDOM_MATCHED_STRUCT_rep080.locus_ids	882cc66a1df2fe5867fa32d978299324ae831cb711ee2c5b27e2e5a5413ff3ab
T_RANDOM_MATCHED_STRUCT	81	17764561354598384514	T_STRUCT_PRIMARY	62595	5427	empirical/neoaves_chr4/data/stage4e/random_matched/T_RANDOM_MATCHED_STRUCT_rep081.locus_ids	05151bc599c430141639bcba5b5ccad7413cccb68c8125ac179f7b1a1bc57d49
T_RANDOM_MATCHED_STRUCT	82	16501691386859894533	T_STRUCT_PRIMARY	62595	5427	empirical/neoaves_chr4/data/stage4e/random_matched/T_RANDOM_MATCHED_STRUCT_rep082.locus_ids	f1bb5fde984ce8bd8317b69debb66b541832bd746370aa1ee6ee86461764c849
T_RANDOM_MATCHED_STRUCT	83	11631370060149237500	T_STRUCT_PRIMARY	62595	5427	empirical/neoaves_chr4/data/stage4e/random_matched/T_RANDOM_MATCHED_STRUCT_rep083.locus_ids	a1bff34060c4f19e37a9304a178c6d5a94198f523d5f76dfb8d35086ea58cb7f
T_RANDOM_MATCHED_STRUCT	84	1132192539353997005	T_STRUCT_PRIMARY	62595	5427	empirical/neoaves_chr4/data/stage4e/random_matched/T_RANDOM_MATCHED_STRUCT_rep084.locus_ids	029e6d2c62e1251a65c93dcd4bc6c13ccd0736f6659fada2245bee9c26d37f47
T_RANDOM_MATCHED_STRUCT	85	2257335563694940225	T_STRUCT_PRIMARY	62595	5427	empirical/neoaves_chr4/data/stage4e/random_matched/T_RANDOM_MATCHED_STRUCT_rep085.locus_ids	d53ab3dda475f131ed418421919a40439fe1f440db20a4e5055de4e7573edd4a
T_RANDOM_MATCHED_STRUCT	86	15562543916890579786	T_STRUCT_PRIMARY	62595	5427	empirical/neoaves_chr4/data/stage4e/random_matched/T_RANDOM_MATCHED_STRUCT_rep086.locus_ids	efa03395efd63e527fa9d8d7ecdbab8e6a75b874eff87cf7f4597f22766881e9
T_RANDOM_MATCHED_STRUCT	87	443602077284393516	T_STRUCT_PRIMARY	62595	5427	empirical/neoaves_chr4/data/stage4e/random_matched/T_RANDOM_MATCHED_STRUCT_rep087.locus_ids	4cd1ade553a6af1a1fe3dadf2270a95f0be9f3224b201b947d84132dd0777ed5
T_RANDOM_MATCHED_STRUCT	88	12463881419273350093	T_STRUCT_PRIMARY	62595	5427	empirical/neoaves_chr4/data/stage4e/random_matched/T_RANDOM_MATCHED_STRUCT_rep088.locus_ids	1163d9a65477727aa65996f7017beed6a729a0b53ec7a68573ca5662a949325f
T_RANDOM_MATCHED_STRUCT	89	8238525517981085630	T_STRUCT_PRIMARY	62595	5427	empirical/neoaves_chr4/data/stage4e/random_matched/T_RANDOM_MATCHED_STRUCT_rep089.locus_ids	1a04f663fa35c22b0fde9a15dd92b5dba63eafb0ffbe9d731abe56530158e940
T_RANDOM_MATCHED_STRUCT	90	4414169944123447636	T_STRUCT_PRIMARY	62595	5427	empirical/neoaves_chr4/data/stage4e/random_matched/T_RANDOM_MATCHED_STRUCT_rep090.locus_ids	02fde741c18aabe1bfae88485142a8e600242850721ca5709804d8f8d8b84c71
T_RANDOM_MATCHED_STRUCT	91	12130052031449324365	T_STRUCT_PRIMARY	62595	5427	empirical/neoaves_chr4/data/stage4e/random_matched/T_RANDOM_MATCHED_STRUCT_rep091.locus_ids	67fc76d6c5af83a79c631b5882610cae3819abb94132b099ae1ec87f04e85f6e
T_RANDOM_MATCHED_STRUCT	92	16715176380528766339	T_STRUCT_PRIMARY	62595	5427	empirical/neoaves_chr4/data/stage4e/random_matched/T_RANDOM_MATCHED_STRUCT_rep092.locus_ids	bd11c0ade35e6c8df6a504e34edeaa6b31bf798040e5cbbd4f912f1202bc046e
T_RANDOM_MATCHED_STRUCT	93	10857734171779839389	T_STRUCT_PRIMARY	62595	5427	empirical/neoaves_chr4/data/stage4e/random_matched/T_RANDOM_MATCHED_STRUCT_rep093.locus_ids	2f1b352ca666842b75896801139c739d7ef6853b7b9417ce2c63baa89ce6326b
T_RANDOM_MATCHED_STRUCT	94	9154802982101204064	T_STRUCT_PRIMARY	62595	5427	empirical/neoaves_chr4/data/stage4e/random_matched/T_RANDOM_MATCHED_STRUCT_rep094.locus_ids	e779410246646859c099d25a1b5f7dad4c2c1dbc0b8617e4897c72746d17f774
T_RANDOM_MATCHED_STRUCT	95	7253806071110500730	T_STRUCT_PRIMARY	62595	5427	empirical/neoaves_chr4/data/stage4e/random_matched/T_RANDOM_MATCHED_STRUCT_rep095.locus_ids	c145751e949dd54af77db92658c90905140c54a666678f0fb02f67999e38a18f
T_RANDOM_MATCHED_STRUCT	96	1130996582337158405	T_STRUCT_PRIMARY	62595	5427	empirical/neoaves_chr4/data/stage4e/random_matched/T_RANDOM_MATCHED_STRUCT_rep096.locus_ids	d8284ec9b0de9ee6f3919181ef0f22d876d2ebc2d729f8ddb85296afc0f39053
T_RANDOM_MATCHED_STRUCT	97	12466545407583109114	T_STRUCT_PRIMARY	62595	5427	empirical/neoaves_chr4/data/stage4e/random_matched/T_RANDOM_MATCHED_STRUCT_rep097.locus_ids	0dcfeb4e944d450662a654fa216c83014cdfae4a4b005be562168236c02ba158
T_RANDOM_MATCHED_STRUCT	98	4695643858918349546	T_STRUCT_PRIMARY	62595	5427	empirical/neoaves_chr4/data/stage4e/random_matched/T_RANDOM_MATCHED_STRUCT_rep098.locus_ids	79051eb0e6fef518dfe88f94f05cbd900dca195aaacee305b5b0258a7603d2df
T_RANDOM_MATCHED_STRUCT	99	3758538578518604450	T_STRUCT_PRIMARY	62595	5427	empirical/neoaves_chr4/data/stage4e/random_matched/T_RANDOM_MATCHED_STRUCT_rep099.locus_ids	4d935ecfd8fc8ac1614047f71492141a84e41be652fdf7e37e157528b8092b2c
T_RANDOM_MATCHED_STRUCT	100	4884620402461529181	T_STRUCT_PRIMARY	62595	5427	empirical/neoaves_chr4/data/stage4e/random_matched/T_RANDOM_MATCHED_STRUCT_rep100.locus_ids	437db182116d40791c9534edee2d7d2b58d7337be44d9d21b2ffbede2ffd810e
T_RANDOM_MATCHED_BLOCK250	1	8652867461165382272	T_BLOCK_250K	57535	367	empirical/neoaves_chr4/data/stage4e/random_matched/T_RANDOM_MATCHED_BLOCK250_rep001.locus_ids	343e066de67679f998c4ddf13ed26b039cf5a97dc32d8f5e9247adf4e29c615e
T_RANDOM_MATCHED_BLOCK250	2	6575810076321007415	T_BLOCK_250K	57535	367	empirical/neoaves_chr4/data/stage4e/random_matched/T_RANDOM_MATCHED_BLOCK250_rep002.locus_ids	f3ae0e0dbd5918aa589c9f6d4d33f32a4332eaecd82e72e88d7d9224a3627d17
T_RANDOM_MATCHED_BLOCK250	3	11516732077072507756	T_BLOCK_250K	57535	367	empirical/neoaves_chr4/data/stage4e/random_matched/T_RANDOM_MATCHED_BLOCK250_rep003.locus_ids	36e48e9dd3db1d429692e1281be202d4269e2c2d03888437fa028c95ff20c69f
T_RANDOM_MATCHED_BLOCK250	4	7573846486246657645	T_BLOCK_250K	57535	367	empirical/neoaves_chr4/data/stage4e/random_matched/T_RANDOM_MATCHED_BLOCK250_rep004.locus_ids	559c600f3bc55641322db9f7dc8654bd7b392ad2aa38e4377f3ac3a15f23a1f8
T_RANDOM_MATCHED_BLOCK250	5	3768203041090680970	T_BLOCK_250K	57535	367	empirical/neoaves_chr4/data/stage4e/random_matched/T_RANDOM_MATCHED_BLOCK250_rep005.locus_ids	d82fc7cfacf0c544f6bea93112de88b83e6a8b58ce408ba0cd76dcd4461e9215
T_RANDOM_MATCHED_BLOCK250	6	623932009603643245	T_BLOCK_250K	57535	367	empirical/neoaves_chr4/data/stage4e/random_matched/T_RANDOM_MATCHED_BLOCK250_rep006.locus_ids	e69f9a528a25c73af11c7d2c98aff18d0af92c078f962fbb87d9c70acac8cc05
T_RANDOM_MATCHED_BLOCK250	7	15861465375169391071	T_BLOCK_250K	57535	367	empirical/neoaves_chr4/data/stage4e/random_matched/T_RANDOM_MATCHED_BLOCK250_rep007.locus_ids	ff4d228b236f9ec3ea925c8be5332fbe068bfb7b718681c791a5b4231d04a67a
T_RANDOM_MATCHED_BLOCK250	8	15265767641519825835	T_BLOCK_250K	57535	367	empirical/neoaves_chr4/data/stage4e/random_matched/T_RANDOM_MATCHED_BLOCK250_rep008.locus_ids	bdbc48be3bff59b3089c31d3d8a0e695a8d12e560ac8a4f78b1fdea42086a762
T_RANDOM_MATCHED_BLOCK250	9	4734060646396760940	T_BLOCK_250K	57535	367	empirical/neoaves_chr4/data/stage4e/random_matched/T_RANDOM_MATCHED_BLOCK250_rep009.locus_ids	12a38aef860a193725839a056974c8e7370e32aea6e28a8c335524cdde6f9316
T_RANDOM_MATCHED_BLOCK250	10	5997877241072098160	T_BLOCK_250K	57535	367	empirical/neoaves_chr4/data/stage4e/random_matched/T_RANDOM_MATCHED_BLOCK250_rep010.locus_ids	1c7203935662fc18d3cc27b1e0a876bd38f59665686c141cb8bbc46899fbf1f1
T_RANDOM_MATCHED_BLOCK250	11	10820415185181897012	T_BLOCK_250K	57535	367	empirical/neoaves_chr4/data/stage4e/random_matched/T_RANDOM_MATCHED_BLOCK250_rep011.locus_ids	5b04e61424878253ffe2e247d8b08842549c53a004fa495a0de68cd6148cf92c
T_RANDOM_MATCHED_BLOCK250	12	11484353906970021423	T_BLOCK_250K	57535	367	empirical/neoaves_chr4/data/stage4e/random_matched/T_RANDOM_MATCHED_BLOCK250_rep012.locus_ids	b08444c958f20ff4fd768cdcc73e38e7c2c116ff9f40f7c2025fb083973e2db0
T_RANDOM_MATCHED_BLOCK250	13	882308643036094033	T_BLOCK_250K	57535	367	empirical/neoaves_chr4/data/stage4e/random_matched/T_RANDOM_MATCHED_BLOCK250_rep013.locus_ids	8a4c1960ae36f09ce61ea30d99223e83a3bf9ba2e5a8bac47870ff24a802b179
T_RANDOM_MATCHED_BLOCK250	14	12663161844667960112	T_BLOCK_250K	57535	367	empirical/neoaves_chr4/data/stage4e/random_matched/T_RANDOM_MATCHED_BLOCK250_rep014.locus_ids	b5b726aa2e470a5c67ff561d526517272115b1a703f6496cd5a03a746270ae05
T_RANDOM_MATCHED_BLOCK250	15	2077138377008713269	T_BLOCK_250K	57535	367	empirical/neoaves_chr4/data/stage4e/random_matched/T_RANDOM_MATCHED_BLOCK250_rep015.locus_ids	bf52ddfd7a0249cd299d00b939eb1fd2f62298307b3305151bc05aae9dda7a98
T_RANDOM_MATCHED_BLOCK250	16	13196524955935197304	T_BLOCK_250K	57535	367	empirical/neoaves_chr4/data/stage4e/random_matched/T_RANDOM_MATCHED_BLOCK250_rep016.locus_ids	6dde6c0487a1dbc7a38dee94402faa033c4724b99187c1d7562fe0250e3da5a9
T_RANDOM_MATCHED_BLOCK250	17	15770822366241334661	T_BLOCK_250K	57535	367	empirical/neoaves_chr4/data/stage4e/random_matched/T_RANDOM_MATCHED_BLOCK250_rep017.locus_ids	761d10fa4a8d37a0955752f0bb2861d1332de4f27a3356eb357b0a0e0141ec81
T_RANDOM_MATCHED_BLOCK250	18	3571416123891208157	T_BLOCK_250K	57535	367	empirical/neoaves_chr4/data/stage4e/random_matched/T_RANDOM_MATCHED_BLOCK250_rep018.locus_ids	3e581bd8783c5316f00c19773103b87caae8664243797d8fe6427635d60a5fdc
T_RANDOM_MATCHED_BLOCK250	19	2970590925112252618	T_BLOCK_250K	57535	367	empirical/neoaves_chr4/data/stage4e/random_matched/T_RANDOM_MATCHED_BLOCK250_rep019.locus_ids	f8e3ebd1af6575a4d8635c20aaa56e3c2f52858d6087049f4a7cdc97bc3c884a
T_RANDOM_MATCHED_BLOCK250	20	10142031329101864955	T_BLOCK_250K	57535	367	empirical/neoaves_chr4/data/stage4e/random_matched/T_RANDOM_MATCHED_BLOCK250_rep020.locus_ids	963257e4d7b6782a1a2e2e9119851f9603d6381b2fa911c3dfe3a053c08cf1ad
T_RANDOM_MATCHED_BLOCK250	21	10668563165226045902	T_BLOCK_250K	57535	367	empirical/neoaves_chr4/data/stage4e/random_matched/T_RANDOM_MATCHED_BLOCK250_rep021.locus_ids	14091d13de70298ba1af85340084757cbb22bcf807f0886b42e96759cc4a54f4
T_RANDOM_MATCHED_BLOCK250	22	12585946646982068024	T_BLOCK_250K	57535	367	empirical/neoaves_chr4/data/stage4e/random_matched/T_RANDOM_MATCHED_BLOCK250_rep022.locus_ids	44f44d135e748c7d9fd5283a38ba9e1e07285370ce5aa87ff5a79782db6fc8d8
T_RANDOM_MATCHED_BLOCK250	23	7728034071359421359	T_BLOCK_250K	57535	367	empirical/neoaves_chr4/data/stage4e/random_matched/T_RANDOM_MATCHED_BLOCK250_rep023.locus_ids	d1e0392138676c6018ab31951eea60fd3b5cf5bbaf3b856b2462b9d34a3f74fe
T_RANDOM_MATCHED_BLOCK250	24	3653990995357296905	T_BLOCK_250K	57535	367	empirical/neoaves_chr4/data/stage4e/random_matched/T_RANDOM_MATCHED_BLOCK250_rep024.locus_ids	0f91b90c7e8a0ef4b0fb2213acbe1df69a523b3078961b780ea9d1eea633c601
T_RANDOM_MATCHED_BLOCK250	25	18265756782225556962	T_BLOCK_250K	57535	367	empirical/neoaves_chr4/data/stage4e/random_matched/T_RANDOM_MATCHED_BLOCK250_rep025.locus_ids	4ad2841ab151812c47c8366587d81358bc9793944c75b2dd9a2db5909f1e7d32
T_RANDOM_MATCHED_BLOCK250	26	13906660469553702622	T_BLOCK_250K	57535	367	empirical/neoaves_chr4/data/stage4e/random_matched/T_RANDOM_MATCHED_BLOCK250_rep026.locus_ids	d841f91fa10d82e4c9fa81a011b7e4aa21808c6161e986f6220fc268a7c67920
T_RANDOM_MATCHED_BLOCK250	27	10381491740426710656	T_BLOCK_250K	57535	367	empirical/neoaves_chr4/data/stage4e/random_matched/T_RANDOM_MATCHED_BLOCK250_rep027.locus_ids	62a3cf79239aeec570a418cae2b0203637ae627638881e2d1c6b2df7a122fbbd
T_RANDOM_MATCHED_BLOCK250	28	17057973310321873389	T_BLOCK_250K	57535	367	empirical/neoaves_chr4/data/stage4e/random_matched/T_RANDOM_MATCHED_BLOCK250_rep028.locus_ids	cd88ec52ec3a6a23389bb5d25a807749729a13aa74ec113b629a0550dbc2dd21
T_RANDOM_MATCHED_BLOCK250	29	6891078471171637132	T_BLOCK_250K	57535	367	empirical/neoaves_chr4/data/stage4e/random_matched/T_RANDOM_MATCHED_BLOCK250_rep029.locus_ids	11dea5ba22fd0114cc1cdb4dbbe34574e3586deb511cf1f66d815bdad49ec8ba
T_RANDOM_MATCHED_BLOCK250	30	3348439450483419779	T_BLOCK_250K	57535	367	empirical/neoaves_chr4/data/stage4e/random_matched/T_RANDOM_MATCHED_BLOCK250_rep030.locus_ids	ea4d2c747992a0fb7761e7da190e11a21d4f2c01c991ff86baf57f2b3ead8819
T_RANDOM_MATCHED_BLOCK250	31	16310114724813652479	T_BLOCK_250K	57535	367	empirical/neoaves_chr4/data/stage4e/random_matched/T_RANDOM_MATCHED_BLOCK250_rep031.locus_ids	8551388a25223aacd22417cedb04fefe3f0b38ffbd988f9b39933eac413dba8e
T_RANDOM_MATCHED_BLOCK250	32	15761104738879608272	T_BLOCK_250K	57535	367	empirical/neoaves_chr4/data/stage4e/random_matched/T_RANDOM_MATCHED_BLOCK250_rep032.locus_ids	07fdff164070ac98ec74a54759669b9dd9bf95197338da99e702cfab00faa7ea
T_RANDOM_MATCHED_BLOCK250	33	13962465744673559759	T_BLOCK_250K	57535	367	empirical/neoaves_chr4/data/stage4e/random_matched/T_RANDOM_MATCHED_BLOCK250_rep033.locus_ids	f5b8da5f032bd4d32eb3f94627435c17f6c842a9888ed8cc359c403b98578159
T_RANDOM_MATCHED_BLOCK250	34	13976495482564254596	T_BLOCK_250K	57535	367	empirical/neoaves_chr4/data/stage4e/random_matched/T_RANDOM_MATCHED_BLOCK250_rep034.locus_ids	e8a44ce96aea16822a6d3afe7f6f346c778440bcd86d6b0f848a55279e491e5a
T_RANDOM_MATCHED_BLOCK250	35	12265174109474508643	T_BLOCK_250K	57535	367	empirical/neoaves_chr4/data/stage4e/random_matched/T_RANDOM_MATCHED_BLOCK250_rep035.locus_ids	5d4b0c7870bbc16c80375351541297a19b0b815c508e4596aedd261e088a0b4a
T_RANDOM_MATCHED_BLOCK250	36	16545319521225499632	T_BLOCK_250K	57535	367	empirical/neoaves_chr4/data/stage4e/random_matched/T_RANDOM_MATCHED_BLOCK250_rep036.locus_ids	d52f8d2fbb266c94504def7fa87cbee3096399564b19ed54bbc1e0160b1c2de8
T_RANDOM_MATCHED_BLOCK250	37	11281271358103808986	T_BLOCK_250K	57535	367	empirical/neoaves_chr4/data/stage4e/random_matched/T_RANDOM_MATCHED_BLOCK250_rep037.locus_ids	31a19fbd474973325d5acf915ed5eb64641b2b3c67e03a834131676865c01e55
T_RANDOM_MATCHED_BLOCK250	38	2743180297871636800	T_BLOCK_250K	57535	367	empirical/neoaves_chr4/data/stage4e/random_matched/T_RANDOM_MATCHED_BLOCK250_rep038.locus_ids	86cbd57538ce56ba14fda52e4903631b53a5c34c13f04c0a390c3a563bcf06a0
T_RANDOM_MATCHED_BLOCK250	39	214145389922203470	T_BLOCK_250K	57535	367	empirical/neoaves_chr4/data/stage4e/random_matched/T_RANDOM_MATCHED_BLOCK250_rep039.locus_ids	b7fbce2a1460c6108fc1f7a5e561fbb01890479d24e554c3226d0959a47c0d16
T_RANDOM_MATCHED_BLOCK250	40	3720289224739311534	T_BLOCK_250K	57535	367	empirical/neoaves_chr4/data/stage4e/random_matched/T_RANDOM_MATCHED_BLOCK250_rep040.locus_ids	dbfc397b4f871fc307b53f1a18420e532c33128a79a510b2c1354c96579b78f9
T_RANDOM_MATCHED_BLOCK250	41	16699930346659831807	T_BLOCK_250K	57535	367	empirical/neoaves_chr4/data/stage4e/random_matched/T_RANDOM_MATCHED_BLOCK250_rep041.locus_ids	4e54fdb115ec4f0cc97666daed206cb9bb9ceaef3ad5ae543fa3b456cba53750
T_RANDOM_MATCHED_BLOCK250	42	3871906305231063789	T_BLOCK_250K	57535	367	empirical/neoaves_chr4/data/stage4e/random_matched/T_RANDOM_MATCHED_BLOCK250_rep042.locus_ids	648a7b6b6e789a6bbab9fc379e8167e49b3c2b3a9062a79fbbd9128273c5bda0
T_RANDOM_MATCHED_BLOCK250	43	16590926012591662443	T_BLOCK_250K	57535	367	empirical/neoaves_chr4/data/stage4e/random_matched/T_RANDOM_MATCHED_BLOCK250_rep043.locus_ids	e3c0adae4e1a9b610a0afa5617d1f38712d832b49c00eec083f7fa7beeef2e55
T_RANDOM_MATCHED_BLOCK250	44	16803171303634857884	T_BLOCK_250K	57535	367	empirical/neoaves_chr4/data/stage4e/random_matched/T_RANDOM_MATCHED_BLOCK250_rep044.locus_ids	596f1ccb64bd96256331787ecb4f7ccc503c5474888064444e09bb493dd83c83
T_RANDOM_MATCHED_BLOCK250	45	1727719749280781492	T_BLOCK_250K	57535	367	empirical/neoaves_chr4/data/stage4e/random_matched/T_RANDOM_MATCHED_BLOCK250_rep045.locus_ids	13aedce1f7da71a8284eb1949787aa11be1c2528794378d0974715f5729427ab
T_RANDOM_MATCHED_BLOCK250	46	8874303132318588335	T_BLOCK_250K	57535	367	empirical/neoaves_chr4/data/stage4e/random_matched/T_RANDOM_MATCHED_BLOCK250_rep046.locus_ids	c0ee49fe80f7cae05b6dfaffbf53f7f543c69c83d34a246d81c72c1e2cbefc4a
T_RANDOM_MATCHED_BLOCK250	47	3449968799147347876	T_BLOCK_250K	57535	367	empirical/neoaves_chr4/data/stage4e/random_matched/T_RANDOM_MATCHED_BLOCK250_rep047.locus_ids	bb33d783df77202014eacf73dcb48534980224c3ef36e6d518e77958a52b38f0
T_RANDOM_MATCHED_BLOCK250	48	699782812289066911	T_BLOCK_250K	57535	367	empirical/neoaves_chr4/data/stage4e/random_matched/T_RANDOM_MATCHED_BLOCK250_rep048.locus_ids	026b327d0a87422cbed99926d89647711c7f2f85e9446d35ba91cf6071731f0e
T_RANDOM_MATCHED_BLOCK250	49	13615644574046832725	T_BLOCK_250K	57535	367	empirical/neoaves_chr4/data/stage4e/random_matched/T_RANDOM_MATCHED_BLOCK250_rep049.locus_ids	afd35828f83c72ab41d118e1ecb1b5b998043fe7d9535b07dc2837feafd57152
T_RANDOM_MATCHED_BLOCK250	50	8431533296592302278	T_BLOCK_250K	57535	367	empirical/neoaves_chr4/data/stage4e/random_matched/T_RANDOM_MATCHED_BLOCK250_rep050.locus_ids	2bf29012110da041252a0ab1b167d0575eb73718be8439fc02099d82445d7162
T_RANDOM_MATCHED_BLOCK250	51	296535524411077021	T_BLOCK_250K	57535	367	empirical/neoaves_chr4/data/stage4e/random_matched/T_RANDOM_MATCHED_BLOCK250_rep051.locus_ids	4d2f61345bc86f0e60773ed712f10b07fb7543aa521b149554c458fc7e861749
T_RANDOM_MATCHED_BLOCK250	52	2253579143010193968	T_BLOCK_250K	57535	367	empirical/neoaves_chr4/data/stage4e/random_matched/T_RANDOM_MATCHED_BLOCK250_rep052.locus_ids	8d7e792bbf7ae6462d575dd5d6d663eb1f822595a9fd0bf98b0851a3a8bdc6f1
T_RANDOM_MATCHED_BLOCK250	53	15446540462522052312	T_BLOCK_250K	57535	367	empirical/neoaves_chr4/data/stage4e/random_matched/T_RANDOM_MATCHED_BLOCK250_rep053.locus_ids	c3ba26684a85a3257b3ac34af96d92e31745a26442ecfcfa5a27c892b99d4735
T_RANDOM_MATCHED_BLOCK250	54	401393633668980992	T_BLOCK_250K	57535	367	empirical/neoaves_chr4/data/stage4e/random_matched/T_RANDOM_MATCHED_BLOCK250_rep054.locus_ids	4df1bdf2355af32f761c0200034dc33619685960b71240aa900046ae526e4d2a
T_RANDOM_MATCHED_BLOCK250	55	3128617744983429997	T_BLOCK_250K	57535	367	empirical/neoaves_chr4/data/stage4e/random_matched/T_RANDOM_MATCHED_BLOCK250_rep055.locus_ids	b9743c6b9d215fb2a293c375440c3077724e54ee3175d54e2bbe3debb51dc29e
T_RANDOM_MATCHED_BLOCK250	56	9673572932789436210	T_BLOCK_250K	57535	367	empirical/neoaves_chr4/data/stage4e/random_matched/T_RANDOM_MATCHED_BLOCK250_rep056.locus_ids	d15e49fa68a06ea64a08bad1e76d25361d96f130a2bf7f24ec70a45d67ba9801
T_RANDOM_MATCHED_BLOCK250	57	9142920578163674432	T_BLOCK_250K	57535	367	empirical/neoaves_chr4/data/stage4e/random_matched/T_RANDOM_MATCHED_BLOCK250_rep057.locus_ids	9355124b88d7ef7f4ff4102690d4362607ccac0023f8469583ac67595c13f0b4
T_RANDOM_MATCHED_BLOCK250	58	12563118151402519928	T_BLOCK_250K	57535	367	empirical/neoaves_chr4/data/stage4e/random_matched/T_RANDOM_MATCHED_BLOCK250_rep058.locus_ids	3714cdb821afe3b5455bef8c3c3f93352d483a23b192dbf78cacf28656887e45
T_RANDOM_MATCHED_BLOCK250	59	16745966238682768445	T_BLOCK_250K	57535	367	empirical/neoaves_chr4/data/stage4e/random_matched/T_RANDOM_MATCHED_BLOCK250_rep059.locus_ids	75c26e6ff64c7afe23d2940be4fda8d4ff2a3b9245c25006bcb90c6e159e3850
T_RANDOM_MATCHED_BLOCK250	60	17675319614739061020	T_BLOCK_250K	57535	367	empirical/neoaves_chr4/data/stage4e/random_matched/T_RANDOM_MATCHED_BLOCK250_rep060.locus_ids	9dd7befe85af20819d681179a654d5bcfcb7e81c0ffca117acd2bc3f98c5a1f5
T_RANDOM_MATCHED_BLOCK250	61	220099943015714745	T_BLOCK_250K	57535	367	empirical/neoaves_chr4/data/stage4e/random_matched/T_RANDOM_MATCHED_BLOCK250_rep061.locus_ids	919852a5bafd8c5a678185d9e3ce18f3a43928cf37749bb2c00d3ccfef13ed59
T_RANDOM_MATCHED_BLOCK250	62	833599304057496933	T_BLOCK_250K	57535	367	empirical/neoaves_chr4/data/stage4e/random_matched/T_RANDOM_MATCHED_BLOCK250_rep062.locus_ids	2682ad5244c5345b6fdad3a4877016243ffabbc2d279f7761ebf33c8b76d805b
T_RANDOM_MATCHED_BLOCK250	63	5511070780001365227	T_BLOCK_250K	57535	367	empirical/neoaves_chr4/data/stage4e/random_matched/T_RANDOM_MATCHED_BLOCK250_rep063.locus_ids	1f66249ba8ade959a17ac82ba46d0713a4e79de212d5511c6e5b2d4e079ce236
T_RANDOM_MATCHED_BLOCK250	64	12518619615920559620	T_BLOCK_250K	57535	367	empirical/neoaves_chr4/data/stage4e/random_matched/T_RANDOM_MATCHED_BLOCK250_rep064.locus_ids	3b1bf3c947f444b850db96586c75c44dcc714127c92f1fa0bf0dad09284fdf3b
T_RANDOM_MATCHED_BLOCK250	65	4779543587722746802	T_BLOCK_250K	57535	367	empirical/neoaves_chr4/data/stage4e/random_matched/T_RANDOM_MATCHED_BLOCK250_rep065.locus_ids	d4a817fdc3f92ebaf2c110c5c35821efc0f3c7bdfbf67bce4f04ec6a5a9c4068
T_RANDOM_MATCHED_BLOCK250	66	4483492526993702886	T_BLOCK_250K	57535	367	empirical/neoaves_chr4/data/stage4e/random_matched/T_RANDOM_MATCHED_BLOCK250_rep066.locus_ids	046f36c30d35f2b31d29916c53321e723271f1daa25060a7bd454f896f1726c5
T_RANDOM_MATCHED_BLOCK250	67	11143997425017686629	T_BLOCK_250K	57535	367	empirical/neoaves_chr4/data/stage4e/random_matched/T_RANDOM_MATCHED_BLOCK250_rep067.locus_ids	e0c99f8a508a8aea9fcbddddaff119d4b39d2731c467ea44397c79179b9c61f3
T_RANDOM_MATCHED_BLOCK250	68	12193681702418867122	T_BLOCK_250K	57535	367	empirical/neoaves_chr4/data/stage4e/random_matched/T_RANDOM_MATCHED_BLOCK250_rep068.locus_ids	0499a2624dbe0a1a2364af1ba9ff255fd87add6b894ef5c34e69b7615c769212
T_RANDOM_MATCHED_BLOCK250	69	17669028790957573663	T_BLOCK_250K	57535	367	empirical/neoaves_chr4/data/stage4e/random_matched/T_RANDOM_MATCHED_BLOCK250_rep069.locus_ids	c656b3bf07fdfc355a7fc2f414c24226fd4eba426c8662bd2f0a9e02173313c3
T_RANDOM_MATCHED_BLOCK250	70	18020689519860255132	T_BLOCK_250K	57535	367	empirical/neoaves_chr4/data/stage4e/random_matched/T_RANDOM_MATCHED_BLOCK250_rep070.locus_ids	f37c6fd4843c9434c0565abce3ee22ad047220ec943deeb2af1c92b8bbfa23d5
T_RANDOM_MATCHED_BLOCK250	71	10559294032898187787	T_BLOCK_250K	57535	367	empirical/neoaves_chr4/data/stage4e/random_matched/T_RANDOM_MATCHED_BLOCK250_rep071.locus_ids	29f1ae4f8c0748a4c63aea91f7c7e717439f7b71faa81579efe56154c095aa4e
T_RANDOM_MATCHED_BLOCK250	72	7672002775476742647	T_BLOCK_250K	57535	367	empirical/neoaves_chr4/data/stage4e/random_matched/T_RANDOM_MATCHED_BLOCK250_rep072.locus_ids	ff028bc19a3124e216ddd111ff84777a1a7a39754c61c1fc2f786d63e235437a
T_RANDOM_MATCHED_BLOCK250	73	12469100894882679037	T_BLOCK_250K	57535	367	empirical/neoaves_chr4/data/stage4e/random_matched/T_RANDOM_MATCHED_BLOCK250_rep073.locus_ids	545a341fcbd467ffe9daa82dee027eb496acfb3ef32fb668f4113cfdbceef138
T_RANDOM_MATCHED_BLOCK250	74	2657086117291513239	T_BLOCK_250K	57535	367	empirical/neoaves_chr4/data/stage4e/random_matched/T_RANDOM_MATCHED_BLOCK250_rep074.locus_ids	bcf430e2c3befe33a31ef2827b7bad6858c68ab90a449f9af5cff7baffc5000e
T_RANDOM_MATCHED_BLOCK250	75	9373510377674416592	T_BLOCK_250K	57535	367	empirical/neoaves_chr4/data/stage4e/random_matched/T_RANDOM_MATCHED_BLOCK250_rep075.locus_ids	389753babf70d65bc87ad3e8540b3c280ad5f00e149189e1dc4e7b58aafd1dfd
T_RANDOM_MATCHED_BLOCK250	76	4384368268478543201	T_BLOCK_250K	57535	367	empirical/neoaves_chr4/data/stage4e/random_matched/T_RANDOM_MATCHED_BLOCK250_rep076.locus_ids	1ab81e0ecfa24aa5fbab5854b8a4026d0cab4685d51a626ac1f9652ede6db9ea
T_RANDOM_MATCHED_BLOCK250	77	9600446345361894951	T_BLOCK_250K	57535	367	empirical/neoaves_chr4/data/stage4e/random_matched/T_RANDOM_MATCHED_BLOCK250_rep077.locus_ids	965563d882e30a3006aee4e07a60a2e3a8b620e6008f94c4c542a678746d8d7d
T_RANDOM_MATCHED_BLOCK250	78	13667654663258725058	T_BLOCK_250K	57535	367	empirical/neoaves_chr4/data/stage4e/random_matched/T_RANDOM_MATCHED_BLOCK250_rep078.locus_ids	fb7aebdacf17ab0f00d233d1b0bb5f7beae124dc3e9bdf2360395b62787fd7e0
T_RANDOM_MATCHED_BLOCK250	79	6484270082669335079	T_BLOCK_250K	57535	367	empirical/neoaves_chr4/data/stage4e/random_matched/T_RANDOM_MATCHED_BLOCK250_rep079.locus_ids	4deffb794189ba18fb1264e16124619949d14b270f96c7cc4196e1d92df2ab81
T_RANDOM_MATCHED_BLOCK250	80	10556425550931885471	T_BLOCK_250K	57535	367	empirical/neoaves_chr4/data/stage4e/random_matched/T_RANDOM_MATCHED_BLOCK250_rep080.locus_ids	935581d291528a89991f6ab13277a7d6e7f097007b643da691cff13dc6ffea85
T_RANDOM_MATCHED_BLOCK250	81	12027931432387355903	T_BLOCK_250K	57535	367	empirical/neoaves_chr4/data/stage4e/random_matched/T_RANDOM_MATCHED_BLOCK250_rep081.locus_ids	74692cec0e1eb8d3c4acf50e85d7f70226b13d02d51433ca376965fb49ba330b
T_RANDOM_MATCHED_BLOCK250	82	17304973223665009940	T_BLOCK_250K	57535	367	empirical/neoaves_chr4/data/stage4e/random_matched/T_RANDOM_MATCHED_BLOCK250_rep082.locus_ids	b06e2ffeafebd356b8ca6d9d011c74faab1ae428a405bb771fde46e83edf20c7
T_RANDOM_MATCHED_BLOCK250	83	15841028263302526719	T_BLOCK_250K	57535	367	empirical/neoaves_chr4/data/stage4e/random_matched/T_RANDOM_MATCHED_BLOCK250_rep083.locus_ids	d0a092d37e8cccbd9b86a00ccbf5133d942bec8ff081c491827e5801a72843e6
T_RANDOM_MATCHED_BLOCK250	84	2023085150846388732	T_BLOCK_250K	57535	367	empirical/neoaves_chr4/data/stage4e/random_matched/T_RANDOM_MATCHED_BLOCK250_rep084.locus_ids	edcac84d7b800215b7ac35dcc91d466133946021acf76eb686708c05aa5fba80
T_RANDOM_MATCHED_BLOCK250	85	11618461716426756815	T_BLOCK_250K	57535	367	empirical/neoaves_chr4/data/stage4e/random_matched/T_RANDOM_MATCHED_BLOCK250_rep085.locus_ids	62c4d7d3388a2e693b691065379d38c1eb15861e7bccea3536573f4b4420ecb8
T_RANDOM_MATCHED_BLOCK250	86	17814704441613685849	T_BLOCK_250K	57535	367	empirical/neoaves_chr4/data/stage4e/random_matched/T_RANDOM_MATCHED_BLOCK250_rep086.locus_ids	27c449cae7f339ed08174e7b4fc3f352f55b58b341c64c03b9fd78ea71d1ffa0
T_RANDOM_MATCHED_BLOCK250	87	7971951985728139017	T_BLOCK_250K	57535	367	empirical/neoaves_chr4/data/stage4e/random_matched/T_RANDOM_MATCHED_BLOCK250_rep087.locus_ids	f926d444e2289dceb2ea6c536ef865bf1cb53b38cbde126e65c89add83c91d84
T_RANDOM_MATCHED_BLOCK250	88	11675773055126535622	T_BLOCK_250K	57535	367	empirical/neoaves_chr4/data/stage4e/random_matched/T_RANDOM_MATCHED_BLOCK250_rep088.locus_ids	90d31df3fe7575b4e00c4503d71dcda300cd7b492fb6555bef6254203f7f283d
T_RANDOM_MATCHED_BLOCK250	89	3650345475292349406	T_BLOCK_250K	57535	367	empirical/neoaves_chr4/data/stage4e/random_matched/T_RANDOM_MATCHED_BLOCK250_rep089.locus_ids	873cdf365ca165d9fd6224bb787d133a659d591cfb9ab5e9c83ed0f08595bfc0
T_RANDOM_MATCHED_BLOCK250	90	17652882219971333605	T_BLOCK_250K	57535	367	empirical/neoaves_chr4/data/stage4e/random_matched/T_RANDOM_MATCHED_BLOCK250_rep090.locus_ids	90588e3bcc7245626979df5cea0db9ef9fd5d138e4149ffeecbca7883fce7274
T_RANDOM_MATCHED_BLOCK250	91	1640536095402946612	T_BLOCK_250K	57535	367	empirical/neoaves_chr4/data/stage4e/random_matched/T_RANDOM_MATCHED_BLOCK250_rep091.locus_ids	8aed7bb7e2e3c736c858f5eb67485f3cc3bc724de44a3f08557ecef7d0fb0e65
T_RANDOM_MATCHED_BLOCK250	92	14164445450305140176	T_BLOCK_250K	57535	367	empirical/neoaves_chr4/data/stage4e/random_matched/T_RANDOM_MATCHED_BLOCK250_rep092.locus_ids	89cf2647e86c7e0453b284ca3d46345e46ada2971ba65a3b6ca19e1fc8651a67
T_RANDOM_MATCHED_BLOCK250	93	3019176758035899270	T_BLOCK_250K	57535	367	empirical/neoaves_chr4/data/stage4e/random_matched/T_RANDOM_MATCHED_BLOCK250_rep093.locus_ids	bd0f5292452db4029e695ace0180c822a2fc1461d0e4c76d40a2db12bf59c92a
T_RANDOM_MATCHED_BLOCK250	94	7387292823096066440	T_BLOCK_250K	57535	367	empirical/neoaves_chr4/data/stage4e/random_matched/T_RANDOM_MATCHED_BLOCK250_rep094.locus_ids	cde12af25b9d4600ecf515a0ec7c363c0c5db618bbcb8b5796eafac922dcec09
T_RANDOM_MATCHED_BLOCK250	95	1676842755590995901	T_BLOCK_250K	57535	367	empirical/neoaves_chr4/data/stage4e/random_matched/T_RANDOM_MATCHED_BLOCK250_rep095.locus_ids	23472f0826fb7bfd95f43914e9f4aa92b17d7f85160bc566d1c9d4c007923bcf
T_RANDOM_MATCHED_BLOCK250	96	9304965070838435543	T_BLOCK_250K	57535	367	empirical/neoaves_chr4/data/stage4e/random_matched/T_RANDOM_MATCHED_BLOCK250_rep096.locus_ids	8c3c18981a9a0bb68a0a4c57aca999b9a18931828fc4b44753d8e7dbb4b503a6
T_RANDOM_MATCHED_BLOCK250	97	2685514472086363723	T_BLOCK_250K	57535	367	empirical/neoaves_chr4/data/stage4e/random_matched/T_RANDOM_MATCHED_BLOCK250_rep097.locus_ids	1374a34438e211324c878f4697d78fd7aac35323f5c5f53e271da8a588a2f5b2
T_RANDOM_MATCHED_BLOCK250	98	9190583294596815303	T_BLOCK_250K	57535	367	empirical/neoaves_chr4/data/stage4e/random_matched/T_RANDOM_MATCHED_BLOCK250_rep098.locus_ids	71bc451c155ef905465fd94efbb2815790160ba404dc8e042d746e322f7c1edb
T_RANDOM_MATCHED_BLOCK250	99	2013070152162200926	T_BLOCK_250K	57535	367	empirical/neoaves_chr4/data/stage4e/random_matched/T_RANDOM_MATCHED_BLOCK250_rep099.locus_ids	9b783127d534c0817858ff1af8d7cac4b4221904f67a4dc20359e2f439fe04a6
T_RANDOM_MATCHED_BLOCK250	100	17631102138010623676	T_BLOCK_250K	57535	367	empirical/neoaves_chr4/data/stage4e/random_matched/T_RANDOM_MATCHED_BLOCK250_rep100.locus_ids	8f0fc084cecd75414ca8732851ed98abff95d0041c0b345716c44094ac8e9ce1
T_RANDOM_MATCHED_BLOCK500	1	243012599896367746	T_BLOCK_500K	57355	187	empirical/neoaves_chr4/data/stage4e/random_matched/T_RANDOM_MATCHED_BLOCK500_rep001.locus_ids	7b4bdff999117a4f36e92f9c11d0ed15924c461e4d86721f2319ea304bdd507a
T_RANDOM_MATCHED_BLOCK500	2	14443540305070840730	T_BLOCK_500K	57355	187	empirical/neoaves_chr4/data/stage4e/random_matched/T_RANDOM_MATCHED_BLOCK500_rep002.locus_ids	04e96d054e89ca17bc7e47ae2951d0625153357de748b0f9d40f616a719c89ac
T_RANDOM_MATCHED_BLOCK500	3	15739064025474757030	T_BLOCK_500K	57355	187	empirical/neoaves_chr4/data/stage4e/random_matched/T_RANDOM_MATCHED_BLOCK500_rep003.locus_ids	67fec0d7aacbd7e9c76b40f263356d7195ed57b75e714188cfd10b7888c28ff0
T_RANDOM_MATCHED_BLOCK500	4	8977977136429382909	T_BLOCK_500K	57355	187	empirical/neoaves_chr4/data/stage4e/random_matched/T_RANDOM_MATCHED_BLOCK500_rep004.locus_ids	73f1dbb61c06f193cc15026ad4a7ed446462bc8d38eeeae2ac1ae292324fab63
T_RANDOM_MATCHED_BLOCK500	5	2431855057337655449	T_BLOCK_500K	57355	187	empirical/neoaves_chr4/data/stage4e/random_matched/T_RANDOM_MATCHED_BLOCK500_rep005.locus_ids	2a27494c92a37a77552e382b8e9037415eea906bbd4baeefb149869bd411a486
T_RANDOM_MATCHED_BLOCK500	6	2198823261681933928	T_BLOCK_500K	57355	187	empirical/neoaves_chr4/data/stage4e/random_matched/T_RANDOM_MATCHED_BLOCK500_rep006.locus_ids	d53ba0f356c86f129270fa63088799c4eea3ebe034ddc9a02ed27d0a47dbcc59
T_RANDOM_MATCHED_BLOCK500	7	13501345666629999101	T_BLOCK_500K	57355	187	empirical/neoaves_chr4/data/stage4e/random_matched/T_RANDOM_MATCHED_BLOCK500_rep007.locus_ids	958d0ffda21503fa3bef0eecc1fcd8dab9783a5f93d3b93e5613db9238d1fd1e
T_RANDOM_MATCHED_BLOCK500	8	13366781862323577562	T_BLOCK_500K	57355	187	empirical/neoaves_chr4/data/stage4e/random_matched/T_RANDOM_MATCHED_BLOCK500_rep008.locus_ids	f8ad567db39237d8a6ad20a5144faa972c420a3401d0bd3868eed68fe8afa374
T_RANDOM_MATCHED_BLOCK500	9	387309248154221514	T_BLOCK_500K	57355	187	empirical/neoaves_chr4/data/stage4e/random_matched/T_RANDOM_MATCHED_BLOCK500_rep009.locus_ids	5f66eff365248f2326b2a819d1e1bd677972f09280c31c498cd26abe88d132ff
T_RANDOM_MATCHED_BLOCK500	10	11115247715554514431	T_BLOCK_500K	57355	187	empirical/neoaves_chr4/data/stage4e/random_matched/T_RANDOM_MATCHED_BLOCK500_rep010.locus_ids	88804dd233398c90b0d55b8a1db88fe3e252691b6826ae2c5a8fdf66dd63213e
T_RANDOM_MATCHED_BLOCK500	11	12240640408184335056	T_BLOCK_500K	57355	187	empirical/neoaves_chr4/data/stage4e/random_matched/T_RANDOM_MATCHED_BLOCK500_rep011.locus_ids	5fff9f84a926c908e04a180fcdfececc145a75d05a8c88ce396c9b6dc3cf3754
T_RANDOM_MATCHED_BLOCK500	12	15943921863878595105	T_BLOCK_500K	57355	187	empirical/neoaves_chr4/data/stage4e/random_matched/T_RANDOM_MATCHED_BLOCK500_rep012.locus_ids	628627cb3a162af82ab7f3a35d7f64d89680a73d3af4e81ccbfc17ab20f01f27
T_RANDOM_MATCHED_BLOCK500	13	8694723479853149678	T_BLOCK_500K	57355	187	empirical/neoaves_chr4/data/stage4e/random_matched/T_RANDOM_MATCHED_BLOCK500_rep013.locus_ids	198320e64703fe24c4e85f10aaef1bfbe08a01c5fd23147ac6f93a51c9a7ee96
T_RANDOM_MATCHED_BLOCK500	14	2024156537672090985	T_BLOCK_500K	57355	187	empirical/neoaves_chr4/data/stage4e/random_matched/T_RANDOM_MATCHED_BLOCK500_rep014.locus_ids	3d805684b1901995ec3872181cd4ef54b74384ad614bae4dca63e4d7aaacc990
T_RANDOM_MATCHED_BLOCK500	15	8441065565066594695	T_BLOCK_500K	57355	187	empirical/neoaves_chr4/data/stage4e/random_matched/T_RANDOM_MATCHED_BLOCK500_rep015.locus_ids	7f43b21a928f21b7ecc3383cfd50919776d94616fc3f331b971cd3b689b6119b
T_RANDOM_MATCHED_BLOCK500	16	1208282825133680930	T_BLOCK_500K	57355	187	empirical/neoaves_chr4/data/stage4e/random_matched/T_RANDOM_MATCHED_BLOCK500_rep016.locus_ids	d84c1f03544b50ee0dcc3562a355c11f452305cca4b63137ef468f17d1bcdbea
T_RANDOM_MATCHED_BLOCK500	17	9198752686542687568	T_BLOCK_500K	57355	187	empirical/neoaves_chr4/data/stage4e/random_matched/T_RANDOM_MATCHED_BLOCK500_rep017.locus_ids	7bc6bf1fbf6684e2108d7f3e0adcab4b6ea0d5bc13210832963c4f743eb24a81
T_RANDOM_MATCHED_BLOCK500	18	9090477622528786582	T_BLOCK_500K	57355	187	empirical/neoaves_chr4/data/stage4e/random_matched/T_RANDOM_MATCHED_BLOCK500_rep018.locus_ids	e14aff4445076a624d0b9bbc7a16e3e170228dc32fb362f152984e860633e723
T_RANDOM_MATCHED_BLOCK500	19	2165556282579830087	T_BLOCK_500K	57355	187	empirical/neoaves_chr4/data/stage4e/random_matched/T_RANDOM_MATCHED_BLOCK500_rep019.locus_ids	5bd0f4d61d374241542915bf825d12be2014e535c96ba17451330e0bb3c15607
T_RANDOM_MATCHED_BLOCK500	20	5070559853976408011	T_BLOCK_500K	57355	187	empirical/neoaves_chr4/data/stage4e/random_matched/T_RANDOM_MATCHED_BLOCK500_rep020.locus_ids	7b33f12372ac523c07e882aaaefafeffa669c493d84d61ebb54376dbaccd2d7c
T_RANDOM_MATCHED_BLOCK500	21	3386836621180024130	T_BLOCK_500K	57355	187	empirical/neoaves_chr4/data/stage4e/random_matched/T_RANDOM_MATCHED_BLOCK500_rep021.locus_ids	0c8ed4b72aabb4bff976d0b3c885db4c6fe23234f36bd0e28349d0f1a9bddd11
T_RANDOM_MATCHED_BLOCK500	22	17902695870186342707	T_BLOCK_500K	57355	187	empirical/neoaves_chr4/data/stage4e/random_matched/T_RANDOM_MATCHED_BLOCK500_rep022.locus_ids	f14dbbe91503f6c7c1506a1d418e154ed3bcceb8d6c3d20c02242327b92178cc
T_RANDOM_MATCHED_BLOCK500	23	133419980086891375	T_BLOCK_500K	57355	187	empirical/neoaves_chr4/data/stage4e/random_matched/T_RANDOM_MATCHED_BLOCK500_rep023.locus_ids	34298d97fdfa2442ded39f7a4b4a10bed4f3b37a3683554e5856483ce8cbb0d2
T_RANDOM_MATCHED_BLOCK500	24	12937516740355394772	T_BLOCK_500K	57355	187	empirical/neoaves_chr4/data/stage4e/random_matched/T_RANDOM_MATCHED_BLOCK500_rep024.locus_ids	c4981cb56e08ca942c71c4db9a9bc38b6f64df1bf671110668baa9583d5ebfb2
T_RANDOM_MATCHED_BLOCK500	25	620859310032988190	T_BLOCK_500K	57355	187	empirical/neoaves_chr4/data/stage4e/random_matched/T_RANDOM_MATCHED_BLOCK500_rep025.locus_ids	cdcd5db80d427136e31f80889c03bd32a84acfc5ce415a65f918c3a26b781836
T_RANDOM_MATCHED_BLOCK500	26	373695037579786498	T_BLOCK_500K	57355	187	empirical/neoaves_chr4/data/stage4e/random_matched/T_RANDOM_MATCHED_BLOCK500_rep026.locus_ids	3405fa434ececc9f0a46a848e36898e860bb45ad751bc4f249bef472fff8a1bf
T_RANDOM_MATCHED_BLOCK500	27	261404960611779104	T_BLOCK_500K	57355	187	empirical/neoaves_chr4/data/stage4e/random_matched/T_RANDOM_MATCHED_BLOCK500_rep027.locus_ids	a1920c92622e50dfb7cb1f501c91237802a1d55514b1ade910819510bf16f9b1
T_RANDOM_MATCHED_BLOCK500	28	18352099874992725728	T_BLOCK_500K	57355	187	empirical/neoaves_chr4/data/stage4e/random_matched/T_RANDOM_MATCHED_BLOCK500_rep028.locus_ids	7590a155ddc2e1ff0f32c63d39c110b8eb33f7d3a1737f1ccefa63bcce6166fe
T_RANDOM_MATCHED_BLOCK500	29	3824909463857569053	T_BLOCK_500K	57355	187	empirical/neoaves_chr4/data/stage4e/random_matched/T_RANDOM_MATCHED_BLOCK500_rep029.locus_ids	0388658b02c621f738ee0f4699712c83aa908e4c94b02973609dd819e3fc9117
T_RANDOM_MATCHED_BLOCK500	30	15716226222212326289	T_BLOCK_500K	57355	187	empirical/neoaves_chr4/data/stage4e/random_matched/T_RANDOM_MATCHED_BLOCK500_rep030.locus_ids	59558f212d5aea29ea7570bb676a53708d89d93fb0a35471ca595aebef7864d7
T_RANDOM_MATCHED_BLOCK500	31	12808542364625524506	T_BLOCK_500K	57355	187	empirical/neoaves_chr4/data/stage4e/random_matched/T_RANDOM_MATCHED_BLOCK500_rep031.locus_ids	98be31c6180897e3954a94ccb6223d9a4b2f3fc367003bdcdc7493d23cd41d8e
T_RANDOM_MATCHED_BLOCK500	32	3640060976718405641	T_BLOCK_500K	57355	187	empirical/neoaves_chr4/data/stage4e/random_matched/T_RANDOM_MATCHED_BLOCK500_rep032.locus_ids	c35cd7767655c1b03c5ad6d5057048a68cff25d9c07a08ea03397c95ce98cdfe
T_RANDOM_MATCHED_BLOCK500	33	9843262196873796596	T_BLOCK_500K	57355	187	empirical/neoaves_chr4/data/stage4e/random_matched/T_RANDOM_MATCHED_BLOCK500_rep033.locus_ids	44276d45fd122606bbf93b551740ab020e8fbc8b3c65b511cd18e8a673e04c39
T_RANDOM_MATCHED_BLOCK500	34	17409260847322344109	T_BLOCK_500K	57355	187	empirical/neoaves_chr4/data/stage4e/random_matched/T_RANDOM_MATCHED_BLOCK500_rep034.locus_ids	9e746af6ba20dc727eca33a90cabbab9e3e534a80ce1e2c5e20cbdc769ed2595
T_RANDOM_MATCHED_BLOCK500	35	5598599130976796946	T_BLOCK_500K	57355	187	empirical/neoaves_chr4/data/stage4e/random_matched/T_RANDOM_MATCHED_BLOCK500_rep035.locus_ids	2d0dcfb5f567d1fa876f0893c1947370b0f863fc11b7a361098c3bd4d568405b
T_RANDOM_MATCHED_BLOCK500	36	4119406767321093266	T_BLOCK_500K	57355	187	empirical/neoaves_chr4/data/stage4e/random_matched/T_RANDOM_MATCHED_BLOCK500_rep036.locus_ids	ad0ba156457242128aa28725c729059db24433bbda97c2f3a1960e92b1296a94
T_RANDOM_MATCHED_BLOCK500	37	3071029467226221374	T_BLOCK_500K	57355	187	empirical/neoaves_chr4/data/stage4e/random_matched/T_RANDOM_MATCHED_BLOCK500_rep037.locus_ids	63dd7730182aa69f23cc38c1f009a33f3633887e238fc9ffbfbbdad1fc9af091
T_RANDOM_MATCHED_BLOCK500	38	8029632436585042166	T_BLOCK_500K	57355	187	empirical/neoaves_chr4/data/stage4e/random_matched/T_RANDOM_MATCHED_BLOCK500_rep038.locus_ids	50a52758070b1752777bd0644f81e27ec114ee18a170b4f4dd7b5ae5e4b972d2
T_RANDOM_MATCHED_BLOCK500	39	17168968386310720052	T_BLOCK_500K	57355	187	empirical/neoaves_chr4/data/stage4e/random_matched/T_RANDOM_MATCHED_BLOCK500_rep039.locus_ids	dbb457f32f40663f94b567e50d415f3d741740dfe102bebb2803f281e8edcdb8
T_RANDOM_MATCHED_BLOCK500	40	3141596446875154547	T_BLOCK_500K	57355	187	empirical/neoaves_chr4/data/stage4e/random_matched/T_RANDOM_MATCHED_BLOCK500_rep040.locus_ids	3922d74c540d92e7100f0b8e538da0596f514f5a513be82764b6b3819a505237
T_RANDOM_MATCHED_BLOCK500	41	3730067138762223511	T_BLOCK_500K	57355	187	empirical/neoaves_chr4/data/stage4e/random_matched/T_RANDOM_MATCHED_BLOCK500_rep041.locus_ids	4e22b0d5fcf8d0b9f34c8a80766d8a5aba8289266c23dce8475767dc9c4c61fb
T_RANDOM_MATCHED_BLOCK500	42	8896898414745602096	T_BLOCK_500K	57355	187	empirical/neoaves_chr4/data/stage4e/random_matched/T_RANDOM_MATCHED_BLOCK500_rep042.locus_ids	b76647dcd2cc3e2c3af4b5d09a404bd3f7fc6045caa4225edaf190da891f265c
T_RANDOM_MATCHED_BLOCK500	43	4338101956669131628	T_BLOCK_500K	57355	187	empirical/neoaves_chr4/data/stage4e/random_matched/T_RANDOM_MATCHED_BLOCK500_rep043.locus_ids	9b4e8de4240fb83a506622a01b24b12c837d4b64d7dd2a871e7d34e0cda7cfa2
T_RANDOM_MATCHED_BLOCK500	44	5937621791939033021	T_BLOCK_500K	57355	187	empirical/neoaves_chr4/data/stage4e/random_matched/T_RANDOM_MATCHED_BLOCK500_rep044.locus_ids	6671a6c72380019b5efb3f5ec512b6346df7701305acbf8c5f0588ab02ceae8a
T_RANDOM_MATCHED_BLOCK500	45	3406572711165498240	T_BLOCK_500K	57355	187	empirical/neoaves_chr4/data/stage4e/random_matched/T_RANDOM_MATCHED_BLOCK500_rep045.locus_ids	5c4b383dd60394a9949b8c6ba43817a5f782bc93534dc86da2b6de8dd2661d34
T_RANDOM_MATCHED_BLOCK500	46	3533416278923757895	T_BLOCK_500K	57355	187	empirical/neoaves_chr4/data/stage4e/random_matched/T_RANDOM_MATCHED_BLOCK500_rep046.locus_ids	e1ea8e51f6485ba1e5fd5441240781e48304faaf5a6afdcdb810eaf2eff599d6
T_RANDOM_MATCHED_BLOCK500	47	10716484452904333140	T_BLOCK_500K	57355	187	empirical/neoaves_chr4/data/stage4e/random_matched/T_RANDOM_MATCHED_BLOCK500_rep047.locus_ids	fd6be101dce7c839c944fbd63dfedfc089cd97c02575b59a34048d2fb81869d9
T_RANDOM_MATCHED_BLOCK500	48	7845871817579439245	T_BLOCK_500K	57355	187	empirical/neoaves_chr4/data/stage4e/random_matched/T_RANDOM_MATCHED_BLOCK500_rep048.locus_ids	3c5f5efc822571ce99841e4e80e12043bd47349c1aa43f8c279f565c9a6826f4
T_RANDOM_MATCHED_BLOCK500	49	6671780452493214052	T_BLOCK_500K	57355	187	empirical/neoaves_chr4/data/stage4e/random_matched/T_RANDOM_MATCHED_BLOCK500_rep049.locus_ids	840d5526e5eccf6f57fb42f39b25dde557b556915f469fc401e8b1ac6b90f245
T_RANDOM_MATCHED_BLOCK500	50	13182041507834199149	T_BLOCK_500K	57355	187	empirical/neoaves_chr4/data/stage4e/random_matched/T_RANDOM_MATCHED_BLOCK500_rep050.locus_ids	eaf59226efd4152cf7d2995d273df860b7d547cd339e09ba7cd95c4c23e34406
T_RANDOM_MATCHED_BLOCK500	51	16084728611524958245	T_BLOCK_500K	57355	187	empirical/neoaves_chr4/data/stage4e/random_matched/T_RANDOM_MATCHED_BLOCK500_rep051.locus_ids	5e3376d145fe0d4f004cc0cc2636484f6b50b70bfaf5fd7710faf86bd5bb5b78
T_RANDOM_MATCHED_BLOCK500	52	7858944232417615948	T_BLOCK_500K	57355	187	empirical/neoaves_chr4/data/stage4e/random_matched/T_RANDOM_MATCHED_BLOCK500_rep052.locus_ids	82209643f092b91f00e148eefb61de72db67abd8ac2b91a1eca43f082a743f7f
T_RANDOM_MATCHED_BLOCK500	53	7199713484655790232	T_BLOCK_500K	57355	187	empirical/neoaves_chr4/data/stage4e/random_matched/T_RANDOM_MATCHED_BLOCK500_rep053.locus_ids	374476354712772bcf2583f46b8d904d1534d96ef47d7c8dd837a73fa5dc8318
T_RANDOM_MATCHED_BLOCK500	54	11961175055073822687	T_BLOCK_500K	57355	187	empirical/neoaves_chr4/data/stage4e/random_matched/T_RANDOM_MATCHED_BLOCK500_rep054.locus_ids	20e9ecd2b2ad77b2e7caa72611109a3d56f40845b3e761435de6fb96f8c5064e
T_RANDOM_MATCHED_BLOCK500	55	14083230261837945976	T_BLOCK_500K	57355	187	empirical/neoaves_chr4/data/stage4e/random_matched/T_RANDOM_MATCHED_BLOCK500_rep055.locus_ids	272070d26bdde57d42641a07d09ac55afb711562e007391d695ca07e0ccfb431
T_RANDOM_MATCHED_BLOCK500	56	10614155454981884878	T_BLOCK_500K	57355	187	empirical/neoaves_chr4/data/stage4e/random_matched/T_RANDOM_MATCHED_BLOCK500_rep056.locus_ids	e5842e877a00991efd1b858d0140af6f492c267d28ffc685ca994be9013b6c1e
T_RANDOM_MATCHED_BLOCK500	57	16050853206502628322	T_BLOCK_500K	57355	187	empirical/neoaves_chr4/data/stage4e/random_matched/T_RANDOM_MATCHED_BLOCK500_rep057.locus_ids	b85cdd8573dc1b6cdbaf99f6bf22186beee478bb9eddf8f296ad1cd6faf71373
T_RANDOM_MATCHED_BLOCK500	58	10193249668713154876	T_BLOCK_500K	57355	187	empirical/neoaves_chr4/data/stage4e/random_matched/T_RANDOM_MATCHED_BLOCK500_rep058.locus_ids	a8028454705a32b2a85d81f84d4813d021fb7d69d5ae881ce62c0923dc5cbe59
T_RANDOM_MATCHED_BLOCK500	59	1115560670363483626	T_BLOCK_500K	57355	187	empirical/neoaves_chr4/data/stage4e/random_matched/T_RANDOM_MATCHED_BLOCK500_rep059.locus_ids	6b7ec27dff17bbb5c14d6f6e920a43cb68425052d8d5e723bd535c42dcd86730
T_RANDOM_MATCHED_BLOCK500	60	14994081529023644535	T_BLOCK_500K	57355	187	empirical/neoaves_chr4/data/stage4e/random_matched/T_RANDOM_MATCHED_BLOCK500_rep060.locus_ids	64b66d25546986dbacabd8fc4f2ccedd3fc7a85924b2887b2fe911a073c78331
T_RANDOM_MATCHED_BLOCK500	61	13763953723413297478	T_BLOCK_500K	57355	187	empirical/neoaves_chr4/data/stage4e/random_matched/T_RANDOM_MATCHED_BLOCK500_rep061.locus_ids	089adc52ae4ae8c11c87aa842dfd0e2cd7596964e306180ad21be0cb4542e14c
T_RANDOM_MATCHED_BLOCK500	62	1881535412877771155	T_BLOCK_500K	57355	187	empirical/neoaves_chr4/data/stage4e/random_matched/T_RANDOM_MATCHED_BLOCK500_rep062.locus_ids	3b2725ecbbd1477f402228ae1f5ae84ccfdd0f7a64fb6c0cef4b0fd294005e1c
T_RANDOM_MATCHED_BLOCK500	63	7357703294954523513	T_BLOCK_500K	57355	187	empirical/neoaves_chr4/data/stage4e/random_matched/T_RANDOM_MATCHED_BLOCK500_rep063.locus_ids	417c954a2f09fda5b9cdc35de55a34ca42ea7724946f7d9f42184e5cb35fa4cd
T_RANDOM_MATCHED_BLOCK500	64	9835116332641953068	T_BLOCK_500K	57355	187	empirical/neoaves_chr4/data/stage4e/random_matched/T_RANDOM_MATCHED_BLOCK500_rep064.locus_ids	ad16678122c9680a05ba73e9647f96a980c758dc161099993cbacce198a6e9f0
T_RANDOM_MATCHED_BLOCK500	65	14757036987957481323	T_BLOCK_500K	57355	187	empirical/neoaves_chr4/data/stage4e/random_matched/T_RANDOM_MATCHED_BLOCK500_rep065.locus_ids	c76426dbab0a13f67ee66499d8f71ff7cc3209d7f7a77199c3fb7bd12248e391
T_RANDOM_MATCHED_BLOCK500	66	7971706720311842720	T_BLOCK_500K	57355	187	empirical/neoaves_chr4/data/stage4e/random_matched/T_RANDOM_MATCHED_BLOCK500_rep066.locus_ids	c8939481d86d1f1122c6cb0ff8603f95d0f24310eb2e9b5a828b3f81382c7bab
T_RANDOM_MATCHED_BLOCK500	67	5099736056094634961	T_BLOCK_500K	57355	187	empirical/neoaves_chr4/data/stage4e/random_matched/T_RANDOM_MATCHED_BLOCK500_rep067.locus_ids	0c0a3bb0047667a0a49ee1b1310e856dcd8cea72e2f094aa96538abe71878926
T_RANDOM_MATCHED_BLOCK500	68	7018827222636494215	T_BLOCK_500K	57355	187	empirical/neoaves_chr4/data/stage4e/random_matched/T_RANDOM_MATCHED_BLOCK500_rep068.locus_ids	bcabbaac80a98cfc02f52bade39b0135190d43c77da60b966bfb1c8f59b2edd7
T_RANDOM_MATCHED_BLOCK500	69	7050522971649687479	T_BLOCK_500K	57355	187	empirical/neoaves_chr4/data/stage4e/random_matched/T_RANDOM_MATCHED_BLOCK500_rep069.locus_ids	e1a8031e96f8ca20de8e3f0d000636ab760461d42667c982cd6d0874d4641e40
T_RANDOM_MATCHED_BLOCK500	70	17734723363552284527	T_BLOCK_500K	57355	187	empirical/neoaves_chr4/data/stage4e/random_matched/T_RANDOM_MATCHED_BLOCK500_rep070.locus_ids	7efd576ea9482e43b4eb5494209e2c8eef83ff85a80e98845cbfeb64528b33a8
T_RANDOM_MATCHED_BLOCK500	71	6246702456359818090	T_BLOCK_500K	57355	187	empirical/neoaves_chr4/data/stage4e/random_matched/T_RANDOM_MATCHED_BLOCK500_rep071.locus_ids	8bd99748c201ebd8e052cde29ea8d3be49d49e672bd0debcbf225c4fb271ac69
T_RANDOM_MATCHED_BLOCK500	72	15254594343787757851	T_BLOCK_500K	57355	187	empirical/neoaves_chr4/data/stage4e/random_matched/T_RANDOM_MATCHED_BLOCK500_rep072.locus_ids	dd2d2a296cb5c3f39293fa55e74c3cdbbd0bc84cd86e566a58e86b0c74d06515
T_RANDOM_MATCHED_BLOCK500	73	1646130715166480950	T_BLOCK_500K	57355	187	empirical/neoaves_chr4/data/stage4e/random_matched/T_RANDOM_MATCHED_BLOCK500_rep073.locus_ids	dfba8a1d8cb8ef76f5b6dd7122dc209430fce12535671fd71b59e3521520de91
T_RANDOM_MATCHED_BLOCK500	74	6827235685640207559	T_BLOCK_500K	57355	187	empirical/neoaves_chr4/data/stage4e/random_matched/T_RANDOM_MATCHED_BLOCK500_rep074.locus_ids	b584e442935d8b004cda454db6e25ba38d301964cb20a1f7540d0ad55223f44b
T_RANDOM_MATCHED_BLOCK500	75	6304178075696126935	T_BLOCK_500K	57355	187	empirical/neoaves_chr4/data/stage4e/random_matched/T_RANDOM_MATCHED_BLOCK500_rep075.locus_ids	66b00c925b18744a156051a954984a2705bab183bf070900a4a430ba8f557210
T_RANDOM_MATCHED_BLOCK500	76	2606729745540746426	T_BLOCK_500K	57355	187	empirical/neoaves_chr4/data/stage4e/random_matched/T_RANDOM_MATCHED_BLOCK500_rep076.locus_ids	e5acb282ab2a34951c0c1b6e17ff3bfd6e89e043e3aabd0825ef4ffbbbf34f4f
T_RANDOM_MATCHED_BLOCK500	77	8261052278088234750	T_BLOCK_500K	57355	187	empirical/neoaves_chr4/data/stage4e/random_matched/T_RANDOM_MATCHED_BLOCK500_rep077.locus_ids	ec03785dde874f206cf093474e266ce0313be24de63f63a331009707304d7318
T_RANDOM_MATCHED_BLOCK500	78	12807944725081178688	T_BLOCK_500K	57355	187	empirical/neoaves_chr4/data/stage4e/random_matched/T_RANDOM_MATCHED_BLOCK500_rep078.locus_ids	c5ca894ec801fb6ecd7005a78f3f41f19b96756a3da49c5f7aff914d7c13a2cb
T_RANDOM_MATCHED_BLOCK500	79	3289918321037298114	T_BLOCK_500K	57355	187	empirical/neoaves_chr4/data/stage4e/random_matched/T_RANDOM_MATCHED_BLOCK500_rep079.locus_ids	5a6fa148eb7a7c593cc3f0c2007594507962a8269ef27e0d861148482d8e74d6
T_RANDOM_MATCHED_BLOCK500	80	4159089820880107782	T_BLOCK_500K	57355	187	empirical/neoaves_chr4/data/stage4e/random_matched/T_RANDOM_MATCHED_BLOCK500_rep080.locus_ids	3ed2d4f98d17b152a93cbbf012e40a232c59a65b304f8a6cbc1a7dcdd4f0c60d
T_RANDOM_MATCHED_BLOCK500	81	15542156269351990912	T_BLOCK_500K	57355	187	empirical/neoaves_chr4/data/stage4e/random_matched/T_RANDOM_MATCHED_BLOCK500_rep081.locus_ids	70c64993db4a76e780ab58703af8f28bff1d81df0084c954bff7ef1fa95246b2
T_RANDOM_MATCHED_BLOCK500	82	2041998089068191329	T_BLOCK_500K	57355	187	empirical/neoaves_chr4/data/stage4e/random_matched/T_RANDOM_MATCHED_BLOCK500_rep082.locus_ids	edbd09a2e740ec605e66ce660ddb0b2bbc253954343e9892da14e3350d137e70
T_RANDOM_MATCHED_BLOCK500	83	5907241032994818141	T_BLOCK_500K	57355	187	empirical/neoaves_chr4/data/stage4e/random_matched/T_RANDOM_MATCHED_BLOCK500_rep083.locus_ids	ab9d5e79a6913295dca1e3fd60335d1a4ad14bbf1ab8cd2e8f7c3706b6d9416b
T_RANDOM_MATCHED_BLOCK500	84	10671845928861174121	T_BLOCK_500K	57355	187	empirical/neoaves_chr4/data/stage4e/random_matched/T_RANDOM_MATCHED_BLOCK500_rep084.locus_ids	902e0cd4d29d48d22e37a7df1b0094f598649ea86ce6dd9e8706533c82be3d5f
T_RANDOM_MATCHED_BLOCK500	85	13311588827447203171	T_BLOCK_500K	57355	187	empirical/neoaves_chr4/data/stage4e/random_matched/T_RANDOM_MATCHED_BLOCK500_rep085.locus_ids	3a3952c60831c22dffa875c4d38ae6233ef1d52cdfd6131371885f06d77b2fde
T_RANDOM_MATCHED_BLOCK500	86	189315043795227927	T_BLOCK_500K	57355	187	empirical/neoaves_chr4/data/stage4e/random_matched/T_RANDOM_MATCHED_BLOCK500_rep086.locus_ids	6ecb4115a079b09d196ba179bf4e1f2c3bda573a8aa0e9e52b8da8dac93e9673
T_RANDOM_MATCHED_BLOCK500	87	16824769941536316723	T_BLOCK_500K	57355	187	empirical/neoaves_chr4/data/stage4e/random_matched/T_RANDOM_MATCHED_BLOCK500_rep087.locus_ids	c6b48612a66c5af395aee69a3232c1583ca306bc02a2b154ab9696307f68346c
T_RANDOM_MATCHED_BLOCK500	88	14064501703783836129	T_BLOCK_500K	57355	187	empirical/neoaves_chr4/data/stage4e/random_matched/T_RANDOM_MATCHED_BLOCK500_rep088.locus_ids	4e80e9b605190fe5627013620723b431b9de61bbd898bcc1ab134c1ac50278ab
T_RANDOM_MATCHED_BLOCK500	89	17971053020166615005	T_BLOCK_500K	57355	187	empirical/neoaves_chr4/data/stage4e/random_matched/T_RANDOM_MATCHED_BLOCK500_rep089.locus_ids	88283e891cb4ab7b9b043c7e5477438c21fb3dd21e5e1b78a9f270c82da478cf
T_RANDOM_MATCHED_BLOCK500	90	6747810281403741631	T_BLOCK_500K	57355	187	empirical/neoaves_chr4/data/stage4e/random_matched/T_RANDOM_MATCHED_BLOCK500_rep090.locus_ids	18d9010eda19ec44d554b319d226a00be935679f9c5ef87f13e4b2aa27b900dd
T_RANDOM_MATCHED_BLOCK500	91	15534736142268308436	T_BLOCK_500K	57355	187	empirical/neoaves_chr4/data/stage4e/random_matched/T_RANDOM_MATCHED_BLOCK500_rep091.locus_ids	3c4e1629274a8fc21063098770b45c69b798b5f8b0f28ec7d915814b3ad8235f
T_RANDOM_MATCHED_BLOCK500	92	8414802421917142736	T_BLOCK_500K	57355	187	empirical/neoaves_chr4/data/stage4e/random_matched/T_RANDOM_MATCHED_BLOCK500_rep092.locus_ids	5cdb4b463911418239200d4d39c54e7486e8b8c9ac4a2c4fba18f2b534e6767a
T_RANDOM_MATCHED_BLOCK500	93	18020659760963256115	T_BLOCK_500K	57355	187	empirical/neoaves_chr4/data/stage4e/random_matched/T_RANDOM_MATCHED_BLOCK500_rep093.locus_ids	01ab583c10f54b4ee6f6b6061718a4ed0f87530d8dafe66693956115ef991ba2
T_RANDOM_MATCHED_BLOCK500	94	8156834233260706555	T_BLOCK_500K	57355	187	empirical/neoaves_chr4/data/stage4e/random_matched/T_RANDOM_MATCHED_BLOCK500_rep094.locus_ids	d7b1db88b997cd30af340d0d23099181a29294f31494f6b9a519cfd614ecd537
T_RANDOM_MATCHED_BLOCK500	95	8675087387404211083	T_BLOCK_500K	57355	187	empirical/neoaves_chr4/data/stage4e/random_matched/T_RANDOM_MATCHED_BLOCK500_rep095.locus_ids	83156ea03d44e04f895db33325cdc13a40012ae1ffccf145e347303d4f09990d
T_RANDOM_MATCHED_BLOCK500	96	8246526792913213578	T_BLOCK_500K	57355	187	empirical/neoaves_chr4/data/stage4e/random_matched/T_RANDOM_MATCHED_BLOCK500_rep096.locus_ids	d7402b1e632b0145e7ce2762559bef4ca93f25d3c5804a7aabc71be3e9817d43
T_RANDOM_MATCHED_BLOCK500	97	12812804627085823857	T_BLOCK_500K	57355	187	empirical/neoaves_chr4/data/stage4e/random_matched/T_RANDOM_MATCHED_BLOCK500_rep097.locus_ids	4cb3251b29c461bc3a4d07951012293a5839bc6f173c58730ae6cbd7c1bb88fa
T_RANDOM_MATCHED_BLOCK500	98	4222182113045247128	T_BLOCK_500K	57355	187	empirical/neoaves_chr4/data/stage4e/random_matched/T_RANDOM_MATCHED_BLOCK500_rep098.locus_ids	d5445ecabeba8b67875a13c764d8b7405e6b5f4b12b732e6da9cbe1bdc73784f
T_RANDOM_MATCHED_BLOCK500	99	7964117616490548520	T_BLOCK_500K	57355	187	empirical/neoaves_chr4/data/stage4e/random_matched/T_RANDOM_MATCHED_BLOCK500_rep099.locus_ids	bcee29140df98d34ce5245250316081f41c8cff3c971e150a9d8a6d2670f5ebf
T_RANDOM_MATCHED_BLOCK500	100	3828289158647375449	T_BLOCK_500K	57355	187	empirical/neoaves_chr4/data/stage4e/random_matched/T_RANDOM_MATCHED_BLOCK500_rep100.locus_ids	fb463d4f84058ca9b2422e9cf5828a3856d2c5c1068dc18923bf20bc42da08ec
T_RANDOM_MATCHED_BLOCK1M	1	806226966484926742	T_BLOCK_1MB	57265	97	empirical/neoaves_chr4/data/stage4e/random_matched/T_RANDOM_MATCHED_BLOCK1M_rep001.locus_ids	439ae2741edc2ccd62a2f54511d0930ecc66bb4a97d95124b1c15f9206d18b3b
T_RANDOM_MATCHED_BLOCK1M	2	4415341202365223111	T_BLOCK_1MB	57265	97	empirical/neoaves_chr4/data/stage4e/random_matched/T_RANDOM_MATCHED_BLOCK1M_rep002.locus_ids	7fcef4bff201c49f75d5ef8dfa93a4aa733786cb1bb1017ebba9f3926999b0e3
T_RANDOM_MATCHED_BLOCK1M	3	4750040384941077692	T_BLOCK_1MB	57265	97	empirical/neoaves_chr4/data/stage4e/random_matched/T_RANDOM_MATCHED_BLOCK1M_rep003.locus_ids	67fddbcbeed5c14f6db5d94d9b047bb87a1fabc7923bb9c390cfd16976119555
T_RANDOM_MATCHED_BLOCK1M	4	1960876962988039228	T_BLOCK_1MB	57265	97	empirical/neoaves_chr4/data/stage4e/random_matched/T_RANDOM_MATCHED_BLOCK1M_rep004.locus_ids	60fb9adcd417dac007777d79cf09ceab9fb2b288d14866770203228e6523d594
T_RANDOM_MATCHED_BLOCK1M	5	12738370333299371988	T_BLOCK_1MB	57265	97	empirical/neoaves_chr4/data/stage4e/random_matched/T_RANDOM_MATCHED_BLOCK1M_rep005.locus_ids	2da607deef23a41a2c81163977def0649d11365ce6e88bd5f6a12988ee832333
T_RANDOM_MATCHED_BLOCK1M	6	17189512578050967996	T_BLOCK_1MB	57265	97	empirical/neoaves_chr4/data/stage4e/random_matched/T_RANDOM_MATCHED_BLOCK1M_rep006.locus_ids	1f2d6915beb421fc2c4773c5b2e0545e2660076aaf2e6880c000947f5b00bcba
T_RANDOM_MATCHED_BLOCK1M	7	14239419650323847387	T_BLOCK_1MB	57265	97	empirical/neoaves_chr4/data/stage4e/random_matched/T_RANDOM_MATCHED_BLOCK1M_rep007.locus_ids	626bf68580d594e4dd0d21d55be77ccdcd46ee1a291f8e03bb1a13917e0f6ba4
T_RANDOM_MATCHED_BLOCK1M	8	17428672170826270949	T_BLOCK_1MB	57265	97	empirical/neoaves_chr4/data/stage4e/random_matched/T_RANDOM_MATCHED_BLOCK1M_rep008.locus_ids	2a1a3b4513579a803d58812201bd321b37f7ebb6a45060ba80f7d25f22cfd81d
T_RANDOM_MATCHED_BLOCK1M	9	1205877899948105024	T_BLOCK_1MB	57265	97	empirical/neoaves_chr4/data/stage4e/random_matched/T_RANDOM_MATCHED_BLOCK1M_rep009.locus_ids	6d84a4c36533f1a73085f9d14b56fad677204b8e9c70660117d66478849af89e
T_RANDOM_MATCHED_BLOCK1M	10	15761668140117523008	T_BLOCK_1MB	57265	97	empirical/neoaves_chr4/data/stage4e/random_matched/T_RANDOM_MATCHED_BLOCK1M_rep010.locus_ids	a02c56953e1074808b13e8f8f5c9a913029fe57569c8e61275478194801d2402
T_RANDOM_MATCHED_BLOCK1M	11	15832938138955608789	T_BLOCK_1MB	57265	97	empirical/neoaves_chr4/data/stage4e/random_matched/T_RANDOM_MATCHED_BLOCK1M_rep011.locus_ids	9a542807840391e52f64b598cd8638ea6058262b07fb83b2af1f611952eff004
T_RANDOM_MATCHED_BLOCK1M	12	14822157496723720589	T_BLOCK_1MB	57265	97	empirical/neoaves_chr4/data/stage4e/random_matched/T_RANDOM_MATCHED_BLOCK1M_rep012.locus_ids	b43734926cfdd9fd0e59ea4ed8eb5e2f5e9af60784e79a7e5528011e7b4edf97
T_RANDOM_MATCHED_BLOCK1M	13	3196798710459188285	T_BLOCK_1MB	57265	97	empirical/neoaves_chr4/data/stage4e/random_matched/T_RANDOM_MATCHED_BLOCK1M_rep013.locus_ids	d0a419489e9f02c8f3df8ce2823a9e74f052a41bff72a4cc6a62a6bac7f25846
T_RANDOM_MATCHED_BLOCK1M	14	2058052032508641902	T_BLOCK_1MB	57265	97	empirical/neoaves_chr4/data/stage4e/random_matched/T_RANDOM_MATCHED_BLOCK1M_rep014.locus_ids	dc2899258dd6847c3345045874e1889ffa422fd249a96b3b6f1539634306f878
T_RANDOM_MATCHED_BLOCK1M	15	10637361883740077341	T_BLOCK_1MB	57265	97	empirical/neoaves_chr4/data/stage4e/random_matched/T_RANDOM_MATCHED_BLOCK1M_rep015.locus_ids	af20773ec415cc2c9ae2e0e29bfe6c16242126ae18b5fe4cf953882f7ea80649
T_RANDOM_MATCHED_BLOCK1M	16	12718404502740986144	T_BLOCK_1MB	57265	97	empirical/neoaves_chr4/data/stage4e/random_matched/T_RANDOM_MATCHED_BLOCK1M_rep016.locus_ids	90ad6199312a13c4c2121db217ac412cc9360e0ec8908cb963a6a7994175626e
T_RANDOM_MATCHED_BLOCK1M	17	11220655439305441469	T_BLOCK_1MB	57265	97	empirical/neoaves_chr4/data/stage4e/random_matched/T_RANDOM_MATCHED_BLOCK1M_rep017.locus_ids	005fa3c803f3257c0fa2fec6c928bb6fcda1455af82c941adabfdc1d6c37b26c
T_RANDOM_MATCHED_BLOCK1M	18	14940702052088768163	T_BLOCK_1MB	57265	97	empirical/neoaves_chr4/data/stage4e/random_matched/T_RANDOM_MATCHED_BLOCK1M_rep018.locus_ids	8eff4fa90c0406dbf0345de283fac2516edb008839675b07e4e0bf8d8cbc711b
T_RANDOM_MATCHED_BLOCK1M	19	8115293860804136951	T_BLOCK_1MB	57265	97	empirical/neoaves_chr4/data/stage4e/random_matched/T_RANDOM_MATCHED_BLOCK1M_rep019.locus_ids	7e95b0b16a98e8a9e50f843493f483ec893a3904b044bd3b40d184369f1f5f71
T_RANDOM_MATCHED_BLOCK1M	20	13331950643854531257	T_BLOCK_1MB	57265	97	empirical/neoaves_chr4/data/stage4e/random_matched/T_RANDOM_MATCHED_BLOCK1M_rep020.locus_ids	2919eed7cb1d8c0ec36be92dfed264a5fc37d0c7c805caacb8e19ebcbfeb17af
T_RANDOM_MATCHED_BLOCK1M	21	836932760623641839	T_BLOCK_1MB	57265	97	empirical/neoaves_chr4/data/stage4e/random_matched/T_RANDOM_MATCHED_BLOCK1M_rep021.locus_ids	eac8b5e63008d0c505d969b53a802859d109589efece8c6a7c89e3f200c95496
T_RANDOM_MATCHED_BLOCK1M	22	195666861347772146	T_BLOCK_1MB	57265	97	empirical/neoaves_chr4/data/stage4e/random_matched/T_RANDOM_MATCHED_BLOCK1M_rep022.locus_ids	61981c12e91fd28e0e7c6883f54a11888a34306de4e388a9fd5824a9be35a178
T_RANDOM_MATCHED_BLOCK1M	23	12617759389996484406	T_BLOCK_1MB	57265	97	empirical/neoaves_chr4/data/stage4e/random_matched/T_RANDOM_MATCHED_BLOCK1M_rep023.locus_ids	7210a351d27556ce7c6b9199703fb1e6670cc780b57448ae36e3639d6d85eb1b
T_RANDOM_MATCHED_BLOCK1M	24	3925406400874366537	T_BLOCK_1MB	57265	97	empirical/neoaves_chr4/data/stage4e/random_matched/T_RANDOM_MATCHED_BLOCK1M_rep024.locus_ids	b9463cddc4bace760e8211993bab9d71b5562da26eca0ff53a982d019d2c6b37
T_RANDOM_MATCHED_BLOCK1M	25	11058413624761988808	T_BLOCK_1MB	57265	97	empirical/neoaves_chr4/data/stage4e/random_matched/T_RANDOM_MATCHED_BLOCK1M_rep025.locus_ids	a9081479239a9c2b563c2d55a823069fd4c89002ea30fe32cde0d26bc2693881
T_RANDOM_MATCHED_BLOCK1M	26	11221983608043222922	T_BLOCK_1MB	57265	97	empirical/neoaves_chr4/data/stage4e/random_matched/T_RANDOM_MATCHED_BLOCK1M_rep026.locus_ids	ef7fce0c19b1a1a6803a4a438fdbb5a7dc8975b4731b7aab36f94133a324df17
T_RANDOM_MATCHED_BLOCK1M	27	339118033413456763	T_BLOCK_1MB	57265	97	empirical/neoaves_chr4/data/stage4e/random_matched/T_RANDOM_MATCHED_BLOCK1M_rep027.locus_ids	14280792b584c3d0f3e3190e00804c25dab01873bf560faba1d2910b41bbbbe4
T_RANDOM_MATCHED_BLOCK1M	28	262075579023998168	T_BLOCK_1MB	57265	97	empirical/neoaves_chr4/data/stage4e/random_matched/T_RANDOM_MATCHED_BLOCK1M_rep028.locus_ids	5ff72d704442453edfcd40d6b800dfb80bc7c28ea799e705adeeca3c0743df18
T_RANDOM_MATCHED_BLOCK1M	29	16575452398667743717	T_BLOCK_1MB	57265	97	empirical/neoaves_chr4/data/stage4e/random_matched/T_RANDOM_MATCHED_BLOCK1M_rep029.locus_ids	4732078c5977c6eb53ae7404ae4f4238824dee0d55085947eb0b78ebe1117980
T_RANDOM_MATCHED_BLOCK1M	30	7680366543359572808	T_BLOCK_1MB	57265	97	empirical/neoaves_chr4/data/stage4e/random_matched/T_RANDOM_MATCHED_BLOCK1M_rep030.locus_ids	7b0c57008218edcca239af82da144a88bf219e2e62396396b7d7a7502113af8e
T_RANDOM_MATCHED_BLOCK1M	31	7089848647759641369	T_BLOCK_1MB	57265	97	empirical/neoaves_chr4/data/stage4e/random_matched/T_RANDOM_MATCHED_BLOCK1M_rep031.locus_ids	7e8154d9f177ebf3f745ae4ccf1b115220dc0581671e992ae02f2c2e2126c910
T_RANDOM_MATCHED_BLOCK1M	32	3984739941635030579	T_BLOCK_1MB	57265	97	empirical/neoaves_chr4/data/stage4e/random_matched/T_RANDOM_MATCHED_BLOCK1M_rep032.locus_ids	55e7c9923f43c156f03ebcd59404620379f81728d2f35b805b19aee95edaa0d2
T_RANDOM_MATCHED_BLOCK1M	33	12877355728612709060	T_BLOCK_1MB	57265	97	empirical/neoaves_chr4/data/stage4e/random_matched/T_RANDOM_MATCHED_BLOCK1M_rep033.locus_ids	1d97a0697333358b9601f4ee2abb0d1240f654fc196a5ad5531164b02fe15702
T_RANDOM_MATCHED_BLOCK1M	34	2031084759552104565	T_BLOCK_1MB	57265	97	empirical/neoaves_chr4/data/stage4e/random_matched/T_RANDOM_MATCHED_BLOCK1M_rep034.locus_ids	6143a72dfda7a1a0455e873e30fec6ea3e284e234f214734b3e35db98821e22c
T_RANDOM_MATCHED_BLOCK1M	35	5412241197599173471	T_BLOCK_1MB	57265	97	empirical/neoaves_chr4/data/stage4e/random_matched/T_RANDOM_MATCHED_BLOCK1M_rep035.locus_ids	0584891387d543d23f41b007d158582f742823377c5d1a9baf824ccd9d2c086a
T_RANDOM_MATCHED_BLOCK1M	36	15276401152173601957	T_BLOCK_1MB	57265	97	empirical/neoaves_chr4/data/stage4e/random_matched/T_RANDOM_MATCHED_BLOCK1M_rep036.locus_ids	a2ad180c6db3377e3d57f1098ae0ffa1c14ca406a15e1767b6bec091593aac92
T_RANDOM_MATCHED_BLOCK1M	37	7813543957433893773	T_BLOCK_1MB	57265	97	empirical/neoaves_chr4/data/stage4e/random_matched/T_RANDOM_MATCHED_BLOCK1M_rep037.locus_ids	640583b0694e75240967135476030acd267bbce610fd95b467720a6f29d754f5
T_RANDOM_MATCHED_BLOCK1M	38	13270105249330814214	T_BLOCK_1MB	57265	97	empirical/neoaves_chr4/data/stage4e/random_matched/T_RANDOM_MATCHED_BLOCK1M_rep038.locus_ids	d9a375f8fcdaf9f8c4432ec20c4ffc786e99ff6fc9e10926df2d6967fc451200
T_RANDOM_MATCHED_BLOCK1M	39	15682803373180883711	T_BLOCK_1MB	57265	97	empirical/neoaves_chr4/data/stage4e/random_matched/T_RANDOM_MATCHED_BLOCK1M_rep039.locus_ids	afe7b48fe90c447d645d1adcf757085016291e7c333d55059e36eac86ee7dc72
T_RANDOM_MATCHED_BLOCK1M	40	12541574594544195583	T_BLOCK_1MB	57265	97	empirical/neoaves_chr4/data/stage4e/random_matched/T_RANDOM_MATCHED_BLOCK1M_rep040.locus_ids	0b9121687e6a80b31753bf421d085ecc9ff29e8cad2e9d21ffe9af4907ea9acb
T_RANDOM_MATCHED_BLOCK1M	41	16519382927622777248	T_BLOCK_1MB	57265	97	empirical/neoaves_chr4/data/stage4e/random_matched/T_RANDOM_MATCHED_BLOCK1M_rep041.locus_ids	e96978f64f6f937ab6bf0fac4ecc11959a1d4a6d623d4118fed9df1e7c29d4e6
T_RANDOM_MATCHED_BLOCK1M	42	4470013907216107566	T_BLOCK_1MB	57265	97	empirical/neoaves_chr4/data/stage4e/random_matched/T_RANDOM_MATCHED_BLOCK1M_rep042.locus_ids	c63636e0d43bc0bb55c5481488236d7382321827d6ee59c1938a5633f6ba527b
T_RANDOM_MATCHED_BLOCK1M	43	11693496881613059733	T_BLOCK_1MB	57265	97	empirical/neoaves_chr4/data/stage4e/random_matched/T_RANDOM_MATCHED_BLOCK1M_rep043.locus_ids	248701a37af07cbebc9b775266c04b84c7738af5011e03256e03b5eea0d2f043
T_RANDOM_MATCHED_BLOCK1M	44	10659699658187485222	T_BLOCK_1MB	57265	97	empirical/neoaves_chr4/data/stage4e/random_matched/T_RANDOM_MATCHED_BLOCK1M_rep044.locus_ids	91194b878f0158b65690c2538b3552c2517b6c44689f2d5c9d87533613cd6c53
T_RANDOM_MATCHED_BLOCK1M	45	3316624427657887332	T_BLOCK_1MB	57265	97	empirical/neoaves_chr4/data/stage4e/random_matched/T_RANDOM_MATCHED_BLOCK1M_rep045.locus_ids	6d436b584b66f7f33615977cc7f3e99a33a2cad9dd6cae2cd30d222f6f9321cc
T_RANDOM_MATCHED_BLOCK1M	46	14231938300000623563	T_BLOCK_1MB	57265	97	empirical/neoaves_chr4/data/stage4e/random_matched/T_RANDOM_MATCHED_BLOCK1M_rep046.locus_ids	65bb4f3801fc843b2c15b8216d5a5fe3f46faeb1c6a6015a36a1f8107acc075a
T_RANDOM_MATCHED_BLOCK1M	47	1383790262542459658	T_BLOCK_1MB	57265	97	empirical/neoaves_chr4/data/stage4e/random_matched/T_RANDOM_MATCHED_BLOCK1M_rep047.locus_ids	16cd4e0128652dd71106df053b9f2eea94fd23405e5cb81d104fa477961cc0ee
T_RANDOM_MATCHED_BLOCK1M	48	3089254862043760640	T_BLOCK_1MB	57265	97	empirical/neoaves_chr4/data/stage4e/random_matched/T_RANDOM_MATCHED_BLOCK1M_rep048.locus_ids	19323074a887e8b01a31452b7116a4a921f176b0221563945abceaaaa961d52d
T_RANDOM_MATCHED_BLOCK1M	49	15208127236898830121	T_BLOCK_1MB	57265	97	empirical/neoaves_chr4/data/stage4e/random_matched/T_RANDOM_MATCHED_BLOCK1M_rep049.locus_ids	911f7bc835047583b5e60ed30a2933b726fafb076711e4bbaf460bf80fb9b086
T_RANDOM_MATCHED_BLOCK1M	50	5012397750852126755	T_BLOCK_1MB	57265	97	empirical/neoaves_chr4/data/stage4e/random_matched/T_RANDOM_MATCHED_BLOCK1M_rep050.locus_ids	b543975a6814bd000c67d62ea221152c5bf2533ba28f2b536e79d859fed0614b
T_RANDOM_MATCHED_BLOCK1M	51	12902730955062606974	T_BLOCK_1MB	57265	97	empirical/neoaves_chr4/data/stage4e/random_matched/T_RANDOM_MATCHED_BLOCK1M_rep051.locus_ids	3e8285acdf2920b83fea3ce10bedc8f8fc6c1117eeb08727e9063ebf628a6597
T_RANDOM_MATCHED_BLOCK1M	52	10711509693275606658	T_BLOCK_1MB	57265	97	empirical/neoaves_chr4/data/stage4e/random_matched/T_RANDOM_MATCHED_BLOCK1M_rep052.locus_ids	22cf944e45f0aa484f7bc35f302f7491da4a74ddb68e5775ceffea5d1b11af1b
T_RANDOM_MATCHED_BLOCK1M	53	10848671052708877211	T_BLOCK_1MB	57265	97	empirical/neoaves_chr4/data/stage4e/random_matched/T_RANDOM_MATCHED_BLOCK1M_rep053.locus_ids	6f3add5a5f8a1b7317fb0a929bc539fdf35eeca23ed35cc044a3d528a7053466
T_RANDOM_MATCHED_BLOCK1M	54	6210191501589253089	T_BLOCK_1MB	57265	97	empirical/neoaves_chr4/data/stage4e/random_matched/T_RANDOM_MATCHED_BLOCK1M_rep054.locus_ids	427d6a8d23d6cc12a8f074f05b83d599130aade20ac44a9a9404db0e6ed93283
T_RANDOM_MATCHED_BLOCK1M	55	9367844705600717316	T_BLOCK_1MB	57265	97	empirical/neoaves_chr4/data/stage4e/random_matched/T_RANDOM_MATCHED_BLOCK1M_rep055.locus_ids	2043c1f21936773ff75c2bcde26acbfcf64650c095657e1e8c15354239d5f274
T_RANDOM_MATCHED_BLOCK1M	56	3176027059955094835	T_BLOCK_1MB	57265	97	empirical/neoaves_chr4/data/stage4e/random_matched/T_RANDOM_MATCHED_BLOCK1M_rep056.locus_ids	5bfbd95740c54dfb81a4233164131d5c6d8f707286e63a0eec484242f33654ec
T_RANDOM_MATCHED_BLOCK1M	57	8496752543185797257	T_BLOCK_1MB	57265	97	empirical/neoaves_chr4/data/stage4e/random_matched/T_RANDOM_MATCHED_BLOCK1M_rep057.locus_ids	bd7c17d0ba9ccb5354f3660ed427fdf95533d08a63281b5a6262b2edc0ca2de8
T_RANDOM_MATCHED_BLOCK1M	58	3239726845620753471	T_BLOCK_1MB	57265	97	empirical/neoaves_chr4/data/stage4e/random_matched/T_RANDOM_MATCHED_BLOCK1M_rep058.locus_ids	5309de4767b784f76296ec1db07f928c6e358a5a777f273781118dd7aa83c9ed
T_RANDOM_MATCHED_BLOCK1M	59	14237531073046408318	T_BLOCK_1MB	57265	97	empirical/neoaves_chr4/data/stage4e/random_matched/T_RANDOM_MATCHED_BLOCK1M_rep059.locus_ids	4c559621cc021b947c3b22d21f8646bce49b54a0589ccad650587219e89d23ae
T_RANDOM_MATCHED_BLOCK1M	60	16284724706892019930	T_BLOCK_1MB	57265	97	empirical/neoaves_chr4/data/stage4e/random_matched/T_RANDOM_MATCHED_BLOCK1M_rep060.locus_ids	c5805425e0956fb641dc4b7696b760b9d0d0255b973c681db5994c4c0668d4b2
T_RANDOM_MATCHED_BLOCK1M	61	15404709185560231474	T_BLOCK_1MB	57265	97	empirical/neoaves_chr4/data/stage4e/random_matched/T_RANDOM_MATCHED_BLOCK1M_rep061.locus_ids	cd6b6b7ff53e307094b41cb26dbda78ac0152fa37b7faea2103c22c95e89467c
T_RANDOM_MATCHED_BLOCK1M	62	8073900946543587682	T_BLOCK_1MB	57265	97	empirical/neoaves_chr4/data/stage4e/random_matched/T_RANDOM_MATCHED_BLOCK1M_rep062.locus_ids	d44adb1173413fae80a60737ca19e9596d541c88d8ce89eba6066c417a0755fa
T_RANDOM_MATCHED_BLOCK1M	63	476173952142322211	T_BLOCK_1MB	57265	97	empirical/neoaves_chr4/data/stage4e/random_matched/T_RANDOM_MATCHED_BLOCK1M_rep063.locus_ids	77bd2844501dbcadba9da5f1bf43a0ca56197ec9ce3534790448c8fba3637652
T_RANDOM_MATCHED_BLOCK1M	64	384458304479904749	T_BLOCK_1MB	57265	97	empirical/neoaves_chr4/data/stage4e/random_matched/T_RANDOM_MATCHED_BLOCK1M_rep064.locus_ids	1a4cc652dd3b210db6ec232fd66e6e4ee88761d3355908a55e1a4cac964c5258
T_RANDOM_MATCHED_BLOCK1M	65	1369482586814137557	T_BLOCK_1MB	57265	97	empirical/neoaves_chr4/data/stage4e/random_matched/T_RANDOM_MATCHED_BLOCK1M_rep065.locus_ids	605b32ac84dc153df1e54d36da153958ab74725ca5964e19e8fe0b1d76ce8177
T_RANDOM_MATCHED_BLOCK1M	66	10635748590623186891	T_BLOCK_1MB	57265	97	empirical/neoaves_chr4/data/stage4e/random_matched/T_RANDOM_MATCHED_BLOCK1M_rep066.locus_ids	c0e8c6c073f45487f6ba4514762efc541d7f61d90be5f9ca236e23eacef2a1d6
T_RANDOM_MATCHED_BLOCK1M	67	15593906102333292172	T_BLOCK_1MB	57265	97	empirical/neoaves_chr4/data/stage4e/random_matched/T_RANDOM_MATCHED_BLOCK1M_rep067.locus_ids	387d5b8bb78fe1dddf5a036753cb8adf5080256d381cf584c1b95a9409b51990
T_RANDOM_MATCHED_BLOCK1M	68	14704594976198718393	T_BLOCK_1MB	57265	97	empirical/neoaves_chr4/data/stage4e/random_matched/T_RANDOM_MATCHED_BLOCK1M_rep068.locus_ids	5ce5f58f50e7d52d0ffa8868c49926395b7dfb42cca591d897d480b3e83ac73b
T_RANDOM_MATCHED_BLOCK1M	69	17118598768347991158	T_BLOCK_1MB	57265	97	empirical/neoaves_chr4/data/stage4e/random_matched/T_RANDOM_MATCHED_BLOCK1M_rep069.locus_ids	79cc9128f24c6f12984a5d25c1c4ab183d1b5554e5553f689c57b628dbfdfb54
T_RANDOM_MATCHED_BLOCK1M	70	16225213737493064195	T_BLOCK_1MB	57265	97	empirical/neoaves_chr4/data/stage4e/random_matched/T_RANDOM_MATCHED_BLOCK1M_rep070.locus_ids	087c147b5c7950410f79d57d59b0bdcac669a0ce758f948b5f470178e61fe770
T_RANDOM_MATCHED_BLOCK1M	71	11870639647119862402	T_BLOCK_1MB	57265	97	empirical/neoaves_chr4/data/stage4e/random_matched/T_RANDOM_MATCHED_BLOCK1M_rep071.locus_ids	52761fa1cf9d15a64d5ecc632b7e690b4fdf32b14eaf2bdeef3969eb5d2d1e74
T_RANDOM_MATCHED_BLOCK1M	72	16873303808668721279	T_BLOCK_1MB	57265	97	empirical/neoaves_chr4/data/stage4e/random_matched/T_RANDOM_MATCHED_BLOCK1M_rep072.locus_ids	97b8c86e8834007ac27334b60529d61ff23b3051c311f3475ed491985aff644b
T_RANDOM_MATCHED_BLOCK1M	73	6749927232278001386	T_BLOCK_1MB	57265	97	empirical/neoaves_chr4/data/stage4e/random_matched/T_RANDOM_MATCHED_BLOCK1M_rep073.locus_ids	649043ebc5a45a8f5a3e8ed865ec7ee38428ea299e4467137c1bad364de27d1c
T_RANDOM_MATCHED_BLOCK1M	74	5502733368916733204	T_BLOCK_1MB	57265	97	empirical/neoaves_chr4/data/stage4e/random_matched/T_RANDOM_MATCHED_BLOCK1M_rep074.locus_ids	824d282160848d145782719ed7181db414f8850cd29cabe7b1d34d0ce4894dd6
T_RANDOM_MATCHED_BLOCK1M	75	16052956302750473959	T_BLOCK_1MB	57265	97	empirical/neoaves_chr4/data/stage4e/random_matched/T_RANDOM_MATCHED_BLOCK1M_rep075.locus_ids	100c0c4b6d5fb5467e29897c363ff77c0e9d666b8b040ae296a2675d3ef50887
T_RANDOM_MATCHED_BLOCK1M	76	6588221321285330593	T_BLOCK_1MB	57265	97	empirical/neoaves_chr4/data/stage4e/random_matched/T_RANDOM_MATCHED_BLOCK1M_rep076.locus_ids	1048c42611c067815fbb984d9a6a7cae354a3cb9041a87ed00d5068d12aeb008
T_RANDOM_MATCHED_BLOCK1M	77	18220086427513830958	T_BLOCK_1MB	57265	97	empirical/neoaves_chr4/data/stage4e/random_matched/T_RANDOM_MATCHED_BLOCK1M_rep077.locus_ids	046af12d99c4acd06775c191aa175cd66da5b40b1fad52d1b18d294d67e0112e
T_RANDOM_MATCHED_BLOCK1M	78	1879855785181882746	T_BLOCK_1MB	57265	97	empirical/neoaves_chr4/data/stage4e/random_matched/T_RANDOM_MATCHED_BLOCK1M_rep078.locus_ids	57fd4ef9ee72a3a90a4366d5a0b28aa9734c4a6e52ec2c8e60b39dd3b8b83a6b
T_RANDOM_MATCHED_BLOCK1M	79	4570025035481967316	T_BLOCK_1MB	57265	97	empirical/neoaves_chr4/data/stage4e/random_matched/T_RANDOM_MATCHED_BLOCK1M_rep079.locus_ids	19646e0c4bc052442d9b7041db39c70c52b744abf56e76a0b27ff04ddda56165
T_RANDOM_MATCHED_BLOCK1M	80	14419612291907499525	T_BLOCK_1MB	57265	97	empirical/neoaves_chr4/data/stage4e/random_matched/T_RANDOM_MATCHED_BLOCK1M_rep080.locus_ids	c8d10fd02df5bad1864ab77783ba9c76b14a7af4cfe25e7c162306af19ccca95
T_RANDOM_MATCHED_BLOCK1M	81	4560346863043681214	T_BLOCK_1MB	57265	97	empirical/neoaves_chr4/data/stage4e/random_matched/T_RANDOM_MATCHED_BLOCK1M_rep081.locus_ids	ceef9050d913bdf1638c8b65444926bb1dacd704eada86c838be70e965a1cd96
T_RANDOM_MATCHED_BLOCK1M	82	1256585185545373124	T_BLOCK_1MB	57265	97	empirical/neoaves_chr4/data/stage4e/random_matched/T_RANDOM_MATCHED_BLOCK1M_rep082.locus_ids	419eaab01513a56e2729a012accbe887482103fe672d15e504c03b7f7fe1cba7
T_RANDOM_MATCHED_BLOCK1M	83	11372501515120684071	T_BLOCK_1MB	57265	97	empirical/neoaves_chr4/data/stage4e/random_matched/T_RANDOM_MATCHED_BLOCK1M_rep083.locus_ids	01bb7cce78f7c146f75e2c381875f1c8daef7418f1df8b58c0cba54738931359
T_RANDOM_MATCHED_BLOCK1M	84	3577896113494646137	T_BLOCK_1MB	57265	97	empirical/neoaves_chr4/data/stage4e/random_matched/T_RANDOM_MATCHED_BLOCK1M_rep084.locus_ids	179532591416a2e84cde9977606ca3626d0249aef15935d2550a402c9a9a3542
T_RANDOM_MATCHED_BLOCK1M	85	12867158094285377621	T_BLOCK_1MB	57265	97	empirical/neoaves_chr4/data/stage4e/random_matched/T_RANDOM_MATCHED_BLOCK1M_rep085.locus_ids	b76c34ae1225fb03cd1612685ea6a6ec8dc79ae4b66110eb8a530317183fa9b6
T_RANDOM_MATCHED_BLOCK1M	86	13480893991286432932	T_BLOCK_1MB	57265	97	empirical/neoaves_chr4/data/stage4e/random_matched/T_RANDOM_MATCHED_BLOCK1M_rep086.locus_ids	60174ead61709f477b6e052c25d178830ffa1ba6508ebad07843697be6f9e3bb
T_RANDOM_MATCHED_BLOCK1M	87	4925582916884617885	T_BLOCK_1MB	57265	97	empirical/neoaves_chr4/data/stage4e/random_matched/T_RANDOM_MATCHED_BLOCK1M_rep087.locus_ids	8cdf391167c48299df9beb3147098e7f6f4a5516f5c333575e6a36eca7cc90cd
T_RANDOM_MATCHED_BLOCK1M	88	2479853463805830451	T_BLOCK_1MB	57265	97	empirical/neoaves_chr4/data/stage4e/random_matched/T_RANDOM_MATCHED_BLOCK1M_rep088.locus_ids	e78f41ca076e1c529a0c2247d98af95cc9aee0ed88ae59bb181d763dbf6e9fea
T_RANDOM_MATCHED_BLOCK1M	89	13653491037206582448	T_BLOCK_1MB	57265	97	empirical/neoaves_chr4/data/stage4e/random_matched/T_RANDOM_MATCHED_BLOCK1M_rep089.locus_ids	7580e83baa0022b34989a7c658b66eedb811f4f63bf416fdd3858bd140139ef0
T_RANDOM_MATCHED_BLOCK1M	90	10185964340992604045	T_BLOCK_1MB	57265	97	empirical/neoaves_chr4/data/stage4e/random_matched/T_RANDOM_MATCHED_BLOCK1M_rep090.locus_ids	1d44d085189853cd370f4aac5dad13ed7d2151ad4c5983e6d8facdc9c29db6e2
T_RANDOM_MATCHED_BLOCK1M	91	66226693175856900	T_BLOCK_1MB	57265	97	empirical/neoaves_chr4/data/stage4e/random_matched/T_RANDOM_MATCHED_BLOCK1M_rep091.locus_ids	c080c9bf30e3d67606eb774c3536a0f0f2eb95533528264d306fe60931e90894
T_RANDOM_MATCHED_BLOCK1M	92	4855642931406763501	T_BLOCK_1MB	57265	97	empirical/neoaves_chr4/data/stage4e/random_matched/T_RANDOM_MATCHED_BLOCK1M_rep092.locus_ids	837823b944414255418117c7771bb7f73edd59e596cd30da5b3a5b4c52c17397
T_RANDOM_MATCHED_BLOCK1M	93	11157738500865601962	T_BLOCK_1MB	57265	97	empirical/neoaves_chr4/data/stage4e/random_matched/T_RANDOM_MATCHED_BLOCK1M_rep093.locus_ids	88bc4d55937f5d7bd98dea42e95b8ce0247b09db5ed6a2d958d2f1c252f08254
T_RANDOM_MATCHED_BLOCK1M	94	10776968803987994174	T_BLOCK_1MB	57265	97	empirical/neoaves_chr4/data/stage4e/random_matched/T_RANDOM_MATCHED_BLOCK1M_rep094.locus_ids	5bbddfbe3028882f86d558abb233e807634b80d469b38d6fc87213324588d827
T_RANDOM_MATCHED_BLOCK1M	95	10105084087506948833	T_BLOCK_1MB	57265	97	empirical/neoaves_chr4/data/stage4e/random_matched/T_RANDOM_MATCHED_BLOCK1M_rep095.locus_ids	ef82bf7dee35551a1326f54a0d51e7bbc7c0e59403490452c9a6457479b5e2dc
T_RANDOM_MATCHED_BLOCK1M	96	15675416525971592115	T_BLOCK_1MB	57265	97	empirical/neoaves_chr4/data/stage4e/random_matched/T_RANDOM_MATCHED_BLOCK1M_rep096.locus_ids	c2c31a6efe989a81cdb54615f3918061ae19e6544bd5b04f0e22c25daa4237bb
T_RANDOM_MATCHED_BLOCK1M	97	13226315407601552672	T_BLOCK_1MB	57265	97	empirical/neoaves_chr4/data/stage4e/random_matched/T_RANDOM_MATCHED_BLOCK1M_rep097.locus_ids	178c3eb0d4eb8b37ea77506b6378cfa4fac102ee8b8940414d1925b42cc12866
T_RANDOM_MATCHED_BLOCK1M	98	9239522389466875387	T_BLOCK_1MB	57265	97	empirical/neoaves_chr4/data/stage4e/random_matched/T_RANDOM_MATCHED_BLOCK1M_rep098.locus_ids	291fdadf6a545c7d705550cd502690371c8a175d93785c098964188fa7185949
T_RANDOM_MATCHED_BLOCK1M	99	419558233606202563	T_BLOCK_1MB	57265	97	empirical/neoaves_chr4/data/stage4e/random_matched/T_RANDOM_MATCHED_BLOCK1M_rep099.locus_ids	0bc1dd1a97b7a2bab0169d42823585b17638cad91481bbc4f7765bccddea5e49
T_RANDOM_MATCHED_BLOCK1M	100	18035597297120266939	T_BLOCK_1MB	57265	97	empirical/neoaves_chr4/data/stage4e/random_matched/T_RANDOM_MATCHED_BLOCK1M_rep100.locus_ids	a530e0ec1a3858f48994b7311285c11264dc39df7f8610dc53e89de7afcaf2b6
