structural_set	flank_window_bp	genealogy_window_bp	clade	event_id	start	end	event_type	pairing_confidence	n_loci	role_C1_state	role_C2_state	role_S_state	role_O_state	arrangement_pattern	predicted_topology	prediction_status	structural_confidence	mean_q1	mean_q2	mean_q3	observed_dominant_topology	event_margin	prediction_matches_observed	role_status
primary	100000	100000	Columbea	primary_W100000_EV011	1849860	2049860	single_boundary_event	single_boundary	6	role_heterogeneous	A2	role_heterogeneous	A0	unresolved_or_heterogeneous	no_unique_strict_prediction	no_unique_strict_prediction	limited	0.285346616	0.385888581956	0.328764802044	q2		false	C1:role_heterogeneous;C2:resolved;S:role_heterogeneous;O:resolved
primary	100000	100000	N61	primary_W100000_EV011	1849860	2049860	single_boundary_event	single_boundary	6	role_heterogeneous	role_heterogeneous	A2	role_heterogeneous	unresolved_or_heterogeneous	no_unique_strict_prediction	no_unique_strict_prediction	limited	0.324352935466	0.313950615524	0.361696449009	q3		false	C1:role_heterogeneous;C2:role_heterogeneous;S:resolved;O:role_heterogeneous
primary	100000	100000	N62	primary_W100000_EV011	1849860	2049860	single_boundary_event	single_boundary	6	A3	A1	role_heterogeneous	role_heterogeneous	unresolved_or_heterogeneous	no_unique_strict_prediction	no_unique_strict_prediction	limited	0.341475679942	0.531223949395	0.127300370664	q2		false	C1:resolved;C2:resolved;S:role_heterogeneous;O:role_heterogeneous
primary	100000		Columbea	primary_W100000_EV001	9504880	10974030	adjacency_change	moderate	123	role_heterogeneous	A2	unresolved	A0	unresolved_or_heterogeneous	no_unique_strict_prediction	no_unique_strict_prediction	unresolved	0.297241755479	0.368203215953	0.334555028568	q2		false	C1:role_heterogeneous;C2:resolved;S:unresolved_role_species_state;O:resolved
primary	100000		N61	primary_W100000_EV001	9504880	10974030	adjacency_change	moderate	123	unresolved	role_heterogeneous	A1	role_heterogeneous	unresolved_or_heterogeneous	no_unique_strict_prediction	no_unique_strict_prediction	unresolved	0.30125948929	0.346589905379	0.352150605331	q3		false	C1:unresolved_role_species_state;C2:role_heterogeneous;S:resolved;O:role_heterogeneous
primary	100000		N62	primary_W100000_EV001	9504880	10974030	adjacency_change	moderate	118	A3	A5	unresolved	role_heterogeneous	unresolved_or_heterogeneous	no_unique_strict_prediction	no_unique_strict_prediction	unresolved	0.332167336378	0.337856257778	0.329976405844	q2		false	C1:resolved;C2:resolved;S:unresolved_role_species_state;O:role_heterogeneous
primary	100000		Columbea	primary_W100000_EV002	19760078	25213019	adjacency_change	high	317	role_heterogeneous	A5	role_heterogeneous	A0	unresolved_or_heterogeneous	no_unique_strict_prediction	no_unique_strict_prediction	limited	0.409697337187	0.315806794337	0.274495868476	q1		false	C1:role_heterogeneous;C2:resolved;S:role_heterogeneous;O:resolved
primary	100000		N61	primary_W100000_EV002	19760078	25213019	adjacency_change	high	318	role_heterogeneous	role_heterogeneous	A4	role_heterogeneous	unresolved_or_heterogeneous	no_unique_strict_prediction	no_unique_strict_prediction	limited	0.330374539492	0.375279074831	0.294346385677	q2		false	C1:role_heterogeneous;C2:role_heterogeneous;S:resolved;O:role_heterogeneous
primary	100000		N62	primary_W100000_EV002	19760078	25213019	adjacency_change	high	307	A1	A3	role_heterogeneous	role_heterogeneous	unresolved_or_heterogeneous	no_unique_strict_prediction	no_unique_strict_prediction	limited	0.382378781801	0.321243185941	0.296378032258	q1		false	C1:resolved;C2:resolved;S:role_heterogeneous;O:role_heterogeneous
primary	100000	100000	Columbea	primary_W100000_EV012	25459087	25659087	single_boundary_event	single_boundary	17	role_heterogeneous	A3	role_heterogeneous	A0	unresolved_or_heterogeneous	no_unique_strict_prediction	no_unique_strict_prediction	high	0.892244593587	0.0295214282581	0.078233978155	q1		false	C1:role_heterogeneous;C2:resolved;S:role_heterogeneous;O:resolved
primary	100000	100000	N61	primary_W100000_EV012	25459087	25659087	single_boundary_event	single_boundary	17	role_heterogeneous	role_heterogeneous	A3	role_heterogeneous	unresolved_or_heterogeneous	no_unique_strict_prediction	no_unique_strict_prediction	high	0.0429514521138	0.955512782001	0.00153576588487	q2		false	C1:role_heterogeneous;C2:role_heterogeneous;S:resolved;O:role_heterogeneous
primary	100000	100000	N62	primary_W100000_EV012	25459087	25659087	single_boundary_event	single_boundary	17	A4	A1	role_heterogeneous	role_heterogeneous	unresolved_or_heterogeneous	no_unique_strict_prediction	no_unique_strict_prediction	high	0.977796597101	0.0130900252793	0.0091133776194	q1		false	C1:resolved;C2:resolved;S:role_heterogeneous;O:role_heterogeneous
primary	100000	100000	Columbea	primary_W100000_EV013	33134049	33334049	single_boundary_event	single_boundary	9	role_heterogeneous	A4	role_heterogeneous	A0	unresolved_or_heterogeneous	no_unique_strict_prediction	no_unique_strict_prediction	high	0.197157206796	0.457710838678	0.345131954526	q2		false	C1:role_heterogeneous;C2:resolved;S:role_heterogeneous;O:resolved
primary	100000	100000	N61	primary_W100000_EV013	33134049	33334049	single_boundary_event	single_boundary	10	role_heterogeneous	role_heterogeneous	A4	role_heterogeneous	unresolved_or_heterogeneous	no_unique_strict_prediction	no_unique_strict_prediction	high	0.338749305432	0.326443642075	0.334807052493	q1		false	C1:role_heterogeneous;C2:role_heterogeneous;S:resolved;O:role_heterogeneous
primary	100000	100000	N62	primary_W100000_EV013	33134049	33334049	single_boundary_event	single_boundary	10	A2	A1	role_heterogeneous	role_heterogeneous	unresolved_or_heterogeneous	no_unique_strict_prediction	no_unique_strict_prediction	high	0.205993625466	0.372565489728	0.421440884806	q3		false	C1:resolved;C2:resolved;S:role_heterogeneous;O:role_heterogeneous
primary	100000		Columbea	primary_W100000_EV003	34021640	34232794	inversion_like	moderate	9	role_heterogeneous	A5	role_heterogeneous	A0	unresolved_or_heterogeneous	no_unique_strict_prediction	no_unique_strict_prediction	limited	0.931553552794	0.0629859429457	0.00546050426071	q1		false	C1:role_heterogeneous;C2:resolved;S:role_heterogeneous;O:resolved
primary	100000		N61	primary_W100000_EV003	34021640	34232794	inversion_like	moderate	9	role_heterogeneous	role_heterogeneous	A3	role_heterogeneous	unresolved_or_heterogeneous	no_unique_strict_prediction	no_unique_strict_prediction	limited	0.164153015195	0.812179745241	0.0236672395639	q2		false	C1:role_heterogeneous;C2:role_heterogeneous;S:resolved;O:role_heterogeneous
primary	100000		N62	primary_W100000_EV003	34021640	34232794	inversion_like	moderate	8	A2	A1	role_heterogeneous	role_heterogeneous	unresolved_or_heterogeneous	no_unique_strict_prediction	no_unique_strict_prediction	limited	0.891236257403	0.0646773692812	0.0440863733164	q1		false	C1:resolved;C2:resolved;S:role_heterogeneous;O:role_heterogeneous
primary	100000		Columbea	primary_W100000_EV004	35025837	37255236	translocation_like	high	139	role_heterogeneous	A5	role_heterogeneous	A0	unresolved_or_heterogeneous	no_unique_strict_prediction	no_unique_strict_prediction	high	0.335357812765	0.354652970276	0.309989216959	q2		false	C1:role_heterogeneous;C2:resolved;S:role_heterogeneous;O:resolved
primary	100000		N61	primary_W100000_EV004	35025837	37255236	translocation_like	high	140	role_heterogeneous	role_heterogeneous	A3	role_heterogeneous	unresolved_or_heterogeneous	no_unique_strict_prediction	no_unique_strict_prediction	high	0.329753819574	0.366345221846	0.303900958579	q2		false	C1:role_heterogeneous;C2:role_heterogeneous;S:resolved;O:role_heterogeneous
primary	100000		N62	primary_W100000_EV004	35025837	37255236	translocation_like	high	124	A6	A1	role_heterogeneous	role_heterogeneous	unresolved_or_heterogeneous	no_unique_strict_prediction	no_unique_strict_prediction	high	0.36841644388	0.318831769743	0.312751786377	q1		false	C1:resolved;C2:resolved;S:role_heterogeneous;O:role_heterogeneous
primary	100000		Columbea	primary_W100000_EV005	39237022	42267292	inversion_like	moderate	255	role_heterogeneous	A2	role_heterogeneous	A0	unresolved_or_heterogeneous	no_unique_strict_prediction	no_unique_strict_prediction	limited	0.344268337974	0.336682109809	0.319049552217	q1		false	C1:role_heterogeneous;C2:resolved;S:role_heterogeneous;O:resolved
primary	100000		N61	primary_W100000_EV005	39237022	42267292	inversion_like	moderate	257	role_heterogeneous	role_heterogeneous	A4	role_heterogeneous	unresolved_or_heterogeneous	no_unique_strict_prediction	no_unique_strict_prediction	limited	0.37164410837	0.321167632261	0.307188259369	q1		false	C1:role_heterogeneous;C2:role_heterogeneous;S:resolved;O:role_heterogeneous
primary	100000		N62	primary_W100000_EV005	39237022	42267292	inversion_like	moderate	250	A6	A1	role_heterogeneous	role_heterogeneous	unresolved_or_heterogeneous	no_unique_strict_prediction	no_unique_strict_prediction	limited	0.391203607676	0.296619685766	0.312176706558	q1		false	C1:resolved;C2:resolved;S:role_heterogeneous;O:role_heterogeneous
primary	100000		Columbea	primary_W100000_EV006	44647530	45658664	inversion_like	moderate	48	unresolved	A2	unresolved	A0	unresolved_or_heterogeneous	no_unique_strict_prediction	no_unique_strict_prediction	unresolved	0.967476692356	0.0112433862434	0.0212799214005	q1		false	C1:unresolved_role_species_state;C2:resolved;S:unresolved_role_species_state;O:resolved
primary	100000		N61	primary_W100000_EV006	44647530	45658664	inversion_like	moderate	48	unresolved	unresolved	A1	role_heterogeneous	unresolved_or_heterogeneous	no_unique_strict_prediction	no_unique_strict_prediction	unresolved	0.029252507819	0.958282682171	0.0124648100098	q2		false	C1:unresolved_role_species_state;C2:unresolved_role_species_state;S:resolved;O:role_heterogeneous
primary	100000		N62	primary_W100000_EV006	44647530	45658664	inversion_like	moderate	43	unresolved	A3	unresolved	role_heterogeneous	unresolved_or_heterogeneous	no_unique_strict_prediction	no_unique_strict_prediction	unresolved	0.949449142477	0.0265399696292	0.024010887894	q1		false	C1:unresolved_role_species_state;C2:resolved;S:unresolved_role_species_state;O:role_heterogeneous
primary	100000	100000	Columbea	primary_W100000_EV014	46322770	46522770	single_boundary_event	single_boundary	6	role_heterogeneous	A4	role_heterogeneous	A0	unresolved_or_heterogeneous	no_unique_strict_prediction	no_unique_strict_prediction	high	1	0	0	q1		false	C1:role_heterogeneous;C2:resolved;S:role_heterogeneous;O:resolved
primary	100000	100000	N61	primary_W100000_EV014	46322770	46522770	single_boundary_event	single_boundary	5	role_heterogeneous	role_heterogeneous	A4	role_heterogeneous	unresolved_or_heterogeneous	no_unique_strict_prediction	no_unique_strict_prediction	high	0	1	0	q2		false	C1:role_heterogeneous;C2:role_heterogeneous;S:resolved;O:role_heterogeneous
primary	100000	100000	N62	primary_W100000_EV014	46322770	46522770	single_boundary_event	single_boundary	3	A3	A2	role_heterogeneous	role_heterogeneous	unresolved_or_heterogeneous	no_unique_strict_prediction	no_unique_strict_prediction	high	0.992723079879	0.00727692012043	0	q1		false	C1:resolved;C2:resolved;S:role_heterogeneous;O:role_heterogeneous
primary	100000	100000	Columbea	primary_W100000_EV015	47043089	47243089	single_boundary_event	single_boundary	17	unresolved	A1	unresolved	A0	unresolved_or_heterogeneous	no_unique_strict_prediction	no_unique_strict_prediction	unresolved	0.941176470588	0.0588235294118	0	q1		false	C1:unresolved_role_species_state;C2:resolved;S:unresolved_role_species_state;O:resolved
primary	100000	100000	N61	primary_W100000_EV015	47043089	47243089	single_boundary_event	single_boundary	17	unresolved	unresolved	A2	role_heterogeneous	unresolved_or_heterogeneous	no_unique_strict_prediction	no_unique_strict_prediction	unresolved	0.00931703153365	0.953625226915	0.0370577415515	q2		false	C1:unresolved_role_species_state;C2:unresolved_role_species_state;S:resolved;O:role_heterogeneous
primary	100000	100000	N62	primary_W100000_EV015	47043089	47243089	single_boundary_event	single_boundary	13	unresolved	unresolved	unresolved	role_heterogeneous	unresolved_or_heterogeneous	no_unique_strict_prediction	no_unique_strict_prediction	unresolved	0.994475941895	0.00257172419242	0.00295233391291	q1		false	C1:unresolved_role_species_state;C2:unresolved_role_species_state;S:unresolved_role_species_state;O:role_heterogeneous
primary	100000		Columbea	primary_W100000_EV007	49159743	49624080	inversion_like	high	13	role_heterogeneous	A3	role_heterogeneous	A0	unresolved_or_heterogeneous	no_unique_strict_prediction	no_unique_strict_prediction	high	1	0	0	q1		false	C1:role_heterogeneous;C2:resolved;S:role_heterogeneous;O:resolved
primary	100000		N61	primary_W100000_EV007	49159743	49624080	inversion_like	high	13	role_heterogeneous	role_heterogeneous	A4	role_heterogeneous	unresolved_or_heterogeneous	no_unique_strict_prediction	no_unique_strict_prediction	high	0.00992281527992	0.948449764521	0.0416274201988	q2		false	C1:role_heterogeneous;C2:role_heterogeneous;S:resolved;O:role_heterogeneous
primary	100000		N62	primary_W100000_EV007	49159743	49624080	inversion_like	high	13	A2	A1	role_heterogeneous	role_heterogeneous	unresolved_or_heterogeneous	no_unique_strict_prediction	no_unique_strict_prediction	high	0.99754702935	0.00175366995042	0.000699300699301	q1		false	C1:resolved;C2:resolved;S:role_heterogeneous;O:role_heterogeneous
primary	100000		Columbea	primary_W100000_EV008	50410378	50989362	adjacency_change	high	35	role_heterogeneous	A3	unresolved	A0	unresolved_or_heterogeneous	no_unique_strict_prediction	no_unique_strict_prediction	unresolved	0.985714285714	0.0142857142857	0	q1		false	C1:role_heterogeneous;C2:resolved;S:unresolved_role_species_state;O:resolved
primary	100000		N61	primary_W100000_EV008	50410378	50989362	adjacency_change	high	35	unresolved	role_heterogeneous	A1	role_heterogeneous	unresolved_or_heterogeneous	no_unique_strict_prediction	no_unique_strict_prediction	unresolved	0	1	0	q2		false	C1:unresolved_role_species_state;C2:role_heterogeneous;S:resolved;O:role_heterogeneous
primary	100000		N62	primary_W100000_EV008	50410378	50989362	adjacency_change	high	31	A4	A5	unresolved	role_heterogeneous	unresolved_or_heterogeneous	no_unique_strict_prediction	no_unique_strict_prediction	unresolved	0.992255492213	0.00259198858408	0.00515251920296	q1		false	C1:resolved;C2:resolved;S:unresolved_role_species_state;O:role_heterogeneous
primary	100000		Columbea	primary_W100000_EV009	51789124	57203613	inversion_like	high	367	role_heterogeneous	A1	role_heterogeneous	A0	unresolved_or_heterogeneous	no_unique_strict_prediction	no_unique_strict_prediction	high	0.894751707602	0.0541838873879	0.0510644050102	q1		false	C1:role_heterogeneous;C2:resolved;S:role_heterogeneous;O:resolved
primary	100000		N61	primary_W100000_EV009	51789124	57203613	inversion_like	high	369	role_heterogeneous	role_heterogeneous	A3	role_heterogeneous	unresolved_or_heterogeneous	no_unique_strict_prediction	no_unique_strict_prediction	high	0.0620310579018	0.896294460639	0.0416744814587	q2		false	C1:role_heterogeneous;C2:role_heterogeneous;S:resolved;O:role_heterogeneous
primary	100000		N62	primary_W100000_EV009	51789124	57203613	inversion_like	high	360	A5	A2	role_heterogeneous	role_heterogeneous	unresolved_or_heterogeneous	no_unique_strict_prediction	no_unique_strict_prediction	high	0.917924971392	0.0510533804477	0.0310216481604	q1		false	C1:resolved;C2:resolved;S:role_heterogeneous;O:role_heterogeneous
primary	100000		Columbea	primary_W100000_EV010	58171516	59982754	adjacency_change	high	137	role_heterogeneous	A1	role_heterogeneous	A0	unresolved_or_heterogeneous	no_unique_strict_prediction	no_unique_strict_prediction	limited	0.383554491666	0.31849883486	0.297946673474	q1		false	C1:role_heterogeneous;C2:resolved;S:role_heterogeneous;O:resolved
primary	100000		N61	primary_W100000_EV010	58171516	59982754	adjacency_change	high	138	role_heterogeneous	role_heterogeneous	A4	role_heterogeneous	unresolved_or_heterogeneous	no_unique_strict_prediction	no_unique_strict_prediction	limited	0.340898380581	0.318276431497	0.340825187922	q1		false	C1:role_heterogeneous;C2:role_heterogeneous;S:resolved;O:role_heterogeneous
primary	100000		N62	primary_W100000_EV010	58171516	59982754	adjacency_change	high	128	A6	A3	role_heterogeneous	role_heterogeneous	unresolved_or_heterogeneous	no_unique_strict_prediction	no_unique_strict_prediction	limited	0.369326664079	0.335013602468	0.295659733454	q1		false	C1:resolved;C2:resolved;S:role_heterogeneous;O:role_heterogeneous
primary	100000	100000	Columbea	primary_W100000_EV016	60935423	61135423	single_boundary_event	single_boundary	11	role_heterogeneous	A3	role_heterogeneous	A0	unresolved_or_heterogeneous	no_unique_strict_prediction	no_unique_strict_prediction	limited	0.138040100688	0.525211284699	0.336748614613	q2		false	C1:role_heterogeneous;C2:resolved;S:role_heterogeneous;O:resolved
primary	100000	100000	N61	primary_W100000_EV016	60935423	61135423	single_boundary_event	single_boundary	11	role_heterogeneous	role_heterogeneous	A3	role_heterogeneous	unresolved_or_heterogeneous	no_unique_strict_prediction	no_unique_strict_prediction	limited	0.330499584032	0.311794690869	0.3577057251	q3		false	C1:role_heterogeneous;C2:role_heterogeneous;S:resolved;O:role_heterogeneous
primary	100000	100000	N62	primary_W100000_EV016	60935423	61135423	single_boundary_event	single_boundary	11	A2	A1	role_heterogeneous	role_heterogeneous	unresolved_or_heterogeneous	no_unique_strict_prediction	no_unique_strict_prediction	limited	0.243748616037	0.342897758903	0.41335362506	q3		false	C1:resolved;C2:resolved;S:role_heterogeneous;O:role_heterogeneous
stringent	100000	100000	Columbea	stringent_W100000_EV008	1849860	2049860	single_boundary_event	single_boundary	6	role_heterogeneous	A2	role_heterogeneous	A0	unresolved_or_heterogeneous	no_unique_strict_prediction	no_unique_strict_prediction	limited	0.285346616	0.385888581956	0.328764802044	q2		false	C1:role_heterogeneous;C2:resolved;S:role_heterogeneous;O:resolved
stringent	100000	100000	N61	stringent_W100000_EV008	1849860	2049860	single_boundary_event	single_boundary	6	role_heterogeneous	role_heterogeneous	A2	role_heterogeneous	unresolved_or_heterogeneous	no_unique_strict_prediction	no_unique_strict_prediction	limited	0.324352935466	0.313950615524	0.361696449009	q3		false	C1:role_heterogeneous;C2:role_heterogeneous;S:resolved;O:role_heterogeneous
stringent	100000	100000	N62	stringent_W100000_EV008	1849860	2049860	single_boundary_event	single_boundary	6	A3	A1	role_heterogeneous	role_heterogeneous	unresolved_or_heterogeneous	no_unique_strict_prediction	no_unique_strict_prediction	limited	0.341475679942	0.531223949395	0.127300370664	q2		false	C1:resolved;C2:resolved;S:role_heterogeneous;O:role_heterogeneous
stringent	100000		Columbea	stringent_W100000_EV001	9504880	10974030	adjacency_change	moderate	123	role_heterogeneous	A2	unresolved	A0	unresolved_or_heterogeneous	no_unique_strict_prediction	no_unique_strict_prediction	unresolved	0.297241755479	0.368203215953	0.334555028568	q2		false	C1:role_heterogeneous;C2:resolved;S:unresolved_role_species_state;O:resolved
stringent	100000		N61	stringent_W100000_EV001	9504880	10974030	adjacency_change	moderate	123	unresolved	role_heterogeneous	A1	role_heterogeneous	unresolved_or_heterogeneous	no_unique_strict_prediction	no_unique_strict_prediction	unresolved	0.30125948929	0.346589905379	0.352150605331	q3		false	C1:unresolved_role_species_state;C2:role_heterogeneous;S:resolved;O:role_heterogeneous
stringent	100000		N62	stringent_W100000_EV001	9504880	10974030	adjacency_change	moderate	118	A3	A5	unresolved	role_heterogeneous	unresolved_or_heterogeneous	no_unique_strict_prediction	no_unique_strict_prediction	unresolved	0.332167336378	0.337856257778	0.329976405844	q2		false	C1:resolved;C2:resolved;S:unresolved_role_species_state;O:role_heterogeneous
stringent	100000		Columbea	stringent_W100000_EV002	19760078	25213019	adjacency_change	high	317	role_heterogeneous	A5	role_heterogeneous	A0	unresolved_or_heterogeneous	no_unique_strict_prediction	no_unique_strict_prediction	limited	0.409697337187	0.315806794337	0.274495868476	q1		false	C1:role_heterogeneous;C2:resolved;S:role_heterogeneous;O:resolved
stringent	100000		N61	stringent_W100000_EV002	19760078	25213019	adjacency_change	high	318	role_heterogeneous	role_heterogeneous	A4	role_heterogeneous	unresolved_or_heterogeneous	no_unique_strict_prediction	no_unique_strict_prediction	limited	0.330374539492	0.375279074831	0.294346385677	q2		false	C1:role_heterogeneous;C2:role_heterogeneous;S:resolved;O:role_heterogeneous
stringent	100000		N62	stringent_W100000_EV002	19760078	25213019	adjacency_change	high	307	A1	A3	role_heterogeneous	role_heterogeneous	unresolved_or_heterogeneous	no_unique_strict_prediction	no_unique_strict_prediction	limited	0.382378781801	0.321243185941	0.296378032258	q1		false	C1:resolved;C2:resolved;S:role_heterogeneous;O:role_heterogeneous
stringent	100000		Columbea	stringent_W100000_EV003	25559087	34021640	inversion_like	high	547	role_heterogeneous	A5	role_heterogeneous	A0	unresolved_or_heterogeneous	no_unique_strict_prediction	no_unique_strict_prediction	limited	0.868827930682	0.0689231393157	0.062248930002	q1		false	C1:role_heterogeneous;C2:resolved;S:role_heterogeneous;O:resolved
stringent	100000		N61	stringent_W100000_EV003	25559087	34021640	inversion_like	high	552	role_heterogeneous	role_heterogeneous	A3	role_heterogeneous	unresolved_or_heterogeneous	no_unique_strict_prediction	no_unique_strict_prediction	limited	0.0872445379222	0.849323155432	0.0634323066454	q2		false	C1:role_heterogeneous;C2:role_heterogeneous;S:resolved;O:role_heterogeneous
stringent	100000		N62	stringent_W100000_EV003	25559087	34021640	inversion_like	high	537	A6	A1	role_heterogeneous	role_heterogeneous	unresolved_or_heterogeneous	no_unique_strict_prediction	no_unique_strict_prediction	limited	0.889615741614	0.0473557665531	0.0630284918325	q1		false	C1:resolved;C2:resolved;S:role_heterogeneous;O:role_heterogeneous
stringent	100000		Columbea	stringent_W100000_EV004	35025837	37255236	translocation_like	high	139	role_heterogeneous	A5	role_heterogeneous	A0	unresolved_or_heterogeneous	no_unique_strict_prediction	no_unique_strict_prediction	high	0.335357812765	0.354652970276	0.309989216959	q2		false	C1:role_heterogeneous;C2:resolved;S:role_heterogeneous;O:resolved
stringent	100000		N61	stringent_W100000_EV004	35025837	37255236	translocation_like	high	140	role_heterogeneous	role_heterogeneous	A3	role_heterogeneous	unresolved_or_heterogeneous	no_unique_strict_prediction	no_unique_strict_prediction	high	0.329753819574	0.366345221846	0.303900958579	q2		false	C1:role_heterogeneous;C2:role_heterogeneous;S:resolved;O:role_heterogeneous
stringent	100000		N62	stringent_W100000_EV004	35025837	37255236	translocation_like	high	124	A6	A1	role_heterogeneous	role_heterogeneous	unresolved_or_heterogeneous	no_unique_strict_prediction	no_unique_strict_prediction	high	0.36841644388	0.318831769743	0.312751786377	q1		false	C1:resolved;C2:resolved;S:role_heterogeneous;O:role_heterogeneous
stringent	100000		Columbea	stringent_W100000_EV005	39237022	44647530	inversion_like	high	431	role_heterogeneous	A2	role_heterogeneous	A0	unresolved_or_heterogeneous	no_unique_strict_prediction	no_unique_strict_prediction	limited	0.402095650227	0.317199613586	0.280704736187	q1		false	C1:role_heterogeneous;C2:resolved;S:role_heterogeneous;O:resolved
stringent	100000		N61	stringent_W100000_EV005	39237022	44647530	inversion_like	high	433	role_heterogeneous	role_heterogeneous	A4	role_heterogeneous	unresolved_or_heterogeneous	no_unique_strict_prediction	no_unique_strict_prediction	limited	0.329552568017	0.382210250566	0.288237181417	q2		false	C1:role_heterogeneous;C2:role_heterogeneous;S:resolved;O:role_heterogeneous
stringent	100000		N62	stringent_W100000_EV005	39237022	44647530	inversion_like	high	420	A6	A1	role_heterogeneous	role_heterogeneous	unresolved_or_heterogeneous	no_unique_strict_prediction	no_unique_strict_prediction	limited	0.442491677448	0.273419976114	0.284088346438	q1		false	C1:resolved;C2:resolved;S:role_heterogeneous;O:role_heterogeneous
stringent	100000		Columbea	stringent_W100000_EV006	45658664	46422770	inversion_like	moderate	41	unresolved	A2	unresolved	A0	unresolved_or_heterogeneous	no_unique_strict_prediction	no_unique_strict_prediction	unresolved	0.951350836309	0.0260143625065	0.0226348011843	q1		false	C1:unresolved_role_species_state;C2:resolved;S:unresolved_role_species_state;O:resolved
stringent	100000		N61	stringent_W100000_EV006	45658664	46422770	inversion_like	moderate	41	unresolved	unresolved	A1	role_heterogeneous	unresolved_or_heterogeneous	no_unique_strict_prediction	no_unique_strict_prediction	unresolved	0.0758890330821	0.914469593848	0.00964137307024	q2		false	C1:unresolved_role_species_state;C2:unresolved_role_species_state;S:resolved;O:role_heterogeneous
stringent	100000		N62	stringent_W100000_EV006	45658664	46422770	inversion_like	moderate	40	unresolved	unresolved	unresolved	role_heterogeneous	unresolved_or_heterogeneous	no_unique_strict_prediction	no_unique_strict_prediction	unresolved	0.958167563474	0.0210090197446	0.0208234167815	q1		false	C1:unresolved_role_species_state;C2:unresolved_role_species_state;S:unresolved_role_species_state;O:role_heterogeneous
stringent	100000		Columbea	stringent_W100000_EV007	49624080	50989362	inversion_like	moderate	75	role_heterogeneous	A5	role_heterogeneous	A0	unresolved_or_heterogeneous	no_unique_strict_prediction	no_unique_strict_prediction	limited	0.958228463053	0.0347209649498	0.00705057199728	q1		false	C1:role_heterogeneous;C2:resolved;S:role_heterogeneous;O:resolved
stringent	100000		N61	stringent_W100000_EV007	49624080	50989362	inversion_like	moderate	75	role_heterogeneous	role_heterogeneous	A3	role_heterogeneous	unresolved_or_heterogeneous	no_unique_strict_prediction	no_unique_strict_prediction	limited	0.0674520914824	0.92571030275	0.00683760576803	q2		false	C1:role_heterogeneous;C2:role_heterogeneous;S:resolved;O:role_heterogeneous
stringent	100000		N62	stringent_W100000_EV007	49624080	50989362	inversion_like	moderate	66	A2	A1	role_heterogeneous	role_heterogeneous	unresolved_or_heterogeneous	no_unique_strict_prediction	no_unique_strict_prediction	limited	0.933835869297	0.0145541063135	0.0516100243893	q1		false	C1:resolved;C2:resolved;S:role_heterogeneous;O:role_heterogeneous
stringent	100000	100000	Columbea	stringent_W100000_EV009	58071516	58271516	single_boundary_event	single_boundary	13	role_heterogeneous	A1	role_heterogeneous	A0	unresolved_or_heterogeneous	no_unique_strict_prediction	no_unique_strict_prediction	high	0.364126194494	0.389986536897	0.245887268608	q2		false	C1:role_heterogeneous;C2:resolved;S:role_heterogeneous;O:resolved
stringent	100000	100000	N61	stringent_W100000_EV009	58071516	58271516	single_boundary_event	single_boundary	13	role_heterogeneous	role_heterogeneous	A2	role_heterogeneous	unresolved_or_heterogeneous	no_unique_strict_prediction	no_unique_strict_prediction	high	0.308429749867	0.367653160487	0.323917089646	q2		false	C1:role_heterogeneous;C2:role_heterogeneous;S:resolved;O:role_heterogeneous
stringent	100000	100000	N62	stringent_W100000_EV009	58071516	58271516	single_boundary_event	single_boundary	12	A3	A1	role_heterogeneous	role_heterogeneous	unresolved_or_heterogeneous	no_unique_strict_prediction	no_unique_strict_prediction	high	0.470667066966	0.278957908966	0.250375024068	q1		false	C1:resolved;C2:resolved;S:role_heterogeneous;O:role_heterogeneous
inclusive	100000	100000	Columbea	inclusive_W100000_EV018	1482350	1682350	single_boundary_event	single_boundary	6	role_heterogeneous	A4	role_heterogeneous	A0	unresolved_or_heterogeneous	no_unique_strict_prediction	no_unique_strict_prediction	limited	0.565049581561	0.149247153068	0.285703265371	q1		false	C1:role_heterogeneous;C2:resolved;S:role_heterogeneous;O:resolved
inclusive	100000	100000	N61	inclusive_W100000_EV018	1482350	1682350	single_boundary_event	single_boundary	6	role_heterogeneous	role_heterogeneous	A4	role_heterogeneous	unresolved_or_heterogeneous	no_unique_strict_prediction	no_unique_strict_prediction	limited	0.3074552117	0.31112532415	0.38141946415	q3		false	C1:role_heterogeneous;C2:role_heterogeneous;S:resolved;O:role_heterogeneous
inclusive	100000	100000	N62	inclusive_W100000_EV018	1482350	1682350	single_boundary_event	single_boundary	5	A2	A1	role_heterogeneous	role_heterogeneous	unresolved_or_heterogeneous	no_unique_strict_prediction	no_unique_strict_prediction	limited	0.34167392044	0.331666724271	0.326659355289	q1		false	C1:resolved;C2:resolved;S:role_heterogeneous;O:role_heterogeneous
inclusive	100000	100000	Columbea	inclusive_W100000_EV019	1849860	2049860	single_boundary_event	single_boundary	6	role_heterogeneous	A2	role_heterogeneous	A0	unresolved_or_heterogeneous	no_unique_strict_prediction	no_unique_strict_prediction	limited	0.285346616	0.385888581956	0.328764802044	q2		false	C1:role_heterogeneous;C2:resolved;S:role_heterogeneous;O:resolved
inclusive	100000	100000	N61	inclusive_W100000_EV019	1849860	2049860	single_boundary_event	single_boundary	6	role_heterogeneous	role_heterogeneous	A2	role_heterogeneous	unresolved_or_heterogeneous	no_unique_strict_prediction	no_unique_strict_prediction	limited	0.324352935466	0.313950615524	0.361696449009	q3		false	C1:role_heterogeneous;C2:role_heterogeneous;S:resolved;O:role_heterogeneous
inclusive	100000	100000	N62	inclusive_W100000_EV019	1849860	2049860	single_boundary_event	single_boundary	6	A3	A1	role_heterogeneous	role_heterogeneous	unresolved_or_heterogeneous	no_unique_strict_prediction	no_unique_strict_prediction	limited	0.341475679942	0.531223949395	0.127300370664	q2		false	C1:resolved;C2:resolved;S:role_heterogeneous;O:role_heterogeneous
inclusive	100000		Columbea	inclusive_W100000_EV001	5161408	8704428	adjacency_change	moderate	304	role_heterogeneous	A2	role_heterogeneous	A0	unresolved_or_heterogeneous	no_unique_strict_prediction	no_unique_strict_prediction	high	0.326857619555	0.354746766196	0.318395614249	q2		false	C1:role_heterogeneous;C2:resolved;S:role_heterogeneous;O:resolved
inclusive	100000		N61	inclusive_W100000_EV001	5161408	8704428	adjacency_change	moderate	304	role_heterogeneous	role_heterogeneous	A1	role_heterogeneous	unresolved_or_heterogeneous	no_unique_strict_prediction	no_unique_strict_prediction	high	0.335724926065	0.329172014288	0.335103059647	q1		false	C1:role_heterogeneous;C2:role_heterogeneous;S:resolved;O:role_heterogeneous
inclusive	100000		N62	inclusive_W100000_EV001	5161408	8704428	adjacency_change	moderate	292	A4	A6	role_heterogeneous	role_heterogeneous	unresolved_or_heterogeneous	no_unique_strict_prediction	no_unique_strict_prediction	high	0.323274880368	0.354052098453	0.322673021179	q2		false	C1:resolved;C2:resolved;S:role_heterogeneous;O:role_heterogeneous
inclusive	100000		Columbea	inclusive_W100000_EV002	9504880	10974030	adjacency_change	moderate	123	role_heterogeneous	A2	unresolved	A0	unresolved_or_heterogeneous	no_unique_strict_prediction	no_unique_strict_prediction	unresolved	0.297241755479	0.368203215953	0.334555028568	q2		false	C1:role_heterogeneous;C2:resolved;S:unresolved_role_species_state;O:resolved
inclusive	100000		N61	inclusive_W100000_EV002	9504880	10974030	adjacency_change	moderate	123	unresolved	role_heterogeneous	A1	role_heterogeneous	unresolved_or_heterogeneous	no_unique_strict_prediction	no_unique_strict_prediction	unresolved	0.30125948929	0.346589905379	0.352150605331	q3		false	C1:unresolved_role_species_state;C2:role_heterogeneous;S:resolved;O:role_heterogeneous
inclusive	100000		N62	inclusive_W100000_EV002	9504880	10974030	adjacency_change	moderate	118	A3	A5	unresolved	role_heterogeneous	unresolved_or_heterogeneous	no_unique_strict_prediction	no_unique_strict_prediction	unresolved	0.332167336378	0.337856257778	0.329976405844	q2		false	C1:resolved;C2:resolved;S:unresolved_role_species_state;O:role_heterogeneous
inclusive	100000		Columbea	inclusive_W100000_EV003	11304692	12214254	adjacency_change	moderate	67	role_heterogeneous	A2	role_heterogeneous	A0	unresolved_or_heterogeneous	no_unique_strict_prediction	no_unique_strict_prediction	limited	0.365450551823	0.361617861446	0.272931586731	q1		false	C1:role_heterogeneous;C2:resolved;S:role_heterogeneous;O:resolved
inclusive	100000		N61	inclusive_W100000_EV003	11304692	12214254	adjacency_change	moderate	68	role_heterogeneous	role_heterogeneous	A1	role_heterogeneous	unresolved_or_heterogeneous	no_unique_strict_prediction	no_unique_strict_prediction	limited	0.35993820871	0.303044132278	0.337017659012	q1		false	C1:role_heterogeneous;C2:role_heterogeneous;S:resolved;O:role_heterogeneous
inclusive	100000		N62	inclusive_W100000_EV003	11304692	12214254	adjacency_change	moderate	67	A3	A6	role_heterogeneous	role_heterogeneous	unresolved_or_heterogeneous	no_unique_strict_prediction	no_unique_strict_prediction	limited	0.369190417904	0.353805334096	0.277004248	q1		false	C1:resolved;C2:resolved;S:role_heterogeneous;O:role_heterogeneous
inclusive	100000		Columbea	inclusive_W100000_EV004	12886511	14318518	adjacency_change	high	76	role_heterogeneous	A3	role_heterogeneous	A0	unresolved_or_heterogeneous	no_unique_strict_prediction	no_unique_strict_prediction	limited	0.322948149059	0.341268852209	0.335782998731	q2		false	C1:role_heterogeneous;C2:resolved;S:role_heterogeneous;O:resolved
inclusive	100000		N61	inclusive_W100000_EV004	12886511	14318518	adjacency_change	high	76	role_heterogeneous	role_heterogeneous	A1	role_heterogeneous	unresolved_or_heterogeneous	no_unique_strict_prediction	no_unique_strict_prediction	limited	0.323990976647	0.328543808297	0.347465215055	q3		false	C1:role_heterogeneous;C2:role_heterogeneous;S:resolved;O:role_heterogeneous
inclusive	100000		N62	inclusive_W100000_EV004	12886511	14318518	adjacency_change	high	70	A4	A6	role_heterogeneous	role_heterogeneous	unresolved_or_heterogeneous	no_unique_strict_prediction	no_unique_strict_prediction	limited	0.374039032558	0.354341170822	0.27161979662	q1		false	C1:resolved;C2:resolved;S:role_heterogeneous;O:role_heterogeneous
inclusive	100000		Columbea	inclusive_W100000_EV005	16491814	18036264	adjacency_change	high	104	role_heterogeneous	A3	role_heterogeneous	A0	unresolved_or_heterogeneous	no_unique_strict_prediction	no_unique_strict_prediction	high	0.385427906698	0.262632447754	0.351939645548	q1		false	C1:role_heterogeneous;C2:resolved;S:role_heterogeneous;O:resolved
inclusive	100000		N61	inclusive_W100000_EV005	16491814	18036264	adjacency_change	high	104	role_heterogeneous	role_heterogeneous	A1	role_heterogeneous	unresolved_or_heterogeneous	no_unique_strict_prediction	no_unique_strict_prediction	high	0.390861214002	0.299764082723	0.309374703275	q1		false	C1:role_heterogeneous;C2:role_heterogeneous;S:resolved;O:role_heterogeneous
inclusive	100000		N62	inclusive_W100000_EV005	16491814	18036264	adjacency_change	high	101	A2	A6	role_heterogeneous	role_heterogeneous	unresolved_or_heterogeneous	no_unique_strict_prediction	no_unique_strict_prediction	high	0.289282655127	0.326731800399	0.383985544474	q3		false	C1:resolved;C2:resolved;S:role_heterogeneous;O:role_heterogeneous
inclusive	100000		Columbea	inclusive_W100000_EV006	19760078	25213019	adjacency_change	high	317	role_heterogeneous	A5	role_heterogeneous	A0	unresolved_or_heterogeneous	no_unique_strict_prediction	no_unique_strict_prediction	limited	0.409697337187	0.315806794337	0.274495868476	q1		false	C1:role_heterogeneous;C2:resolved;S:role_heterogeneous;O:resolved
inclusive	100000		N61	inclusive_W100000_EV006	19760078	25213019	adjacency_change	high	318	role_heterogeneous	role_heterogeneous	A4	role_heterogeneous	unresolved_or_heterogeneous	no_unique_strict_prediction	no_unique_strict_prediction	limited	0.330374539492	0.375279074831	0.294346385677	q2		false	C1:role_heterogeneous;C2:role_heterogeneous;S:resolved;O:role_heterogeneous
inclusive	100000		N62	inclusive_W100000_EV006	19760078	25213019	adjacency_change	high	307	A1	A3	role_heterogeneous	role_heterogeneous	unresolved_or_heterogeneous	no_unique_strict_prediction	no_unique_strict_prediction	limited	0.382378781801	0.321243185941	0.296378032258	q1		false	C1:resolved;C2:resolved;S:role_heterogeneous;O:role_heterogeneous
inclusive	100000	100000	Columbea	inclusive_W100000_EV020	25459087	25659087	single_boundary_event	single_boundary	17	role_heterogeneous	A3	role_heterogeneous	A0	unresolved_or_heterogeneous	no_unique_strict_prediction	no_unique_strict_prediction	high	0.892244593587	0.0295214282581	0.078233978155	q1		false	C1:role_heterogeneous;C2:resolved;S:role_heterogeneous;O:resolved
inclusive	100000	100000	N61	inclusive_W100000_EV020	25459087	25659087	single_boundary_event	single_boundary	17	role_heterogeneous	role_heterogeneous	A3	role_heterogeneous	unresolved_or_heterogeneous	no_unique_strict_prediction	no_unique_strict_prediction	high	0.0429514521138	0.955512782001	0.00153576588487	q2		false	C1:role_heterogeneous;C2:role_heterogeneous;S:resolved;O:role_heterogeneous
inclusive	100000	100000	N62	inclusive_W100000_EV020	25459087	25659087	single_boundary_event	single_boundary	17	A4	A1	role_heterogeneous	role_heterogeneous	unresolved_or_heterogeneous	no_unique_strict_prediction	no_unique_strict_prediction	high	0.977796597101	0.0130900252793	0.0091133776194	q1		false	C1:resolved;C2:resolved;S:role_heterogeneous;O:role_heterogeneous
inclusive	100000	100000	Columbea	inclusive_W100000_EV021	33134049	33334049	single_boundary_event	single_boundary	9	role_heterogeneous	A4	role_heterogeneous	A0	unresolved_or_heterogeneous	no_unique_strict_prediction	no_unique_strict_prediction	high	0.197157206796	0.457710838678	0.345131954526	q2		false	C1:role_heterogeneous;C2:resolved;S:role_heterogeneous;O:resolved
inclusive	100000	100000	N61	inclusive_W100000_EV021	33134049	33334049	single_boundary_event	single_boundary	10	role_heterogeneous	role_heterogeneous	A4	role_heterogeneous	unresolved_or_heterogeneous	no_unique_strict_prediction	no_unique_strict_prediction	high	0.338749305432	0.326443642075	0.334807052493	q1		false	C1:role_heterogeneous;C2:role_heterogeneous;S:resolved;O:role_heterogeneous
inclusive	100000	100000	N62	inclusive_W100000_EV021	33134049	33334049	single_boundary_event	single_boundary	10	A2	A1	role_heterogeneous	role_heterogeneous	unresolved_or_heterogeneous	no_unique_strict_prediction	no_unique_strict_prediction	high	0.205993625466	0.372565489728	0.421440884806	q3		false	C1:resolved;C2:resolved;S:role_heterogeneous;O:role_heterogeneous
inclusive	100000		Columbea	inclusive_W100000_EV007	34021640	34232794	inversion_like	moderate	9	role_heterogeneous	A5	role_heterogeneous	A0	unresolved_or_heterogeneous	no_unique_strict_prediction	no_unique_strict_prediction	limited	0.931553552794	0.0629859429457	0.00546050426071	q1		false	C1:role_heterogeneous;C2:resolved;S:role_heterogeneous;O:resolved
inclusive	100000		N61	inclusive_W100000_EV007	34021640	34232794	inversion_like	moderate	9	role_heterogeneous	role_heterogeneous	A3	role_heterogeneous	unresolved_or_heterogeneous	no_unique_strict_prediction	no_unique_strict_prediction	limited	0.164153015195	0.812179745241	0.0236672395639	q2		false	C1:role_heterogeneous;C2:role_heterogeneous;S:resolved;O:role_heterogeneous
inclusive	100000		N62	inclusive_W100000_EV007	34021640	34232794	inversion_like	moderate	8	A2	A1	role_heterogeneous	role_heterogeneous	unresolved_or_heterogeneous	no_unique_strict_prediction	no_unique_strict_prediction	limited	0.891236257403	0.0646773692812	0.0440863733164	q1		false	C1:resolved;C2:resolved;S:role_heterogeneous;O:role_heterogeneous
inclusive	100000	100000	Columbea	inclusive_W100000_EV022	34641919	34841919	single_boundary_event	single_boundary	15	role_heterogeneous	A2	role_heterogeneous	A0	unresolved_or_heterogeneous	no_unique_strict_prediction	no_unique_strict_prediction	high	0.222533598209	0.504970990987	0.272495410804	q2		false	C1:role_heterogeneous;C2:resolved;S:role_heterogeneous;O:resolved
inclusive	100000	100000	N61	inclusive_W100000_EV022	34641919	34841919	single_boundary_event	single_boundary	15	role_heterogeneous	role_heterogeneous	A2	role_heterogeneous	unresolved_or_heterogeneous	no_unique_strict_prediction	no_unique_strict_prediction	high	0.280136802809	0.390461867518	0.329401329673	q2		false	C1:role_heterogeneous;C2:role_heterogeneous;S:resolved;O:role_heterogeneous
inclusive	100000	100000	N62	inclusive_W100000_EV022	34641919	34841919	single_boundary_event	single_boundary	13	A1	A3	role_heterogeneous	role_heterogeneous	unresolved_or_heterogeneous	no_unique_strict_prediction	no_unique_strict_prediction	high	0.426071317202	0.267335038788	0.30659364401	q1		false	C1:resolved;C2:resolved;S:role_heterogeneous;O:role_heterogeneous
inclusive	100000		Columbea	inclusive_W100000_EV008	35025837	35331645	adjacency_change	high	3	role_heterogeneous	A5	role_heterogeneous	A0	unresolved_or_heterogeneous	no_unique_strict_prediction	no_unique_strict_prediction	limited	0.314213067838	0.138979090099	0.546807842063	q3		false	C1:role_heterogeneous;C2:resolved;S:role_heterogeneous;O:resolved
inclusive	100000		N61	inclusive_W100000_EV008	35025837	35331645	adjacency_change	high	3	role_heterogeneous	role_heterogeneous	A3	role_heterogeneous	unresolved_or_heterogeneous	no_unique_strict_prediction	no_unique_strict_prediction	limited	0.650284122471	0.207582570918	0.142133306611	q1		false	C1:role_heterogeneous;C2:role_heterogeneous;S:resolved;O:role_heterogeneous
inclusive	100000		N62	inclusive_W100000_EV008	35025837	35331645	adjacency_change	high	2	A6	A1	role_heterogeneous	role_heterogeneous	unresolved_or_heterogeneous	no_unique_strict_prediction	no_unique_strict_prediction	limited	0.599970862471	0.227552484435	0.172476653094	q1		false	C1:resolved;C2:resolved;S:role_heterogeneous;O:role_heterogeneous
inclusive	100000		Columbea	inclusive_W100000_EV009	37255236	39237022	adjacency_change	high	119	role_heterogeneous	A3	role_heterogeneous	A0	unresolved_or_heterogeneous	no_unique_strict_prediction	no_unique_strict_prediction	limited	0.341703678844	0.341617614523	0.316678706633	q1		false	C1:role_heterogeneous;C2:resolved;S:role_heterogeneous;O:resolved
inclusive	100000		N61	inclusive_W100000_EV009	37255236	39237022	adjacency_change	high	123	role_heterogeneous	role_heterogeneous	A2	role_heterogeneous	unresolved_or_heterogeneous	no_unique_strict_prediction	no_unique_strict_prediction	limited	0.340240188321	0.304584916477	0.355174895202	q3		false	C1:role_heterogeneous;C2:role_heterogeneous;S:resolved;O:role_heterogeneous
inclusive	100000		N62	inclusive_W100000_EV009	37255236	39237022	adjacency_change	high	119	A6	A1	role_heterogeneous	role_heterogeneous	unresolved_or_heterogeneous	no_unique_strict_prediction	no_unique_strict_prediction	limited	0.338479431443	0.32392300586	0.337597562697	q1		false	C1:resolved;C2:resolved;S:role_heterogeneous;O:role_heterogeneous
inclusive	100000		Columbea	inclusive_W100000_EV010	42267292	44647530	inversion_like	high	176	role_heterogeneous	A3	role_heterogeneous	A0	unresolved_or_heterogeneous	no_unique_strict_prediction	no_unique_strict_prediction	limited	0.485879540138	0.288972133263	0.225148326598	q1		false	C1:role_heterogeneous;C2:resolved;S:role_heterogeneous;O:resolved
inclusive	100000		N61	inclusive_W100000_EV010	42267292	44647530	inversion_like	high	176	role_heterogeneous	role_heterogeneous	A1	role_heterogeneous	unresolved_or_heterogeneous	no_unique_strict_prediction	no_unique_strict_prediction	limited	0.268089352842	0.471346346613	0.260564300545	q2		false	C1:role_heterogeneous;C2:role_heterogeneous;S:resolved;O:role_heterogeneous
inclusive	100000		N62	inclusive_W100000_EV010	42267292	44647530	inversion_like	high	170	A6	A4	role_heterogeneous	role_heterogeneous	unresolved_or_heterogeneous	no_unique_strict_prediction	no_unique_strict_prediction	limited	0.517915309465	0.239302756037	0.242781934498	q1		false	C1:resolved;C2:resolved;S:role_heterogeneous;O:role_heterogeneous
inclusive	100000		Columbea	inclusive_W100000_EV011	45658664	46422770	inversion_like	moderate	41	unresolved	A2	unresolved	A0	unresolved_or_heterogeneous	no_unique_strict_prediction	no_unique_strict_prediction	unresolved	0.951350836309	0.0260143625065	0.0226348011843	q1		false	C1:unresolved_role_species_state;C2:resolved;S:unresolved_role_species_state;O:resolved
inclusive	100000		N61	inclusive_W100000_EV011	45658664	46422770	inversion_like	moderate	41	unresolved	unresolved	A1	role_heterogeneous	unresolved_or_heterogeneous	no_unique_strict_prediction	no_unique_strict_prediction	unresolved	0.0758890330821	0.914469593848	0.00964137307024	q2		false	C1:unresolved_role_species_state;C2:unresolved_role_species_state;S:resolved;O:role_heterogeneous
inclusive	100000		N62	inclusive_W100000_EV011	45658664	46422770	inversion_like	moderate	40	unresolved	unresolved	unresolved	role_heterogeneous	unresolved_or_heterogeneous	no_unique_strict_prediction	no_unique_strict_prediction	unresolved	0.958167563474	0.0210090197446	0.0208234167815	q1		false	C1:unresolved_role_species_state;C2:unresolved_role_species_state;S:unresolved_role_species_state;O:role_heterogeneous
inclusive	100000	100000	Columbea	inclusive_W100000_EV023	47043089	47243089	single_boundary_event	single_boundary	17	unresolved	A1	unresolved	A0	unresolved_or_heterogeneous	no_unique_strict_prediction	no_unique_strict_prediction	unresolved	0.941176470588	0.0588235294118	0	q1		false	C1:unresolved_role_species_state;C2:resolved;S:unresolved_role_species_state;O:resolved
inclusive	100000	100000	N61	inclusive_W100000_EV023	47043089	47243089	single_boundary_event	single_boundary	17	unresolved	unresolved	A2	role_heterogeneous	unresolved_or_heterogeneous	no_unique_strict_prediction	no_unique_strict_prediction	unresolved	0.00931703153365	0.953625226915	0.0370577415515	q2		false	C1:unresolved_role_species_state;C2:unresolved_role_species_state;S:resolved;O:role_heterogeneous
inclusive	100000	100000	N62	inclusive_W100000_EV023	47043089	47243089	single_boundary_event	single_boundary	13	unresolved	unresolved	unresolved	role_heterogeneous	unresolved_or_heterogeneous	no_unique_strict_prediction	no_unique_strict_prediction	unresolved	0.994475941895	0.00257172419242	0.00295233391291	q1		false	C1:unresolved_role_species_state;C2:unresolved_role_species_state;S:unresolved_role_species_state;O:role_heterogeneous
inclusive	100000	100000	Columbea	inclusive_W100000_EV024	47128924	47328924	single_boundary_event	single_boundary	19	unresolved	A1	unresolved	A0	unresolved_or_heterogeneous	no_unique_strict_prediction	no_unique_strict_prediction	unresolved	0.942418682873	0.0541795665635	0.00340175056377	q1		false	C1:unresolved_role_species_state;C2:resolved;S:unresolved_role_species_state;O:resolved
inclusive	100000	100000	N61	inclusive_W100000_EV024	47128924	47328924	single_boundary_event	single_boundary	19	unresolved	unresolved	A3	role_heterogeneous	unresolved_or_heterogeneous	no_unique_strict_prediction	no_unique_strict_prediction	unresolved	0.0398573509476	0.952651393441	0.00749125561158	q2		false	C1:unresolved_role_species_state;C2:unresolved_role_species_state;S:resolved;O:role_heterogeneous
inclusive	100000	100000	N62	inclusive_W100000_EV024	47128924	47328924	single_boundary_event	single_boundary	16	A2	unresolved	unresolved	role_heterogeneous	unresolved_or_heterogeneous	no_unique_strict_prediction	no_unique_strict_prediction	unresolved	0.954530426564	0.022832120082	0.0226374533538	q1		false	C1:resolved;C2:unresolved_role_species_state;S:unresolved_role_species_state;O:role_heterogeneous
inclusive	100000		Columbea	inclusive_W100000_EV012	49159743	49624080	inversion_like	high	13	role_heterogeneous	A3	role_heterogeneous	A0	unresolved_or_heterogeneous	no_unique_strict_prediction	no_unique_strict_prediction	high	1	0	0	q1		false	C1:role_heterogeneous;C2:resolved;S:role_heterogeneous;O:resolved
inclusive	100000		N61	inclusive_W100000_EV012	49159743	49624080	inversion_like	high	13	role_heterogeneous	role_heterogeneous	A4	role_heterogeneous	unresolved_or_heterogeneous	no_unique_strict_prediction	no_unique_strict_prediction	high	0.00992281527992	0.948449764521	0.0416274201988	q2		false	C1:role_heterogeneous;C2:role_heterogeneous;S:resolved;O:role_heterogeneous
inclusive	100000		N62	inclusive_W100000_EV012	49159743	49624080	inversion_like	high	13	A2	A1	role_heterogeneous	role_heterogeneous	unresolved_or_heterogeneous	no_unique_strict_prediction	no_unique_strict_prediction	high	0.99754702935	0.00175366995042	0.000699300699301	q1		false	C1:resolved;C2:resolved;S:role_heterogeneous;O:role_heterogeneous
inclusive	100000		Columbea	inclusive_W100000_EV013	50085260	50410378	adjacency_change	high	21	role_heterogeneous	A4	role_heterogeneous	A0	unresolved_or_heterogeneous	no_unique_strict_prediction	no_unique_strict_prediction	limited	0.917800453515	0.0663265306122	0.015873015873	q1		false	C1:role_heterogeneous;C2:resolved;S:role_heterogeneous;O:resolved
inclusive	100000		N61	inclusive_W100000_EV013	50085260	50410378	adjacency_change	high	21	role_heterogeneous	role_heterogeneous	A2	role_heterogeneous	unresolved_or_heterogeneous	no_unique_strict_prediction	no_unique_strict_prediction	limited	0.0136561927452	0.976508929304	0.0098348779508	q2		false	C1:role_heterogeneous;C2:role_heterogeneous;S:resolved;O:role_heterogeneous
inclusive	100000		N62	inclusive_W100000_EV013	50085260	50410378	adjacency_change	high	20	A5	A6	role_heterogeneous	role_heterogeneous	unresolved_or_heterogeneous	no_unique_strict_prediction	no_unique_strict_prediction	limited	0.915767628437	0.0240904609906	0.0601419105728	q1		false	C1:resolved;C2:resolved;S:role_heterogeneous;O:role_heterogeneous
inclusive	100000		Columbea	inclusive_W100000_EV014	50989362	51570722	inversion_like	high	46	role_heterogeneous	A2	role_heterogeneous	A0	unresolved_or_heterogeneous	no_unique_strict_prediction	no_unique_strict_prediction	limited	0.941762955822	0.00418089773053	0.0540561464475	q1		false	C1:role_heterogeneous;C2:resolved;S:role_heterogeneous;O:resolved
inclusive	100000		N61	inclusive_W100000_EV014	50989362	51570722	inversion_like	high	46	role_heterogeneous	role_heterogeneous	A3	role_heterogeneous	unresolved_or_heterogeneous	no_unique_strict_prediction	no_unique_strict_prediction	limited	0.033148963222	0.941974965158	0.0248760716204	q2		false	C1:role_heterogeneous;C2:role_heterogeneous;S:resolved;O:role_heterogeneous
inclusive	100000		N62	inclusive_W100000_EV014	50989362	51570722	inversion_like	high	46	A5	A1	role_heterogeneous	role_heterogeneous	unresolved_or_heterogeneous	no_unique_strict_prediction	no_unique_strict_prediction	limited	0.958805841791	0.0133084543644	0.0278857038445	q1		false	C1:resolved;C2:resolved;S:role_heterogeneous;O:role_heterogeneous
inclusive	100000	100000	Columbea	inclusive_W100000_EV025	51689124	51889124	single_boundary_event	single_boundary	20	role_heterogeneous	A1	role_heterogeneous	A0	unresolved_or_heterogeneous	no_unique_strict_prediction	no_unique_strict_prediction	high	1	0	0	q1		false	C1:role_heterogeneous;C2:resolved;S:role_heterogeneous;O:resolved
inclusive	100000	100000	N61	inclusive_W100000_EV025	51689124	51889124	single_boundary_event	single_boundary	20	role_heterogeneous	role_heterogeneous	A3	role_heterogeneous	unresolved_or_heterogeneous	no_unique_strict_prediction	no_unique_strict_prediction	high	0.000498076923077	0.932225961538	0.0672759615385	q2		false	C1:role_heterogeneous;C2:role_heterogeneous;S:resolved;O:role_heterogeneous
inclusive	100000	100000	N62	inclusive_W100000_EV025	51689124	51889124	single_boundary_event	single_boundary	17	A4	A2	role_heterogeneous	role_heterogeneous	unresolved_or_heterogeneous	no_unique_strict_prediction	no_unique_strict_prediction	high	0.997186589919	0.00228623089125	0.000527179190232	q1		false	C1:resolved;C2:resolved;S:role_heterogeneous;O:role_heterogeneous
inclusive	100000		Columbea	inclusive_W100000_EV015	55393543	55750019	adjacency_change	high	29	unresolved	A4	role_heterogeneous	A0	unresolved_or_heterogeneous	no_unique_strict_prediction	no_unique_strict_prediction	unresolved	1	0	0	q1		false	C1:unresolved_role_species_state;C2:resolved;S:role_heterogeneous;O:resolved
inclusive	100000		N61	inclusive_W100000_EV015	55393543	55750019	adjacency_change	high	30	role_heterogeneous	unresolved	A2	role_heterogeneous	unresolved_or_heterogeneous	no_unique_strict_prediction	no_unique_strict_prediction	unresolved	0.000534089405069	0.999465910595	0	q2		false	C1:role_heterogeneous;C2:unresolved_role_species_state;S:resolved;O:role_heterogeneous
inclusive	100000		N62	inclusive_W100000_EV015	55393543	55750019	adjacency_change	high	29	unresolved	A1	role_heterogeneous	role_heterogeneous	unresolved_or_heterogeneous	no_unique_strict_prediction	no_unique_strict_prediction	unresolved	0.992796142203	0.00226053995233	0.00494331784503	q1		false	C1:unresolved_role_species_state;C2:resolved;S:role_heterogeneous;O:role_heterogeneous
inclusive	100000		Columbea	inclusive_W100000_EV016	56712451	57203613	adjacency_change	high	42	role_heterogeneous	A4	role_heterogeneous	A0	unresolved_or_heterogeneous	no_unique_strict_prediction	no_unique_strict_prediction	high	0.417012459258	0.281348341879	0.301639198863	q1		false	C1:role_heterogeneous;C2:resolved;S:role_heterogeneous;O:resolved
inclusive	100000		N61	inclusive_W100000_EV016	56712451	57203613	adjacency_change	high	42	role_heterogeneous	role_heterogeneous	A1	role_heterogeneous	unresolved_or_heterogeneous	no_unique_strict_prediction	no_unique_strict_prediction	high	0.310936017502	0.448022112936	0.241041869561	q2		false	C1:role_heterogeneous;C2:role_heterogeneous;S:resolved;O:role_heterogeneous
inclusive	100000		N62	inclusive_W100000_EV016	56712451	57203613	adjacency_change	high	42	A6	A3	role_heterogeneous	role_heterogeneous	unresolved_or_heterogeneous	no_unique_strict_prediction	no_unique_strict_prediction	high	0.433352635668	0.379538420523	0.18710894381	q1		false	C1:resolved;C2:resolved;S:role_heterogeneous;O:role_heterogeneous
inclusive	100000		Columbea	inclusive_W100000_EV017	58171516	59982754	adjacency_change	high	137	role_heterogeneous	A1	role_heterogeneous	A0	unresolved_or_heterogeneous	no_unique_strict_prediction	no_unique_strict_prediction	limited	0.383554491666	0.31849883486	0.297946673474	q1		false	C1:role_heterogeneous;C2:resolved;S:role_heterogeneous;O:resolved
inclusive	100000		N61	inclusive_W100000_EV017	58171516	59982754	adjacency_change	high	138	role_heterogeneous	role_heterogeneous	A4	role_heterogeneous	unresolved_or_heterogeneous	no_unique_strict_prediction	no_unique_strict_prediction	limited	0.340898380581	0.318276431497	0.340825187922	q1		false	C1:role_heterogeneous;C2:role_heterogeneous;S:resolved;O:role_heterogeneous
inclusive	100000		N62	inclusive_W100000_EV017	58171516	59982754	adjacency_change	high	128	A6	A3	role_heterogeneous	role_heterogeneous	unresolved_or_heterogeneous	no_unique_strict_prediction	no_unique_strict_prediction	limited	0.369326664079	0.335013602468	0.295659733454	q1		false	C1:resolved;C2:resolved;S:role_heterogeneous;O:role_heterogeneous
inclusive	100000	100000	Columbea	inclusive_W100000_EV026	60935423	61135423	single_boundary_event	single_boundary	11	role_heterogeneous	A3	role_heterogeneous	A0	unresolved_or_heterogeneous	no_unique_strict_prediction	no_unique_strict_prediction	limited	0.138040100688	0.525211284699	0.336748614613	q2		false	C1:role_heterogeneous;C2:resolved;S:role_heterogeneous;O:resolved
inclusive	100000	100000	N61	inclusive_W100000_EV026	60935423	61135423	single_boundary_event	single_boundary	11	role_heterogeneous	role_heterogeneous	A3	role_heterogeneous	unresolved_or_heterogeneous	no_unique_strict_prediction	no_unique_strict_prediction	limited	0.330499584032	0.311794690869	0.3577057251	q3		false	C1:role_heterogeneous;C2:role_heterogeneous;S:resolved;O:role_heterogeneous
inclusive	100000	100000	N62	inclusive_W100000_EV026	60935423	61135423	single_boundary_event	single_boundary	11	A2	A1	role_heterogeneous	role_heterogeneous	unresolved_or_heterogeneous	no_unique_strict_prediction	no_unique_strict_prediction	limited	0.243748616037	0.342897758903	0.41335362506	q3		false	C1:resolved;C2:resolved;S:role_heterogeneous;O:role_heterogeneous
primary	250000	250000	Columbea	primary_W250000_EV011	1699860	2199860	single_boundary_event	single_boundary	19	role_heterogeneous	A2	role_heterogeneous	A0	unresolved_or_heterogeneous	no_unique_strict_prediction	no_unique_strict_prediction	limited	0.313045151712	0.330779818755	0.356175029533	q3		false	C1:role_heterogeneous;C2:resolved;S:role_heterogeneous;O:resolved
primary	250000	250000	N61	primary_W250000_EV011	1699860	2199860	single_boundary_event	single_boundary	19	role_heterogeneous	role_heterogeneous	A2	role_heterogeneous	unresolved_or_heterogeneous	no_unique_strict_prediction	no_unique_strict_prediction	limited	0.302827326825	0.360483293823	0.336689379351	q2		false	C1:role_heterogeneous;C2:role_heterogeneous;S:resolved;O:role_heterogeneous
primary	250000	250000	N62	primary_W250000_EV011	1699860	2199860	single_boundary_event	single_boundary	15	A3	A1	role_heterogeneous	role_heterogeneous	unresolved_or_heterogeneous	no_unique_strict_prediction	no_unique_strict_prediction	limited	0.25797478555	0.488957457198	0.253067757252	q2		false	C1:resolved;C2:resolved;S:role_heterogeneous;O:role_heterogeneous
primary	250000		Columbea	primary_W250000_EV001	9504880	10974030	adjacency_change	moderate	123	role_heterogeneous	A2	role_heterogeneous	A0	unresolved_or_heterogeneous	no_unique_strict_prediction	no_unique_strict_prediction	limited	0.297241755479	0.368203215953	0.334555028568	q2		false	C1:role_heterogeneous;C2:resolved;S:role_heterogeneous;O:resolved
primary	250000		N61	primary_W250000_EV001	9504880	10974030	adjacency_change	moderate	123	role_heterogeneous	role_heterogeneous	A1	role_heterogeneous	unresolved_or_heterogeneous	no_unique_strict_prediction	no_unique_strict_prediction	limited	0.30125948929	0.346589905379	0.352150605331	q3		false	C1:role_heterogeneous;C2:role_heterogeneous;S:resolved;O:role_heterogeneous
primary	250000		N62	primary_W250000_EV001	9504880	10974030	adjacency_change	moderate	118	A4	A6	role_heterogeneous	role_heterogeneous	unresolved_or_heterogeneous	no_unique_strict_prediction	no_unique_strict_prediction	limited	0.332167336378	0.337856257778	0.329976405844	q2		false	C1:resolved;C2:resolved;S:role_heterogeneous;O:role_heterogeneous
primary	250000		Columbea	primary_W250000_EV002	19760078	25213019	adjacency_change	high	317	role_heterogeneous	A5	role_heterogeneous	A0	unresolved_or_heterogeneous	no_unique_strict_prediction	no_unique_strict_prediction	limited	0.409697337187	0.315806794337	0.274495868476	q1		false	C1:role_heterogeneous;C2:resolved;S:role_heterogeneous;O:resolved
primary	250000		N61	primary_W250000_EV002	19760078	25213019	adjacency_change	high	318	role_heterogeneous	role_heterogeneous	A4	role_heterogeneous	unresolved_or_heterogeneous	no_unique_strict_prediction	no_unique_strict_prediction	limited	0.330374539492	0.375279074831	0.294346385677	q2		false	C1:role_heterogeneous;C2:role_heterogeneous;S:resolved;O:role_heterogeneous
primary	250000		N62	primary_W250000_EV002	19760078	25213019	adjacency_change	high	307	A1	A3	role_heterogeneous	role_heterogeneous	unresolved_or_heterogeneous	no_unique_strict_prediction	no_unique_strict_prediction	limited	0.382378781801	0.321243185941	0.296378032258	q1		false	C1:resolved;C2:resolved;S:role_heterogeneous;O:role_heterogeneous
primary	250000	250000	Columbea	primary_W250000_EV012	25309087	25809087	single_boundary_event	single_boundary	43	role_heterogeneous	A3	role_heterogeneous	A0	unresolved_or_heterogeneous	no_unique_strict_prediction	no_unique_strict_prediction	high	0.910887397465	0.0581828902416	0.0309297122938	q1		false	C1:role_heterogeneous;C2:resolved;S:role_heterogeneous;O:resolved
primary	250000	250000	N61	primary_W250000_EV012	25309087	25809087	single_boundary_event	single_boundary	44	role_heterogeneous	role_heterogeneous	A3	role_heterogeneous	unresolved_or_heterogeneous	no_unique_strict_prediction	no_unique_strict_prediction	high	0.0310830226764	0.958077383791	0.010839593533	q2		false	C1:role_heterogeneous;C2:role_heterogeneous;S:resolved;O:role_heterogeneous
primary	250000	250000	N62	primary_W250000_EV012	25309087	25809087	single_boundary_event	single_boundary	42	A4	A1	role_heterogeneous	role_heterogeneous	unresolved_or_heterogeneous	no_unique_strict_prediction	no_unique_strict_prediction	high	0.96972651557	0.0136212186435	0.0166522657869	q1		false	C1:resolved;C2:resolved;S:role_heterogeneous;O:role_heterogeneous
primary	250000	250000	Columbea	primary_W250000_EV013	32984049	33484049	single_boundary_event	single_boundary	30	role_heterogeneous	A4	role_heterogeneous	A0	unresolved_or_heterogeneous	no_unique_strict_prediction	no_unique_strict_prediction	high	0.285402433992	0.38860324876	0.325994317248	q2		false	C1:role_heterogeneous;C2:resolved;S:role_heterogeneous;O:resolved
primary	250000	250000	N61	primary_W250000_EV013	32984049	33484049	single_boundary_event	single_boundary	32	role_heterogeneous	role_heterogeneous	A4	role_heterogeneous	unresolved_or_heterogeneous	no_unique_strict_prediction	no_unique_strict_prediction	high	0.31692457755	0.328910407967	0.354165014482	q3		false	C1:role_heterogeneous;C2:role_heterogeneous;S:resolved;O:role_heterogeneous
primary	250000	250000	N62	primary_W250000_EV013	32984049	33484049	single_boundary_event	single_boundary	32	A2	A1	role_heterogeneous	role_heterogeneous	unresolved_or_heterogeneous	no_unique_strict_prediction	no_unique_strict_prediction	high	0.246158216768	0.306933336688	0.446908446544	q3		false	C1:resolved;C2:resolved;S:role_heterogeneous;O:role_heterogeneous
primary	250000		Columbea	primary_W250000_EV003	34021640	34232794	inversion_like	moderate	9	role_heterogeneous	A5	role_heterogeneous	A0	unresolved_or_heterogeneous	no_unique_strict_prediction	no_unique_strict_prediction	limited	0.931553552794	0.0629859429457	0.00546050426071	q1		false	C1:role_heterogeneous;C2:resolved;S:role_heterogeneous;O:resolved
primary	250000		N61	primary_W250000_EV003	34021640	34232794	inversion_like	moderate	9	role_heterogeneous	role_heterogeneous	A3	role_heterogeneous	unresolved_or_heterogeneous	no_unique_strict_prediction	no_unique_strict_prediction	limited	0.164153015195	0.812179745241	0.0236672395639	q2		false	C1:role_heterogeneous;C2:role_heterogeneous;S:resolved;O:role_heterogeneous
primary	250000		N62	primary_W250000_EV003	34021640	34232794	inversion_like	moderate	8	A2	A1	role_heterogeneous	role_heterogeneous	unresolved_or_heterogeneous	no_unique_strict_prediction	no_unique_strict_prediction	limited	0.891236257403	0.0646773692812	0.0440863733164	q1		false	C1:resolved;C2:resolved;S:role_heterogeneous;O:role_heterogeneous
primary	250000		Columbea	primary_W250000_EV004	35025837	37255236	translocation_like	high	139	role_heterogeneous	A5	role_heterogeneous	A0	unresolved_or_heterogeneous	no_unique_strict_prediction	no_unique_strict_prediction	high	0.335357812765	0.354652970276	0.309989216959	q2		false	C1:role_heterogeneous;C2:resolved;S:role_heterogeneous;O:resolved
primary	250000		N61	primary_W250000_EV004	35025837	37255236	translocation_like	high	140	role_heterogeneous	role_heterogeneous	A3	role_heterogeneous	unresolved_or_heterogeneous	no_unique_strict_prediction	no_unique_strict_prediction	high	0.329753819574	0.366345221846	0.303900958579	q2		false	C1:role_heterogeneous;C2:role_heterogeneous;S:resolved;O:role_heterogeneous
primary	250000		N62	primary_W250000_EV004	35025837	37255236	translocation_like	high	124	A6	A1	role_heterogeneous	role_heterogeneous	unresolved_or_heterogeneous	no_unique_strict_prediction	no_unique_strict_prediction	high	0.36841644388	0.318831769743	0.312751786377	q1		false	C1:resolved;C2:resolved;S:role_heterogeneous;O:role_heterogeneous
primary	250000		Columbea	primary_W250000_EV005	39237022	42267292	inversion_like	moderate	255	role_heterogeneous	A2	role_heterogeneous	A0	unresolved_or_heterogeneous	no_unique_strict_prediction	no_unique_strict_prediction	high	0.344268337974	0.336682109809	0.319049552217	q1		false	C1:role_heterogeneous;C2:resolved;S:role_heterogeneous;O:resolved
primary	250000		N61	primary_W250000_EV005	39237022	42267292	inversion_like	moderate	257	role_heterogeneous	role_heterogeneous	A4	role_heterogeneous	unresolved_or_heterogeneous	no_unique_strict_prediction	no_unique_strict_prediction	high	0.37164410837	0.321167632261	0.307188259369	q1		false	C1:role_heterogeneous;C2:role_heterogeneous;S:resolved;O:role_heterogeneous
primary	250000		N62	primary_W250000_EV005	39237022	42267292	inversion_like	moderate	250	A6	A1	role_heterogeneous	role_heterogeneous	unresolved_or_heterogeneous	no_unique_strict_prediction	no_unique_strict_prediction	high	0.391203607676	0.296619685766	0.312176706558	q1		false	C1:resolved;C2:resolved;S:role_heterogeneous;O:role_heterogeneous
primary	250000		Columbea	primary_W250000_EV006	44647530	45658664	inversion_like	high	48	role_heterogeneous	A4	role_heterogeneous	A0	unresolved_or_heterogeneous	no_unique_strict_prediction	no_unique_strict_prediction	limited	0.967476692356	0.0112433862434	0.0212799214005	q1		false	C1:role_heterogeneous;C2:resolved;S:role_heterogeneous;O:resolved
primary	250000		N61	primary_W250000_EV006	44647530	45658664	inversion_like	high	48	role_heterogeneous	role_heterogeneous	A2	role_heterogeneous	unresolved_or_heterogeneous	no_unique_strict_prediction	no_unique_strict_prediction	limited	0.029252507819	0.958282682171	0.0124648100098	q2		false	C1:role_heterogeneous;C2:role_heterogeneous;S:resolved;O:role_heterogeneous
primary	250000		N62	primary_W250000_EV006	44647530	45658664	inversion_like	high	43	A1	A5	role_heterogeneous	role_heterogeneous	unresolved_or_heterogeneous	no_unique_strict_prediction	no_unique_strict_prediction	limited	0.949449142477	0.0265399696292	0.024010887894	q1		false	C1:resolved;C2:resolved;S:role_heterogeneous;O:role_heterogeneous
primary	250000	250000	Columbea	primary_W250000_EV014	46172770	46672770	single_boundary_event	single_boundary	29	role_heterogeneous	A4	role_heterogeneous	A0	unresolved_or_heterogeneous	no_unique_strict_prediction	no_unique_strict_prediction	high	0.967432950192	0.0249042145594	0.00766283524903	q1		false	C1:role_heterogeneous;C2:resolved;S:role_heterogeneous;O:resolved
primary	250000	250000	N61	primary_W250000_EV014	46172770	46672770	single_boundary_event	single_boundary	26	role_heterogeneous	role_heterogeneous	A4	role_heterogeneous	unresolved_or_heterogeneous	no_unique_strict_prediction	no_unique_strict_prediction	high	0.0206853218816	0.977310215511	0.00200446260711	q2		false	C1:role_heterogeneous;C2:role_heterogeneous;S:resolved;O:role_heterogeneous
primary	250000	250000	N62	primary_W250000_EV014	46172770	46672770	single_boundary_event	single_boundary	19	A3	A2	role_heterogeneous	role_heterogeneous	unresolved_or_heterogeneous	no_unique_strict_prediction	no_unique_strict_prediction	high	0.990547145264	0.00805726012673	0.00139559460969	q1		false	C1:resolved;C2:resolved;S:role_heterogeneous;O:role_heterogeneous
primary	250000		Columbea	primary_W250000_EV007	47143089	49159743	adjacency_change	moderate	132	role_heterogeneous	A2	unresolved	A0	unresolved_or_heterogeneous	no_unique_strict_prediction	no_unique_strict_prediction	unresolved	0.872019099271	0.0722910100808	0.0556898906482	q1		false	C1:role_heterogeneous;C2:resolved;S:unresolved_role_species_state;O:resolved
primary	250000		N61	primary_W250000_EV007	47143089	49159743	adjacency_change	moderate	133	unresolved	role_heterogeneous	A3	role_heterogeneous	unresolved_or_heterogeneous	no_unique_strict_prediction	no_unique_strict_prediction	unresolved	0.046847621235	0.906138021712	0.0470143570527	q2		false	C1:unresolved_role_species_state;C2:role_heterogeneous;S:resolved;O:role_heterogeneous
primary	250000		N62	primary_W250000_EV007	47143089	49159743	adjacency_change	moderate	116	A4	A1	unresolved	role_heterogeneous	unresolved_or_heterogeneous	no_unique_strict_prediction	no_unique_strict_prediction	unresolved	0.893665873324	0.0665931803368	0.0397409463392	q1		false	C1:resolved;C2:resolved;S:unresolved_role_species_state;O:role_heterogeneous
primary	250000	250000	Columbea	primary_W250000_EV015	49374080	49874080	single_boundary_event	single_boundary	15	role_heterogeneous	A3	role_heterogeneous	A0	unresolved_or_heterogeneous	no_unique_strict_prediction	no_unique_strict_prediction	high	0.976592050714	0.0103773115215	0.0130306377642	q1		false	C1:role_heterogeneous;C2:resolved;S:role_heterogeneous;O:resolved
primary	250000	250000	N61	primary_W250000_EV015	49374080	49874080	single_boundary_event	single_boundary	15	role_heterogeneous	role_heterogeneous	A3	role_heterogeneous	unresolved_or_heterogeneous	no_unique_strict_prediction	no_unique_strict_prediction	high	0.253096962274	0.700707696375	0.0461953413506	q2		false	C1:role_heterogeneous;C2:role_heterogeneous;S:resolved;O:role_heterogeneous
primary	250000	250000	N62	primary_W250000_EV015	49374080	49874080	single_boundary_event	single_boundary	13	A2	A1	role_heterogeneous	role_heterogeneous	unresolved_or_heterogeneous	no_unique_strict_prediction	no_unique_strict_prediction	high	0.887895315954	0.00582806984769	0.106276614199	q1		false	C1:resolved;C2:resolved;S:role_heterogeneous;O:role_heterogeneous
primary	250000		Columbea	primary_W250000_EV008	50410378	50989362	adjacency_change	high	35	role_heterogeneous	A3	unresolved	A0	unresolved_or_heterogeneous	no_unique_strict_prediction	no_unique_strict_prediction	unresolved	0.985714285714	0.0142857142857	0	q1		false	C1:role_heterogeneous;C2:resolved;S:unresolved_role_species_state;O:resolved
primary	250000		N61	primary_W250000_EV008	50410378	50989362	adjacency_change	high	35	unresolved	role_heterogeneous	A1	role_heterogeneous	unresolved_or_heterogeneous	no_unique_strict_prediction	no_unique_strict_prediction	unresolved	0	1	0	q2		false	C1:unresolved_role_species_state;C2:role_heterogeneous;S:resolved;O:role_heterogeneous
primary	250000		N62	primary_W250000_EV008	50410378	50989362	adjacency_change	high	31	A4	A5	unresolved	role_heterogeneous	unresolved_or_heterogeneous	no_unique_strict_prediction	no_unique_strict_prediction	unresolved	0.992255492213	0.00259198858408	0.00515251920296	q1		false	C1:resolved;C2:resolved;S:unresolved_role_species_state;O:role_heterogeneous
primary	250000		Columbea	primary_W250000_EV009	51789124	57203613	inversion_like	high	367	role_heterogeneous	A1	role_heterogeneous	A0	unresolved_or_heterogeneous	no_unique_strict_prediction	no_unique_strict_prediction	high	0.894751707602	0.0541838873879	0.0510644050102	q1		false	C1:role_heterogeneous;C2:resolved;S:role_heterogeneous;O:resolved
primary	250000		N61	primary_W250000_EV009	51789124	57203613	inversion_like	high	369	role_heterogeneous	role_heterogeneous	A3	role_heterogeneous	unresolved_or_heterogeneous	no_unique_strict_prediction	no_unique_strict_prediction	high	0.0620310579018	0.896294460639	0.0416744814587	q2		false	C1:role_heterogeneous;C2:role_heterogeneous;S:resolved;O:role_heterogeneous
primary	250000		N62	primary_W250000_EV009	51789124	57203613	inversion_like	high	360	A5	A2	role_heterogeneous	role_heterogeneous	unresolved_or_heterogeneous	no_unique_strict_prediction	no_unique_strict_prediction	high	0.917924971392	0.0510533804477	0.0310216481604	q1		false	C1:resolved;C2:resolved;S:role_heterogeneous;O:role_heterogeneous
primary	250000		Columbea	primary_W250000_EV010	58171516	59982754	adjacency_change	high	137	role_heterogeneous	A1	role_heterogeneous	A0	unresolved_or_heterogeneous	no_unique_strict_prediction	no_unique_strict_prediction	high	0.383554491666	0.31849883486	0.297946673474	q1		false	C1:role_heterogeneous;C2:resolved;S:role_heterogeneous;O:resolved
primary	250000		N61	primary_W250000_EV010	58171516	59982754	adjacency_change	high	138	role_heterogeneous	role_heterogeneous	A4	role_heterogeneous	unresolved_or_heterogeneous	no_unique_strict_prediction	no_unique_strict_prediction	high	0.340898380581	0.318276431497	0.340825187922	q1		false	C1:role_heterogeneous;C2:role_heterogeneous;S:resolved;O:role_heterogeneous
primary	250000		N62	primary_W250000_EV010	58171516	59982754	adjacency_change	high	128	A6	A3	role_heterogeneous	role_heterogeneous	unresolved_or_heterogeneous	no_unique_strict_prediction	no_unique_strict_prediction	high	0.369326664079	0.335013602468	0.295659733454	q1		false	C1:resolved;C2:resolved;S:role_heterogeneous;O:role_heterogeneous
primary	250000	250000	Columbea	primary_W250000_EV016	60785423	61285423	single_boundary_event	single_boundary	32	role_heterogeneous	A3	role_heterogeneous	A0	unresolved_or_heterogeneous	no_unique_strict_prediction	no_unique_strict_prediction	limited	0.30271024423	0.342341017918	0.354948737852	q3		false	C1:role_heterogeneous;C2:resolved;S:role_heterogeneous;O:resolved
primary	250000	250000	N61	primary_W250000_EV016	60785423	61285423	single_boundary_event	single_boundary	33	role_heterogeneous	role_heterogeneous	A3	role_heterogeneous	unresolved_or_heterogeneous	no_unique_strict_prediction	no_unique_strict_prediction	limited	0.413338326561	0.304611925398	0.282049748041	q1		false	C1:role_heterogeneous;C2:role_heterogeneous;S:resolved;O:role_heterogeneous
primary	250000	250000	N62	primary_W250000_EV016	60785423	61285423	single_boundary_event	single_boundary	33	A2	A1	role_heterogeneous	role_heterogeneous	unresolved_or_heterogeneous	no_unique_strict_prediction	no_unique_strict_prediction	limited	0.400655705686	0.365648778607	0.233695515707	q1		false	C1:resolved;C2:resolved;S:role_heterogeneous;O:role_heterogeneous
stringent	250000	250000	Columbea	stringent_W250000_EV008	1699860	2199860	single_boundary_event	single_boundary	19	role_heterogeneous	A2	role_heterogeneous	A0	unresolved_or_heterogeneous	no_unique_strict_prediction	no_unique_strict_prediction	limited	0.313045151712	0.330779818755	0.356175029533	q3		false	C1:role_heterogeneous;C2:resolved;S:role_heterogeneous;O:resolved
stringent	250000	250000	N61	stringent_W250000_EV008	1699860	2199860	single_boundary_event	single_boundary	19	role_heterogeneous	role_heterogeneous	A2	role_heterogeneous	unresolved_or_heterogeneous	no_unique_strict_prediction	no_unique_strict_prediction	limited	0.302827326825	0.360483293823	0.336689379351	q2		false	C1:role_heterogeneous;C2:role_heterogeneous;S:resolved;O:role_heterogeneous
stringent	250000	250000	N62	stringent_W250000_EV008	1699860	2199860	single_boundary_event	single_boundary	15	A3	A1	role_heterogeneous	role_heterogeneous	unresolved_or_heterogeneous	no_unique_strict_prediction	no_unique_strict_prediction	limited	0.25797478555	0.488957457198	0.253067757252	q2		false	C1:resolved;C2:resolved;S:role_heterogeneous;O:role_heterogeneous
stringent	250000		Columbea	stringent_W250000_EV001	9504880	10974030	adjacency_change	moderate	123	role_heterogeneous	A2	role_heterogeneous	A0	unresolved_or_heterogeneous	no_unique_strict_prediction	no_unique_strict_prediction	limited	0.297241755479	0.368203215953	0.334555028568	q2		false	C1:role_heterogeneous;C2:resolved;S:role_heterogeneous;O:resolved
stringent	250000		N61	stringent_W250000_EV001	9504880	10974030	adjacency_change	moderate	123	role_heterogeneous	role_heterogeneous	A1	role_heterogeneous	unresolved_or_heterogeneous	no_unique_strict_prediction	no_unique_strict_prediction	limited	0.30125948929	0.346589905379	0.352150605331	q3		false	C1:role_heterogeneous;C2:role_heterogeneous;S:resolved;O:role_heterogeneous
stringent	250000		N62	stringent_W250000_EV001	9504880	10974030	adjacency_change	moderate	118	A4	A6	role_heterogeneous	role_heterogeneous	unresolved_or_heterogeneous	no_unique_strict_prediction	no_unique_strict_prediction	limited	0.332167336378	0.337856257778	0.329976405844	q2		false	C1:resolved;C2:resolved;S:role_heterogeneous;O:role_heterogeneous
stringent	250000		Columbea	stringent_W250000_EV002	19760078	25213019	adjacency_change	high	317	role_heterogeneous	A5	role_heterogeneous	A0	unresolved_or_heterogeneous	no_unique_strict_prediction	no_unique_strict_prediction	limited	0.409697337187	0.315806794337	0.274495868476	q1		false	C1:role_heterogeneous;C2:resolved;S:role_heterogeneous;O:resolved
stringent	250000		N61	stringent_W250000_EV002	19760078	25213019	adjacency_change	high	318	role_heterogeneous	role_heterogeneous	A4	role_heterogeneous	unresolved_or_heterogeneous	no_unique_strict_prediction	no_unique_strict_prediction	limited	0.330374539492	0.375279074831	0.294346385677	q2		false	C1:role_heterogeneous;C2:role_heterogeneous;S:resolved;O:role_heterogeneous
stringent	250000		N62	stringent_W250000_EV002	19760078	25213019	adjacency_change	high	307	A1	A3	role_heterogeneous	role_heterogeneous	unresolved_or_heterogeneous	no_unique_strict_prediction	no_unique_strict_prediction	limited	0.382378781801	0.321243185941	0.296378032258	q1		false	C1:resolved;C2:resolved;S:role_heterogeneous;O:role_heterogeneous
stringent	250000		Columbea	stringent_W250000_EV003	25559087	34021640	inversion_like	high	547	role_heterogeneous	A5	role_heterogeneous	A0	unresolved_or_heterogeneous	no_unique_strict_prediction	no_unique_strict_prediction	limited	0.868827930682	0.0689231393157	0.062248930002	q1		false	C1:role_heterogeneous;C2:resolved;S:role_heterogeneous;O:resolved
stringent	250000		N61	stringent_W250000_EV003	25559087	34021640	inversion_like	high	552	role_heterogeneous	role_heterogeneous	A3	role_heterogeneous	unresolved_or_heterogeneous	no_unique_strict_prediction	no_unique_strict_prediction	limited	0.0872445379222	0.849323155432	0.0634323066454	q2		false	C1:role_heterogeneous;C2:role_heterogeneous;S:resolved;O:role_heterogeneous
stringent	250000		N62	stringent_W250000_EV003	25559087	34021640	inversion_like	high	537	A6	A1	role_heterogeneous	role_heterogeneous	unresolved_or_heterogeneous	no_unique_strict_prediction	no_unique_strict_prediction	limited	0.889615741614	0.0473557665531	0.0630284918325	q1		false	C1:resolved;C2:resolved;S:role_heterogeneous;O:role_heterogeneous
stringent	250000		Columbea	stringent_W250000_EV004	35025837	37255236	translocation_like	high	139	role_heterogeneous	A5	role_heterogeneous	A0	unresolved_or_heterogeneous	no_unique_strict_prediction	no_unique_strict_prediction	high	0.335357812765	0.354652970276	0.309989216959	q2		false	C1:role_heterogeneous;C2:resolved;S:role_heterogeneous;O:resolved
stringent	250000		N61	stringent_W250000_EV004	35025837	37255236	translocation_like	high	140	role_heterogeneous	role_heterogeneous	A3	role_heterogeneous	unresolved_or_heterogeneous	no_unique_strict_prediction	no_unique_strict_prediction	high	0.329753819574	0.366345221846	0.303900958579	q2		false	C1:role_heterogeneous;C2:role_heterogeneous;S:resolved;O:role_heterogeneous
stringent	250000		N62	stringent_W250000_EV004	35025837	37255236	translocation_like	high	124	A6	A1	role_heterogeneous	role_heterogeneous	unresolved_or_heterogeneous	no_unique_strict_prediction	no_unique_strict_prediction	high	0.36841644388	0.318831769743	0.312751786377	q1		false	C1:resolved;C2:resolved;S:role_heterogeneous;O:role_heterogeneous
stringent	250000		Columbea	stringent_W250000_EV005	39237022	44647530	inversion_like	high	431	role_heterogeneous	A2	role_heterogeneous	A0	unresolved_or_heterogeneous	no_unique_strict_prediction	no_unique_strict_prediction	limited	0.402095650227	0.317199613586	0.280704736187	q1		false	C1:role_heterogeneous;C2:resolved;S:role_heterogeneous;O:resolved
stringent	250000		N61	stringent_W250000_EV005	39237022	44647530	inversion_like	high	433	role_heterogeneous	role_heterogeneous	A4	role_heterogeneous	unresolved_or_heterogeneous	no_unique_strict_prediction	no_unique_strict_prediction	limited	0.329552568017	0.382210250566	0.288237181417	q2		false	C1:role_heterogeneous;C2:role_heterogeneous;S:resolved;O:role_heterogeneous
stringent	250000		N62	stringent_W250000_EV005	39237022	44647530	inversion_like	high	420	A6	A1	role_heterogeneous	role_heterogeneous	unresolved_or_heterogeneous	no_unique_strict_prediction	no_unique_strict_prediction	limited	0.442491677448	0.273419976114	0.284088346438	q1		false	C1:resolved;C2:resolved;S:role_heterogeneous;O:role_heterogeneous
stringent	250000		Columbea	stringent_W250000_EV006	45658664	46422770	inversion_like	high	41	unresolved	A3	unresolved	A0	unresolved_or_heterogeneous	no_unique_strict_prediction	no_unique_strict_prediction	unresolved	0.951350836309	0.0260143625065	0.0226348011843	q1		false	C1:unresolved_role_species_state;C2:resolved;S:unresolved_role_species_state;O:resolved
stringent	250000		N61	stringent_W250000_EV006	45658664	46422770	inversion_like	high	41	unresolved	unresolved	A2	role_heterogeneous	unresolved_or_heterogeneous	no_unique_strict_prediction	no_unique_strict_prediction	unresolved	0.0758890330821	0.914469593848	0.00964137307024	q2		false	C1:unresolved_role_species_state;C2:unresolved_role_species_state;S:resolved;O:role_heterogeneous
stringent	250000		N62	stringent_W250000_EV006	45658664	46422770	inversion_like	high	40	A4	unresolved	unresolved	role_heterogeneous	unresolved_or_heterogeneous	no_unique_strict_prediction	no_unique_strict_prediction	unresolved	0.958167563474	0.0210090197446	0.0208234167815	q1		false	C1:resolved;C2:unresolved_role_species_state;S:unresolved_role_species_state;O:role_heterogeneous
stringent	250000		Columbea	stringent_W250000_EV007	49624080	50989362	inversion_like	moderate	75	role_heterogeneous	A5	role_heterogeneous	A0	unresolved_or_heterogeneous	no_unique_strict_prediction	no_unique_strict_prediction	high	0.958228463053	0.0347209649498	0.00705057199728	q1		false	C1:role_heterogeneous;C2:resolved;S:role_heterogeneous;O:resolved
stringent	250000		N61	stringent_W250000_EV007	49624080	50989362	inversion_like	moderate	75	role_heterogeneous	role_heterogeneous	A3	role_heterogeneous	unresolved_or_heterogeneous	no_unique_strict_prediction	no_unique_strict_prediction	high	0.0674520914824	0.92571030275	0.00683760576803	q2		false	C1:role_heterogeneous;C2:role_heterogeneous;S:resolved;O:role_heterogeneous
stringent	250000		N62	stringent_W250000_EV007	49624080	50989362	inversion_like	moderate	66	A2	A1	role_heterogeneous	role_heterogeneous	unresolved_or_heterogeneous	no_unique_strict_prediction	no_unique_strict_prediction	high	0.933835869297	0.0145541063135	0.0516100243893	q1		false	C1:resolved;C2:resolved;S:role_heterogeneous;O:role_heterogeneous
stringent	250000	250000	Columbea	stringent_W250000_EV009	57921516	58421516	single_boundary_event	single_boundary	39	role_heterogeneous	A1	role_heterogeneous	A0	unresolved_or_heterogeneous	no_unique_strict_prediction	no_unique_strict_prediction	high	0.355981837144	0.39832078417	0.245697378686	q2		false	C1:role_heterogeneous;C2:resolved;S:role_heterogeneous;O:resolved
stringent	250000	250000	N61	stringent_W250000_EV009	57921516	58421516	single_boundary_event	single_boundary	39	role_heterogeneous	role_heterogeneous	A2	role_heterogeneous	unresolved_or_heterogeneous	no_unique_strict_prediction	no_unique_strict_prediction	high	0.298342779062	0.390534807908	0.31112241303	q2		false	C1:role_heterogeneous;C2:role_heterogeneous;S:resolved;O:role_heterogeneous
stringent	250000	250000	N62	stringent_W250000_EV009	57921516	58421516	single_boundary_event	single_boundary	37	A3	A1	role_heterogeneous	role_heterogeneous	unresolved_or_heterogeneous	no_unique_strict_prediction	no_unique_strict_prediction	high	0.428116979679	0.336653750823	0.235229269498	q1		false	C1:resolved;C2:resolved;S:role_heterogeneous;O:role_heterogeneous
inclusive	250000	250000	Columbea	inclusive_W250000_EV019	1332350	1832350	single_boundary_event	single_boundary	32	role_heterogeneous	A4	role_heterogeneous	A0	unresolved_or_heterogeneous	no_unique_strict_prediction	no_unique_strict_prediction	limited	0.391594058721	0.312172618688	0.296233322591	q1		false	C1:role_heterogeneous;C2:resolved;S:role_heterogeneous;O:resolved
inclusive	250000	250000	N61	inclusive_W250000_EV019	1332350	1832350	single_boundary_event	single_boundary	32	role_heterogeneous	role_heterogeneous	A4	role_heterogeneous	unresolved_or_heterogeneous	no_unique_strict_prediction	no_unique_strict_prediction	limited	0.34137407156	0.310229172276	0.348396756164	q3		false	C1:role_heterogeneous;C2:role_heterogeneous;S:resolved;O:role_heterogeneous
inclusive	250000	250000	N62	inclusive_W250000_EV019	1332350	1832350	single_boundary_event	single_boundary	27	A2	A1	role_heterogeneous	role_heterogeneous	unresolved_or_heterogeneous	no_unique_strict_prediction	no_unique_strict_prediction	limited	0.289539169313	0.356953450565	0.353507380121	q2		false	C1:resolved;C2:resolved;S:role_heterogeneous;O:role_heterogeneous
inclusive	250000	250000	Columbea	inclusive_W250000_EV020	1699860	2199860	single_boundary_event	single_boundary	19	role_heterogeneous	A2	role_heterogeneous	A0	unresolved_or_heterogeneous	no_unique_strict_prediction	no_unique_strict_prediction	limited	0.313045151712	0.330779818755	0.356175029533	q3		false	C1:role_heterogeneous;C2:resolved;S:role_heterogeneous;O:resolved
inclusive	250000	250000	N61	inclusive_W250000_EV020	1699860	2199860	single_boundary_event	single_boundary	19	role_heterogeneous	role_heterogeneous	A2	role_heterogeneous	unresolved_or_heterogeneous	no_unique_strict_prediction	no_unique_strict_prediction	limited	0.302827326825	0.360483293823	0.336689379351	q2		false	C1:role_heterogeneous;C2:role_heterogeneous;S:resolved;O:role_heterogeneous
inclusive	250000	250000	N62	inclusive_W250000_EV020	1699860	2199860	single_boundary_event	single_boundary	15	A3	A1	role_heterogeneous	role_heterogeneous	unresolved_or_heterogeneous	no_unique_strict_prediction	no_unique_strict_prediction	limited	0.25797478555	0.488957457198	0.253067757252	q2		false	C1:resolved;C2:resolved;S:role_heterogeneous;O:role_heterogeneous
inclusive	250000		Columbea	inclusive_W250000_EV001	5161408	8704428	adjacency_change	moderate	304	role_heterogeneous	A2	role_heterogeneous	A0	unresolved_or_heterogeneous	no_unique_strict_prediction	no_unique_strict_prediction	high	0.326857619555	0.354746766196	0.318395614249	q2		false	C1:role_heterogeneous;C2:resolved;S:role_heterogeneous;O:resolved
inclusive	250000		N61	inclusive_W250000_EV001	5161408	8704428	adjacency_change	moderate	304	role_heterogeneous	role_heterogeneous	A1	role_heterogeneous	unresolved_or_heterogeneous	no_unique_strict_prediction	no_unique_strict_prediction	high	0.335724926065	0.329172014288	0.335103059647	q1		false	C1:role_heterogeneous;C2:role_heterogeneous;S:resolved;O:role_heterogeneous
inclusive	250000		N62	inclusive_W250000_EV001	5161408	8704428	adjacency_change	moderate	292	A4	A6	role_heterogeneous	role_heterogeneous	unresolved_or_heterogeneous	no_unique_strict_prediction	no_unique_strict_prediction	high	0.323274880368	0.354052098453	0.322673021179	q2		false	C1:resolved;C2:resolved;S:role_heterogeneous;O:role_heterogeneous
inclusive	250000		Columbea	inclusive_W250000_EV002	9504880	10974030	adjacency_change	moderate	123	role_heterogeneous	A2	role_heterogeneous	A0	unresolved_or_heterogeneous	no_unique_strict_prediction	no_unique_strict_prediction	limited	0.297241755479	0.368203215953	0.334555028568	q2		false	C1:role_heterogeneous;C2:resolved;S:role_heterogeneous;O:resolved
inclusive	250000		N61	inclusive_W250000_EV002	9504880	10974030	adjacency_change	moderate	123	role_heterogeneous	role_heterogeneous	A1	role_heterogeneous	unresolved_or_heterogeneous	no_unique_strict_prediction	no_unique_strict_prediction	limited	0.30125948929	0.346589905379	0.352150605331	q3		false	C1:role_heterogeneous;C2:role_heterogeneous;S:resolved;O:role_heterogeneous
inclusive	250000		N62	inclusive_W250000_EV002	9504880	10974030	adjacency_change	moderate	118	A4	A6	role_heterogeneous	role_heterogeneous	unresolved_or_heterogeneous	no_unique_strict_prediction	no_unique_strict_prediction	limited	0.332167336378	0.337856257778	0.329976405844	q2		false	C1:resolved;C2:resolved;S:role_heterogeneous;O:role_heterogeneous
inclusive	250000		Columbea	inclusive_W250000_EV003	11304692	12214254	adjacency_change	moderate	67	role_heterogeneous	A2	role_heterogeneous	A0	unresolved_or_heterogeneous	no_unique_strict_prediction	no_unique_strict_prediction	limited	0.365450551823	0.361617861446	0.272931586731	q1		false	C1:role_heterogeneous;C2:resolved;S:role_heterogeneous;O:resolved
inclusive	250000		N61	inclusive_W250000_EV003	11304692	12214254	adjacency_change	moderate	68	role_heterogeneous	role_heterogeneous	A1	role_heterogeneous	unresolved_or_heterogeneous	no_unique_strict_prediction	no_unique_strict_prediction	limited	0.35993820871	0.303044132278	0.337017659012	q1		false	C1:role_heterogeneous;C2:role_heterogeneous;S:resolved;O:role_heterogeneous
inclusive	250000		N62	inclusive_W250000_EV003	11304692	12214254	adjacency_change	moderate	67	A3	A6	role_heterogeneous	role_heterogeneous	unresolved_or_heterogeneous	no_unique_strict_prediction	no_unique_strict_prediction	limited	0.369190417904	0.353805334096	0.277004248	q1		false	C1:resolved;C2:resolved;S:role_heterogeneous;O:role_heterogeneous
inclusive	250000		Columbea	inclusive_W250000_EV004	12886511	14318518	adjacency_change	high	76	role_heterogeneous	A3	role_heterogeneous	A0	unresolved_or_heterogeneous	no_unique_strict_prediction	no_unique_strict_prediction	high	0.322948149059	0.341268852209	0.335782998731	q2		false	C1:role_heterogeneous;C2:resolved;S:role_heterogeneous;O:resolved
inclusive	250000		N61	inclusive_W250000_EV004	12886511	14318518	adjacency_change	high	76	role_heterogeneous	role_heterogeneous	A1	role_heterogeneous	unresolved_or_heterogeneous	no_unique_strict_prediction	no_unique_strict_prediction	high	0.323990976647	0.328543808297	0.347465215055	q3		false	C1:role_heterogeneous;C2:role_heterogeneous;S:resolved;O:role_heterogeneous
inclusive	250000		N62	inclusive_W250000_EV004	12886511	14318518	adjacency_change	high	70	A4	A6	role_heterogeneous	role_heterogeneous	unresolved_or_heterogeneous	no_unique_strict_prediction	no_unique_strict_prediction	high	0.374039032558	0.354341170822	0.27161979662	q1		false	C1:resolved;C2:resolved;S:role_heterogeneous;O:role_heterogeneous
inclusive	250000		Columbea	inclusive_W250000_EV005	16491814	18036264	adjacency_change	high	104	role_heterogeneous	A3	role_heterogeneous	A0	unresolved_or_heterogeneous	no_unique_strict_prediction	no_unique_strict_prediction	high	0.385427906698	0.262632447754	0.351939645548	q1		false	C1:role_heterogeneous;C2:resolved;S:role_heterogeneous;O:resolved
inclusive	250000		N61	inclusive_W250000_EV005	16491814	18036264	adjacency_change	high	104	role_heterogeneous	role_heterogeneous	A1	role_heterogeneous	unresolved_or_heterogeneous	no_unique_strict_prediction	no_unique_strict_prediction	high	0.390861214002	0.299764082723	0.309374703275	q1		false	C1:role_heterogeneous;C2:role_heterogeneous;S:resolved;O:role_heterogeneous
inclusive	250000		N62	inclusive_W250000_EV005	16491814	18036264	adjacency_change	high	101	A2	A6	role_heterogeneous	role_heterogeneous	unresolved_or_heterogeneous	no_unique_strict_prediction	no_unique_strict_prediction	high	0.289282655127	0.326731800399	0.383985544474	q3		false	C1:resolved;C2:resolved;S:role_heterogeneous;O:role_heterogeneous
inclusive	250000		Columbea	inclusive_W250000_EV006	19760078	25213019	adjacency_change	high	317	role_heterogeneous	A5	role_heterogeneous	A0	unresolved_or_heterogeneous	no_unique_strict_prediction	no_unique_strict_prediction	limited	0.409697337187	0.315806794337	0.274495868476	q1		false	C1:role_heterogeneous;C2:resolved;S:role_heterogeneous;O:resolved
inclusive	250000		N61	inclusive_W250000_EV006	19760078	25213019	adjacency_change	high	318	role_heterogeneous	role_heterogeneous	A4	role_heterogeneous	unresolved_or_heterogeneous	no_unique_strict_prediction	no_unique_strict_prediction	limited	0.330374539492	0.375279074831	0.294346385677	q2		false	C1:role_heterogeneous;C2:role_heterogeneous;S:resolved;O:role_heterogeneous
inclusive	250000		N62	inclusive_W250000_EV006	19760078	25213019	adjacency_change	high	307	A1	A3	role_heterogeneous	role_heterogeneous	unresolved_or_heterogeneous	no_unique_strict_prediction	no_unique_strict_prediction	limited	0.382378781801	0.321243185941	0.296378032258	q1		false	C1:resolved;C2:resolved;S:role_heterogeneous;O:role_heterogeneous
inclusive	250000	250000	Columbea	inclusive_W250000_EV021	25309087	25809087	single_boundary_event	single_boundary	43	role_heterogeneous	A3	role_heterogeneous	A0	unresolved_or_heterogeneous	no_unique_strict_prediction	no_unique_strict_prediction	high	0.910887397465	0.0581828902416	0.0309297122938	q1		false	C1:role_heterogeneous;C2:resolved;S:role_heterogeneous;O:resolved
inclusive	250000	250000	N61	inclusive_W250000_EV021	25309087	25809087	single_boundary_event	single_boundary	44	role_heterogeneous	role_heterogeneous	A3	role_heterogeneous	unresolved_or_heterogeneous	no_unique_strict_prediction	no_unique_strict_prediction	high	0.0310830226764	0.958077383791	0.010839593533	q2		false	C1:role_heterogeneous;C2:role_heterogeneous;S:resolved;O:role_heterogeneous
inclusive	250000	250000	N62	inclusive_W250000_EV021	25309087	25809087	single_boundary_event	single_boundary	42	A4	A1	role_heterogeneous	role_heterogeneous	unresolved_or_heterogeneous	no_unique_strict_prediction	no_unique_strict_prediction	high	0.96972651557	0.0136212186435	0.0166522657869	q1		false	C1:resolved;C2:resolved;S:role_heterogeneous;O:role_heterogeneous
inclusive	250000	250000	Columbea	inclusive_W250000_EV022	32984049	33484049	single_boundary_event	single_boundary	30	role_heterogeneous	A4	role_heterogeneous	A0	unresolved_or_heterogeneous	no_unique_strict_prediction	no_unique_strict_prediction	high	0.285402433992	0.38860324876	0.325994317248	q2		false	C1:role_heterogeneous;C2:resolved;S:role_heterogeneous;O:resolved
inclusive	250000	250000	N61	inclusive_W250000_EV022	32984049	33484049	single_boundary_event	single_boundary	32	role_heterogeneous	role_heterogeneous	A4	role_heterogeneous	unresolved_or_heterogeneous	no_unique_strict_prediction	no_unique_strict_prediction	high	0.31692457755	0.328910407967	0.354165014482	q3		false	C1:role_heterogeneous;C2:role_heterogeneous;S:resolved;O:role_heterogeneous
inclusive	250000	250000	N62	inclusive_W250000_EV022	32984049	33484049	single_boundary_event	single_boundary	32	A2	A1	role_heterogeneous	role_heterogeneous	unresolved_or_heterogeneous	no_unique_strict_prediction	no_unique_strict_prediction	high	0.246158216768	0.306933336688	0.446908446544	q3		false	C1:resolved;C2:resolved;S:role_heterogeneous;O:role_heterogeneous
inclusive	250000		Columbea	inclusive_W250000_EV007	34021640	34232794	inversion_like	moderate	9	role_heterogeneous	A5	role_heterogeneous	A0	unresolved_or_heterogeneous	no_unique_strict_prediction	no_unique_strict_prediction	limited	0.931553552794	0.0629859429457	0.00546050426071	q1		false	C1:role_heterogeneous;C2:resolved;S:role_heterogeneous;O:resolved
inclusive	250000		N61	inclusive_W250000_EV007	34021640	34232794	inversion_like	moderate	9	role_heterogeneous	role_heterogeneous	A3	role_heterogeneous	unresolved_or_heterogeneous	no_unique_strict_prediction	no_unique_strict_prediction	limited	0.164153015195	0.812179745241	0.0236672395639	q2		false	C1:role_heterogeneous;C2:role_heterogeneous;S:resolved;O:role_heterogeneous
inclusive	250000		N62	inclusive_W250000_EV007	34021640	34232794	inversion_like	moderate	8	A2	A1	role_heterogeneous	role_heterogeneous	unresolved_or_heterogeneous	no_unique_strict_prediction	no_unique_strict_prediction	limited	0.891236257403	0.0646773692812	0.0440863733164	q1		false	C1:resolved;C2:resolved;S:role_heterogeneous;O:role_heterogeneous
inclusive	250000	250000	Columbea	inclusive_W250000_EV023	34491919	34991919	single_boundary_event	single_boundary	26	role_heterogeneous	A2	role_heterogeneous	A0	unresolved_or_heterogeneous	no_unique_strict_prediction	no_unique_strict_prediction	high	0.261884153809	0.391534036455	0.346581809736	q2		false	C1:role_heterogeneous;C2:resolved;S:role_heterogeneous;O:resolved
inclusive	250000	250000	N61	inclusive_W250000_EV023	34491919	34991919	single_boundary_event	single_boundary	26	role_heterogeneous	role_heterogeneous	A2	role_heterogeneous	unresolved_or_heterogeneous	no_unique_strict_prediction	no_unique_strict_prediction	high	0.31521632801	0.354692010946	0.330091661043	q2		false	C1:role_heterogeneous;C2:role_heterogeneous;S:resolved;O:role_heterogeneous
inclusive	250000	250000	N62	inclusive_W250000_EV023	34491919	34991919	single_boundary_event	single_boundary	22	A1	A3	role_heterogeneous	role_heterogeneous	unresolved_or_heterogeneous	no_unique_strict_prediction	no_unique_strict_prediction	high	0.353899620836	0.32729028143	0.318810097734	q1		false	C1:resolved;C2:resolved;S:role_heterogeneous;O:role_heterogeneous
inclusive	250000		Columbea	inclusive_W250000_EV008	35025837	35331645	adjacency_change	high	3	role_heterogeneous	A5	role_heterogeneous	A0	unresolved_or_heterogeneous	no_unique_strict_prediction	no_unique_strict_prediction	high	0.314213067838	0.138979090099	0.546807842063	q3		false	C1:role_heterogeneous;C2:resolved;S:role_heterogeneous;O:resolved
inclusive	250000		N61	inclusive_W250000_EV008	35025837	35331645	adjacency_change	high	3	role_heterogeneous	role_heterogeneous	A3	role_heterogeneous	unresolved_or_heterogeneous	no_unique_strict_prediction	no_unique_strict_prediction	high	0.650284122471	0.207582570918	0.142133306611	q1		false	C1:role_heterogeneous;C2:role_heterogeneous;S:resolved;O:role_heterogeneous
inclusive	250000		N62	inclusive_W250000_EV008	35025837	35331645	adjacency_change	high	2	A6	A1	role_heterogeneous	role_heterogeneous	unresolved_or_heterogeneous	no_unique_strict_prediction	no_unique_strict_prediction	high	0.599970862471	0.227552484435	0.172476653094	q1		false	C1:resolved;C2:resolved;S:role_heterogeneous;O:role_heterogeneous
inclusive	250000		Columbea	inclusive_W250000_EV009	37255236	39237022	adjacency_change	high	119	role_heterogeneous	A3	role_heterogeneous	A0	unresolved_or_heterogeneous	no_unique_strict_prediction	no_unique_strict_prediction	high	0.341703678844	0.341617614523	0.316678706633	q1		false	C1:role_heterogeneous;C2:resolved;S:role_heterogeneous;O:resolved
inclusive	250000		N61	inclusive_W250000_EV009	37255236	39237022	adjacency_change	high	123	role_heterogeneous	role_heterogeneous	A2	role_heterogeneous	unresolved_or_heterogeneous	no_unique_strict_prediction	no_unique_strict_prediction	high	0.340240188321	0.304584916477	0.355174895202	q3		false	C1:role_heterogeneous;C2:role_heterogeneous;S:resolved;O:role_heterogeneous
inclusive	250000		N62	inclusive_W250000_EV009	37255236	39237022	adjacency_change	high	119	A6	A1	role_heterogeneous	role_heterogeneous	unresolved_or_heterogeneous	no_unique_strict_prediction	no_unique_strict_prediction	high	0.338479431443	0.32392300586	0.337597562697	q1		false	C1:resolved;C2:resolved;S:role_heterogeneous;O:role_heterogeneous
inclusive	250000		Columbea	inclusive_W250000_EV010	42267292	44647530	inversion_like	high	176	role_heterogeneous	A3	role_heterogeneous	A0	unresolved_or_heterogeneous	no_unique_strict_prediction	no_unique_strict_prediction	limited	0.485879540138	0.288972133263	0.225148326598	q1		false	C1:role_heterogeneous;C2:resolved;S:role_heterogeneous;O:resolved
inclusive	250000		N61	inclusive_W250000_EV010	42267292	44647530	inversion_like	high	176	role_heterogeneous	role_heterogeneous	A1	role_heterogeneous	unresolved_or_heterogeneous	no_unique_strict_prediction	no_unique_strict_prediction	limited	0.268089352842	0.471346346613	0.260564300545	q2		false	C1:role_heterogeneous;C2:role_heterogeneous;S:resolved;O:role_heterogeneous
inclusive	250000		N62	inclusive_W250000_EV010	42267292	44647530	inversion_like	high	170	A6	A4	role_heterogeneous	role_heterogeneous	unresolved_or_heterogeneous	no_unique_strict_prediction	no_unique_strict_prediction	limited	0.517915309465	0.239302756037	0.242781934498	q1		false	C1:resolved;C2:resolved;S:role_heterogeneous;O:role_heterogeneous
inclusive	250000		Columbea	inclusive_W250000_EV011	45658664	46422770	inversion_like	high	41	unresolved	A3	unresolved	A0	unresolved_or_heterogeneous	no_unique_strict_prediction	no_unique_strict_prediction	unresolved	0.951350836309	0.0260143625065	0.0226348011843	q1		false	C1:unresolved_role_species_state;C2:resolved;S:unresolved_role_species_state;O:resolved
inclusive	250000		N61	inclusive_W250000_EV011	45658664	46422770	inversion_like	high	41	unresolved	unresolved	A2	role_heterogeneous	unresolved_or_heterogeneous	no_unique_strict_prediction	no_unique_strict_prediction	unresolved	0.0758890330821	0.914469593848	0.00964137307024	q2		false	C1:unresolved_role_species_state;C2:unresolved_role_species_state;S:resolved;O:role_heterogeneous
inclusive	250000		N62	inclusive_W250000_EV011	45658664	46422770	inversion_like	high	40	A4	unresolved	unresolved	role_heterogeneous	unresolved_or_heterogeneous	no_unique_strict_prediction	no_unique_strict_prediction	unresolved	0.958167563474	0.0210090197446	0.0208234167815	q1		false	C1:resolved;C2:unresolved_role_species_state;S:unresolved_role_species_state;O:role_heterogeneous
inclusive	250000		Columbea	inclusive_W250000_EV012	47143089	47228924	inversion_like	moderate	8	unresolved	unresolved	unresolved	A0	unresolved_or_heterogeneous	no_unique_strict_prediction	no_unique_strict_prediction	unresolved	0.875	0.125	0	q1		false	C1:unresolved_role_species_state;C2:unresolved_role_species_state;S:unresolved_role_species_state;O:resolved
inclusive	250000		N61	inclusive_W250000_EV012	47143089	47228924	inversion_like	moderate	8	unresolved	unresolved	unresolved	unresolved	unresolved_or_heterogeneous	no_unique_strict_prediction	no_unique_strict_prediction	unresolved	0	1	0	q2		false	C1:unresolved_role_species_state;C2:unresolved_role_species_state;S:unresolved_role_species_state;O:unresolved_role_species_state
inclusive	250000		N62	inclusive_W250000_EV012	47143089	47228924	inversion_like	moderate	6	unresolved	unresolved	unresolved	unresolved	unresolved_or_heterogeneous	no_unique_strict_prediction	no_unique_strict_prediction	unresolved	0.99339798965	0.00398698911247	0.00261502123774	q1		false	C1:unresolved_role_species_state;C2:unresolved_role_species_state;S:unresolved_role_species_state;O:unresolved_role_species_state
inclusive	250000		Columbea	inclusive_W250000_EV013	49159743	49624080	inversion_like	high	13	role_heterogeneous	A3	role_heterogeneous	A0	unresolved_or_heterogeneous	no_unique_strict_prediction	no_unique_strict_prediction	high	1	0	0	q1		false	C1:role_heterogeneous;C2:resolved;S:role_heterogeneous;O:resolved
inclusive	250000		N61	inclusive_W250000_EV013	49159743	49624080	inversion_like	high	13	role_heterogeneous	role_heterogeneous	A4	role_heterogeneous	unresolved_or_heterogeneous	no_unique_strict_prediction	no_unique_strict_prediction	high	0.00992281527992	0.948449764521	0.0416274201988	q2		false	C1:role_heterogeneous;C2:role_heterogeneous;S:resolved;O:role_heterogeneous
inclusive	250000		N62	inclusive_W250000_EV013	49159743	49624080	inversion_like	high	13	A2	A1	role_heterogeneous	role_heterogeneous	unresolved_or_heterogeneous	no_unique_strict_prediction	no_unique_strict_prediction	high	0.99754702935	0.00175366995042	0.000699300699301	q1		false	C1:resolved;C2:resolved;S:role_heterogeneous;O:role_heterogeneous
inclusive	250000		Columbea	inclusive_W250000_EV014	50085260	50410378	adjacency_change	high	21	role_heterogeneous	A4	role_heterogeneous	A0	unresolved_or_heterogeneous	no_unique_strict_prediction	no_unique_strict_prediction	limited	0.917800453515	0.0663265306122	0.015873015873	q1		false	C1:role_heterogeneous;C2:resolved;S:role_heterogeneous;O:resolved
inclusive	250000		N61	inclusive_W250000_EV014	50085260	50410378	adjacency_change	high	21	role_heterogeneous	role_heterogeneous	A2	role_heterogeneous	unresolved_or_heterogeneous	no_unique_strict_prediction	no_unique_strict_prediction	limited	0.0136561927452	0.976508929304	0.0098348779508	q2		false	C1:role_heterogeneous;C2:role_heterogeneous;S:resolved;O:role_heterogeneous
inclusive	250000		N62	inclusive_W250000_EV014	50085260	50410378	adjacency_change	high	20	A5	A6	role_heterogeneous	role_heterogeneous	unresolved_or_heterogeneous	no_unique_strict_prediction	no_unique_strict_prediction	limited	0.915767628437	0.0240904609906	0.0601419105728	q1		false	C1:resolved;C2:resolved;S:role_heterogeneous;O:role_heterogeneous
inclusive	250000		Columbea	inclusive_W250000_EV015	50989362	51570722	inversion_like	high	46	role_heterogeneous	A2	role_heterogeneous	A0	unresolved_or_heterogeneous	no_unique_strict_prediction	no_unique_strict_prediction	high	0.941762955822	0.00418089773053	0.0540561464475	q1		false	C1:role_heterogeneous;C2:resolved;S:role_heterogeneous;O:resolved
inclusive	250000		N61	inclusive_W250000_EV015	50989362	51570722	inversion_like	high	46	role_heterogeneous	role_heterogeneous	A3	role_heterogeneous	unresolved_or_heterogeneous	no_unique_strict_prediction	no_unique_strict_prediction	high	0.033148963222	0.941974965158	0.0248760716204	q2		false	C1:role_heterogeneous;C2:role_heterogeneous;S:resolved;O:role_heterogeneous
inclusive	250000		N62	inclusive_W250000_EV015	50989362	51570722	inversion_like	high	46	A5	A1	role_heterogeneous	role_heterogeneous	unresolved_or_heterogeneous	no_unique_strict_prediction	no_unique_strict_prediction	high	0.958805841791	0.0133084543644	0.0278857038445	q1		false	C1:resolved;C2:resolved;S:role_heterogeneous;O:role_heterogeneous
inclusive	250000	250000	Columbea	inclusive_W250000_EV024	51539124	52039124	single_boundary_event	single_boundary	39	role_heterogeneous	A1	role_heterogeneous	A0	unresolved_or_heterogeneous	no_unique_strict_prediction	no_unique_strict_prediction	high	1	0	0	q1		false	C1:role_heterogeneous;C2:resolved;S:role_heterogeneous;O:resolved
inclusive	250000	250000	N61	inclusive_W250000_EV024	51539124	52039124	single_boundary_event	single_boundary	39	role_heterogeneous	role_heterogeneous	A3	role_heterogeneous	unresolved_or_heterogeneous	no_unique_strict_prediction	no_unique_strict_prediction	high	0.000415680473373	0.96508382643	0.0345004930966	q2		false	C1:role_heterogeneous;C2:role_heterogeneous;S:resolved;O:role_heterogeneous
inclusive	250000	250000	N62	inclusive_W250000_EV024	51539124	52039124	single_boundary_event	single_boundary	35	A4	A2	role_heterogeneous	role_heterogeneous	unresolved_or_heterogeneous	no_unique_strict_prediction	no_unique_strict_prediction	high	0.994745265798	0.00364539877964	0.00160933542239	q1		false	C1:resolved;C2:resolved;S:role_heterogeneous;O:role_heterogeneous
inclusive	250000		Columbea	inclusive_W250000_EV016	55393543	55750019	adjacency_change	high	29	unresolved	A4	role_heterogeneous	A0	unresolved_or_heterogeneous	no_unique_strict_prediction	no_unique_strict_prediction	unresolved	1	0	0	q1		false	C1:unresolved_role_species_state;C2:resolved;S:role_heterogeneous;O:resolved
inclusive	250000		N61	inclusive_W250000_EV016	55393543	55750019	adjacency_change	high	30	role_heterogeneous	unresolved	A2	role_heterogeneous	unresolved_or_heterogeneous	no_unique_strict_prediction	no_unique_strict_prediction	unresolved	0.000534089405069	0.999465910595	0	q2		false	C1:role_heterogeneous;C2:unresolved_role_species_state;S:resolved;O:role_heterogeneous
inclusive	250000		N62	inclusive_W250000_EV016	55393543	55750019	adjacency_change	high	29	unresolved	A1	role_heterogeneous	role_heterogeneous	unresolved_or_heterogeneous	no_unique_strict_prediction	no_unique_strict_prediction	unresolved	0.992796142203	0.00226053995233	0.00494331784503	q1		false	C1:unresolved_role_species_state;C2:resolved;S:role_heterogeneous;O:role_heterogeneous
inclusive	250000		Columbea	inclusive_W250000_EV017	56712451	57203613	adjacency_change	high	42	role_heterogeneous	A4	role_heterogeneous	A0	unresolved_or_heterogeneous	no_unique_strict_prediction	no_unique_strict_prediction	high	0.417012459258	0.281348341879	0.301639198863	q1		false	C1:role_heterogeneous;C2:resolved;S:role_heterogeneous;O:resolved
inclusive	250000		N61	inclusive_W250000_EV017	56712451	57203613	adjacency_change	high	42	role_heterogeneous	role_heterogeneous	A1	role_heterogeneous	unresolved_or_heterogeneous	no_unique_strict_prediction	no_unique_strict_prediction	high	0.310936017502	0.448022112936	0.241041869561	q2		false	C1:role_heterogeneous;C2:role_heterogeneous;S:resolved;O:role_heterogeneous
inclusive	250000		N62	inclusive_W250000_EV017	56712451	57203613	adjacency_change	high	42	A6	A3	role_heterogeneous	role_heterogeneous	unresolved_or_heterogeneous	no_unique_strict_prediction	no_unique_strict_prediction	high	0.433352635668	0.379538420523	0.18710894381	q1		false	C1:resolved;C2:resolved;S:role_heterogeneous;O:role_heterogeneous
inclusive	250000		Columbea	inclusive_W250000_EV018	58171516	59982754	adjacency_change	high	137	role_heterogeneous	A1	role_heterogeneous	A0	unresolved_or_heterogeneous	no_unique_strict_prediction	no_unique_strict_prediction	high	0.383554491666	0.31849883486	0.297946673474	q1		false	C1:role_heterogeneous;C2:resolved;S:role_heterogeneous;O:resolved
inclusive	250000		N61	inclusive_W250000_EV018	58171516	59982754	adjacency_change	high	138	role_heterogeneous	role_heterogeneous	A4	role_heterogeneous	unresolved_or_heterogeneous	no_unique_strict_prediction	no_unique_strict_prediction	high	0.340898380581	0.318276431497	0.340825187922	q1		false	C1:role_heterogeneous;C2:role_heterogeneous;S:resolved;O:role_heterogeneous
inclusive	250000		N62	inclusive_W250000_EV018	58171516	59982754	adjacency_change	high	128	A6	A3	role_heterogeneous	role_heterogeneous	unresolved_or_heterogeneous	no_unique_strict_prediction	no_unique_strict_prediction	high	0.369326664079	0.335013602468	0.295659733454	q1		false	C1:resolved;C2:resolved;S:role_heterogeneous;O:role_heterogeneous
inclusive	250000	250000	Columbea	inclusive_W250000_EV025	60785423	61285423	single_boundary_event	single_boundary	32	role_heterogeneous	A3	role_heterogeneous	A0	unresolved_or_heterogeneous	no_unique_strict_prediction	no_unique_strict_prediction	limited	0.30271024423	0.342341017918	0.354948737852	q3		false	C1:role_heterogeneous;C2:resolved;S:role_heterogeneous;O:resolved
inclusive	250000	250000	N61	inclusive_W250000_EV025	60785423	61285423	single_boundary_event	single_boundary	33	role_heterogeneous	role_heterogeneous	A3	role_heterogeneous	unresolved_or_heterogeneous	no_unique_strict_prediction	no_unique_strict_prediction	limited	0.413338326561	0.304611925398	0.282049748041	q1		false	C1:role_heterogeneous;C2:role_heterogeneous;S:resolved;O:role_heterogeneous
inclusive	250000	250000	N62	inclusive_W250000_EV025	60785423	61285423	single_boundary_event	single_boundary	33	A2	A1	role_heterogeneous	role_heterogeneous	unresolved_or_heterogeneous	no_unique_strict_prediction	no_unique_strict_prediction	limited	0.400655705686	0.365648778607	0.233695515707	q1		false	C1:resolved;C2:resolved;S:role_heterogeneous;O:role_heterogeneous
primary	500000	500000	Columbea	primary_W500000_EV011	1449860	2449860	single_boundary_event	single_boundary	33	role_heterogeneous	A2	role_heterogeneous	A0	unresolved_or_heterogeneous	no_unique_strict_prediction	no_unique_strict_prediction	limited	0.348306739035	0.288454124065	0.3632391369	q3		false	C1:role_heterogeneous;C2:resolved;S:role_heterogeneous;O:resolved
primary	500000	500000	N61	primary_W500000_EV011	1449860	2449860	single_boundary_event	single_boundary	33	role_heterogeneous	role_heterogeneous	A2	role_heterogeneous	unresolved_or_heterogeneous	no_unique_strict_prediction	no_unique_strict_prediction	limited	0.286164714843	0.383161257455	0.330674027702	q2		false	C1:role_heterogeneous;C2:role_heterogeneous;S:resolved;O:role_heterogeneous
primary	500000	500000	N62	primary_W500000_EV011	1449860	2449860	single_boundary_event	single_boundary	28	A3	A1	role_heterogeneous	role_heterogeneous	unresolved_or_heterogeneous	no_unique_strict_prediction	no_unique_strict_prediction	limited	0.296379079281	0.41642896923	0.287191951489	q2		false	C1:resolved;C2:resolved;S:role_heterogeneous;O:role_heterogeneous
primary	500000		Columbea	primary_W500000_EV001	9504880	10974030	adjacency_change	moderate	123	role_heterogeneous	A2	role_heterogeneous	A0	unresolved_or_heterogeneous	no_unique_strict_prediction	no_unique_strict_prediction	limited	0.297241755479	0.368203215953	0.334555028568	q2		false	C1:role_heterogeneous;C2:resolved;S:role_heterogeneous;O:resolved
primary	500000		N61	primary_W500000_EV001	9504880	10974030	adjacency_change	moderate	123	role_heterogeneous	role_heterogeneous	A1	role_heterogeneous	unresolved_or_heterogeneous	no_unique_strict_prediction	no_unique_strict_prediction	limited	0.30125948929	0.346589905379	0.352150605331	q3		false	C1:role_heterogeneous;C2:role_heterogeneous;S:resolved;O:role_heterogeneous
primary	500000		N62	primary_W500000_EV001	9504880	10974030	adjacency_change	moderate	118	A4	A6	role_heterogeneous	role_heterogeneous	unresolved_or_heterogeneous	no_unique_strict_prediction	no_unique_strict_prediction	limited	0.332167336378	0.337856257778	0.329976405844	q2		false	C1:resolved;C2:resolved;S:role_heterogeneous;O:role_heterogeneous
primary	500000		Columbea	primary_W500000_EV002	19760078	25213019	adjacency_change	high	317	role_heterogeneous	A5	role_heterogeneous	A0	unresolved_or_heterogeneous	no_unique_strict_prediction	no_unique_strict_prediction	limited	0.409697337187	0.315806794337	0.274495868476	q1		false	C1:role_heterogeneous;C2:resolved;S:role_heterogeneous;O:resolved
primary	500000		N61	primary_W500000_EV002	19760078	25213019	adjacency_change	high	318	role_heterogeneous	role_heterogeneous	A4	role_heterogeneous	unresolved_or_heterogeneous	no_unique_strict_prediction	no_unique_strict_prediction	limited	0.330374539492	0.375279074831	0.294346385677	q2		false	C1:role_heterogeneous;C2:role_heterogeneous;S:resolved;O:role_heterogeneous
primary	500000		N62	primary_W500000_EV002	19760078	25213019	adjacency_change	high	307	A1	A3	role_heterogeneous	role_heterogeneous	unresolved_or_heterogeneous	no_unique_strict_prediction	no_unique_strict_prediction	limited	0.382378781801	0.321243185941	0.296378032258	q1		false	C1:resolved;C2:resolved;S:role_heterogeneous;O:role_heterogeneous
primary	500000	500000	Columbea	primary_W500000_EV012	25059087	26059087	single_boundary_event	single_boundary	90	role_heterogeneous	A3	role_heterogeneous	A0	unresolved_or_heterogeneous	no_unique_strict_prediction	no_unique_strict_prediction	high	0.95740111642	0.0278167818991	0.0147821016808	q1		false	C1:role_heterogeneous;C2:resolved;S:role_heterogeneous;O:resolved
primary	500000	500000	N61	primary_W500000_EV012	25059087	26059087	single_boundary_event	single_boundary	91	role_heterogeneous	role_heterogeneous	A3	role_heterogeneous	unresolved_or_heterogeneous	no_unique_strict_prediction	no_unique_strict_prediction	high	0.02497475324	0.952246966536	0.0227782802238	q2		false	C1:role_heterogeneous;C2:role_heterogeneous;S:resolved;O:role_heterogeneous
primary	500000	500000	N62	primary_W500000_EV012	25059087	26059087	single_boundary_event	single_boundary	88	A4	A1	role_heterogeneous	role_heterogeneous	unresolved_or_heterogeneous	no_unique_strict_prediction	no_unique_strict_prediction	high	0.981990728917	0.00809853203868	0.00991073904456	q1		false	C1:resolved;C2:resolved;S:role_heterogeneous;O:role_heterogeneous
primary	500000	500000	Columbea	primary_W500000_EV013	32734049	33734049	single_boundary_event	single_boundary	55	role_heterogeneous	A4	role_heterogeneous	A0	unresolved_or_heterogeneous	no_unique_strict_prediction	no_unique_strict_prediction	high	0.424755800651	0.287568403227	0.287675796122	q1		false	C1:role_heterogeneous;C2:resolved;S:role_heterogeneous;O:resolved
primary	500000	500000	N61	primary_W500000_EV013	32734049	33734049	single_boundary_event	single_boundary	57	role_heterogeneous	role_heterogeneous	A4	role_heterogeneous	unresolved_or_heterogeneous	no_unique_strict_prediction	no_unique_strict_prediction	high	0.2675598626	0.450034315096	0.282405822304	q2		false	C1:role_heterogeneous;C2:role_heterogeneous;S:resolved;O:role_heterogeneous
primary	500000	500000	N62	primary_W500000_EV013	32734049	33734049	single_boundary_event	single_boundary	56	A2	A1	role_heterogeneous	role_heterogeneous	unresolved_or_heterogeneous	no_unique_strict_prediction	no_unique_strict_prediction	high	0.384866344741	0.258453474332	0.356680180926	q1		false	C1:resolved;C2:resolved;S:role_heterogeneous;O:role_heterogeneous
primary	500000		Columbea	primary_W500000_EV003	34021640	34232794	inversion_like	moderate	9	role_heterogeneous	A5	role_heterogeneous	A0	unresolved_or_heterogeneous	no_unique_strict_prediction	no_unique_strict_prediction	limited	0.931553552794	0.0629859429457	0.00546050426071	q1		false	C1:role_heterogeneous;C2:resolved;S:role_heterogeneous;O:resolved
primary	500000		N61	primary_W500000_EV003	34021640	34232794	inversion_like	moderate	9	role_heterogeneous	role_heterogeneous	A3	role_heterogeneous	unresolved_or_heterogeneous	no_unique_strict_prediction	no_unique_strict_prediction	limited	0.164153015195	0.812179745241	0.0236672395639	q2		false	C1:role_heterogeneous;C2:role_heterogeneous;S:resolved;O:role_heterogeneous
primary	500000		N62	primary_W500000_EV003	34021640	34232794	inversion_like	moderate	8	A2	A1	role_heterogeneous	role_heterogeneous	unresolved_or_heterogeneous	no_unique_strict_prediction	no_unique_strict_prediction	limited	0.891236257403	0.0646773692812	0.0440863733164	q1		false	C1:resolved;C2:resolved;S:role_heterogeneous;O:role_heterogeneous
primary	500000		Columbea	primary_W500000_EV004	35025837	37255236	translocation_like	high	139	role_heterogeneous	A5	role_heterogeneous	A0	unresolved_or_heterogeneous	no_unique_strict_prediction	no_unique_strict_prediction	high	0.335357812765	0.354652970276	0.309989216959	q2		false	C1:role_heterogeneous;C2:resolved;S:role_heterogeneous;O:resolved
primary	500000		N61	primary_W500000_EV004	35025837	37255236	translocation_like	high	140	role_heterogeneous	role_heterogeneous	A3	role_heterogeneous	unresolved_or_heterogeneous	no_unique_strict_prediction	no_unique_strict_prediction	high	0.329753819574	0.366345221846	0.303900958579	q2		false	C1:role_heterogeneous;C2:role_heterogeneous;S:resolved;O:role_heterogeneous
primary	500000		N62	primary_W500000_EV004	35025837	37255236	translocation_like	high	124	A6	A1	role_heterogeneous	role_heterogeneous	unresolved_or_heterogeneous	no_unique_strict_prediction	no_unique_strict_prediction	high	0.36841644388	0.318831769743	0.312751786377	q1		false	C1:resolved;C2:resolved;S:role_heterogeneous;O:role_heterogeneous
primary	500000		Columbea	primary_W500000_EV005	39237022	42267292	inversion_like	moderate	255	role_heterogeneous	A2	role_heterogeneous	A0	unresolved_or_heterogeneous	no_unique_strict_prediction	no_unique_strict_prediction	high	0.344268337974	0.336682109809	0.319049552217	q1		false	C1:role_heterogeneous;C2:resolved;S:role_heterogeneous;O:resolved
primary	500000		N61	primary_W500000_EV005	39237022	42267292	inversion_like	moderate	257	role_heterogeneous	role_heterogeneous	A4	role_heterogeneous	unresolved_or_heterogeneous	no_unique_strict_prediction	no_unique_strict_prediction	high	0.37164410837	0.321167632261	0.307188259369	q1		false	C1:role_heterogeneous;C2:role_heterogeneous;S:resolved;O:role_heterogeneous
primary	500000		N62	primary_W500000_EV005	39237022	42267292	inversion_like	moderate	250	A6	A1	role_heterogeneous	role_heterogeneous	unresolved_or_heterogeneous	no_unique_strict_prediction	no_unique_strict_prediction	high	0.391203607676	0.296619685766	0.312176706558	q1		false	C1:resolved;C2:resolved;S:role_heterogeneous;O:role_heterogeneous
primary	500000		Columbea	primary_W500000_EV006	44647530	45658664	inversion_like	high	48	role_heterogeneous	A4	role_heterogeneous	A0	unresolved_or_heterogeneous	no_unique_strict_prediction	no_unique_strict_prediction	limited	0.967476692356	0.0112433862434	0.0212799214005	q1		false	C1:role_heterogeneous;C2:resolved;S:role_heterogeneous;O:resolved
primary	500000		N61	primary_W500000_EV006	44647530	45658664	inversion_like	high	48	role_heterogeneous	role_heterogeneous	A2	role_heterogeneous	unresolved_or_heterogeneous	no_unique_strict_prediction	no_unique_strict_prediction	limited	0.029252507819	0.958282682171	0.0124648100098	q2		false	C1:role_heterogeneous;C2:role_heterogeneous;S:resolved;O:role_heterogeneous
primary	500000		N62	primary_W500000_EV006	44647530	45658664	inversion_like	high	43	A1	A5	role_heterogeneous	role_heterogeneous	unresolved_or_heterogeneous	no_unique_strict_prediction	no_unique_strict_prediction	limited	0.949449142477	0.0265399696292	0.024010887894	q1		false	C1:resolved;C2:resolved;S:role_heterogeneous;O:role_heterogeneous
primary	500000	500000	Columbea	primary_W500000_EV014	45922770	46922770	single_boundary_event	single_boundary	69	role_heterogeneous	A4	role_heterogeneous	A0	unresolved_or_heterogeneous	no_unique_strict_prediction	no_unique_strict_prediction	high	0.943382239631	0.0378318731693	0.0187858871994	q1		false	C1:role_heterogeneous;C2:resolved;S:role_heterogeneous;O:resolved
primary	500000	500000	N61	primary_W500000_EV014	45922770	46922770	single_boundary_event	single_boundary	67	role_heterogeneous	role_heterogeneous	A4	role_heterogeneous	unresolved_or_heterogeneous	no_unique_strict_prediction	no_unique_strict_prediction	high	0.0611385083268	0.933658322597	0.00520316907597	q2		false	C1:role_heterogeneous;C2:role_heterogeneous;S:resolved;O:role_heterogeneous
primary	500000	500000	N62	primary_W500000_EV014	45922770	46922770	single_boundary_event	single_boundary	55	A3	A2	role_heterogeneous	role_heterogeneous	unresolved_or_heterogeneous	no_unique_strict_prediction	no_unique_strict_prediction	high	0.968859842421	0.0161293844381	0.0150107731407	q1		false	C1:resolved;C2:resolved;S:role_heterogeneous;O:role_heterogeneous
primary	500000		Columbea	primary_W500000_EV007	47143089	49159743	adjacency_change	moderate	132	role_heterogeneous	A2	role_heterogeneous	A0	unresolved_or_heterogeneous	no_unique_strict_prediction	no_unique_strict_prediction	limited	0.872019099271	0.0722910100808	0.0556898906482	q1		false	C1:role_heterogeneous;C2:resolved;S:role_heterogeneous;O:resolved
primary	500000		N61	primary_W500000_EV007	47143089	49159743	adjacency_change	moderate	133	role_heterogeneous	role_heterogeneous	A3	role_heterogeneous	unresolved_or_heterogeneous	no_unique_strict_prediction	no_unique_strict_prediction	limited	0.046847621235	0.906138021712	0.0470143570527	q2		false	C1:role_heterogeneous;C2:role_heterogeneous;S:resolved;O:role_heterogeneous
primary	500000		N62	primary_W500000_EV007	47143089	49159743	adjacency_change	moderate	116	A4	A1	role_heterogeneous	role_heterogeneous	unresolved_or_heterogeneous	no_unique_strict_prediction	no_unique_strict_prediction	limited	0.893665873324	0.0665931803368	0.0397409463392	q1		false	C1:resolved;C2:resolved;S:role_heterogeneous;O:role_heterogeneous
primary	500000	500000	Columbea	primary_W500000_EV015	49124080	50124080	single_boundary_event	single_boundary	38	role_heterogeneous	A3	role_heterogeneous	A0	unresolved_or_heterogeneous	no_unique_strict_prediction	no_unique_strict_prediction	high	0.969561189609	0.0252951375889	0.00514367280166	q1		false	C1:role_heterogeneous;C2:resolved;S:role_heterogeneous;O:resolved
primary	500000	500000	N61	primary_W500000_EV015	49124080	50124080	single_boundary_event	single_boundary	38	role_heterogeneous	role_heterogeneous	A3	role_heterogeneous	unresolved_or_heterogeneous	no_unique_strict_prediction	no_unique_strict_prediction	high	0.128976931899	0.848721898148	0.0223011699532	q2		false	C1:role_heterogeneous;C2:role_heterogeneous;S:resolved;O:role_heterogeneous
primary	500000	500000	N62	primary_W500000_EV015	49124080	50124080	single_boundary_event	single_boundary	34	A2	A1	role_heterogeneous	role_heterogeneous	unresolved_or_heterogeneous	no_unique_strict_prediction	no_unique_strict_prediction	high	0.922777455429	0.0125469090771	0.0646756354943	q1		false	C1:resolved;C2:resolved;S:role_heterogeneous;O:role_heterogeneous
primary	500000		Columbea	primary_W500000_EV008	50410378	50989362	adjacency_change	high	35	role_heterogeneous	A3	unresolved	A0	unresolved_or_heterogeneous	no_unique_strict_prediction	no_unique_strict_prediction	unresolved	0.985714285714	0.0142857142857	0	q1		false	C1:role_heterogeneous;C2:resolved;S:unresolved_role_species_state;O:resolved
primary	500000		N61	primary_W500000_EV008	50410378	50989362	adjacency_change	high	35	unresolved	role_heterogeneous	A1	role_heterogeneous	unresolved_or_heterogeneous	no_unique_strict_prediction	no_unique_strict_prediction	unresolved	0	1	0	q2		false	C1:unresolved_role_species_state;C2:role_heterogeneous;S:resolved;O:role_heterogeneous
primary	500000		N62	primary_W500000_EV008	50410378	50989362	adjacency_change	high	31	A4	A5	unresolved	role_heterogeneous	unresolved_or_heterogeneous	no_unique_strict_prediction	no_unique_strict_prediction	unresolved	0.992255492213	0.00259198858408	0.00515251920296	q1		false	C1:resolved;C2:resolved;S:unresolved_role_species_state;O:role_heterogeneous
primary	500000		Columbea	primary_W500000_EV009	51789124	57203613	inversion_like	high	367	role_heterogeneous	A1	role_heterogeneous	A0	unresolved_or_heterogeneous	no_unique_strict_prediction	no_unique_strict_prediction	high	0.894751707602	0.0541838873879	0.0510644050102	q1		false	C1:role_heterogeneous;C2:resolved;S:role_heterogeneous;O:resolved
primary	500000		N61	primary_W500000_EV009	51789124	57203613	inversion_like	high	369	role_heterogeneous	role_heterogeneous	A3	role_heterogeneous	unresolved_or_heterogeneous	no_unique_strict_prediction	no_unique_strict_prediction	high	0.0620310579018	0.896294460639	0.0416744814587	q2		false	C1:role_heterogeneous;C2:role_heterogeneous;S:resolved;O:role_heterogeneous
primary	500000		N62	primary_W500000_EV009	51789124	57203613	inversion_like	high	360	A5	A2	role_heterogeneous	role_heterogeneous	unresolved_or_heterogeneous	no_unique_strict_prediction	no_unique_strict_prediction	high	0.917924971392	0.0510533804477	0.0310216481604	q1		false	C1:resolved;C2:resolved;S:role_heterogeneous;O:role_heterogeneous
primary	500000		Columbea	primary_W500000_EV010	58171516	59982754	adjacency_change	high	137	role_heterogeneous	A1	role_heterogeneous	A0	unresolved_or_heterogeneous	no_unique_strict_prediction	no_unique_strict_prediction	high	0.383554491666	0.31849883486	0.297946673474	q1		false	C1:role_heterogeneous;C2:resolved;S:role_heterogeneous;O:resolved
primary	500000		N61	primary_W500000_EV010	58171516	59982754	adjacency_change	high	138	role_heterogeneous	role_heterogeneous	A4	role_heterogeneous	unresolved_or_heterogeneous	no_unique_strict_prediction	no_unique_strict_prediction	high	0.340898380581	0.318276431497	0.340825187922	q1		false	C1:role_heterogeneous;C2:role_heterogeneous;S:resolved;O:role_heterogeneous
primary	500000		N62	primary_W500000_EV010	58171516	59982754	adjacency_change	high	128	A6	A3	role_heterogeneous	role_heterogeneous	unresolved_or_heterogeneous	no_unique_strict_prediction	no_unique_strict_prediction	high	0.369326664079	0.335013602468	0.295659733454	q1		false	C1:resolved;C2:resolved;S:role_heterogeneous;O:role_heterogeneous
primary	500000	500000	Columbea	primary_W500000_EV016	60535423	61535423	single_boundary_event	single_boundary	56	role_heterogeneous	A3	role_heterogeneous	A0	unresolved_or_heterogeneous	no_unique_strict_prediction	no_unique_strict_prediction	limited	0.317788362269	0.352300035636	0.329911602096	q2		false	C1:role_heterogeneous;C2:resolved;S:role_heterogeneous;O:resolved
primary	500000	500000	N61	primary_W500000_EV016	60535423	61535423	single_boundary_event	single_boundary	57	role_heterogeneous	role_heterogeneous	A3	role_heterogeneous	unresolved_or_heterogeneous	no_unique_strict_prediction	no_unique_strict_prediction	limited	0.358211644711	0.337297500495	0.304490854794	q1		false	C1:role_heterogeneous;C2:role_heterogeneous;S:resolved;O:role_heterogeneous
primary	500000	500000	N62	primary_W500000_EV016	60535423	61535423	single_boundary_event	single_boundary	56	A2	A1	role_heterogeneous	role_heterogeneous	unresolved_or_heterogeneous	no_unique_strict_prediction	no_unique_strict_prediction	limited	0.359973157215	0.348078928063	0.291947914722	q1		false	C1:resolved;C2:resolved;S:role_heterogeneous;O:role_heterogeneous
stringent	500000	500000	Columbea	stringent_W500000_EV008	1449860	2449860	single_boundary_event	single_boundary	33	role_heterogeneous	A2	role_heterogeneous	A0	unresolved_or_heterogeneous	no_unique_strict_prediction	no_unique_strict_prediction	limited	0.348306739035	0.288454124065	0.3632391369	q3		false	C1:role_heterogeneous;C2:resolved;S:role_heterogeneous;O:resolved
stringent	500000	500000	N61	stringent_W500000_EV008	1449860	2449860	single_boundary_event	single_boundary	33	role_heterogeneous	role_heterogeneous	A2	role_heterogeneous	unresolved_or_heterogeneous	no_unique_strict_prediction	no_unique_strict_prediction	limited	0.286164714843	0.383161257455	0.330674027702	q2		false	C1:role_heterogeneous;C2:role_heterogeneous;S:resolved;O:role_heterogeneous
stringent	500000	500000	N62	stringent_W500000_EV008	1449860	2449860	single_boundary_event	single_boundary	28	A3	A1	role_heterogeneous	role_heterogeneous	unresolved_or_heterogeneous	no_unique_strict_prediction	no_unique_strict_prediction	limited	0.296379079281	0.41642896923	0.287191951489	q2		false	C1:resolved;C2:resolved;S:role_heterogeneous;O:role_heterogeneous
stringent	500000		Columbea	stringent_W500000_EV001	9504880	10974030	adjacency_change	moderate	123	role_heterogeneous	A2	role_heterogeneous	A0	unresolved_or_heterogeneous	no_unique_strict_prediction	no_unique_strict_prediction	limited	0.297241755479	0.368203215953	0.334555028568	q2		false	C1:role_heterogeneous;C2:resolved;S:role_heterogeneous;O:resolved
stringent	500000		N61	stringent_W500000_EV001	9504880	10974030	adjacency_change	moderate	123	role_heterogeneous	role_heterogeneous	A1	role_heterogeneous	unresolved_or_heterogeneous	no_unique_strict_prediction	no_unique_strict_prediction	limited	0.30125948929	0.346589905379	0.352150605331	q3		false	C1:role_heterogeneous;C2:role_heterogeneous;S:resolved;O:role_heterogeneous
stringent	500000		N62	stringent_W500000_EV001	9504880	10974030	adjacency_change	moderate	118	A4	A6	role_heterogeneous	role_heterogeneous	unresolved_or_heterogeneous	no_unique_strict_prediction	no_unique_strict_prediction	limited	0.332167336378	0.337856257778	0.329976405844	q2		false	C1:resolved;C2:resolved;S:role_heterogeneous;O:role_heterogeneous
stringent	500000		Columbea	stringent_W500000_EV002	19760078	25213019	adjacency_change	high	317	role_heterogeneous	A5	role_heterogeneous	A0	unresolved_or_heterogeneous	no_unique_strict_prediction	no_unique_strict_prediction	limited	0.409697337187	0.315806794337	0.274495868476	q1		false	C1:role_heterogeneous;C2:resolved;S:role_heterogeneous;O:resolved
stringent	500000		N61	stringent_W500000_EV002	19760078	25213019	adjacency_change	high	318	role_heterogeneous	role_heterogeneous	A4	role_heterogeneous	unresolved_or_heterogeneous	no_unique_strict_prediction	no_unique_strict_prediction	limited	0.330374539492	0.375279074831	0.294346385677	q2		false	C1:role_heterogeneous;C2:role_heterogeneous;S:resolved;O:role_heterogeneous
stringent	500000		N62	stringent_W500000_EV002	19760078	25213019	adjacency_change	high	307	A1	A3	role_heterogeneous	role_heterogeneous	unresolved_or_heterogeneous	no_unique_strict_prediction	no_unique_strict_prediction	limited	0.382378781801	0.321243185941	0.296378032258	q1		false	C1:resolved;C2:resolved;S:role_heterogeneous;O:role_heterogeneous
stringent	500000		Columbea	stringent_W500000_EV003	25559087	34021640	inversion_like	high	547	role_heterogeneous	A5	role_heterogeneous	A0	unresolved_or_heterogeneous	no_unique_strict_prediction	no_unique_strict_prediction	limited	0.868827930682	0.0689231393157	0.062248930002	q1		false	C1:role_heterogeneous;C2:resolved;S:role_heterogeneous;O:resolved
stringent	500000		N61	stringent_W500000_EV003	25559087	34021640	inversion_like	high	552	role_heterogeneous	role_heterogeneous	A3	role_heterogeneous	unresolved_or_heterogeneous	no_unique_strict_prediction	no_unique_strict_prediction	limited	0.0872445379222	0.849323155432	0.0634323066454	q2		false	C1:role_heterogeneous;C2:role_heterogeneous;S:resolved;O:role_heterogeneous
stringent	500000		N62	stringent_W500000_EV003	25559087	34021640	inversion_like	high	537	A6	A1	role_heterogeneous	role_heterogeneous	unresolved_or_heterogeneous	no_unique_strict_prediction	no_unique_strict_prediction	limited	0.889615741614	0.0473557665531	0.0630284918325	q1		false	C1:resolved;C2:resolved;S:role_heterogeneous;O:role_heterogeneous
stringent	500000		Columbea	stringent_W500000_EV004	35025837	37255236	translocation_like	high	139	role_heterogeneous	A5	role_heterogeneous	A0	unresolved_or_heterogeneous	no_unique_strict_prediction	no_unique_strict_prediction	high	0.335357812765	0.354652970276	0.309989216959	q2		false	C1:role_heterogeneous;C2:resolved;S:role_heterogeneous;O:resolved
stringent	500000		N61	stringent_W500000_EV004	35025837	37255236	translocation_like	high	140	role_heterogeneous	role_heterogeneous	A3	role_heterogeneous	unresolved_or_heterogeneous	no_unique_strict_prediction	no_unique_strict_prediction	high	0.329753819574	0.366345221846	0.303900958579	q2		false	C1:role_heterogeneous;C2:role_heterogeneous;S:resolved;O:role_heterogeneous
stringent	500000		N62	stringent_W500000_EV004	35025837	37255236	translocation_like	high	124	A6	A1	role_heterogeneous	role_heterogeneous	unresolved_or_heterogeneous	no_unique_strict_prediction	no_unique_strict_prediction	high	0.36841644388	0.318831769743	0.312751786377	q1		false	C1:resolved;C2:resolved;S:role_heterogeneous;O:role_heterogeneous
stringent	500000		Columbea	stringent_W500000_EV005	39237022	44647530	inversion_like	high	431	role_heterogeneous	A2	role_heterogeneous	A0	unresolved_or_heterogeneous	no_unique_strict_prediction	no_unique_strict_prediction	limited	0.402095650227	0.317199613586	0.280704736187	q1		false	C1:role_heterogeneous;C2:resolved;S:role_heterogeneous;O:resolved
stringent	500000		N61	stringent_W500000_EV005	39237022	44647530	inversion_like	high	433	role_heterogeneous	role_heterogeneous	A4	role_heterogeneous	unresolved_or_heterogeneous	no_unique_strict_prediction	no_unique_strict_prediction	limited	0.329552568017	0.382210250566	0.288237181417	q2		false	C1:role_heterogeneous;C2:role_heterogeneous;S:resolved;O:role_heterogeneous
stringent	500000		N62	stringent_W500000_EV005	39237022	44647530	inversion_like	high	420	A6	A1	role_heterogeneous	role_heterogeneous	unresolved_or_heterogeneous	no_unique_strict_prediction	no_unique_strict_prediction	limited	0.442491677448	0.273419976114	0.284088346438	q1		false	C1:resolved;C2:resolved;S:role_heterogeneous;O:role_heterogeneous
stringent	500000		Columbea	stringent_W500000_EV006	45658664	46422770	inversion_like	high	41	unresolved	A3	unresolved	A0	unresolved_or_heterogeneous	no_unique_strict_prediction	no_unique_strict_prediction	unresolved	0.951350836309	0.0260143625065	0.0226348011843	q1		false	C1:unresolved_role_species_state;C2:resolved;S:unresolved_role_species_state;O:resolved
stringent	500000		N61	stringent_W500000_EV006	45658664	46422770	inversion_like	high	41	unresolved	unresolved	A2	role_heterogeneous	unresolved_or_heterogeneous	no_unique_strict_prediction	no_unique_strict_prediction	unresolved	0.0758890330821	0.914469593848	0.00964137307024	q2		false	C1:unresolved_role_species_state;C2:unresolved_role_species_state;S:resolved;O:role_heterogeneous
stringent	500000		N62	stringent_W500000_EV006	45658664	46422770	inversion_like	high	40	A4	unresolved	unresolved	role_heterogeneous	unresolved_or_heterogeneous	no_unique_strict_prediction	no_unique_strict_prediction	unresolved	0.958167563474	0.0210090197446	0.0208234167815	q1		false	C1:resolved;C2:unresolved_role_species_state;S:unresolved_role_species_state;O:role_heterogeneous
stringent	500000		Columbea	stringent_W500000_EV007	49624080	50989362	inversion_like	moderate	75	role_heterogeneous	A5	role_heterogeneous	A0	unresolved_or_heterogeneous	no_unique_strict_prediction	no_unique_strict_prediction	high	0.958228463053	0.0347209649498	0.00705057199728	q1		false	C1:role_heterogeneous;C2:resolved;S:role_heterogeneous;O:resolved
stringent	500000		N61	stringent_W500000_EV007	49624080	50989362	inversion_like	moderate	75	role_heterogeneous	role_heterogeneous	A3	role_heterogeneous	unresolved_or_heterogeneous	no_unique_strict_prediction	no_unique_strict_prediction	high	0.0674520914824	0.92571030275	0.00683760576803	q2		false	C1:role_heterogeneous;C2:role_heterogeneous;S:resolved;O:role_heterogeneous
stringent	500000		N62	stringent_W500000_EV007	49624080	50989362	inversion_like	moderate	66	A2	A1	role_heterogeneous	role_heterogeneous	unresolved_or_heterogeneous	no_unique_strict_prediction	no_unique_strict_prediction	high	0.933835869297	0.0145541063135	0.0516100243893	q1		false	C1:resolved;C2:resolved;S:role_heterogeneous;O:role_heterogeneous
stringent	500000	500000	Columbea	stringent_W500000_EV009	57671516	58671516	single_boundary_event	single_boundary	66	role_heterogeneous	A1	role_heterogeneous	A0	unresolved_or_heterogeneous	no_unique_strict_prediction	no_unique_strict_prediction	high	0.358541024923	0.352714936166	0.288744038912	q1		false	C1:role_heterogeneous;C2:resolved;S:role_heterogeneous;O:resolved
stringent	500000	500000	N61	stringent_W500000_EV009	57671516	58671516	single_boundary_event	single_boundary	67	role_heterogeneous	role_heterogeneous	A2	role_heterogeneous	unresolved_or_heterogeneous	no_unique_strict_prediction	no_unique_strict_prediction	high	0.34751390472	0.322695328949	0.32979076633	q1		false	C1:role_heterogeneous;C2:role_heterogeneous;S:resolved;O:role_heterogeneous
stringent	500000	500000	N62	stringent_W500000_EV009	57671516	58671516	single_boundary_event	single_boundary	64	A3	A1	role_heterogeneous	role_heterogeneous	unresolved_or_heterogeneous	no_unique_strict_prediction	no_unique_strict_prediction	high	0.387953884571	0.338451758587	0.273594356841	q1		false	C1:resolved;C2:resolved;S:role_heterogeneous;O:role_heterogeneous
inclusive	500000	500000	Columbea	inclusive_W500000_EV019	1082350	2082350	single_boundary_event	single_boundary	51	role_heterogeneous	A4	role_heterogeneous	A0	unresolved_or_heterogeneous	no_unique_strict_prediction	no_unique_strict_prediction	limited	0.36994817698	0.361358305777	0.268693517242	q1		false	C1:role_heterogeneous;C2:resolved;S:role_heterogeneous;O:resolved
inclusive	500000	500000	N61	inclusive_W500000_EV019	1082350	2082350	single_boundary_event	single_boundary	51	role_heterogeneous	role_heterogeneous	A4	role_heterogeneous	unresolved_or_heterogeneous	no_unique_strict_prediction	no_unique_strict_prediction	limited	0.331272011219	0.303035570387	0.365692418394	q3		false	C1:role_heterogeneous;C2:role_heterogeneous;S:resolved;O:role_heterogeneous
inclusive	500000	500000	N62	inclusive_W500000_EV019	1082350	2082350	single_boundary_event	single_boundary	45	A2	A1	role_heterogeneous	role_heterogeneous	unresolved_or_heterogeneous	no_unique_strict_prediction	no_unique_strict_prediction	limited	0.302144435418	0.361442908714	0.336412655868	q2		false	C1:resolved;C2:resolved;S:role_heterogeneous;O:role_heterogeneous
inclusive	500000	500000	Columbea	inclusive_W500000_EV020	1449860	2449860	single_boundary_event	single_boundary	33	role_heterogeneous	A2	role_heterogeneous	A0	unresolved_or_heterogeneous	no_unique_strict_prediction	no_unique_strict_prediction	limited	0.348306739035	0.288454124065	0.3632391369	q3		false	C1:role_heterogeneous;C2:resolved;S:role_heterogeneous;O:resolved
inclusive	500000	500000	N61	inclusive_W500000_EV020	1449860	2449860	single_boundary_event	single_boundary	33	role_heterogeneous	role_heterogeneous	A2	role_heterogeneous	unresolved_or_heterogeneous	no_unique_strict_prediction	no_unique_strict_prediction	limited	0.286164714843	0.383161257455	0.330674027702	q2		false	C1:role_heterogeneous;C2:role_heterogeneous;S:resolved;O:role_heterogeneous
inclusive	500000	500000	N62	inclusive_W500000_EV020	1449860	2449860	single_boundary_event	single_boundary	28	A3	A1	role_heterogeneous	role_heterogeneous	unresolved_or_heterogeneous	no_unique_strict_prediction	no_unique_strict_prediction	limited	0.296379079281	0.41642896923	0.287191951489	q2		false	C1:resolved;C2:resolved;S:role_heterogeneous;O:role_heterogeneous
inclusive	500000		Columbea	inclusive_W500000_EV001	5161408	8704428	adjacency_change	moderate	304	role_heterogeneous	A2	role_heterogeneous	A0	unresolved_or_heterogeneous	no_unique_strict_prediction	no_unique_strict_prediction	high	0.326857619555	0.354746766196	0.318395614249	q2		false	C1:role_heterogeneous;C2:resolved;S:role_heterogeneous;O:resolved
inclusive	500000		N61	inclusive_W500000_EV001	5161408	8704428	adjacency_change	moderate	304	role_heterogeneous	role_heterogeneous	A1	role_heterogeneous	unresolved_or_heterogeneous	no_unique_strict_prediction	no_unique_strict_prediction	high	0.335724926065	0.329172014288	0.335103059647	q1		false	C1:role_heterogeneous;C2:role_heterogeneous;S:resolved;O:role_heterogeneous
inclusive	500000		N62	inclusive_W500000_EV001	5161408	8704428	adjacency_change	moderate	292	A4	A6	role_heterogeneous	role_heterogeneous	unresolved_or_heterogeneous	no_unique_strict_prediction	no_unique_strict_prediction	high	0.323274880368	0.354052098453	0.322673021179	q2		false	C1:resolved;C2:resolved;S:role_heterogeneous;O:role_heterogeneous
inclusive	500000		Columbea	inclusive_W500000_EV002	9504880	10974030	adjacency_change	moderate	123	role_heterogeneous	A2	role_heterogeneous	A0	unresolved_or_heterogeneous	no_unique_strict_prediction	no_unique_strict_prediction	limited	0.297241755479	0.368203215953	0.334555028568	q2		false	C1:role_heterogeneous;C2:resolved;S:role_heterogeneous;O:resolved
inclusive	500000		N61	inclusive_W500000_EV002	9504880	10974030	adjacency_change	moderate	123	role_heterogeneous	role_heterogeneous	A1	role_heterogeneous	unresolved_or_heterogeneous	no_unique_strict_prediction	no_unique_strict_prediction	limited	0.30125948929	0.346589905379	0.352150605331	q3		false	C1:role_heterogeneous;C2:role_heterogeneous;S:resolved;O:role_heterogeneous
inclusive	500000		N62	inclusive_W500000_EV002	9504880	10974030	adjacency_change	moderate	118	A4	A6	role_heterogeneous	role_heterogeneous	unresolved_or_heterogeneous	no_unique_strict_prediction	no_unique_strict_prediction	limited	0.332167336378	0.337856257778	0.329976405844	q2		false	C1:resolved;C2:resolved;S:role_heterogeneous;O:role_heterogeneous
inclusive	500000		Columbea	inclusive_W500000_EV003	11304692	12214254	adjacency_change	moderate	67	role_heterogeneous	A2	role_heterogeneous	A0	unresolved_or_heterogeneous	no_unique_strict_prediction	no_unique_strict_prediction	limited	0.365450551823	0.361617861446	0.272931586731	q1		false	C1:role_heterogeneous;C2:resolved;S:role_heterogeneous;O:resolved
inclusive	500000		N61	inclusive_W500000_EV003	11304692	12214254	adjacency_change	moderate	68	role_heterogeneous	role_heterogeneous	A1	role_heterogeneous	unresolved_or_heterogeneous	no_unique_strict_prediction	no_unique_strict_prediction	limited	0.35993820871	0.303044132278	0.337017659012	q1		false	C1:role_heterogeneous;C2:role_heterogeneous;S:resolved;O:role_heterogeneous
inclusive	500000		N62	inclusive_W500000_EV003	11304692	12214254	adjacency_change	moderate	67	A3	A6	role_heterogeneous	role_heterogeneous	unresolved_or_heterogeneous	no_unique_strict_prediction	no_unique_strict_prediction	limited	0.369190417904	0.353805334096	0.277004248	q1		false	C1:resolved;C2:resolved;S:role_heterogeneous;O:role_heterogeneous
inclusive	500000		Columbea	inclusive_W500000_EV004	12886511	14318518	adjacency_change	high	76	role_heterogeneous	A3	role_heterogeneous	A0	unresolved_or_heterogeneous	no_unique_strict_prediction	no_unique_strict_prediction	high	0.322948149059	0.341268852209	0.335782998731	q2		false	C1:role_heterogeneous;C2:resolved;S:role_heterogeneous;O:resolved
inclusive	500000		N61	inclusive_W500000_EV004	12886511	14318518	adjacency_change	high	76	role_heterogeneous	role_heterogeneous	A1	role_heterogeneous	unresolved_or_heterogeneous	no_unique_strict_prediction	no_unique_strict_prediction	high	0.323990976647	0.328543808297	0.347465215055	q3		false	C1:role_heterogeneous;C2:role_heterogeneous;S:resolved;O:role_heterogeneous
inclusive	500000		N62	inclusive_W500000_EV004	12886511	14318518	adjacency_change	high	70	A4	A6	role_heterogeneous	role_heterogeneous	unresolved_or_heterogeneous	no_unique_strict_prediction	no_unique_strict_prediction	high	0.374039032558	0.354341170822	0.27161979662	q1		false	C1:resolved;C2:resolved;S:role_heterogeneous;O:role_heterogeneous
inclusive	500000		Columbea	inclusive_W500000_EV005	16491814	18036264	adjacency_change	high	104	role_heterogeneous	A3	role_heterogeneous	A0	unresolved_or_heterogeneous	no_unique_strict_prediction	no_unique_strict_prediction	high	0.385427906698	0.262632447754	0.351939645548	q1		false	C1:role_heterogeneous;C2:resolved;S:role_heterogeneous;O:resolved
inclusive	500000		N61	inclusive_W500000_EV005	16491814	18036264	adjacency_change	high	104	role_heterogeneous	role_heterogeneous	A1	role_heterogeneous	unresolved_or_heterogeneous	no_unique_strict_prediction	no_unique_strict_prediction	high	0.390861214002	0.299764082723	0.309374703275	q1		false	C1:role_heterogeneous;C2:role_heterogeneous;S:resolved;O:role_heterogeneous
inclusive	500000		N62	inclusive_W500000_EV005	16491814	18036264	adjacency_change	high	101	A2	A6	role_heterogeneous	role_heterogeneous	unresolved_or_heterogeneous	no_unique_strict_prediction	no_unique_strict_prediction	high	0.289282655127	0.326731800399	0.383985544474	q3		false	C1:resolved;C2:resolved;S:role_heterogeneous;O:role_heterogeneous
inclusive	500000		Columbea	inclusive_W500000_EV006	19760078	25213019	adjacency_change	high	317	role_heterogeneous	A5	role_heterogeneous	A0	unresolved_or_heterogeneous	no_unique_strict_prediction	no_unique_strict_prediction	limited	0.409697337187	0.315806794337	0.274495868476	q1		false	C1:role_heterogeneous;C2:resolved;S:role_heterogeneous;O:resolved
inclusive	500000		N61	inclusive_W500000_EV006	19760078	25213019	adjacency_change	high	318	role_heterogeneous	role_heterogeneous	A4	role_heterogeneous	unresolved_or_heterogeneous	no_unique_strict_prediction	no_unique_strict_prediction	limited	0.330374539492	0.375279074831	0.294346385677	q2		false	C1:role_heterogeneous;C2:role_heterogeneous;S:resolved;O:role_heterogeneous
inclusive	500000		N62	inclusive_W500000_EV006	19760078	25213019	adjacency_change	high	307	A1	A3	role_heterogeneous	role_heterogeneous	unresolved_or_heterogeneous	no_unique_strict_prediction	no_unique_strict_prediction	limited	0.382378781801	0.321243185941	0.296378032258	q1		false	C1:resolved;C2:resolved;S:role_heterogeneous;O:role_heterogeneous
inclusive	500000	500000	Columbea	inclusive_W500000_EV021	25059087	26059087	single_boundary_event	single_boundary	90	role_heterogeneous	A3	role_heterogeneous	A0	unresolved_or_heterogeneous	no_unique_strict_prediction	no_unique_strict_prediction	high	0.95740111642	0.0278167818991	0.0147821016808	q1		false	C1:role_heterogeneous;C2:resolved;S:role_heterogeneous;O:resolved
inclusive	500000	500000	N61	inclusive_W500000_EV021	25059087	26059087	single_boundary_event	single_boundary	91	role_heterogeneous	role_heterogeneous	A3	role_heterogeneous	unresolved_or_heterogeneous	no_unique_strict_prediction	no_unique_strict_prediction	high	0.02497475324	0.952246966536	0.0227782802238	q2		false	C1:role_heterogeneous;C2:role_heterogeneous;S:resolved;O:role_heterogeneous
inclusive	500000	500000	N62	inclusive_W500000_EV021	25059087	26059087	single_boundary_event	single_boundary	88	A4	A1	role_heterogeneous	role_heterogeneous	unresolved_or_heterogeneous	no_unique_strict_prediction	no_unique_strict_prediction	high	0.981990728917	0.00809853203868	0.00991073904456	q1		false	C1:resolved;C2:resolved;S:role_heterogeneous;O:role_heterogeneous
inclusive	500000	500000	Columbea	inclusive_W500000_EV022	32734049	33734049	single_boundary_event	single_boundary	55	role_heterogeneous	A4	role_heterogeneous	A0	unresolved_or_heterogeneous	no_unique_strict_prediction	no_unique_strict_prediction	high	0.424755800651	0.287568403227	0.287675796122	q1		false	C1:role_heterogeneous;C2:resolved;S:role_heterogeneous;O:resolved
inclusive	500000	500000	N61	inclusive_W500000_EV022	32734049	33734049	single_boundary_event	single_boundary	57	role_heterogeneous	role_heterogeneous	A4	role_heterogeneous	unresolved_or_heterogeneous	no_unique_strict_prediction	no_unique_strict_prediction	high	0.2675598626	0.450034315096	0.282405822304	q2		false	C1:role_heterogeneous;C2:role_heterogeneous;S:resolved;O:role_heterogeneous
inclusive	500000	500000	N62	inclusive_W500000_EV022	32734049	33734049	single_boundary_event	single_boundary	56	A2	A1	role_heterogeneous	role_heterogeneous	unresolved_or_heterogeneous	no_unique_strict_prediction	no_unique_strict_prediction	high	0.384866344741	0.258453474332	0.356680180926	q1		false	C1:resolved;C2:resolved;S:role_heterogeneous;O:role_heterogeneous
inclusive	500000		Columbea	inclusive_W500000_EV007	34021640	34232794	inversion_like	moderate	9	role_heterogeneous	A5	role_heterogeneous	A0	unresolved_or_heterogeneous	no_unique_strict_prediction	no_unique_strict_prediction	limited	0.931553552794	0.0629859429457	0.00546050426071	q1		false	C1:role_heterogeneous;C2:resolved;S:role_heterogeneous;O:resolved
inclusive	500000		N61	inclusive_W500000_EV007	34021640	34232794	inversion_like	moderate	9	role_heterogeneous	role_heterogeneous	A3	role_heterogeneous	unresolved_or_heterogeneous	no_unique_strict_prediction	no_unique_strict_prediction	limited	0.164153015195	0.812179745241	0.0236672395639	q2		false	C1:role_heterogeneous;C2:role_heterogeneous;S:resolved;O:role_heterogeneous
inclusive	500000		N62	inclusive_W500000_EV007	34021640	34232794	inversion_like	moderate	8	A2	A1	role_heterogeneous	role_heterogeneous	unresolved_or_heterogeneous	no_unique_strict_prediction	no_unique_strict_prediction	limited	0.891236257403	0.0646773692812	0.0440863733164	q1		false	C1:resolved;C2:resolved;S:role_heterogeneous;O:role_heterogeneous
inclusive	500000	500000	Columbea	inclusive_W500000_EV023	34241919	35241919	single_boundary_event	single_boundary	46	role_heterogeneous	A2	role_heterogeneous	A0	unresolved_or_heterogeneous	no_unique_strict_prediction	no_unique_strict_prediction	high	0.480019087303	0.23551174464	0.284469168058	q1		false	C1:role_heterogeneous;C2:resolved;S:role_heterogeneous;O:resolved
inclusive	500000	500000	N61	inclusive_W500000_EV023	34241919	35241919	single_boundary_event	single_boundary	46	role_heterogeneous	role_heterogeneous	A2	role_heterogeneous	unresolved_or_heterogeneous	no_unique_strict_prediction	no_unique_strict_prediction	high	0.259850384352	0.509299442928	0.23085017272	q2		false	C1:role_heterogeneous;C2:role_heterogeneous;S:resolved;O:role_heterogeneous
inclusive	500000	500000	N62	inclusive_W500000_EV023	34241919	35241919	single_boundary_event	single_boundary	39	A1	A3	role_heterogeneous	role_heterogeneous	unresolved_or_heterogeneous	no_unique_strict_prediction	no_unique_strict_prediction	high	0.538440086498	0.235602340392	0.22595757311	q1		false	C1:resolved;C2:resolved;S:role_heterogeneous;O:role_heterogeneous
inclusive	500000		Columbea	inclusive_W500000_EV008	35025837	35331645	adjacency_change	high	3	role_heterogeneous	A5	role_heterogeneous	A0	unresolved_or_heterogeneous	no_unique_strict_prediction	no_unique_strict_prediction	high	0.314213067838	0.138979090099	0.546807842063	q3		false	C1:role_heterogeneous;C2:resolved;S:role_heterogeneous;O:resolved
inclusive	500000		N61	inclusive_W500000_EV008	35025837	35331645	adjacency_change	high	3	role_heterogeneous	role_heterogeneous	A3	role_heterogeneous	unresolved_or_heterogeneous	no_unique_strict_prediction	no_unique_strict_prediction	high	0.650284122471	0.207582570918	0.142133306611	q1		false	C1:role_heterogeneous;C2:role_heterogeneous;S:resolved;O:role_heterogeneous
inclusive	500000		N62	inclusive_W500000_EV008	35025837	35331645	adjacency_change	high	2	A6	A1	role_heterogeneous	role_heterogeneous	unresolved_or_heterogeneous	no_unique_strict_prediction	no_unique_strict_prediction	high	0.599970862471	0.227552484435	0.172476653094	q1		false	C1:resolved;C2:resolved;S:role_heterogeneous;O:role_heterogeneous
inclusive	500000		Columbea	inclusive_W500000_EV009	37255236	39237022	adjacency_change	high	119	role_heterogeneous	A3	role_heterogeneous	A0	unresolved_or_heterogeneous	no_unique_strict_prediction	no_unique_strict_prediction	high	0.341703678844	0.341617614523	0.316678706633	q1		false	C1:role_heterogeneous;C2:resolved;S:role_heterogeneous;O:resolved
inclusive	500000		N61	inclusive_W500000_EV009	37255236	39237022	adjacency_change	high	123	role_heterogeneous	role_heterogeneous	A2	role_heterogeneous	unresolved_or_heterogeneous	no_unique_strict_prediction	no_unique_strict_prediction	high	0.340240188321	0.304584916477	0.355174895202	q3		false	C1:role_heterogeneous;C2:role_heterogeneous;S:resolved;O:role_heterogeneous
inclusive	500000		N62	inclusive_W500000_EV009	37255236	39237022	adjacency_change	high	119	A6	A1	role_heterogeneous	role_heterogeneous	unresolved_or_heterogeneous	no_unique_strict_prediction	no_unique_strict_prediction	high	0.338479431443	0.32392300586	0.337597562697	q1		false	C1:resolved;C2:resolved;S:role_heterogeneous;O:role_heterogeneous
inclusive	500000		Columbea	inclusive_W500000_EV010	42267292	44647530	inversion_like	high	176	role_heterogeneous	A3	role_heterogeneous	A0	unresolved_or_heterogeneous	no_unique_strict_prediction	no_unique_strict_prediction	limited	0.485879540138	0.288972133263	0.225148326598	q1		false	C1:role_heterogeneous;C2:resolved;S:role_heterogeneous;O:resolved
inclusive	500000		N61	inclusive_W500000_EV010	42267292	44647530	inversion_like	high	176	role_heterogeneous	role_heterogeneous	A1	role_heterogeneous	unresolved_or_heterogeneous	no_unique_strict_prediction	no_unique_strict_prediction	limited	0.268089352842	0.471346346613	0.260564300545	q2		false	C1:role_heterogeneous;C2:role_heterogeneous;S:resolved;O:role_heterogeneous
inclusive	500000		N62	inclusive_W500000_EV010	42267292	44647530	inversion_like	high	170	A6	A4	role_heterogeneous	role_heterogeneous	unresolved_or_heterogeneous	no_unique_strict_prediction	no_unique_strict_prediction	limited	0.517915309465	0.239302756037	0.242781934498	q1		false	C1:resolved;C2:resolved;S:role_heterogeneous;O:role_heterogeneous
inclusive	500000		Columbea	inclusive_W500000_EV011	45658664	46422770	inversion_like	high	41	unresolved	A3	unresolved	A0	unresolved_or_heterogeneous	no_unique_strict_prediction	no_unique_strict_prediction	unresolved	0.951350836309	0.0260143625065	0.0226348011843	q1		false	C1:unresolved_role_species_state;C2:resolved;S:unresolved_role_species_state;O:resolved
inclusive	500000		N61	inclusive_W500000_EV011	45658664	46422770	inversion_like	high	41	unresolved	unresolved	A2	role_heterogeneous	unresolved_or_heterogeneous	no_unique_strict_prediction	no_unique_strict_prediction	unresolved	0.0758890330821	0.914469593848	0.00964137307024	q2		false	C1:unresolved_role_species_state;C2:unresolved_role_species_state;S:resolved;O:role_heterogeneous
inclusive	500000		N62	inclusive_W500000_EV011	45658664	46422770	inversion_like	high	40	A4	unresolved	unresolved	role_heterogeneous	unresolved_or_heterogeneous	no_unique_strict_prediction	no_unique_strict_prediction	unresolved	0.958167563474	0.0210090197446	0.0208234167815	q1		false	C1:resolved;C2:unresolved_role_species_state;S:unresolved_role_species_state;O:role_heterogeneous
inclusive	500000		Columbea	inclusive_W500000_EV012	47143089	47228924	inversion_like	moderate	8	unresolved	unresolved	unresolved	A0	unresolved_or_heterogeneous	no_unique_strict_prediction	no_unique_strict_prediction	unresolved	0.875	0.125	0	q1		false	C1:unresolved_role_species_state;C2:unresolved_role_species_state;S:unresolved_role_species_state;O:resolved
inclusive	500000		N61	inclusive_W500000_EV012	47143089	47228924	inversion_like	moderate	8	unresolved	unresolved	unresolved	unresolved	unresolved_or_heterogeneous	no_unique_strict_prediction	no_unique_strict_prediction	unresolved	0	1	0	q2		false	C1:unresolved_role_species_state;C2:unresolved_role_species_state;S:unresolved_role_species_state;O:unresolved_role_species_state
inclusive	500000		N62	inclusive_W500000_EV012	47143089	47228924	inversion_like	moderate	6	unresolved	unresolved	unresolved	unresolved	unresolved_or_heterogeneous	no_unique_strict_prediction	no_unique_strict_prediction	unresolved	0.99339798965	0.00398698911247	0.00261502123774	q1		false	C1:unresolved_role_species_state;C2:unresolved_role_species_state;S:unresolved_role_species_state;O:unresolved_role_species_state
inclusive	500000		Columbea	inclusive_W500000_EV013	49159743	49624080	inversion_like	high	13	role_heterogeneous	A3	role_heterogeneous	A0	unresolved_or_heterogeneous	no_unique_strict_prediction	no_unique_strict_prediction	high	1	0	0	q1		false	C1:role_heterogeneous;C2:resolved;S:role_heterogeneous;O:resolved
inclusive	500000		N61	inclusive_W500000_EV013	49159743	49624080	inversion_like	high	13	role_heterogeneous	role_heterogeneous	A4	role_heterogeneous	unresolved_or_heterogeneous	no_unique_strict_prediction	no_unique_strict_prediction	high	0.00992281527992	0.948449764521	0.0416274201988	q2		false	C1:role_heterogeneous;C2:role_heterogeneous;S:resolved;O:role_heterogeneous
inclusive	500000		N62	inclusive_W500000_EV013	49159743	49624080	inversion_like	high	13	A2	A1	role_heterogeneous	role_heterogeneous	unresolved_or_heterogeneous	no_unique_strict_prediction	no_unique_strict_prediction	high	0.99754702935	0.00175366995042	0.000699300699301	q1		false	C1:resolved;C2:resolved;S:role_heterogeneous;O:role_heterogeneous
inclusive	500000		Columbea	inclusive_W500000_EV014	50085260	50410378	adjacency_change	high	21	role_heterogeneous	A4	role_heterogeneous	A0	unresolved_or_heterogeneous	no_unique_strict_prediction	no_unique_strict_prediction	limited	0.917800453515	0.0663265306122	0.015873015873	q1		false	C1:role_heterogeneous;C2:resolved;S:role_heterogeneous;O:resolved
inclusive	500000		N61	inclusive_W500000_EV014	50085260	50410378	adjacency_change	high	21	role_heterogeneous	role_heterogeneous	A2	role_heterogeneous	unresolved_or_heterogeneous	no_unique_strict_prediction	no_unique_strict_prediction	limited	0.0136561927452	0.976508929304	0.0098348779508	q2		false	C1:role_heterogeneous;C2:role_heterogeneous;S:resolved;O:role_heterogeneous
inclusive	500000		N62	inclusive_W500000_EV014	50085260	50410378	adjacency_change	high	20	A5	A6	role_heterogeneous	role_heterogeneous	unresolved_or_heterogeneous	no_unique_strict_prediction	no_unique_strict_prediction	limited	0.915767628437	0.0240904609906	0.0601419105728	q1		false	C1:resolved;C2:resolved;S:role_heterogeneous;O:role_heterogeneous
inclusive	500000		Columbea	inclusive_W500000_EV015	50989362	51570722	inversion_like	high	46	role_heterogeneous	A2	role_heterogeneous	A0	unresolved_or_heterogeneous	no_unique_strict_prediction	no_unique_strict_prediction	high	0.941762955822	0.00418089773053	0.0540561464475	q1		false	C1:role_heterogeneous;C2:resolved;S:role_heterogeneous;O:resolved
inclusive	500000		N61	inclusive_W500000_EV015	50989362	51570722	inversion_like	high	46	role_heterogeneous	role_heterogeneous	A3	role_heterogeneous	unresolved_or_heterogeneous	no_unique_strict_prediction	no_unique_strict_prediction	high	0.033148963222	0.941974965158	0.0248760716204	q2		false	C1:role_heterogeneous;C2:role_heterogeneous;S:resolved;O:role_heterogeneous
inclusive	500000		N62	inclusive_W500000_EV015	50989362	51570722	inversion_like	high	46	A5	A1	role_heterogeneous	role_heterogeneous	unresolved_or_heterogeneous	no_unique_strict_prediction	no_unique_strict_prediction	high	0.958805841791	0.0133084543644	0.0278857038445	q1		false	C1:resolved;C2:resolved;S:role_heterogeneous;O:role_heterogeneous
inclusive	500000	500000	Columbea	inclusive_W500000_EV024	51289124	52289124	single_boundary_event	single_boundary	85	role_heterogeneous	A1	role_heterogeneous	A0	unresolved_or_heterogeneous	no_unique_strict_prediction	no_unique_strict_prediction	high	0.975163398693	0.00653594771242	0.0183006535948	q1		false	C1:role_heterogeneous;C2:resolved;S:role_heterogeneous;O:resolved
inclusive	500000	500000	N61	inclusive_W500000_EV024	51289124	52289124	single_boundary_event	single_boundary	85	role_heterogeneous	role_heterogeneous	A3	role_heterogeneous	unresolved_or_heterogeneous	no_unique_strict_prediction	no_unique_strict_prediction	high	0.0032222802213	0.972575563108	0.024202156671	q2		false	C1:role_heterogeneous;C2:role_heterogeneous;S:resolved;O:role_heterogeneous
inclusive	500000	500000	N62	inclusive_W500000_EV024	51289124	52289124	single_boundary_event	single_boundary	81	A4	A2	role_heterogeneous	role_heterogeneous	unresolved_or_heterogeneous	no_unique_strict_prediction	no_unique_strict_prediction	high	0.991237189302	0.00405053998548	0.00471227071213	q1		false	C1:resolved;C2:resolved;S:role_heterogeneous;O:role_heterogeneous
inclusive	500000		Columbea	inclusive_W500000_EV016	55393543	55750019	adjacency_change	high	29	unresolved	A4	role_heterogeneous	A0	unresolved_or_heterogeneous	no_unique_strict_prediction	no_unique_strict_prediction	unresolved	1	0	0	q1		false	C1:unresolved_role_species_state;C2:resolved;S:role_heterogeneous;O:resolved
inclusive	500000		N61	inclusive_W500000_EV016	55393543	55750019	adjacency_change	high	30	role_heterogeneous	unresolved	A2	role_heterogeneous	unresolved_or_heterogeneous	no_unique_strict_prediction	no_unique_strict_prediction	unresolved	0.000534089405069	0.999465910595	0	q2		false	C1:role_heterogeneous;C2:unresolved_role_species_state;S:resolved;O:role_heterogeneous
inclusive	500000		N62	inclusive_W500000_EV016	55393543	55750019	adjacency_change	high	29	unresolved	A1	role_heterogeneous	role_heterogeneous	unresolved_or_heterogeneous	no_unique_strict_prediction	no_unique_strict_prediction	unresolved	0.992796142203	0.00226053995233	0.00494331784503	q1		false	C1:unresolved_role_species_state;C2:resolved;S:role_heterogeneous;O:role_heterogeneous
inclusive	500000		Columbea	inclusive_W500000_EV017	56712451	57203613	adjacency_change	high	42	role_heterogeneous	A4	role_heterogeneous	A0	unresolved_or_heterogeneous	no_unique_strict_prediction	no_unique_strict_prediction	high	0.417012459258	0.281348341879	0.301639198863	q1		false	C1:role_heterogeneous;C2:resolved;S:role_heterogeneous;O:resolved
inclusive	500000		N61	inclusive_W500000_EV017	56712451	57203613	adjacency_change	high	42	role_heterogeneous	role_heterogeneous	A1	role_heterogeneous	unresolved_or_heterogeneous	no_unique_strict_prediction	no_unique_strict_prediction	high	0.310936017502	0.448022112936	0.241041869561	q2		false	C1:role_heterogeneous;C2:role_heterogeneous;S:resolved;O:role_heterogeneous
inclusive	500000		N62	inclusive_W500000_EV017	56712451	57203613	adjacency_change	high	42	A6	A3	role_heterogeneous	role_heterogeneous	unresolved_or_heterogeneous	no_unique_strict_prediction	no_unique_strict_prediction	high	0.433352635668	0.379538420523	0.18710894381	q1		false	C1:resolved;C2:resolved;S:role_heterogeneous;O:role_heterogeneous
inclusive	500000		Columbea	inclusive_W500000_EV018	58171516	59982754	adjacency_change	high	137	role_heterogeneous	A1	role_heterogeneous	A0	unresolved_or_heterogeneous	no_unique_strict_prediction	no_unique_strict_prediction	high	0.383554491666	0.31849883486	0.297946673474	q1		false	C1:role_heterogeneous;C2:resolved;S:role_heterogeneous;O:resolved
inclusive	500000		N61	inclusive_W500000_EV018	58171516	59982754	adjacency_change	high	138	role_heterogeneous	role_heterogeneous	A4	role_heterogeneous	unresolved_or_heterogeneous	no_unique_strict_prediction	no_unique_strict_prediction	high	0.340898380581	0.318276431497	0.340825187922	q1		false	C1:role_heterogeneous;C2:role_heterogeneous;S:resolved;O:role_heterogeneous
inclusive	500000		N62	inclusive_W500000_EV018	58171516	59982754	adjacency_change	high	128	A6	A3	role_heterogeneous	role_heterogeneous	unresolved_or_heterogeneous	no_unique_strict_prediction	no_unique_strict_prediction	high	0.369326664079	0.335013602468	0.295659733454	q1		false	C1:resolved;C2:resolved;S:role_heterogeneous;O:role_heterogeneous
inclusive	500000	500000	Columbea	inclusive_W500000_EV025	60535423	61535423	single_boundary_event	single_boundary	56	role_heterogeneous	A3	role_heterogeneous	A0	unresolved_or_heterogeneous	no_unique_strict_prediction	no_unique_strict_prediction	limited	0.317788362269	0.352300035636	0.329911602096	q2		false	C1:role_heterogeneous;C2:resolved;S:role_heterogeneous;O:resolved
inclusive	500000	500000	N61	inclusive_W500000_EV025	60535423	61535423	single_boundary_event	single_boundary	57	role_heterogeneous	role_heterogeneous	A3	role_heterogeneous	unresolved_or_heterogeneous	no_unique_strict_prediction	no_unique_strict_prediction	limited	0.358211644711	0.337297500495	0.304490854794	q1		false	C1:role_heterogeneous;C2:role_heterogeneous;S:resolved;O:role_heterogeneous
inclusive	500000	500000	N62	inclusive_W500000_EV025	60535423	61535423	single_boundary_event	single_boundary	56	A2	A1	role_heterogeneous	role_heterogeneous	unresolved_or_heterogeneous	no_unique_strict_prediction	no_unique_strict_prediction	limited	0.359973157215	0.348078928063	0.291947914722	q1		false	C1:resolved;C2:resolved;S:role_heterogeneous;O:role_heterogeneous
