clade	structural_set	anchor_size	segment_id	start	end	n_loci	predicted_discrete_topology	discrete_prediction_status	predicted_generalized_topology	prediction_stable_50_100_200kb	G1	G2	G3	generalized_margin	mean_q1	mean_q2	mean_q3	dominant_observed_topology	strict_margin	generalized_margin_q	prediction_matches_observed	structural_confidence	role_status
Columbea	primary	50000	primary_SEG_001	1	1949860	120		no_unique_discrete_prediction		true					0.358125034412	0.371472484325	0.270402481263	q2			false	low	C1:structurally_heterogeneous;C2:single_representative;S:structurally_heterogeneous;O:missing_role_representative
N61	primary	50000	primary_SEG_001	1	1949860	120		no_unique_discrete_prediction		true					0.348554451965	0.301396551835	0.350048996201	q3			false	low	C1:structurally_heterogeneous;C2:structurally_heterogeneous;S:single_representative;O:single_representative
N62	primary	50000	primary_SEG_001	1	1949860	110		no_unique_discrete_prediction		true					0.342718570335	0.339453337581	0.317828092084	q1			false	low	C1:single_representative;C2:single_representative;S:structurally_heterogeneous;O:structurally_heterogeneous
Columbea	primary	50000	primary_SEG_002	1949861	9504880	534		no_unique_discrete_prediction		true					0.321358053078	0.354056702905	0.324585244017	q2			false	high	C1:structurally_heterogeneous;C2:single_representative;S:structurally_heterogeneous;O:missing_role_representative
N61	primary	50000	primary_SEG_002	1949861	9504880	535		no_unique_discrete_prediction	q1	false	0.875557819142	-0.437217120297	-0.438340698845	1.31277493944	0.340727578893	0.323216705942	0.336055715165	q1		0.0110913683388	true	high	C1:structurally_heterogeneous;C2:structurally_heterogeneous;S:single_representative;O:single_representative
N62	primary	50000	primary_SEG_002	1949861	9504880	512		no_unique_discrete_prediction	q3	false	-0.11234109509	-0.109183872698	0.221524967788	0.330708840486	0.317706277954	0.357179121406	0.32511460064	q2		-0.0123280990393	false	high	C1:single_representative;C2:single_representative;S:structurally_heterogeneous;O:resolved
Columbea	primary	50000	primary_SEG_003	9504881	10974030	123		no_unique_discrete_prediction		true					0.297241755479	0.368203215953	0.334555028568	q2			false	high	C1:structurally_heterogeneous;C2:single_representative;S:structurally_heterogeneous;O:missing_role_representative
N61	primary	50000	primary_SEG_003	9504881	10974030	123		no_unique_discrete_prediction		true					0.30125948929	0.346589905379	0.352150605331	q3			false	high	C1:structurally_heterogeneous;C2:structurally_heterogeneous;S:single_representative;O:single_representative
N62	primary	50000	primary_SEG_003	9504881	10974030	118		no_unique_discrete_prediction		true					0.332167336378	0.337856257778	0.329976405844	q2			false	high	C1:single_representative;C2:single_representative;S:structurally_heterogeneous;O:resolved
Columbea	primary	50000	primary_SEG_004	10974031	19760078	593		no_unique_discrete_prediction		true					0.335910586647	0.342900548282	0.321188865071	q2			false	high	C1:structurally_heterogeneous;C2:single_representative;S:structurally_heterogeneous;O:missing_role_representative
N61	primary	50000	primary_SEG_004	10974031	19760078	596		no_unique_discrete_prediction	q1	false	0.662247915634	-0.326452099482	-0.335795816153	0.988700015116	0.352276932859	0.316955335623	0.330767731519	q1		0.0284153992878	true	high	C1:structurally_heterogeneous;C2:structurally_heterogeneous;S:single_representative;O:single_representative
N62	primary	50000	primary_SEG_004	10974031	19760078	574		no_unique_discrete_prediction	q3	false	-0.214968896803	-0.265124340405	0.480093237207	0.69506213401	0.322685851707	0.333355903067	0.343958245226	q3		0.015937367839	true	high	C1:single_representative;C2:single_representative;S:structurally_heterogeneous;O:resolved
Columbea	primary	50000	primary_SEG_005	19760079	25213019	317		no_unique_discrete_prediction		true					0.409697337187	0.315806794337	0.274495868476	q1			false	high	C1:structurally_heterogeneous;C2:single_representative;S:structurally_heterogeneous;O:missing_role_representative
N61	primary	50000	primary_SEG_005	19760079	25213019	318		no_unique_discrete_prediction	q3	false	-0.00555624930625	-7.21500721501e-05	0.0056283993784	0.00570054945055	0.330374539492	0.375279074831	0.294346385677	q2		-0.0584804214851	false	high	C1:structurally_heterogeneous;C2:structurally_heterogeneous;S:single_representative;O:single_representative
N62	primary	50000	primary_SEG_005	19760079	25213019	307		no_unique_discrete_prediction	q3	false	3.83603324783e-06	-0.00325387439358	0.00325003836033	0.00324620232708	0.382378781801	0.321243185941	0.296378032258	q1		-0.0554329516137	false	high	C1:single_representative;C2:single_representative;S:structurally_heterogeneous;O:structurally_heterogeneous
Columbea	primary	50000	primary_SEG_006	25213020	25559087	32		no_unique_discrete_prediction		true					0.954907718121	0.013947147651	0.0311451342282	q1			false	low	C1:structurally_heterogeneous;C2:single_representative;S:resolved;O:missing_role_representative
N61	primary	50000	primary_SEG_006	25213020	25559087	32		no_unique_discrete_prediction	q1	false	0.05625	-0.021875	-0.034375	0.078125	0.04273915618	0.942443530965	0.0148173128551	q2		-0.43589126573	false	low	C1:resolved;C2:structurally_heterogeneous;S:single_representative;O:single_representative
N62	primary	50000	primary_SEG_006	25213020	25559087	31		no_unique_discrete_prediction	q2	false	-0.0895833333333	0.129166666667	-0.0395833333333	0.16875	0.973035359978	0.00737407206001	0.0195905679615	q1		-0.48893889191	false	low	C1:single_representative;C2:single_representative;S:resolved;O:resolved
Columbea	primary	50000	primary_SEG_007	25559088	33234049	507		no_unique_discrete_prediction		true					0.881765130615	0.0614157224178	0.0568191469667	q1			false	high	C1:structurally_heterogeneous;C2:single_representative;S:structurally_heterogeneous;O:missing_role_representative
N61	primary	50000	primary_SEG_007	25559088	33234049	510		no_unique_discrete_prediction	q1	true	0.24641073836	-0.123821830943	-0.122588907417	0.368999645777	0.0839257173605	0.862855762408	0.0532185202319	q2		-0.374111423959	false	high	C1:structurally_heterogeneous;C2:structurally_heterogeneous;S:single_representative;O:single_representative
N62	primary	50000	primary_SEG_007	25559088	33234049	495		no_unique_discrete_prediction	q2	false	-0.246817762102	0.492332361793	-0.245514599691	0.737846961483	0.907927594466	0.0394117271095	0.0526606784249	q1		-0.440882409336	false	high	C1:single_representative;C2:single_representative;S:structurally_heterogeneous;O:structurally_heterogeneous
Columbea	primary	50000	primary_SEG_008	33234050	34021640	40		no_unique_discrete_prediction		true					0.704848921528	0.164079648497	0.131071429975	q1			false	high	C1:structurally_heterogeneous;C2:single_representative;S:structurally_heterogeneous;O:missing_role_representative
N61	primary	50000	primary_SEG_008	33234050	34021640	42		no_unique_discrete_prediction	q1	false	0.0200667388167	-0.00536616161616	-0.0147005772006	0.0254329004329	0.127544501885	0.684998642163	0.187456855952	q2		-0.308683247172	false	high	C1:structurally_heterogeneous;C2:structurally_heterogeneous;S:single_representative;O:single_representative
N62	primary	50000	primary_SEG_008	33234050	34021640	42		no_unique_discrete_prediction	q2	false	-0.00542027417027	0.00318362193362	0.00223665223665	0.00094696969697	0.673797475868	0.14098194571	0.185220578422	q1		-0.288527081435	false	high	C1:single_representative;C2:single_representative;S:structurally_heterogeneous;O:structurally_heterogeneous
Columbea	primary	50000	primary_SEG_009	34021641	34232794	9		no_unique_discrete_prediction		true					0.931553552794	0.0629859429457	0.00546050426071	q1			false	low	C1:structurally_heterogeneous;C2:single_representative;S:structurally_heterogeneous;O:missing_role_representative
N61	primary	50000	primary_SEG_009	34021641	34232794	9		no_unique_discrete_prediction	q1	true	0.125	-0.0625	-0.0625	0.1875	0.164153015195	0.812179745241	0.0236672395639	q2		-0.253770477208	false	low	C1:structurally_heterogeneous;C2:structurally_heterogeneous;S:single_representative;O:single_representative
N62	primary	50000	primary_SEG_009	34021641	34232794	8		no_unique_discrete_prediction	q3	true	-0.125	-0.125	0.25	0.375	0.891236257403	0.0646773692812	0.0440863733164	q1		-0.433870440025	false	low	C1:single_representative;C2:single_representative;S:structurally_heterogeneous;O:resolved
Columbea	primary	50000	primary_SEG_010	34232795	35025837	43		no_unique_discrete_prediction		true					0.491586949126	0.242246581003	0.266166469871	q1			false	high	C1:structurally_heterogeneous;C2:single_representative;S:structurally_heterogeneous;O:missing_role_representative
N61	primary	50000	primary_SEG_010	34232795	35025837	43		no_unique_discrete_prediction	q1	false	0.077380952381	-0.0533482142857	-0.0240327380952	0.101413690476	0.232610821228	0.530349457254	0.237039721518	q2		-0.151083768158	false	high	C1:structurally_heterogeneous;C2:structurally_heterogeneous;S:single_representative;O:single_representative
N62	primary	50000	primary_SEG_010	34232795	35025837	37		no_unique_discrete_prediction	q1	false	0.122321428571	0.10193452381	-0.224255952381	0.0203869047619	0.535114098608	0.236037467741	0.228848433652	q1		0.302671147912	true	high	C1:single_representative;C2:single_representative;S:structurally_heterogeneous;O:structurally_heterogeneous
Columbea	primary	50000	primary_SEG_011	35025838	37255236	139		no_unique_discrete_prediction		true					0.335357812765	0.354652970276	0.309989216959	q2			false	high	C1:structurally_heterogeneous;C2:single_representative;S:resolved;O:missing_role_representative
N61	primary	50000	primary_SEG_011	35025838	37255236	140		no_unique_discrete_prediction	q2	false	0.00437617937618	0.00678106615607	-0.0111572455322	0.00240488677989	0.329753819574	0.366345221846	0.303900958579	q2		0.0495178327697	true	high	C1:resolved;C2:structurally_heterogeneous;S:single_representative;O:single_representative
N62	primary	50000	primary_SEG_011	35025838	37255236	124		no_unique_discrete_prediction	q1	false	0.599646187146	-0.306137612388	-0.293508574759	0.893154761905	0.36841644388	0.318831769743	0.312751786377	q1		0.0526246658207	true	high	C1:single_representative;C2:single_representative;S:resolved;O:resolved
Columbea	primary	50000	primary_SEG_012	37255237	39237022	119		no_unique_discrete_prediction		true					0.341703678844	0.341617614523	0.316678706633	q1			false	high	C1:structurally_heterogeneous;C2:single_representative;S:structurally_heterogeneous;O:missing_role_representative
N61	primary	50000	primary_SEG_012	37255237	39237022	123		no_unique_discrete_prediction	q3	false	-0.248636779887	0.124009324009	0.124627455877	0.000618131868132	0.340240188321	0.304584916477	0.355174895202	q3		0.0327623428033	true	high	C1:structurally_heterogeneous;C2:structurally_heterogeneous;S:single_representative;O:single_representative
N62	primary	50000	primary_SEG_012	37255237	39237022	119		no_unique_discrete_prediction	q2	false	-0.248861555112	0.124958374958	0.123903180153	0.00105519480519	0.338479431443	0.32392300586	0.337597562697	q1		-0.0141154912094	false	high	C1:single_representative;C2:single_representative;S:structurally_heterogeneous;O:structurally_heterogeneous
Columbea	primary	50000	primary_SEG_013	39237023	42267292	255		no_unique_discrete_prediction		true					0.344268337974	0.336682109809	0.319049552217	q1			false	high	C1:structurally_heterogeneous;C2:single_representative;S:resolved;O:missing_role_representative
N61	primary	50000	primary_SEG_013	39237023	42267292	257		no_unique_discrete_prediction	q1	false	0.00229113475534	0.00013604574605	-0.00242718050139	0.00215508900929	0.37164410837	0.321167632261	0.307188259369	q1		0.057466162555	true	high	C1:resolved;C2:structurally_heterogeneous;S:single_representative;O:single_representative
N62	primary	50000	primary_SEG_013	39237023	42267292	250		no_unique_discrete_prediction	q2	false	-0.00189810673073	0.00438575549837	-0.00248764876764	0.0062838622291	0.391203607676	0.296619685766	0.312176706558	q1		-0.0550704713509	false	high	C1:single_representative;C2:single_representative;S:resolved;O:resolved
Columbea	primary	50000	primary_SEG_014	42267293	44647530	176		no_unique_discrete_prediction		true					0.485879540138	0.288972133263	0.225148326598	q1			false	high	C1:structurally_heterogeneous;C2:single_representative;S:structurally_heterogeneous;O:missing_role_representative
N61	primary	50000	primary_SEG_014	42267293	44647530	176		no_unique_discrete_prediction	q3	false	-0.0178222818848	-0.00894444097569	0.0267667228605	0.0357111638362	0.268089352842	0.471346346613	0.260564300545	q2		-0.109153549182	false	high	C1:resolved;C2:structurally_heterogeneous;S:single_representative;O:single_representative
N62	primary	50000	primary_SEG_014	42267293	44647530	170		no_unique_discrete_prediction	q3	false	-0.00270233238983	-0.00423777611278	0.00694010850261	0.00964244089244	0.517915309465	0.239302756037	0.242781934498	q1		-0.135827098253	false	high	C1:single_representative;C2:single_representative;S:resolved;O:structurally_heterogeneous
Columbea	primary	50000	primary_SEG_015	44647531	45658664	48		no_unique_discrete_prediction		true					0.967476692356	0.0112433862434	0.0212799214005	q1			false	low	C1:structurally_heterogeneous;C2:single_representative;S:structurally_heterogeneous;O:missing_role_representative
N61	primary	50000	primary_SEG_015	44647531	45658664	48		no_unique_discrete_prediction		true					0.029252507819	0.958282682171	0.0124648100098	q2			false	low	C1:structurally_heterogeneous;C2:structurally_heterogeneous;S:single_representative;O:single_representative
N62	primary	50000	primary_SEG_015	44647531	45658664	43		no_unique_discrete_prediction		true					0.949449142477	0.0265399696292	0.024010887894	q1			false	low	C1:single_representative;C2:single_representative;S:structurally_heterogeneous;O:structurally_heterogeneous
Columbea	primary	50000	primary_SEG_016	45658665	46422770	41		no_unique_discrete_prediction		true					0.951350836309	0.0260143625065	0.0226348011843	q1			false	low	C1:structurally_heterogeneous;C2:single_representative;S:structurally_heterogeneous;O:missing_role_representative
N61	primary	50000	primary_SEG_016	45658665	46422770	41		no_unique_discrete_prediction		true					0.0758890330821	0.914469593848	0.00964137307024	q2			false	low	C1:structurally_heterogeneous;C2:structurally_heterogeneous;S:single_representative;O:single_representative
N62	primary	50000	primary_SEG_016	45658665	46422770	40		no_unique_discrete_prediction		true					0.958167563474	0.0210090197446	0.0208234167815	q1			false	low	C1:single_representative;C2:single_representative;S:structurally_heterogeneous;O:structurally_heterogeneous
Columbea	primary	50000	primary_SEG_017	46422771	47143089	53		no_unique_discrete_prediction		true					0.940899125098	0.0354724385925	0.0236284363094	q1			false	low	C1:structurally_heterogeneous;C2:single_representative;S:structurally_heterogeneous;O:missing_role_representative
N61	primary	50000	primary_SEG_017	46422771	47143089	51		no_unique_discrete_prediction		true					0.0423790692555	0.941157119937	0.0164638108071	q2			false	low	C1:structurally_heterogeneous;C2:structurally_heterogeneous;S:single_representative;O:single_representative
N62	primary	50000	primary_SEG_017	46422771	47143089	38		no_unique_discrete_prediction		true					0.973475842691	0.0201201463451	0.00640401096415	q1			false	low	C1:single_representative;C2:single_representative;S:structurally_heterogeneous;O:structurally_heterogeneous
Columbea	primary	50000	primary_SEG_018	47143090	49159743	132		no_unique_discrete_prediction		true					0.872019099271	0.0722910100808	0.0556898906482	q1			false	high	C1:resolved;C2:single_representative;S:structurally_heterogeneous;O:missing_role_representative
N61	primary	50000	primary_SEG_018	47143090	49159743	133		no_unique_discrete_prediction	q2	false	-0.474603174603	0.969593253968	-0.494990079365	1.44419642857	0.046847621235	0.906138021712	0.0470143570527	q2		0.859207032569	true	high	C1:structurally_heterogeneous;C2:resolved;S:single_representative;O:single_representative
N62	primary	50000	primary_SEG_018	47143090	49159743	116		no_unique_discrete_prediction		true					0.893665873324	0.0665931803368	0.0397409463392	q1			false	high	C1:single_representative;C2:single_representative;S:structurally_heterogeneous;O:structurally_heterogeneous
Columbea	primary	50000	primary_SEG_019	49159744	49624080	13		no_unique_discrete_prediction		true					1	0	0	q1			false	low	C1:structurally_heterogeneous;C2:single_representative;S:resolved;O:missing_role_representative
N61	primary	50000	primary_SEG_019	49159744	49624080	13		no_unique_discrete_prediction		false	0	0	0	0	0.00992281527992	0.948449764521	0.0416274201988	q2			false	low	C1:resolved;C2:structurally_heterogeneous;S:single_representative;O:single_representative
N62	primary	50000	primary_SEG_019	49159744	49624080	13		no_unique_discrete_prediction		true	0	0	0	0	0.99754702935	0.00175366995042	0.000699300699301	q1			false	low	C1:single_representative;C2:single_representative;S:resolved;O:resolved
Columbea	primary	50000	primary_SEG_020	49624081	50410378	40		no_unique_discrete_prediction		true					0.934178368224	0.0526018092808	0.0132198224949	q1			false	low	C1:structurally_heterogeneous;C2:single_representative;S:structurally_heterogeneous;O:missing_role_representative
N61	primary	50000	primary_SEG_020	49624081	50410378	40		no_unique_discrete_prediction		true					0.12647267153	0.860706817655	0.0128205108151	q2			false	low	C1:resolved;C2:structurally_heterogeneous;S:single_representative;O:single_representative
N62	primary	50000	primary_SEG_020	49624081	50410378	35		no_unique_discrete_prediction		true					0.882092774715	0.0251491248739	0.0927581004114	q1			false	low	C1:single_representative;C2:single_representative;S:resolved;O:structurally_heterogeneous
Columbea	primary	50000	primary_SEG_021	50410379	50989362	35		no_unique_discrete_prediction		true					0.985714285714	0.0142857142857	0	q1			false	low	C1:structurally_heterogeneous;C2:single_representative;S:structurally_heterogeneous;O:missing_role_representative
N61	primary	50000	primary_SEG_021	50410379	50989362	35		no_unique_discrete_prediction		true					0	1	0	q2			false	low	C1:structurally_heterogeneous;C2:structurally_heterogeneous;S:single_representative;O:single_representative
N62	primary	50000	primary_SEG_021	50410379	50989362	31		no_unique_discrete_prediction		true					0.992255492213	0.00259198858408	0.00515251920296	q1			false	low	C1:single_representative;C2:single_representative;S:structurally_heterogeneous;O:structurally_heterogeneous
Columbea	primary	50000	primary_SEG_022	50989363	51789124	68		no_unique_discrete_prediction		true					0.960604352468	0.00282825434712	0.0365673931851	q1			false	high	C1:structurally_heterogeneous;C2:single_representative;S:structurally_heterogeneous;O:missing_role_representative
N61	primary	50000	primary_SEG_022	50989363	51789124	68		no_unique_discrete_prediction	q2	false	-0.470833333333	0.566666666667	-0.0958333333333	0.6625	0.0226627036275	0.940722318059	0.0366149783133	q2		0.911083477089	true	high	C1:structurally_heterogeneous;C2:structurally_heterogeneous;S:single_representative;O:single_representative
N62	primary	50000	primary_SEG_022	50989363	51789124	66		no_unique_discrete_prediction	q2	false	0.0708333333333	0.283333333333	-0.354166666667	0.2125	0.969640628377	0.0101725142031	0.0201868574195	q1		-0.484741228695	false	high	C1:single_representative;C2:single_representative;S:structurally_heterogeneous;O:structurally_heterogeneous
Columbea	primary	50000	primary_SEG_023	51789125	57203613	367		no_unique_discrete_prediction		true					0.894751707602	0.0541838873879	0.0510644050102	q1			false	high	C1:structurally_heterogeneous;C2:single_representative;S:structurally_heterogeneous;O:missing_role_representative
N61	primary	50000	primary_SEG_023	51789125	57203613	369		no_unique_discrete_prediction	q1	false	0.235619632602	-0.11170769285	-0.123911939752	0.347327325452	0.0620310579018	0.896294460639	0.0416744814587	q2		-0.406953413147	false	high	C1:structurally_heterogeneous;C2:structurally_heterogeneous;S:single_representative;O:single_representative
N62	primary	50000	primary_SEG_023	51789125	57203613	360		no_unique_discrete_prediction	q2	false	-0.231712954989	0.472233840553	-0.240520885564	0.703946795542	0.917924971392	0.0510533804477	0.0310216481604	q1		-0.423419929328	false	high	C1:single_representative;C2:single_representative;S:structurally_heterogeneous;O:resolved
Columbea	primary	50000	primary_SEG_024	57203614	58171516	66		no_unique_discrete_prediction		true					0.388376040624	0.33435569102	0.277268268356	q1			false	high	C1:structurally_heterogeneous;C2:single_representative;S:structurally_heterogeneous;O:missing_role_representative
N61	primary	50000	primary_SEG_024	57203614	58171516	68		no_unique_discrete_prediction	q3	false	-0.030753968254	0.00257936507937	0.0281746031746	0.0255952380952	0.363876333197	0.344541215932	0.29158245087	q1		-0.0626263236947	false	high	C1:structurally_heterogeneous;C2:structurally_heterogeneous;S:single_representative;O:single_representative
N62	primary	50000	primary_SEG_024	57203614	58171516	67		no_unique_discrete_prediction	q3	false	-0.258531746032	-0.10376984127	0.362301587302	0.466071428571	0.349183119003	0.340442882248	0.310373998748	q1		-0.0344390018773	false	high	C1:single_representative;C2:single_representative;S:structurally_heterogeneous;O:structurally_heterogeneous
Columbea	primary	50000	primary_SEG_025	58171517	59982754	137		no_unique_discrete_prediction		true					0.383554491666	0.31849883486	0.297946673474	q1			false	high	C1:structurally_heterogeneous;C2:single_representative;S:resolved;O:missing_role_representative
N61	primary	50000	primary_SEG_025	58171517	59982754	138		no_unique_discrete_prediction	q2	false	0.00110271672772	0.00644268925519	-0.00754540598291	0.00533997252747	0.340898380581	0.318276431497	0.340825187922	q1		-0.0225853527539	false	high	C1:resolved;C2:structurally_heterogeneous;S:single_representative;O:single_representative
N62	primary	50000	primary_SEG_025	58171517	59982754	128		no_unique_discrete_prediction	q1	false	0.86665521978	-0.465041208791	-0.401614010989	1.26826923077	0.369326664079	0.335013602468	0.295659733454	q1		0.0539899961183	true	high	C1:single_representative;C2:single_representative;S:resolved;O:resolved
Columbea	primary	50000	primary_SEG_026	59982755	61035423	54		no_unique_discrete_prediction		true					0.436009135984	0.253675795673	0.310315068343	q1			false	low	C1:structurally_heterogeneous;C2:single_representative;S:structurally_heterogeneous;O:missing_role_representative
N61	primary	50000	primary_SEG_026	59982755	61035423	54		no_unique_discrete_prediction		true					0.426550400702	0.273353902606	0.300095696692	q1			false	low	C1:structurally_heterogeneous;C2:structurally_heterogeneous;S:single_representative;O:single_representative
N62	primary	50000	primary_SEG_026	59982755	61035423	52		no_unique_discrete_prediction		true					0.358300290237	0.340363294359	0.301336415404	q1			false	low	C1:single_representative;C2:single_representative;S:structurally_heterogeneous;O:structurally_heterogeneous
Columbea	primary	50000	primary_SEG_027	61035424	91310470	2035		no_unique_discrete_prediction		true					0.347866307371	0.339923373956	0.312210318673	q1			false	high	C1:structurally_heterogeneous;C2:single_representative;S:structurally_heterogeneous;O:missing_role_representative
N61	primary	50000	primary_SEG_027	61035424	91310470	2050		no_unique_discrete_prediction	q1	false	0.00538490692864	-0.00225568706259	-0.00312921986605	0.00764059399123	0.357457355887	0.32202640509	0.320516239023	q1		0.036186033831	true	high	C1:structurally_heterogeneous;C2:structurally_heterogeneous;S:single_representative;O:single_representative
N62	primary	50000	primary_SEG_027	61035424	91310470	1995		no_unique_discrete_prediction	q2	false	-0.00424469268961	0.00462848334115	-0.000383790651535	0.00501227399268	0.330288484998	0.344876265374	0.324835249629	q2		0.0173143980605	true	high	C1:single_representative;C2:single_representative;S:structurally_heterogeneous;O:structurally_heterogeneous
Columbea	primary	100000	primary_SEG_001	1	1949860	120		no_unique_discrete_prediction		true					0.358125034412	0.371472484325	0.270402481263	q2			false	low	C1:structurally_heterogeneous;C2:single_representative;S:structurally_heterogeneous;O:missing_role_representative
N61	primary	100000	primary_SEG_001	1	1949860	120		no_unique_discrete_prediction		true					0.348554451965	0.301396551835	0.350048996201	q3			false	low	C1:structurally_heterogeneous;C2:structurally_heterogeneous;S:single_representative;O:single_representative
N62	primary	100000	primary_SEG_001	1	1949860	110		no_unique_discrete_prediction		true					0.342718570335	0.339453337581	0.317828092084	q1			false	low	C1:single_representative;C2:single_representative;S:structurally_heterogeneous;O:structurally_heterogeneous
Columbea	primary	100000	primary_SEG_002	1949861	9504880	534		no_unique_discrete_prediction		true					0.321358053078	0.354056702905	0.324585244017	q2			false	high	C1:structurally_heterogeneous;C2:single_representative;S:structurally_heterogeneous;O:missing_role_representative
N61	primary	100000	primary_SEG_002	1949861	9504880	535		no_unique_discrete_prediction	q1	false	0.92003968254	-0.465972222222	-0.454067460317	1.37410714286	0.340727578893	0.323216705942	0.336055715165	q1		0.0110913683388	true	high	C1:resolved;C2:structurally_heterogeneous;S:single_representative;O:single_representative
N62	primary	100000	primary_SEG_002	1949861	9504880	512		no_unique_discrete_prediction	q3	false	-0.0128246753247	-0.0793019480519	0.0921266233766	0.104951298701	0.317706277954	0.357179121406	0.32511460064	q2		-0.0123280990393	false	high	C1:single_representative;C2:single_representative;S:resolved;O:resolved
Columbea	primary	100000	primary_SEG_003	9504881	10974030	123		no_unique_discrete_prediction		true					0.297241755479	0.368203215953	0.334555028568	q2			false	low	C1:structurally_heterogeneous;C2:single_representative;S:structurally_heterogeneous;O:missing_role_representative
N61	primary	100000	primary_SEG_003	9504881	10974030	123		no_unique_discrete_prediction		true					0.30125948929	0.346589905379	0.352150605331	q3			false	low	C1:structurally_heterogeneous;C2:structurally_heterogeneous;S:single_representative;O:single_representative
N62	primary	100000	primary_SEG_003	9504881	10974030	118		no_unique_discrete_prediction		true					0.332167336378	0.337856257778	0.329976405844	q2			false	low	C1:single_representative;C2:single_representative;S:structurally_heterogeneous;O:structurally_heterogeneous
Columbea	primary	100000	primary_SEG_004	10974031	19760078	593		no_unique_discrete_prediction		true					0.335910586647	0.342900548282	0.321188865071	q2			false	high	C1:structurally_heterogeneous;C2:single_representative;S:structurally_heterogeneous;O:missing_role_representative
N61	primary	100000	primary_SEG_004	10974031	19760078	596		no_unique_discrete_prediction	q1	false	0.716382922633	-0.363892010767	-0.352490911866	1.0688738345	0.352276932859	0.316955335623	0.330767731519	q1		0.0284153992878	true	high	C1:structurally_heterogeneous;C2:structurally_heterogeneous;S:single_representative;O:single_representative
N62	primary	100000	primary_SEG_004	10974031	19760078	574		no_unique_discrete_prediction	q3	false	-0.137234293484	-0.216717310467	0.353951603952	0.491185897436	0.322685851707	0.333355903067	0.343958245226	q3		0.015937367839	true	high	C1:single_representative;C2:single_representative;S:structurally_heterogeneous;O:resolved
Columbea	primary	100000	primary_SEG_005	19760079	25213019	317		no_unique_discrete_prediction		true					0.409697337187	0.315806794337	0.274495868476	q1			false	high	C1:structurally_heterogeneous;C2:single_representative;S:structurally_heterogeneous;O:missing_role_representative
N61	primary	100000	primary_SEG_005	19760079	25213019	318		no_unique_discrete_prediction	q1	false	0.064880952381	-0.0431547619048	-0.0217261904762	0.0866071428571	0.330374539492	0.375279074831	0.294346385677	q2		-0.00443819076169	false	high	C1:resolved;C2:structurally_heterogeneous;S:single_representative;O:single_representative
N62	primary	100000	primary_SEG_005	19760079	25213019	307		no_unique_discrete_prediction	q1	false	0.0136904761905	-0.0193452380952	0.00565476190476	0.00803571428571	0.382378781801	0.321243185941	0.296378032258	q1		0.0735681727018	true	high	C1:single_representative;C2:single_representative;S:resolved;O:structurally_heterogeneous
Columbea	primary	100000	primary_SEG_006	25213020	25559087	32		no_unique_discrete_prediction		true					0.954907718121	0.013947147651	0.0311451342282	q1			false	limited	C1:structurally_heterogeneous;C2:single_representative;S:structurally_heterogeneous;O:missing_role_representative
N61	primary	100000	primary_SEG_006	25213020	25559087	32		no_unique_discrete_prediction		false	0	0	0	0	0.04273915618	0.942443530965	0.0148173128551	q2			false	limited	C1:structurally_heterogeneous;C2:structurally_heterogeneous;S:single_representative;O:single_representative
N62	primary	100000	primary_SEG_006	25213020	25559087	31		no_unique_discrete_prediction		false					0.973035359978	0.00737407206001	0.0195905679615	q1			false	limited	C1:single_representative;C2:single_representative;S:structurally_heterogeneous;O:resolved
Columbea	primary	100000	primary_SEG_007	25559088	33234049	507		no_unique_discrete_prediction		true					0.881765130615	0.0614157224178	0.0568191469667	q1			false	high	C1:structurally_heterogeneous;C2:single_representative;S:structurally_heterogeneous;O:missing_role_representative
N61	primary	100000	primary_SEG_007	25559088	33234049	510		no_unique_discrete_prediction	q1	true	0.233529838217	-0.12458028083	-0.108949557387	0.342479395604	0.0839257173605	0.862855762408	0.0532185202319	q2		-0.374111423959	false	high	C1:structurally_heterogeneous;C2:structurally_heterogeneous;S:single_representative;O:single_representative
N62	primary	100000	primary_SEG_007	25559088	33234049	495		no_unique_discrete_prediction	q2	false	-0.233728250916	0.783828411172	-0.550100160256	1.01755666209	0.907927594466	0.0394117271095	0.0526606784249	q1		-0.440882409336	false	high	C1:single_representative;C2:single_representative;S:structurally_heterogeneous;O:structurally_heterogeneous
Columbea	primary	100000	primary_SEG_008	33234050	34021640	40		no_unique_discrete_prediction		true					0.704848921528	0.164079648497	0.131071429975	q1			false	low	C1:structurally_heterogeneous;C2:single_representative;S:structurally_heterogeneous;O:missing_role_representative
N61	primary	100000	primary_SEG_008	33234050	34021640	42		no_unique_discrete_prediction	q2	false	0.00610119047619	0.0650297619048	-0.071130952381	0.0589285714286	0.127544501885	0.684998642163	0.187456855952	q2		0.527497963244	true	low	C1:structurally_heterogeneous;C2:structurally_heterogeneous;S:single_representative;O:single_representative
N62	primary	100000	primary_SEG_008	33234050	34021640	42		no_unique_discrete_prediction	q2	false	-0.0296130952381	0.0717261904762	-0.0421130952381	0.101339285714	0.673797475868	0.14098194571	0.185220578422	q1		-0.288527081435	false	low	C1:single_representative;C2:single_representative;S:structurally_heterogeneous;O:structurally_heterogeneous
Columbea	primary	100000	primary_SEG_009	34021641	34232794	9		no_unique_discrete_prediction		true					0.931553552794	0.0629859429457	0.00546050426071	q1			false	limited	C1:structurally_heterogeneous;C2:single_representative;S:structurally_heterogeneous;O:missing_role_representative
N61	primary	100000	primary_SEG_009	34021641	34232794	9		no_unique_discrete_prediction	q1	true	0.125	-0.0625	-0.0625	0.1875	0.164153015195	0.812179745241	0.0236672395639	q2		-0.253770477208	false	limited	C1:structurally_heterogeneous;C2:structurally_heterogeneous;S:single_representative;O:single_representative
N62	primary	100000	primary_SEG_009	34021641	34232794	8		no_unique_discrete_prediction	q3	true	-0.125	-0.125	0.25	0.375	0.891236257403	0.0646773692812	0.0440863733164	q1		-0.433870440025	false	limited	C1:single_representative;C2:single_representative;S:structurally_heterogeneous;O:resolved
Columbea	primary	100000	primary_SEG_010	34232795	35025837	43		no_unique_discrete_prediction		true					0.491586949126	0.242246581003	0.266166469871	q1			false	low	C1:structurally_heterogeneous;C2:single_representative;S:structurally_heterogeneous;O:missing_role_representative
N61	primary	100000	primary_SEG_010	34232795	35025837	43		no_unique_discrete_prediction		false					0.232610821228	0.530349457254	0.237039721518	q2			false	low	C1:structurally_heterogeneous;C2:structurally_heterogeneous;S:single_representative;O:single_representative
N62	primary	100000	primary_SEG_010	34232795	35025837	37		no_unique_discrete_prediction		false					0.535114098608	0.236037467741	0.228848433652	q1			false	low	C1:single_representative;C2:single_representative;S:structurally_heterogeneous;O:structurally_heterogeneous
Columbea	primary	100000	primary_SEG_011	35025838	37255236	139		no_unique_discrete_prediction		true					0.335357812765	0.354652970276	0.309989216959	q2			false	high	C1:structurally_heterogeneous;C2:single_representative;S:structurally_heterogeneous;O:missing_role_representative
N61	primary	100000	primary_SEG_011	35025838	37255236	140		no_unique_discrete_prediction		false					0.329753819574	0.366345221846	0.303900958579	q2			false	high	C1:structurally_heterogeneous;C2:structurally_heterogeneous;S:single_representative;O:single_representative
N62	primary	100000	primary_SEG_011	35025838	37255236	124		no_unique_discrete_prediction		false					0.36841644388	0.318831769743	0.312751786377	q1			false	high	C1:single_representative;C2:single_representative;S:structurally_heterogeneous;O:resolved
Columbea	primary	100000	primary_SEG_012	37255237	39237022	119		no_unique_discrete_prediction		true					0.341703678844	0.341617614523	0.316678706633	q1			false	low	C1:structurally_heterogeneous;C2:single_representative;S:structurally_heterogeneous;O:missing_role_representative
N61	primary	100000	primary_SEG_012	37255237	39237022	123		no_unique_discrete_prediction		false					0.340240188321	0.304584916477	0.355174895202	q3			false	low	C1:structurally_heterogeneous;C2:structurally_heterogeneous;S:single_representative;O:single_representative
N62	primary	100000	primary_SEG_012	37255237	39237022	119		no_unique_discrete_prediction		false					0.338479431443	0.32392300586	0.337597562697	q1			false	low	C1:single_representative;C2:single_representative;S:structurally_heterogeneous;O:structurally_heterogeneous
Columbea	primary	100000	primary_SEG_013	39237023	42267292	255		no_unique_discrete_prediction		true					0.344268337974	0.336682109809	0.319049552217	q1			false	low	C1:structurally_heterogeneous;C2:single_representative;S:structurally_heterogeneous;O:missing_role_representative
N61	primary	100000	primary_SEG_013	39237023	42267292	257		no_unique_discrete_prediction	q2	false	-0.122916666667	0.239583333333	-0.116666666667	0.35625	0.37164410837	0.321167632261	0.307188259369	q1		-0.0182485516082	false	low	C1:structurally_heterogeneous;C2:structurally_heterogeneous;S:single_representative;O:single_representative
N62	primary	100000	primary_SEG_013	39237023	42267292	250		no_unique_discrete_prediction	q3	false	-0.00416666666667	-0.00416666666667	0.00833333333333	0.0125	0.391203607676	0.296619685766	0.312176706558	q1		-0.0317349401631	false	low	C1:single_representative;C2:single_representative;S:structurally_heterogeneous;O:resolved
Columbea	primary	100000	primary_SEG_014	42267293	44647530	176		no_unique_discrete_prediction		true					0.485879540138	0.288972133263	0.225148326598	q1			false	low	C1:structurally_heterogeneous;C2:single_representative;S:structurally_heterogeneous;O:missing_role_representative
N61	primary	100000	primary_SEG_014	42267293	44647530	176		no_unique_discrete_prediction		false					0.268089352842	0.471346346613	0.260564300545	q2			false	low	C1:structurally_heterogeneous;C2:structurally_heterogeneous;S:single_representative;O:single_representative
N62	primary	100000	primary_SEG_014	42267293	44647530	170		no_unique_discrete_prediction		false					0.517915309465	0.239302756037	0.242781934498	q1			false	low	C1:single_representative;C2:single_representative;S:structurally_heterogeneous;O:structurally_heterogeneous
Columbea	primary	100000	primary_SEG_015	44647531	45658664	48		no_unique_discrete_prediction		true					0.967476692356	0.0112433862434	0.0212799214005	q1			false	low	C1:structurally_heterogeneous;C2:single_representative;S:structurally_heterogeneous;O:missing_role_representative
N61	primary	100000	primary_SEG_015	44647531	45658664	48		no_unique_discrete_prediction		true					0.029252507819	0.958282682171	0.0124648100098	q2			false	low	C1:structurally_heterogeneous;C2:structurally_heterogeneous;S:single_representative;O:single_representative
N62	primary	100000	primary_SEG_015	44647531	45658664	43		no_unique_discrete_prediction		true					0.949449142477	0.0265399696292	0.024010887894	q1			false	low	C1:single_representative;C2:single_representative;S:structurally_heterogeneous;O:structurally_heterogeneous
Columbea	primary	100000	primary_SEG_016	45658665	46422770	41		no_unique_discrete_prediction		true					0.951350836309	0.0260143625065	0.0226348011843	q1			false	low	C1:structurally_heterogeneous;C2:single_representative;S:structurally_heterogeneous;O:missing_role_representative
N61	primary	100000	primary_SEG_016	45658665	46422770	41		no_unique_discrete_prediction		true					0.0758890330821	0.914469593848	0.00964137307024	q2			false	low	C1:structurally_heterogeneous;C2:structurally_heterogeneous;S:single_representative;O:single_representative
N62	primary	100000	primary_SEG_016	45658665	46422770	40		no_unique_discrete_prediction		true					0.958167563474	0.0210090197446	0.0208234167815	q1			false	low	C1:single_representative;C2:single_representative;S:structurally_heterogeneous;O:structurally_heterogeneous
Columbea	primary	100000	primary_SEG_017	46422771	47143089	53		no_unique_discrete_prediction		true					0.940899125098	0.0354724385925	0.0236284363094	q1			false	low	C1:structurally_heterogeneous;C2:single_representative;S:structurally_heterogeneous;O:missing_role_representative
N61	primary	100000	primary_SEG_017	46422771	47143089	51		no_unique_discrete_prediction		true					0.0423790692555	0.941157119937	0.0164638108071	q2			false	low	C1:structurally_heterogeneous;C2:structurally_heterogeneous;S:single_representative;O:single_representative
N62	primary	100000	primary_SEG_017	46422771	47143089	38		no_unique_discrete_prediction		true					0.973475842691	0.0201201463451	0.00640401096415	q1			false	low	C1:single_representative;C2:single_representative;S:structurally_heterogeneous;O:structurally_heterogeneous
Columbea	primary	100000	primary_SEG_018	47143090	49159743	132		no_unique_discrete_prediction		true					0.872019099271	0.0722910100808	0.0556898906482	q1			false	low	C1:structurally_heterogeneous;C2:single_representative;S:structurally_heterogeneous;O:missing_role_representative
N61	primary	100000	primary_SEG_018	47143090	49159743	133		no_unique_discrete_prediction		false					0.046847621235	0.906138021712	0.0470143570527	q2			false	low	C1:structurally_heterogeneous;C2:structurally_heterogeneous;S:single_representative;O:single_representative
N62	primary	100000	primary_SEG_018	47143090	49159743	116		no_unique_discrete_prediction		true					0.893665873324	0.0665931803368	0.0397409463392	q1			false	low	C1:single_representative;C2:single_representative;S:structurally_heterogeneous;O:structurally_heterogeneous
Columbea	primary	100000	primary_SEG_019	49159744	49624080	13		no_unique_discrete_prediction		true					1	0	0	q1			false	low	C1:structurally_heterogeneous;C2:single_representative;S:resolved;O:missing_role_representative
N61	primary	100000	primary_SEG_019	49159744	49624080	13		no_unique_discrete_prediction	q1	false	0.0416666666667	-0.0208333333333	-0.0208333333333	0.0625	0.00992281527992	0.948449764521	0.0416274201988	q2		-0.48511577708	false	low	C1:resolved;C2:structurally_heterogeneous;S:single_representative;O:single_representative
N62	primary	100000	primary_SEG_019	49159744	49624080	13		no_unique_discrete_prediction		true	0	0	0	0	0.99754702935	0.00175366995042	0.000699300699301	q1			false	low	C1:single_representative;C2:single_representative;S:resolved;O:resolved
Columbea	primary	100000	primary_SEG_020	49624081	50410378	40		no_unique_discrete_prediction		true					0.934178368224	0.0526018092808	0.0132198224949	q1			false	low	C1:structurally_heterogeneous;C2:single_representative;S:structurally_heterogeneous;O:missing_role_representative
N61	primary	100000	primary_SEG_020	49624081	50410378	40		no_unique_discrete_prediction		true					0.12647267153	0.860706817655	0.0128205108151	q2			false	low	C1:structurally_heterogeneous;C2:structurally_heterogeneous;S:single_representative;O:single_representative
N62	primary	100000	primary_SEG_020	49624081	50410378	35		no_unique_discrete_prediction		true					0.882092774715	0.0251491248739	0.0927581004114	q1			false	low	C1:single_representative;C2:single_representative;S:structurally_heterogeneous;O:structurally_heterogeneous
Columbea	primary	100000	primary_SEG_021	50410379	50989362	35		no_unique_discrete_prediction		true					0.985714285714	0.0142857142857	0	q1			false	low	C1:structurally_heterogeneous;C2:single_representative;S:structurally_heterogeneous;O:missing_role_representative
N61	primary	100000	primary_SEG_021	50410379	50989362	35		no_unique_discrete_prediction		true					0	1	0	q2			false	low	C1:structurally_heterogeneous;C2:structurally_heterogeneous;S:single_representative;O:single_representative
N62	primary	100000	primary_SEG_021	50410379	50989362	31		no_unique_discrete_prediction		true					0.992255492213	0.00259198858408	0.00515251920296	q1			false	low	C1:single_representative;C2:single_representative;S:structurally_heterogeneous;O:structurally_heterogeneous
Columbea	primary	100000	primary_SEG_022	50989363	51789124	68		no_unique_discrete_prediction		true					0.960604352468	0.00282825434712	0.0365673931851	q1			false	low	C1:structurally_heterogeneous;C2:single_representative;S:structurally_heterogeneous;O:missing_role_representative
N61	primary	100000	primary_SEG_022	50989363	51789124	68		no_unique_discrete_prediction		false					0.0226627036275	0.940722318059	0.0366149783133	q2			false	low	C1:structurally_heterogeneous;C2:structurally_heterogeneous;S:single_representative;O:single_representative
N62	primary	100000	primary_SEG_022	50989363	51789124	66		no_unique_discrete_prediction		false					0.969640628377	0.0101725142031	0.0201868574195	q1			false	low	C1:single_representative;C2:single_representative;S:structurally_heterogeneous;O:structurally_heterogeneous
Columbea	primary	100000	primary_SEG_023	51789125	57203613	367		no_unique_discrete_prediction		true					0.894751707602	0.0541838873879	0.0510644050102	q1			false	high	C1:structurally_heterogeneous;C2:single_representative;S:structurally_heterogeneous;O:missing_role_representative
N61	primary	100000	primary_SEG_023	51789125	57203613	369		no_unique_discrete_prediction	q1	false	0.138624338624	-0.0550264550265	-0.0835978835979	0.193650793651	0.0620310579018	0.896294460639	0.0416744814587	q2		-0.406953413147	false	high	C1:structurally_heterogeneous;C2:structurally_heterogeneous;S:single_representative;O:single_representative
N62	primary	100000	primary_SEG_023	51789125	57203613	360		no_unique_discrete_prediction	q2	false	-0.0906746031746	0.197420634921	-0.106746031746	0.288095238095	0.917924971392	0.0510533804477	0.0310216481604	q1		-0.423419929328	false	high	C1:single_representative;C2:single_representative;S:structurally_heterogeneous;O:resolved
Columbea	primary	100000	primary_SEG_024	57203614	58171516	66		no_unique_discrete_prediction		true					0.388376040624	0.33435569102	0.277268268356	q1			false	low	C1:structurally_heterogeneous;C2:single_representative;S:structurally_heterogeneous;O:missing_role_representative
N61	primary	100000	primary_SEG_024	57203614	58171516	68		no_unique_discrete_prediction		false					0.363876333197	0.344541215932	0.29158245087	q1			false	low	C1:structurally_heterogeneous;C2:structurally_heterogeneous;S:single_representative;O:single_representative
N62	primary	100000	primary_SEG_024	57203614	58171516	67		no_unique_discrete_prediction		false					0.349183119003	0.340442882248	0.310373998748	q1			false	low	C1:single_representative;C2:single_representative;S:structurally_heterogeneous;O:structurally_heterogeneous
Columbea	primary	100000	primary_SEG_025	58171517	59982754	137		no_unique_discrete_prediction		true					0.383554491666	0.31849883486	0.297946673474	q1			false	low	C1:structurally_heterogeneous;C2:single_representative;S:structurally_heterogeneous;O:missing_role_representative
N61	primary	100000	primary_SEG_025	58171517	59982754	138		no_unique_discrete_prediction		false					0.340898380581	0.318276431497	0.340825187922	q1			false	low	C1:structurally_heterogeneous;C2:structurally_heterogeneous;S:single_representative;O:single_representative
N62	primary	100000	primary_SEG_025	58171517	59982754	128		no_unique_discrete_prediction		false					0.369326664079	0.335013602468	0.295659733454	q1			false	low	C1:single_representative;C2:single_representative;S:structurally_heterogeneous;O:structurally_heterogeneous
Columbea	primary	100000	primary_SEG_026	59982755	61035423	54		no_unique_discrete_prediction		true					0.436009135984	0.253675795673	0.310315068343	q1			false	low	C1:structurally_heterogeneous;C2:single_representative;S:structurally_heterogeneous;O:missing_role_representative
N61	primary	100000	primary_SEG_026	59982755	61035423	54		no_unique_discrete_prediction		true					0.426550400702	0.273353902606	0.300095696692	q1			false	low	C1:structurally_heterogeneous;C2:structurally_heterogeneous;S:single_representative;O:single_representative
N62	primary	100000	primary_SEG_026	59982755	61035423	52		no_unique_discrete_prediction		true					0.358300290237	0.340363294359	0.301336415404	q1			false	low	C1:single_representative;C2:single_representative;S:structurally_heterogeneous;O:structurally_heterogeneous
Columbea	primary	100000	primary_SEG_027	61035424	91310470	2035		no_unique_discrete_prediction		true					0.347866307371	0.339923373956	0.312210318673	q1			false	high	C1:structurally_heterogeneous;C2:single_representative;S:structurally_heterogeneous;O:missing_role_representative
N61	primary	100000	primary_SEG_027	61035424	91310470	2050		no_unique_discrete_prediction	q1	false	0.00475344697181	-0.000916820963025	-0.00383662600879	0.00567026793484	0.357457355887	0.32202640509	0.320516239023	q1		0.036186033831	true	high	C1:structurally_heterogeneous;C2:structurally_heterogeneous;S:single_representative;O:single_representative
N62	primary	100000	primary_SEG_027	61035424	91310470	1995		no_unique_discrete_prediction	q2	false	-0.00029120451515	0.00214818527239	-0.00185698075724	0.00243938978754	0.330288484998	0.344876265374	0.324835249629	q2		0.0173143980605	true	high	C1:single_representative;C2:single_representative;S:structurally_heterogeneous;O:structurally_heterogeneous
Columbea	primary	200000	primary_SEG_001	1	1949860	120		no_unique_discrete_prediction		true					0.358125034412	0.371472484325	0.270402481263	q2			false	low	C1:structurally_heterogeneous;C2:single_representative;S:structurally_heterogeneous;O:missing_role_representative
N61	primary	200000	primary_SEG_001	1	1949860	120		no_unique_discrete_prediction		true					0.348554451965	0.301396551835	0.350048996201	q3			false	low	C1:structurally_heterogeneous;C2:structurally_heterogeneous;S:single_representative;O:single_representative
N62	primary	200000	primary_SEG_001	1	1949860	110		no_unique_discrete_prediction		true					0.342718570335	0.339453337581	0.317828092084	q1			false	low	C1:single_representative;C2:single_representative;S:structurally_heterogeneous;O:structurally_heterogeneous
Columbea	primary	200000	primary_SEG_002	1949861	9504880	534		no_unique_discrete_prediction		true					0.321358053078	0.354056702905	0.324585244017	q2			false	low	C1:resolved;C2:single_representative;S:structurally_heterogeneous;O:missing_role_representative
N61	primary	200000	primary_SEG_002	1949861	9504880	535		no_unique_discrete_prediction		false					0.340727578893	0.323216705942	0.336055715165	q1			false	low	C1:structurally_heterogeneous;C2:resolved;S:single_representative;O:single_representative
N62	primary	200000	primary_SEG_002	1949861	9504880	512		no_unique_discrete_prediction		false					0.317706277954	0.357179121406	0.32511460064	q2			false	low	C1:single_representative;C2:single_representative;S:structurally_heterogeneous;O:structurally_heterogeneous
Columbea	primary	200000	primary_SEG_003	9504881	10974030	123		no_unique_discrete_prediction		true					0.297241755479	0.368203215953	0.334555028568	q2			false	low	C1:structurally_heterogeneous;C2:single_representative;S:structurally_heterogeneous;O:missing_role_representative
N61	primary	200000	primary_SEG_003	9504881	10974030	123		no_unique_discrete_prediction		true					0.30125948929	0.346589905379	0.352150605331	q3			false	low	C1:structurally_heterogeneous;C2:structurally_heterogeneous;S:single_representative;O:single_representative
N62	primary	200000	primary_SEG_003	9504881	10974030	118		no_unique_discrete_prediction		true					0.332167336378	0.337856257778	0.329976405844	q2			false	low	C1:single_representative;C2:single_representative;S:structurally_heterogeneous;O:structurally_heterogeneous
Columbea	primary	200000	primary_SEG_004	10974031	19760078	593		no_unique_discrete_prediction		true					0.335910586647	0.342900548282	0.321188865071	q2			false	high	C1:structurally_heterogeneous;C2:single_representative;S:structurally_heterogeneous;O:missing_role_representative
N61	primary	200000	primary_SEG_004	10974031	19760078	596		no_unique_discrete_prediction		false					0.352276932859	0.316955335623	0.330767731519	q1			false	high	C1:structurally_heterogeneous;C2:structurally_heterogeneous;S:single_representative;O:single_representative
N62	primary	200000	primary_SEG_004	10974031	19760078	574		no_unique_discrete_prediction		false					0.322685851707	0.333355903067	0.343958245226	q3			false	high	C1:single_representative;C2:single_representative;S:structurally_heterogeneous;O:resolved
Columbea	primary	200000	primary_SEG_005	19760079	25213019	317		no_unique_discrete_prediction		true					0.409697337187	0.315806794337	0.274495868476	q1			false	low	C1:structurally_heterogeneous;C2:single_representative;S:structurally_heterogeneous;O:missing_role_representative
N61	primary	200000	primary_SEG_005	19760079	25213019	318		no_unique_discrete_prediction		false					0.330374539492	0.375279074831	0.294346385677	q2			false	low	C1:structurally_heterogeneous;C2:structurally_heterogeneous;S:single_representative;O:single_representative
N62	primary	200000	primary_SEG_005	19760079	25213019	307		no_unique_discrete_prediction		false					0.382378781801	0.321243185941	0.296378032258	q1			false	low	C1:single_representative;C2:single_representative;S:structurally_heterogeneous;O:structurally_heterogeneous
Columbea	primary	200000	primary_SEG_006	25213020	25559087	32		no_unique_discrete_prediction		true					0.954907718121	0.013947147651	0.0311451342282	q1			false	limited	C1:structurally_heterogeneous;C2:single_representative;S:structurally_heterogeneous;O:missing_role_representative
N61	primary	200000	primary_SEG_006	25213020	25559087	32		no_unique_discrete_prediction		false	0	0	0	0	0.04273915618	0.942443530965	0.0148173128551	q2			false	limited	C1:structurally_heterogeneous;C2:structurally_heterogeneous;S:single_representative;O:single_representative
N62	primary	200000	primary_SEG_006	25213020	25559087	31		no_unique_discrete_prediction		false					0.973035359978	0.00737407206001	0.0195905679615	q1			false	limited	C1:single_representative;C2:single_representative;S:structurally_heterogeneous;O:resolved
Columbea	primary	200000	primary_SEG_007	25559088	33234049	507		no_unique_discrete_prediction		true					0.881765130615	0.0614157224178	0.0568191469667	q1			false	low	C1:structurally_heterogeneous;C2:single_representative;S:structurally_heterogeneous;O:missing_role_representative
N61	primary	200000	primary_SEG_007	25559088	33234049	510		no_unique_discrete_prediction	q1	true	0.0553571428571	-0.0642857142857	0.00892857142857	0.0464285714286	0.0839257173605	0.862855762408	0.0532185202319	q2		-0.374111423959	false	low	C1:structurally_heterogeneous;C2:structurally_heterogeneous;S:single_representative;O:single_representative
N62	primary	200000	primary_SEG_007	25559088	33234049	495		no_unique_discrete_prediction		false					0.907927594466	0.0394117271095	0.0526606784249	q1			false	low	C1:single_representative;C2:single_representative;S:structurally_heterogeneous;O:structurally_heterogeneous
Columbea	primary	200000	primary_SEG_008	33234050	34021640	40		no_unique_discrete_prediction		true					0.704848921528	0.164079648497	0.131071429975	q1			false	limited	C1:structurally_heterogeneous;C2:single_representative;S:structurally_heterogeneous;O:missing_role_representative
N61	primary	200000	primary_SEG_008	33234050	34021640	42		no_unique_discrete_prediction		false					0.127544501885	0.684998642163	0.187456855952	q2			false	limited	C1:structurally_heterogeneous;C2:structurally_heterogeneous;S:single_representative;O:single_representative
N62	primary	200000	primary_SEG_008	33234050	34021640	42		no_unique_discrete_prediction		false					0.673797475868	0.14098194571	0.185220578422	q1			false	limited	C1:single_representative;C2:single_representative;S:structurally_heterogeneous;O:structurally_heterogeneous
Columbea	primary	200000	primary_SEG_009	34021641	34232794	9		no_unique_discrete_prediction		true					0.931553552794	0.0629859429457	0.00546050426071	q1			false	limited	C1:structurally_heterogeneous;C2:single_representative;S:structurally_heterogeneous;O:missing_role_representative
N61	primary	200000	primary_SEG_009	34021641	34232794	9		no_unique_discrete_prediction	q1	true	0.125	-0.0625	-0.0625	0.1875	0.164153015195	0.812179745241	0.0236672395639	q2		-0.253770477208	false	limited	C1:structurally_heterogeneous;C2:structurally_heterogeneous;S:single_representative;O:single_representative
N62	primary	200000	primary_SEG_009	34021641	34232794	8		no_unique_discrete_prediction	q3	true	-0.125	-0.125	0.25	0.375	0.891236257403	0.0646773692812	0.0440863733164	q1		-0.433870440025	false	limited	C1:single_representative;C2:single_representative;S:structurally_heterogeneous;O:resolved
Columbea	primary	200000	primary_SEG_010	34232795	35025837	43		no_unique_discrete_prediction		true					0.491586949126	0.242246581003	0.266166469871	q1			false	limited	C1:structurally_heterogeneous;C2:single_representative;S:structurally_heterogeneous;O:missing_role_representative
N61	primary	200000	primary_SEG_010	34232795	35025837	43		no_unique_discrete_prediction		false					0.232610821228	0.530349457254	0.237039721518	q2			false	limited	C1:structurally_heterogeneous;C2:structurally_heterogeneous;S:single_representative;O:single_representative
N62	primary	200000	primary_SEG_010	34232795	35025837	37		no_unique_discrete_prediction		false					0.535114098608	0.236037467741	0.228848433652	q1			false	limited	C1:single_representative;C2:single_representative;S:structurally_heterogeneous;O:structurally_heterogeneous
Columbea	primary	200000	primary_SEG_011	35025838	37255236	139		no_unique_discrete_prediction		true					0.335357812765	0.354652970276	0.309989216959	q2			false	low	C1:structurally_heterogeneous;C2:single_representative;S:structurally_heterogeneous;O:missing_role_representative
N61	primary	200000	primary_SEG_011	35025838	37255236	140		no_unique_discrete_prediction		false					0.329753819574	0.366345221846	0.303900958579	q2			false	low	C1:structurally_heterogeneous;C2:structurally_heterogeneous;S:single_representative;O:single_representative
N62	primary	200000	primary_SEG_011	35025838	37255236	124		no_unique_discrete_prediction		false					0.36841644388	0.318831769743	0.312751786377	q1			false	low	C1:single_representative;C2:single_representative;S:structurally_heterogeneous;O:structurally_heterogeneous
Columbea	primary	200000	primary_SEG_012	37255237	39237022	119		no_unique_discrete_prediction		true					0.341703678844	0.341617614523	0.316678706633	q1			false	low	C1:structurally_heterogeneous;C2:single_representative;S:structurally_heterogeneous;O:missing_role_representative
N61	primary	200000	primary_SEG_012	37255237	39237022	123		no_unique_discrete_prediction		false					0.340240188321	0.304584916477	0.355174895202	q3			false	low	C1:structurally_heterogeneous;C2:structurally_heterogeneous;S:single_representative;O:single_representative
N62	primary	200000	primary_SEG_012	37255237	39237022	119		no_unique_discrete_prediction		false					0.338479431443	0.32392300586	0.337597562697	q1			false	low	C1:single_representative;C2:single_representative;S:structurally_heterogeneous;O:structurally_heterogeneous
Columbea	primary	200000	primary_SEG_013	39237023	42267292	255		no_unique_discrete_prediction		true					0.344268337974	0.336682109809	0.319049552217	q1			false	low	C1:structurally_heterogeneous;C2:single_representative;S:structurally_heterogeneous;O:missing_role_representative
N61	primary	200000	primary_SEG_013	39237023	42267292	257		no_unique_discrete_prediction		false					0.37164410837	0.321167632261	0.307188259369	q1			false	low	C1:structurally_heterogeneous;C2:structurally_heterogeneous;S:single_representative;O:single_representative
N62	primary	200000	primary_SEG_013	39237023	42267292	250		no_unique_discrete_prediction		false					0.391203607676	0.296619685766	0.312176706558	q1			false	low	C1:single_representative;C2:single_representative;S:structurally_heterogeneous;O:structurally_heterogeneous
Columbea	primary	200000	primary_SEG_014	42267293	44647530	176		no_unique_discrete_prediction		true					0.485879540138	0.288972133263	0.225148326598	q1			false	low	C1:structurally_heterogeneous;C2:single_representative;S:structurally_heterogeneous;O:missing_role_representative
N61	primary	200000	primary_SEG_014	42267293	44647530	176		no_unique_discrete_prediction		false					0.268089352842	0.471346346613	0.260564300545	q2			false	low	C1:structurally_heterogeneous;C2:structurally_heterogeneous;S:single_representative;O:single_representative
N62	primary	200000	primary_SEG_014	42267293	44647530	170		no_unique_discrete_prediction		false					0.517915309465	0.239302756037	0.242781934498	q1			false	low	C1:single_representative;C2:single_representative;S:structurally_heterogeneous;O:structurally_heterogeneous
Columbea	primary	200000	primary_SEG_015	44647531	45658664	48		no_unique_discrete_prediction		true					0.967476692356	0.0112433862434	0.0212799214005	q1			false	low	C1:structurally_heterogeneous;C2:single_representative;S:structurally_heterogeneous;O:missing_role_representative
N61	primary	200000	primary_SEG_015	44647531	45658664	48		no_unique_discrete_prediction		true					0.029252507819	0.958282682171	0.0124648100098	q2			false	low	C1:structurally_heterogeneous;C2:structurally_heterogeneous;S:single_representative;O:single_representative
N62	primary	200000	primary_SEG_015	44647531	45658664	43		no_unique_discrete_prediction		true					0.949449142477	0.0265399696292	0.024010887894	q1			false	low	C1:single_representative;C2:single_representative;S:structurally_heterogeneous;O:structurally_heterogeneous
Columbea	primary	200000	primary_SEG_016	45658665	46422770	41		no_unique_discrete_prediction		true					0.951350836309	0.0260143625065	0.0226348011843	q1			false	limited	C1:structurally_heterogeneous;C2:single_representative;S:structurally_heterogeneous;O:missing_role_representative
N61	primary	200000	primary_SEG_016	45658665	46422770	41		no_unique_discrete_prediction		true					0.0758890330821	0.914469593848	0.00964137307024	q2			false	limited	C1:structurally_heterogeneous;C2:structurally_heterogeneous;S:single_representative;O:single_representative
N62	primary	200000	primary_SEG_016	45658665	46422770	40		no_unique_discrete_prediction		true					0.958167563474	0.0210090197446	0.0208234167815	q1			false	limited	C1:single_representative;C2:single_representative;S:structurally_heterogeneous;O:structurally_heterogeneous
Columbea	primary	200000	primary_SEG_017	46422771	47143089	53		no_unique_discrete_prediction		true					0.940899125098	0.0354724385925	0.0236284363094	q1			false	limited	C1:structurally_heterogeneous;C2:single_representative;S:structurally_heterogeneous;O:missing_role_representative
N61	primary	200000	primary_SEG_017	46422771	47143089	51		no_unique_discrete_prediction		true					0.0423790692555	0.941157119937	0.0164638108071	q2			false	limited	C1:structurally_heterogeneous;C2:structurally_heterogeneous;S:single_representative;O:single_representative
N62	primary	200000	primary_SEG_017	46422771	47143089	38		no_unique_discrete_prediction		true					0.973475842691	0.0201201463451	0.00640401096415	q1			false	limited	C1:single_representative;C2:single_representative;S:structurally_heterogeneous;O:structurally_heterogeneous
Columbea	primary	200000	primary_SEG_018	47143090	49159743	132		no_unique_discrete_prediction		true					0.872019099271	0.0722910100808	0.0556898906482	q1			false	low	C1:structurally_heterogeneous;C2:single_representative;S:structurally_heterogeneous;O:missing_role_representative
N61	primary	200000	primary_SEG_018	47143090	49159743	133		no_unique_discrete_prediction		false					0.046847621235	0.906138021712	0.0470143570527	q2			false	low	C1:structurally_heterogeneous;C2:structurally_heterogeneous;S:single_representative;O:single_representative
N62	primary	200000	primary_SEG_018	47143090	49159743	116		no_unique_discrete_prediction		true					0.893665873324	0.0665931803368	0.0397409463392	q1			false	low	C1:single_representative;C2:single_representative;S:structurally_heterogeneous;O:structurally_heterogeneous
Columbea	primary	200000	primary_SEG_019	49159744	49624080	13		no_unique_discrete_prediction		true					1	0	0	q1			false	limited	C1:structurally_heterogeneous;C2:single_representative;S:resolved;O:missing_role_representative
N61	primary	200000	primary_SEG_019	49159744	49624080	13		no_unique_discrete_prediction		false	0	0	0	0	0.00992281527992	0.948449764521	0.0416274201988	q2			false	limited	C1:resolved;C2:structurally_heterogeneous;S:single_representative;O:single_representative
N62	primary	200000	primary_SEG_019	49159744	49624080	13		no_unique_discrete_prediction		true					0.99754702935	0.00175366995042	0.000699300699301	q1			false	limited	C1:single_representative;C2:single_representative;S:resolved;O:resolved
Columbea	primary	200000	primary_SEG_020	49624081	50410378	40		no_unique_discrete_prediction		true					0.934178368224	0.0526018092808	0.0132198224949	q1			false	limited	C1:structurally_heterogeneous;C2:single_representative;S:structurally_heterogeneous;O:missing_role_representative
N61	primary	200000	primary_SEG_020	49624081	50410378	40		no_unique_discrete_prediction		true					0.12647267153	0.860706817655	0.0128205108151	q2			false	limited	C1:structurally_heterogeneous;C2:structurally_heterogeneous;S:single_representative;O:single_representative
N62	primary	200000	primary_SEG_020	49624081	50410378	35		no_unique_discrete_prediction		true					0.882092774715	0.0251491248739	0.0927581004114	q1			false	limited	C1:single_representative;C2:single_representative;S:structurally_heterogeneous;O:structurally_heterogeneous
Columbea	primary	200000	primary_SEG_021	50410379	50989362	35		no_unique_discrete_prediction		true					0.985714285714	0.0142857142857	0	q1			false	limited	C1:structurally_heterogeneous;C2:single_representative;S:structurally_heterogeneous;O:missing_role_representative
N61	primary	200000	primary_SEG_021	50410379	50989362	35		no_unique_discrete_prediction		true					0	1	0	q2			false	limited	C1:structurally_heterogeneous;C2:structurally_heterogeneous;S:single_representative;O:single_representative
N62	primary	200000	primary_SEG_021	50410379	50989362	31		no_unique_discrete_prediction		true					0.992255492213	0.00259198858408	0.00515251920296	q1			false	limited	C1:single_representative;C2:single_representative;S:structurally_heterogeneous;O:structurally_heterogeneous
Columbea	primary	200000	primary_SEG_022	50989363	51789124	68		no_unique_discrete_prediction		true					0.960604352468	0.00282825434712	0.0365673931851	q1			false	limited	C1:structurally_heterogeneous;C2:single_representative;S:structurally_heterogeneous;O:missing_role_representative
N61	primary	200000	primary_SEG_022	50989363	51789124	68		no_unique_discrete_prediction		false					0.0226627036275	0.940722318059	0.0366149783133	q2			false	limited	C1:structurally_heterogeneous;C2:structurally_heterogeneous;S:single_representative;O:single_representative
N62	primary	200000	primary_SEG_022	50989363	51789124	66		no_unique_discrete_prediction		false					0.969640628377	0.0101725142031	0.0201868574195	q1			false	limited	C1:single_representative;C2:single_representative;S:structurally_heterogeneous;O:structurally_heterogeneous
Columbea	primary	200000	primary_SEG_023	51789125	57203613	367		no_unique_discrete_prediction		true					0.894751707602	0.0541838873879	0.0510644050102	q1			false	low	C1:structurally_heterogeneous;C2:single_representative;S:structurally_heterogeneous;O:missing_role_representative
N61	primary	200000	primary_SEG_023	51789125	57203613	369		no_unique_discrete_prediction		false					0.0620310579018	0.896294460639	0.0416744814587	q2			false	low	C1:structurally_heterogeneous;C2:structurally_heterogeneous;S:single_representative;O:single_representative
N62	primary	200000	primary_SEG_023	51789125	57203613	360		no_unique_discrete_prediction		false					0.917924971392	0.0510533804477	0.0310216481604	q1			false	low	C1:single_representative;C2:single_representative;S:structurally_heterogeneous;O:structurally_heterogeneous
Columbea	primary	200000	primary_SEG_024	57203614	58171516	66		no_unique_discrete_prediction		true					0.388376040624	0.33435569102	0.277268268356	q1			false	low	C1:structurally_heterogeneous;C2:single_representative;S:structurally_heterogeneous;O:missing_role_representative
N61	primary	200000	primary_SEG_024	57203614	58171516	68		no_unique_discrete_prediction		false					0.363876333197	0.344541215932	0.29158245087	q1			false	low	C1:structurally_heterogeneous;C2:structurally_heterogeneous;S:single_representative;O:single_representative
N62	primary	200000	primary_SEG_024	57203614	58171516	67		no_unique_discrete_prediction		false					0.349183119003	0.340442882248	0.310373998748	q1			false	low	C1:single_representative;C2:single_representative;S:structurally_heterogeneous;O:structurally_heterogeneous
Columbea	primary	200000	primary_SEG_025	58171517	59982754	137		no_unique_discrete_prediction		true					0.383554491666	0.31849883486	0.297946673474	q1			false	low	C1:structurally_heterogeneous;C2:single_representative;S:structurally_heterogeneous;O:missing_role_representative
N61	primary	200000	primary_SEG_025	58171517	59982754	138		no_unique_discrete_prediction		false					0.340898380581	0.318276431497	0.340825187922	q1			false	low	C1:structurally_heterogeneous;C2:structurally_heterogeneous;S:single_representative;O:single_representative
N62	primary	200000	primary_SEG_025	58171517	59982754	128		no_unique_discrete_prediction		false					0.369326664079	0.335013602468	0.295659733454	q1			false	low	C1:single_representative;C2:single_representative;S:structurally_heterogeneous;O:structurally_heterogeneous
Columbea	primary	200000	primary_SEG_026	59982755	61035423	54		no_unique_discrete_prediction		true					0.436009135984	0.253675795673	0.310315068343	q1			false	low	C1:structurally_heterogeneous;C2:single_representative;S:structurally_heterogeneous;O:missing_role_representative
N61	primary	200000	primary_SEG_026	59982755	61035423	54		no_unique_discrete_prediction		true					0.426550400702	0.273353902606	0.300095696692	q1			false	low	C1:structurally_heterogeneous;C2:structurally_heterogeneous;S:single_representative;O:single_representative
N62	primary	200000	primary_SEG_026	59982755	61035423	52		no_unique_discrete_prediction		true					0.358300290237	0.340363294359	0.301336415404	q1			false	low	C1:single_representative;C2:single_representative;S:structurally_heterogeneous;O:structurally_heterogeneous
Columbea	primary	200000	primary_SEG_027	61035424	91310470	2035		no_unique_discrete_prediction		true					0.347866307371	0.339923373956	0.312210318673	q1			false	high	C1:structurally_heterogeneous;C2:single_representative;S:resolved;O:missing_role_representative
N61	primary	200000	primary_SEG_027	61035424	91310470	2050		no_unique_discrete_prediction		false					0.357457355887	0.32202640509	0.320516239023	q1			false	high	C1:resolved;C2:structurally_heterogeneous;S:single_representative;O:single_representative
N62	primary	200000	primary_SEG_027	61035424	91310470	1995		no_unique_discrete_prediction		false					0.330288484998	0.344876265374	0.324835249629	q2			false	high	C1:single_representative;C2:single_representative;S:resolved;O:resolved
Columbea	stringent	50000	stringent_SEG_001	1	1949860	120		no_unique_discrete_prediction		true					0.358125034412	0.371472484325	0.270402481263	q2			false	low	C1:structurally_heterogeneous;C2:single_representative;S:structurally_heterogeneous;O:missing_role_representative
N61	stringent	50000	stringent_SEG_001	1	1949860	120		no_unique_discrete_prediction		true					0.348554451965	0.301396551835	0.350048996201	q3			false	low	C1:structurally_heterogeneous;C2:structurally_heterogeneous;S:single_representative;O:single_representative
N62	stringent	50000	stringent_SEG_001	1	1949860	110		no_unique_discrete_prediction		true					0.342718570335	0.339453337581	0.317828092084	q1			false	low	C1:single_representative;C2:single_representative;S:structurally_heterogeneous;O:structurally_heterogeneous
Columbea	stringent	50000	stringent_SEG_002	1949861	9504880	534		no_unique_discrete_prediction		true					0.321358053078	0.354056702905	0.324585244017	q2			false	high	C1:structurally_heterogeneous;C2:single_representative;S:structurally_heterogeneous;O:missing_role_representative
N61	stringent	50000	stringent_SEG_002	1949861	9504880	535		no_unique_discrete_prediction	q1	false	0.875557819142	-0.437217120297	-0.438340698845	1.31277493944	0.340727578893	0.323216705942	0.336055715165	q1		0.0110913683388	true	high	C1:structurally_heterogeneous;C2:structurally_heterogeneous;S:single_representative;O:single_representative
N62	stringent	50000	stringent_SEG_002	1949861	9504880	512		no_unique_discrete_prediction	q3	false	-0.11234109509	-0.109183872698	0.221524967788	0.330708840486	0.317706277954	0.357179121406	0.32511460064	q2		-0.0123280990393	false	high	C1:single_representative;C2:single_representative;S:structurally_heterogeneous;O:resolved
Columbea	stringent	50000	stringent_SEG_003	9504881	10974030	123		no_unique_discrete_prediction		true					0.297241755479	0.368203215953	0.334555028568	q2			false	high	C1:structurally_heterogeneous;C2:single_representative;S:structurally_heterogeneous;O:missing_role_representative
N61	stringent	50000	stringent_SEG_003	9504881	10974030	123		no_unique_discrete_prediction		true					0.30125948929	0.346589905379	0.352150605331	q3			false	high	C1:structurally_heterogeneous;C2:structurally_heterogeneous;S:single_representative;O:single_representative
N62	stringent	50000	stringent_SEG_003	9504881	10974030	118		no_unique_discrete_prediction		true					0.332167336378	0.337856257778	0.329976405844	q2			false	high	C1:single_representative;C2:single_representative;S:structurally_heterogeneous;O:resolved
Columbea	stringent	50000	stringent_SEG_004	10974031	19760078	593		no_unique_discrete_prediction		true					0.335910586647	0.342900548282	0.321188865071	q2			false	high	C1:structurally_heterogeneous;C2:single_representative;S:structurally_heterogeneous;O:missing_role_representative
N61	stringent	50000	stringent_SEG_004	10974031	19760078	596		no_unique_discrete_prediction	q1	false	0.662247915634	-0.326452099482	-0.335795816153	0.988700015116	0.352276932859	0.316955335623	0.330767731519	q1		0.0284153992878	true	high	C1:structurally_heterogeneous;C2:structurally_heterogeneous;S:single_representative;O:single_representative
N62	stringent	50000	stringent_SEG_004	10974031	19760078	574		no_unique_discrete_prediction	q3	false	-0.214968896803	-0.265124340405	0.480093237207	0.69506213401	0.322685851707	0.333355903067	0.343958245226	q3		0.015937367839	true	high	C1:single_representative;C2:single_representative;S:structurally_heterogeneous;O:resolved
Columbea	stringent	50000	stringent_SEG_005	19760079	25213019	317		no_unique_discrete_prediction		true					0.409697337187	0.315806794337	0.274495868476	q1			false	high	C1:structurally_heterogeneous;C2:single_representative;S:structurally_heterogeneous;O:missing_role_representative
N61	stringent	50000	stringent_SEG_005	19760079	25213019	318		no_unique_discrete_prediction	q3	false	-0.00555624930625	-7.21500721501e-05	0.0056283993784	0.00570054945055	0.330374539492	0.375279074831	0.294346385677	q2		-0.0584804214851	false	high	C1:structurally_heterogeneous;C2:structurally_heterogeneous;S:single_representative;O:single_representative
N62	stringent	50000	stringent_SEG_005	19760079	25213019	307		no_unique_discrete_prediction	q3	false	3.83603324783e-06	-0.00325387439358	0.00325003836033	0.00324620232708	0.382378781801	0.321243185941	0.296378032258	q1		-0.0554329516137	false	high	C1:single_representative;C2:single_representative;S:structurally_heterogeneous;O:structurally_heterogeneous
Columbea	stringent	50000	stringent_SEG_006	25213020	25559087	32		no_unique_discrete_prediction		true					0.954907718121	0.013947147651	0.0311451342282	q1			false	low	C1:structurally_heterogeneous;C2:single_representative;S:resolved;O:missing_role_representative
N61	stringent	50000	stringent_SEG_006	25213020	25559087	32		no_unique_discrete_prediction	q1	false	0.05625	-0.021875	-0.034375	0.078125	0.04273915618	0.942443530965	0.0148173128551	q2		-0.43589126573	false	low	C1:resolved;C2:structurally_heterogeneous;S:single_representative;O:single_representative
N62	stringent	50000	stringent_SEG_006	25213020	25559087	31		no_unique_discrete_prediction	q2	false	-0.0895833333333	0.129166666667	-0.0395833333333	0.16875	0.973035359978	0.00737407206001	0.0195905679615	q1		-0.48893889191	false	low	C1:single_representative;C2:single_representative;S:resolved;O:resolved
Columbea	stringent	50000	stringent_SEG_007	25559088	34021640	547		no_unique_discrete_prediction		true					0.868827930682	0.0689231393157	0.062248930002	q1			false	high	C1:structurally_heterogeneous;C2:single_representative;S:structurally_heterogeneous;O:missing_role_representative
N61	stringent	50000	stringent_SEG_007	25559088	34021640	552		no_unique_discrete_prediction	q1	true	0.263031320123	-0.127295303858	-0.135736016265	0.39032662398	0.0872445379222	0.849323155432	0.0634323066454	q2		-0.369133193117	false	high	C1:structurally_heterogeneous;C2:structurally_heterogeneous;S:single_representative;O:single_representative
N62	stringent	50000	stringent_SEG_007	25559088	34021640	537		no_unique_discrete_prediction	q2	true	-0.0780285739313	0.321617276683	-0.243588702752	0.399645850614	0.889615741614	0.0473557665531	0.0630284918325	q1		-0.42896635017	false	high	C1:single_representative;C2:single_representative;S:structurally_heterogeneous;O:structurally_heterogeneous
Columbea	stringent	50000	stringent_SEG_008	34021641	35025837	52		no_unique_discrete_prediction		true					0.567735015145	0.211220701339	0.221044283516	q1			false	high	C1:structurally_heterogeneous;C2:single_representative;S:structurally_heterogeneous;O:missing_role_representative
N61	stringent	50000	stringent_SEG_008	34021641	35025837	52		no_unique_discrete_prediction	q1	false	0.120031010656	-0.064242528305	-0.055788482351	0.175819493007	0.220762354799	0.579127776329	0.200109868872	q2		-0.168856467801	false	high	C1:structurally_heterogeneous;C2:structurally_heterogeneous;S:single_representative;O:single_representative
N62	stringent	50000	stringent_SEG_008	34021641	35025837	45		no_unique_discrete_prediction	q3	false	0.0193629287379	-0.0566548035298	0.0372918747919	0.0179289460539	0.598424704616	0.205573450237	0.196001845148	q1		-0.205997232279	false	high	C1:single_representative;C2:single_representative;S:structurally_heterogeneous;O:structurally_heterogeneous
Columbea	stringent	50000	stringent_SEG_009	35025838	37255236	139		no_unique_discrete_prediction		true					0.335357812765	0.354652970276	0.309989216959	q2			false	high	C1:structurally_heterogeneous;C2:single_representative;S:resolved;O:missing_role_representative
N61	stringent	50000	stringent_SEG_009	35025838	37255236	140		no_unique_discrete_prediction	q2	false	0.00437617937618	0.00678106615607	-0.0111572455322	0.00240488677989	0.329753819574	0.366345221846	0.303900958579	q2		0.0495178327697	true	high	C1:resolved;C2:structurally_heterogeneous;S:single_representative;O:single_representative
N62	stringent	50000	stringent_SEG_009	35025838	37255236	124		no_unique_discrete_prediction	q1	false	0.599646187146	-0.306137612388	-0.293508574759	0.893154761905	0.36841644388	0.318831769743	0.312751786377	q1		0.0526246658207	true	high	C1:single_representative;C2:single_representative;S:resolved;O:resolved
Columbea	stringent	50000	stringent_SEG_010	37255237	39237022	119		no_unique_discrete_prediction		true					0.341703678844	0.341617614523	0.316678706633	q1			false	high	C1:structurally_heterogeneous;C2:single_representative;S:structurally_heterogeneous;O:missing_role_representative
N61	stringent	50000	stringent_SEG_010	37255237	39237022	123		no_unique_discrete_prediction	q3	false	-0.248636779887	0.124009324009	0.124627455877	0.000618131868132	0.340240188321	0.304584916477	0.355174895202	q3		0.0327623428033	true	high	C1:structurally_heterogeneous;C2:structurally_heterogeneous;S:single_representative;O:single_representative
N62	stringent	50000	stringent_SEG_010	37255237	39237022	119		no_unique_discrete_prediction	q2	false	-0.248861555112	0.124958374958	0.123903180153	0.00105519480519	0.338479431443	0.32392300586	0.337597562697	q1		-0.0141154912094	false	high	C1:single_representative;C2:single_representative;S:structurally_heterogeneous;O:structurally_heterogeneous
Columbea	stringent	50000	stringent_SEG_011	39237023	44647530	431		no_unique_discrete_prediction		true					0.402095650227	0.317199613586	0.280704736187	q1			false	high	C1:structurally_heterogeneous;C2:single_representative;S:structurally_heterogeneous;O:missing_role_representative
N61	stringent	50000	stringent_SEG_011	39237023	44647530	433		no_unique_discrete_prediction	q3	false	-0.00111448681196	-0.0010395940219	0.00215408083386	0.00319367485576	0.329552568017	0.382210250566	0.288237181417	q2		-0.0676442278739	false	high	C1:resolved;C2:structurally_heterogeneous;S:single_representative;O:single_representative
N62	stringent	50000	stringent_SEG_011	39237023	44647530	420		no_unique_discrete_prediction	q1	false	0.000354643689078	-0.000147148493141	-0.000207495195937	0.000501792182218	0.442491677448	0.273419976114	0.284088346438	q1		0.163737516172	true	high	C1:single_representative;C2:single_representative;S:resolved;O:structurally_heterogeneous
Columbea	stringent	50000	stringent_SEG_012	44647531	45658664	48		no_unique_discrete_prediction		true					0.967476692356	0.0112433862434	0.0212799214005	q1			false	low	C1:structurally_heterogeneous;C2:single_representative;S:structurally_heterogeneous;O:missing_role_representative
N61	stringent	50000	stringent_SEG_012	44647531	45658664	48		no_unique_discrete_prediction		true					0.029252507819	0.958282682171	0.0124648100098	q2			false	low	C1:structurally_heterogeneous;C2:structurally_heterogeneous;S:single_representative;O:single_representative
N62	stringent	50000	stringent_SEG_012	44647531	45658664	43		no_unique_discrete_prediction		true					0.949449142477	0.0265399696292	0.024010887894	q1			false	low	C1:single_representative;C2:single_representative;S:structurally_heterogeneous;O:structurally_heterogeneous
Columbea	stringent	50000	stringent_SEG_013	45658665	46422770	41		no_unique_discrete_prediction		true					0.951350836309	0.0260143625065	0.0226348011843	q1			false	low	C1:structurally_heterogeneous;C2:single_representative;S:structurally_heterogeneous;O:missing_role_representative
N61	stringent	50000	stringent_SEG_013	45658665	46422770	41		no_unique_discrete_prediction		true					0.0758890330821	0.914469593848	0.00964137307024	q2			false	low	C1:structurally_heterogeneous;C2:structurally_heterogeneous;S:single_representative;O:single_representative
N62	stringent	50000	stringent_SEG_013	45658665	46422770	40		no_unique_discrete_prediction		true					0.958167563474	0.0210090197446	0.0208234167815	q1			false	low	C1:single_representative;C2:single_representative;S:structurally_heterogeneous;O:structurally_heterogeneous
Columbea	stringent	50000	stringent_SEG_014	46422771	49624080	198		no_unique_discrete_prediction		true					0.898859468353	0.0576891544246	0.043451377222	q1			false	high	C1:structurally_heterogeneous;C2:single_representative;S:structurally_heterogeneous;O:missing_role_representative
N61	stringent	50000	stringent_SEG_014	46422771	49624080	197		no_unique_discrete_prediction	q2	false	-0.158755133755	0.431644050394	-0.272888916639	0.590399184149	0.0432541256595	0.917996025093	0.0387498492475	q2		0.87699403764	true	high	C1:structurally_heterogeneous;C2:structurally_heterogeneous;S:single_representative;O:single_representative
N62	stringent	50000	stringent_SEG_014	46422771	49624080	167		no_unique_discrete_prediction	q1	false	0.436302586303	-0.202786449661	-0.233516136641	0.639089035964	0.919912782691	0.0509710909553	0.0291161263538	q1		0.879869174036	true	high	C1:single_representative;C2:single_representative;S:structurally_heterogeneous;O:structurally_heterogeneous
Columbea	stringent	50000	stringent_SEG_015	49624081	50989362	75		no_unique_discrete_prediction		true					0.958228463053	0.0347209649498	0.00705057199728	q1			false	high	C1:structurally_heterogeneous;C2:single_representative;S:structurally_heterogeneous;O:missing_role_representative
N61	stringent	50000	stringent_SEG_015	49624081	50989362	75		no_unique_discrete_prediction		true					0.0674520914824	0.92571030275	0.00683760576803	q2			false	high	C1:structurally_heterogeneous;C2:structurally_heterogeneous;S:single_representative;O:single_representative
N62	stringent	50000	stringent_SEG_015	49624081	50989362	66		no_unique_discrete_prediction		true					0.933835869297	0.0145541063135	0.0516100243893	q1			false	high	C1:single_representative;C2:single_representative;S:structurally_heterogeneous;O:structurally_heterogeneous
Columbea	stringent	50000	stringent_SEG_016	50989363	58171516	501		no_unique_discrete_prediction		true					0.836981619439	0.0841223225036	0.0788960580575	q1			false	high	C1:structurally_heterogeneous;C2:single_representative;S:structurally_heterogeneous;O:missing_role_representative
N61	stringent	50000	stringent_SEG_016	50989363	58171516	505		no_unique_discrete_prediction	q1	false	0.0851249360977	-0.037595041381	-0.0475298947167	0.122719977479	0.0973744848908	0.827981339183	0.0746441759263	q2		-0.353938272664	false	high	C1:structurally_heterogeneous;C2:structurally_heterogeneous;S:single_representative;O:single_representative
N62	stringent	50000	stringent_SEG_016	50989363	58171516	493		no_unique_discrete_prediction	q2	false	-0.131881140872	0.278163867387	-0.146282726515	0.410045008259	0.847554848169	0.0849092819659	0.0675358698652	q1		-0.372636077051	false	high	C1:single_representative;C2:single_representative;S:structurally_heterogeneous;O:structurally_heterogeneous
Columbea	stringent	50000	stringent_SEG_017	58171517	91310470	2226		no_unique_discrete_prediction		true					0.352200985715	0.336512533397	0.311286480888	q1			false	high	C1:structurally_heterogeneous;C2:single_representative;S:structurally_heterogeneous;O:missing_role_representative
N61	stringent	50000	stringent_SEG_017	58171517	91310470	2242		no_unique_discrete_prediction	q1	false	0.000767677796299	-7.66825362131e-06	-0.000760009542677	0.00077534604992	0.35810226482	0.320623277753	0.321274457427	q1		0.0371533972304	true	high	C1:structurally_heterogeneous;C2:structurally_heterogeneous;S:single_representative;O:single_representative
N62	stringent	50000	stringent_SEG_017	58171517	91310470	2175		no_unique_discrete_prediction	q1	true	0.0305828993406	-0.0151697061197	-0.015413193221	0.0457526054603	0.3332556118	0.344187945675	0.322556442525	q2		-0.000116582300096	false	high	C1:single_representative;C2:single_representative;S:structurally_heterogeneous;O:structurally_heterogeneous
Columbea	stringent	100000	stringent_SEG_001	1	1949860	120		no_unique_discrete_prediction		true					0.358125034412	0.371472484325	0.270402481263	q2			false	low	C1:structurally_heterogeneous;C2:single_representative;S:structurally_heterogeneous;O:missing_role_representative
N61	stringent	100000	stringent_SEG_001	1	1949860	120		no_unique_discrete_prediction		true					0.348554451965	0.301396551835	0.350048996201	q3			false	low	C1:structurally_heterogeneous;C2:structurally_heterogeneous;S:single_representative;O:single_representative
N62	stringent	100000	stringent_SEG_001	1	1949860	110		no_unique_discrete_prediction		true					0.342718570335	0.339453337581	0.317828092084	q1			false	low	C1:single_representative;C2:single_representative;S:structurally_heterogeneous;O:structurally_heterogeneous
Columbea	stringent	100000	stringent_SEG_002	1949861	9504880	534		no_unique_discrete_prediction		true					0.321358053078	0.354056702905	0.324585244017	q2			false	high	C1:structurally_heterogeneous;C2:single_representative;S:structurally_heterogeneous;O:missing_role_representative
N61	stringent	100000	stringent_SEG_002	1949861	9504880	535		no_unique_discrete_prediction	q1	false	0.92003968254	-0.465972222222	-0.454067460317	1.37410714286	0.340727578893	0.323216705942	0.336055715165	q1		0.0110913683388	true	high	C1:resolved;C2:structurally_heterogeneous;S:single_representative;O:single_representative
N62	stringent	100000	stringent_SEG_002	1949861	9504880	512		no_unique_discrete_prediction	q3	false	-0.0128246753247	-0.0793019480519	0.0921266233766	0.104951298701	0.317706277954	0.357179121406	0.32511460064	q2		-0.0123280990393	false	high	C1:single_representative;C2:single_representative;S:resolved;O:resolved
Columbea	stringent	100000	stringent_SEG_003	9504881	10974030	123		no_unique_discrete_prediction		true					0.297241755479	0.368203215953	0.334555028568	q2			false	low	C1:structurally_heterogeneous;C2:single_representative;S:structurally_heterogeneous;O:missing_role_representative
N61	stringent	100000	stringent_SEG_003	9504881	10974030	123		no_unique_discrete_prediction		true					0.30125948929	0.346589905379	0.352150605331	q3			false	low	C1:structurally_heterogeneous;C2:structurally_heterogeneous;S:single_representative;O:single_representative
N62	stringent	100000	stringent_SEG_003	9504881	10974030	118		no_unique_discrete_prediction		true					0.332167336378	0.337856257778	0.329976405844	q2			false	low	C1:single_representative;C2:single_representative;S:structurally_heterogeneous;O:structurally_heterogeneous
Columbea	stringent	100000	stringent_SEG_004	10974031	19760078	593		no_unique_discrete_prediction		true					0.335910586647	0.342900548282	0.321188865071	q2			false	high	C1:structurally_heterogeneous;C2:single_representative;S:structurally_heterogeneous;O:missing_role_representative
N61	stringent	100000	stringent_SEG_004	10974031	19760078	596		no_unique_discrete_prediction	q1	false	0.716382922633	-0.363892010767	-0.352490911866	1.0688738345	0.352276932859	0.316955335623	0.330767731519	q1		0.0284153992878	true	high	C1:structurally_heterogeneous;C2:structurally_heterogeneous;S:single_representative;O:single_representative
N62	stringent	100000	stringent_SEG_004	10974031	19760078	574		no_unique_discrete_prediction	q3	false	-0.137234293484	-0.216717310467	0.353951603952	0.491185897436	0.322685851707	0.333355903067	0.343958245226	q3		0.015937367839	true	high	C1:single_representative;C2:single_representative;S:structurally_heterogeneous;O:resolved
Columbea	stringent	100000	stringent_SEG_005	19760079	25213019	317		no_unique_discrete_prediction		true					0.409697337187	0.315806794337	0.274495868476	q1			false	high	C1:structurally_heterogeneous;C2:single_representative;S:structurally_heterogeneous;O:missing_role_representative
N61	stringent	100000	stringent_SEG_005	19760079	25213019	318		no_unique_discrete_prediction	q1	false	0.064880952381	-0.0431547619048	-0.0217261904762	0.0866071428571	0.330374539492	0.375279074831	0.294346385677	q2		-0.00443819076169	false	high	C1:resolved;C2:structurally_heterogeneous;S:single_representative;O:single_representative
N62	stringent	100000	stringent_SEG_005	19760079	25213019	307		no_unique_discrete_prediction	q1	false	0.0136904761905	-0.0193452380952	0.00565476190476	0.00803571428571	0.382378781801	0.321243185941	0.296378032258	q1		0.0735681727018	true	high	C1:single_representative;C2:single_representative;S:resolved;O:structurally_heterogeneous
Columbea	stringent	100000	stringent_SEG_006	25213020	25559087	32		no_unique_discrete_prediction		true					0.954907718121	0.013947147651	0.0311451342282	q1			false	limited	C1:structurally_heterogeneous;C2:single_representative;S:structurally_heterogeneous;O:missing_role_representative
N61	stringent	100000	stringent_SEG_006	25213020	25559087	32		no_unique_discrete_prediction		false	0	0	0	0	0.04273915618	0.942443530965	0.0148173128551	q2			false	limited	C1:structurally_heterogeneous;C2:structurally_heterogeneous;S:single_representative;O:single_representative
N62	stringent	100000	stringent_SEG_006	25213020	25559087	31		no_unique_discrete_prediction		false					0.973035359978	0.00737407206001	0.0195905679615	q1			false	limited	C1:single_representative;C2:single_representative;S:structurally_heterogeneous;O:resolved
Columbea	stringent	100000	stringent_SEG_007	25559088	34021640	547		no_unique_discrete_prediction		true					0.868827930682	0.0689231393157	0.062248930002	q1			false	high	C1:structurally_heterogeneous;C2:single_representative;S:structurally_heterogeneous;O:missing_role_representative
N61	stringent	100000	stringent_SEG_007	25559088	34021640	552		no_unique_discrete_prediction	q1	true	0.267176452611	-0.139171414563	-0.128005038048	0.395181490658	0.0872445379222	0.849323155432	0.0634323066454	q2		-0.369133193117	false	high	C1:structurally_heterogeneous;C2:structurally_heterogeneous;S:single_representative;O:single_representative
N62	stringent	100000	stringent_SEG_007	25559088	34021640	537		no_unique_discrete_prediction	q2	true	-0.00609718100527	0.200993354072	-0.194896173067	0.207090535078	0.889615741614	0.0473557665531	0.0630284918325	q1		-0.42896635017	false	high	C1:single_representative;C2:single_representative;S:structurally_heterogeneous;O:structurally_heterogeneous
Columbea	stringent	100000	stringent_SEG_008	34021641	35025837	52		no_unique_discrete_prediction		true					0.567735015145	0.211220701339	0.221044283516	q1			false	high	C1:structurally_heterogeneous;C2:single_representative;S:structurally_heterogeneous;O:missing_role_representative
N61	stringent	100000	stringent_SEG_008	34021641	35025837	52		no_unique_discrete_prediction	q1	false	0.261011904762	-0.172693452381	-0.088318452381	0.349330357143	0.220762354799	0.579127776329	0.200109868872	q2		-0.168856467801	false	high	C1:structurally_heterogeneous;C2:structurally_heterogeneous;S:single_representative;O:single_representative
N62	stringent	100000	stringent_SEG_008	34021641	35025837	45		no_unique_discrete_prediction	q1	false	0.0670634920635	-0.0996031746032	0.0325396825397	0.0345238095238	0.598424704616	0.205573450237	0.196001845148	q1		0.397637056924	true	high	C1:single_representative;C2:single_representative;S:structurally_heterogeneous;O:structurally_heterogeneous
Columbea	stringent	100000	stringent_SEG_009	35025838	37255236	139		no_unique_discrete_prediction		true					0.335357812765	0.354652970276	0.309989216959	q2			false	high	C1:structurally_heterogeneous;C2:single_representative;S:structurally_heterogeneous;O:missing_role_representative
N61	stringent	100000	stringent_SEG_009	35025838	37255236	140		no_unique_discrete_prediction		false					0.329753819574	0.366345221846	0.303900958579	q2			false	high	C1:structurally_heterogeneous;C2:structurally_heterogeneous;S:single_representative;O:single_representative
N62	stringent	100000	stringent_SEG_009	35025838	37255236	124		no_unique_discrete_prediction		false					0.36841644388	0.318831769743	0.312751786377	q1			false	high	C1:single_representative;C2:single_representative;S:structurally_heterogeneous;O:resolved
Columbea	stringent	100000	stringent_SEG_010	37255237	39237022	119		no_unique_discrete_prediction		true					0.341703678844	0.341617614523	0.316678706633	q1			false	low	C1:structurally_heterogeneous;C2:single_representative;S:structurally_heterogeneous;O:missing_role_representative
N61	stringent	100000	stringent_SEG_010	37255237	39237022	123		no_unique_discrete_prediction		false					0.340240188321	0.304584916477	0.355174895202	q3			false	low	C1:structurally_heterogeneous;C2:structurally_heterogeneous;S:single_representative;O:single_representative
N62	stringent	100000	stringent_SEG_010	37255237	39237022	119		no_unique_discrete_prediction		false					0.338479431443	0.32392300586	0.337597562697	q1			false	low	C1:single_representative;C2:single_representative;S:structurally_heterogeneous;O:structurally_heterogeneous
Columbea	stringent	100000	stringent_SEG_011	39237023	44647530	431		no_unique_discrete_prediction		true					0.402095650227	0.317199613586	0.280704736187	q1			false	high	C1:structurally_heterogeneous;C2:single_representative;S:resolved;O:missing_role_representative
N61	stringent	100000	stringent_SEG_011	39237023	44647530	433		no_unique_discrete_prediction	q3	false	-0.00119047619048	-0.00230654761905	0.00349702380952	0.0046875	0.329552568017	0.382210250566	0.288237181417	q2		-0.0676442278739	false	high	C1:resolved;C2:structurally_heterogeneous;S:single_representative;O:single_representative
N62	stringent	100000	stringent_SEG_011	39237023	44647530	420		no_unique_discrete_prediction	q3	false	-0.0046626984127	0.000545634920635	0.00411706349206	0.00357142857143	0.442491677448	0.273419976114	0.284088346438	q1		-0.0738674803425	false	high	C1:single_representative;C2:single_representative;S:resolved;O:resolved
Columbea	stringent	100000	stringent_SEG_012	44647531	45658664	48		no_unique_discrete_prediction		true					0.967476692356	0.0112433862434	0.0212799214005	q1			false	low	C1:structurally_heterogeneous;C2:single_representative;S:structurally_heterogeneous;O:missing_role_representative
N61	stringent	100000	stringent_SEG_012	44647531	45658664	48		no_unique_discrete_prediction		true					0.029252507819	0.958282682171	0.0124648100098	q2			false	low	C1:structurally_heterogeneous;C2:structurally_heterogeneous;S:single_representative;O:single_representative
N62	stringent	100000	stringent_SEG_012	44647531	45658664	43		no_unique_discrete_prediction		true					0.949449142477	0.0265399696292	0.024010887894	q1			false	low	C1:single_representative;C2:single_representative;S:structurally_heterogeneous;O:structurally_heterogeneous
Columbea	stringent	100000	stringent_SEG_013	45658665	46422770	41		no_unique_discrete_prediction		true					0.951350836309	0.0260143625065	0.0226348011843	q1			false	low	C1:structurally_heterogeneous;C2:single_representative;S:structurally_heterogeneous;O:missing_role_representative
N61	stringent	100000	stringent_SEG_013	45658665	46422770	41		no_unique_discrete_prediction		true					0.0758890330821	0.914469593848	0.00964137307024	q2			false	low	C1:structurally_heterogeneous;C2:structurally_heterogeneous;S:single_representative;O:single_representative
N62	stringent	100000	stringent_SEG_013	45658665	46422770	40		no_unique_discrete_prediction		true					0.958167563474	0.0210090197446	0.0208234167815	q1			false	low	C1:single_representative;C2:single_representative;S:structurally_heterogeneous;O:structurally_heterogeneous
Columbea	stringent	100000	stringent_SEG_014	46422771	49624080	198		no_unique_discrete_prediction		true					0.898859468353	0.0576891544246	0.043451377222	q1			false	low	C1:structurally_heterogeneous;C2:single_representative;S:structurally_heterogeneous;O:missing_role_representative
N61	stringent	100000	stringent_SEG_014	46422771	49624080	197		no_unique_discrete_prediction		false					0.0432541256595	0.917996025093	0.0387498492475	q2			false	low	C1:structurally_heterogeneous;C2:structurally_heterogeneous;S:single_representative;O:single_representative
N62	stringent	100000	stringent_SEG_014	46422771	49624080	167		no_unique_discrete_prediction		false					0.919912782691	0.0509710909553	0.0291161263538	q1			false	low	C1:single_representative;C2:single_representative;S:structurally_heterogeneous;O:structurally_heterogeneous
Columbea	stringent	100000	stringent_SEG_015	49624081	50989362	75		no_unique_discrete_prediction		true					0.958228463053	0.0347209649498	0.00705057199728	q1			false	low	C1:structurally_heterogeneous;C2:single_representative;S:structurally_heterogeneous;O:missing_role_representative
N61	stringent	100000	stringent_SEG_015	49624081	50989362	75		no_unique_discrete_prediction		true					0.0674520914824	0.92571030275	0.00683760576803	q2			false	low	C1:structurally_heterogeneous;C2:structurally_heterogeneous;S:single_representative;O:single_representative
N62	stringent	100000	stringent_SEG_015	49624081	50989362	66		no_unique_discrete_prediction		true					0.933835869297	0.0145541063135	0.0516100243893	q1			false	low	C1:single_representative;C2:single_representative;S:structurally_heterogeneous;O:structurally_heterogeneous
Columbea	stringent	100000	stringent_SEG_016	50989363	58171516	501		no_unique_discrete_prediction		true					0.836981619439	0.0841223225036	0.0788960580575	q1			false	high	C1:structurally_heterogeneous;C2:single_representative;S:structurally_heterogeneous;O:missing_role_representative
N61	stringent	100000	stringent_SEG_016	50989363	58171516	505		no_unique_discrete_prediction	q3	false	-0.016778013653	0.00365415834166	0.0131238553114	0.0094696969697	0.0973744848908	0.827981339183	0.0746441759263	q2		-0.388033736111	false	high	C1:structurally_heterogeneous;C2:structurally_heterogeneous;S:single_representative;O:single_representative
N62	stringent	100000	stringent_SEG_016	50989363	58171516	493		no_unique_discrete_prediction	q2	false	-0.0294341075591	0.0909257409257	-0.0614916333666	0.120359848485	0.847554848169	0.0849092819659	0.0675358698652	q1		-0.372636077051	false	high	C1:single_representative;C2:single_representative;S:structurally_heterogeneous;O:structurally_heterogeneous
Columbea	stringent	100000	stringent_SEG_017	58171517	91310470	2226		no_unique_discrete_prediction		true					0.352200985715	0.336512533397	0.311286480888	q1			false	high	C1:structurally_heterogeneous;C2:single_representative;S:structurally_heterogeneous;O:missing_role_representative
N61	stringent	100000	stringent_SEG_017	58171517	91310470	2242		no_unique_discrete_prediction	q2	false	-0.00839460083155	0.0201690328032	-0.0117744319717	0.0285636336348	0.35810226482	0.320623277753	0.321274457427	q1		-0.0190650833707	false	high	C1:resolved;C2:structurally_heterogeneous;S:single_representative;O:single_representative
N62	stringent	100000	stringent_SEG_017	58171517	91310470	2175		no_unique_discrete_prediction	q1	true	0.0688916128214	-0.019063638449	-0.0498279743724	0.0879552512705	0.3332556118	0.344187945675	0.322556442525	q2		-0.000116582300096	false	high	C1:single_representative;C2:single_representative;S:resolved;O:structurally_heterogeneous
Columbea	stringent	200000	stringent_SEG_001	1	1949860	120		no_unique_discrete_prediction		true					0.358125034412	0.371472484325	0.270402481263	q2			false	low	C1:structurally_heterogeneous;C2:single_representative;S:structurally_heterogeneous;O:missing_role_representative
N61	stringent	200000	stringent_SEG_001	1	1949860	120		no_unique_discrete_prediction		true					0.348554451965	0.301396551835	0.350048996201	q3			false	low	C1:structurally_heterogeneous;C2:structurally_heterogeneous;S:single_representative;O:single_representative
N62	stringent	200000	stringent_SEG_001	1	1949860	110		no_unique_discrete_prediction		true					0.342718570335	0.339453337581	0.317828092084	q1			false	low	C1:single_representative;C2:single_representative;S:structurally_heterogeneous;O:structurally_heterogeneous
Columbea	stringent	200000	stringent_SEG_002	1949861	9504880	534		no_unique_discrete_prediction		true					0.321358053078	0.354056702905	0.324585244017	q2			false	low	C1:resolved;C2:single_representative;S:structurally_heterogeneous;O:missing_role_representative
N61	stringent	200000	stringent_SEG_002	1949861	9504880	535		no_unique_discrete_prediction		false					0.340727578893	0.323216705942	0.336055715165	q1			false	low	C1:structurally_heterogeneous;C2:resolved;S:single_representative;O:single_representative
N62	stringent	200000	stringent_SEG_002	1949861	9504880	512		no_unique_discrete_prediction		false					0.317706277954	0.357179121406	0.32511460064	q2			false	low	C1:single_representative;C2:single_representative;S:structurally_heterogeneous;O:structurally_heterogeneous
Columbea	stringent	200000	stringent_SEG_003	9504881	10974030	123		no_unique_discrete_prediction		true					0.297241755479	0.368203215953	0.334555028568	q2			false	low	C1:structurally_heterogeneous;C2:single_representative;S:structurally_heterogeneous;O:missing_role_representative
N61	stringent	200000	stringent_SEG_003	9504881	10974030	123		no_unique_discrete_prediction		true					0.30125948929	0.346589905379	0.352150605331	q3			false	low	C1:structurally_heterogeneous;C2:structurally_heterogeneous;S:single_representative;O:single_representative
N62	stringent	200000	stringent_SEG_003	9504881	10974030	118		no_unique_discrete_prediction		true					0.332167336378	0.337856257778	0.329976405844	q2			false	low	C1:single_representative;C2:single_representative;S:structurally_heterogeneous;O:structurally_heterogeneous
Columbea	stringent	200000	stringent_SEG_004	10974031	19760078	593		no_unique_discrete_prediction		true					0.335910586647	0.342900548282	0.321188865071	q2			false	high	C1:structurally_heterogeneous;C2:single_representative;S:structurally_heterogeneous;O:missing_role_representative
N61	stringent	200000	stringent_SEG_004	10974031	19760078	596		no_unique_discrete_prediction		false					0.352276932859	0.316955335623	0.330767731519	q1			false	high	C1:structurally_heterogeneous;C2:structurally_heterogeneous;S:single_representative;O:single_representative
N62	stringent	200000	stringent_SEG_004	10974031	19760078	574		no_unique_discrete_prediction		false					0.322685851707	0.333355903067	0.343958245226	q3			false	high	C1:single_representative;C2:single_representative;S:structurally_heterogeneous;O:resolved
Columbea	stringent	200000	stringent_SEG_005	19760079	25213019	317		no_unique_discrete_prediction		true					0.409697337187	0.315806794337	0.274495868476	q1			false	low	C1:structurally_heterogeneous;C2:single_representative;S:structurally_heterogeneous;O:missing_role_representative
N61	stringent	200000	stringent_SEG_005	19760079	25213019	318		no_unique_discrete_prediction		false					0.330374539492	0.375279074831	0.294346385677	q2			false	low	C1:structurally_heterogeneous;C2:structurally_heterogeneous;S:single_representative;O:single_representative
N62	stringent	200000	stringent_SEG_005	19760079	25213019	307		no_unique_discrete_prediction		false					0.382378781801	0.321243185941	0.296378032258	q1			false	low	C1:single_representative;C2:single_representative;S:structurally_heterogeneous;O:structurally_heterogeneous
Columbea	stringent	200000	stringent_SEG_006	25213020	25559087	32		no_unique_discrete_prediction		true					0.954907718121	0.013947147651	0.0311451342282	q1			false	limited	C1:structurally_heterogeneous;C2:single_representative;S:structurally_heterogeneous;O:missing_role_representative
N61	stringent	200000	stringent_SEG_006	25213020	25559087	32		no_unique_discrete_prediction		false	0	0	0	0	0.04273915618	0.942443530965	0.0148173128551	q2			false	limited	C1:structurally_heterogeneous;C2:structurally_heterogeneous;S:single_representative;O:single_representative
N62	stringent	200000	stringent_SEG_006	25213020	25559087	31		no_unique_discrete_prediction		false					0.973035359978	0.00737407206001	0.0195905679615	q1			false	limited	C1:single_representative;C2:single_representative;S:structurally_heterogeneous;O:resolved
Columbea	stringent	200000	stringent_SEG_007	25559088	34021640	547		no_unique_discrete_prediction		true					0.868827930682	0.0689231393157	0.062248930002	q1			false	high	C1:structurally_heterogeneous;C2:single_representative;S:structurally_heterogeneous;O:missing_role_representative
N61	stringent	200000	stringent_SEG_007	25559088	34021640	552		no_unique_discrete_prediction	q1	true	0.309027777778	-0.152653769841	-0.156374007937	0.461681547619	0.0872445379222	0.849323155432	0.0634323066454	q2		-0.369133193117	false	high	C1:structurally_heterogeneous;C2:structurally_heterogeneous;S:single_representative;O:single_representative
N62	stringent	200000	stringent_SEG_007	25559088	34021640	537		no_unique_discrete_prediction	q2	true	-0.0193452380952	0.203422619048	-0.184077380952	0.222767857143	0.889615741614	0.0473557665531	0.0630284918325	q1		-0.42896635017	false	high	C1:single_representative;C2:single_representative;S:structurally_heterogeneous;O:structurally_heterogeneous
Columbea	stringent	200000	stringent_SEG_008	34021641	35025837	52		no_unique_discrete_prediction		true					0.567735015145	0.211220701339	0.221044283516	q1			false	low	C1:structurally_heterogeneous;C2:single_representative;S:structurally_heterogeneous;O:missing_role_representative
N61	stringent	200000	stringent_SEG_008	34021641	35025837	52		no_unique_discrete_prediction		false					0.220762354799	0.579127776329	0.200109868872	q2			false	low	C1:structurally_heterogeneous;C2:structurally_heterogeneous;S:single_representative;O:single_representative
N62	stringent	200000	stringent_SEG_008	34021641	35025837	45		no_unique_discrete_prediction		false					0.598424704616	0.205573450237	0.196001845148	q1			false	low	C1:single_representative;C2:single_representative;S:structurally_heterogeneous;O:structurally_heterogeneous
Columbea	stringent	200000	stringent_SEG_009	35025838	37255236	139		no_unique_discrete_prediction		true					0.335357812765	0.354652970276	0.309989216959	q2			false	low	C1:structurally_heterogeneous;C2:single_representative;S:structurally_heterogeneous;O:missing_role_representative
N61	stringent	200000	stringent_SEG_009	35025838	37255236	140		no_unique_discrete_prediction		false					0.329753819574	0.366345221846	0.303900958579	q2			false	low	C1:structurally_heterogeneous;C2:structurally_heterogeneous;S:single_representative;O:single_representative
N62	stringent	200000	stringent_SEG_009	35025838	37255236	124		no_unique_discrete_prediction		false					0.36841644388	0.318831769743	0.312751786377	q1			false	low	C1:single_representative;C2:single_representative;S:structurally_heterogeneous;O:structurally_heterogeneous
Columbea	stringent	200000	stringent_SEG_010	37255237	39237022	119		no_unique_discrete_prediction		true					0.341703678844	0.341617614523	0.316678706633	q1			false	low	C1:structurally_heterogeneous;C2:single_representative;S:structurally_heterogeneous;O:missing_role_representative
N61	stringent	200000	stringent_SEG_010	37255237	39237022	123		no_unique_discrete_prediction		false					0.340240188321	0.304584916477	0.355174895202	q3			false	low	C1:structurally_heterogeneous;C2:structurally_heterogeneous;S:single_representative;O:single_representative
N62	stringent	200000	stringent_SEG_010	37255237	39237022	119		no_unique_discrete_prediction		false					0.338479431443	0.32392300586	0.337597562697	q1			false	low	C1:single_representative;C2:single_representative;S:structurally_heterogeneous;O:structurally_heterogeneous
Columbea	stringent	200000	stringent_SEG_011	39237023	44647530	431		no_unique_discrete_prediction		true					0.402095650227	0.317199613586	0.280704736187	q1			false	low	C1:structurally_heterogeneous;C2:single_representative;S:structurally_heterogeneous;O:missing_role_representative
N61	stringent	200000	stringent_SEG_011	39237023	44647530	433		no_unique_discrete_prediction		false					0.329552568017	0.382210250566	0.288237181417	q2			false	low	C1:structurally_heterogeneous;C2:structurally_heterogeneous;S:single_representative;O:single_representative
N62	stringent	200000	stringent_SEG_011	39237023	44647530	420		no_unique_discrete_prediction		false					0.442491677448	0.273419976114	0.284088346438	q1			false	low	C1:single_representative;C2:single_representative;S:structurally_heterogeneous;O:structurally_heterogeneous
Columbea	stringent	200000	stringent_SEG_012	44647531	45658664	48		no_unique_discrete_prediction		true					0.967476692356	0.0112433862434	0.0212799214005	q1			false	low	C1:structurally_heterogeneous;C2:single_representative;S:structurally_heterogeneous;O:missing_role_representative
N61	stringent	200000	stringent_SEG_012	44647531	45658664	48		no_unique_discrete_prediction		true					0.029252507819	0.958282682171	0.0124648100098	q2			false	low	C1:structurally_heterogeneous;C2:structurally_heterogeneous;S:single_representative;O:single_representative
N62	stringent	200000	stringent_SEG_012	44647531	45658664	43		no_unique_discrete_prediction		true					0.949449142477	0.0265399696292	0.024010887894	q1			false	low	C1:single_representative;C2:single_representative;S:structurally_heterogeneous;O:structurally_heterogeneous
Columbea	stringent	200000	stringent_SEG_013	45658665	46422770	41		no_unique_discrete_prediction		true					0.951350836309	0.0260143625065	0.0226348011843	q1			false	limited	C1:structurally_heterogeneous;C2:single_representative;S:structurally_heterogeneous;O:missing_role_representative
N61	stringent	200000	stringent_SEG_013	45658665	46422770	41		no_unique_discrete_prediction		true					0.0758890330821	0.914469593848	0.00964137307024	q2			false	limited	C1:structurally_heterogeneous;C2:structurally_heterogeneous;S:single_representative;O:single_representative
N62	stringent	200000	stringent_SEG_013	45658665	46422770	40		no_unique_discrete_prediction		true					0.958167563474	0.0210090197446	0.0208234167815	q1			false	limited	C1:single_representative;C2:single_representative;S:structurally_heterogeneous;O:structurally_heterogeneous
Columbea	stringent	200000	stringent_SEG_014	46422771	49624080	198		no_unique_discrete_prediction		true					0.898859468353	0.0576891544246	0.043451377222	q1			false	low	C1:structurally_heterogeneous;C2:single_representative;S:structurally_heterogeneous;O:missing_role_representative
N61	stringent	200000	stringent_SEG_014	46422771	49624080	197		no_unique_discrete_prediction		false					0.0432541256595	0.917996025093	0.0387498492475	q2			false	low	C1:structurally_heterogeneous;C2:structurally_heterogeneous;S:single_representative;O:single_representative
N62	stringent	200000	stringent_SEG_014	46422771	49624080	167		no_unique_discrete_prediction		false					0.919912782691	0.0509710909553	0.0291161263538	q1			false	low	C1:single_representative;C2:single_representative;S:structurally_heterogeneous;O:structurally_heterogeneous
Columbea	stringent	200000	stringent_SEG_015	49624081	50989362	75		no_unique_discrete_prediction		true					0.958228463053	0.0347209649498	0.00705057199728	q1			false	low	C1:structurally_heterogeneous;C2:single_representative;S:structurally_heterogeneous;O:missing_role_representative
N61	stringent	200000	stringent_SEG_015	49624081	50989362	75		no_unique_discrete_prediction		true					0.0674520914824	0.92571030275	0.00683760576803	q2			false	low	C1:structurally_heterogeneous;C2:structurally_heterogeneous;S:single_representative;O:single_representative
N62	stringent	200000	stringent_SEG_015	49624081	50989362	66		no_unique_discrete_prediction		true					0.933835869297	0.0145541063135	0.0516100243893	q1			false	low	C1:single_representative;C2:single_representative;S:structurally_heterogeneous;O:structurally_heterogeneous
Columbea	stringent	200000	stringent_SEG_016	50989363	58171516	501		no_unique_discrete_prediction		true					0.836981619439	0.0841223225036	0.0788960580575	q1			false	high	C1:structurally_heterogeneous;C2:single_representative;S:structurally_heterogeneous;O:missing_role_representative
N61	stringent	200000	stringent_SEG_016	50989363	58171516	505		no_unique_discrete_prediction		false					0.0973744848908	0.827981339183	0.0746441759263	q2			false	high	C1:structurally_heterogeneous;C2:structurally_heterogeneous;S:single_representative;O:single_representative
N62	stringent	200000	stringent_SEG_016	50989363	58171516	493		no_unique_discrete_prediction		false					0.847554848169	0.0849092819659	0.0675358698652	q1			false	high	C1:single_representative;C2:single_representative;S:structurally_heterogeneous;O:structurally_heterogeneous
Columbea	stringent	200000	stringent_SEG_017	58171517	91310470	2226		no_unique_discrete_prediction		true					0.352200985715	0.336512533397	0.311286480888	q1			false	high	C1:structurally_heterogeneous;C2:single_representative;S:structurally_heterogeneous;O:missing_role_representative
N61	stringent	200000	stringent_SEG_017	58171517	91310470	2242		no_unique_discrete_prediction	q2	false	-0.0856481481481	0.0433922558923	0.0422558922559	0.00113636363636	0.35810226482	0.320623277753	0.321274457427	q1		-0.0190650833707	false	high	C1:resolved;C2:structurally_heterogeneous;S:single_representative;O:single_representative
N62	stringent	200000	stringent_SEG_017	58171517	91310470	2175		no_unique_discrete_prediction	q1	true	0.154265873016	-0.0562996031746	-0.0979662698413	0.21056547619	0.3332556118	0.344187945675	0.322556442525	q2		-0.000116582300096	false	high	C1:single_representative;C2:single_representative;S:resolved;O:resolved
Columbea	inclusive	50000	inclusive_SEG_001	1	1582350	104		no_unique_discrete_prediction		true					0.343559448165	0.392916946187	0.263523605648	q2			false	low	C1:structurally_heterogeneous;C2:single_representative;S:structurally_heterogeneous;O:missing_role_representative
N61	inclusive	50000	inclusive_SEG_001	1	1582350	104		no_unique_discrete_prediction		true					0.357388008192	0.295566110062	0.347045881746	q1			false	low	C1:structurally_heterogeneous;C2:structurally_heterogeneous;S:single_representative;O:single_representative
N62	inclusive	50000	inclusive_SEG_001	1	1582350	96		no_unique_discrete_prediction		true					0.351298069046	0.3217005853	0.327001345655	q1			false	low	C1:single_representative;C2:single_representative;S:structurally_heterogeneous;O:structurally_heterogeneous
Columbea	inclusive	50000	inclusive_SEG_002	1582351	1949860	16		no_unique_discrete_prediction		true					0.452801345017	0.232083482221	0.315115172762	q1			false	low	C1:structurally_heterogeneous;C2:single_representative;S:structurally_heterogeneous;O:missing_role_representative
N61	inclusive	50000	inclusive_SEG_002	1582351	1949860	16		no_unique_discrete_prediction		true					0.291136336487	0.339294423356	0.369569240157	q3			false	low	C1:structurally_heterogeneous;C2:structurally_heterogeneous;S:single_representative;O:single_representative
N62	inclusive	50000	inclusive_SEG_002	1582351	1949860	14		no_unique_discrete_prediction		true					0.283887722029	0.461186496084	0.254925781887	q2			false	low	C1:single_representative;C2:single_representative;S:structurally_heterogeneous;O:structurally_heterogeneous
Columbea	inclusive	50000	inclusive_SEG_003	1949861	5161408	182		no_unique_discrete_prediction		true					0.322273329268	0.334246098592	0.34348057214	q3			false	high	C1:structurally_heterogeneous;C2:single_representative;S:structurally_heterogeneous;O:missing_role_representative
N61	inclusive	50000	inclusive_SEG_003	1949861	5161408	183		no_unique_discrete_prediction	q1	false	0.951975108225	-0.463839285714	-0.488135822511	1.41581439394	0.345544895402	0.31225194099	0.342203163607	q1		0.018317343103	true	high	C1:structurally_heterogeneous;C2:structurally_heterogeneous;S:single_representative;O:single_representative
N62	inclusive	50000	inclusive_SEG_003	1949861	5161408	177		no_unique_discrete_prediction	q3	false	-0.0360368797869	-0.0296141358641	0.065651015651	0.0952651515152	0.330147771828	0.342914575363	0.326937652809	q2		-0.00959352078658	false	high	C1:single_representative;C2:single_representative;S:structurally_heterogeneous;O:resolved
Columbea	inclusive	50000	inclusive_SEG_004	5161409	8704428	304		no_unique_discrete_prediction		true					0.326857619555	0.354746766196	0.318395614249	q2			false	high	C1:structurally_heterogeneous;C2:single_representative;S:structurally_heterogeneous;O:missing_role_representative
N61	inclusive	50000	inclusive_SEG_004	5161409	8704428	304		no_unique_discrete_prediction	q1	false	0.973889743601	-0.485110447384	-0.488779296217	1.45900019099	0.335724926065	0.329172014288	0.335103059647	q1		0.00358738909749	true	high	C1:structurally_heterogeneous;C2:structurally_heterogeneous;S:single_representative;O:single_representative
N62	inclusive	50000	inclusive_SEG_004	5161409	8704428	292		no_unique_discrete_prediction	q1	false	0.00150189136573	0.00100611030939	-0.00250800167512	0.000495781056338	0.323274880368	0.354052098453	0.322673021179	q2		-0.0150876794478	false	high	C1:single_representative;C2:single_representative;S:structurally_heterogeneous;O:resolved
Columbea	inclusive	50000	inclusive_SEG_005	8704429	9504880	48		no_unique_discrete_prediction		true					0.283057043175	0.424801510081	0.292141446743	q2			false	low	C1:structurally_heterogeneous;C2:single_representative;S:structurally_heterogeneous;O:missing_role_representative
N61	inclusive	50000	inclusive_SEG_005	8704429	9504880	48		no_unique_discrete_prediction		true					0.354045027608	0.327302919459	0.318652052932	q1			false	low	C1:structurally_heterogeneous;C2:structurally_heterogeneous;S:single_representative;O:single_representative
N62	inclusive	50000	inclusive_SEG_005	8704429	9504880	43		no_unique_discrete_prediction		true					0.22867892166	0.437130641213	0.334190437127	q2			false	low	C1:single_representative;C2:single_representative;S:structurally_heterogeneous;O:structurally_heterogeneous
Columbea	inclusive	50000	inclusive_SEG_006	9504881	10974030	123		no_unique_discrete_prediction		true					0.297241755479	0.368203215953	0.334555028568	q2			false	high	C1:structurally_heterogeneous;C2:single_representative;S:structurally_heterogeneous;O:missing_role_representative
N61	inclusive	50000	inclusive_SEG_006	9504881	10974030	123		no_unique_discrete_prediction		true					0.30125948929	0.346589905379	0.352150605331	q3			false	high	C1:structurally_heterogeneous;C2:structurally_heterogeneous;S:single_representative;O:single_representative
N62	inclusive	50000	inclusive_SEG_006	9504881	10974030	118		no_unique_discrete_prediction		true					0.332167336378	0.337856257778	0.329976405844	q2			false	high	C1:single_representative;C2:single_representative;S:structurally_heterogeneous;O:resolved
Columbea	inclusive	50000	inclusive_SEG_007	10974031	11304692	21		no_unique_discrete_prediction		true					0.252634362214	0.262292919834	0.485072717952	q3			false	low	C1:structurally_heterogeneous;C2:single_representative;S:structurally_heterogeneous;O:missing_role_representative
N61	inclusive	50000	inclusive_SEG_007	10974031	11304692	22		no_unique_discrete_prediction	q1	false	0.5	-0.25	-0.25	0.75	0.450807953806	0.35264375627	0.196548289925	q1		0.176211930709	true	low	C1:structurally_heterogeneous;C2:structurally_heterogeneous;S:single_representative;O:single_representative
N62	inclusive	50000	inclusive_SEG_007	10974031	11304692	22		no_unique_discrete_prediction		true					0.273381687381	0.34251931193	0.384099000688	q3			false	low	C1:single_representative;C2:single_representative;S:structurally_heterogeneous;O:resolved
Columbea	inclusive	50000	inclusive_SEG_008	11304693	12214254	67		no_unique_discrete_prediction		true					0.365450551823	0.361617861446	0.272931586731	q1			false	low	C1:structurally_heterogeneous;C2:single_representative;S:structurally_heterogeneous;O:missing_role_representative
N61	inclusive	50000	inclusive_SEG_008	11304693	12214254	68		no_unique_discrete_prediction		true					0.35993820871	0.303044132278	0.337017659012	q1			false	low	C1:structurally_heterogeneous;C2:structurally_heterogeneous;S:single_representative;O:single_representative
N62	inclusive	50000	inclusive_SEG_008	11304693	12214254	67		no_unique_discrete_prediction		true					0.369190417904	0.353805334096	0.277004248	q1			false	low	C1:single_representative;C2:single_representative;S:structurally_heterogeneous;O:structurally_heterogeneous
Columbea	inclusive	50000	inclusive_SEG_009	12214255	12886511	48		no_unique_discrete_prediction		true					0.315240295456	0.462683876978	0.222075827566	q2			false	high	C1:structurally_heterogeneous;C2:single_representative;S:structurally_heterogeneous;O:missing_role_representative
N61	inclusive	50000	inclusive_SEG_009	12214255	12886511	48		no_unique_discrete_prediction	q1	false	0.537896825397	-0.268948412698	-0.268948412698	0.806845238095	0.35776127659	0.26961735701	0.372621366401	q3		0.0366419148848	false	high	C1:structurally_heterogeneous;C2:structurally_heterogeneous;S:single_representative;O:single_representative
N62	inclusive	50000	inclusive_SEG_009	12214255	12886511	46		no_unique_discrete_prediction	q1	false	0.377232142857	-0.0665178571429	-0.310714285714	0.44375	0.261153541836	0.310118345561	0.428728112604	q3		-0.108269687246	false	high	C1:single_representative;C2:single_representative;S:structurally_heterogeneous;O:resolved
Columbea	inclusive	50000	inclusive_SEG_010	12886512	14318518	76		no_unique_discrete_prediction		true					0.322948149059	0.341268852209	0.335782998731	q2			false	high	C1:structurally_heterogeneous;C2:single_representative;S:structurally_heterogeneous;O:missing_role_representative
N61	inclusive	50000	inclusive_SEG_010	12886512	14318518	76		no_unique_discrete_prediction	q1	false	0.222470238095	-0.111235119048	-0.111235119048	0.333705357143	0.323990976647	0.328543808297	0.347465215055	q3		-0.0140135350292	false	high	C1:structurally_heterogeneous;C2:structurally_heterogeneous;S:single_representative;O:single_representative
N62	inclusive	50000	inclusive_SEG_010	12886512	14318518	70		no_unique_discrete_prediction	q3	false	-0.23318452381	-0.234970238095	0.468154761905	0.701339285714	0.374039032558	0.354341170822	0.27161979662	q1		-0.0925703050707	false	high	C1:single_representative;C2:single_representative;S:structurally_heterogeneous;O:resolved
Columbea	inclusive	50000	inclusive_SEG_011	14318519	16491814	158		no_unique_discrete_prediction		true					0.309704780617	0.332137592627	0.358157626756	q3			false	high	C1:structurally_heterogeneous;C2:single_representative;S:structurally_heterogeneous;O:missing_role_representative
N61	inclusive	50000	inclusive_SEG_011	14318519	16491814	158		no_unique_discrete_prediction	q1	false	0.480157883912	-0.240877814136	-0.239280069775	0.719437953687	0.330868130608	0.349433483563	0.31969838583	q2		-0.00369780408862	false	high	C1:structurally_heterogeneous;C2:structurally_heterogeneous;S:single_representative;O:single_representative
N62	inclusive	50000	inclusive_SEG_011	14318519	16491814	151		no_unique_discrete_prediction	q3	false	-0.48320502382	-0.477677724108	0.960882747928	1.43856047204	0.31427075307	0.336876297144	0.348852949786	q3		0.0232794246796	true	high	C1:single_representative;C2:single_representative;S:structurally_heterogeneous;O:resolved
Columbea	inclusive	50000	inclusive_SEG_012	16491815	18036264	104		no_unique_discrete_prediction		true					0.385427906698	0.262632447754	0.351939645548	q1			false	low	C1:structurally_heterogeneous;C2:single_representative;S:structurally_heterogeneous;O:missing_role_representative
N61	inclusive	50000	inclusive_SEG_012	16491815	18036264	104		no_unique_discrete_prediction	q1	false	0.5	-0.25	-0.25	0.75	0.390861214002	0.299764082723	0.309374703275	q1		0.0862918210036	true	low	C1:structurally_heterogeneous;C2:structurally_heterogeneous;S:single_representative;O:single_representative
N62	inclusive	50000	inclusive_SEG_012	16491815	18036264	101		no_unique_discrete_prediction	q3	false	-0.5	-0.5	1	1.5	0.289282655127	0.326731800399	0.383985544474	q3		0.0759783167109	true	low	C1:single_representative;C2:single_representative;S:structurally_heterogeneous;O:resolved
Columbea	inclusive	50000	inclusive_SEG_013	18036265	19760078	119		no_unique_discrete_prediction		true					0.342109396293	0.383753815405	0.274136788302	q2			false	high	C1:resolved;C2:single_representative;S:structurally_heterogeneous;O:missing_role_representative
N61	inclusive	50000	inclusive_SEG_013	18036265	19760078	120	q1	unique_2:2	q1	false	0.969899891775	-0.482359307359	-0.487540584416	1.45225919913	0.340340770116	0.30202749021	0.357631739674	q3	0.0105111551742	0.0105111551742	false	high	C1:resolved;C2:resolved;S:single_representative;O:single_representative
N62	inclusive	50000	inclusive_SEG_013	18036265	19760078	117		no_unique_discrete_prediction	q1	false	0.0074990981241	-0.00195030663781	-0.00554879148629	0.0094494047619	0.338489715153	0.317678184199	0.343832100648	q3		0.00773457272954	false	high	C1:single_representative;C2:single_representative;S:resolved;O:resolved
Columbea	inclusive	50000	inclusive_SEG_014	19760079	25213019	317		no_unique_discrete_prediction		true					0.409697337187	0.315806794337	0.274495868476	q1			false	high	C1:structurally_heterogeneous;C2:single_representative;S:structurally_heterogeneous;O:missing_role_representative
N61	inclusive	50000	inclusive_SEG_014	19760079	25213019	318		no_unique_discrete_prediction	q3	false	-0.00555624930625	-7.21500721501e-05	0.0056283993784	0.00570054945055	0.330374539492	0.375279074831	0.294346385677	q2		-0.0584804214851	false	high	C1:structurally_heterogeneous;C2:structurally_heterogeneous;S:single_representative;O:single_representative
N62	inclusive	50000	inclusive_SEG_014	19760079	25213019	307		no_unique_discrete_prediction	q3	false	3.83603324783e-06	-0.00325387439358	0.00325003836033	0.00324620232708	0.382378781801	0.321243185941	0.296378032258	q1		-0.0554329516137	false	high	C1:single_representative;C2:single_representative;S:structurally_heterogeneous;O:structurally_heterogeneous
Columbea	inclusive	50000	inclusive_SEG_015	25213020	25559087	32		no_unique_discrete_prediction		true					0.954907718121	0.013947147651	0.0311451342282	q1			false	low	C1:structurally_heterogeneous;C2:single_representative;S:resolved;O:missing_role_representative
N61	inclusive	50000	inclusive_SEG_015	25213020	25559087	32		no_unique_discrete_prediction	q1	false	0.05625	-0.021875	-0.034375	0.078125	0.04273915618	0.942443530965	0.0148173128551	q2		-0.43589126573	false	low	C1:resolved;C2:structurally_heterogeneous;S:single_representative;O:single_representative
N62	inclusive	50000	inclusive_SEG_015	25213020	25559087	31		no_unique_discrete_prediction	q2	false	-0.0895833333333	0.129166666667	-0.0395833333333	0.16875	0.973035359978	0.00737407206001	0.0195905679615	q1		-0.48893889191	false	low	C1:single_representative;C2:single_representative;S:resolved;O:resolved
Columbea	inclusive	50000	inclusive_SEG_016	25559088	33234049	507		no_unique_discrete_prediction		true					0.881765130615	0.0614157224178	0.0568191469667	q1			false	high	C1:structurally_heterogeneous;C2:single_representative;S:structurally_heterogeneous;O:missing_role_representative
N61	inclusive	50000	inclusive_SEG_016	25559088	33234049	510		no_unique_discrete_prediction	q1	true	0.24641073836	-0.123821830943	-0.122588907417	0.368999645777	0.0839257173605	0.862855762408	0.0532185202319	q2		-0.374111423959	false	high	C1:structurally_heterogeneous;C2:structurally_heterogeneous;S:single_representative;O:single_representative
N62	inclusive	50000	inclusive_SEG_016	25559088	33234049	495		no_unique_discrete_prediction	q2	false	-0.246817762102	0.492332361793	-0.245514599691	0.737846961483	0.907927594466	0.0394117271095	0.0526606784249	q1		-0.440882409336	false	high	C1:single_representative;C2:single_representative;S:structurally_heterogeneous;O:structurally_heterogeneous
Columbea	inclusive	50000	inclusive_SEG_017	33234050	34021640	40		no_unique_discrete_prediction		true					0.704848921528	0.164079648497	0.131071429975	q1			false	high	C1:structurally_heterogeneous;C2:single_representative;S:structurally_heterogeneous;O:missing_role_representative
N61	inclusive	50000	inclusive_SEG_017	33234050	34021640	42		no_unique_discrete_prediction	q1	false	0.0200667388167	-0.00536616161616	-0.0147005772006	0.0254329004329	0.127544501885	0.684998642163	0.187456855952	q2		-0.308683247172	false	high	C1:structurally_heterogeneous;C2:structurally_heterogeneous;S:single_representative;O:single_representative
N62	inclusive	50000	inclusive_SEG_017	33234050	34021640	42		no_unique_discrete_prediction	q2	false	-0.00542027417027	0.00318362193362	0.00223665223665	0.00094696969697	0.673797475868	0.14098194571	0.185220578422	q1		-0.288527081435	false	high	C1:single_representative;C2:single_representative;S:structurally_heterogeneous;O:structurally_heterogeneous
Columbea	inclusive	50000	inclusive_SEG_018	34021641	34232794	9		no_unique_discrete_prediction		true					0.931553552794	0.0629859429457	0.00546050426071	q1			false	low	C1:structurally_heterogeneous;C2:single_representative;S:structurally_heterogeneous;O:missing_role_representative
N61	inclusive	50000	inclusive_SEG_018	34021641	34232794	9		no_unique_discrete_prediction	q1	true	0.125	-0.0625	-0.0625	0.1875	0.164153015195	0.812179745241	0.0236672395639	q2		-0.253770477208	false	low	C1:structurally_heterogeneous;C2:structurally_heterogeneous;S:single_representative;O:single_representative
N62	inclusive	50000	inclusive_SEG_018	34021641	34232794	8		no_unique_discrete_prediction	q3	true	-0.125	-0.125	0.25	0.375	0.891236257403	0.0646773692812	0.0440863733164	q1		-0.433870440025	false	low	C1:single_representative;C2:single_representative;S:structurally_heterogeneous;O:resolved
Columbea	inclusive	50000	inclusive_SEG_019	34232795	34741919	26		no_unique_discrete_prediction		true					0.606278388584	0.200426566771	0.193295044646	q1			false	high	C1:structurally_heterogeneous;C2:single_representative;S:structurally_heterogeneous;O:missing_role_representative
N61	inclusive	50000	inclusive_SEG_019	34232795	34741919	26		no_unique_discrete_prediction		true					0.163268277358	0.658481305612	0.178250417029	q2			false	high	C1:structurally_heterogeneous;C2:structurally_heterogeneous;S:single_representative;O:single_representative
N62	inclusive	50000	inclusive_SEG_019	34232795	34741919	24		no_unique_discrete_prediction	q2	false	-0.211111111111	0.619841269841	-0.40873015873	0.830952380952	0.617897454884	0.182649425075	0.199453120041	q1		-0.226025862387	false	high	C1:single_representative;C2:single_representative;S:structurally_heterogeneous;O:structurally_heterogeneous
Columbea	inclusive	50000	inclusive_SEG_020	34741920	35025837	17		no_unique_discrete_prediction		true					0.316176512308	0.30620660277	0.377616884922	q3			false	low	C1:resolved;C2:single_representative;S:resolved;O:missing_role_representative
N61	inclusive	50000	inclusive_SEG_020	34741920	35025837	17		no_unique_discrete_prediction	q1	false	0.0208333333333	-0.0104166666667	-0.0104166666667	0.03125	0.338664123617	0.334383100941	0.326952775442	q1		0.00799618542485	true	low	C1:resolved;C2:resolved;S:single_representative;O:single_representative
N62	inclusive	50000	inclusive_SEG_020	34741920	35025837	13	q1	unique_2:2	q1	true	0.895833333333	-0.416666666667	-0.479166666667	1.3125	0.382283287022	0.334600008046	0.283116704933	q1	0.0734249305327	0.0734249305327	true	low	C1:single_representative;C2:single_representative;S:resolved;O:resolved
Columbea	inclusive	50000	inclusive_SEG_021	35025838	35331645	3		no_unique_discrete_prediction		true					0.314213067838	0.138979090099	0.546807842063	q3			false	low	C1:structurally_heterogeneous;C2:single_representative;S:resolved;O:missing_role_representative
N61	inclusive	50000	inclusive_SEG_021	35025838	35331645	3		no_unique_discrete_prediction		true	-0.0416666666667	0.0208333333333	0.0208333333333	0	0.650284122471	0.207582570918	0.142133306611	q1			false	low	C1:resolved;C2:structurally_heterogeneous;S:single_representative;O:single_representative
N62	inclusive	50000	inclusive_SEG_021	35025838	35331645	2		no_unique_discrete_prediction	q3	false	-0.125	0	0.125	0.125	0.599970862471	0.227552484435	0.172476653094	q1		-0.241285020359	false	low	C1:single_representative;C2:single_representative;S:resolved;O:resolved
Columbea	inclusive	50000	inclusive_SEG_022	35331646	37255236	136		no_unique_discrete_prediction		true					0.335824240962	0.359410482339	0.3047652767	q2			false	high	C1:structurally_heterogeneous;C2:single_representative;S:resolved;O:missing_role_representative
N61	inclusive	50000	inclusive_SEG_022	35331646	37255236	137		no_unique_discrete_prediction	q3	false	0.00280136530137	-0.0125395437895	0.00973817848818	0.00693681318681	0.322734907832	0.369821776246	0.307443315922	q2		-0.0388350261174	false	high	C1:resolved;C2:structurally_heterogeneous;S:single_representative;O:single_representative
N62	inclusive	50000	inclusive_SEG_022	35331646	37255236	122		no_unique_discrete_prediction	q1	false	0.851412476412	-0.423820623821	-0.427591852592	1.27523310023	0.364620469805	0.320328151469	0.315051378726	q1		0.0469307047078	true	high	C1:single_representative;C2:single_representative;S:resolved;O:resolved
Columbea	inclusive	50000	inclusive_SEG_023	37255237	39237022	119		no_unique_discrete_prediction		true					0.341703678844	0.341617614523	0.316678706633	q1			false	high	C1:structurally_heterogeneous;C2:single_representative;S:structurally_heterogeneous;O:missing_role_representative
N61	inclusive	50000	inclusive_SEG_023	37255237	39237022	123		no_unique_discrete_prediction	q3	false	-0.248636779887	0.124009324009	0.124627455877	0.000618131868132	0.340240188321	0.304584916477	0.355174895202	q3		0.0327623428033	true	high	C1:structurally_heterogeneous;C2:structurally_heterogeneous;S:single_representative;O:single_representative
N62	inclusive	50000	inclusive_SEG_023	37255237	39237022	119		no_unique_discrete_prediction	q2	false	-0.248861555112	0.124958374958	0.123903180153	0.00105519480519	0.338479431443	0.32392300586	0.337597562697	q1		-0.0141154912094	false	high	C1:single_representative;C2:single_representative;S:structurally_heterogeneous;O:structurally_heterogeneous
Columbea	inclusive	50000	inclusive_SEG_024	39237023	42267292	255		no_unique_discrete_prediction		true					0.344268337974	0.336682109809	0.319049552217	q1			false	high	C1:structurally_heterogeneous;C2:single_representative;S:resolved;O:missing_role_representative
N61	inclusive	50000	inclusive_SEG_024	39237023	42267292	257		no_unique_discrete_prediction	q1	false	0.00229113475534	0.00013604574605	-0.00242718050139	0.00215508900929	0.37164410837	0.321167632261	0.307188259369	q1		0.057466162555	true	high	C1:resolved;C2:structurally_heterogeneous;S:single_representative;O:single_representative
N62	inclusive	50000	inclusive_SEG_024	39237023	42267292	250		no_unique_discrete_prediction	q2	false	-0.00189810673073	0.00438575549837	-0.00248764876764	0.0062838622291	0.391203607676	0.296619685766	0.312176706558	q1		-0.0550704713509	false	high	C1:single_representative;C2:single_representative;S:resolved;O:resolved
Columbea	inclusive	50000	inclusive_SEG_025	42267293	44647530	176		no_unique_discrete_prediction		true					0.485879540138	0.288972133263	0.225148326598	q1			false	high	C1:structurally_heterogeneous;C2:single_representative;S:structurally_heterogeneous;O:missing_role_representative
N61	inclusive	50000	inclusive_SEG_025	42267293	44647530	176		no_unique_discrete_prediction	q3	false	-0.0178222818848	-0.00894444097569	0.0267667228605	0.0357111638362	0.268089352842	0.471346346613	0.260564300545	q2		-0.109153549182	false	high	C1:resolved;C2:structurally_heterogeneous;S:single_representative;O:single_representative
N62	inclusive	50000	inclusive_SEG_025	42267293	44647530	170		no_unique_discrete_prediction	q3	false	-0.00270233238983	-0.00423777611278	0.00694010850261	0.00964244089244	0.517915309465	0.239302756037	0.242781934498	q1		-0.135827098253	false	high	C1:single_representative;C2:single_representative;S:resolved;O:structurally_heterogeneous
Columbea	inclusive	50000	inclusive_SEG_026	44647531	45658664	48		no_unique_discrete_prediction		true					0.967476692356	0.0112433862434	0.0212799214005	q1			false	low	C1:structurally_heterogeneous;C2:single_representative;S:structurally_heterogeneous;O:missing_role_representative
N61	inclusive	50000	inclusive_SEG_026	44647531	45658664	48		no_unique_discrete_prediction		true					0.029252507819	0.958282682171	0.0124648100098	q2			false	low	C1:structurally_heterogeneous;C2:structurally_heterogeneous;S:single_representative;O:single_representative
N62	inclusive	50000	inclusive_SEG_026	44647531	45658664	43		no_unique_discrete_prediction		true					0.949449142477	0.0265399696292	0.024010887894	q1			false	low	C1:single_representative;C2:single_representative;S:structurally_heterogeneous;O:structurally_heterogeneous
Columbea	inclusive	50000	inclusive_SEG_027	45658665	46422770	41		no_unique_discrete_prediction		true					0.951350836309	0.0260143625065	0.0226348011843	q1			false	low	C1:structurally_heterogeneous;C2:single_representative;S:structurally_heterogeneous;O:missing_role_representative
N61	inclusive	50000	inclusive_SEG_027	45658665	46422770	41		no_unique_discrete_prediction		true					0.0758890330821	0.914469593848	0.00964137307024	q2			false	low	C1:structurally_heterogeneous;C2:structurally_heterogeneous;S:single_representative;O:single_representative
N62	inclusive	50000	inclusive_SEG_027	45658665	46422770	40		no_unique_discrete_prediction		true					0.958167563474	0.0210090197446	0.0208234167815	q1			false	low	C1:single_representative;C2:single_representative;S:structurally_heterogeneous;O:structurally_heterogeneous
Columbea	inclusive	50000	inclusive_SEG_028	46422771	47143089	53		no_unique_discrete_prediction		true					0.940899125098	0.0354724385925	0.0236284363094	q1			false	low	C1:structurally_heterogeneous;C2:single_representative;S:structurally_heterogeneous;O:missing_role_representative
N61	inclusive	50000	inclusive_SEG_028	46422771	47143089	51		no_unique_discrete_prediction		true					0.0423790692555	0.941157119937	0.0164638108071	q2			false	low	C1:structurally_heterogeneous;C2:structurally_heterogeneous;S:single_representative;O:single_representative
N62	inclusive	50000	inclusive_SEG_028	46422771	47143089	38		no_unique_discrete_prediction		true					0.973475842691	0.0201201463451	0.00640401096415	q1			false	low	C1:single_representative;C2:single_representative;S:structurally_heterogeneous;O:structurally_heterogeneous
Columbea	inclusive	50000	inclusive_SEG_029	47143090	47228924	8		no_unique_discrete_prediction		true					0.875	0.125	0	q1			false	limited	C1:structurally_heterogeneous;C2:single_representative;S:structurally_heterogeneous;O:missing_role_representative
N61	inclusive	50000	inclusive_SEG_029	47143090	47228924	8		no_unique_discrete_prediction		true					0	1	0	q2			false	limited	C1:structurally_heterogeneous;C2:structurally_heterogeneous;S:single_representative;O:single_representative
N62	inclusive	50000	inclusive_SEG_029	47143090	47228924	6		no_unique_discrete_prediction		true					0.99339798965	0.00398698911247	0.00261502123774	q1			false	limited	C1:single_representative;C2:single_representative;S:structurally_heterogeneous;O:structurally_heterogeneous
Columbea	inclusive	50000	inclusive_SEG_030	47228925	49159743	124		no_unique_discrete_prediction		true					0.871826783095	0.068890430086	0.059282786819	q1			false	high	C1:resolved;C2:single_representative;S:structurally_heterogeneous;O:missing_role_representative
N61	inclusive	50000	inclusive_SEG_030	47228925	49159743	125		no_unique_discrete_prediction	q2	false	-0.461111111111	0.972222222222	-0.511111111111	1.43333333333	0.049845868994	0.900130855102	0.050023275904	q2		0.850196282653	true	high	C1:structurally_heterogeneous;C2:resolved;S:single_representative;O:single_representative
N62	inclusive	50000	inclusive_SEG_030	47228925	49159743	110		no_unique_discrete_prediction	q1	false	0.465277777778	-0.243055555556	-0.222222222222	0.6875	0.888225939706	0.0700080634945	0.0417659967993	q1		0.832338909559	true	high	C1:single_representative;C2:single_representative;S:structurally_heterogeneous;O:structurally_heterogeneous
Columbea	inclusive	50000	inclusive_SEG_031	49159744	49624080	13		no_unique_discrete_prediction		true					1	0	0	q1			false	low	C1:structurally_heterogeneous;C2:single_representative;S:resolved;O:missing_role_representative
N61	inclusive	50000	inclusive_SEG_031	49159744	49624080	13		no_unique_discrete_prediction		false	0	0	0	0	0.00992281527992	0.948449764521	0.0416274201988	q2			false	low	C1:resolved;C2:structurally_heterogeneous;S:single_representative;O:single_representative
N62	inclusive	50000	inclusive_SEG_031	49159744	49624080	13		no_unique_discrete_prediction		true	0	0	0	0	0.99754702935	0.00175366995042	0.000699300699301	q1			false	low	C1:single_representative;C2:single_representative;S:resolved;O:resolved
Columbea	inclusive	50000	inclusive_SEG_032	49624081	50085260	19		no_unique_discrete_prediction		true					0.952280273956	0.0374323804409	0.0102873456033	q1			false	low	C1:resolved;C2:single_representative;S:structurally_heterogeneous;O:missing_role_representative
N61	inclusive	50000	inclusive_SEG_032	49624081	50085260	19		no_unique_discrete_prediction		true					0.251164569133	0.732715010044	0.0161204208229	q2			false	low	C1:resolved;C2:resolved;S:single_representative;O:single_representative
N62	inclusive	50000	inclusive_SEG_032	49624081	50085260	15		no_unique_discrete_prediction	q1	false	0.75	-0.375	-0.375	1.125	0.837192969752	0.0265606767183	0.13624635353	q1		0.755789454628	true	low	C1:single_representative;C2:single_representative;S:resolved;O:structurally_heterogeneous
Columbea	inclusive	50000	inclusive_SEG_033	50085261	50410378	21		no_unique_discrete_prediction		true					0.917800453515	0.0663265306122	0.015873015873	q1			false	low	C1:structurally_heterogeneous;C2:single_representative;S:resolved;O:missing_role_representative
N61	inclusive	50000	inclusive_SEG_033	50085261	50410378	21		no_unique_discrete_prediction	q2	false	-0.0208333333333	0.104166666667	-0.0833333333333	0.125	0.0136561927452	0.976508929304	0.0098348779508	q2		0.964763393956	true	low	C1:resolved;C2:structurally_heterogeneous;S:single_representative;O:single_representative
N62	inclusive	50000	inclusive_SEG_033	50085261	50410378	20		no_unique_discrete_prediction		true	0	0	0	0	0.915767628437	0.0240904609906	0.0601419105728	q1			false	low	C1:single_representative;C2:single_representative;S:resolved;O:resolved
Columbea	inclusive	50000	inclusive_SEG_034	50410379	50989362	35		no_unique_discrete_prediction		true					0.985714285714	0.0142857142857	0	q1			false	low	C1:structurally_heterogeneous;C2:single_representative;S:structurally_heterogeneous;O:missing_role_representative
N61	inclusive	50000	inclusive_SEG_034	50410379	50989362	35		no_unique_discrete_prediction		true					0	1	0	q2			false	low	C1:structurally_heterogeneous;C2:structurally_heterogeneous;S:single_representative;O:single_representative
N62	inclusive	50000	inclusive_SEG_034	50410379	50989362	31		no_unique_discrete_prediction		true					0.992255492213	0.00259198858408	0.00515251920296	q1			false	low	C1:single_representative;C2:single_representative;S:structurally_heterogeneous;O:structurally_heterogeneous
Columbea	inclusive	50000	inclusive_SEG_035	50989363	51570722	46		no_unique_discrete_prediction		true					0.941762955822	0.00418089773053	0.0540561464475	q1			false	low	C1:structurally_heterogeneous;C2:single_representative;S:structurally_heterogeneous;O:missing_role_representative
N61	inclusive	50000	inclusive_SEG_035	50989363	51570722	46		no_unique_discrete_prediction		true					0.033148963222	0.941974965158	0.0248760716204	q2			false	low	C1:structurally_heterogeneous;C2:structurally_heterogeneous;S:single_representative;O:single_representative
N62	inclusive	50000	inclusive_SEG_035	50989363	51570722	46		no_unique_discrete_prediction		true					0.958805841791	0.0133084543644	0.0278857038445	q1			false	low	C1:single_representative;C2:single_representative;S:structurally_heterogeneous;O:structurally_heterogeneous
Columbea	inclusive	50000	inclusive_SEG_036	51570723	51789124	22		no_unique_discrete_prediction		true					1	0	0	q1			false	low	C1:structurally_heterogeneous;C2:single_representative;S:structurally_heterogeneous;O:missing_role_representative
N61	inclusive	50000	inclusive_SEG_036	51570723	51789124	22		no_unique_discrete_prediction	q2	true	-0.166666666667	0.208333333333	-0.0416666666667	0.25	0.000736888111888	0.938103146853	0.061159965035	q2		0.90715472028	true	low	C1:structurally_heterogeneous;C2:structurally_heterogeneous;S:single_representative;O:single_representative
N62	inclusive	50000	inclusive_SEG_036	51570723	51789124	20		no_unique_discrete_prediction	q2	true	-0.0833333333333	0.229166666667	-0.145833333333	0.3125	0.994560637526	0.00295985183206	0.00247951064187	q1		-0.495560222252	false	low	C1:single_representative;C2:single_representative;S:structurally_heterogeneous;O:structurally_heterogeneous
Columbea	inclusive	50000	inclusive_SEG_037	51789125	55393543	237		no_unique_discrete_prediction		true					0.963307163905	0.0209187561238	0.0157740799711	q1			false	high	C1:structurally_heterogeneous;C2:single_representative;S:structurally_heterogeneous;O:missing_role_representative
N61	inclusive	50000	inclusive_SEG_037	51789125	55393543	238		no_unique_discrete_prediction	q1	false	0.249552054543	-0.123858466572	-0.125693587972	0.373410521115	0.0411820062134	0.937792526912	0.0210254668749	q2		-0.43822699068	false	high	C1:structurally_heterogeneous;C2:structurally_heterogeneous;S:single_representative;O:single_representative
N62	inclusive	50000	inclusive_SEG_037	51789125	55393543	231		no_unique_discrete_prediction	q2	false	-0.242423313719	0.490848848901	-0.248425535182	0.73327216262	0.979776599651	0.00807806253474	0.0121453378139	q1		-0.487882906198	false	high	C1:single_representative;C2:single_representative;S:structurally_heterogeneous;O:resolved
Columbea	inclusive	50000	inclusive_SEG_038	55393544	55750019	29		no_unique_discrete_prediction		true					1	0	0	q1			false	low	C1:structurally_heterogeneous;C2:single_representative;S:structurally_heterogeneous;O:missing_role_representative
N61	inclusive	50000	inclusive_SEG_038	55393544	55750019	30		no_unique_discrete_prediction		true					0.000534089405069	0.999465910595	0	q2			false	low	C1:resolved;C2:structurally_heterogeneous;S:single_representative;O:single_representative
N62	inclusive	50000	inclusive_SEG_038	55393544	55750019	29		no_unique_discrete_prediction		true					0.992796142203	0.00226053995233	0.00494331784503	q1			false	low	C1:single_representative;C2:single_representative;S:resolved;O:structurally_heterogeneous
Columbea	inclusive	50000	inclusive_SEG_039	55750020	56712451	59		no_unique_discrete_prediction		true					0.907721280603	0.0527306967985	0.0395480225989	q1			false	high	C1:structurally_heterogeneous;C2:single_representative;S:structurally_heterogeneous;O:missing_role_representative
N61	inclusive	50000	inclusive_SEG_039	55750020	56712451	59		no_unique_discrete_prediction	q3	false	-0.0138392857143	-0.003125	0.0169642857143	0.0200892857143	0.000217075757715	0.995544551014	0.00423837322859	q2		-0.493642440157	false	high	C1:structurally_heterogeneous;C2:structurally_heterogeneous;S:single_representative;O:single_representative
N62	inclusive	50000	inclusive_SEG_039	55750020	56712451	58		no_unique_discrete_prediction		true					0.985046488961	0.00874164129433	0.00621186974468	q1			false	high	C1:single_representative;C2:single_representative;S:structurally_heterogeneous;O:resolved
Columbea	inclusive	50000	inclusive_SEG_040	56712452	57203613	42		no_unique_discrete_prediction		true					0.417012459258	0.281348341879	0.301639198863	q1			false	low	C1:structurally_heterogeneous;C2:single_representative;S:resolved;O:missing_role_representative
N61	inclusive	50000	inclusive_SEG_040	56712452	57203613	42		no_unique_discrete_prediction		true	0	0	0	0	0.310936017502	0.448022112936	0.241041869561	q2			false	low	C1:resolved;C2:structurally_heterogeneous;S:single_representative;O:single_representative
N62	inclusive	50000	inclusive_SEG_040	56712452	57203613	42		no_unique_discrete_prediction		true	0	0	0	0	0.433352635668	0.379538420523	0.18710894381	q1			false	low	C1:single_representative;C2:single_representative;S:resolved;O:resolved
Columbea	inclusive	50000	inclusive_SEG_041	57203614	58171516	66		no_unique_discrete_prediction		true					0.388376040624	0.33435569102	0.277268268356	q1			false	high	C1:structurally_heterogeneous;C2:single_representative;S:structurally_heterogeneous;O:missing_role_representative
N61	inclusive	50000	inclusive_SEG_041	57203614	58171516	68		no_unique_discrete_prediction	q3	false	-0.030753968254	0.00257936507937	0.0281746031746	0.0255952380952	0.363876333197	0.344541215932	0.29158245087	q1		-0.0626263236947	false	high	C1:structurally_heterogeneous;C2:structurally_heterogeneous;S:single_representative;O:single_representative
N62	inclusive	50000	inclusive_SEG_041	57203614	58171516	67		no_unique_discrete_prediction	q3	false	-0.258531746032	-0.10376984127	0.362301587302	0.466071428571	0.349183119003	0.340442882248	0.310373998748	q1		-0.0344390018773	false	high	C1:single_representative;C2:single_representative;S:structurally_heterogeneous;O:structurally_heterogeneous
Columbea	inclusive	50000	inclusive_SEG_042	58171517	59982754	137		no_unique_discrete_prediction		true					0.383554491666	0.31849883486	0.297946673474	q1			false	high	C1:structurally_heterogeneous;C2:single_representative;S:resolved;O:missing_role_representative
N61	inclusive	50000	inclusive_SEG_042	58171517	59982754	138		no_unique_discrete_prediction	q2	false	0.00110271672772	0.00644268925519	-0.00754540598291	0.00533997252747	0.340898380581	0.318276431497	0.340825187922	q1		-0.0225853527539	false	high	C1:resolved;C2:structurally_heterogeneous;S:single_representative;O:single_representative
N62	inclusive	50000	inclusive_SEG_042	58171517	59982754	128		no_unique_discrete_prediction	q1	false	0.86665521978	-0.465041208791	-0.401614010989	1.26826923077	0.369326664079	0.335013602468	0.295659733454	q1		0.0539899961183	true	high	C1:single_representative;C2:single_representative;S:resolved;O:resolved
Columbea	inclusive	50000	inclusive_SEG_043	59982755	61035423	54		no_unique_discrete_prediction		true					0.436009135984	0.253675795673	0.310315068343	q1			false	low	C1:structurally_heterogeneous;C2:single_representative;S:structurally_heterogeneous;O:missing_role_representative
N61	inclusive	50000	inclusive_SEG_043	59982755	61035423	54		no_unique_discrete_prediction		true					0.426550400702	0.273353902606	0.300095696692	q1			false	low	C1:structurally_heterogeneous;C2:structurally_heterogeneous;S:single_representative;O:single_representative
N62	inclusive	50000	inclusive_SEG_043	59982755	61035423	52		no_unique_discrete_prediction		true					0.358300290237	0.340363294359	0.301336415404	q1			false	low	C1:single_representative;C2:single_representative;S:structurally_heterogeneous;O:structurally_heterogeneous
Columbea	inclusive	50000	inclusive_SEG_044	61035424	91310470	2035		no_unique_discrete_prediction		true					0.347866307371	0.339923373956	0.312210318673	q1			false	high	C1:structurally_heterogeneous;C2:single_representative;S:structurally_heterogeneous;O:missing_role_representative
N61	inclusive	50000	inclusive_SEG_044	61035424	91310470	2050		no_unique_discrete_prediction	q1	false	0.00538490692864	-0.00225568706259	-0.00312921986605	0.00764059399123	0.357457355887	0.32202640509	0.320516239023	q1		0.036186033831	true	high	C1:structurally_heterogeneous;C2:structurally_heterogeneous;S:single_representative;O:single_representative
N62	inclusive	50000	inclusive_SEG_044	61035424	91310470	1995		no_unique_discrete_prediction	q2	false	-0.00424469268961	0.00462848334115	-0.000383790651535	0.00501227399268	0.330288484998	0.344876265374	0.324835249629	q2		0.0173143980605	true	high	C1:single_representative;C2:single_representative;S:structurally_heterogeneous;O:structurally_heterogeneous
Columbea	inclusive	100000	inclusive_SEG_001	1	1582350	104		no_unique_discrete_prediction		true					0.343559448165	0.392916946187	0.263523605648	q2			false	low	C1:structurally_heterogeneous;C2:single_representative;S:structurally_heterogeneous;O:missing_role_representative
N61	inclusive	100000	inclusive_SEG_001	1	1582350	104		no_unique_discrete_prediction		true					0.357388008192	0.295566110062	0.347045881746	q1			false	low	C1:structurally_heterogeneous;C2:structurally_heterogeneous;S:single_representative;O:single_representative
N62	inclusive	100000	inclusive_SEG_001	1	1582350	96		no_unique_discrete_prediction		true					0.351298069046	0.3217005853	0.327001345655	q1			false	low	C1:single_representative;C2:single_representative;S:structurally_heterogeneous;O:structurally_heterogeneous
Columbea	inclusive	100000	inclusive_SEG_002	1582351	1949860	16		no_unique_discrete_prediction		true					0.452801345017	0.232083482221	0.315115172762	q1			false	limited	C1:structurally_heterogeneous;C2:single_representative;S:structurally_heterogeneous;O:missing_role_representative
N61	inclusive	100000	inclusive_SEG_002	1582351	1949860	16		no_unique_discrete_prediction		true					0.291136336487	0.339294423356	0.369569240157	q3			false	limited	C1:structurally_heterogeneous;C2:structurally_heterogeneous;S:single_representative;O:single_representative
N62	inclusive	100000	inclusive_SEG_002	1582351	1949860	14		no_unique_discrete_prediction		true					0.283887722029	0.461186496084	0.254925781887	q2			false	limited	C1:single_representative;C2:single_representative;S:structurally_heterogeneous;O:structurally_heterogeneous
Columbea	inclusive	100000	inclusive_SEG_003	1949861	5161408	182		no_unique_discrete_prediction		true					0.322273329268	0.334246098592	0.34348057214	q3			false	low	C1:structurally_heterogeneous;C2:single_representative;S:structurally_heterogeneous;O:missing_role_representative
N61	inclusive	100000	inclusive_SEG_003	1949861	5161408	183		no_unique_discrete_prediction		false					0.345544895402	0.31225194099	0.342203163607	q1			false	low	C1:structurally_heterogeneous;C2:structurally_heterogeneous;S:single_representative;O:single_representative
N62	inclusive	100000	inclusive_SEG_003	1949861	5161408	177		no_unique_discrete_prediction		false					0.330147771828	0.342914575363	0.326937652809	q2			false	low	C1:single_representative;C2:single_representative;S:structurally_heterogeneous;O:structurally_heterogeneous
Columbea	inclusive	100000	inclusive_SEG_004	5161409	8704428	304		no_unique_discrete_prediction		true					0.326857619555	0.354746766196	0.318395614249	q2			false	high	C1:structurally_heterogeneous;C2:single_representative;S:structurally_heterogeneous;O:missing_role_representative
N61	inclusive	100000	inclusive_SEG_004	5161409	8704428	304		no_unique_discrete_prediction	q1	false	0.951406926407	-0.503382034632	-0.448024891775	1.39943181818	0.335724926065	0.329172014288	0.335103059647	q1		0.00358738909749	true	high	C1:structurally_heterogeneous;C2:structurally_heterogeneous;S:single_representative;O:single_representative
N62	inclusive	100000	inclusive_SEG_004	5161409	8704428	292		no_unique_discrete_prediction	q2	false	0.00854076479076	0.0200396825397	-0.0285804473304	0.0114989177489	0.323274880368	0.354052098453	0.322673021179	q2		0.0310781476793	true	high	C1:single_representative;C2:single_representative;S:structurally_heterogeneous;O:resolved
Columbea	inclusive	100000	inclusive_SEG_005	8704429	9504880	48		no_unique_discrete_prediction		true					0.283057043175	0.424801510081	0.292141446743	q2			false	low	C1:structurally_heterogeneous;C2:single_representative;S:structurally_heterogeneous;O:missing_role_representative
N61	inclusive	100000	inclusive_SEG_005	8704429	9504880	48		no_unique_discrete_prediction		true					0.354045027608	0.327302919459	0.318652052932	q1			false	low	C1:structurally_heterogeneous;C2:structurally_heterogeneous;S:single_representative;O:single_representative
N62	inclusive	100000	inclusive_SEG_005	8704429	9504880	43		no_unique_discrete_prediction		true					0.22867892166	0.437130641213	0.334190437127	q2			false	low	C1:single_representative;C2:single_representative;S:structurally_heterogeneous;O:structurally_heterogeneous
Columbea	inclusive	100000	inclusive_SEG_006	9504881	10974030	123		no_unique_discrete_prediction		true					0.297241755479	0.368203215953	0.334555028568	q2			false	low	C1:structurally_heterogeneous;C2:single_representative;S:structurally_heterogeneous;O:missing_role_representative
N61	inclusive	100000	inclusive_SEG_006	9504881	10974030	123		no_unique_discrete_prediction		true					0.30125948929	0.346589905379	0.352150605331	q3			false	low	C1:structurally_heterogeneous;C2:structurally_heterogeneous;S:single_representative;O:single_representative
N62	inclusive	100000	inclusive_SEG_006	9504881	10974030	118		no_unique_discrete_prediction		true					0.332167336378	0.337856257778	0.329976405844	q2			false	low	C1:single_representative;C2:single_representative;S:structurally_heterogeneous;O:structurally_heterogeneous
Columbea	inclusive	100000	inclusive_SEG_007	10974031	11304692	21		no_unique_discrete_prediction		true					0.252634362214	0.262292919834	0.485072717952	q3			false	limited	C1:structurally_heterogeneous;C2:single_representative;S:structurally_heterogeneous;O:missing_role_representative
N61	inclusive	100000	inclusive_SEG_007	10974031	11304692	22		no_unique_discrete_prediction		false					0.450807953806	0.35264375627	0.196548289925	q1			false	limited	C1:structurally_heterogeneous;C2:structurally_heterogeneous;S:single_representative;O:single_representative
N62	inclusive	100000	inclusive_SEG_007	10974031	11304692	22		no_unique_discrete_prediction		true					0.273381687381	0.34251931193	0.384099000688	q3			false	limited	C1:single_representative;C2:single_representative;S:structurally_heterogeneous;O:structurally_heterogeneous
Columbea	inclusive	100000	inclusive_SEG_008	11304693	12214254	67		no_unique_discrete_prediction		true					0.365450551823	0.361617861446	0.272931586731	q1			false	low	C1:structurally_heterogeneous;C2:single_representative;S:structurally_heterogeneous;O:missing_role_representative
N61	inclusive	100000	inclusive_SEG_008	11304693	12214254	68		no_unique_discrete_prediction		true					0.35993820871	0.303044132278	0.337017659012	q1			false	low	C1:structurally_heterogeneous;C2:structurally_heterogeneous;S:single_representative;O:single_representative
N62	inclusive	100000	inclusive_SEG_008	11304693	12214254	67		no_unique_discrete_prediction		true					0.369190417904	0.353805334096	0.277004248	q1			false	low	C1:single_representative;C2:single_representative;S:structurally_heterogeneous;O:structurally_heterogeneous
Columbea	inclusive	100000	inclusive_SEG_009	12214255	12886511	48		no_unique_discrete_prediction		true					0.315240295456	0.462683876978	0.222075827566	q2			false	low	C1:structurally_heterogeneous;C2:single_representative;S:structurally_heterogeneous;O:missing_role_representative
N61	inclusive	100000	inclusive_SEG_009	12214255	12886511	48		no_unique_discrete_prediction		false					0.35776127659	0.26961735701	0.372621366401	q3			false	low	C1:structurally_heterogeneous;C2:structurally_heterogeneous;S:single_representative;O:single_representative
N62	inclusive	100000	inclusive_SEG_009	12214255	12886511	46		no_unique_discrete_prediction		false					0.261153541836	0.310118345561	0.428728112604	q3			false	low	C1:single_representative;C2:single_representative;S:structurally_heterogeneous;O:structurally_heterogeneous
Columbea	inclusive	100000	inclusive_SEG_010	12886512	14318518	76		no_unique_discrete_prediction		true					0.322948149059	0.341268852209	0.335782998731	q2			false	low	C1:structurally_heterogeneous;C2:single_representative;S:structurally_heterogeneous;O:missing_role_representative
N61	inclusive	100000	inclusive_SEG_010	12886512	14318518	76		no_unique_discrete_prediction		false					0.323990976647	0.328543808297	0.347465215055	q3			false	low	C1:structurally_heterogeneous;C2:structurally_heterogeneous;S:single_representative;O:single_representative
N62	inclusive	100000	inclusive_SEG_010	12886512	14318518	70		no_unique_discrete_prediction		false					0.374039032558	0.354341170822	0.27161979662	q1			false	low	C1:single_representative;C2:single_representative;S:structurally_heterogeneous;O:structurally_heterogeneous
Columbea	inclusive	100000	inclusive_SEG_011	14318519	16491814	158		no_unique_discrete_prediction		true					0.309704780617	0.332137592627	0.358157626756	q3			false	low	C1:structurally_heterogeneous;C2:single_representative;S:structurally_heterogeneous;O:missing_role_representative
N61	inclusive	100000	inclusive_SEG_011	14318519	16491814	158		no_unique_discrete_prediction		false					0.330868130608	0.349433483563	0.31969838583	q2			false	low	C1:resolved;C2:structurally_heterogeneous;S:single_representative;O:single_representative
N62	inclusive	100000	inclusive_SEG_011	14318519	16491814	151		no_unique_discrete_prediction		false					0.31427075307	0.336876297144	0.348852949786	q3			false	low	C1:single_representative;C2:single_representative;S:resolved;O:resolved
Columbea	inclusive	100000	inclusive_SEG_012	16491815	18036264	104		no_unique_discrete_prediction		true					0.385427906698	0.262632447754	0.351939645548	q1			false	low	C1:structurally_heterogeneous;C2:single_representative;S:structurally_heterogeneous;O:missing_role_representative
N61	inclusive	100000	inclusive_SEG_012	16491815	18036264	104		no_unique_discrete_prediction		false					0.390861214002	0.299764082723	0.309374703275	q1			false	low	C1:structurally_heterogeneous;C2:structurally_heterogeneous;S:single_representative;O:single_representative
N62	inclusive	100000	inclusive_SEG_012	16491815	18036264	101		no_unique_discrete_prediction		false					0.289282655127	0.326731800399	0.383985544474	q3			false	low	C1:single_representative;C2:single_representative;S:structurally_heterogeneous;O:structurally_heterogeneous
Columbea	inclusive	100000	inclusive_SEG_013	18036265	19760078	119		no_unique_discrete_prediction		true					0.342109396293	0.383753815405	0.274136788302	q2			false	low	C1:structurally_heterogeneous;C2:single_representative;S:structurally_heterogeneous;O:missing_role_representative
N61	inclusive	100000	inclusive_SEG_013	18036265	19760078	120		no_unique_discrete_prediction		false					0.340340770116	0.30202749021	0.357631739674	q3			false	low	C1:structurally_heterogeneous;C2:structurally_heterogeneous;S:single_representative;O:single_representative
N62	inclusive	100000	inclusive_SEG_013	18036265	19760078	117		no_unique_discrete_prediction		false					0.338489715153	0.317678184199	0.343832100648	q3			false	low	C1:single_representative;C2:single_representative;S:structurally_heterogeneous;O:structurally_heterogeneous
Columbea	inclusive	100000	inclusive_SEG_014	19760079	25213019	317		no_unique_discrete_prediction		true					0.409697337187	0.315806794337	0.274495868476	q1			false	high	C1:structurally_heterogeneous;C2:single_representative;S:structurally_heterogeneous;O:missing_role_representative
N61	inclusive	100000	inclusive_SEG_014	19760079	25213019	318		no_unique_discrete_prediction	q1	false	0.064880952381	-0.0431547619048	-0.0217261904762	0.0866071428571	0.330374539492	0.375279074831	0.294346385677	q2		-0.00443819076169	false	high	C1:resolved;C2:structurally_heterogeneous;S:single_representative;O:single_representative
N62	inclusive	100000	inclusive_SEG_014	19760079	25213019	307		no_unique_discrete_prediction	q1	false	0.0136904761905	-0.0193452380952	0.00565476190476	0.00803571428571	0.382378781801	0.321243185941	0.296378032258	q1		0.0735681727018	true	high	C1:single_representative;C2:single_representative;S:resolved;O:structurally_heterogeneous
Columbea	inclusive	100000	inclusive_SEG_015	25213020	25559087	32		no_unique_discrete_prediction		true					0.954907718121	0.013947147651	0.0311451342282	q1			false	limited	C1:structurally_heterogeneous;C2:single_representative;S:structurally_heterogeneous;O:missing_role_representative
N61	inclusive	100000	inclusive_SEG_015	25213020	25559087	32		no_unique_discrete_prediction		false	0	0	0	0	0.04273915618	0.942443530965	0.0148173128551	q2			false	limited	C1:structurally_heterogeneous;C2:structurally_heterogeneous;S:single_representative;O:single_representative
N62	inclusive	100000	inclusive_SEG_015	25213020	25559087	31		no_unique_discrete_prediction		false					0.973035359978	0.00737407206001	0.0195905679615	q1			false	limited	C1:single_representative;C2:single_representative;S:structurally_heterogeneous;O:resolved
Columbea	inclusive	100000	inclusive_SEG_016	25559088	33234049	507		no_unique_discrete_prediction		true					0.881765130615	0.0614157224178	0.0568191469667	q1			false	high	C1:structurally_heterogeneous;C2:single_representative;S:structurally_heterogeneous;O:missing_role_representative
N61	inclusive	100000	inclusive_SEG_016	25559088	33234049	510		no_unique_discrete_prediction	q1	true	0.233529838217	-0.12458028083	-0.108949557387	0.342479395604	0.0839257173605	0.862855762408	0.0532185202319	q2		-0.374111423959	false	high	C1:structurally_heterogeneous;C2:structurally_heterogeneous;S:single_representative;O:single_representative
N62	inclusive	100000	inclusive_SEG_016	25559088	33234049	495		no_unique_discrete_prediction	q2	false	-0.233728250916	0.783828411172	-0.550100160256	1.01755666209	0.907927594466	0.0394117271095	0.0526606784249	q1		-0.440882409336	false	high	C1:single_representative;C2:single_representative;S:structurally_heterogeneous;O:structurally_heterogeneous
Columbea	inclusive	100000	inclusive_SEG_017	33234050	34021640	40		no_unique_discrete_prediction		true					0.704848921528	0.164079648497	0.131071429975	q1			false	low	C1:structurally_heterogeneous;C2:single_representative;S:structurally_heterogeneous;O:missing_role_representative
N61	inclusive	100000	inclusive_SEG_017	33234050	34021640	42		no_unique_discrete_prediction	q2	false	0.00610119047619	0.0650297619048	-0.071130952381	0.0589285714286	0.127544501885	0.684998642163	0.187456855952	q2		0.527497963244	true	low	C1:structurally_heterogeneous;C2:structurally_heterogeneous;S:single_representative;O:single_representative
N62	inclusive	100000	inclusive_SEG_017	33234050	34021640	42		no_unique_discrete_prediction	q2	false	-0.0296130952381	0.0717261904762	-0.0421130952381	0.101339285714	0.673797475868	0.14098194571	0.185220578422	q1		-0.288527081435	false	low	C1:single_representative;C2:single_representative;S:structurally_heterogeneous;O:structurally_heterogeneous
Columbea	inclusive	100000	inclusive_SEG_018	34021641	34232794	9		no_unique_discrete_prediction		true					0.931553552794	0.0629859429457	0.00546050426071	q1			false	limited	C1:structurally_heterogeneous;C2:single_representative;S:structurally_heterogeneous;O:missing_role_representative
N61	inclusive	100000	inclusive_SEG_018	34021641	34232794	9		no_unique_discrete_prediction	q1	true	0.125	-0.0625	-0.0625	0.1875	0.164153015195	0.812179745241	0.0236672395639	q2		-0.253770477208	false	limited	C1:structurally_heterogeneous;C2:structurally_heterogeneous;S:single_representative;O:single_representative
N62	inclusive	100000	inclusive_SEG_018	34021641	34232794	8		no_unique_discrete_prediction	q3	true	-0.125	-0.125	0.25	0.375	0.891236257403	0.0646773692812	0.0440863733164	q1		-0.433870440025	false	limited	C1:single_representative;C2:single_representative;S:structurally_heterogeneous;O:resolved
Columbea	inclusive	100000	inclusive_SEG_019	34232795	34741919	26		no_unique_discrete_prediction		true					0.606278388584	0.200426566771	0.193295044646	q1			false	low	C1:structurally_heterogeneous;C2:single_representative;S:structurally_heterogeneous;O:missing_role_representative
N61	inclusive	100000	inclusive_SEG_019	34232795	34741919	26		no_unique_discrete_prediction		true					0.163268277358	0.658481305612	0.178250417029	q2			false	low	C1:structurally_heterogeneous;C2:structurally_heterogeneous;S:single_representative;O:single_representative
N62	inclusive	100000	inclusive_SEG_019	34232795	34741919	24		no_unique_discrete_prediction		false					0.617897454884	0.182649425075	0.199453120041	q1			false	low	C1:single_representative;C2:single_representative;S:structurally_heterogeneous;O:structurally_heterogeneous
Columbea	inclusive	100000	inclusive_SEG_020	34741920	35025837	17		no_unique_discrete_prediction		true					0.316176512308	0.30620660277	0.377616884922	q3			false	limited	C1:resolved;C2:single_representative;S:resolved;O:missing_role_representative
N61	inclusive	100000	inclusive_SEG_020	34741920	35025837	17		no_unique_discrete_prediction		false	0	0	0	0	0.338664123617	0.334383100941	0.326952775442	q1			false	limited	C1:resolved;C2:resolved;S:single_representative;O:single_representative
N62	inclusive	100000	inclusive_SEG_020	34741920	35025837	13	q1	unique_2:2	q1	true	0.75	-0.375	-0.375	1.125	0.382283287022	0.334600008046	0.283116704933	q1	0.0734249305327	0.0734249305327	true	limited	C1:single_representative;C2:single_representative;S:resolved;O:resolved
Columbea	inclusive	100000	inclusive_SEG_021	35025838	35331645	3		no_unique_discrete_prediction		true					0.314213067838	0.138979090099	0.546807842063	q3			false	limited	C1:structurally_heterogeneous;C2:single_representative;S:structurally_heterogeneous;O:missing_role_representative
N61	inclusive	100000	inclusive_SEG_021	35025838	35331645	3		no_unique_discrete_prediction		true	0	0	0	0	0.650284122471	0.207582570918	0.142133306611	q1			false	limited	C1:structurally_heterogeneous;C2:structurally_heterogeneous;S:single_representative;O:single_representative
N62	inclusive	100000	inclusive_SEG_021	35025838	35331645	2		no_unique_discrete_prediction		false	0	0	0	0	0.599970862471	0.227552484435	0.172476653094	q1			false	limited	C1:single_representative;C2:single_representative;S:structurally_heterogeneous;O:resolved
Columbea	inclusive	100000	inclusive_SEG_022	35331646	37255236	136		no_unique_discrete_prediction		true					0.335824240962	0.359410482339	0.3047652767	q2			false	low	C1:structurally_heterogeneous;C2:single_representative;S:structurally_heterogeneous;O:missing_role_representative
N61	inclusive	100000	inclusive_SEG_022	35331646	37255236	137		no_unique_discrete_prediction		false					0.322734907832	0.369821776246	0.307443315922	q2			false	low	C1:structurally_heterogeneous;C2:structurally_heterogeneous;S:single_representative;O:single_representative
N62	inclusive	100000	inclusive_SEG_022	35331646	37255236	122		no_unique_discrete_prediction		false					0.364620469805	0.320328151469	0.315051378726	q1			false	low	C1:single_representative;C2:single_representative;S:structurally_heterogeneous;O:resolved
Columbea	inclusive	100000	inclusive_SEG_023	37255237	39237022	119		no_unique_discrete_prediction		true					0.341703678844	0.341617614523	0.316678706633	q1			false	low	C1:structurally_heterogeneous;C2:single_representative;S:structurally_heterogeneous;O:missing_role_representative
N61	inclusive	100000	inclusive_SEG_023	37255237	39237022	123		no_unique_discrete_prediction		false					0.340240188321	0.304584916477	0.355174895202	q3			false	low	C1:structurally_heterogeneous;C2:structurally_heterogeneous;S:single_representative;O:single_representative
N62	inclusive	100000	inclusive_SEG_023	37255237	39237022	119		no_unique_discrete_prediction		false					0.338479431443	0.32392300586	0.337597562697	q1			false	low	C1:single_representative;C2:single_representative;S:structurally_heterogeneous;O:structurally_heterogeneous
Columbea	inclusive	100000	inclusive_SEG_024	39237023	42267292	255		no_unique_discrete_prediction		true					0.344268337974	0.336682109809	0.319049552217	q1			false	low	C1:structurally_heterogeneous;C2:single_representative;S:structurally_heterogeneous;O:missing_role_representative
N61	inclusive	100000	inclusive_SEG_024	39237023	42267292	257		no_unique_discrete_prediction	q2	false	-0.122916666667	0.239583333333	-0.116666666667	0.35625	0.37164410837	0.321167632261	0.307188259369	q1		-0.0182485516082	false	low	C1:structurally_heterogeneous;C2:structurally_heterogeneous;S:single_representative;O:single_representative
N62	inclusive	100000	inclusive_SEG_024	39237023	42267292	250		no_unique_discrete_prediction	q3	false	-0.00416666666667	-0.00416666666667	0.00833333333333	0.0125	0.391203607676	0.296619685766	0.312176706558	q1		-0.0317349401631	false	low	C1:single_representative;C2:single_representative;S:structurally_heterogeneous;O:resolved
Columbea	inclusive	100000	inclusive_SEG_025	42267293	44647530	176		no_unique_discrete_prediction		true					0.485879540138	0.288972133263	0.225148326598	q1			false	low	C1:structurally_heterogeneous;C2:single_representative;S:structurally_heterogeneous;O:missing_role_representative
N61	inclusive	100000	inclusive_SEG_025	42267293	44647530	176		no_unique_discrete_prediction		false					0.268089352842	0.471346346613	0.260564300545	q2			false	low	C1:structurally_heterogeneous;C2:structurally_heterogeneous;S:single_representative;O:single_representative
N62	inclusive	100000	inclusive_SEG_025	42267293	44647530	170		no_unique_discrete_prediction		false					0.517915309465	0.239302756037	0.242781934498	q1			false	low	C1:single_representative;C2:single_representative;S:structurally_heterogeneous;O:structurally_heterogeneous
Columbea	inclusive	100000	inclusive_SEG_026	44647531	45658664	48		no_unique_discrete_prediction		true					0.967476692356	0.0112433862434	0.0212799214005	q1			false	low	C1:structurally_heterogeneous;C2:single_representative;S:structurally_heterogeneous;O:missing_role_representative
N61	inclusive	100000	inclusive_SEG_026	44647531	45658664	48		no_unique_discrete_prediction		true					0.029252507819	0.958282682171	0.0124648100098	q2			false	low	C1:structurally_heterogeneous;C2:structurally_heterogeneous;S:single_representative;O:single_representative
N62	inclusive	100000	inclusive_SEG_026	44647531	45658664	43		no_unique_discrete_prediction		true					0.949449142477	0.0265399696292	0.024010887894	q1			false	low	C1:single_representative;C2:single_representative;S:structurally_heterogeneous;O:structurally_heterogeneous
Columbea	inclusive	100000	inclusive_SEG_027	45658665	46422770	41		no_unique_discrete_prediction		true					0.951350836309	0.0260143625065	0.0226348011843	q1			false	low	C1:structurally_heterogeneous;C2:single_representative;S:structurally_heterogeneous;O:missing_role_representative
N61	inclusive	100000	inclusive_SEG_027	45658665	46422770	41		no_unique_discrete_prediction		true					0.0758890330821	0.914469593848	0.00964137307024	q2			false	low	C1:structurally_heterogeneous;C2:structurally_heterogeneous;S:single_representative;O:single_representative
N62	inclusive	100000	inclusive_SEG_027	45658665	46422770	40		no_unique_discrete_prediction		true					0.958167563474	0.0210090197446	0.0208234167815	q1			false	low	C1:single_representative;C2:single_representative;S:structurally_heterogeneous;O:structurally_heterogeneous
Columbea	inclusive	100000	inclusive_SEG_028	46422771	47143089	53		no_unique_discrete_prediction		true					0.940899125098	0.0354724385925	0.0236284363094	q1			false	low	C1:structurally_heterogeneous;C2:single_representative;S:structurally_heterogeneous;O:missing_role_representative
N61	inclusive	100000	inclusive_SEG_028	46422771	47143089	51		no_unique_discrete_prediction		true					0.0423790692555	0.941157119937	0.0164638108071	q2			false	low	C1:structurally_heterogeneous;C2:structurally_heterogeneous;S:single_representative;O:single_representative
N62	inclusive	100000	inclusive_SEG_028	46422771	47143089	38		no_unique_discrete_prediction		true					0.973475842691	0.0201201463451	0.00640401096415	q1			false	low	C1:single_representative;C2:single_representative;S:structurally_heterogeneous;O:structurally_heterogeneous
Columbea	inclusive	100000	inclusive_SEG_029	47143090	47228924	8		no_unique_discrete_prediction		true					0.875	0.125	0	q1			false	limited	C1:structurally_heterogeneous;C2:single_representative;S:structurally_heterogeneous;O:missing_role_representative
N61	inclusive	100000	inclusive_SEG_029	47143090	47228924	8		no_unique_discrete_prediction		true					0	1	0	q2			false	limited	C1:structurally_heterogeneous;C2:structurally_heterogeneous;S:single_representative;O:single_representative
N62	inclusive	100000	inclusive_SEG_029	47143090	47228924	6		no_unique_discrete_prediction		true					0.99339798965	0.00398698911247	0.00261502123774	q1			false	limited	C1:single_representative;C2:single_representative;S:structurally_heterogeneous;O:structurally_heterogeneous
Columbea	inclusive	100000	inclusive_SEG_030	47228925	49159743	124		no_unique_discrete_prediction		true					0.871826783095	0.068890430086	0.059282786819	q1			false	low	C1:structurally_heterogeneous;C2:single_representative;S:structurally_heterogeneous;O:missing_role_representative
N61	inclusive	100000	inclusive_SEG_030	47228925	49159743	125		no_unique_discrete_prediction		false					0.049845868994	0.900130855102	0.050023275904	q2			false	low	C1:structurally_heterogeneous;C2:structurally_heterogeneous;S:single_representative;O:single_representative
N62	inclusive	100000	inclusive_SEG_030	47228925	49159743	110		no_unique_discrete_prediction		false					0.888225939706	0.0700080634945	0.0417659967993	q1			false	low	C1:single_representative;C2:single_representative;S:structurally_heterogeneous;O:structurally_heterogeneous
Columbea	inclusive	100000	inclusive_SEG_031	49159744	49624080	13		no_unique_discrete_prediction		true					1	0	0	q1			false	low	C1:structurally_heterogeneous;C2:single_representative;S:resolved;O:missing_role_representative
N61	inclusive	100000	inclusive_SEG_031	49159744	49624080	13		no_unique_discrete_prediction	q1	false	0.0416666666667	-0.0208333333333	-0.0208333333333	0.0625	0.00992281527992	0.948449764521	0.0416274201988	q2		-0.48511577708	false	low	C1:resolved;C2:structurally_heterogeneous;S:single_representative;O:single_representative
N62	inclusive	100000	inclusive_SEG_031	49159744	49624080	13		no_unique_discrete_prediction		true	0	0	0	0	0.99754702935	0.00175366995042	0.000699300699301	q1			false	low	C1:single_representative;C2:single_representative;S:resolved;O:resolved
Columbea	inclusive	100000	inclusive_SEG_032	49624081	50085260	19		no_unique_discrete_prediction		true					0.952280273956	0.0374323804409	0.0102873456033	q1			false	low	C1:resolved;C2:single_representative;S:structurally_heterogeneous;O:missing_role_representative
N61	inclusive	100000	inclusive_SEG_032	49624081	50085260	19		no_unique_discrete_prediction		true					0.251164569133	0.732715010044	0.0161204208229	q2			false	low	C1:resolved;C2:resolved;S:single_representative;O:single_representative
N62	inclusive	100000	inclusive_SEG_032	49624081	50085260	15		no_unique_discrete_prediction		false					0.837192969752	0.0265606767183	0.13624635353	q1			false	low	C1:single_representative;C2:single_representative;S:resolved;O:structurally_heterogeneous
Columbea	inclusive	100000	inclusive_SEG_033	50085261	50410378	21		no_unique_discrete_prediction		true					0.917800453515	0.0663265306122	0.015873015873	q1			false	limited	C1:structurally_heterogeneous;C2:single_representative;S:structurally_heterogeneous;O:missing_role_representative
N61	inclusive	100000	inclusive_SEG_033	50085261	50410378	21		no_unique_discrete_prediction		false					0.0136561927452	0.976508929304	0.0098348779508	q2			false	limited	C1:resolved;C2:structurally_heterogeneous;S:single_representative;O:single_representative
N62	inclusive	100000	inclusive_SEG_033	50085261	50410378	20		no_unique_discrete_prediction		true					0.915767628437	0.0240904609906	0.0601419105728	q1			false	limited	C1:single_representative;C2:single_representative;S:resolved;O:structurally_heterogeneous
Columbea	inclusive	100000	inclusive_SEG_034	50410379	50989362	35		no_unique_discrete_prediction		true					0.985714285714	0.0142857142857	0	q1			false	low	C1:structurally_heterogeneous;C2:single_representative;S:structurally_heterogeneous;O:missing_role_representative
N61	inclusive	100000	inclusive_SEG_034	50410379	50989362	35		no_unique_discrete_prediction		true					0	1	0	q2			false	low	C1:structurally_heterogeneous;C2:structurally_heterogeneous;S:single_representative;O:single_representative
N62	inclusive	100000	inclusive_SEG_034	50410379	50989362	31		no_unique_discrete_prediction		true					0.992255492213	0.00259198858408	0.00515251920296	q1			false	low	C1:single_representative;C2:single_representative;S:structurally_heterogeneous;O:structurally_heterogeneous
Columbea	inclusive	100000	inclusive_SEG_035	50989363	51570722	46		no_unique_discrete_prediction		true					0.941762955822	0.00418089773053	0.0540561464475	q1			false	low	C1:structurally_heterogeneous;C2:single_representative;S:structurally_heterogeneous;O:missing_role_representative
N61	inclusive	100000	inclusive_SEG_035	50989363	51570722	46		no_unique_discrete_prediction		true					0.033148963222	0.941974965158	0.0248760716204	q2			false	low	C1:structurally_heterogeneous;C2:structurally_heterogeneous;S:single_representative;O:single_representative
N62	inclusive	100000	inclusive_SEG_035	50989363	51570722	46		no_unique_discrete_prediction		true					0.958805841791	0.0133084543644	0.0278857038445	q1			false	low	C1:single_representative;C2:single_representative;S:structurally_heterogeneous;O:structurally_heterogeneous
Columbea	inclusive	100000	inclusive_SEG_036	51570723	51789124	22		no_unique_discrete_prediction		true					1	0	0	q1			false	limited	C1:structurally_heterogeneous;C2:single_representative;S:resolved;O:missing_role_representative
N61	inclusive	100000	inclusive_SEG_036	51570723	51789124	22		no_unique_discrete_prediction	q2	true	-0.125	0.25	-0.125	0.375	0.000736888111888	0.938103146853	0.061159965035	q2		0.90715472028	true	limited	C1:resolved;C2:structurally_heterogeneous;S:single_representative;O:single_representative
N62	inclusive	100000	inclusive_SEG_036	51570723	51789124	20		no_unique_discrete_prediction	q2	true	-0.125	0.25	-0.125	0.375	0.994560637526	0.00295985183206	0.00247951064187	q1		-0.495560222252	false	limited	C1:single_representative;C2:single_representative;S:resolved;O:structurally_heterogeneous
Columbea	inclusive	100000	inclusive_SEG_037	51789125	55393543	237		no_unique_discrete_prediction		true					0.963307163905	0.0209187561238	0.0157740799711	q1			false	high	C1:structurally_heterogeneous;C2:single_representative;S:structurally_heterogeneous;O:missing_role_representative
N61	inclusive	100000	inclusive_SEG_037	51789125	55393543	238		no_unique_discrete_prediction	q1	false	0.0113095238095	-0.00565476190476	-0.00565476190476	0.0169642857143	0.0411820062134	0.937792526912	0.0210254668749	q2		-0.43822699068	false	high	C1:structurally_heterogeneous;C2:structurally_heterogeneous;S:single_representative;O:single_representative
N62	inclusive	100000	inclusive_SEG_037	51789125	55393543	231		no_unique_discrete_prediction	q2	false	-0.00297619047619	0.0184523809524	-0.0154761904762	0.0214285714286	0.979776599651	0.00807806253474	0.0121453378139	q1		-0.487882906198	false	high	C1:single_representative;C2:single_representative;S:structurally_heterogeneous;O:resolved
Columbea	inclusive	100000	inclusive_SEG_038	55393544	55750019	29		no_unique_discrete_prediction		true					1	0	0	q1			false	limited	C1:structurally_heterogeneous;C2:single_representative;S:structurally_heterogeneous;O:missing_role_representative
N61	inclusive	100000	inclusive_SEG_038	55393544	55750019	30		no_unique_discrete_prediction		true					0.000534089405069	0.999465910595	0	q2			false	limited	C1:structurally_heterogeneous;C2:structurally_heterogeneous;S:single_representative;O:single_representative
N62	inclusive	100000	inclusive_SEG_038	55393544	55750019	29		no_unique_discrete_prediction		true					0.992796142203	0.00226053995233	0.00494331784503	q1			false	limited	C1:single_representative;C2:single_representative;S:structurally_heterogeneous;O:structurally_heterogeneous
Columbea	inclusive	100000	inclusive_SEG_039	55750020	56712451	59		no_unique_discrete_prediction		true					0.907721280603	0.0527306967985	0.0395480225989	q1			false	low	C1:structurally_heterogeneous;C2:single_representative;S:structurally_heterogeneous;O:missing_role_representative
N61	inclusive	100000	inclusive_SEG_039	55750020	56712451	59		no_unique_discrete_prediction		false					0.000217075757715	0.995544551014	0.00423837322859	q2			false	low	C1:structurally_heterogeneous;C2:structurally_heterogeneous;S:single_representative;O:single_representative
N62	inclusive	100000	inclusive_SEG_039	55750020	56712451	58		no_unique_discrete_prediction		true					0.985046488961	0.00874164129433	0.00621186974468	q1			false	low	C1:single_representative;C2:single_representative;S:structurally_heterogeneous;O:structurally_heterogeneous
Columbea	inclusive	100000	inclusive_SEG_040	56712452	57203613	42		no_unique_discrete_prediction		true					0.417012459258	0.281348341879	0.301639198863	q1			false	low	C1:structurally_heterogeneous;C2:single_representative;S:resolved;O:missing_role_representative
N61	inclusive	100000	inclusive_SEG_040	56712452	57203613	42		no_unique_discrete_prediction		true	0	0	0	0	0.310936017502	0.448022112936	0.241041869561	q2			false	low	C1:resolved;C2:structurally_heterogeneous;S:single_representative;O:single_representative
N62	inclusive	100000	inclusive_SEG_040	56712452	57203613	42		no_unique_discrete_prediction		true	0	0	0	0	0.433352635668	0.379538420523	0.18710894381	q1			false	low	C1:single_representative;C2:single_representative;S:resolved;O:resolved
Columbea	inclusive	100000	inclusive_SEG_041	57203614	58171516	66		no_unique_discrete_prediction		true					0.388376040624	0.33435569102	0.277268268356	q1			false	low	C1:structurally_heterogeneous;C2:single_representative;S:structurally_heterogeneous;O:missing_role_representative
N61	inclusive	100000	inclusive_SEG_041	57203614	58171516	68		no_unique_discrete_prediction		false					0.363876333197	0.344541215932	0.29158245087	q1			false	low	C1:structurally_heterogeneous;C2:structurally_heterogeneous;S:single_representative;O:single_representative
N62	inclusive	100000	inclusive_SEG_041	57203614	58171516	67		no_unique_discrete_prediction		false					0.349183119003	0.340442882248	0.310373998748	q1			false	low	C1:single_representative;C2:single_representative;S:structurally_heterogeneous;O:structurally_heterogeneous
Columbea	inclusive	100000	inclusive_SEG_042	58171517	59982754	137		no_unique_discrete_prediction		true					0.383554491666	0.31849883486	0.297946673474	q1			false	low	C1:structurally_heterogeneous;C2:single_representative;S:structurally_heterogeneous;O:missing_role_representative
N61	inclusive	100000	inclusive_SEG_042	58171517	59982754	138		no_unique_discrete_prediction		false					0.340898380581	0.318276431497	0.340825187922	q1			false	low	C1:structurally_heterogeneous;C2:structurally_heterogeneous;S:single_representative;O:single_representative
N62	inclusive	100000	inclusive_SEG_042	58171517	59982754	128		no_unique_discrete_prediction		false					0.369326664079	0.335013602468	0.295659733454	q1			false	low	C1:single_representative;C2:single_representative;S:structurally_heterogeneous;O:structurally_heterogeneous
Columbea	inclusive	100000	inclusive_SEG_043	59982755	61035423	54		no_unique_discrete_prediction		true					0.436009135984	0.253675795673	0.310315068343	q1			false	low	C1:structurally_heterogeneous;C2:single_representative;S:structurally_heterogeneous;O:missing_role_representative
N61	inclusive	100000	inclusive_SEG_043	59982755	61035423	54		no_unique_discrete_prediction		true					0.426550400702	0.273353902606	0.300095696692	q1			false	low	C1:structurally_heterogeneous;C2:structurally_heterogeneous;S:single_representative;O:single_representative
N62	inclusive	100000	inclusive_SEG_043	59982755	61035423	52		no_unique_discrete_prediction		true					0.358300290237	0.340363294359	0.301336415404	q1			false	low	C1:single_representative;C2:single_representative;S:structurally_heterogeneous;O:structurally_heterogeneous
Columbea	inclusive	100000	inclusive_SEG_044	61035424	91310470	2035		no_unique_discrete_prediction		true					0.347866307371	0.339923373956	0.312210318673	q1			false	high	C1:structurally_heterogeneous;C2:single_representative;S:structurally_heterogeneous;O:missing_role_representative
N61	inclusive	100000	inclusive_SEG_044	61035424	91310470	2050		no_unique_discrete_prediction	q1	false	0.00475344697181	-0.000916820963025	-0.00383662600879	0.00567026793484	0.357457355887	0.32202640509	0.320516239023	q1		0.036186033831	true	high	C1:structurally_heterogeneous;C2:structurally_heterogeneous;S:single_representative;O:single_representative
N62	inclusive	100000	inclusive_SEG_044	61035424	91310470	1995		no_unique_discrete_prediction	q2	false	-0.00029120451515	0.00214818527239	-0.00185698075724	0.00243938978754	0.330288484998	0.344876265374	0.324835249629	q2		0.0173143980605	true	high	C1:single_representative;C2:single_representative;S:structurally_heterogeneous;O:structurally_heterogeneous
Columbea	inclusive	200000	inclusive_SEG_001	1	1582350	104		no_unique_discrete_prediction		true					0.343559448165	0.392916946187	0.263523605648	q2			false	low	C1:structurally_heterogeneous;C2:single_representative;S:structurally_heterogeneous;O:missing_role_representative
N61	inclusive	200000	inclusive_SEG_001	1	1582350	104		no_unique_discrete_prediction		true					0.357388008192	0.295566110062	0.347045881746	q1			false	low	C1:structurally_heterogeneous;C2:structurally_heterogeneous;S:single_representative;O:single_representative
N62	inclusive	200000	inclusive_SEG_001	1	1582350	96		no_unique_discrete_prediction		true					0.351298069046	0.3217005853	0.327001345655	q1			false	low	C1:single_representative;C2:single_representative;S:structurally_heterogeneous;O:structurally_heterogeneous
Columbea	inclusive	200000	inclusive_SEG_002	1582351	1949860	16		no_unique_discrete_prediction		true					0.452801345017	0.232083482221	0.315115172762	q1			false	limited	C1:structurally_heterogeneous;C2:single_representative;S:structurally_heterogeneous;O:missing_role_representative
N61	inclusive	200000	inclusive_SEG_002	1582351	1949860	16		no_unique_discrete_prediction		true					0.291136336487	0.339294423356	0.369569240157	q3			false	limited	C1:structurally_heterogeneous;C2:structurally_heterogeneous;S:single_representative;O:single_representative
N62	inclusive	200000	inclusive_SEG_002	1582351	1949860	14		no_unique_discrete_prediction		true					0.283887722029	0.461186496084	0.254925781887	q2			false	limited	C1:single_representative;C2:single_representative;S:structurally_heterogeneous;O:structurally_heterogeneous
Columbea	inclusive	200000	inclusive_SEG_003	1949861	5161408	182		no_unique_discrete_prediction		true					0.322273329268	0.334246098592	0.34348057214	q3			false	low	C1:structurally_heterogeneous;C2:single_representative;S:structurally_heterogeneous;O:missing_role_representative
N61	inclusive	200000	inclusive_SEG_003	1949861	5161408	183		no_unique_discrete_prediction		false					0.345544895402	0.31225194099	0.342203163607	q1			false	low	C1:structurally_heterogeneous;C2:structurally_heterogeneous;S:single_representative;O:single_representative
N62	inclusive	200000	inclusive_SEG_003	1949861	5161408	177		no_unique_discrete_prediction		false					0.330147771828	0.342914575363	0.326937652809	q2			false	low	C1:single_representative;C2:single_representative;S:structurally_heterogeneous;O:structurally_heterogeneous
Columbea	inclusive	200000	inclusive_SEG_004	5161409	8704428	304		no_unique_discrete_prediction		true					0.326857619555	0.354746766196	0.318395614249	q2			false	low	C1:resolved;C2:single_representative;S:structurally_heterogeneous;O:missing_role_representative
N61	inclusive	200000	inclusive_SEG_004	5161409	8704428	304		no_unique_discrete_prediction		false					0.335724926065	0.329172014288	0.335103059647	q1			false	low	C1:structurally_heterogeneous;C2:resolved;S:single_representative;O:single_representative
N62	inclusive	200000	inclusive_SEG_004	5161409	8704428	292		no_unique_discrete_prediction		false					0.323274880368	0.354052098453	0.322673021179	q2			false	low	C1:single_representative;C2:single_representative;S:structurally_heterogeneous;O:structurally_heterogeneous
Columbea	inclusive	200000	inclusive_SEG_005	8704429	9504880	48		no_unique_discrete_prediction		true					0.283057043175	0.424801510081	0.292141446743	q2			false	low	C1:structurally_heterogeneous;C2:single_representative;S:structurally_heterogeneous;O:missing_role_representative
N61	inclusive	200000	inclusive_SEG_005	8704429	9504880	48		no_unique_discrete_prediction		true					0.354045027608	0.327302919459	0.318652052932	q1			false	low	C1:structurally_heterogeneous;C2:structurally_heterogeneous;S:single_representative;O:single_representative
N62	inclusive	200000	inclusive_SEG_005	8704429	9504880	43		no_unique_discrete_prediction		true					0.22867892166	0.437130641213	0.334190437127	q2			false	low	C1:single_representative;C2:single_representative;S:structurally_heterogeneous;O:structurally_heterogeneous
Columbea	inclusive	200000	inclusive_SEG_006	9504881	10974030	123		no_unique_discrete_prediction		true					0.297241755479	0.368203215953	0.334555028568	q2			false	low	C1:structurally_heterogeneous;C2:single_representative;S:structurally_heterogeneous;O:missing_role_representative
N61	inclusive	200000	inclusive_SEG_006	9504881	10974030	123		no_unique_discrete_prediction		true					0.30125948929	0.346589905379	0.352150605331	q3			false	low	C1:structurally_heterogeneous;C2:structurally_heterogeneous;S:single_representative;O:single_representative
N62	inclusive	200000	inclusive_SEG_006	9504881	10974030	118		no_unique_discrete_prediction		true					0.332167336378	0.337856257778	0.329976405844	q2			false	low	C1:single_representative;C2:single_representative;S:structurally_heterogeneous;O:structurally_heterogeneous
Columbea	inclusive	200000	inclusive_SEG_007	10974031	11304692	21		no_unique_discrete_prediction		true					0.252634362214	0.262292919834	0.485072717952	q3			false	limited	C1:structurally_heterogeneous;C2:single_representative;S:structurally_heterogeneous;O:missing_role_representative
N61	inclusive	200000	inclusive_SEG_007	10974031	11304692	22		no_unique_discrete_prediction		false					0.450807953806	0.35264375627	0.196548289925	q1			false	limited	C1:structurally_heterogeneous;C2:structurally_heterogeneous;S:single_representative;O:single_representative
N62	inclusive	200000	inclusive_SEG_007	10974031	11304692	22		no_unique_discrete_prediction		true					0.273381687381	0.34251931193	0.384099000688	q3			false	limited	C1:single_representative;C2:single_representative;S:structurally_heterogeneous;O:structurally_heterogeneous
Columbea	inclusive	200000	inclusive_SEG_008	11304693	12214254	67		no_unique_discrete_prediction		true					0.365450551823	0.361617861446	0.272931586731	q1			false	low	C1:structurally_heterogeneous;C2:single_representative;S:structurally_heterogeneous;O:missing_role_representative
N61	inclusive	200000	inclusive_SEG_008	11304693	12214254	68		no_unique_discrete_prediction		true					0.35993820871	0.303044132278	0.337017659012	q1			false	low	C1:structurally_heterogeneous;C2:structurally_heterogeneous;S:single_representative;O:single_representative
N62	inclusive	200000	inclusive_SEG_008	11304693	12214254	67		no_unique_discrete_prediction		true					0.369190417904	0.353805334096	0.277004248	q1			false	low	C1:single_representative;C2:single_representative;S:structurally_heterogeneous;O:structurally_heterogeneous
Columbea	inclusive	200000	inclusive_SEG_009	12214255	12886511	48		no_unique_discrete_prediction		true					0.315240295456	0.462683876978	0.222075827566	q2			false	limited	C1:structurally_heterogeneous;C2:single_representative;S:structurally_heterogeneous;O:missing_role_representative
N61	inclusive	200000	inclusive_SEG_009	12214255	12886511	48		no_unique_discrete_prediction		false					0.35776127659	0.26961735701	0.372621366401	q3			false	limited	C1:structurally_heterogeneous;C2:structurally_heterogeneous;S:single_representative;O:single_representative
N62	inclusive	200000	inclusive_SEG_009	12214255	12886511	46		no_unique_discrete_prediction		false					0.261153541836	0.310118345561	0.428728112604	q3			false	limited	C1:single_representative;C2:single_representative;S:structurally_heterogeneous;O:structurally_heterogeneous
Columbea	inclusive	200000	inclusive_SEG_010	12886512	14318518	76		no_unique_discrete_prediction		true					0.322948149059	0.341268852209	0.335782998731	q2			false	low	C1:structurally_heterogeneous;C2:single_representative;S:structurally_heterogeneous;O:missing_role_representative
N61	inclusive	200000	inclusive_SEG_010	12886512	14318518	76		no_unique_discrete_prediction		false					0.323990976647	0.328543808297	0.347465215055	q3			false	low	C1:structurally_heterogeneous;C2:structurally_heterogeneous;S:single_representative;O:single_representative
N62	inclusive	200000	inclusive_SEG_010	12886512	14318518	70		no_unique_discrete_prediction		false					0.374039032558	0.354341170822	0.27161979662	q1			false	low	C1:single_representative;C2:single_representative;S:structurally_heterogeneous;O:structurally_heterogeneous
Columbea	inclusive	200000	inclusive_SEG_011	14318519	16491814	158		no_unique_discrete_prediction		true					0.309704780617	0.332137592627	0.358157626756	q3			false	low	C1:structurally_heterogeneous;C2:single_representative;S:structurally_heterogeneous;O:missing_role_representative
N61	inclusive	200000	inclusive_SEG_011	14318519	16491814	158		no_unique_discrete_prediction		false					0.330868130608	0.349433483563	0.31969838583	q2			false	low	C1:structurally_heterogeneous;C2:structurally_heterogeneous;S:single_representative;O:single_representative
N62	inclusive	200000	inclusive_SEG_011	14318519	16491814	151		no_unique_discrete_prediction		false					0.31427075307	0.336876297144	0.348852949786	q3			false	low	C1:single_representative;C2:single_representative;S:structurally_heterogeneous;O:structurally_heterogeneous
Columbea	inclusive	200000	inclusive_SEG_012	16491815	18036264	104		no_unique_discrete_prediction		true					0.385427906698	0.262632447754	0.351939645548	q1			false	low	C1:structurally_heterogeneous;C2:single_representative;S:structurally_heterogeneous;O:missing_role_representative
N61	inclusive	200000	inclusive_SEG_012	16491815	18036264	104		no_unique_discrete_prediction		false					0.390861214002	0.299764082723	0.309374703275	q1			false	low	C1:structurally_heterogeneous;C2:structurally_heterogeneous;S:single_representative;O:single_representative
N62	inclusive	200000	inclusive_SEG_012	16491815	18036264	101		no_unique_discrete_prediction		false					0.289282655127	0.326731800399	0.383985544474	q3			false	low	C1:single_representative;C2:single_representative;S:structurally_heterogeneous;O:structurally_heterogeneous
Columbea	inclusive	200000	inclusive_SEG_013	18036265	19760078	119		no_unique_discrete_prediction		true					0.342109396293	0.383753815405	0.274136788302	q2			false	low	C1:structurally_heterogeneous;C2:single_representative;S:structurally_heterogeneous;O:missing_role_representative
N61	inclusive	200000	inclusive_SEG_013	18036265	19760078	120		no_unique_discrete_prediction		false					0.340340770116	0.30202749021	0.357631739674	q3			false	low	C1:structurally_heterogeneous;C2:structurally_heterogeneous;S:single_representative;O:single_representative
N62	inclusive	200000	inclusive_SEG_013	18036265	19760078	117		no_unique_discrete_prediction		false					0.338489715153	0.317678184199	0.343832100648	q3			false	low	C1:single_representative;C2:single_representative;S:structurally_heterogeneous;O:structurally_heterogeneous
Columbea	inclusive	200000	inclusive_SEG_014	19760079	25213019	317		no_unique_discrete_prediction		true					0.409697337187	0.315806794337	0.274495868476	q1			false	low	C1:structurally_heterogeneous;C2:single_representative;S:structurally_heterogeneous;O:missing_role_representative
N61	inclusive	200000	inclusive_SEG_014	19760079	25213019	318		no_unique_discrete_prediction		false					0.330374539492	0.375279074831	0.294346385677	q2			false	low	C1:structurally_heterogeneous;C2:structurally_heterogeneous;S:single_representative;O:single_representative
N62	inclusive	200000	inclusive_SEG_014	19760079	25213019	307		no_unique_discrete_prediction		false					0.382378781801	0.321243185941	0.296378032258	q1			false	low	C1:single_representative;C2:single_representative;S:structurally_heterogeneous;O:structurally_heterogeneous
Columbea	inclusive	200000	inclusive_SEG_015	25213020	25559087	32		no_unique_discrete_prediction		true					0.954907718121	0.013947147651	0.0311451342282	q1			false	limited	C1:structurally_heterogeneous;C2:single_representative;S:structurally_heterogeneous;O:missing_role_representative
N61	inclusive	200000	inclusive_SEG_015	25213020	25559087	32		no_unique_discrete_prediction		false	0	0	0	0	0.04273915618	0.942443530965	0.0148173128551	q2			false	limited	C1:structurally_heterogeneous;C2:structurally_heterogeneous;S:single_representative;O:single_representative
N62	inclusive	200000	inclusive_SEG_015	25213020	25559087	31		no_unique_discrete_prediction		false					0.973035359978	0.00737407206001	0.0195905679615	q1			false	limited	C1:single_representative;C2:single_representative;S:structurally_heterogeneous;O:resolved
Columbea	inclusive	200000	inclusive_SEG_016	25559088	33234049	507		no_unique_discrete_prediction		true					0.881765130615	0.0614157224178	0.0568191469667	q1			false	low	C1:structurally_heterogeneous;C2:single_representative;S:structurally_heterogeneous;O:missing_role_representative
N61	inclusive	200000	inclusive_SEG_016	25559088	33234049	510		no_unique_discrete_prediction	q1	true	0.0553571428571	-0.0642857142857	0.00892857142857	0.0464285714286	0.0839257173605	0.862855762408	0.0532185202319	q2		-0.374111423959	false	low	C1:structurally_heterogeneous;C2:structurally_heterogeneous;S:single_representative;O:single_representative
N62	inclusive	200000	inclusive_SEG_016	25559088	33234049	495		no_unique_discrete_prediction		false					0.907927594466	0.0394117271095	0.0526606784249	q1			false	low	C1:single_representative;C2:single_representative;S:structurally_heterogeneous;O:structurally_heterogeneous
Columbea	inclusive	200000	inclusive_SEG_017	33234050	34021640	40		no_unique_discrete_prediction		true					0.704848921528	0.164079648497	0.131071429975	q1			false	limited	C1:structurally_heterogeneous;C2:single_representative;S:structurally_heterogeneous;O:missing_role_representative
N61	inclusive	200000	inclusive_SEG_017	33234050	34021640	42		no_unique_discrete_prediction		false					0.127544501885	0.684998642163	0.187456855952	q2			false	limited	C1:structurally_heterogeneous;C2:structurally_heterogeneous;S:single_representative;O:single_representative
N62	inclusive	200000	inclusive_SEG_017	33234050	34021640	42		no_unique_discrete_prediction		false					0.673797475868	0.14098194571	0.185220578422	q1			false	limited	C1:single_representative;C2:single_representative;S:structurally_heterogeneous;O:structurally_heterogeneous
Columbea	inclusive	200000	inclusive_SEG_018	34021641	34232794	9		no_unique_discrete_prediction		true					0.931553552794	0.0629859429457	0.00546050426071	q1			false	limited	C1:structurally_heterogeneous;C2:single_representative;S:structurally_heterogeneous;O:missing_role_representative
N61	inclusive	200000	inclusive_SEG_018	34021641	34232794	9		no_unique_discrete_prediction	q1	true	0.125	-0.0625	-0.0625	0.1875	0.164153015195	0.812179745241	0.0236672395639	q2		-0.253770477208	false	limited	C1:structurally_heterogeneous;C2:structurally_heterogeneous;S:single_representative;O:single_representative
N62	inclusive	200000	inclusive_SEG_018	34021641	34232794	8		no_unique_discrete_prediction	q3	true	-0.125	-0.125	0.25	0.375	0.891236257403	0.0646773692812	0.0440863733164	q1		-0.433870440025	false	limited	C1:single_representative;C2:single_representative;S:structurally_heterogeneous;O:resolved
Columbea	inclusive	200000	inclusive_SEG_019	34232795	34741919	26		no_unique_discrete_prediction		true					0.606278388584	0.200426566771	0.193295044646	q1			false	limited	C1:structurally_heterogeneous;C2:single_representative;S:structurally_heterogeneous;O:missing_role_representative
N61	inclusive	200000	inclusive_SEG_019	34232795	34741919	26		no_unique_discrete_prediction		true					0.163268277358	0.658481305612	0.178250417029	q2			false	limited	C1:structurally_heterogeneous;C2:structurally_heterogeneous;S:single_representative;O:single_representative
N62	inclusive	200000	inclusive_SEG_019	34232795	34741919	24		no_unique_discrete_prediction		false					0.617897454884	0.182649425075	0.199453120041	q1			false	limited	C1:single_representative;C2:single_representative;S:structurally_heterogeneous;O:structurally_heterogeneous
Columbea	inclusive	200000	inclusive_SEG_020	34741920	35025837	17		no_unique_discrete_prediction		true					0.316176512308	0.30620660277	0.377616884922	q3			false	limited	C1:resolved;C2:single_representative;S:resolved;O:missing_role_representative
N61	inclusive	200000	inclusive_SEG_020	34741920	35025837	17		no_unique_discrete_prediction		false	0	0	0	0	0.338664123617	0.334383100941	0.326952775442	q1			false	limited	C1:resolved;C2:resolved;S:single_representative;O:single_representative
N62	inclusive	200000	inclusive_SEG_020	34741920	35025837	13	q1	unique_2:2	q1	true	0.75	-0.375	-0.375	1.125	0.382283287022	0.334600008046	0.283116704933	q1	0.0734249305327	0.0734249305327	true	limited	C1:single_representative;C2:single_representative;S:resolved;O:resolved
Columbea	inclusive	200000	inclusive_SEG_021	35025838	35331645	3		no_unique_discrete_prediction		true					0.314213067838	0.138979090099	0.546807842063	q3			false	limited	C1:structurally_heterogeneous;C2:single_representative;S:structurally_heterogeneous;O:missing_role_representative
N61	inclusive	200000	inclusive_SEG_021	35025838	35331645	3		no_unique_discrete_prediction		true					0.650284122471	0.207582570918	0.142133306611	q1			false	limited	C1:structurally_heterogeneous;C2:structurally_heterogeneous;S:single_representative;O:single_representative
N62	inclusive	200000	inclusive_SEG_021	35025838	35331645	2		no_unique_discrete_prediction		false					0.599970862471	0.227552484435	0.172476653094	q1			false	limited	C1:single_representative;C2:single_representative;S:structurally_heterogeneous;O:resolved
Columbea	inclusive	200000	inclusive_SEG_022	35331646	37255236	136		no_unique_discrete_prediction		true					0.335824240962	0.359410482339	0.3047652767	q2			false	low	C1:structurally_heterogeneous;C2:single_representative;S:structurally_heterogeneous;O:missing_role_representative
N61	inclusive	200000	inclusive_SEG_022	35331646	37255236	137		no_unique_discrete_prediction		false					0.322734907832	0.369821776246	0.307443315922	q2			false	low	C1:structurally_heterogeneous;C2:structurally_heterogeneous;S:single_representative;O:single_representative
N62	inclusive	200000	inclusive_SEG_022	35331646	37255236	122		no_unique_discrete_prediction		false					0.364620469805	0.320328151469	0.315051378726	q1			false	low	C1:single_representative;C2:single_representative;S:structurally_heterogeneous;O:structurally_heterogeneous
Columbea	inclusive	200000	inclusive_SEG_023	37255237	39237022	119		no_unique_discrete_prediction		true					0.341703678844	0.341617614523	0.316678706633	q1			false	low	C1:structurally_heterogeneous;C2:single_representative;S:structurally_heterogeneous;O:missing_role_representative
N61	inclusive	200000	inclusive_SEG_023	37255237	39237022	123		no_unique_discrete_prediction		false					0.340240188321	0.304584916477	0.355174895202	q3			false	low	C1:structurally_heterogeneous;C2:structurally_heterogeneous;S:single_representative;O:single_representative
N62	inclusive	200000	inclusive_SEG_023	37255237	39237022	119		no_unique_discrete_prediction		false					0.338479431443	0.32392300586	0.337597562697	q1			false	low	C1:single_representative;C2:single_representative;S:structurally_heterogeneous;O:structurally_heterogeneous
Columbea	inclusive	200000	inclusive_SEG_024	39237023	42267292	255		no_unique_discrete_prediction		true					0.344268337974	0.336682109809	0.319049552217	q1			false	low	C1:structurally_heterogeneous;C2:single_representative;S:structurally_heterogeneous;O:missing_role_representative
N61	inclusive	200000	inclusive_SEG_024	39237023	42267292	257		no_unique_discrete_prediction		false					0.37164410837	0.321167632261	0.307188259369	q1			false	low	C1:structurally_heterogeneous;C2:structurally_heterogeneous;S:single_representative;O:single_representative
N62	inclusive	200000	inclusive_SEG_024	39237023	42267292	250		no_unique_discrete_prediction		false					0.391203607676	0.296619685766	0.312176706558	q1			false	low	C1:single_representative;C2:single_representative;S:structurally_heterogeneous;O:structurally_heterogeneous
Columbea	inclusive	200000	inclusive_SEG_025	42267293	44647530	176		no_unique_discrete_prediction		true					0.485879540138	0.288972133263	0.225148326598	q1			false	low	C1:structurally_heterogeneous;C2:single_representative;S:structurally_heterogeneous;O:missing_role_representative
N61	inclusive	200000	inclusive_SEG_025	42267293	44647530	176		no_unique_discrete_prediction		false					0.268089352842	0.471346346613	0.260564300545	q2			false	low	C1:structurally_heterogeneous;C2:structurally_heterogeneous;S:single_representative;O:single_representative
N62	inclusive	200000	inclusive_SEG_025	42267293	44647530	170		no_unique_discrete_prediction		false					0.517915309465	0.239302756037	0.242781934498	q1			false	low	C1:single_representative;C2:single_representative;S:structurally_heterogeneous;O:structurally_heterogeneous
Columbea	inclusive	200000	inclusive_SEG_026	44647531	45658664	48		no_unique_discrete_prediction		true					0.967476692356	0.0112433862434	0.0212799214005	q1			false	low	C1:structurally_heterogeneous;C2:single_representative;S:structurally_heterogeneous;O:missing_role_representative
N61	inclusive	200000	inclusive_SEG_026	44647531	45658664	48		no_unique_discrete_prediction		true					0.029252507819	0.958282682171	0.0124648100098	q2			false	low	C1:structurally_heterogeneous;C2:structurally_heterogeneous;S:single_representative;O:single_representative
N62	inclusive	200000	inclusive_SEG_026	44647531	45658664	43		no_unique_discrete_prediction		true					0.949449142477	0.0265399696292	0.024010887894	q1			false	low	C1:single_representative;C2:single_representative;S:structurally_heterogeneous;O:structurally_heterogeneous
Columbea	inclusive	200000	inclusive_SEG_027	45658665	46422770	41		no_unique_discrete_prediction		true					0.951350836309	0.0260143625065	0.0226348011843	q1			false	limited	C1:structurally_heterogeneous;C2:single_representative;S:structurally_heterogeneous;O:missing_role_representative
N61	inclusive	200000	inclusive_SEG_027	45658665	46422770	41		no_unique_discrete_prediction		true					0.0758890330821	0.914469593848	0.00964137307024	q2			false	limited	C1:structurally_heterogeneous;C2:structurally_heterogeneous;S:single_representative;O:single_representative
N62	inclusive	200000	inclusive_SEG_027	45658665	46422770	40		no_unique_discrete_prediction		true					0.958167563474	0.0210090197446	0.0208234167815	q1			false	limited	C1:single_representative;C2:single_representative;S:structurally_heterogeneous;O:structurally_heterogeneous
Columbea	inclusive	200000	inclusive_SEG_028	46422771	47143089	53		no_unique_discrete_prediction		true					0.940899125098	0.0354724385925	0.0236284363094	q1			false	limited	C1:structurally_heterogeneous;C2:single_representative;S:structurally_heterogeneous;O:missing_role_representative
N61	inclusive	200000	inclusive_SEG_028	46422771	47143089	51		no_unique_discrete_prediction		true					0.0423790692555	0.941157119937	0.0164638108071	q2			false	limited	C1:structurally_heterogeneous;C2:structurally_heterogeneous;S:single_representative;O:single_representative
N62	inclusive	200000	inclusive_SEG_028	46422771	47143089	38		no_unique_discrete_prediction		true					0.973475842691	0.0201201463451	0.00640401096415	q1			false	limited	C1:single_representative;C2:single_representative;S:structurally_heterogeneous;O:structurally_heterogeneous
Columbea	inclusive	200000	inclusive_SEG_029	47143090	47228924	8		no_unique_discrete_prediction		true					0.875	0.125	0	q1			false	limited	C1:structurally_heterogeneous;C2:single_representative;S:structurally_heterogeneous;O:missing_role_representative
N61	inclusive	200000	inclusive_SEG_029	47143090	47228924	8		no_unique_discrete_prediction		true					0	1	0	q2			false	limited	C1:structurally_heterogeneous;C2:structurally_heterogeneous;S:single_representative;O:single_representative
N62	inclusive	200000	inclusive_SEG_029	47143090	47228924	6		no_unique_discrete_prediction		true					0.99339798965	0.00398698911247	0.00261502123774	q1			false	limited	C1:single_representative;C2:single_representative;S:structurally_heterogeneous;O:structurally_heterogeneous
Columbea	inclusive	200000	inclusive_SEG_030	47228925	49159743	124		no_unique_discrete_prediction		true					0.871826783095	0.068890430086	0.059282786819	q1			false	low	C1:structurally_heterogeneous;C2:single_representative;S:structurally_heterogeneous;O:missing_role_representative
N61	inclusive	200000	inclusive_SEG_030	47228925	49159743	125		no_unique_discrete_prediction		false					0.049845868994	0.900130855102	0.050023275904	q2			false	low	C1:structurally_heterogeneous;C2:structurally_heterogeneous;S:single_representative;O:single_representative
N62	inclusive	200000	inclusive_SEG_030	47228925	49159743	110		no_unique_discrete_prediction		false					0.888225939706	0.0700080634945	0.0417659967993	q1			false	low	C1:single_representative;C2:single_representative;S:structurally_heterogeneous;O:structurally_heterogeneous
Columbea	inclusive	200000	inclusive_SEG_031	49159744	49624080	13		no_unique_discrete_prediction		true					1	0	0	q1			false	limited	C1:structurally_heterogeneous;C2:single_representative;S:resolved;O:missing_role_representative
N61	inclusive	200000	inclusive_SEG_031	49159744	49624080	13		no_unique_discrete_prediction		false	0	0	0	0	0.00992281527992	0.948449764521	0.0416274201988	q2			false	limited	C1:resolved;C2:structurally_heterogeneous;S:single_representative;O:single_representative
N62	inclusive	200000	inclusive_SEG_031	49159744	49624080	13		no_unique_discrete_prediction		true					0.99754702935	0.00175366995042	0.000699300699301	q1			false	limited	C1:single_representative;C2:single_representative;S:resolved;O:resolved
Columbea	inclusive	200000	inclusive_SEG_032	49624081	50085260	19		no_unique_discrete_prediction		true					0.952280273956	0.0374323804409	0.0102873456033	q1			false	limited	C1:resolved;C2:single_representative;S:structurally_heterogeneous;O:missing_role_representative
N61	inclusive	200000	inclusive_SEG_032	49624081	50085260	19		no_unique_discrete_prediction		true					0.251164569133	0.732715010044	0.0161204208229	q2			false	limited	C1:structurally_heterogeneous;C2:resolved;S:single_representative;O:single_representative
N62	inclusive	200000	inclusive_SEG_032	49624081	50085260	15		no_unique_discrete_prediction		false					0.837192969752	0.0265606767183	0.13624635353	q1			false	limited	C1:single_representative;C2:single_representative;S:structurally_heterogeneous;O:structurally_heterogeneous
Columbea	inclusive	200000	inclusive_SEG_033	50085261	50410378	21		no_unique_discrete_prediction		true					0.917800453515	0.0663265306122	0.015873015873	q1			false	limited	C1:structurally_heterogeneous;C2:single_representative;S:structurally_heterogeneous;O:missing_role_representative
N61	inclusive	200000	inclusive_SEG_033	50085261	50410378	21		no_unique_discrete_prediction		false					0.0136561927452	0.976508929304	0.0098348779508	q2			false	limited	C1:structurally_heterogeneous;C2:structurally_heterogeneous;S:single_representative;O:single_representative
N62	inclusive	200000	inclusive_SEG_033	50085261	50410378	20		no_unique_discrete_prediction		true					0.915767628437	0.0240904609906	0.0601419105728	q1			false	limited	C1:single_representative;C2:single_representative;S:structurally_heterogeneous;O:structurally_heterogeneous
Columbea	inclusive	200000	inclusive_SEG_034	50410379	50989362	35		no_unique_discrete_prediction		true					0.985714285714	0.0142857142857	0	q1			false	limited	C1:structurally_heterogeneous;C2:single_representative;S:structurally_heterogeneous;O:missing_role_representative
N61	inclusive	200000	inclusive_SEG_034	50410379	50989362	35		no_unique_discrete_prediction		true					0	1	0	q2			false	limited	C1:structurally_heterogeneous;C2:structurally_heterogeneous;S:single_representative;O:single_representative
N62	inclusive	200000	inclusive_SEG_034	50410379	50989362	31		no_unique_discrete_prediction		true					0.992255492213	0.00259198858408	0.00515251920296	q1			false	limited	C1:single_representative;C2:single_representative;S:structurally_heterogeneous;O:structurally_heterogeneous
Columbea	inclusive	200000	inclusive_SEG_035	50989363	51570722	46		no_unique_discrete_prediction		true					0.941762955822	0.00418089773053	0.0540561464475	q1			false	limited	C1:structurally_heterogeneous;C2:single_representative;S:structurally_heterogeneous;O:missing_role_representative
N61	inclusive	200000	inclusive_SEG_035	50989363	51570722	46		no_unique_discrete_prediction		true					0.033148963222	0.941974965158	0.0248760716204	q2			false	limited	C1:structurally_heterogeneous;C2:structurally_heterogeneous;S:single_representative;O:single_representative
N62	inclusive	200000	inclusive_SEG_035	50989363	51570722	46		no_unique_discrete_prediction		true					0.958805841791	0.0133084543644	0.0278857038445	q1			false	limited	C1:single_representative;C2:single_representative;S:structurally_heterogeneous;O:structurally_heterogeneous
Columbea	inclusive	200000	inclusive_SEG_036	51570723	51789124	22		no_unique_discrete_prediction		true					1	0	0	q1			false	limited	C1:structurally_heterogeneous;C2:single_representative;S:structurally_heterogeneous;O:missing_role_representative
N61	inclusive	200000	inclusive_SEG_036	51570723	51789124	22		no_unique_discrete_prediction	q2	true	-0.0833333333333	0.229166666667	-0.145833333333	0.3125	0.000736888111888	0.938103146853	0.061159965035	q2		0.90715472028	true	limited	C1:structurally_heterogeneous;C2:structurally_heterogeneous;S:single_representative;O:single_representative
N62	inclusive	200000	inclusive_SEG_036	51570723	51789124	20		no_unique_discrete_prediction	q2	true	-0.125	0.25	-0.125	0.375	0.994560637526	0.00295985183206	0.00247951064187	q1		-0.495560222252	false	limited	C1:single_representative;C2:single_representative;S:structurally_heterogeneous;O:structurally_heterogeneous
Columbea	inclusive	200000	inclusive_SEG_037	51789125	55393543	237		no_unique_discrete_prediction		true					0.963307163905	0.0209187561238	0.0157740799711	q1			false	low	C1:structurally_heterogeneous;C2:single_representative;S:structurally_heterogeneous;O:missing_role_representative
N61	inclusive	200000	inclusive_SEG_037	51789125	55393543	238		no_unique_discrete_prediction		false					0.0411820062134	0.937792526912	0.0210254668749	q2			false	low	C1:structurally_heterogeneous;C2:structurally_heterogeneous;S:single_representative;O:single_representative
N62	inclusive	200000	inclusive_SEG_037	51789125	55393543	231		no_unique_discrete_prediction		false					0.979776599651	0.00807806253474	0.0121453378139	q1			false	low	C1:single_representative;C2:single_representative;S:structurally_heterogeneous;O:structurally_heterogeneous
Columbea	inclusive	200000	inclusive_SEG_038	55393544	55750019	29		no_unique_discrete_prediction		true					1	0	0	q1			false	limited	C1:structurally_heterogeneous;C2:single_representative;S:structurally_heterogeneous;O:missing_role_representative
N61	inclusive	200000	inclusive_SEG_038	55393544	55750019	30		no_unique_discrete_prediction		true					0.000534089405069	0.999465910595	0	q2			false	limited	C1:structurally_heterogeneous;C2:structurally_heterogeneous;S:single_representative;O:single_representative
N62	inclusive	200000	inclusive_SEG_038	55393544	55750019	29		no_unique_discrete_prediction		true					0.992796142203	0.00226053995233	0.00494331784503	q1			false	limited	C1:single_representative;C2:single_representative;S:structurally_heterogeneous;O:structurally_heterogeneous
Columbea	inclusive	200000	inclusive_SEG_039	55750020	56712451	59		no_unique_discrete_prediction		true					0.907721280603	0.0527306967985	0.0395480225989	q1			false	low	C1:structurally_heterogeneous;C2:single_representative;S:structurally_heterogeneous;O:missing_role_representative
N61	inclusive	200000	inclusive_SEG_039	55750020	56712451	59		no_unique_discrete_prediction		false					0.000217075757715	0.995544551014	0.00423837322859	q2			false	low	C1:structurally_heterogeneous;C2:structurally_heterogeneous;S:single_representative;O:single_representative
N62	inclusive	200000	inclusive_SEG_039	55750020	56712451	58		no_unique_discrete_prediction		true					0.985046488961	0.00874164129433	0.00621186974468	q1			false	low	C1:single_representative;C2:single_representative;S:structurally_heterogeneous;O:structurally_heterogeneous
Columbea	inclusive	200000	inclusive_SEG_040	56712452	57203613	42		no_unique_discrete_prediction		true					0.417012459258	0.281348341879	0.301639198863	q1			false	limited	C1:structurally_heterogeneous;C2:single_representative;S:resolved;O:missing_role_representative
N61	inclusive	200000	inclusive_SEG_040	56712452	57203613	42		no_unique_discrete_prediction		true					0.310936017502	0.448022112936	0.241041869561	q2			false	limited	C1:resolved;C2:structurally_heterogeneous;S:single_representative;O:single_representative
N62	inclusive	200000	inclusive_SEG_040	56712452	57203613	42		no_unique_discrete_prediction		true					0.433352635668	0.379538420523	0.18710894381	q1			false	limited	C1:single_representative;C2:single_representative;S:resolved;O:structurally_heterogeneous
Columbea	inclusive	200000	inclusive_SEG_041	57203614	58171516	66		no_unique_discrete_prediction		true					0.388376040624	0.33435569102	0.277268268356	q1			false	low	C1:structurally_heterogeneous;C2:single_representative;S:structurally_heterogeneous;O:missing_role_representative
N61	inclusive	200000	inclusive_SEG_041	57203614	58171516	68		no_unique_discrete_prediction		false					0.363876333197	0.344541215932	0.29158245087	q1			false	low	C1:structurally_heterogeneous;C2:structurally_heterogeneous;S:single_representative;O:single_representative
N62	inclusive	200000	inclusive_SEG_041	57203614	58171516	67		no_unique_discrete_prediction		false					0.349183119003	0.340442882248	0.310373998748	q1			false	low	C1:single_representative;C2:single_representative;S:structurally_heterogeneous;O:structurally_heterogeneous
Columbea	inclusive	200000	inclusive_SEG_042	58171517	59982754	137		no_unique_discrete_prediction		true					0.383554491666	0.31849883486	0.297946673474	q1			false	low	C1:structurally_heterogeneous;C2:single_representative;S:structurally_heterogeneous;O:missing_role_representative
N61	inclusive	200000	inclusive_SEG_042	58171517	59982754	138		no_unique_discrete_prediction		false					0.340898380581	0.318276431497	0.340825187922	q1			false	low	C1:structurally_heterogeneous;C2:structurally_heterogeneous;S:single_representative;O:single_representative
N62	inclusive	200000	inclusive_SEG_042	58171517	59982754	128		no_unique_discrete_prediction		false					0.369326664079	0.335013602468	0.295659733454	q1			false	low	C1:single_representative;C2:single_representative;S:structurally_heterogeneous;O:structurally_heterogeneous
Columbea	inclusive	200000	inclusive_SEG_043	59982755	61035423	54		no_unique_discrete_prediction		true					0.436009135984	0.253675795673	0.310315068343	q1			false	low	C1:structurally_heterogeneous;C2:single_representative;S:structurally_heterogeneous;O:missing_role_representative
N61	inclusive	200000	inclusive_SEG_043	59982755	61035423	54		no_unique_discrete_prediction		true					0.426550400702	0.273353902606	0.300095696692	q1			false	low	C1:structurally_heterogeneous;C2:structurally_heterogeneous;S:single_representative;O:single_representative
N62	inclusive	200000	inclusive_SEG_043	59982755	61035423	52		no_unique_discrete_prediction		true					0.358300290237	0.340363294359	0.301336415404	q1			false	low	C1:single_representative;C2:single_representative;S:structurally_heterogeneous;O:structurally_heterogeneous
Columbea	inclusive	200000	inclusive_SEG_044	61035424	91310470	2035		no_unique_discrete_prediction		true					0.347866307371	0.339923373956	0.312210318673	q1			false	high	C1:structurally_heterogeneous;C2:single_representative;S:resolved;O:missing_role_representative
N61	inclusive	200000	inclusive_SEG_044	61035424	91310470	2050		no_unique_discrete_prediction		false					0.357457355887	0.32202640509	0.320516239023	q1			false	high	C1:resolved;C2:structurally_heterogeneous;S:single_representative;O:single_representative
N62	inclusive	200000	inclusive_SEG_044	61035424	91310470	1995		no_unique_discrete_prediction		false					0.330288484998	0.344876265374	0.324835249629	q2			false	high	C1:single_representative;C2:single_representative;S:resolved;O:resolved
