clade	segment_id	structural_set	anchor_size	start	end	strict_pattern	predicted_discrete_topology	discrete_prediction_status	G1	G2	G3	predicted_generalized_topology	generalized_margin	prediction_stable_50_100_200kb	structural_confidence	role_status
Columbea	primary_SEG_001	primary	50000	1	1949860	unresolved/missing		no_unique_discrete_prediction						true	low	C1:structurally_heterogeneous;C2:single_representative;S:structurally_heterogeneous;O:missing_role_representative
N61	primary_SEG_001	primary	50000	1	1949860	unresolved/missing		no_unique_discrete_prediction						true	low	C1:structurally_heterogeneous;C2:structurally_heterogeneous;S:single_representative;O:single_representative
N62	primary_SEG_001	primary	50000	1	1949860	unresolved/missing		no_unique_discrete_prediction						true	low	C1:single_representative;C2:single_representative;S:structurally_heterogeneous;O:structurally_heterogeneous
Columbea	primary_SEG_002	primary	50000	1949861	9504880	unresolved/missing		no_unique_discrete_prediction						true	high	C1:structurally_heterogeneous;C2:single_representative;S:structurally_heterogeneous;O:missing_role_representative
N61	primary_SEG_002	primary	50000	1949861	9504880	unresolved/missing		no_unique_discrete_prediction	0.875557819142	-0.437217120297	-0.438340698845	q1	1.31277493944	false	high	C1:structurally_heterogeneous;C2:structurally_heterogeneous;S:single_representative;O:single_representative
N62	primary_SEG_002	primary	50000	1949861	9504880	unresolved/missing		no_unique_discrete_prediction	-0.11234109509	-0.109183872698	0.221524967788	q3	0.330708840486	false	high	C1:single_representative;C2:single_representative;S:structurally_heterogeneous;O:resolved
Columbea	primary_SEG_003	primary	50000	9504881	10974030	unresolved/missing		no_unique_discrete_prediction						true	high	C1:structurally_heterogeneous;C2:single_representative;S:structurally_heterogeneous;O:missing_role_representative
N61	primary_SEG_003	primary	50000	9504881	10974030	unresolved/missing		no_unique_discrete_prediction						true	high	C1:structurally_heterogeneous;C2:structurally_heterogeneous;S:single_representative;O:single_representative
N62	primary_SEG_003	primary	50000	9504881	10974030	unresolved/missing		no_unique_discrete_prediction						true	high	C1:single_representative;C2:single_representative;S:structurally_heterogeneous;O:resolved
Columbea	primary_SEG_004	primary	50000	10974031	19760078	unresolved/missing		no_unique_discrete_prediction						true	high	C1:structurally_heterogeneous;C2:single_representative;S:structurally_heterogeneous;O:missing_role_representative
N61	primary_SEG_004	primary	50000	10974031	19760078	unresolved/missing		no_unique_discrete_prediction	0.662247915634	-0.326452099482	-0.335795816153	q1	0.988700015116	false	high	C1:structurally_heterogeneous;C2:structurally_heterogeneous;S:single_representative;O:single_representative
N62	primary_SEG_004	primary	50000	10974031	19760078	unresolved/missing		no_unique_discrete_prediction	-0.214968896803	-0.265124340405	0.480093237207	q3	0.69506213401	false	high	C1:single_representative;C2:single_representative;S:structurally_heterogeneous;O:resolved
Columbea	primary_SEG_005	primary	50000	19760079	25213019	unresolved/missing		no_unique_discrete_prediction						true	high	C1:structurally_heterogeneous;C2:single_representative;S:structurally_heterogeneous;O:missing_role_representative
N61	primary_SEG_005	primary	50000	19760079	25213019	unresolved/missing		no_unique_discrete_prediction	-0.00555624930625	-7.21500721501e-05	0.0056283993784	q3	0.00570054945055	false	high	C1:structurally_heterogeneous;C2:structurally_heterogeneous;S:single_representative;O:single_representative
N62	primary_SEG_005	primary	50000	19760079	25213019	unresolved/missing		no_unique_discrete_prediction	3.83603324783e-06	-0.00325387439358	0.00325003836033	q3	0.00324620232708	false	high	C1:single_representative;C2:single_representative;S:structurally_heterogeneous;O:structurally_heterogeneous
Columbea	primary_SEG_006	primary	50000	25213020	25559087	unresolved/missing		no_unique_discrete_prediction						true	low	C1:structurally_heterogeneous;C2:single_representative;S:resolved;O:missing_role_representative
N61	primary_SEG_006	primary	50000	25213020	25559087	unresolved/missing		no_unique_discrete_prediction	0.05625	-0.021875	-0.034375	q1	0.078125	false	low	C1:resolved;C2:structurally_heterogeneous;S:single_representative;O:single_representative
N62	primary_SEG_006	primary	50000	25213020	25559087	3:1		no_unique_discrete_prediction	-0.0895833333333	0.129166666667	-0.0395833333333	q2	0.16875	false	low	C1:single_representative;C2:single_representative;S:resolved;O:resolved
Columbea	primary_SEG_007	primary	50000	25559088	33234049	unresolved/missing		no_unique_discrete_prediction						true	high	C1:structurally_heterogeneous;C2:single_representative;S:structurally_heterogeneous;O:missing_role_representative
N61	primary_SEG_007	primary	50000	25559088	33234049	unresolved/missing		no_unique_discrete_prediction	0.24641073836	-0.123821830943	-0.122588907417	q1	0.368999645777	true	high	C1:structurally_heterogeneous;C2:structurally_heterogeneous;S:single_representative;O:single_representative
N62	primary_SEG_007	primary	50000	25559088	33234049	unresolved/missing		no_unique_discrete_prediction	-0.246817762102	0.492332361793	-0.245514599691	q2	0.737846961483	false	high	C1:single_representative;C2:single_representative;S:structurally_heterogeneous;O:structurally_heterogeneous
Columbea	primary_SEG_008	primary	50000	33234050	34021640	unresolved/missing		no_unique_discrete_prediction						true	high	C1:structurally_heterogeneous;C2:single_representative;S:structurally_heterogeneous;O:missing_role_representative
N61	primary_SEG_008	primary	50000	33234050	34021640	unresolved/missing		no_unique_discrete_prediction	0.0200667388167	-0.00536616161616	-0.0147005772006	q1	0.0254329004329	false	high	C1:structurally_heterogeneous;C2:structurally_heterogeneous;S:single_representative;O:single_representative
N62	primary_SEG_008	primary	50000	33234050	34021640	unresolved/missing		no_unique_discrete_prediction	-0.00542027417027	0.00318362193362	0.00223665223665	q2	0.00094696969697	false	high	C1:single_representative;C2:single_representative;S:structurally_heterogeneous;O:structurally_heterogeneous
Columbea	primary_SEG_009	primary	50000	34021641	34232794	unresolved/missing		no_unique_discrete_prediction						true	low	C1:structurally_heterogeneous;C2:single_representative;S:structurally_heterogeneous;O:missing_role_representative
N61	primary_SEG_009	primary	50000	34021641	34232794	unresolved/missing		no_unique_discrete_prediction	0.125	-0.0625	-0.0625	q1	0.1875	true	low	C1:structurally_heterogeneous;C2:structurally_heterogeneous;S:single_representative;O:single_representative
N62	primary_SEG_009	primary	50000	34021641	34232794	unresolved/missing		no_unique_discrete_prediction	-0.125	-0.125	0.25	q3	0.375	true	low	C1:single_representative;C2:single_representative;S:structurally_heterogeneous;O:resolved
Columbea	primary_SEG_010	primary	50000	34232795	35025837	unresolved/missing		no_unique_discrete_prediction						true	high	C1:structurally_heterogeneous;C2:single_representative;S:structurally_heterogeneous;O:missing_role_representative
N61	primary_SEG_010	primary	50000	34232795	35025837	unresolved/missing		no_unique_discrete_prediction	0.077380952381	-0.0533482142857	-0.0240327380952	q1	0.101413690476	false	high	C1:structurally_heterogeneous;C2:structurally_heterogeneous;S:single_representative;O:single_representative
N62	primary_SEG_010	primary	50000	34232795	35025837	unresolved/missing		no_unique_discrete_prediction	0.122321428571	0.10193452381	-0.224255952381	q1	0.0203869047619	false	high	C1:single_representative;C2:single_representative;S:structurally_heterogeneous;O:structurally_heterogeneous
Columbea	primary_SEG_011	primary	50000	35025838	37255236	unresolved/missing		no_unique_discrete_prediction						true	high	C1:structurally_heterogeneous;C2:single_representative;S:resolved;O:missing_role_representative
N61	primary_SEG_011	primary	50000	35025838	37255236	unresolved/missing		no_unique_discrete_prediction	0.00437617937618	0.00678106615607	-0.0111572455322	q2	0.00240488677989	false	high	C1:resolved;C2:structurally_heterogeneous;S:single_representative;O:single_representative
N62	primary_SEG_011	primary	50000	35025838	37255236	2:1:1		no_unique_discrete_prediction	0.599646187146	-0.306137612388	-0.293508574759	q1	0.893154761905	false	high	C1:single_representative;C2:single_representative;S:resolved;O:resolved
Columbea	primary_SEG_012	primary	50000	37255237	39237022	unresolved/missing		no_unique_discrete_prediction						true	high	C1:structurally_heterogeneous;C2:single_representative;S:structurally_heterogeneous;O:missing_role_representative
N61	primary_SEG_012	primary	50000	37255237	39237022	unresolved/missing		no_unique_discrete_prediction	-0.248636779887	0.124009324009	0.124627455877	q3	0.000618131868132	false	high	C1:structurally_heterogeneous;C2:structurally_heterogeneous;S:single_representative;O:single_representative
N62	primary_SEG_012	primary	50000	37255237	39237022	unresolved/missing		no_unique_discrete_prediction	-0.248861555112	0.124958374958	0.123903180153	q2	0.00105519480519	false	high	C1:single_representative;C2:single_representative;S:structurally_heterogeneous;O:structurally_heterogeneous
Columbea	primary_SEG_013	primary	50000	39237023	42267292	unresolved/missing		no_unique_discrete_prediction						true	high	C1:structurally_heterogeneous;C2:single_representative;S:resolved;O:missing_role_representative
N61	primary_SEG_013	primary	50000	39237023	42267292	unresolved/missing		no_unique_discrete_prediction	0.00229113475534	0.00013604574605	-0.00242718050139	q1	0.00215508900929	false	high	C1:resolved;C2:structurally_heterogeneous;S:single_representative;O:single_representative
N62	primary_SEG_013	primary	50000	39237023	42267292	3:1		no_unique_discrete_prediction	-0.00189810673073	0.00438575549837	-0.00248764876764	q2	0.0062838622291	false	high	C1:single_representative;C2:single_representative;S:resolved;O:resolved
Columbea	primary_SEG_014	primary	50000	42267293	44647530	unresolved/missing		no_unique_discrete_prediction						true	high	C1:structurally_heterogeneous;C2:single_representative;S:structurally_heterogeneous;O:missing_role_representative
N61	primary_SEG_014	primary	50000	42267293	44647530	unresolved/missing		no_unique_discrete_prediction	-0.0178222818848	-0.00894444097569	0.0267667228605	q3	0.0357111638362	false	high	C1:resolved;C2:structurally_heterogeneous;S:single_representative;O:single_representative
N62	primary_SEG_014	primary	50000	42267293	44647530	unresolved/missing		no_unique_discrete_prediction	-0.00270233238983	-0.00423777611278	0.00694010850261	q3	0.00964244089244	false	high	C1:single_representative;C2:single_representative;S:resolved;O:structurally_heterogeneous
Columbea	primary_SEG_015	primary	50000	44647531	45658664	unresolved/missing		no_unique_discrete_prediction						true	low	C1:structurally_heterogeneous;C2:single_representative;S:structurally_heterogeneous;O:missing_role_representative
N61	primary_SEG_015	primary	50000	44647531	45658664	unresolved/missing		no_unique_discrete_prediction						true	low	C1:structurally_heterogeneous;C2:structurally_heterogeneous;S:single_representative;O:single_representative
N62	primary_SEG_015	primary	50000	44647531	45658664	unresolved/missing		no_unique_discrete_prediction						true	low	C1:single_representative;C2:single_representative;S:structurally_heterogeneous;O:structurally_heterogeneous
Columbea	primary_SEG_016	primary	50000	45658665	46422770	unresolved/missing		no_unique_discrete_prediction						true	low	C1:structurally_heterogeneous;C2:single_representative;S:structurally_heterogeneous;O:missing_role_representative
N61	primary_SEG_016	primary	50000	45658665	46422770	unresolved/missing		no_unique_discrete_prediction						true	low	C1:structurally_heterogeneous;C2:structurally_heterogeneous;S:single_representative;O:single_representative
N62	primary_SEG_016	primary	50000	45658665	46422770	unresolved/missing		no_unique_discrete_prediction						true	low	C1:single_representative;C2:single_representative;S:structurally_heterogeneous;O:structurally_heterogeneous
Columbea	primary_SEG_017	primary	50000	46422771	47143089	unresolved/missing		no_unique_discrete_prediction						true	low	C1:structurally_heterogeneous;C2:single_representative;S:structurally_heterogeneous;O:missing_role_representative
N61	primary_SEG_017	primary	50000	46422771	47143089	unresolved/missing		no_unique_discrete_prediction						true	low	C1:structurally_heterogeneous;C2:structurally_heterogeneous;S:single_representative;O:single_representative
N62	primary_SEG_017	primary	50000	46422771	47143089	unresolved/missing		no_unique_discrete_prediction						true	low	C1:single_representative;C2:single_representative;S:structurally_heterogeneous;O:structurally_heterogeneous
Columbea	primary_SEG_018	primary	50000	47143090	49159743	unresolved/missing		no_unique_discrete_prediction						true	high	C1:resolved;C2:single_representative;S:structurally_heterogeneous;O:missing_role_representative
N61	primary_SEG_018	primary	50000	47143090	49159743	unresolved/missing		no_unique_discrete_prediction	-0.474603174603	0.969593253968	-0.494990079365	q2	1.44419642857	false	high	C1:structurally_heterogeneous;C2:resolved;S:single_representative;O:single_representative
N62	primary_SEG_018	primary	50000	47143090	49159743	unresolved/missing		no_unique_discrete_prediction						true	high	C1:single_representative;C2:single_representative;S:structurally_heterogeneous;O:structurally_heterogeneous
Columbea	primary_SEG_019	primary	50000	49159744	49624080	unresolved/missing		no_unique_discrete_prediction						true	low	C1:structurally_heterogeneous;C2:single_representative;S:resolved;O:missing_role_representative
N61	primary_SEG_019	primary	50000	49159744	49624080	unresolved/missing		no_unique_discrete_prediction	0	0	0		0	false	low	C1:resolved;C2:structurally_heterogeneous;S:single_representative;O:single_representative
N62	primary_SEG_019	primary	50000	49159744	49624080	3:1		no_unique_discrete_prediction	0	0	0		0	true	low	C1:single_representative;C2:single_representative;S:resolved;O:resolved
Columbea	primary_SEG_020	primary	50000	49624081	50410378	unresolved/missing		no_unique_discrete_prediction						true	low	C1:structurally_heterogeneous;C2:single_representative;S:structurally_heterogeneous;O:missing_role_representative
N61	primary_SEG_020	primary	50000	49624081	50410378	unresolved/missing		no_unique_discrete_prediction						true	low	C1:resolved;C2:structurally_heterogeneous;S:single_representative;O:single_representative
N62	primary_SEG_020	primary	50000	49624081	50410378	unresolved/missing		no_unique_discrete_prediction						true	low	C1:single_representative;C2:single_representative;S:resolved;O:structurally_heterogeneous
Columbea	primary_SEG_021	primary	50000	50410379	50989362	unresolved/missing		no_unique_discrete_prediction						true	low	C1:structurally_heterogeneous;C2:single_representative;S:structurally_heterogeneous;O:missing_role_representative
N61	primary_SEG_021	primary	50000	50410379	50989362	unresolved/missing		no_unique_discrete_prediction						true	low	C1:structurally_heterogeneous;C2:structurally_heterogeneous;S:single_representative;O:single_representative
N62	primary_SEG_021	primary	50000	50410379	50989362	unresolved/missing		no_unique_discrete_prediction						true	low	C1:single_representative;C2:single_representative;S:structurally_heterogeneous;O:structurally_heterogeneous
Columbea	primary_SEG_022	primary	50000	50989363	51789124	unresolved/missing		no_unique_discrete_prediction						true	high	C1:structurally_heterogeneous;C2:single_representative;S:structurally_heterogeneous;O:missing_role_representative
N61	primary_SEG_022	primary	50000	50989363	51789124	unresolved/missing		no_unique_discrete_prediction	-0.470833333333	0.566666666667	-0.0958333333333	q2	0.6625	false	high	C1:structurally_heterogeneous;C2:structurally_heterogeneous;S:single_representative;O:single_representative
N62	primary_SEG_022	primary	50000	50989363	51789124	unresolved/missing		no_unique_discrete_prediction	0.0708333333333	0.283333333333	-0.354166666667	q2	0.2125	false	high	C1:single_representative;C2:single_representative;S:structurally_heterogeneous;O:structurally_heterogeneous
Columbea	primary_SEG_023	primary	50000	51789125	57203613	unresolved/missing		no_unique_discrete_prediction						true	high	C1:structurally_heterogeneous;C2:single_representative;S:structurally_heterogeneous;O:missing_role_representative
N61	primary_SEG_023	primary	50000	51789125	57203613	unresolved/missing		no_unique_discrete_prediction	0.235619632602	-0.11170769285	-0.123911939752	q1	0.347327325452	false	high	C1:structurally_heterogeneous;C2:structurally_heterogeneous;S:single_representative;O:single_representative
N62	primary_SEG_023	primary	50000	51789125	57203613	unresolved/missing		no_unique_discrete_prediction	-0.231712954989	0.472233840553	-0.240520885564	q2	0.703946795542	false	high	C1:single_representative;C2:single_representative;S:structurally_heterogeneous;O:resolved
Columbea	primary_SEG_024	primary	50000	57203614	58171516	unresolved/missing		no_unique_discrete_prediction						true	high	C1:structurally_heterogeneous;C2:single_representative;S:structurally_heterogeneous;O:missing_role_representative
N61	primary_SEG_024	primary	50000	57203614	58171516	unresolved/missing		no_unique_discrete_prediction	-0.030753968254	0.00257936507937	0.0281746031746	q3	0.0255952380952	false	high	C1:structurally_heterogeneous;C2:structurally_heterogeneous;S:single_representative;O:single_representative
N62	primary_SEG_024	primary	50000	57203614	58171516	unresolved/missing		no_unique_discrete_prediction	-0.258531746032	-0.10376984127	0.362301587302	q3	0.466071428571	false	high	C1:single_representative;C2:single_representative;S:structurally_heterogeneous;O:structurally_heterogeneous
Columbea	primary_SEG_025	primary	50000	58171517	59982754	unresolved/missing		no_unique_discrete_prediction						true	high	C1:structurally_heterogeneous;C2:single_representative;S:resolved;O:missing_role_representative
N61	primary_SEG_025	primary	50000	58171517	59982754	unresolved/missing		no_unique_discrete_prediction	0.00110271672772	0.00644268925519	-0.00754540598291	q2	0.00533997252747	false	high	C1:resolved;C2:structurally_heterogeneous;S:single_representative;O:single_representative
N62	primary_SEG_025	primary	50000	58171517	59982754	2:1:1		no_unique_discrete_prediction	0.86665521978	-0.465041208791	-0.401614010989	q1	1.26826923077	false	high	C1:single_representative;C2:single_representative;S:resolved;O:resolved
Columbea	primary_SEG_026	primary	50000	59982755	61035423	unresolved/missing		no_unique_discrete_prediction						true	low	C1:structurally_heterogeneous;C2:single_representative;S:structurally_heterogeneous;O:missing_role_representative
N61	primary_SEG_026	primary	50000	59982755	61035423	unresolved/missing		no_unique_discrete_prediction						true	low	C1:structurally_heterogeneous;C2:structurally_heterogeneous;S:single_representative;O:single_representative
N62	primary_SEG_026	primary	50000	59982755	61035423	unresolved/missing		no_unique_discrete_prediction						true	low	C1:single_representative;C2:single_representative;S:structurally_heterogeneous;O:structurally_heterogeneous
Columbea	primary_SEG_027	primary	50000	61035424	91310470	unresolved/missing		no_unique_discrete_prediction						true	high	C1:structurally_heterogeneous;C2:single_representative;S:structurally_heterogeneous;O:missing_role_representative
N61	primary_SEG_027	primary	50000	61035424	91310470	unresolved/missing		no_unique_discrete_prediction	0.00538490692864	-0.00225568706259	-0.00312921986605	q1	0.00764059399123	false	high	C1:structurally_heterogeneous;C2:structurally_heterogeneous;S:single_representative;O:single_representative
N62	primary_SEG_027	primary	50000	61035424	91310470	unresolved/missing		no_unique_discrete_prediction	-0.00424469268961	0.00462848334115	-0.000383790651535	q2	0.00501227399268	false	high	C1:single_representative;C2:single_representative;S:structurally_heterogeneous;O:structurally_heterogeneous
Columbea	primary_SEG_001	primary	100000	1	1949860	unresolved/missing		no_unique_discrete_prediction						true	low	C1:structurally_heterogeneous;C2:single_representative;S:structurally_heterogeneous;O:missing_role_representative
N61	primary_SEG_001	primary	100000	1	1949860	unresolved/missing		no_unique_discrete_prediction						true	low	C1:structurally_heterogeneous;C2:structurally_heterogeneous;S:single_representative;O:single_representative
N62	primary_SEG_001	primary	100000	1	1949860	unresolved/missing		no_unique_discrete_prediction						true	low	C1:single_representative;C2:single_representative;S:structurally_heterogeneous;O:structurally_heterogeneous
Columbea	primary_SEG_002	primary	100000	1949861	9504880	unresolved/missing		no_unique_discrete_prediction						true	high	C1:structurally_heterogeneous;C2:single_representative;S:structurally_heterogeneous;O:missing_role_representative
N61	primary_SEG_002	primary	100000	1949861	9504880	unresolved/missing		no_unique_discrete_prediction	0.92003968254	-0.465972222222	-0.454067460317	q1	1.37410714286	false	high	C1:resolved;C2:structurally_heterogeneous;S:single_representative;O:single_representative
N62	primary_SEG_002	primary	100000	1949861	9504880	2:1:1		no_unique_discrete_prediction	-0.0128246753247	-0.0793019480519	0.0921266233766	q3	0.104951298701	false	high	C1:single_representative;C2:single_representative;S:resolved;O:resolved
Columbea	primary_SEG_003	primary	100000	9504881	10974030	unresolved/missing		no_unique_discrete_prediction						true	low	C1:structurally_heterogeneous;C2:single_representative;S:structurally_heterogeneous;O:missing_role_representative
N61	primary_SEG_003	primary	100000	9504881	10974030	unresolved/missing		no_unique_discrete_prediction						true	low	C1:structurally_heterogeneous;C2:structurally_heterogeneous;S:single_representative;O:single_representative
N62	primary_SEG_003	primary	100000	9504881	10974030	unresolved/missing		no_unique_discrete_prediction						true	low	C1:single_representative;C2:single_representative;S:structurally_heterogeneous;O:structurally_heterogeneous
Columbea	primary_SEG_004	primary	100000	10974031	19760078	unresolved/missing		no_unique_discrete_prediction						true	high	C1:structurally_heterogeneous;C2:single_representative;S:structurally_heterogeneous;O:missing_role_representative
N61	primary_SEG_004	primary	100000	10974031	19760078	unresolved/missing		no_unique_discrete_prediction	0.716382922633	-0.363892010767	-0.352490911866	q1	1.0688738345	false	high	C1:structurally_heterogeneous;C2:structurally_heterogeneous;S:single_representative;O:single_representative
N62	primary_SEG_004	primary	100000	10974031	19760078	unresolved/missing		no_unique_discrete_prediction	-0.137234293484	-0.216717310467	0.353951603952	q3	0.491185897436	false	high	C1:single_representative;C2:single_representative;S:structurally_heterogeneous;O:resolved
Columbea	primary_SEG_005	primary	100000	19760079	25213019	unresolved/missing		no_unique_discrete_prediction						true	high	C1:structurally_heterogeneous;C2:single_representative;S:structurally_heterogeneous;O:missing_role_representative
N61	primary_SEG_005	primary	100000	19760079	25213019	unresolved/missing		no_unique_discrete_prediction	0.064880952381	-0.0431547619048	-0.0217261904762	q1	0.0866071428571	false	high	C1:resolved;C2:structurally_heterogeneous;S:single_representative;O:single_representative
N62	primary_SEG_005	primary	100000	19760079	25213019	unresolved/missing		no_unique_discrete_prediction	0.0136904761905	-0.0193452380952	0.00565476190476	q1	0.00803571428571	false	high	C1:single_representative;C2:single_representative;S:resolved;O:structurally_heterogeneous
Columbea	primary_SEG_006	primary	100000	25213020	25559087	unresolved/missing		no_unique_discrete_prediction						true	limited	C1:structurally_heterogeneous;C2:single_representative;S:structurally_heterogeneous;O:missing_role_representative
N61	primary_SEG_006	primary	100000	25213020	25559087	unresolved/missing		no_unique_discrete_prediction	0	0	0		0	false	limited	C1:structurally_heterogeneous;C2:structurally_heterogeneous;S:single_representative;O:single_representative
N62	primary_SEG_006	primary	100000	25213020	25559087	unresolved/missing		no_unique_discrete_prediction						false	limited	C1:single_representative;C2:single_representative;S:structurally_heterogeneous;O:resolved
Columbea	primary_SEG_007	primary	100000	25559088	33234049	unresolved/missing		no_unique_discrete_prediction						true	high	C1:structurally_heterogeneous;C2:single_representative;S:structurally_heterogeneous;O:missing_role_representative
N61	primary_SEG_007	primary	100000	25559088	33234049	unresolved/missing		no_unique_discrete_prediction	0.233529838217	-0.12458028083	-0.108949557387	q1	0.342479395604	true	high	C1:structurally_heterogeneous;C2:structurally_heterogeneous;S:single_representative;O:single_representative
N62	primary_SEG_007	primary	100000	25559088	33234049	unresolved/missing		no_unique_discrete_prediction	-0.233728250916	0.783828411172	-0.550100160256	q2	1.01755666209	false	high	C1:single_representative;C2:single_representative;S:structurally_heterogeneous;O:structurally_heterogeneous
Columbea	primary_SEG_008	primary	100000	33234050	34021640	unresolved/missing		no_unique_discrete_prediction						true	low	C1:structurally_heterogeneous;C2:single_representative;S:structurally_heterogeneous;O:missing_role_representative
N61	primary_SEG_008	primary	100000	33234050	34021640	unresolved/missing		no_unique_discrete_prediction	0.00610119047619	0.0650297619048	-0.071130952381	q2	0.0589285714286	false	low	C1:structurally_heterogeneous;C2:structurally_heterogeneous;S:single_representative;O:single_representative
N62	primary_SEG_008	primary	100000	33234050	34021640	unresolved/missing		no_unique_discrete_prediction	-0.0296130952381	0.0717261904762	-0.0421130952381	q2	0.101339285714	false	low	C1:single_representative;C2:single_representative;S:structurally_heterogeneous;O:structurally_heterogeneous
Columbea	primary_SEG_009	primary	100000	34021641	34232794	unresolved/missing		no_unique_discrete_prediction						true	limited	C1:structurally_heterogeneous;C2:single_representative;S:structurally_heterogeneous;O:missing_role_representative
N61	primary_SEG_009	primary	100000	34021641	34232794	unresolved/missing		no_unique_discrete_prediction	0.125	-0.0625	-0.0625	q1	0.1875	true	limited	C1:structurally_heterogeneous;C2:structurally_heterogeneous;S:single_representative;O:single_representative
N62	primary_SEG_009	primary	100000	34021641	34232794	unresolved/missing		no_unique_discrete_prediction	-0.125	-0.125	0.25	q3	0.375	true	limited	C1:single_representative;C2:single_representative;S:structurally_heterogeneous;O:resolved
Columbea	primary_SEG_010	primary	100000	34232795	35025837	unresolved/missing		no_unique_discrete_prediction						true	low	C1:structurally_heterogeneous;C2:single_representative;S:structurally_heterogeneous;O:missing_role_representative
N61	primary_SEG_010	primary	100000	34232795	35025837	unresolved/missing		no_unique_discrete_prediction						false	low	C1:structurally_heterogeneous;C2:structurally_heterogeneous;S:single_representative;O:single_representative
N62	primary_SEG_010	primary	100000	34232795	35025837	unresolved/missing		no_unique_discrete_prediction						false	low	C1:single_representative;C2:single_representative;S:structurally_heterogeneous;O:structurally_heterogeneous
Columbea	primary_SEG_011	primary	100000	35025838	37255236	unresolved/missing		no_unique_discrete_prediction						true	high	C1:structurally_heterogeneous;C2:single_representative;S:structurally_heterogeneous;O:missing_role_representative
N61	primary_SEG_011	primary	100000	35025838	37255236	unresolved/missing		no_unique_discrete_prediction						false	high	C1:structurally_heterogeneous;C2:structurally_heterogeneous;S:single_representative;O:single_representative
N62	primary_SEG_011	primary	100000	35025838	37255236	unresolved/missing		no_unique_discrete_prediction						false	high	C1:single_representative;C2:single_representative;S:structurally_heterogeneous;O:resolved
Columbea	primary_SEG_012	primary	100000	37255237	39237022	unresolved/missing		no_unique_discrete_prediction						true	low	C1:structurally_heterogeneous;C2:single_representative;S:structurally_heterogeneous;O:missing_role_representative
N61	primary_SEG_012	primary	100000	37255237	39237022	unresolved/missing		no_unique_discrete_prediction						false	low	C1:structurally_heterogeneous;C2:structurally_heterogeneous;S:single_representative;O:single_representative
N62	primary_SEG_012	primary	100000	37255237	39237022	unresolved/missing		no_unique_discrete_prediction						false	low	C1:single_representative;C2:single_representative;S:structurally_heterogeneous;O:structurally_heterogeneous
Columbea	primary_SEG_013	primary	100000	39237023	42267292	unresolved/missing		no_unique_discrete_prediction						true	low	C1:structurally_heterogeneous;C2:single_representative;S:structurally_heterogeneous;O:missing_role_representative
N61	primary_SEG_013	primary	100000	39237023	42267292	unresolved/missing		no_unique_discrete_prediction	-0.122916666667	0.239583333333	-0.116666666667	q2	0.35625	false	low	C1:structurally_heterogeneous;C2:structurally_heterogeneous;S:single_representative;O:single_representative
N62	primary_SEG_013	primary	100000	39237023	42267292	unresolved/missing		no_unique_discrete_prediction	-0.00416666666667	-0.00416666666667	0.00833333333333	q3	0.0125	false	low	C1:single_representative;C2:single_representative;S:structurally_heterogeneous;O:resolved
Columbea	primary_SEG_014	primary	100000	42267293	44647530	unresolved/missing		no_unique_discrete_prediction						true	low	C1:structurally_heterogeneous;C2:single_representative;S:structurally_heterogeneous;O:missing_role_representative
N61	primary_SEG_014	primary	100000	42267293	44647530	unresolved/missing		no_unique_discrete_prediction						false	low	C1:structurally_heterogeneous;C2:structurally_heterogeneous;S:single_representative;O:single_representative
N62	primary_SEG_014	primary	100000	42267293	44647530	unresolved/missing		no_unique_discrete_prediction						false	low	C1:single_representative;C2:single_representative;S:structurally_heterogeneous;O:structurally_heterogeneous
Columbea	primary_SEG_015	primary	100000	44647531	45658664	unresolved/missing		no_unique_discrete_prediction						true	low	C1:structurally_heterogeneous;C2:single_representative;S:structurally_heterogeneous;O:missing_role_representative
N61	primary_SEG_015	primary	100000	44647531	45658664	unresolved/missing		no_unique_discrete_prediction						true	low	C1:structurally_heterogeneous;C2:structurally_heterogeneous;S:single_representative;O:single_representative
N62	primary_SEG_015	primary	100000	44647531	45658664	unresolved/missing		no_unique_discrete_prediction						true	low	C1:single_representative;C2:single_representative;S:structurally_heterogeneous;O:structurally_heterogeneous
Columbea	primary_SEG_016	primary	100000	45658665	46422770	unresolved/missing		no_unique_discrete_prediction						true	low	C1:structurally_heterogeneous;C2:single_representative;S:structurally_heterogeneous;O:missing_role_representative
N61	primary_SEG_016	primary	100000	45658665	46422770	unresolved/missing		no_unique_discrete_prediction						true	low	C1:structurally_heterogeneous;C2:structurally_heterogeneous;S:single_representative;O:single_representative
N62	primary_SEG_016	primary	100000	45658665	46422770	unresolved/missing		no_unique_discrete_prediction						true	low	C1:single_representative;C2:single_representative;S:structurally_heterogeneous;O:structurally_heterogeneous
Columbea	primary_SEG_017	primary	100000	46422771	47143089	unresolved/missing		no_unique_discrete_prediction						true	low	C1:structurally_heterogeneous;C2:single_representative;S:structurally_heterogeneous;O:missing_role_representative
N61	primary_SEG_017	primary	100000	46422771	47143089	unresolved/missing		no_unique_discrete_prediction						true	low	C1:structurally_heterogeneous;C2:structurally_heterogeneous;S:single_representative;O:single_representative
N62	primary_SEG_017	primary	100000	46422771	47143089	unresolved/missing		no_unique_discrete_prediction						true	low	C1:single_representative;C2:single_representative;S:structurally_heterogeneous;O:structurally_heterogeneous
Columbea	primary_SEG_018	primary	100000	47143090	49159743	unresolved/missing		no_unique_discrete_prediction						true	low	C1:structurally_heterogeneous;C2:single_representative;S:structurally_heterogeneous;O:missing_role_representative
N61	primary_SEG_018	primary	100000	47143090	49159743	unresolved/missing		no_unique_discrete_prediction						false	low	C1:structurally_heterogeneous;C2:structurally_heterogeneous;S:single_representative;O:single_representative
N62	primary_SEG_018	primary	100000	47143090	49159743	unresolved/missing		no_unique_discrete_prediction						true	low	C1:single_representative;C2:single_representative;S:structurally_heterogeneous;O:structurally_heterogeneous
Columbea	primary_SEG_019	primary	100000	49159744	49624080	unresolved/missing		no_unique_discrete_prediction						true	low	C1:structurally_heterogeneous;C2:single_representative;S:resolved;O:missing_role_representative
N61	primary_SEG_019	primary	100000	49159744	49624080	unresolved/missing		no_unique_discrete_prediction	0.0416666666667	-0.0208333333333	-0.0208333333333	q1	0.0625	false	low	C1:resolved;C2:structurally_heterogeneous;S:single_representative;O:single_representative
N62	primary_SEG_019	primary	100000	49159744	49624080	3:1		no_unique_discrete_prediction	0	0	0		0	true	low	C1:single_representative;C2:single_representative;S:resolved;O:resolved
Columbea	primary_SEG_020	primary	100000	49624081	50410378	unresolved/missing		no_unique_discrete_prediction						true	low	C1:structurally_heterogeneous;C2:single_representative;S:structurally_heterogeneous;O:missing_role_representative
N61	primary_SEG_020	primary	100000	49624081	50410378	unresolved/missing		no_unique_discrete_prediction						true	low	C1:structurally_heterogeneous;C2:structurally_heterogeneous;S:single_representative;O:single_representative
N62	primary_SEG_020	primary	100000	49624081	50410378	unresolved/missing		no_unique_discrete_prediction						true	low	C1:single_representative;C2:single_representative;S:structurally_heterogeneous;O:structurally_heterogeneous
Columbea	primary_SEG_021	primary	100000	50410379	50989362	unresolved/missing		no_unique_discrete_prediction						true	low	C1:structurally_heterogeneous;C2:single_representative;S:structurally_heterogeneous;O:missing_role_representative
N61	primary_SEG_021	primary	100000	50410379	50989362	unresolved/missing		no_unique_discrete_prediction						true	low	C1:structurally_heterogeneous;C2:structurally_heterogeneous;S:single_representative;O:single_representative
N62	primary_SEG_021	primary	100000	50410379	50989362	unresolved/missing		no_unique_discrete_prediction						true	low	C1:single_representative;C2:single_representative;S:structurally_heterogeneous;O:structurally_heterogeneous
Columbea	primary_SEG_022	primary	100000	50989363	51789124	unresolved/missing		no_unique_discrete_prediction						true	low	C1:structurally_heterogeneous;C2:single_representative;S:structurally_heterogeneous;O:missing_role_representative
N61	primary_SEG_022	primary	100000	50989363	51789124	unresolved/missing		no_unique_discrete_prediction						false	low	C1:structurally_heterogeneous;C2:structurally_heterogeneous;S:single_representative;O:single_representative
N62	primary_SEG_022	primary	100000	50989363	51789124	unresolved/missing		no_unique_discrete_prediction						false	low	C1:single_representative;C2:single_representative;S:structurally_heterogeneous;O:structurally_heterogeneous
Columbea	primary_SEG_023	primary	100000	51789125	57203613	unresolved/missing		no_unique_discrete_prediction						true	high	C1:structurally_heterogeneous;C2:single_representative;S:structurally_heterogeneous;O:missing_role_representative
N61	primary_SEG_023	primary	100000	51789125	57203613	unresolved/missing		no_unique_discrete_prediction	0.138624338624	-0.0550264550265	-0.0835978835979	q1	0.193650793651	false	high	C1:structurally_heterogeneous;C2:structurally_heterogeneous;S:single_representative;O:single_representative
N62	primary_SEG_023	primary	100000	51789125	57203613	unresolved/missing		no_unique_discrete_prediction	-0.0906746031746	0.197420634921	-0.106746031746	q2	0.288095238095	false	high	C1:single_representative;C2:single_representative;S:structurally_heterogeneous;O:resolved
Columbea	primary_SEG_024	primary	100000	57203614	58171516	unresolved/missing		no_unique_discrete_prediction						true	low	C1:structurally_heterogeneous;C2:single_representative;S:structurally_heterogeneous;O:missing_role_representative
N61	primary_SEG_024	primary	100000	57203614	58171516	unresolved/missing		no_unique_discrete_prediction						false	low	C1:structurally_heterogeneous;C2:structurally_heterogeneous;S:single_representative;O:single_representative
N62	primary_SEG_024	primary	100000	57203614	58171516	unresolved/missing		no_unique_discrete_prediction						false	low	C1:single_representative;C2:single_representative;S:structurally_heterogeneous;O:structurally_heterogeneous
Columbea	primary_SEG_025	primary	100000	58171517	59982754	unresolved/missing		no_unique_discrete_prediction						true	low	C1:structurally_heterogeneous;C2:single_representative;S:structurally_heterogeneous;O:missing_role_representative
N61	primary_SEG_025	primary	100000	58171517	59982754	unresolved/missing		no_unique_discrete_prediction						false	low	C1:structurally_heterogeneous;C2:structurally_heterogeneous;S:single_representative;O:single_representative
N62	primary_SEG_025	primary	100000	58171517	59982754	unresolved/missing		no_unique_discrete_prediction						false	low	C1:single_representative;C2:single_representative;S:structurally_heterogeneous;O:structurally_heterogeneous
Columbea	primary_SEG_026	primary	100000	59982755	61035423	unresolved/missing		no_unique_discrete_prediction						true	low	C1:structurally_heterogeneous;C2:single_representative;S:structurally_heterogeneous;O:missing_role_representative
N61	primary_SEG_026	primary	100000	59982755	61035423	unresolved/missing		no_unique_discrete_prediction						true	low	C1:structurally_heterogeneous;C2:structurally_heterogeneous;S:single_representative;O:single_representative
N62	primary_SEG_026	primary	100000	59982755	61035423	unresolved/missing		no_unique_discrete_prediction						true	low	C1:single_representative;C2:single_representative;S:structurally_heterogeneous;O:structurally_heterogeneous
Columbea	primary_SEG_027	primary	100000	61035424	91310470	unresolved/missing		no_unique_discrete_prediction						true	high	C1:structurally_heterogeneous;C2:single_representative;S:structurally_heterogeneous;O:missing_role_representative
N61	primary_SEG_027	primary	100000	61035424	91310470	unresolved/missing		no_unique_discrete_prediction	0.00475344697181	-0.000916820963025	-0.00383662600879	q1	0.00567026793484	false	high	C1:structurally_heterogeneous;C2:structurally_heterogeneous;S:single_representative;O:single_representative
N62	primary_SEG_027	primary	100000	61035424	91310470	unresolved/missing		no_unique_discrete_prediction	-0.00029120451515	0.00214818527239	-0.00185698075724	q2	0.00243938978754	false	high	C1:single_representative;C2:single_representative;S:structurally_heterogeneous;O:structurally_heterogeneous
Columbea	primary_SEG_001	primary	200000	1	1949860	unresolved/missing		no_unique_discrete_prediction						true	low	C1:structurally_heterogeneous;C2:single_representative;S:structurally_heterogeneous;O:missing_role_representative
N61	primary_SEG_001	primary	200000	1	1949860	unresolved/missing		no_unique_discrete_prediction						true	low	C1:structurally_heterogeneous;C2:structurally_heterogeneous;S:single_representative;O:single_representative
N62	primary_SEG_001	primary	200000	1	1949860	unresolved/missing		no_unique_discrete_prediction						true	low	C1:single_representative;C2:single_representative;S:structurally_heterogeneous;O:structurally_heterogeneous
Columbea	primary_SEG_002	primary	200000	1949861	9504880	unresolved/missing		no_unique_discrete_prediction						true	low	C1:resolved;C2:single_representative;S:structurally_heterogeneous;O:missing_role_representative
N61	primary_SEG_002	primary	200000	1949861	9504880	unresolved/missing		no_unique_discrete_prediction						false	low	C1:structurally_heterogeneous;C2:resolved;S:single_representative;O:single_representative
N62	primary_SEG_002	primary	200000	1949861	9504880	unresolved/missing		no_unique_discrete_prediction						false	low	C1:single_representative;C2:single_representative;S:structurally_heterogeneous;O:structurally_heterogeneous
Columbea	primary_SEG_003	primary	200000	9504881	10974030	unresolved/missing		no_unique_discrete_prediction						true	low	C1:structurally_heterogeneous;C2:single_representative;S:structurally_heterogeneous;O:missing_role_representative
N61	primary_SEG_003	primary	200000	9504881	10974030	unresolved/missing		no_unique_discrete_prediction						true	low	C1:structurally_heterogeneous;C2:structurally_heterogeneous;S:single_representative;O:single_representative
N62	primary_SEG_003	primary	200000	9504881	10974030	unresolved/missing		no_unique_discrete_prediction						true	low	C1:single_representative;C2:single_representative;S:structurally_heterogeneous;O:structurally_heterogeneous
Columbea	primary_SEG_004	primary	200000	10974031	19760078	unresolved/missing		no_unique_discrete_prediction						true	high	C1:structurally_heterogeneous;C2:single_representative;S:structurally_heterogeneous;O:missing_role_representative
N61	primary_SEG_004	primary	200000	10974031	19760078	unresolved/missing		no_unique_discrete_prediction						false	high	C1:structurally_heterogeneous;C2:structurally_heterogeneous;S:single_representative;O:single_representative
N62	primary_SEG_004	primary	200000	10974031	19760078	unresolved/missing		no_unique_discrete_prediction						false	high	C1:single_representative;C2:single_representative;S:structurally_heterogeneous;O:resolved
Columbea	primary_SEG_005	primary	200000	19760079	25213019	unresolved/missing		no_unique_discrete_prediction						true	low	C1:structurally_heterogeneous;C2:single_representative;S:structurally_heterogeneous;O:missing_role_representative
N61	primary_SEG_005	primary	200000	19760079	25213019	unresolved/missing		no_unique_discrete_prediction						false	low	C1:structurally_heterogeneous;C2:structurally_heterogeneous;S:single_representative;O:single_representative
N62	primary_SEG_005	primary	200000	19760079	25213019	unresolved/missing		no_unique_discrete_prediction						false	low	C1:single_representative;C2:single_representative;S:structurally_heterogeneous;O:structurally_heterogeneous
Columbea	primary_SEG_006	primary	200000	25213020	25559087	unresolved/missing		no_unique_discrete_prediction						true	limited	C1:structurally_heterogeneous;C2:single_representative;S:structurally_heterogeneous;O:missing_role_representative
N61	primary_SEG_006	primary	200000	25213020	25559087	unresolved/missing		no_unique_discrete_prediction	0	0	0		0	false	limited	C1:structurally_heterogeneous;C2:structurally_heterogeneous;S:single_representative;O:single_representative
N62	primary_SEG_006	primary	200000	25213020	25559087	unresolved/missing		no_unique_discrete_prediction						false	limited	C1:single_representative;C2:single_representative;S:structurally_heterogeneous;O:resolved
Columbea	primary_SEG_007	primary	200000	25559088	33234049	unresolved/missing		no_unique_discrete_prediction						true	low	C1:structurally_heterogeneous;C2:single_representative;S:structurally_heterogeneous;O:missing_role_representative
N61	primary_SEG_007	primary	200000	25559088	33234049	unresolved/missing		no_unique_discrete_prediction	0.0553571428571	-0.0642857142857	0.00892857142857	q1	0.0464285714286	true	low	C1:structurally_heterogeneous;C2:structurally_heterogeneous;S:single_representative;O:single_representative
N62	primary_SEG_007	primary	200000	25559088	33234049	unresolved/missing		no_unique_discrete_prediction						false	low	C1:single_representative;C2:single_representative;S:structurally_heterogeneous;O:structurally_heterogeneous
Columbea	primary_SEG_008	primary	200000	33234050	34021640	unresolved/missing		no_unique_discrete_prediction						true	limited	C1:structurally_heterogeneous;C2:single_representative;S:structurally_heterogeneous;O:missing_role_representative
N61	primary_SEG_008	primary	200000	33234050	34021640	unresolved/missing		no_unique_discrete_prediction						false	limited	C1:structurally_heterogeneous;C2:structurally_heterogeneous;S:single_representative;O:single_representative
N62	primary_SEG_008	primary	200000	33234050	34021640	unresolved/missing		no_unique_discrete_prediction						false	limited	C1:single_representative;C2:single_representative;S:structurally_heterogeneous;O:structurally_heterogeneous
Columbea	primary_SEG_009	primary	200000	34021641	34232794	unresolved/missing		no_unique_discrete_prediction						true	limited	C1:structurally_heterogeneous;C2:single_representative;S:structurally_heterogeneous;O:missing_role_representative
N61	primary_SEG_009	primary	200000	34021641	34232794	unresolved/missing		no_unique_discrete_prediction	0.125	-0.0625	-0.0625	q1	0.1875	true	limited	C1:structurally_heterogeneous;C2:structurally_heterogeneous;S:single_representative;O:single_representative
N62	primary_SEG_009	primary	200000	34021641	34232794	unresolved/missing		no_unique_discrete_prediction	-0.125	-0.125	0.25	q3	0.375	true	limited	C1:single_representative;C2:single_representative;S:structurally_heterogeneous;O:resolved
Columbea	primary_SEG_010	primary	200000	34232795	35025837	unresolved/missing		no_unique_discrete_prediction						true	limited	C1:structurally_heterogeneous;C2:single_representative;S:structurally_heterogeneous;O:missing_role_representative
N61	primary_SEG_010	primary	200000	34232795	35025837	unresolved/missing		no_unique_discrete_prediction						false	limited	C1:structurally_heterogeneous;C2:structurally_heterogeneous;S:single_representative;O:single_representative
N62	primary_SEG_010	primary	200000	34232795	35025837	unresolved/missing		no_unique_discrete_prediction						false	limited	C1:single_representative;C2:single_representative;S:structurally_heterogeneous;O:structurally_heterogeneous
Columbea	primary_SEG_011	primary	200000	35025838	37255236	unresolved/missing		no_unique_discrete_prediction						true	low	C1:structurally_heterogeneous;C2:single_representative;S:structurally_heterogeneous;O:missing_role_representative
N61	primary_SEG_011	primary	200000	35025838	37255236	unresolved/missing		no_unique_discrete_prediction						false	low	C1:structurally_heterogeneous;C2:structurally_heterogeneous;S:single_representative;O:single_representative
N62	primary_SEG_011	primary	200000	35025838	37255236	unresolved/missing		no_unique_discrete_prediction						false	low	C1:single_representative;C2:single_representative;S:structurally_heterogeneous;O:structurally_heterogeneous
Columbea	primary_SEG_012	primary	200000	37255237	39237022	unresolved/missing		no_unique_discrete_prediction						true	low	C1:structurally_heterogeneous;C2:single_representative;S:structurally_heterogeneous;O:missing_role_representative
N61	primary_SEG_012	primary	200000	37255237	39237022	unresolved/missing		no_unique_discrete_prediction						false	low	C1:structurally_heterogeneous;C2:structurally_heterogeneous;S:single_representative;O:single_representative
N62	primary_SEG_012	primary	200000	37255237	39237022	unresolved/missing		no_unique_discrete_prediction						false	low	C1:single_representative;C2:single_representative;S:structurally_heterogeneous;O:structurally_heterogeneous
Columbea	primary_SEG_013	primary	200000	39237023	42267292	unresolved/missing		no_unique_discrete_prediction						true	low	C1:structurally_heterogeneous;C2:single_representative;S:structurally_heterogeneous;O:missing_role_representative
N61	primary_SEG_013	primary	200000	39237023	42267292	unresolved/missing		no_unique_discrete_prediction						false	low	C1:structurally_heterogeneous;C2:structurally_heterogeneous;S:single_representative;O:single_representative
N62	primary_SEG_013	primary	200000	39237023	42267292	unresolved/missing		no_unique_discrete_prediction						false	low	C1:single_representative;C2:single_representative;S:structurally_heterogeneous;O:structurally_heterogeneous
Columbea	primary_SEG_014	primary	200000	42267293	44647530	unresolved/missing		no_unique_discrete_prediction						true	low	C1:structurally_heterogeneous;C2:single_representative;S:structurally_heterogeneous;O:missing_role_representative
N61	primary_SEG_014	primary	200000	42267293	44647530	unresolved/missing		no_unique_discrete_prediction						false	low	C1:structurally_heterogeneous;C2:structurally_heterogeneous;S:single_representative;O:single_representative
N62	primary_SEG_014	primary	200000	42267293	44647530	unresolved/missing		no_unique_discrete_prediction						false	low	C1:single_representative;C2:single_representative;S:structurally_heterogeneous;O:structurally_heterogeneous
Columbea	primary_SEG_015	primary	200000	44647531	45658664	unresolved/missing		no_unique_discrete_prediction						true	low	C1:structurally_heterogeneous;C2:single_representative;S:structurally_heterogeneous;O:missing_role_representative
N61	primary_SEG_015	primary	200000	44647531	45658664	unresolved/missing		no_unique_discrete_prediction						true	low	C1:structurally_heterogeneous;C2:structurally_heterogeneous;S:single_representative;O:single_representative
N62	primary_SEG_015	primary	200000	44647531	45658664	unresolved/missing		no_unique_discrete_prediction						true	low	C1:single_representative;C2:single_representative;S:structurally_heterogeneous;O:structurally_heterogeneous
Columbea	primary_SEG_016	primary	200000	45658665	46422770	unresolved/missing		no_unique_discrete_prediction						true	limited	C1:structurally_heterogeneous;C2:single_representative;S:structurally_heterogeneous;O:missing_role_representative
N61	primary_SEG_016	primary	200000	45658665	46422770	unresolved/missing		no_unique_discrete_prediction						true	limited	C1:structurally_heterogeneous;C2:structurally_heterogeneous;S:single_representative;O:single_representative
N62	primary_SEG_016	primary	200000	45658665	46422770	unresolved/missing		no_unique_discrete_prediction						true	limited	C1:single_representative;C2:single_representative;S:structurally_heterogeneous;O:structurally_heterogeneous
Columbea	primary_SEG_017	primary	200000	46422771	47143089	unresolved/missing		no_unique_discrete_prediction						true	limited	C1:structurally_heterogeneous;C2:single_representative;S:structurally_heterogeneous;O:missing_role_representative
N61	primary_SEG_017	primary	200000	46422771	47143089	unresolved/missing		no_unique_discrete_prediction						true	limited	C1:structurally_heterogeneous;C2:structurally_heterogeneous;S:single_representative;O:single_representative
N62	primary_SEG_017	primary	200000	46422771	47143089	unresolved/missing		no_unique_discrete_prediction						true	limited	C1:single_representative;C2:single_representative;S:structurally_heterogeneous;O:structurally_heterogeneous
Columbea	primary_SEG_018	primary	200000	47143090	49159743	unresolved/missing		no_unique_discrete_prediction						true	low	C1:structurally_heterogeneous;C2:single_representative;S:structurally_heterogeneous;O:missing_role_representative
N61	primary_SEG_018	primary	200000	47143090	49159743	unresolved/missing		no_unique_discrete_prediction						false	low	C1:structurally_heterogeneous;C2:structurally_heterogeneous;S:single_representative;O:single_representative
N62	primary_SEG_018	primary	200000	47143090	49159743	unresolved/missing		no_unique_discrete_prediction						true	low	C1:single_representative;C2:single_representative;S:structurally_heterogeneous;O:structurally_heterogeneous
Columbea	primary_SEG_019	primary	200000	49159744	49624080	unresolved/missing		no_unique_discrete_prediction						true	limited	C1:structurally_heterogeneous;C2:single_representative;S:resolved;O:missing_role_representative
N61	primary_SEG_019	primary	200000	49159744	49624080	unresolved/missing		no_unique_discrete_prediction	0	0	0		0	false	limited	C1:resolved;C2:structurally_heterogeneous;S:single_representative;O:single_representative
N62	primary_SEG_019	primary	200000	49159744	49624080	3:1		no_unique_discrete_prediction						true	limited	C1:single_representative;C2:single_representative;S:resolved;O:resolved
Columbea	primary_SEG_020	primary	200000	49624081	50410378	unresolved/missing		no_unique_discrete_prediction						true	limited	C1:structurally_heterogeneous;C2:single_representative;S:structurally_heterogeneous;O:missing_role_representative
N61	primary_SEG_020	primary	200000	49624081	50410378	unresolved/missing		no_unique_discrete_prediction						true	limited	C1:structurally_heterogeneous;C2:structurally_heterogeneous;S:single_representative;O:single_representative
N62	primary_SEG_020	primary	200000	49624081	50410378	unresolved/missing		no_unique_discrete_prediction						true	limited	C1:single_representative;C2:single_representative;S:structurally_heterogeneous;O:structurally_heterogeneous
Columbea	primary_SEG_021	primary	200000	50410379	50989362	unresolved/missing		no_unique_discrete_prediction						true	limited	C1:structurally_heterogeneous;C2:single_representative;S:structurally_heterogeneous;O:missing_role_representative
N61	primary_SEG_021	primary	200000	50410379	50989362	unresolved/missing		no_unique_discrete_prediction						true	limited	C1:structurally_heterogeneous;C2:structurally_heterogeneous;S:single_representative;O:single_representative
N62	primary_SEG_021	primary	200000	50410379	50989362	unresolved/missing		no_unique_discrete_prediction						true	limited	C1:single_representative;C2:single_representative;S:structurally_heterogeneous;O:structurally_heterogeneous
Columbea	primary_SEG_022	primary	200000	50989363	51789124	unresolved/missing		no_unique_discrete_prediction						true	limited	C1:structurally_heterogeneous;C2:single_representative;S:structurally_heterogeneous;O:missing_role_representative
N61	primary_SEG_022	primary	200000	50989363	51789124	unresolved/missing		no_unique_discrete_prediction						false	limited	C1:structurally_heterogeneous;C2:structurally_heterogeneous;S:single_representative;O:single_representative
N62	primary_SEG_022	primary	200000	50989363	51789124	unresolved/missing		no_unique_discrete_prediction						false	limited	C1:single_representative;C2:single_representative;S:structurally_heterogeneous;O:structurally_heterogeneous
Columbea	primary_SEG_023	primary	200000	51789125	57203613	unresolved/missing		no_unique_discrete_prediction						true	low	C1:structurally_heterogeneous;C2:single_representative;S:structurally_heterogeneous;O:missing_role_representative
N61	primary_SEG_023	primary	200000	51789125	57203613	unresolved/missing		no_unique_discrete_prediction						false	low	C1:structurally_heterogeneous;C2:structurally_heterogeneous;S:single_representative;O:single_representative
N62	primary_SEG_023	primary	200000	51789125	57203613	unresolved/missing		no_unique_discrete_prediction						false	low	C1:single_representative;C2:single_representative;S:structurally_heterogeneous;O:structurally_heterogeneous
Columbea	primary_SEG_024	primary	200000	57203614	58171516	unresolved/missing		no_unique_discrete_prediction						true	low	C1:structurally_heterogeneous;C2:single_representative;S:structurally_heterogeneous;O:missing_role_representative
N61	primary_SEG_024	primary	200000	57203614	58171516	unresolved/missing		no_unique_discrete_prediction						false	low	C1:structurally_heterogeneous;C2:structurally_heterogeneous;S:single_representative;O:single_representative
N62	primary_SEG_024	primary	200000	57203614	58171516	unresolved/missing		no_unique_discrete_prediction						false	low	C1:single_representative;C2:single_representative;S:structurally_heterogeneous;O:structurally_heterogeneous
Columbea	primary_SEG_025	primary	200000	58171517	59982754	unresolved/missing		no_unique_discrete_prediction						true	low	C1:structurally_heterogeneous;C2:single_representative;S:structurally_heterogeneous;O:missing_role_representative
N61	primary_SEG_025	primary	200000	58171517	59982754	unresolved/missing		no_unique_discrete_prediction						false	low	C1:structurally_heterogeneous;C2:structurally_heterogeneous;S:single_representative;O:single_representative
N62	primary_SEG_025	primary	200000	58171517	59982754	unresolved/missing		no_unique_discrete_prediction						false	low	C1:single_representative;C2:single_representative;S:structurally_heterogeneous;O:structurally_heterogeneous
Columbea	primary_SEG_026	primary	200000	59982755	61035423	unresolved/missing		no_unique_discrete_prediction						true	low	C1:structurally_heterogeneous;C2:single_representative;S:structurally_heterogeneous;O:missing_role_representative
N61	primary_SEG_026	primary	200000	59982755	61035423	unresolved/missing		no_unique_discrete_prediction						true	low	C1:structurally_heterogeneous;C2:structurally_heterogeneous;S:single_representative;O:single_representative
N62	primary_SEG_026	primary	200000	59982755	61035423	unresolved/missing		no_unique_discrete_prediction						true	low	C1:single_representative;C2:single_representative;S:structurally_heterogeneous;O:structurally_heterogeneous
Columbea	primary_SEG_027	primary	200000	61035424	91310470	unresolved/missing		no_unique_discrete_prediction						true	high	C1:structurally_heterogeneous;C2:single_representative;S:resolved;O:missing_role_representative
N61	primary_SEG_027	primary	200000	61035424	91310470	unresolved/missing		no_unique_discrete_prediction						false	high	C1:resolved;C2:structurally_heterogeneous;S:single_representative;O:single_representative
N62	primary_SEG_027	primary	200000	61035424	91310470	2:1:1		no_unique_discrete_prediction						false	high	C1:single_representative;C2:single_representative;S:resolved;O:resolved
Columbea	stringent_SEG_001	stringent	50000	1	1949860	unresolved/missing		no_unique_discrete_prediction						true	low	C1:structurally_heterogeneous;C2:single_representative;S:structurally_heterogeneous;O:missing_role_representative
N61	stringent_SEG_001	stringent	50000	1	1949860	unresolved/missing		no_unique_discrete_prediction						true	low	C1:structurally_heterogeneous;C2:structurally_heterogeneous;S:single_representative;O:single_representative
N62	stringent_SEG_001	stringent	50000	1	1949860	unresolved/missing		no_unique_discrete_prediction						true	low	C1:single_representative;C2:single_representative;S:structurally_heterogeneous;O:structurally_heterogeneous
Columbea	stringent_SEG_002	stringent	50000	1949861	9504880	unresolved/missing		no_unique_discrete_prediction						true	high	C1:structurally_heterogeneous;C2:single_representative;S:structurally_heterogeneous;O:missing_role_representative
N61	stringent_SEG_002	stringent	50000	1949861	9504880	unresolved/missing		no_unique_discrete_prediction	0.875557819142	-0.437217120297	-0.438340698845	q1	1.31277493944	false	high	C1:structurally_heterogeneous;C2:structurally_heterogeneous;S:single_representative;O:single_representative
N62	stringent_SEG_002	stringent	50000	1949861	9504880	unresolved/missing		no_unique_discrete_prediction	-0.11234109509	-0.109183872698	0.221524967788	q3	0.330708840486	false	high	C1:single_representative;C2:single_representative;S:structurally_heterogeneous;O:resolved
Columbea	stringent_SEG_003	stringent	50000	9504881	10974030	unresolved/missing		no_unique_discrete_prediction						true	high	C1:structurally_heterogeneous;C2:single_representative;S:structurally_heterogeneous;O:missing_role_representative
N61	stringent_SEG_003	stringent	50000	9504881	10974030	unresolved/missing		no_unique_discrete_prediction						true	high	C1:structurally_heterogeneous;C2:structurally_heterogeneous;S:single_representative;O:single_representative
N62	stringent_SEG_003	stringent	50000	9504881	10974030	unresolved/missing		no_unique_discrete_prediction						true	high	C1:single_representative;C2:single_representative;S:structurally_heterogeneous;O:resolved
Columbea	stringent_SEG_004	stringent	50000	10974031	19760078	unresolved/missing		no_unique_discrete_prediction						true	high	C1:structurally_heterogeneous;C2:single_representative;S:structurally_heterogeneous;O:missing_role_representative
N61	stringent_SEG_004	stringent	50000	10974031	19760078	unresolved/missing		no_unique_discrete_prediction	0.662247915634	-0.326452099482	-0.335795816153	q1	0.988700015116	false	high	C1:structurally_heterogeneous;C2:structurally_heterogeneous;S:single_representative;O:single_representative
N62	stringent_SEG_004	stringent	50000	10974031	19760078	unresolved/missing		no_unique_discrete_prediction	-0.214968896803	-0.265124340405	0.480093237207	q3	0.69506213401	false	high	C1:single_representative;C2:single_representative;S:structurally_heterogeneous;O:resolved
Columbea	stringent_SEG_005	stringent	50000	19760079	25213019	unresolved/missing		no_unique_discrete_prediction						true	high	C1:structurally_heterogeneous;C2:single_representative;S:structurally_heterogeneous;O:missing_role_representative
N61	stringent_SEG_005	stringent	50000	19760079	25213019	unresolved/missing		no_unique_discrete_prediction	-0.00555624930625	-7.21500721501e-05	0.0056283993784	q3	0.00570054945055	false	high	C1:structurally_heterogeneous;C2:structurally_heterogeneous;S:single_representative;O:single_representative
N62	stringent_SEG_005	stringent	50000	19760079	25213019	unresolved/missing		no_unique_discrete_prediction	3.83603324783e-06	-0.00325387439358	0.00325003836033	q3	0.00324620232708	false	high	C1:single_representative;C2:single_representative;S:structurally_heterogeneous;O:structurally_heterogeneous
Columbea	stringent_SEG_006	stringent	50000	25213020	25559087	unresolved/missing		no_unique_discrete_prediction						true	low	C1:structurally_heterogeneous;C2:single_representative;S:resolved;O:missing_role_representative
N61	stringent_SEG_006	stringent	50000	25213020	25559087	unresolved/missing		no_unique_discrete_prediction	0.05625	-0.021875	-0.034375	q1	0.078125	false	low	C1:resolved;C2:structurally_heterogeneous;S:single_representative;O:single_representative
N62	stringent_SEG_006	stringent	50000	25213020	25559087	3:1		no_unique_discrete_prediction	-0.0895833333333	0.129166666667	-0.0395833333333	q2	0.16875	false	low	C1:single_representative;C2:single_representative;S:resolved;O:resolved
Columbea	stringent_SEG_007	stringent	50000	25559088	34021640	unresolved/missing		no_unique_discrete_prediction						true	high	C1:structurally_heterogeneous;C2:single_representative;S:structurally_heterogeneous;O:missing_role_representative
N61	stringent_SEG_007	stringent	50000	25559088	34021640	unresolved/missing		no_unique_discrete_prediction	0.263031320123	-0.127295303858	-0.135736016265	q1	0.39032662398	true	high	C1:structurally_heterogeneous;C2:structurally_heterogeneous;S:single_representative;O:single_representative
N62	stringent_SEG_007	stringent	50000	25559088	34021640	unresolved/missing		no_unique_discrete_prediction	-0.0780285739313	0.321617276683	-0.243588702752	q2	0.399645850614	true	high	C1:single_representative;C2:single_representative;S:structurally_heterogeneous;O:structurally_heterogeneous
Columbea	stringent_SEG_008	stringent	50000	34021641	35025837	unresolved/missing		no_unique_discrete_prediction						true	high	C1:structurally_heterogeneous;C2:single_representative;S:structurally_heterogeneous;O:missing_role_representative
N61	stringent_SEG_008	stringent	50000	34021641	35025837	unresolved/missing		no_unique_discrete_prediction	0.120031010656	-0.064242528305	-0.055788482351	q1	0.175819493007	false	high	C1:structurally_heterogeneous;C2:structurally_heterogeneous;S:single_representative;O:single_representative
N62	stringent_SEG_008	stringent	50000	34021641	35025837	unresolved/missing		no_unique_discrete_prediction	0.0193629287379	-0.0566548035298	0.0372918747919	q3	0.0179289460539	false	high	C1:single_representative;C2:single_representative;S:structurally_heterogeneous;O:structurally_heterogeneous
Columbea	stringent_SEG_009	stringent	50000	35025838	37255236	unresolved/missing		no_unique_discrete_prediction						true	high	C1:structurally_heterogeneous;C2:single_representative;S:resolved;O:missing_role_representative
N61	stringent_SEG_009	stringent	50000	35025838	37255236	unresolved/missing		no_unique_discrete_prediction	0.00437617937618	0.00678106615607	-0.0111572455322	q2	0.00240488677989	false	high	C1:resolved;C2:structurally_heterogeneous;S:single_representative;O:single_representative
N62	stringent_SEG_009	stringent	50000	35025838	37255236	2:1:1		no_unique_discrete_prediction	0.599646187146	-0.306137612388	-0.293508574759	q1	0.893154761905	false	high	C1:single_representative;C2:single_representative;S:resolved;O:resolved
Columbea	stringent_SEG_010	stringent	50000	37255237	39237022	unresolved/missing		no_unique_discrete_prediction						true	high	C1:structurally_heterogeneous;C2:single_representative;S:structurally_heterogeneous;O:missing_role_representative
N61	stringent_SEG_010	stringent	50000	37255237	39237022	unresolved/missing		no_unique_discrete_prediction	-0.248636779887	0.124009324009	0.124627455877	q3	0.000618131868132	false	high	C1:structurally_heterogeneous;C2:structurally_heterogeneous;S:single_representative;O:single_representative
N62	stringent_SEG_010	stringent	50000	37255237	39237022	unresolved/missing		no_unique_discrete_prediction	-0.248861555112	0.124958374958	0.123903180153	q2	0.00105519480519	false	high	C1:single_representative;C2:single_representative;S:structurally_heterogeneous;O:structurally_heterogeneous
Columbea	stringent_SEG_011	stringent	50000	39237023	44647530	unresolved/missing		no_unique_discrete_prediction						true	high	C1:structurally_heterogeneous;C2:single_representative;S:structurally_heterogeneous;O:missing_role_representative
N61	stringent_SEG_011	stringent	50000	39237023	44647530	unresolved/missing		no_unique_discrete_prediction	-0.00111448681196	-0.0010395940219	0.00215408083386	q3	0.00319367485576	false	high	C1:resolved;C2:structurally_heterogeneous;S:single_representative;O:single_representative
N62	stringent_SEG_011	stringent	50000	39237023	44647530	unresolved/missing		no_unique_discrete_prediction	0.000354643689078	-0.000147148493141	-0.000207495195937	q1	0.000501792182218	false	high	C1:single_representative;C2:single_representative;S:resolved;O:structurally_heterogeneous
Columbea	stringent_SEG_012	stringent	50000	44647531	45658664	unresolved/missing		no_unique_discrete_prediction						true	low	C1:structurally_heterogeneous;C2:single_representative;S:structurally_heterogeneous;O:missing_role_representative
N61	stringent_SEG_012	stringent	50000	44647531	45658664	unresolved/missing		no_unique_discrete_prediction						true	low	C1:structurally_heterogeneous;C2:structurally_heterogeneous;S:single_representative;O:single_representative
N62	stringent_SEG_012	stringent	50000	44647531	45658664	unresolved/missing		no_unique_discrete_prediction						true	low	C1:single_representative;C2:single_representative;S:structurally_heterogeneous;O:structurally_heterogeneous
Columbea	stringent_SEG_013	stringent	50000	45658665	46422770	unresolved/missing		no_unique_discrete_prediction						true	low	C1:structurally_heterogeneous;C2:single_representative;S:structurally_heterogeneous;O:missing_role_representative
N61	stringent_SEG_013	stringent	50000	45658665	46422770	unresolved/missing		no_unique_discrete_prediction						true	low	C1:structurally_heterogeneous;C2:structurally_heterogeneous;S:single_representative;O:single_representative
N62	stringent_SEG_013	stringent	50000	45658665	46422770	unresolved/missing		no_unique_discrete_prediction						true	low	C1:single_representative;C2:single_representative;S:structurally_heterogeneous;O:structurally_heterogeneous
Columbea	stringent_SEG_014	stringent	50000	46422771	49624080	unresolved/missing		no_unique_discrete_prediction						true	high	C1:structurally_heterogeneous;C2:single_representative;S:structurally_heterogeneous;O:missing_role_representative
N61	stringent_SEG_014	stringent	50000	46422771	49624080	unresolved/missing		no_unique_discrete_prediction	-0.158755133755	0.431644050394	-0.272888916639	q2	0.590399184149	false	high	C1:structurally_heterogeneous;C2:structurally_heterogeneous;S:single_representative;O:single_representative
N62	stringent_SEG_014	stringent	50000	46422771	49624080	unresolved/missing		no_unique_discrete_prediction	0.436302586303	-0.202786449661	-0.233516136641	q1	0.639089035964	false	high	C1:single_representative;C2:single_representative;S:structurally_heterogeneous;O:structurally_heterogeneous
Columbea	stringent_SEG_015	stringent	50000	49624081	50989362	unresolved/missing		no_unique_discrete_prediction						true	high	C1:structurally_heterogeneous;C2:single_representative;S:structurally_heterogeneous;O:missing_role_representative
N61	stringent_SEG_015	stringent	50000	49624081	50989362	unresolved/missing		no_unique_discrete_prediction						true	high	C1:structurally_heterogeneous;C2:structurally_heterogeneous;S:single_representative;O:single_representative
N62	stringent_SEG_015	stringent	50000	49624081	50989362	unresolved/missing		no_unique_discrete_prediction						true	high	C1:single_representative;C2:single_representative;S:structurally_heterogeneous;O:structurally_heterogeneous
Columbea	stringent_SEG_016	stringent	50000	50989363	58171516	unresolved/missing		no_unique_discrete_prediction						true	high	C1:structurally_heterogeneous;C2:single_representative;S:structurally_heterogeneous;O:missing_role_representative
N61	stringent_SEG_016	stringent	50000	50989363	58171516	unresolved/missing		no_unique_discrete_prediction	0.0851249360977	-0.037595041381	-0.0475298947167	q1	0.122719977479	false	high	C1:structurally_heterogeneous;C2:structurally_heterogeneous;S:single_representative;O:single_representative
N62	stringent_SEG_016	stringent	50000	50989363	58171516	unresolved/missing		no_unique_discrete_prediction	-0.131881140872	0.278163867387	-0.146282726515	q2	0.410045008259	false	high	C1:single_representative;C2:single_representative;S:structurally_heterogeneous;O:structurally_heterogeneous
Columbea	stringent_SEG_017	stringent	50000	58171517	91310470	unresolved/missing		no_unique_discrete_prediction						true	high	C1:structurally_heterogeneous;C2:single_representative;S:structurally_heterogeneous;O:missing_role_representative
N61	stringent_SEG_017	stringent	50000	58171517	91310470	unresolved/missing		no_unique_discrete_prediction	0.000767677796299	-7.66825362131e-06	-0.000760009542677	q1	0.00077534604992	false	high	C1:structurally_heterogeneous;C2:structurally_heterogeneous;S:single_representative;O:single_representative
N62	stringent_SEG_017	stringent	50000	58171517	91310470	unresolved/missing		no_unique_discrete_prediction	0.0305828993406	-0.0151697061197	-0.015413193221	q1	0.0457526054603	true	high	C1:single_representative;C2:single_representative;S:structurally_heterogeneous;O:structurally_heterogeneous
Columbea	stringent_SEG_001	stringent	100000	1	1949860	unresolved/missing		no_unique_discrete_prediction						true	low	C1:structurally_heterogeneous;C2:single_representative;S:structurally_heterogeneous;O:missing_role_representative
N61	stringent_SEG_001	stringent	100000	1	1949860	unresolved/missing		no_unique_discrete_prediction						true	low	C1:structurally_heterogeneous;C2:structurally_heterogeneous;S:single_representative;O:single_representative
N62	stringent_SEG_001	stringent	100000	1	1949860	unresolved/missing		no_unique_discrete_prediction						true	low	C1:single_representative;C2:single_representative;S:structurally_heterogeneous;O:structurally_heterogeneous
Columbea	stringent_SEG_002	stringent	100000	1949861	9504880	unresolved/missing		no_unique_discrete_prediction						true	high	C1:structurally_heterogeneous;C2:single_representative;S:structurally_heterogeneous;O:missing_role_representative
N61	stringent_SEG_002	stringent	100000	1949861	9504880	unresolved/missing		no_unique_discrete_prediction	0.92003968254	-0.465972222222	-0.454067460317	q1	1.37410714286	false	high	C1:resolved;C2:structurally_heterogeneous;S:single_representative;O:single_representative
N62	stringent_SEG_002	stringent	100000	1949861	9504880	2:1:1		no_unique_discrete_prediction	-0.0128246753247	-0.0793019480519	0.0921266233766	q3	0.104951298701	false	high	C1:single_representative;C2:single_representative;S:resolved;O:resolved
Columbea	stringent_SEG_003	stringent	100000	9504881	10974030	unresolved/missing		no_unique_discrete_prediction						true	low	C1:structurally_heterogeneous;C2:single_representative;S:structurally_heterogeneous;O:missing_role_representative
N61	stringent_SEG_003	stringent	100000	9504881	10974030	unresolved/missing		no_unique_discrete_prediction						true	low	C1:structurally_heterogeneous;C2:structurally_heterogeneous;S:single_representative;O:single_representative
N62	stringent_SEG_003	stringent	100000	9504881	10974030	unresolved/missing		no_unique_discrete_prediction						true	low	C1:single_representative;C2:single_representative;S:structurally_heterogeneous;O:structurally_heterogeneous
Columbea	stringent_SEG_004	stringent	100000	10974031	19760078	unresolved/missing		no_unique_discrete_prediction						true	high	C1:structurally_heterogeneous;C2:single_representative;S:structurally_heterogeneous;O:missing_role_representative
N61	stringent_SEG_004	stringent	100000	10974031	19760078	unresolved/missing		no_unique_discrete_prediction	0.716382922633	-0.363892010767	-0.352490911866	q1	1.0688738345	false	high	C1:structurally_heterogeneous;C2:structurally_heterogeneous;S:single_representative;O:single_representative
N62	stringent_SEG_004	stringent	100000	10974031	19760078	unresolved/missing		no_unique_discrete_prediction	-0.137234293484	-0.216717310467	0.353951603952	q3	0.491185897436	false	high	C1:single_representative;C2:single_representative;S:structurally_heterogeneous;O:resolved
Columbea	stringent_SEG_005	stringent	100000	19760079	25213019	unresolved/missing		no_unique_discrete_prediction						true	high	C1:structurally_heterogeneous;C2:single_representative;S:structurally_heterogeneous;O:missing_role_representative
N61	stringent_SEG_005	stringent	100000	19760079	25213019	unresolved/missing		no_unique_discrete_prediction	0.064880952381	-0.0431547619048	-0.0217261904762	q1	0.0866071428571	false	high	C1:resolved;C2:structurally_heterogeneous;S:single_representative;O:single_representative
N62	stringent_SEG_005	stringent	100000	19760079	25213019	unresolved/missing		no_unique_discrete_prediction	0.0136904761905	-0.0193452380952	0.00565476190476	q1	0.00803571428571	false	high	C1:single_representative;C2:single_representative;S:resolved;O:structurally_heterogeneous
Columbea	stringent_SEG_006	stringent	100000	25213020	25559087	unresolved/missing		no_unique_discrete_prediction						true	limited	C1:structurally_heterogeneous;C2:single_representative;S:structurally_heterogeneous;O:missing_role_representative
N61	stringent_SEG_006	stringent	100000	25213020	25559087	unresolved/missing		no_unique_discrete_prediction	0	0	0		0	false	limited	C1:structurally_heterogeneous;C2:structurally_heterogeneous;S:single_representative;O:single_representative
N62	stringent_SEG_006	stringent	100000	25213020	25559087	unresolved/missing		no_unique_discrete_prediction						false	limited	C1:single_representative;C2:single_representative;S:structurally_heterogeneous;O:resolved
Columbea	stringent_SEG_007	stringent	100000	25559088	34021640	unresolved/missing		no_unique_discrete_prediction						true	high	C1:structurally_heterogeneous;C2:single_representative;S:structurally_heterogeneous;O:missing_role_representative
N61	stringent_SEG_007	stringent	100000	25559088	34021640	unresolved/missing		no_unique_discrete_prediction	0.267176452611	-0.139171414563	-0.128005038048	q1	0.395181490658	true	high	C1:structurally_heterogeneous;C2:structurally_heterogeneous;S:single_representative;O:single_representative
N62	stringent_SEG_007	stringent	100000	25559088	34021640	unresolved/missing		no_unique_discrete_prediction	-0.00609718100527	0.200993354072	-0.194896173067	q2	0.207090535078	true	high	C1:single_representative;C2:single_representative;S:structurally_heterogeneous;O:structurally_heterogeneous
Columbea	stringent_SEG_008	stringent	100000	34021641	35025837	unresolved/missing		no_unique_discrete_prediction						true	high	C1:structurally_heterogeneous;C2:single_representative;S:structurally_heterogeneous;O:missing_role_representative
N61	stringent_SEG_008	stringent	100000	34021641	35025837	unresolved/missing		no_unique_discrete_prediction	0.261011904762	-0.172693452381	-0.088318452381	q1	0.349330357143	false	high	C1:structurally_heterogeneous;C2:structurally_heterogeneous;S:single_representative;O:single_representative
N62	stringent_SEG_008	stringent	100000	34021641	35025837	unresolved/missing		no_unique_discrete_prediction	0.0670634920635	-0.0996031746032	0.0325396825397	q1	0.0345238095238	false	high	C1:single_representative;C2:single_representative;S:structurally_heterogeneous;O:structurally_heterogeneous
Columbea	stringent_SEG_009	stringent	100000	35025838	37255236	unresolved/missing		no_unique_discrete_prediction						true	high	C1:structurally_heterogeneous;C2:single_representative;S:structurally_heterogeneous;O:missing_role_representative
N61	stringent_SEG_009	stringent	100000	35025838	37255236	unresolved/missing		no_unique_discrete_prediction						false	high	C1:structurally_heterogeneous;C2:structurally_heterogeneous;S:single_representative;O:single_representative
N62	stringent_SEG_009	stringent	100000	35025838	37255236	unresolved/missing		no_unique_discrete_prediction						false	high	C1:single_representative;C2:single_representative;S:structurally_heterogeneous;O:resolved
Columbea	stringent_SEG_010	stringent	100000	37255237	39237022	unresolved/missing		no_unique_discrete_prediction						true	low	C1:structurally_heterogeneous;C2:single_representative;S:structurally_heterogeneous;O:missing_role_representative
N61	stringent_SEG_010	stringent	100000	37255237	39237022	unresolved/missing		no_unique_discrete_prediction						false	low	C1:structurally_heterogeneous;C2:structurally_heterogeneous;S:single_representative;O:single_representative
N62	stringent_SEG_010	stringent	100000	37255237	39237022	unresolved/missing		no_unique_discrete_prediction						false	low	C1:single_representative;C2:single_representative;S:structurally_heterogeneous;O:structurally_heterogeneous
Columbea	stringent_SEG_011	stringent	100000	39237023	44647530	unresolved/missing		no_unique_discrete_prediction						true	high	C1:structurally_heterogeneous;C2:single_representative;S:resolved;O:missing_role_representative
N61	stringent_SEG_011	stringent	100000	39237023	44647530	unresolved/missing		no_unique_discrete_prediction	-0.00119047619048	-0.00230654761905	0.00349702380952	q3	0.0046875	false	high	C1:resolved;C2:structurally_heterogeneous;S:single_representative;O:single_representative
N62	stringent_SEG_011	stringent	100000	39237023	44647530	3:1		no_unique_discrete_prediction	-0.0046626984127	0.000545634920635	0.00411706349206	q3	0.00357142857143	false	high	C1:single_representative;C2:single_representative;S:resolved;O:resolved
Columbea	stringent_SEG_012	stringent	100000	44647531	45658664	unresolved/missing		no_unique_discrete_prediction						true	low	C1:structurally_heterogeneous;C2:single_representative;S:structurally_heterogeneous;O:missing_role_representative
N61	stringent_SEG_012	stringent	100000	44647531	45658664	unresolved/missing		no_unique_discrete_prediction						true	low	C1:structurally_heterogeneous;C2:structurally_heterogeneous;S:single_representative;O:single_representative
N62	stringent_SEG_012	stringent	100000	44647531	45658664	unresolved/missing		no_unique_discrete_prediction						true	low	C1:single_representative;C2:single_representative;S:structurally_heterogeneous;O:structurally_heterogeneous
Columbea	stringent_SEG_013	stringent	100000	45658665	46422770	unresolved/missing		no_unique_discrete_prediction						true	low	C1:structurally_heterogeneous;C2:single_representative;S:structurally_heterogeneous;O:missing_role_representative
N61	stringent_SEG_013	stringent	100000	45658665	46422770	unresolved/missing		no_unique_discrete_prediction						true	low	C1:structurally_heterogeneous;C2:structurally_heterogeneous;S:single_representative;O:single_representative
N62	stringent_SEG_013	stringent	100000	45658665	46422770	unresolved/missing		no_unique_discrete_prediction						true	low	C1:single_representative;C2:single_representative;S:structurally_heterogeneous;O:structurally_heterogeneous
Columbea	stringent_SEG_014	stringent	100000	46422771	49624080	unresolved/missing		no_unique_discrete_prediction						true	low	C1:structurally_heterogeneous;C2:single_representative;S:structurally_heterogeneous;O:missing_role_representative
N61	stringent_SEG_014	stringent	100000	46422771	49624080	unresolved/missing		no_unique_discrete_prediction						false	low	C1:structurally_heterogeneous;C2:structurally_heterogeneous;S:single_representative;O:single_representative
N62	stringent_SEG_014	stringent	100000	46422771	49624080	unresolved/missing		no_unique_discrete_prediction						false	low	C1:single_representative;C2:single_representative;S:structurally_heterogeneous;O:structurally_heterogeneous
Columbea	stringent_SEG_015	stringent	100000	49624081	50989362	unresolved/missing		no_unique_discrete_prediction						true	low	C1:structurally_heterogeneous;C2:single_representative;S:structurally_heterogeneous;O:missing_role_representative
N61	stringent_SEG_015	stringent	100000	49624081	50989362	unresolved/missing		no_unique_discrete_prediction						true	low	C1:structurally_heterogeneous;C2:structurally_heterogeneous;S:single_representative;O:single_representative
N62	stringent_SEG_015	stringent	100000	49624081	50989362	unresolved/missing		no_unique_discrete_prediction						true	low	C1:single_representative;C2:single_representative;S:structurally_heterogeneous;O:structurally_heterogeneous
Columbea	stringent_SEG_016	stringent	100000	50989363	58171516	unresolved/missing		no_unique_discrete_prediction						true	high	C1:structurally_heterogeneous;C2:single_representative;S:structurally_heterogeneous;O:missing_role_representative
N61	stringent_SEG_016	stringent	100000	50989363	58171516	unresolved/missing		no_unique_discrete_prediction	-0.016778013653	0.00365415834166	0.0131238553114	q3	0.0094696969697	false	high	C1:structurally_heterogeneous;C2:structurally_heterogeneous;S:single_representative;O:single_representative
N62	stringent_SEG_016	stringent	100000	50989363	58171516	unresolved/missing		no_unique_discrete_prediction	-0.0294341075591	0.0909257409257	-0.0614916333666	q2	0.120359848485	false	high	C1:single_representative;C2:single_representative;S:structurally_heterogeneous;O:structurally_heterogeneous
Columbea	stringent_SEG_017	stringent	100000	58171517	91310470	unresolved/missing		no_unique_discrete_prediction						true	high	C1:structurally_heterogeneous;C2:single_representative;S:structurally_heterogeneous;O:missing_role_representative
N61	stringent_SEG_017	stringent	100000	58171517	91310470	unresolved/missing		no_unique_discrete_prediction	-0.00839460083155	0.0201690328032	-0.0117744319717	q2	0.0285636336348	false	high	C1:resolved;C2:structurally_heterogeneous;S:single_representative;O:single_representative
N62	stringent_SEG_017	stringent	100000	58171517	91310470	unresolved/missing		no_unique_discrete_prediction	0.0688916128214	-0.019063638449	-0.0498279743724	q1	0.0879552512705	true	high	C1:single_representative;C2:single_representative;S:resolved;O:structurally_heterogeneous
Columbea	stringent_SEG_001	stringent	200000	1	1949860	unresolved/missing		no_unique_discrete_prediction						true	low	C1:structurally_heterogeneous;C2:single_representative;S:structurally_heterogeneous;O:missing_role_representative
N61	stringent_SEG_001	stringent	200000	1	1949860	unresolved/missing		no_unique_discrete_prediction						true	low	C1:structurally_heterogeneous;C2:structurally_heterogeneous;S:single_representative;O:single_representative
N62	stringent_SEG_001	stringent	200000	1	1949860	unresolved/missing		no_unique_discrete_prediction						true	low	C1:single_representative;C2:single_representative;S:structurally_heterogeneous;O:structurally_heterogeneous
Columbea	stringent_SEG_002	stringent	200000	1949861	9504880	unresolved/missing		no_unique_discrete_prediction						true	low	C1:resolved;C2:single_representative;S:structurally_heterogeneous;O:missing_role_representative
N61	stringent_SEG_002	stringent	200000	1949861	9504880	unresolved/missing		no_unique_discrete_prediction						false	low	C1:structurally_heterogeneous;C2:resolved;S:single_representative;O:single_representative
N62	stringent_SEG_002	stringent	200000	1949861	9504880	unresolved/missing		no_unique_discrete_prediction						false	low	C1:single_representative;C2:single_representative;S:structurally_heterogeneous;O:structurally_heterogeneous
Columbea	stringent_SEG_003	stringent	200000	9504881	10974030	unresolved/missing		no_unique_discrete_prediction						true	low	C1:structurally_heterogeneous;C2:single_representative;S:structurally_heterogeneous;O:missing_role_representative
N61	stringent_SEG_003	stringent	200000	9504881	10974030	unresolved/missing		no_unique_discrete_prediction						true	low	C1:structurally_heterogeneous;C2:structurally_heterogeneous;S:single_representative;O:single_representative
N62	stringent_SEG_003	stringent	200000	9504881	10974030	unresolved/missing		no_unique_discrete_prediction						true	low	C1:single_representative;C2:single_representative;S:structurally_heterogeneous;O:structurally_heterogeneous
Columbea	stringent_SEG_004	stringent	200000	10974031	19760078	unresolved/missing		no_unique_discrete_prediction						true	high	C1:structurally_heterogeneous;C2:single_representative;S:structurally_heterogeneous;O:missing_role_representative
N61	stringent_SEG_004	stringent	200000	10974031	19760078	unresolved/missing		no_unique_discrete_prediction						false	high	C1:structurally_heterogeneous;C2:structurally_heterogeneous;S:single_representative;O:single_representative
N62	stringent_SEG_004	stringent	200000	10974031	19760078	unresolved/missing		no_unique_discrete_prediction						false	high	C1:single_representative;C2:single_representative;S:structurally_heterogeneous;O:resolved
Columbea	stringent_SEG_005	stringent	200000	19760079	25213019	unresolved/missing		no_unique_discrete_prediction						true	low	C1:structurally_heterogeneous;C2:single_representative;S:structurally_heterogeneous;O:missing_role_representative
N61	stringent_SEG_005	stringent	200000	19760079	25213019	unresolved/missing		no_unique_discrete_prediction						false	low	C1:structurally_heterogeneous;C2:structurally_heterogeneous;S:single_representative;O:single_representative
N62	stringent_SEG_005	stringent	200000	19760079	25213019	unresolved/missing		no_unique_discrete_prediction						false	low	C1:single_representative;C2:single_representative;S:structurally_heterogeneous;O:structurally_heterogeneous
Columbea	stringent_SEG_006	stringent	200000	25213020	25559087	unresolved/missing		no_unique_discrete_prediction						true	limited	C1:structurally_heterogeneous;C2:single_representative;S:structurally_heterogeneous;O:missing_role_representative
N61	stringent_SEG_006	stringent	200000	25213020	25559087	unresolved/missing		no_unique_discrete_prediction	0	0	0		0	false	limited	C1:structurally_heterogeneous;C2:structurally_heterogeneous;S:single_representative;O:single_representative
N62	stringent_SEG_006	stringent	200000	25213020	25559087	unresolved/missing		no_unique_discrete_prediction						false	limited	C1:single_representative;C2:single_representative;S:structurally_heterogeneous;O:resolved
Columbea	stringent_SEG_007	stringent	200000	25559088	34021640	unresolved/missing		no_unique_discrete_prediction						true	high	C1:structurally_heterogeneous;C2:single_representative;S:structurally_heterogeneous;O:missing_role_representative
N61	stringent_SEG_007	stringent	200000	25559088	34021640	unresolved/missing		no_unique_discrete_prediction	0.309027777778	-0.152653769841	-0.156374007937	q1	0.461681547619	true	high	C1:structurally_heterogeneous;C2:structurally_heterogeneous;S:single_representative;O:single_representative
N62	stringent_SEG_007	stringent	200000	25559088	34021640	unresolved/missing		no_unique_discrete_prediction	-0.0193452380952	0.203422619048	-0.184077380952	q2	0.222767857143	true	high	C1:single_representative;C2:single_representative;S:structurally_heterogeneous;O:structurally_heterogeneous
Columbea	stringent_SEG_008	stringent	200000	34021641	35025837	unresolved/missing		no_unique_discrete_prediction						true	low	C1:structurally_heterogeneous;C2:single_representative;S:structurally_heterogeneous;O:missing_role_representative
N61	stringent_SEG_008	stringent	200000	34021641	35025837	unresolved/missing		no_unique_discrete_prediction						false	low	C1:structurally_heterogeneous;C2:structurally_heterogeneous;S:single_representative;O:single_representative
N62	stringent_SEG_008	stringent	200000	34021641	35025837	unresolved/missing		no_unique_discrete_prediction						false	low	C1:single_representative;C2:single_representative;S:structurally_heterogeneous;O:structurally_heterogeneous
Columbea	stringent_SEG_009	stringent	200000	35025838	37255236	unresolved/missing		no_unique_discrete_prediction						true	low	C1:structurally_heterogeneous;C2:single_representative;S:structurally_heterogeneous;O:missing_role_representative
N61	stringent_SEG_009	stringent	200000	35025838	37255236	unresolved/missing		no_unique_discrete_prediction						false	low	C1:structurally_heterogeneous;C2:structurally_heterogeneous;S:single_representative;O:single_representative
N62	stringent_SEG_009	stringent	200000	35025838	37255236	unresolved/missing		no_unique_discrete_prediction						false	low	C1:single_representative;C2:single_representative;S:structurally_heterogeneous;O:structurally_heterogeneous
Columbea	stringent_SEG_010	stringent	200000	37255237	39237022	unresolved/missing		no_unique_discrete_prediction						true	low	C1:structurally_heterogeneous;C2:single_representative;S:structurally_heterogeneous;O:missing_role_representative
N61	stringent_SEG_010	stringent	200000	37255237	39237022	unresolved/missing		no_unique_discrete_prediction						false	low	C1:structurally_heterogeneous;C2:structurally_heterogeneous;S:single_representative;O:single_representative
N62	stringent_SEG_010	stringent	200000	37255237	39237022	unresolved/missing		no_unique_discrete_prediction						false	low	C1:single_representative;C2:single_representative;S:structurally_heterogeneous;O:structurally_heterogeneous
Columbea	stringent_SEG_011	stringent	200000	39237023	44647530	unresolved/missing		no_unique_discrete_prediction						true	low	C1:structurally_heterogeneous;C2:single_representative;S:structurally_heterogeneous;O:missing_role_representative
N61	stringent_SEG_011	stringent	200000	39237023	44647530	unresolved/missing		no_unique_discrete_prediction						false	low	C1:structurally_heterogeneous;C2:structurally_heterogeneous;S:single_representative;O:single_representative
N62	stringent_SEG_011	stringent	200000	39237023	44647530	unresolved/missing		no_unique_discrete_prediction						false	low	C1:single_representative;C2:single_representative;S:structurally_heterogeneous;O:structurally_heterogeneous
Columbea	stringent_SEG_012	stringent	200000	44647531	45658664	unresolved/missing		no_unique_discrete_prediction						true	low	C1:structurally_heterogeneous;C2:single_representative;S:structurally_heterogeneous;O:missing_role_representative
N61	stringent_SEG_012	stringent	200000	44647531	45658664	unresolved/missing		no_unique_discrete_prediction						true	low	C1:structurally_heterogeneous;C2:structurally_heterogeneous;S:single_representative;O:single_representative
N62	stringent_SEG_012	stringent	200000	44647531	45658664	unresolved/missing		no_unique_discrete_prediction						true	low	C1:single_representative;C2:single_representative;S:structurally_heterogeneous;O:structurally_heterogeneous
Columbea	stringent_SEG_013	stringent	200000	45658665	46422770	unresolved/missing		no_unique_discrete_prediction						true	limited	C1:structurally_heterogeneous;C2:single_representative;S:structurally_heterogeneous;O:missing_role_representative
N61	stringent_SEG_013	stringent	200000	45658665	46422770	unresolved/missing		no_unique_discrete_prediction						true	limited	C1:structurally_heterogeneous;C2:structurally_heterogeneous;S:single_representative;O:single_representative
N62	stringent_SEG_013	stringent	200000	45658665	46422770	unresolved/missing		no_unique_discrete_prediction						true	limited	C1:single_representative;C2:single_representative;S:structurally_heterogeneous;O:structurally_heterogeneous
Columbea	stringent_SEG_014	stringent	200000	46422771	49624080	unresolved/missing		no_unique_discrete_prediction						true	low	C1:structurally_heterogeneous;C2:single_representative;S:structurally_heterogeneous;O:missing_role_representative
N61	stringent_SEG_014	stringent	200000	46422771	49624080	unresolved/missing		no_unique_discrete_prediction						false	low	C1:structurally_heterogeneous;C2:structurally_heterogeneous;S:single_representative;O:single_representative
N62	stringent_SEG_014	stringent	200000	46422771	49624080	unresolved/missing		no_unique_discrete_prediction						false	low	C1:single_representative;C2:single_representative;S:structurally_heterogeneous;O:structurally_heterogeneous
Columbea	stringent_SEG_015	stringent	200000	49624081	50989362	unresolved/missing		no_unique_discrete_prediction						true	low	C1:structurally_heterogeneous;C2:single_representative;S:structurally_heterogeneous;O:missing_role_representative
N61	stringent_SEG_015	stringent	200000	49624081	50989362	unresolved/missing		no_unique_discrete_prediction						true	low	C1:structurally_heterogeneous;C2:structurally_heterogeneous;S:single_representative;O:single_representative
N62	stringent_SEG_015	stringent	200000	49624081	50989362	unresolved/missing		no_unique_discrete_prediction						true	low	C1:single_representative;C2:single_representative;S:structurally_heterogeneous;O:structurally_heterogeneous
Columbea	stringent_SEG_016	stringent	200000	50989363	58171516	unresolved/missing		no_unique_discrete_prediction						true	high	C1:structurally_heterogeneous;C2:single_representative;S:structurally_heterogeneous;O:missing_role_representative
N61	stringent_SEG_016	stringent	200000	50989363	58171516	unresolved/missing		no_unique_discrete_prediction						false	high	C1:structurally_heterogeneous;C2:structurally_heterogeneous;S:single_representative;O:single_representative
N62	stringent_SEG_016	stringent	200000	50989363	58171516	unresolved/missing		no_unique_discrete_prediction						false	high	C1:single_representative;C2:single_representative;S:structurally_heterogeneous;O:structurally_heterogeneous
Columbea	stringent_SEG_017	stringent	200000	58171517	91310470	unresolved/missing		no_unique_discrete_prediction						true	high	C1:structurally_heterogeneous;C2:single_representative;S:structurally_heterogeneous;O:missing_role_representative
N61	stringent_SEG_017	stringent	200000	58171517	91310470	unresolved/missing		no_unique_discrete_prediction	-0.0856481481481	0.0433922558923	0.0422558922559	q2	0.00113636363636	false	high	C1:resolved;C2:structurally_heterogeneous;S:single_representative;O:single_representative
N62	stringent_SEG_017	stringent	200000	58171517	91310470	2:1:1		no_unique_discrete_prediction	0.154265873016	-0.0562996031746	-0.0979662698413	q1	0.21056547619	true	high	C1:single_representative;C2:single_representative;S:resolved;O:resolved
Columbea	inclusive_SEG_001	inclusive	50000	1	1582350	unresolved/missing		no_unique_discrete_prediction						true	low	C1:structurally_heterogeneous;C2:single_representative;S:structurally_heterogeneous;O:missing_role_representative
N61	inclusive_SEG_001	inclusive	50000	1	1582350	unresolved/missing		no_unique_discrete_prediction						true	low	C1:structurally_heterogeneous;C2:structurally_heterogeneous;S:single_representative;O:single_representative
N62	inclusive_SEG_001	inclusive	50000	1	1582350	unresolved/missing		no_unique_discrete_prediction						true	low	C1:single_representative;C2:single_representative;S:structurally_heterogeneous;O:structurally_heterogeneous
Columbea	inclusive_SEG_002	inclusive	50000	1582351	1949860	unresolved/missing		no_unique_discrete_prediction						true	low	C1:structurally_heterogeneous;C2:single_representative;S:structurally_heterogeneous;O:missing_role_representative
N61	inclusive_SEG_002	inclusive	50000	1582351	1949860	unresolved/missing		no_unique_discrete_prediction						true	low	C1:structurally_heterogeneous;C2:structurally_heterogeneous;S:single_representative;O:single_representative
N62	inclusive_SEG_002	inclusive	50000	1582351	1949860	unresolved/missing		no_unique_discrete_prediction						true	low	C1:single_representative;C2:single_representative;S:structurally_heterogeneous;O:structurally_heterogeneous
Columbea	inclusive_SEG_003	inclusive	50000	1949861	5161408	unresolved/missing		no_unique_discrete_prediction						true	high	C1:structurally_heterogeneous;C2:single_representative;S:structurally_heterogeneous;O:missing_role_representative
N61	inclusive_SEG_003	inclusive	50000	1949861	5161408	unresolved/missing		no_unique_discrete_prediction	0.951975108225	-0.463839285714	-0.488135822511	q1	1.41581439394	false	high	C1:structurally_heterogeneous;C2:structurally_heterogeneous;S:single_representative;O:single_representative
N62	inclusive_SEG_003	inclusive	50000	1949861	5161408	unresolved/missing		no_unique_discrete_prediction	-0.0360368797869	-0.0296141358641	0.065651015651	q3	0.0952651515152	false	high	C1:single_representative;C2:single_representative;S:structurally_heterogeneous;O:resolved
Columbea	inclusive_SEG_004	inclusive	50000	5161409	8704428	unresolved/missing		no_unique_discrete_prediction						true	high	C1:structurally_heterogeneous;C2:single_representative;S:structurally_heterogeneous;O:missing_role_representative
N61	inclusive_SEG_004	inclusive	50000	5161409	8704428	unresolved/missing		no_unique_discrete_prediction	0.973889743601	-0.485110447384	-0.488779296217	q1	1.45900019099	false	high	C1:structurally_heterogeneous;C2:structurally_heterogeneous;S:single_representative;O:single_representative
N62	inclusive_SEG_004	inclusive	50000	5161409	8704428	unresolved/missing		no_unique_discrete_prediction	0.00150189136573	0.00100611030939	-0.00250800167512	q1	0.000495781056338	false	high	C1:single_representative;C2:single_representative;S:structurally_heterogeneous;O:resolved
Columbea	inclusive_SEG_005	inclusive	50000	8704429	9504880	unresolved/missing		no_unique_discrete_prediction						true	low	C1:structurally_heterogeneous;C2:single_representative;S:structurally_heterogeneous;O:missing_role_representative
N61	inclusive_SEG_005	inclusive	50000	8704429	9504880	unresolved/missing		no_unique_discrete_prediction						true	low	C1:structurally_heterogeneous;C2:structurally_heterogeneous;S:single_representative;O:single_representative
N62	inclusive_SEG_005	inclusive	50000	8704429	9504880	unresolved/missing		no_unique_discrete_prediction						true	low	C1:single_representative;C2:single_representative;S:structurally_heterogeneous;O:structurally_heterogeneous
Columbea	inclusive_SEG_006	inclusive	50000	9504881	10974030	unresolved/missing		no_unique_discrete_prediction						true	high	C1:structurally_heterogeneous;C2:single_representative;S:structurally_heterogeneous;O:missing_role_representative
N61	inclusive_SEG_006	inclusive	50000	9504881	10974030	unresolved/missing		no_unique_discrete_prediction						true	high	C1:structurally_heterogeneous;C2:structurally_heterogeneous;S:single_representative;O:single_representative
N62	inclusive_SEG_006	inclusive	50000	9504881	10974030	unresolved/missing		no_unique_discrete_prediction						true	high	C1:single_representative;C2:single_representative;S:structurally_heterogeneous;O:resolved
Columbea	inclusive_SEG_007	inclusive	50000	10974031	11304692	unresolved/missing		no_unique_discrete_prediction						true	low	C1:structurally_heterogeneous;C2:single_representative;S:structurally_heterogeneous;O:missing_role_representative
N61	inclusive_SEG_007	inclusive	50000	10974031	11304692	unresolved/missing		no_unique_discrete_prediction	0.5	-0.25	-0.25	q1	0.75	false	low	C1:structurally_heterogeneous;C2:structurally_heterogeneous;S:single_representative;O:single_representative
N62	inclusive_SEG_007	inclusive	50000	10974031	11304692	unresolved/missing		no_unique_discrete_prediction						true	low	C1:single_representative;C2:single_representative;S:structurally_heterogeneous;O:resolved
Columbea	inclusive_SEG_008	inclusive	50000	11304693	12214254	unresolved/missing		no_unique_discrete_prediction						true	low	C1:structurally_heterogeneous;C2:single_representative;S:structurally_heterogeneous;O:missing_role_representative
N61	inclusive_SEG_008	inclusive	50000	11304693	12214254	unresolved/missing		no_unique_discrete_prediction						true	low	C1:structurally_heterogeneous;C2:structurally_heterogeneous;S:single_representative;O:single_representative
N62	inclusive_SEG_008	inclusive	50000	11304693	12214254	unresolved/missing		no_unique_discrete_prediction						true	low	C1:single_representative;C2:single_representative;S:structurally_heterogeneous;O:structurally_heterogeneous
Columbea	inclusive_SEG_009	inclusive	50000	12214255	12886511	unresolved/missing		no_unique_discrete_prediction						true	high	C1:structurally_heterogeneous;C2:single_representative;S:structurally_heterogeneous;O:missing_role_representative
N61	inclusive_SEG_009	inclusive	50000	12214255	12886511	unresolved/missing		no_unique_discrete_prediction	0.537896825397	-0.268948412698	-0.268948412698	q1	0.806845238095	false	high	C1:structurally_heterogeneous;C2:structurally_heterogeneous;S:single_representative;O:single_representative
N62	inclusive_SEG_009	inclusive	50000	12214255	12886511	unresolved/missing		no_unique_discrete_prediction	0.377232142857	-0.0665178571429	-0.310714285714	q1	0.44375	false	high	C1:single_representative;C2:single_representative;S:structurally_heterogeneous;O:resolved
Columbea	inclusive_SEG_010	inclusive	50000	12886512	14318518	unresolved/missing		no_unique_discrete_prediction						true	high	C1:structurally_heterogeneous;C2:single_representative;S:structurally_heterogeneous;O:missing_role_representative
N61	inclusive_SEG_010	inclusive	50000	12886512	14318518	unresolved/missing		no_unique_discrete_prediction	0.222470238095	-0.111235119048	-0.111235119048	q1	0.333705357143	false	high	C1:structurally_heterogeneous;C2:structurally_heterogeneous;S:single_representative;O:single_representative
N62	inclusive_SEG_010	inclusive	50000	12886512	14318518	unresolved/missing		no_unique_discrete_prediction	-0.23318452381	-0.234970238095	0.468154761905	q3	0.701339285714	false	high	C1:single_representative;C2:single_representative;S:structurally_heterogeneous;O:resolved
Columbea	inclusive_SEG_011	inclusive	50000	14318519	16491814	unresolved/missing		no_unique_discrete_prediction						true	high	C1:structurally_heterogeneous;C2:single_representative;S:structurally_heterogeneous;O:missing_role_representative
N61	inclusive_SEG_011	inclusive	50000	14318519	16491814	unresolved/missing		no_unique_discrete_prediction	0.480157883912	-0.240877814136	-0.239280069775	q1	0.719437953687	false	high	C1:structurally_heterogeneous;C2:structurally_heterogeneous;S:single_representative;O:single_representative
N62	inclusive_SEG_011	inclusive	50000	14318519	16491814	unresolved/missing		no_unique_discrete_prediction	-0.48320502382	-0.477677724108	0.960882747928	q3	1.43856047204	false	high	C1:single_representative;C2:single_representative;S:structurally_heterogeneous;O:resolved
Columbea	inclusive_SEG_012	inclusive	50000	16491815	18036264	unresolved/missing		no_unique_discrete_prediction						true	low	C1:structurally_heterogeneous;C2:single_representative;S:structurally_heterogeneous;O:missing_role_representative
N61	inclusive_SEG_012	inclusive	50000	16491815	18036264	unresolved/missing		no_unique_discrete_prediction	0.5	-0.25	-0.25	q1	0.75	false	low	C1:structurally_heterogeneous;C2:structurally_heterogeneous;S:single_representative;O:single_representative
N62	inclusive_SEG_012	inclusive	50000	16491815	18036264	unresolved/missing		no_unique_discrete_prediction	-0.5	-0.5	1	q3	1.5	false	low	C1:single_representative;C2:single_representative;S:structurally_heterogeneous;O:resolved
Columbea	inclusive_SEG_013	inclusive	50000	18036265	19760078	unresolved/missing		no_unique_discrete_prediction						true	high	C1:resolved;C2:single_representative;S:structurally_heterogeneous;O:missing_role_representative
N61	inclusive_SEG_013	inclusive	50000	18036265	19760078	C1=C2!=S=O	q1	unique_2:2	0.969899891775	-0.482359307359	-0.487540584416	q1	1.45225919913	false	high	C1:resolved;C2:resolved;S:single_representative;O:single_representative
N62	inclusive_SEG_013	inclusive	50000	18036265	19760078	3:1		no_unique_discrete_prediction	0.0074990981241	-0.00195030663781	-0.00554879148629	q1	0.0094494047619	false	high	C1:single_representative;C2:single_representative;S:resolved;O:resolved
Columbea	inclusive_SEG_014	inclusive	50000	19760079	25213019	unresolved/missing		no_unique_discrete_prediction						true	high	C1:structurally_heterogeneous;C2:single_representative;S:structurally_heterogeneous;O:missing_role_representative
N61	inclusive_SEG_014	inclusive	50000	19760079	25213019	unresolved/missing		no_unique_discrete_prediction	-0.00555624930625	-7.21500721501e-05	0.0056283993784	q3	0.00570054945055	false	high	C1:structurally_heterogeneous;C2:structurally_heterogeneous;S:single_representative;O:single_representative
N62	inclusive_SEG_014	inclusive	50000	19760079	25213019	unresolved/missing		no_unique_discrete_prediction	3.83603324783e-06	-0.00325387439358	0.00325003836033	q3	0.00324620232708	false	high	C1:single_representative;C2:single_representative;S:structurally_heterogeneous;O:structurally_heterogeneous
Columbea	inclusive_SEG_015	inclusive	50000	25213020	25559087	unresolved/missing		no_unique_discrete_prediction						true	low	C1:structurally_heterogeneous;C2:single_representative;S:resolved;O:missing_role_representative
N61	inclusive_SEG_015	inclusive	50000	25213020	25559087	unresolved/missing		no_unique_discrete_prediction	0.05625	-0.021875	-0.034375	q1	0.078125	false	low	C1:resolved;C2:structurally_heterogeneous;S:single_representative;O:single_representative
N62	inclusive_SEG_015	inclusive	50000	25213020	25559087	3:1		no_unique_discrete_prediction	-0.0895833333333	0.129166666667	-0.0395833333333	q2	0.16875	false	low	C1:single_representative;C2:single_representative;S:resolved;O:resolved
Columbea	inclusive_SEG_016	inclusive	50000	25559088	33234049	unresolved/missing		no_unique_discrete_prediction						true	high	C1:structurally_heterogeneous;C2:single_representative;S:structurally_heterogeneous;O:missing_role_representative
N61	inclusive_SEG_016	inclusive	50000	25559088	33234049	unresolved/missing		no_unique_discrete_prediction	0.24641073836	-0.123821830943	-0.122588907417	q1	0.368999645777	true	high	C1:structurally_heterogeneous;C2:structurally_heterogeneous;S:single_representative;O:single_representative
N62	inclusive_SEG_016	inclusive	50000	25559088	33234049	unresolved/missing		no_unique_discrete_prediction	-0.246817762102	0.492332361793	-0.245514599691	q2	0.737846961483	false	high	C1:single_representative;C2:single_representative;S:structurally_heterogeneous;O:structurally_heterogeneous
Columbea	inclusive_SEG_017	inclusive	50000	33234050	34021640	unresolved/missing		no_unique_discrete_prediction						true	high	C1:structurally_heterogeneous;C2:single_representative;S:structurally_heterogeneous;O:missing_role_representative
N61	inclusive_SEG_017	inclusive	50000	33234050	34021640	unresolved/missing		no_unique_discrete_prediction	0.0200667388167	-0.00536616161616	-0.0147005772006	q1	0.0254329004329	false	high	C1:structurally_heterogeneous;C2:structurally_heterogeneous;S:single_representative;O:single_representative
N62	inclusive_SEG_017	inclusive	50000	33234050	34021640	unresolved/missing		no_unique_discrete_prediction	-0.00542027417027	0.00318362193362	0.00223665223665	q2	0.00094696969697	false	high	C1:single_representative;C2:single_representative;S:structurally_heterogeneous;O:structurally_heterogeneous
Columbea	inclusive_SEG_018	inclusive	50000	34021641	34232794	unresolved/missing		no_unique_discrete_prediction						true	low	C1:structurally_heterogeneous;C2:single_representative;S:structurally_heterogeneous;O:missing_role_representative
N61	inclusive_SEG_018	inclusive	50000	34021641	34232794	unresolved/missing		no_unique_discrete_prediction	0.125	-0.0625	-0.0625	q1	0.1875	true	low	C1:structurally_heterogeneous;C2:structurally_heterogeneous;S:single_representative;O:single_representative
N62	inclusive_SEG_018	inclusive	50000	34021641	34232794	unresolved/missing		no_unique_discrete_prediction	-0.125	-0.125	0.25	q3	0.375	true	low	C1:single_representative;C2:single_representative;S:structurally_heterogeneous;O:resolved
Columbea	inclusive_SEG_019	inclusive	50000	34232795	34741919	unresolved/missing		no_unique_discrete_prediction						true	high	C1:structurally_heterogeneous;C2:single_representative;S:structurally_heterogeneous;O:missing_role_representative
N61	inclusive_SEG_019	inclusive	50000	34232795	34741919	unresolved/missing		no_unique_discrete_prediction						true	high	C1:structurally_heterogeneous;C2:structurally_heterogeneous;S:single_representative;O:single_representative
N62	inclusive_SEG_019	inclusive	50000	34232795	34741919	unresolved/missing		no_unique_discrete_prediction	-0.211111111111	0.619841269841	-0.40873015873	q2	0.830952380952	false	high	C1:single_representative;C2:single_representative;S:structurally_heterogeneous;O:structurally_heterogeneous
Columbea	inclusive_SEG_020	inclusive	50000	34741920	35025837	unresolved/missing		no_unique_discrete_prediction						true	low	C1:resolved;C2:single_representative;S:resolved;O:missing_role_representative
N61	inclusive_SEG_020	inclusive	50000	34741920	35025837	3:1		no_unique_discrete_prediction	0.0208333333333	-0.0104166666667	-0.0104166666667	q1	0.03125	false	low	C1:resolved;C2:resolved;S:single_representative;O:single_representative
N62	inclusive_SEG_020	inclusive	50000	34741920	35025837	C1=C2!=S=O	q1	unique_2:2	0.895833333333	-0.416666666667	-0.479166666667	q1	1.3125	true	low	C1:single_representative;C2:single_representative;S:resolved;O:resolved
Columbea	inclusive_SEG_021	inclusive	50000	35025838	35331645	unresolved/missing		no_unique_discrete_prediction						true	low	C1:structurally_heterogeneous;C2:single_representative;S:resolved;O:missing_role_representative
N61	inclusive_SEG_021	inclusive	50000	35025838	35331645	unresolved/missing		no_unique_discrete_prediction	-0.0416666666667	0.0208333333333	0.0208333333333		0	true	low	C1:resolved;C2:structurally_heterogeneous;S:single_representative;O:single_representative
N62	inclusive_SEG_021	inclusive	50000	35025838	35331645	3:1		no_unique_discrete_prediction	-0.125	0	0.125	q3	0.125	false	low	C1:single_representative;C2:single_representative;S:resolved;O:resolved
Columbea	inclusive_SEG_022	inclusive	50000	35331646	37255236	unresolved/missing		no_unique_discrete_prediction						true	high	C1:structurally_heterogeneous;C2:single_representative;S:resolved;O:missing_role_representative
N61	inclusive_SEG_022	inclusive	50000	35331646	37255236	unresolved/missing		no_unique_discrete_prediction	0.00280136530137	-0.0125395437895	0.00973817848818	q3	0.00693681318681	false	high	C1:resolved;C2:structurally_heterogeneous;S:single_representative;O:single_representative
N62	inclusive_SEG_022	inclusive	50000	35331646	37255236	2:1:1		no_unique_discrete_prediction	0.851412476412	-0.423820623821	-0.427591852592	q1	1.27523310023	false	high	C1:single_representative;C2:single_representative;S:resolved;O:resolved
Columbea	inclusive_SEG_023	inclusive	50000	37255237	39237022	unresolved/missing		no_unique_discrete_prediction						true	high	C1:structurally_heterogeneous;C2:single_representative;S:structurally_heterogeneous;O:missing_role_representative
N61	inclusive_SEG_023	inclusive	50000	37255237	39237022	unresolved/missing		no_unique_discrete_prediction	-0.248636779887	0.124009324009	0.124627455877	q3	0.000618131868132	false	high	C1:structurally_heterogeneous;C2:structurally_heterogeneous;S:single_representative;O:single_representative
N62	inclusive_SEG_023	inclusive	50000	37255237	39237022	unresolved/missing		no_unique_discrete_prediction	-0.248861555112	0.124958374958	0.123903180153	q2	0.00105519480519	false	high	C1:single_representative;C2:single_representative;S:structurally_heterogeneous;O:structurally_heterogeneous
Columbea	inclusive_SEG_024	inclusive	50000	39237023	42267292	unresolved/missing		no_unique_discrete_prediction						true	high	C1:structurally_heterogeneous;C2:single_representative;S:resolved;O:missing_role_representative
N61	inclusive_SEG_024	inclusive	50000	39237023	42267292	unresolved/missing		no_unique_discrete_prediction	0.00229113475534	0.00013604574605	-0.00242718050139	q1	0.00215508900929	false	high	C1:resolved;C2:structurally_heterogeneous;S:single_representative;O:single_representative
N62	inclusive_SEG_024	inclusive	50000	39237023	42267292	3:1		no_unique_discrete_prediction	-0.00189810673073	0.00438575549837	-0.00248764876764	q2	0.0062838622291	false	high	C1:single_representative;C2:single_representative;S:resolved;O:resolved
Columbea	inclusive_SEG_025	inclusive	50000	42267293	44647530	unresolved/missing		no_unique_discrete_prediction						true	high	C1:structurally_heterogeneous;C2:single_representative;S:structurally_heterogeneous;O:missing_role_representative
N61	inclusive_SEG_025	inclusive	50000	42267293	44647530	unresolved/missing		no_unique_discrete_prediction	-0.0178222818848	-0.00894444097569	0.0267667228605	q3	0.0357111638362	false	high	C1:resolved;C2:structurally_heterogeneous;S:single_representative;O:single_representative
N62	inclusive_SEG_025	inclusive	50000	42267293	44647530	unresolved/missing		no_unique_discrete_prediction	-0.00270233238983	-0.00423777611278	0.00694010850261	q3	0.00964244089244	false	high	C1:single_representative;C2:single_representative;S:resolved;O:structurally_heterogeneous
Columbea	inclusive_SEG_026	inclusive	50000	44647531	45658664	unresolved/missing		no_unique_discrete_prediction						true	low	C1:structurally_heterogeneous;C2:single_representative;S:structurally_heterogeneous;O:missing_role_representative
N61	inclusive_SEG_026	inclusive	50000	44647531	45658664	unresolved/missing		no_unique_discrete_prediction						true	low	C1:structurally_heterogeneous;C2:structurally_heterogeneous;S:single_representative;O:single_representative
N62	inclusive_SEG_026	inclusive	50000	44647531	45658664	unresolved/missing		no_unique_discrete_prediction						true	low	C1:single_representative;C2:single_representative;S:structurally_heterogeneous;O:structurally_heterogeneous
Columbea	inclusive_SEG_027	inclusive	50000	45658665	46422770	unresolved/missing		no_unique_discrete_prediction						true	low	C1:structurally_heterogeneous;C2:single_representative;S:structurally_heterogeneous;O:missing_role_representative
N61	inclusive_SEG_027	inclusive	50000	45658665	46422770	unresolved/missing		no_unique_discrete_prediction						true	low	C1:structurally_heterogeneous;C2:structurally_heterogeneous;S:single_representative;O:single_representative
N62	inclusive_SEG_027	inclusive	50000	45658665	46422770	unresolved/missing		no_unique_discrete_prediction						true	low	C1:single_representative;C2:single_representative;S:structurally_heterogeneous;O:structurally_heterogeneous
Columbea	inclusive_SEG_028	inclusive	50000	46422771	47143089	unresolved/missing		no_unique_discrete_prediction						true	low	C1:structurally_heterogeneous;C2:single_representative;S:structurally_heterogeneous;O:missing_role_representative
N61	inclusive_SEG_028	inclusive	50000	46422771	47143089	unresolved/missing		no_unique_discrete_prediction						true	low	C1:structurally_heterogeneous;C2:structurally_heterogeneous;S:single_representative;O:single_representative
N62	inclusive_SEG_028	inclusive	50000	46422771	47143089	unresolved/missing		no_unique_discrete_prediction						true	low	C1:single_representative;C2:single_representative;S:structurally_heterogeneous;O:structurally_heterogeneous
Columbea	inclusive_SEG_029	inclusive	50000	47143090	47228924	unresolved/missing		no_unique_discrete_prediction						true	limited	C1:structurally_heterogeneous;C2:single_representative;S:structurally_heterogeneous;O:missing_role_representative
N61	inclusive_SEG_029	inclusive	50000	47143090	47228924	unresolved/missing		no_unique_discrete_prediction						true	limited	C1:structurally_heterogeneous;C2:structurally_heterogeneous;S:single_representative;O:single_representative
N62	inclusive_SEG_029	inclusive	50000	47143090	47228924	unresolved/missing		no_unique_discrete_prediction						true	limited	C1:single_representative;C2:single_representative;S:structurally_heterogeneous;O:structurally_heterogeneous
Columbea	inclusive_SEG_030	inclusive	50000	47228925	49159743	unresolved/missing		no_unique_discrete_prediction						true	high	C1:resolved;C2:single_representative;S:structurally_heterogeneous;O:missing_role_representative
N61	inclusive_SEG_030	inclusive	50000	47228925	49159743	unresolved/missing		no_unique_discrete_prediction	-0.461111111111	0.972222222222	-0.511111111111	q2	1.43333333333	false	high	C1:structurally_heterogeneous;C2:resolved;S:single_representative;O:single_representative
N62	inclusive_SEG_030	inclusive	50000	47228925	49159743	unresolved/missing		no_unique_discrete_prediction	0.465277777778	-0.243055555556	-0.222222222222	q1	0.6875	false	high	C1:single_representative;C2:single_representative;S:structurally_heterogeneous;O:structurally_heterogeneous
Columbea	inclusive_SEG_031	inclusive	50000	49159744	49624080	unresolved/missing		no_unique_discrete_prediction						true	low	C1:structurally_heterogeneous;C2:single_representative;S:resolved;O:missing_role_representative
N61	inclusive_SEG_031	inclusive	50000	49159744	49624080	unresolved/missing		no_unique_discrete_prediction	0	0	0		0	false	low	C1:resolved;C2:structurally_heterogeneous;S:single_representative;O:single_representative
N62	inclusive_SEG_031	inclusive	50000	49159744	49624080	3:1		no_unique_discrete_prediction	0	0	0		0	true	low	C1:single_representative;C2:single_representative;S:resolved;O:resolved
Columbea	inclusive_SEG_032	inclusive	50000	49624081	50085260	unresolved/missing		no_unique_discrete_prediction						true	low	C1:resolved;C2:single_representative;S:structurally_heterogeneous;O:missing_role_representative
N61	inclusive_SEG_032	inclusive	50000	49624081	50085260	2:1:1		no_unique_discrete_prediction						true	low	C1:resolved;C2:resolved;S:single_representative;O:single_representative
N62	inclusive_SEG_032	inclusive	50000	49624081	50085260	unresolved/missing		no_unique_discrete_prediction	0.75	-0.375	-0.375	q1	1.125	false	low	C1:single_representative;C2:single_representative;S:resolved;O:structurally_heterogeneous
Columbea	inclusive_SEG_033	inclusive	50000	50085261	50410378	unresolved/missing		no_unique_discrete_prediction						true	low	C1:structurally_heterogeneous;C2:single_representative;S:resolved;O:missing_role_representative
N61	inclusive_SEG_033	inclusive	50000	50085261	50410378	unresolved/missing		no_unique_discrete_prediction	-0.0208333333333	0.104166666667	-0.0833333333333	q2	0.125	false	low	C1:resolved;C2:structurally_heterogeneous;S:single_representative;O:single_representative
N62	inclusive_SEG_033	inclusive	50000	50085261	50410378	3:1		no_unique_discrete_prediction	0	0	0		0	true	low	C1:single_representative;C2:single_representative;S:resolved;O:resolved
Columbea	inclusive_SEG_034	inclusive	50000	50410379	50989362	unresolved/missing		no_unique_discrete_prediction						true	low	C1:structurally_heterogeneous;C2:single_representative;S:structurally_heterogeneous;O:missing_role_representative
N61	inclusive_SEG_034	inclusive	50000	50410379	50989362	unresolved/missing		no_unique_discrete_prediction						true	low	C1:structurally_heterogeneous;C2:structurally_heterogeneous;S:single_representative;O:single_representative
N62	inclusive_SEG_034	inclusive	50000	50410379	50989362	unresolved/missing		no_unique_discrete_prediction						true	low	C1:single_representative;C2:single_representative;S:structurally_heterogeneous;O:structurally_heterogeneous
Columbea	inclusive_SEG_035	inclusive	50000	50989363	51570722	unresolved/missing		no_unique_discrete_prediction						true	low	C1:structurally_heterogeneous;C2:single_representative;S:structurally_heterogeneous;O:missing_role_representative
N61	inclusive_SEG_035	inclusive	50000	50989363	51570722	unresolved/missing		no_unique_discrete_prediction						true	low	C1:structurally_heterogeneous;C2:structurally_heterogeneous;S:single_representative;O:single_representative
N62	inclusive_SEG_035	inclusive	50000	50989363	51570722	unresolved/missing		no_unique_discrete_prediction						true	low	C1:single_representative;C2:single_representative;S:structurally_heterogeneous;O:structurally_heterogeneous
Columbea	inclusive_SEG_036	inclusive	50000	51570723	51789124	unresolved/missing		no_unique_discrete_prediction						true	low	C1:structurally_heterogeneous;C2:single_representative;S:structurally_heterogeneous;O:missing_role_representative
N61	inclusive_SEG_036	inclusive	50000	51570723	51789124	unresolved/missing		no_unique_discrete_prediction	-0.166666666667	0.208333333333	-0.0416666666667	q2	0.25	true	low	C1:structurally_heterogeneous;C2:structurally_heterogeneous;S:single_representative;O:single_representative
N62	inclusive_SEG_036	inclusive	50000	51570723	51789124	unresolved/missing		no_unique_discrete_prediction	-0.0833333333333	0.229166666667	-0.145833333333	q2	0.3125	true	low	C1:single_representative;C2:single_representative;S:structurally_heterogeneous;O:structurally_heterogeneous
Columbea	inclusive_SEG_037	inclusive	50000	51789125	55393543	unresolved/missing		no_unique_discrete_prediction						true	high	C1:structurally_heterogeneous;C2:single_representative;S:structurally_heterogeneous;O:missing_role_representative
N61	inclusive_SEG_037	inclusive	50000	51789125	55393543	unresolved/missing		no_unique_discrete_prediction	0.249552054543	-0.123858466572	-0.125693587972	q1	0.373410521115	false	high	C1:structurally_heterogeneous;C2:structurally_heterogeneous;S:single_representative;O:single_representative
N62	inclusive_SEG_037	inclusive	50000	51789125	55393543	unresolved/missing		no_unique_discrete_prediction	-0.242423313719	0.490848848901	-0.248425535182	q2	0.73327216262	false	high	C1:single_representative;C2:single_representative;S:structurally_heterogeneous;O:resolved
Columbea	inclusive_SEG_038	inclusive	50000	55393544	55750019	unresolved/missing		no_unique_discrete_prediction						true	low	C1:structurally_heterogeneous;C2:single_representative;S:structurally_heterogeneous;O:missing_role_representative
N61	inclusive_SEG_038	inclusive	50000	55393544	55750019	unresolved/missing		no_unique_discrete_prediction						true	low	C1:resolved;C2:structurally_heterogeneous;S:single_representative;O:single_representative
N62	inclusive_SEG_038	inclusive	50000	55393544	55750019	unresolved/missing		no_unique_discrete_prediction						true	low	C1:single_representative;C2:single_representative;S:resolved;O:structurally_heterogeneous
Columbea	inclusive_SEG_039	inclusive	50000	55750020	56712451	unresolved/missing		no_unique_discrete_prediction						true	high	C1:structurally_heterogeneous;C2:single_representative;S:structurally_heterogeneous;O:missing_role_representative
N61	inclusive_SEG_039	inclusive	50000	55750020	56712451	unresolved/missing		no_unique_discrete_prediction	-0.0138392857143	-0.003125	0.0169642857143	q3	0.0200892857143	false	high	C1:structurally_heterogeneous;C2:structurally_heterogeneous;S:single_representative;O:single_representative
N62	inclusive_SEG_039	inclusive	50000	55750020	56712451	unresolved/missing		no_unique_discrete_prediction						true	high	C1:single_representative;C2:single_representative;S:structurally_heterogeneous;O:resolved
Columbea	inclusive_SEG_040	inclusive	50000	56712452	57203613	unresolved/missing		no_unique_discrete_prediction						true	low	C1:structurally_heterogeneous;C2:single_representative;S:resolved;O:missing_role_representative
N61	inclusive_SEG_040	inclusive	50000	56712452	57203613	unresolved/missing		no_unique_discrete_prediction	0	0	0		0	true	low	C1:resolved;C2:structurally_heterogeneous;S:single_representative;O:single_representative
N62	inclusive_SEG_040	inclusive	50000	56712452	57203613	3:1		no_unique_discrete_prediction	0	0	0		0	true	low	C1:single_representative;C2:single_representative;S:resolved;O:resolved
Columbea	inclusive_SEG_041	inclusive	50000	57203614	58171516	unresolved/missing		no_unique_discrete_prediction						true	high	C1:structurally_heterogeneous;C2:single_representative;S:structurally_heterogeneous;O:missing_role_representative
N61	inclusive_SEG_041	inclusive	50000	57203614	58171516	unresolved/missing		no_unique_discrete_prediction	-0.030753968254	0.00257936507937	0.0281746031746	q3	0.0255952380952	false	high	C1:structurally_heterogeneous;C2:structurally_heterogeneous;S:single_representative;O:single_representative
N62	inclusive_SEG_041	inclusive	50000	57203614	58171516	unresolved/missing		no_unique_discrete_prediction	-0.258531746032	-0.10376984127	0.362301587302	q3	0.466071428571	false	high	C1:single_representative;C2:single_representative;S:structurally_heterogeneous;O:structurally_heterogeneous
Columbea	inclusive_SEG_042	inclusive	50000	58171517	59982754	unresolved/missing		no_unique_discrete_prediction						true	high	C1:structurally_heterogeneous;C2:single_representative;S:resolved;O:missing_role_representative
N61	inclusive_SEG_042	inclusive	50000	58171517	59982754	unresolved/missing		no_unique_discrete_prediction	0.00110271672772	0.00644268925519	-0.00754540598291	q2	0.00533997252747	false	high	C1:resolved;C2:structurally_heterogeneous;S:single_representative;O:single_representative
N62	inclusive_SEG_042	inclusive	50000	58171517	59982754	2:1:1		no_unique_discrete_prediction	0.86665521978	-0.465041208791	-0.401614010989	q1	1.26826923077	false	high	C1:single_representative;C2:single_representative;S:resolved;O:resolved
Columbea	inclusive_SEG_043	inclusive	50000	59982755	61035423	unresolved/missing		no_unique_discrete_prediction						true	low	C1:structurally_heterogeneous;C2:single_representative;S:structurally_heterogeneous;O:missing_role_representative
N61	inclusive_SEG_043	inclusive	50000	59982755	61035423	unresolved/missing		no_unique_discrete_prediction						true	low	C1:structurally_heterogeneous;C2:structurally_heterogeneous;S:single_representative;O:single_representative
N62	inclusive_SEG_043	inclusive	50000	59982755	61035423	unresolved/missing		no_unique_discrete_prediction						true	low	C1:single_representative;C2:single_representative;S:structurally_heterogeneous;O:structurally_heterogeneous
Columbea	inclusive_SEG_044	inclusive	50000	61035424	91310470	unresolved/missing		no_unique_discrete_prediction						true	high	C1:structurally_heterogeneous;C2:single_representative;S:structurally_heterogeneous;O:missing_role_representative
N61	inclusive_SEG_044	inclusive	50000	61035424	91310470	unresolved/missing		no_unique_discrete_prediction	0.00538490692864	-0.00225568706259	-0.00312921986605	q1	0.00764059399123	false	high	C1:structurally_heterogeneous;C2:structurally_heterogeneous;S:single_representative;O:single_representative
N62	inclusive_SEG_044	inclusive	50000	61035424	91310470	unresolved/missing		no_unique_discrete_prediction	-0.00424469268961	0.00462848334115	-0.000383790651535	q2	0.00501227399268	false	high	C1:single_representative;C2:single_representative;S:structurally_heterogeneous;O:structurally_heterogeneous
Columbea	inclusive_SEG_001	inclusive	100000	1	1582350	unresolved/missing		no_unique_discrete_prediction						true	low	C1:structurally_heterogeneous;C2:single_representative;S:structurally_heterogeneous;O:missing_role_representative
N61	inclusive_SEG_001	inclusive	100000	1	1582350	unresolved/missing		no_unique_discrete_prediction						true	low	C1:structurally_heterogeneous;C2:structurally_heterogeneous;S:single_representative;O:single_representative
N62	inclusive_SEG_001	inclusive	100000	1	1582350	unresolved/missing		no_unique_discrete_prediction						true	low	C1:single_representative;C2:single_representative;S:structurally_heterogeneous;O:structurally_heterogeneous
Columbea	inclusive_SEG_002	inclusive	100000	1582351	1949860	unresolved/missing		no_unique_discrete_prediction						true	limited	C1:structurally_heterogeneous;C2:single_representative;S:structurally_heterogeneous;O:missing_role_representative
N61	inclusive_SEG_002	inclusive	100000	1582351	1949860	unresolved/missing		no_unique_discrete_prediction						true	limited	C1:structurally_heterogeneous;C2:structurally_heterogeneous;S:single_representative;O:single_representative
N62	inclusive_SEG_002	inclusive	100000	1582351	1949860	unresolved/missing		no_unique_discrete_prediction						true	limited	C1:single_representative;C2:single_representative;S:structurally_heterogeneous;O:structurally_heterogeneous
Columbea	inclusive_SEG_003	inclusive	100000	1949861	5161408	unresolved/missing		no_unique_discrete_prediction						true	low	C1:structurally_heterogeneous;C2:single_representative;S:structurally_heterogeneous;O:missing_role_representative
N61	inclusive_SEG_003	inclusive	100000	1949861	5161408	unresolved/missing		no_unique_discrete_prediction						false	low	C1:structurally_heterogeneous;C2:structurally_heterogeneous;S:single_representative;O:single_representative
N62	inclusive_SEG_003	inclusive	100000	1949861	5161408	unresolved/missing		no_unique_discrete_prediction						false	low	C1:single_representative;C2:single_representative;S:structurally_heterogeneous;O:structurally_heterogeneous
Columbea	inclusive_SEG_004	inclusive	100000	5161409	8704428	unresolved/missing		no_unique_discrete_prediction						true	high	C1:structurally_heterogeneous;C2:single_representative;S:structurally_heterogeneous;O:missing_role_representative
N61	inclusive_SEG_004	inclusive	100000	5161409	8704428	unresolved/missing		no_unique_discrete_prediction	0.951406926407	-0.503382034632	-0.448024891775	q1	1.39943181818	false	high	C1:structurally_heterogeneous;C2:structurally_heterogeneous;S:single_representative;O:single_representative
N62	inclusive_SEG_004	inclusive	100000	5161409	8704428	unresolved/missing		no_unique_discrete_prediction	0.00854076479076	0.0200396825397	-0.0285804473304	q2	0.0114989177489	false	high	C1:single_representative;C2:single_representative;S:structurally_heterogeneous;O:resolved
Columbea	inclusive_SEG_005	inclusive	100000	8704429	9504880	unresolved/missing		no_unique_discrete_prediction						true	low	C1:structurally_heterogeneous;C2:single_representative;S:structurally_heterogeneous;O:missing_role_representative
N61	inclusive_SEG_005	inclusive	100000	8704429	9504880	unresolved/missing		no_unique_discrete_prediction						true	low	C1:structurally_heterogeneous;C2:structurally_heterogeneous;S:single_representative;O:single_representative
N62	inclusive_SEG_005	inclusive	100000	8704429	9504880	unresolved/missing		no_unique_discrete_prediction						true	low	C1:single_representative;C2:single_representative;S:structurally_heterogeneous;O:structurally_heterogeneous
Columbea	inclusive_SEG_006	inclusive	100000	9504881	10974030	unresolved/missing		no_unique_discrete_prediction						true	low	C1:structurally_heterogeneous;C2:single_representative;S:structurally_heterogeneous;O:missing_role_representative
N61	inclusive_SEG_006	inclusive	100000	9504881	10974030	unresolved/missing		no_unique_discrete_prediction						true	low	C1:structurally_heterogeneous;C2:structurally_heterogeneous;S:single_representative;O:single_representative
N62	inclusive_SEG_006	inclusive	100000	9504881	10974030	unresolved/missing		no_unique_discrete_prediction						true	low	C1:single_representative;C2:single_representative;S:structurally_heterogeneous;O:structurally_heterogeneous
Columbea	inclusive_SEG_007	inclusive	100000	10974031	11304692	unresolved/missing		no_unique_discrete_prediction						true	limited	C1:structurally_heterogeneous;C2:single_representative;S:structurally_heterogeneous;O:missing_role_representative
N61	inclusive_SEG_007	inclusive	100000	10974031	11304692	unresolved/missing		no_unique_discrete_prediction						false	limited	C1:structurally_heterogeneous;C2:structurally_heterogeneous;S:single_representative;O:single_representative
N62	inclusive_SEG_007	inclusive	100000	10974031	11304692	unresolved/missing		no_unique_discrete_prediction						true	limited	C1:single_representative;C2:single_representative;S:structurally_heterogeneous;O:structurally_heterogeneous
Columbea	inclusive_SEG_008	inclusive	100000	11304693	12214254	unresolved/missing		no_unique_discrete_prediction						true	low	C1:structurally_heterogeneous;C2:single_representative;S:structurally_heterogeneous;O:missing_role_representative
N61	inclusive_SEG_008	inclusive	100000	11304693	12214254	unresolved/missing		no_unique_discrete_prediction						true	low	C1:structurally_heterogeneous;C2:structurally_heterogeneous;S:single_representative;O:single_representative
N62	inclusive_SEG_008	inclusive	100000	11304693	12214254	unresolved/missing		no_unique_discrete_prediction						true	low	C1:single_representative;C2:single_representative;S:structurally_heterogeneous;O:structurally_heterogeneous
Columbea	inclusive_SEG_009	inclusive	100000	12214255	12886511	unresolved/missing		no_unique_discrete_prediction						true	low	C1:structurally_heterogeneous;C2:single_representative;S:structurally_heterogeneous;O:missing_role_representative
N61	inclusive_SEG_009	inclusive	100000	12214255	12886511	unresolved/missing		no_unique_discrete_prediction						false	low	C1:structurally_heterogeneous;C2:structurally_heterogeneous;S:single_representative;O:single_representative
N62	inclusive_SEG_009	inclusive	100000	12214255	12886511	unresolved/missing		no_unique_discrete_prediction						false	low	C1:single_representative;C2:single_representative;S:structurally_heterogeneous;O:structurally_heterogeneous
Columbea	inclusive_SEG_010	inclusive	100000	12886512	14318518	unresolved/missing		no_unique_discrete_prediction						true	low	C1:structurally_heterogeneous;C2:single_representative;S:structurally_heterogeneous;O:missing_role_representative
N61	inclusive_SEG_010	inclusive	100000	12886512	14318518	unresolved/missing		no_unique_discrete_prediction						false	low	C1:structurally_heterogeneous;C2:structurally_heterogeneous;S:single_representative;O:single_representative
N62	inclusive_SEG_010	inclusive	100000	12886512	14318518	unresolved/missing		no_unique_discrete_prediction						false	low	C1:single_representative;C2:single_representative;S:structurally_heterogeneous;O:structurally_heterogeneous
Columbea	inclusive_SEG_011	inclusive	100000	14318519	16491814	unresolved/missing		no_unique_discrete_prediction						true	low	C1:structurally_heterogeneous;C2:single_representative;S:structurally_heterogeneous;O:missing_role_representative
N61	inclusive_SEG_011	inclusive	100000	14318519	16491814	unresolved/missing		no_unique_discrete_prediction						false	low	C1:resolved;C2:structurally_heterogeneous;S:single_representative;O:single_representative
N62	inclusive_SEG_011	inclusive	100000	14318519	16491814	1:1:1:1		no_unique_discrete_prediction						false	low	C1:single_representative;C2:single_representative;S:resolved;O:resolved
Columbea	inclusive_SEG_012	inclusive	100000	16491815	18036264	unresolved/missing		no_unique_discrete_prediction						true	low	C1:structurally_heterogeneous;C2:single_representative;S:structurally_heterogeneous;O:missing_role_representative
N61	inclusive_SEG_012	inclusive	100000	16491815	18036264	unresolved/missing		no_unique_discrete_prediction						false	low	C1:structurally_heterogeneous;C2:structurally_heterogeneous;S:single_representative;O:single_representative
N62	inclusive_SEG_012	inclusive	100000	16491815	18036264	unresolved/missing		no_unique_discrete_prediction						false	low	C1:single_representative;C2:single_representative;S:structurally_heterogeneous;O:structurally_heterogeneous
Columbea	inclusive_SEG_013	inclusive	100000	18036265	19760078	unresolved/missing		no_unique_discrete_prediction						true	low	C1:structurally_heterogeneous;C2:single_representative;S:structurally_heterogeneous;O:missing_role_representative
N61	inclusive_SEG_013	inclusive	100000	18036265	19760078	unresolved/missing		no_unique_discrete_prediction						false	low	C1:structurally_heterogeneous;C2:structurally_heterogeneous;S:single_representative;O:single_representative
N62	inclusive_SEG_013	inclusive	100000	18036265	19760078	unresolved/missing		no_unique_discrete_prediction						false	low	C1:single_representative;C2:single_representative;S:structurally_heterogeneous;O:structurally_heterogeneous
Columbea	inclusive_SEG_014	inclusive	100000	19760079	25213019	unresolved/missing		no_unique_discrete_prediction						true	high	C1:structurally_heterogeneous;C2:single_representative;S:structurally_heterogeneous;O:missing_role_representative
N61	inclusive_SEG_014	inclusive	100000	19760079	25213019	unresolved/missing		no_unique_discrete_prediction	0.064880952381	-0.0431547619048	-0.0217261904762	q1	0.0866071428571	false	high	C1:resolved;C2:structurally_heterogeneous;S:single_representative;O:single_representative
N62	inclusive_SEG_014	inclusive	100000	19760079	25213019	unresolved/missing		no_unique_discrete_prediction	0.0136904761905	-0.0193452380952	0.00565476190476	q1	0.00803571428571	false	high	C1:single_representative;C2:single_representative;S:resolved;O:structurally_heterogeneous
Columbea	inclusive_SEG_015	inclusive	100000	25213020	25559087	unresolved/missing		no_unique_discrete_prediction						true	limited	C1:structurally_heterogeneous;C2:single_representative;S:structurally_heterogeneous;O:missing_role_representative
N61	inclusive_SEG_015	inclusive	100000	25213020	25559087	unresolved/missing		no_unique_discrete_prediction	0	0	0		0	false	limited	C1:structurally_heterogeneous;C2:structurally_heterogeneous;S:single_representative;O:single_representative
N62	inclusive_SEG_015	inclusive	100000	25213020	25559087	unresolved/missing		no_unique_discrete_prediction						false	limited	C1:single_representative;C2:single_representative;S:structurally_heterogeneous;O:resolved
Columbea	inclusive_SEG_016	inclusive	100000	25559088	33234049	unresolved/missing		no_unique_discrete_prediction						true	high	C1:structurally_heterogeneous;C2:single_representative;S:structurally_heterogeneous;O:missing_role_representative
N61	inclusive_SEG_016	inclusive	100000	25559088	33234049	unresolved/missing		no_unique_discrete_prediction	0.233529838217	-0.12458028083	-0.108949557387	q1	0.342479395604	true	high	C1:structurally_heterogeneous;C2:structurally_heterogeneous;S:single_representative;O:single_representative
N62	inclusive_SEG_016	inclusive	100000	25559088	33234049	unresolved/missing		no_unique_discrete_prediction	-0.233728250916	0.783828411172	-0.550100160256	q2	1.01755666209	false	high	C1:single_representative;C2:single_representative;S:structurally_heterogeneous;O:structurally_heterogeneous
Columbea	inclusive_SEG_017	inclusive	100000	33234050	34021640	unresolved/missing		no_unique_discrete_prediction						true	low	C1:structurally_heterogeneous;C2:single_representative;S:structurally_heterogeneous;O:missing_role_representative
N61	inclusive_SEG_017	inclusive	100000	33234050	34021640	unresolved/missing		no_unique_discrete_prediction	0.00610119047619	0.0650297619048	-0.071130952381	q2	0.0589285714286	false	low	C1:structurally_heterogeneous;C2:structurally_heterogeneous;S:single_representative;O:single_representative
N62	inclusive_SEG_017	inclusive	100000	33234050	34021640	unresolved/missing		no_unique_discrete_prediction	-0.0296130952381	0.0717261904762	-0.0421130952381	q2	0.101339285714	false	low	C1:single_representative;C2:single_representative;S:structurally_heterogeneous;O:structurally_heterogeneous
Columbea	inclusive_SEG_018	inclusive	100000	34021641	34232794	unresolved/missing		no_unique_discrete_prediction						true	limited	C1:structurally_heterogeneous;C2:single_representative;S:structurally_heterogeneous;O:missing_role_representative
N61	inclusive_SEG_018	inclusive	100000	34021641	34232794	unresolved/missing		no_unique_discrete_prediction	0.125	-0.0625	-0.0625	q1	0.1875	true	limited	C1:structurally_heterogeneous;C2:structurally_heterogeneous;S:single_representative;O:single_representative
N62	inclusive_SEG_018	inclusive	100000	34021641	34232794	unresolved/missing		no_unique_discrete_prediction	-0.125	-0.125	0.25	q3	0.375	true	limited	C1:single_representative;C2:single_representative;S:structurally_heterogeneous;O:resolved
Columbea	inclusive_SEG_019	inclusive	100000	34232795	34741919	unresolved/missing		no_unique_discrete_prediction						true	low	C1:structurally_heterogeneous;C2:single_representative;S:structurally_heterogeneous;O:missing_role_representative
N61	inclusive_SEG_019	inclusive	100000	34232795	34741919	unresolved/missing		no_unique_discrete_prediction						true	low	C1:structurally_heterogeneous;C2:structurally_heterogeneous;S:single_representative;O:single_representative
N62	inclusive_SEG_019	inclusive	100000	34232795	34741919	unresolved/missing		no_unique_discrete_prediction						false	low	C1:single_representative;C2:single_representative;S:structurally_heterogeneous;O:structurally_heterogeneous
Columbea	inclusive_SEG_020	inclusive	100000	34741920	35025837	unresolved/missing		no_unique_discrete_prediction						true	limited	C1:resolved;C2:single_representative;S:resolved;O:missing_role_representative
N61	inclusive_SEG_020	inclusive	100000	34741920	35025837	3:1		no_unique_discrete_prediction	0	0	0		0	false	limited	C1:resolved;C2:resolved;S:single_representative;O:single_representative
N62	inclusive_SEG_020	inclusive	100000	34741920	35025837	C1=C2!=S=O	q1	unique_2:2	0.75	-0.375	-0.375	q1	1.125	true	limited	C1:single_representative;C2:single_representative;S:resolved;O:resolved
Columbea	inclusive_SEG_021	inclusive	100000	35025838	35331645	unresolved/missing		no_unique_discrete_prediction						true	limited	C1:structurally_heterogeneous;C2:single_representative;S:structurally_heterogeneous;O:missing_role_representative
N61	inclusive_SEG_021	inclusive	100000	35025838	35331645	unresolved/missing		no_unique_discrete_prediction	0	0	0		0	true	limited	C1:structurally_heterogeneous;C2:structurally_heterogeneous;S:single_representative;O:single_representative
N62	inclusive_SEG_021	inclusive	100000	35025838	35331645	unresolved/missing		no_unique_discrete_prediction	0	0	0		0	false	limited	C1:single_representative;C2:single_representative;S:structurally_heterogeneous;O:resolved
Columbea	inclusive_SEG_022	inclusive	100000	35331646	37255236	unresolved/missing		no_unique_discrete_prediction						true	low	C1:structurally_heterogeneous;C2:single_representative;S:structurally_heterogeneous;O:missing_role_representative
N61	inclusive_SEG_022	inclusive	100000	35331646	37255236	unresolved/missing		no_unique_discrete_prediction						false	low	C1:structurally_heterogeneous;C2:structurally_heterogeneous;S:single_representative;O:single_representative
N62	inclusive_SEG_022	inclusive	100000	35331646	37255236	unresolved/missing		no_unique_discrete_prediction						false	low	C1:single_representative;C2:single_representative;S:structurally_heterogeneous;O:resolved
Columbea	inclusive_SEG_023	inclusive	100000	37255237	39237022	unresolved/missing		no_unique_discrete_prediction						true	low	C1:structurally_heterogeneous;C2:single_representative;S:structurally_heterogeneous;O:missing_role_representative
N61	inclusive_SEG_023	inclusive	100000	37255237	39237022	unresolved/missing		no_unique_discrete_prediction						false	low	C1:structurally_heterogeneous;C2:structurally_heterogeneous;S:single_representative;O:single_representative
N62	inclusive_SEG_023	inclusive	100000	37255237	39237022	unresolved/missing		no_unique_discrete_prediction						false	low	C1:single_representative;C2:single_representative;S:structurally_heterogeneous;O:structurally_heterogeneous
Columbea	inclusive_SEG_024	inclusive	100000	39237023	42267292	unresolved/missing		no_unique_discrete_prediction						true	low	C1:structurally_heterogeneous;C2:single_representative;S:structurally_heterogeneous;O:missing_role_representative
N61	inclusive_SEG_024	inclusive	100000	39237023	42267292	unresolved/missing		no_unique_discrete_prediction	-0.122916666667	0.239583333333	-0.116666666667	q2	0.35625	false	low	C1:structurally_heterogeneous;C2:structurally_heterogeneous;S:single_representative;O:single_representative
N62	inclusive_SEG_024	inclusive	100000	39237023	42267292	unresolved/missing		no_unique_discrete_prediction	-0.00416666666667	-0.00416666666667	0.00833333333333	q3	0.0125	false	low	C1:single_representative;C2:single_representative;S:structurally_heterogeneous;O:resolved
Columbea	inclusive_SEG_025	inclusive	100000	42267293	44647530	unresolved/missing		no_unique_discrete_prediction						true	low	C1:structurally_heterogeneous;C2:single_representative;S:structurally_heterogeneous;O:missing_role_representative
N61	inclusive_SEG_025	inclusive	100000	42267293	44647530	unresolved/missing		no_unique_discrete_prediction						false	low	C1:structurally_heterogeneous;C2:structurally_heterogeneous;S:single_representative;O:single_representative
N62	inclusive_SEG_025	inclusive	100000	42267293	44647530	unresolved/missing		no_unique_discrete_prediction						false	low	C1:single_representative;C2:single_representative;S:structurally_heterogeneous;O:structurally_heterogeneous
Columbea	inclusive_SEG_026	inclusive	100000	44647531	45658664	unresolved/missing		no_unique_discrete_prediction						true	low	C1:structurally_heterogeneous;C2:single_representative;S:structurally_heterogeneous;O:missing_role_representative
N61	inclusive_SEG_026	inclusive	100000	44647531	45658664	unresolved/missing		no_unique_discrete_prediction						true	low	C1:structurally_heterogeneous;C2:structurally_heterogeneous;S:single_representative;O:single_representative
N62	inclusive_SEG_026	inclusive	100000	44647531	45658664	unresolved/missing		no_unique_discrete_prediction						true	low	C1:single_representative;C2:single_representative;S:structurally_heterogeneous;O:structurally_heterogeneous
Columbea	inclusive_SEG_027	inclusive	100000	45658665	46422770	unresolved/missing		no_unique_discrete_prediction						true	low	C1:structurally_heterogeneous;C2:single_representative;S:structurally_heterogeneous;O:missing_role_representative
N61	inclusive_SEG_027	inclusive	100000	45658665	46422770	unresolved/missing		no_unique_discrete_prediction						true	low	C1:structurally_heterogeneous;C2:structurally_heterogeneous;S:single_representative;O:single_representative
N62	inclusive_SEG_027	inclusive	100000	45658665	46422770	unresolved/missing		no_unique_discrete_prediction						true	low	C1:single_representative;C2:single_representative;S:structurally_heterogeneous;O:structurally_heterogeneous
Columbea	inclusive_SEG_028	inclusive	100000	46422771	47143089	unresolved/missing		no_unique_discrete_prediction						true	low	C1:structurally_heterogeneous;C2:single_representative;S:structurally_heterogeneous;O:missing_role_representative
N61	inclusive_SEG_028	inclusive	100000	46422771	47143089	unresolved/missing		no_unique_discrete_prediction						true	low	C1:structurally_heterogeneous;C2:structurally_heterogeneous;S:single_representative;O:single_representative
N62	inclusive_SEG_028	inclusive	100000	46422771	47143089	unresolved/missing		no_unique_discrete_prediction						true	low	C1:single_representative;C2:single_representative;S:structurally_heterogeneous;O:structurally_heterogeneous
Columbea	inclusive_SEG_029	inclusive	100000	47143090	47228924	unresolved/missing		no_unique_discrete_prediction						true	limited	C1:structurally_heterogeneous;C2:single_representative;S:structurally_heterogeneous;O:missing_role_representative
N61	inclusive_SEG_029	inclusive	100000	47143090	47228924	unresolved/missing		no_unique_discrete_prediction						true	limited	C1:structurally_heterogeneous;C2:structurally_heterogeneous;S:single_representative;O:single_representative
N62	inclusive_SEG_029	inclusive	100000	47143090	47228924	unresolved/missing		no_unique_discrete_prediction						true	limited	C1:single_representative;C2:single_representative;S:structurally_heterogeneous;O:structurally_heterogeneous
Columbea	inclusive_SEG_030	inclusive	100000	47228925	49159743	unresolved/missing		no_unique_discrete_prediction						true	low	C1:structurally_heterogeneous;C2:single_representative;S:structurally_heterogeneous;O:missing_role_representative
N61	inclusive_SEG_030	inclusive	100000	47228925	49159743	unresolved/missing		no_unique_discrete_prediction						false	low	C1:structurally_heterogeneous;C2:structurally_heterogeneous;S:single_representative;O:single_representative
N62	inclusive_SEG_030	inclusive	100000	47228925	49159743	unresolved/missing		no_unique_discrete_prediction						false	low	C1:single_representative;C2:single_representative;S:structurally_heterogeneous;O:structurally_heterogeneous
Columbea	inclusive_SEG_031	inclusive	100000	49159744	49624080	unresolved/missing		no_unique_discrete_prediction						true	low	C1:structurally_heterogeneous;C2:single_representative;S:resolved;O:missing_role_representative
N61	inclusive_SEG_031	inclusive	100000	49159744	49624080	unresolved/missing		no_unique_discrete_prediction	0.0416666666667	-0.0208333333333	-0.0208333333333	q1	0.0625	false	low	C1:resolved;C2:structurally_heterogeneous;S:single_representative;O:single_representative
N62	inclusive_SEG_031	inclusive	100000	49159744	49624080	3:1		no_unique_discrete_prediction	0	0	0		0	true	low	C1:single_representative;C2:single_representative;S:resolved;O:resolved
Columbea	inclusive_SEG_032	inclusive	100000	49624081	50085260	unresolved/missing		no_unique_discrete_prediction						true	low	C1:resolved;C2:single_representative;S:structurally_heterogeneous;O:missing_role_representative
N61	inclusive_SEG_032	inclusive	100000	49624081	50085260	1:1:1:1		no_unique_discrete_prediction						true	low	C1:resolved;C2:resolved;S:single_representative;O:single_representative
N62	inclusive_SEG_032	inclusive	100000	49624081	50085260	unresolved/missing		no_unique_discrete_prediction						false	low	C1:single_representative;C2:single_representative;S:resolved;O:structurally_heterogeneous
Columbea	inclusive_SEG_033	inclusive	100000	50085261	50410378	unresolved/missing		no_unique_discrete_prediction						true	limited	C1:structurally_heterogeneous;C2:single_representative;S:structurally_heterogeneous;O:missing_role_representative
N61	inclusive_SEG_033	inclusive	100000	50085261	50410378	unresolved/missing		no_unique_discrete_prediction						false	limited	C1:resolved;C2:structurally_heterogeneous;S:single_representative;O:single_representative
N62	inclusive_SEG_033	inclusive	100000	50085261	50410378	unresolved/missing		no_unique_discrete_prediction						true	limited	C1:single_representative;C2:single_representative;S:resolved;O:structurally_heterogeneous
Columbea	inclusive_SEG_034	inclusive	100000	50410379	50989362	unresolved/missing		no_unique_discrete_prediction						true	low	C1:structurally_heterogeneous;C2:single_representative;S:structurally_heterogeneous;O:missing_role_representative
N61	inclusive_SEG_034	inclusive	100000	50410379	50989362	unresolved/missing		no_unique_discrete_prediction						true	low	C1:structurally_heterogeneous;C2:structurally_heterogeneous;S:single_representative;O:single_representative
N62	inclusive_SEG_034	inclusive	100000	50410379	50989362	unresolved/missing		no_unique_discrete_prediction						true	low	C1:single_representative;C2:single_representative;S:structurally_heterogeneous;O:structurally_heterogeneous
Columbea	inclusive_SEG_035	inclusive	100000	50989363	51570722	unresolved/missing		no_unique_discrete_prediction						true	low	C1:structurally_heterogeneous;C2:single_representative;S:structurally_heterogeneous;O:missing_role_representative
N61	inclusive_SEG_035	inclusive	100000	50989363	51570722	unresolved/missing		no_unique_discrete_prediction						true	low	C1:structurally_heterogeneous;C2:structurally_heterogeneous;S:single_representative;O:single_representative
N62	inclusive_SEG_035	inclusive	100000	50989363	51570722	unresolved/missing		no_unique_discrete_prediction						true	low	C1:single_representative;C2:single_representative;S:structurally_heterogeneous;O:structurally_heterogeneous
Columbea	inclusive_SEG_036	inclusive	100000	51570723	51789124	unresolved/missing		no_unique_discrete_prediction						true	limited	C1:structurally_heterogeneous;C2:single_representative;S:resolved;O:missing_role_representative
N61	inclusive_SEG_036	inclusive	100000	51570723	51789124	unresolved/missing		no_unique_discrete_prediction	-0.125	0.25	-0.125	q2	0.375	true	limited	C1:resolved;C2:structurally_heterogeneous;S:single_representative;O:single_representative
N62	inclusive_SEG_036	inclusive	100000	51570723	51789124	unresolved/missing		no_unique_discrete_prediction	-0.125	0.25	-0.125	q2	0.375	true	limited	C1:single_representative;C2:single_representative;S:resolved;O:structurally_heterogeneous
Columbea	inclusive_SEG_037	inclusive	100000	51789125	55393543	unresolved/missing		no_unique_discrete_prediction						true	high	C1:structurally_heterogeneous;C2:single_representative;S:structurally_heterogeneous;O:missing_role_representative
N61	inclusive_SEG_037	inclusive	100000	51789125	55393543	unresolved/missing		no_unique_discrete_prediction	0.0113095238095	-0.00565476190476	-0.00565476190476	q1	0.0169642857143	false	high	C1:structurally_heterogeneous;C2:structurally_heterogeneous;S:single_representative;O:single_representative
N62	inclusive_SEG_037	inclusive	100000	51789125	55393543	unresolved/missing		no_unique_discrete_prediction	-0.00297619047619	0.0184523809524	-0.0154761904762	q2	0.0214285714286	false	high	C1:single_representative;C2:single_representative;S:structurally_heterogeneous;O:resolved
Columbea	inclusive_SEG_038	inclusive	100000	55393544	55750019	unresolved/missing		no_unique_discrete_prediction						true	limited	C1:structurally_heterogeneous;C2:single_representative;S:structurally_heterogeneous;O:missing_role_representative
N61	inclusive_SEG_038	inclusive	100000	55393544	55750019	unresolved/missing		no_unique_discrete_prediction						true	limited	C1:structurally_heterogeneous;C2:structurally_heterogeneous;S:single_representative;O:single_representative
N62	inclusive_SEG_038	inclusive	100000	55393544	55750019	unresolved/missing		no_unique_discrete_prediction						true	limited	C1:single_representative;C2:single_representative;S:structurally_heterogeneous;O:structurally_heterogeneous
Columbea	inclusive_SEG_039	inclusive	100000	55750020	56712451	unresolved/missing		no_unique_discrete_prediction						true	low	C1:structurally_heterogeneous;C2:single_representative;S:structurally_heterogeneous;O:missing_role_representative
N61	inclusive_SEG_039	inclusive	100000	55750020	56712451	unresolved/missing		no_unique_discrete_prediction						false	low	C1:structurally_heterogeneous;C2:structurally_heterogeneous;S:single_representative;O:single_representative
N62	inclusive_SEG_039	inclusive	100000	55750020	56712451	unresolved/missing		no_unique_discrete_prediction						true	low	C1:single_representative;C2:single_representative;S:structurally_heterogeneous;O:structurally_heterogeneous
Columbea	inclusive_SEG_040	inclusive	100000	56712452	57203613	unresolved/missing		no_unique_discrete_prediction						true	low	C1:structurally_heterogeneous;C2:single_representative;S:resolved;O:missing_role_representative
N61	inclusive_SEG_040	inclusive	100000	56712452	57203613	unresolved/missing		no_unique_discrete_prediction	0	0	0		0	true	low	C1:resolved;C2:structurally_heterogeneous;S:single_representative;O:single_representative
N62	inclusive_SEG_040	inclusive	100000	56712452	57203613	3:1		no_unique_discrete_prediction	0	0	0		0	true	low	C1:single_representative;C2:single_representative;S:resolved;O:resolved
Columbea	inclusive_SEG_041	inclusive	100000	57203614	58171516	unresolved/missing		no_unique_discrete_prediction						true	low	C1:structurally_heterogeneous;C2:single_representative;S:structurally_heterogeneous;O:missing_role_representative
N61	inclusive_SEG_041	inclusive	100000	57203614	58171516	unresolved/missing		no_unique_discrete_prediction						false	low	C1:structurally_heterogeneous;C2:structurally_heterogeneous;S:single_representative;O:single_representative
N62	inclusive_SEG_041	inclusive	100000	57203614	58171516	unresolved/missing		no_unique_discrete_prediction						false	low	C1:single_representative;C2:single_representative;S:structurally_heterogeneous;O:structurally_heterogeneous
Columbea	inclusive_SEG_042	inclusive	100000	58171517	59982754	unresolved/missing		no_unique_discrete_prediction						true	low	C1:structurally_heterogeneous;C2:single_representative;S:structurally_heterogeneous;O:missing_role_representative
N61	inclusive_SEG_042	inclusive	100000	58171517	59982754	unresolved/missing		no_unique_discrete_prediction						false	low	C1:structurally_heterogeneous;C2:structurally_heterogeneous;S:single_representative;O:single_representative
N62	inclusive_SEG_042	inclusive	100000	58171517	59982754	unresolved/missing		no_unique_discrete_prediction						false	low	C1:single_representative;C2:single_representative;S:structurally_heterogeneous;O:structurally_heterogeneous
Columbea	inclusive_SEG_043	inclusive	100000	59982755	61035423	unresolved/missing		no_unique_discrete_prediction						true	low	C1:structurally_heterogeneous;C2:single_representative;S:structurally_heterogeneous;O:missing_role_representative
N61	inclusive_SEG_043	inclusive	100000	59982755	61035423	unresolved/missing		no_unique_discrete_prediction						true	low	C1:structurally_heterogeneous;C2:structurally_heterogeneous;S:single_representative;O:single_representative
N62	inclusive_SEG_043	inclusive	100000	59982755	61035423	unresolved/missing		no_unique_discrete_prediction						true	low	C1:single_representative;C2:single_representative;S:structurally_heterogeneous;O:structurally_heterogeneous
Columbea	inclusive_SEG_044	inclusive	100000	61035424	91310470	unresolved/missing		no_unique_discrete_prediction						true	high	C1:structurally_heterogeneous;C2:single_representative;S:structurally_heterogeneous;O:missing_role_representative
N61	inclusive_SEG_044	inclusive	100000	61035424	91310470	unresolved/missing		no_unique_discrete_prediction	0.00475344697181	-0.000916820963025	-0.00383662600879	q1	0.00567026793484	false	high	C1:structurally_heterogeneous;C2:structurally_heterogeneous;S:single_representative;O:single_representative
N62	inclusive_SEG_044	inclusive	100000	61035424	91310470	unresolved/missing		no_unique_discrete_prediction	-0.00029120451515	0.00214818527239	-0.00185698075724	q2	0.00243938978754	false	high	C1:single_representative;C2:single_representative;S:structurally_heterogeneous;O:structurally_heterogeneous
Columbea	inclusive_SEG_001	inclusive	200000	1	1582350	unresolved/missing		no_unique_discrete_prediction						true	low	C1:structurally_heterogeneous;C2:single_representative;S:structurally_heterogeneous;O:missing_role_representative
N61	inclusive_SEG_001	inclusive	200000	1	1582350	unresolved/missing		no_unique_discrete_prediction						true	low	C1:structurally_heterogeneous;C2:structurally_heterogeneous;S:single_representative;O:single_representative
N62	inclusive_SEG_001	inclusive	200000	1	1582350	unresolved/missing		no_unique_discrete_prediction						true	low	C1:single_representative;C2:single_representative;S:structurally_heterogeneous;O:structurally_heterogeneous
Columbea	inclusive_SEG_002	inclusive	200000	1582351	1949860	unresolved/missing		no_unique_discrete_prediction						true	limited	C1:structurally_heterogeneous;C2:single_representative;S:structurally_heterogeneous;O:missing_role_representative
N61	inclusive_SEG_002	inclusive	200000	1582351	1949860	unresolved/missing		no_unique_discrete_prediction						true	limited	C1:structurally_heterogeneous;C2:structurally_heterogeneous;S:single_representative;O:single_representative
N62	inclusive_SEG_002	inclusive	200000	1582351	1949860	unresolved/missing		no_unique_discrete_prediction						true	limited	C1:single_representative;C2:single_representative;S:structurally_heterogeneous;O:structurally_heterogeneous
Columbea	inclusive_SEG_003	inclusive	200000	1949861	5161408	unresolved/missing		no_unique_discrete_prediction						true	low	C1:structurally_heterogeneous;C2:single_representative;S:structurally_heterogeneous;O:missing_role_representative
N61	inclusive_SEG_003	inclusive	200000	1949861	5161408	unresolved/missing		no_unique_discrete_prediction						false	low	C1:structurally_heterogeneous;C2:structurally_heterogeneous;S:single_representative;O:single_representative
N62	inclusive_SEG_003	inclusive	200000	1949861	5161408	unresolved/missing		no_unique_discrete_prediction						false	low	C1:single_representative;C2:single_representative;S:structurally_heterogeneous;O:structurally_heterogeneous
Columbea	inclusive_SEG_004	inclusive	200000	5161409	8704428	unresolved/missing		no_unique_discrete_prediction						true	low	C1:resolved;C2:single_representative;S:structurally_heterogeneous;O:missing_role_representative
N61	inclusive_SEG_004	inclusive	200000	5161409	8704428	unresolved/missing		no_unique_discrete_prediction						false	low	C1:structurally_heterogeneous;C2:resolved;S:single_representative;O:single_representative
N62	inclusive_SEG_004	inclusive	200000	5161409	8704428	unresolved/missing		no_unique_discrete_prediction						false	low	C1:single_representative;C2:single_representative;S:structurally_heterogeneous;O:structurally_heterogeneous
Columbea	inclusive_SEG_005	inclusive	200000	8704429	9504880	unresolved/missing		no_unique_discrete_prediction						true	low	C1:structurally_heterogeneous;C2:single_representative;S:structurally_heterogeneous;O:missing_role_representative
N61	inclusive_SEG_005	inclusive	200000	8704429	9504880	unresolved/missing		no_unique_discrete_prediction						true	low	C1:structurally_heterogeneous;C2:structurally_heterogeneous;S:single_representative;O:single_representative
N62	inclusive_SEG_005	inclusive	200000	8704429	9504880	unresolved/missing		no_unique_discrete_prediction						true	low	C1:single_representative;C2:single_representative;S:structurally_heterogeneous;O:structurally_heterogeneous
Columbea	inclusive_SEG_006	inclusive	200000	9504881	10974030	unresolved/missing		no_unique_discrete_prediction						true	low	C1:structurally_heterogeneous;C2:single_representative;S:structurally_heterogeneous;O:missing_role_representative
N61	inclusive_SEG_006	inclusive	200000	9504881	10974030	unresolved/missing		no_unique_discrete_prediction						true	low	C1:structurally_heterogeneous;C2:structurally_heterogeneous;S:single_representative;O:single_representative
N62	inclusive_SEG_006	inclusive	200000	9504881	10974030	unresolved/missing		no_unique_discrete_prediction						true	low	C1:single_representative;C2:single_representative;S:structurally_heterogeneous;O:structurally_heterogeneous
Columbea	inclusive_SEG_007	inclusive	200000	10974031	11304692	unresolved/missing		no_unique_discrete_prediction						true	limited	C1:structurally_heterogeneous;C2:single_representative;S:structurally_heterogeneous;O:missing_role_representative
N61	inclusive_SEG_007	inclusive	200000	10974031	11304692	unresolved/missing		no_unique_discrete_prediction						false	limited	C1:structurally_heterogeneous;C2:structurally_heterogeneous;S:single_representative;O:single_representative
N62	inclusive_SEG_007	inclusive	200000	10974031	11304692	unresolved/missing		no_unique_discrete_prediction						true	limited	C1:single_representative;C2:single_representative;S:structurally_heterogeneous;O:structurally_heterogeneous
Columbea	inclusive_SEG_008	inclusive	200000	11304693	12214254	unresolved/missing		no_unique_discrete_prediction						true	low	C1:structurally_heterogeneous;C2:single_representative;S:structurally_heterogeneous;O:missing_role_representative
N61	inclusive_SEG_008	inclusive	200000	11304693	12214254	unresolved/missing		no_unique_discrete_prediction						true	low	C1:structurally_heterogeneous;C2:structurally_heterogeneous;S:single_representative;O:single_representative
N62	inclusive_SEG_008	inclusive	200000	11304693	12214254	unresolved/missing		no_unique_discrete_prediction						true	low	C1:single_representative;C2:single_representative;S:structurally_heterogeneous;O:structurally_heterogeneous
Columbea	inclusive_SEG_009	inclusive	200000	12214255	12886511	unresolved/missing		no_unique_discrete_prediction						true	limited	C1:structurally_heterogeneous;C2:single_representative;S:structurally_heterogeneous;O:missing_role_representative
N61	inclusive_SEG_009	inclusive	200000	12214255	12886511	unresolved/missing		no_unique_discrete_prediction						false	limited	C1:structurally_heterogeneous;C2:structurally_heterogeneous;S:single_representative;O:single_representative
N62	inclusive_SEG_009	inclusive	200000	12214255	12886511	unresolved/missing		no_unique_discrete_prediction						false	limited	C1:single_representative;C2:single_representative;S:structurally_heterogeneous;O:structurally_heterogeneous
Columbea	inclusive_SEG_010	inclusive	200000	12886512	14318518	unresolved/missing		no_unique_discrete_prediction						true	low	C1:structurally_heterogeneous;C2:single_representative;S:structurally_heterogeneous;O:missing_role_representative
N61	inclusive_SEG_010	inclusive	200000	12886512	14318518	unresolved/missing		no_unique_discrete_prediction						false	low	C1:structurally_heterogeneous;C2:structurally_heterogeneous;S:single_representative;O:single_representative
N62	inclusive_SEG_010	inclusive	200000	12886512	14318518	unresolved/missing		no_unique_discrete_prediction						false	low	C1:single_representative;C2:single_representative;S:structurally_heterogeneous;O:structurally_heterogeneous
Columbea	inclusive_SEG_011	inclusive	200000	14318519	16491814	unresolved/missing		no_unique_discrete_prediction						true	low	C1:structurally_heterogeneous;C2:single_representative;S:structurally_heterogeneous;O:missing_role_representative
N61	inclusive_SEG_011	inclusive	200000	14318519	16491814	unresolved/missing		no_unique_discrete_prediction						false	low	C1:structurally_heterogeneous;C2:structurally_heterogeneous;S:single_representative;O:single_representative
N62	inclusive_SEG_011	inclusive	200000	14318519	16491814	unresolved/missing		no_unique_discrete_prediction						false	low	C1:single_representative;C2:single_representative;S:structurally_heterogeneous;O:structurally_heterogeneous
Columbea	inclusive_SEG_012	inclusive	200000	16491815	18036264	unresolved/missing		no_unique_discrete_prediction						true	low	C1:structurally_heterogeneous;C2:single_representative;S:structurally_heterogeneous;O:missing_role_representative
N61	inclusive_SEG_012	inclusive	200000	16491815	18036264	unresolved/missing		no_unique_discrete_prediction						false	low	C1:structurally_heterogeneous;C2:structurally_heterogeneous;S:single_representative;O:single_representative
N62	inclusive_SEG_012	inclusive	200000	16491815	18036264	unresolved/missing		no_unique_discrete_prediction						false	low	C1:single_representative;C2:single_representative;S:structurally_heterogeneous;O:structurally_heterogeneous
Columbea	inclusive_SEG_013	inclusive	200000	18036265	19760078	unresolved/missing		no_unique_discrete_prediction						true	low	C1:structurally_heterogeneous;C2:single_representative;S:structurally_heterogeneous;O:missing_role_representative
N61	inclusive_SEG_013	inclusive	200000	18036265	19760078	unresolved/missing		no_unique_discrete_prediction						false	low	C1:structurally_heterogeneous;C2:structurally_heterogeneous;S:single_representative;O:single_representative
N62	inclusive_SEG_013	inclusive	200000	18036265	19760078	unresolved/missing		no_unique_discrete_prediction						false	low	C1:single_representative;C2:single_representative;S:structurally_heterogeneous;O:structurally_heterogeneous
Columbea	inclusive_SEG_014	inclusive	200000	19760079	25213019	unresolved/missing		no_unique_discrete_prediction						true	low	C1:structurally_heterogeneous;C2:single_representative;S:structurally_heterogeneous;O:missing_role_representative
N61	inclusive_SEG_014	inclusive	200000	19760079	25213019	unresolved/missing		no_unique_discrete_prediction						false	low	C1:structurally_heterogeneous;C2:structurally_heterogeneous;S:single_representative;O:single_representative
N62	inclusive_SEG_014	inclusive	200000	19760079	25213019	unresolved/missing		no_unique_discrete_prediction						false	low	C1:single_representative;C2:single_representative;S:structurally_heterogeneous;O:structurally_heterogeneous
Columbea	inclusive_SEG_015	inclusive	200000	25213020	25559087	unresolved/missing		no_unique_discrete_prediction						true	limited	C1:structurally_heterogeneous;C2:single_representative;S:structurally_heterogeneous;O:missing_role_representative
N61	inclusive_SEG_015	inclusive	200000	25213020	25559087	unresolved/missing		no_unique_discrete_prediction	0	0	0		0	false	limited	C1:structurally_heterogeneous;C2:structurally_heterogeneous;S:single_representative;O:single_representative
N62	inclusive_SEG_015	inclusive	200000	25213020	25559087	unresolved/missing		no_unique_discrete_prediction						false	limited	C1:single_representative;C2:single_representative;S:structurally_heterogeneous;O:resolved
Columbea	inclusive_SEG_016	inclusive	200000	25559088	33234049	unresolved/missing		no_unique_discrete_prediction						true	low	C1:structurally_heterogeneous;C2:single_representative;S:structurally_heterogeneous;O:missing_role_representative
N61	inclusive_SEG_016	inclusive	200000	25559088	33234049	unresolved/missing		no_unique_discrete_prediction	0.0553571428571	-0.0642857142857	0.00892857142857	q1	0.0464285714286	true	low	C1:structurally_heterogeneous;C2:structurally_heterogeneous;S:single_representative;O:single_representative
N62	inclusive_SEG_016	inclusive	200000	25559088	33234049	unresolved/missing		no_unique_discrete_prediction						false	low	C1:single_representative;C2:single_representative;S:structurally_heterogeneous;O:structurally_heterogeneous
Columbea	inclusive_SEG_017	inclusive	200000	33234050	34021640	unresolved/missing		no_unique_discrete_prediction						true	limited	C1:structurally_heterogeneous;C2:single_representative;S:structurally_heterogeneous;O:missing_role_representative
N61	inclusive_SEG_017	inclusive	200000	33234050	34021640	unresolved/missing		no_unique_discrete_prediction						false	limited	C1:structurally_heterogeneous;C2:structurally_heterogeneous;S:single_representative;O:single_representative
N62	inclusive_SEG_017	inclusive	200000	33234050	34021640	unresolved/missing		no_unique_discrete_prediction						false	limited	C1:single_representative;C2:single_representative;S:structurally_heterogeneous;O:structurally_heterogeneous
Columbea	inclusive_SEG_018	inclusive	200000	34021641	34232794	unresolved/missing		no_unique_discrete_prediction						true	limited	C1:structurally_heterogeneous;C2:single_representative;S:structurally_heterogeneous;O:missing_role_representative
N61	inclusive_SEG_018	inclusive	200000	34021641	34232794	unresolved/missing		no_unique_discrete_prediction	0.125	-0.0625	-0.0625	q1	0.1875	true	limited	C1:structurally_heterogeneous;C2:structurally_heterogeneous;S:single_representative;O:single_representative
N62	inclusive_SEG_018	inclusive	200000	34021641	34232794	unresolved/missing		no_unique_discrete_prediction	-0.125	-0.125	0.25	q3	0.375	true	limited	C1:single_representative;C2:single_representative;S:structurally_heterogeneous;O:resolved
Columbea	inclusive_SEG_019	inclusive	200000	34232795	34741919	unresolved/missing		no_unique_discrete_prediction						true	limited	C1:structurally_heterogeneous;C2:single_representative;S:structurally_heterogeneous;O:missing_role_representative
N61	inclusive_SEG_019	inclusive	200000	34232795	34741919	unresolved/missing		no_unique_discrete_prediction						true	limited	C1:structurally_heterogeneous;C2:structurally_heterogeneous;S:single_representative;O:single_representative
N62	inclusive_SEG_019	inclusive	200000	34232795	34741919	unresolved/missing		no_unique_discrete_prediction						false	limited	C1:single_representative;C2:single_representative;S:structurally_heterogeneous;O:structurally_heterogeneous
Columbea	inclusive_SEG_020	inclusive	200000	34741920	35025837	unresolved/missing		no_unique_discrete_prediction						true	limited	C1:resolved;C2:single_representative;S:resolved;O:missing_role_representative
N61	inclusive_SEG_020	inclusive	200000	34741920	35025837	3:1		no_unique_discrete_prediction	0	0	0		0	false	limited	C1:resolved;C2:resolved;S:single_representative;O:single_representative
N62	inclusive_SEG_020	inclusive	200000	34741920	35025837	C1=C2!=S=O	q1	unique_2:2	0.75	-0.375	-0.375	q1	1.125	true	limited	C1:single_representative;C2:single_representative;S:resolved;O:resolved
Columbea	inclusive_SEG_021	inclusive	200000	35025838	35331645	unresolved/missing		no_unique_discrete_prediction						true	limited	C1:structurally_heterogeneous;C2:single_representative;S:structurally_heterogeneous;O:missing_role_representative
N61	inclusive_SEG_021	inclusive	200000	35025838	35331645	unresolved/missing		no_unique_discrete_prediction						true	limited	C1:structurally_heterogeneous;C2:structurally_heterogeneous;S:single_representative;O:single_representative
N62	inclusive_SEG_021	inclusive	200000	35025838	35331645	unresolved/missing		no_unique_discrete_prediction						false	limited	C1:single_representative;C2:single_representative;S:structurally_heterogeneous;O:resolved
Columbea	inclusive_SEG_022	inclusive	200000	35331646	37255236	unresolved/missing		no_unique_discrete_prediction						true	low	C1:structurally_heterogeneous;C2:single_representative;S:structurally_heterogeneous;O:missing_role_representative
N61	inclusive_SEG_022	inclusive	200000	35331646	37255236	unresolved/missing		no_unique_discrete_prediction						false	low	C1:structurally_heterogeneous;C2:structurally_heterogeneous;S:single_representative;O:single_representative
N62	inclusive_SEG_022	inclusive	200000	35331646	37255236	unresolved/missing		no_unique_discrete_prediction						false	low	C1:single_representative;C2:single_representative;S:structurally_heterogeneous;O:structurally_heterogeneous
Columbea	inclusive_SEG_023	inclusive	200000	37255237	39237022	unresolved/missing		no_unique_discrete_prediction						true	low	C1:structurally_heterogeneous;C2:single_representative;S:structurally_heterogeneous;O:missing_role_representative
N61	inclusive_SEG_023	inclusive	200000	37255237	39237022	unresolved/missing		no_unique_discrete_prediction						false	low	C1:structurally_heterogeneous;C2:structurally_heterogeneous;S:single_representative;O:single_representative
N62	inclusive_SEG_023	inclusive	200000	37255237	39237022	unresolved/missing		no_unique_discrete_prediction						false	low	C1:single_representative;C2:single_representative;S:structurally_heterogeneous;O:structurally_heterogeneous
Columbea	inclusive_SEG_024	inclusive	200000	39237023	42267292	unresolved/missing		no_unique_discrete_prediction						true	low	C1:structurally_heterogeneous;C2:single_representative;S:structurally_heterogeneous;O:missing_role_representative
N61	inclusive_SEG_024	inclusive	200000	39237023	42267292	unresolved/missing		no_unique_discrete_prediction						false	low	C1:structurally_heterogeneous;C2:structurally_heterogeneous;S:single_representative;O:single_representative
N62	inclusive_SEG_024	inclusive	200000	39237023	42267292	unresolved/missing		no_unique_discrete_prediction						false	low	C1:single_representative;C2:single_representative;S:structurally_heterogeneous;O:structurally_heterogeneous
Columbea	inclusive_SEG_025	inclusive	200000	42267293	44647530	unresolved/missing		no_unique_discrete_prediction						true	low	C1:structurally_heterogeneous;C2:single_representative;S:structurally_heterogeneous;O:missing_role_representative
N61	inclusive_SEG_025	inclusive	200000	42267293	44647530	unresolved/missing		no_unique_discrete_prediction						false	low	C1:structurally_heterogeneous;C2:structurally_heterogeneous;S:single_representative;O:single_representative
N62	inclusive_SEG_025	inclusive	200000	42267293	44647530	unresolved/missing		no_unique_discrete_prediction						false	low	C1:single_representative;C2:single_representative;S:structurally_heterogeneous;O:structurally_heterogeneous
Columbea	inclusive_SEG_026	inclusive	200000	44647531	45658664	unresolved/missing		no_unique_discrete_prediction						true	low	C1:structurally_heterogeneous;C2:single_representative;S:structurally_heterogeneous;O:missing_role_representative
N61	inclusive_SEG_026	inclusive	200000	44647531	45658664	unresolved/missing		no_unique_discrete_prediction						true	low	C1:structurally_heterogeneous;C2:structurally_heterogeneous;S:single_representative;O:single_representative
N62	inclusive_SEG_026	inclusive	200000	44647531	45658664	unresolved/missing		no_unique_discrete_prediction						true	low	C1:single_representative;C2:single_representative;S:structurally_heterogeneous;O:structurally_heterogeneous
Columbea	inclusive_SEG_027	inclusive	200000	45658665	46422770	unresolved/missing		no_unique_discrete_prediction						true	limited	C1:structurally_heterogeneous;C2:single_representative;S:structurally_heterogeneous;O:missing_role_representative
N61	inclusive_SEG_027	inclusive	200000	45658665	46422770	unresolved/missing		no_unique_discrete_prediction						true	limited	C1:structurally_heterogeneous;C2:structurally_heterogeneous;S:single_representative;O:single_representative
N62	inclusive_SEG_027	inclusive	200000	45658665	46422770	unresolved/missing		no_unique_discrete_prediction						true	limited	C1:single_representative;C2:single_representative;S:structurally_heterogeneous;O:structurally_heterogeneous
Columbea	inclusive_SEG_028	inclusive	200000	46422771	47143089	unresolved/missing		no_unique_discrete_prediction						true	limited	C1:structurally_heterogeneous;C2:single_representative;S:structurally_heterogeneous;O:missing_role_representative
N61	inclusive_SEG_028	inclusive	200000	46422771	47143089	unresolved/missing		no_unique_discrete_prediction						true	limited	C1:structurally_heterogeneous;C2:structurally_heterogeneous;S:single_representative;O:single_representative
N62	inclusive_SEG_028	inclusive	200000	46422771	47143089	unresolved/missing		no_unique_discrete_prediction						true	limited	C1:single_representative;C2:single_representative;S:structurally_heterogeneous;O:structurally_heterogeneous
Columbea	inclusive_SEG_029	inclusive	200000	47143090	47228924	unresolved/missing		no_unique_discrete_prediction						true	limited	C1:structurally_heterogeneous;C2:single_representative;S:structurally_heterogeneous;O:missing_role_representative
N61	inclusive_SEG_029	inclusive	200000	47143090	47228924	unresolved/missing		no_unique_discrete_prediction						true	limited	C1:structurally_heterogeneous;C2:structurally_heterogeneous;S:single_representative;O:single_representative
N62	inclusive_SEG_029	inclusive	200000	47143090	47228924	unresolved/missing		no_unique_discrete_prediction						true	limited	C1:single_representative;C2:single_representative;S:structurally_heterogeneous;O:structurally_heterogeneous
Columbea	inclusive_SEG_030	inclusive	200000	47228925	49159743	unresolved/missing		no_unique_discrete_prediction						true	low	C1:structurally_heterogeneous;C2:single_representative;S:structurally_heterogeneous;O:missing_role_representative
N61	inclusive_SEG_030	inclusive	200000	47228925	49159743	unresolved/missing		no_unique_discrete_prediction						false	low	C1:structurally_heterogeneous;C2:structurally_heterogeneous;S:single_representative;O:single_representative
N62	inclusive_SEG_030	inclusive	200000	47228925	49159743	unresolved/missing		no_unique_discrete_prediction						false	low	C1:single_representative;C2:single_representative;S:structurally_heterogeneous;O:structurally_heterogeneous
Columbea	inclusive_SEG_031	inclusive	200000	49159744	49624080	unresolved/missing		no_unique_discrete_prediction						true	limited	C1:structurally_heterogeneous;C2:single_representative;S:resolved;O:missing_role_representative
N61	inclusive_SEG_031	inclusive	200000	49159744	49624080	unresolved/missing		no_unique_discrete_prediction	0	0	0		0	false	limited	C1:resolved;C2:structurally_heterogeneous;S:single_representative;O:single_representative
N62	inclusive_SEG_031	inclusive	200000	49159744	49624080	3:1		no_unique_discrete_prediction						true	limited	C1:single_representative;C2:single_representative;S:resolved;O:resolved
Columbea	inclusive_SEG_032	inclusive	200000	49624081	50085260	unresolved/missing		no_unique_discrete_prediction						true	limited	C1:resolved;C2:single_representative;S:structurally_heterogeneous;O:missing_role_representative
N61	inclusive_SEG_032	inclusive	200000	49624081	50085260	unresolved/missing		no_unique_discrete_prediction						true	limited	C1:structurally_heterogeneous;C2:resolved;S:single_representative;O:single_representative
N62	inclusive_SEG_032	inclusive	200000	49624081	50085260	unresolved/missing		no_unique_discrete_prediction						false	limited	C1:single_representative;C2:single_representative;S:structurally_heterogeneous;O:structurally_heterogeneous
Columbea	inclusive_SEG_033	inclusive	200000	50085261	50410378	unresolved/missing		no_unique_discrete_prediction						true	limited	C1:structurally_heterogeneous;C2:single_representative;S:structurally_heterogeneous;O:missing_role_representative
N61	inclusive_SEG_033	inclusive	200000	50085261	50410378	unresolved/missing		no_unique_discrete_prediction						false	limited	C1:structurally_heterogeneous;C2:structurally_heterogeneous;S:single_representative;O:single_representative
N62	inclusive_SEG_033	inclusive	200000	50085261	50410378	unresolved/missing		no_unique_discrete_prediction						true	limited	C1:single_representative;C2:single_representative;S:structurally_heterogeneous;O:structurally_heterogeneous
Columbea	inclusive_SEG_034	inclusive	200000	50410379	50989362	unresolved/missing		no_unique_discrete_prediction						true	limited	C1:structurally_heterogeneous;C2:single_representative;S:structurally_heterogeneous;O:missing_role_representative
N61	inclusive_SEG_034	inclusive	200000	50410379	50989362	unresolved/missing		no_unique_discrete_prediction						true	limited	C1:structurally_heterogeneous;C2:structurally_heterogeneous;S:single_representative;O:single_representative
N62	inclusive_SEG_034	inclusive	200000	50410379	50989362	unresolved/missing		no_unique_discrete_prediction						true	limited	C1:single_representative;C2:single_representative;S:structurally_heterogeneous;O:structurally_heterogeneous
Columbea	inclusive_SEG_035	inclusive	200000	50989363	51570722	unresolved/missing		no_unique_discrete_prediction						true	limited	C1:structurally_heterogeneous;C2:single_representative;S:structurally_heterogeneous;O:missing_role_representative
N61	inclusive_SEG_035	inclusive	200000	50989363	51570722	unresolved/missing		no_unique_discrete_prediction						true	limited	C1:structurally_heterogeneous;C2:structurally_heterogeneous;S:single_representative;O:single_representative
N62	inclusive_SEG_035	inclusive	200000	50989363	51570722	unresolved/missing		no_unique_discrete_prediction						true	limited	C1:single_representative;C2:single_representative;S:structurally_heterogeneous;O:structurally_heterogeneous
Columbea	inclusive_SEG_036	inclusive	200000	51570723	51789124	unresolved/missing		no_unique_discrete_prediction						true	limited	C1:structurally_heterogeneous;C2:single_representative;S:structurally_heterogeneous;O:missing_role_representative
N61	inclusive_SEG_036	inclusive	200000	51570723	51789124	unresolved/missing		no_unique_discrete_prediction	-0.0833333333333	0.229166666667	-0.145833333333	q2	0.3125	true	limited	C1:structurally_heterogeneous;C2:structurally_heterogeneous;S:single_representative;O:single_representative
N62	inclusive_SEG_036	inclusive	200000	51570723	51789124	unresolved/missing		no_unique_discrete_prediction	-0.125	0.25	-0.125	q2	0.375	true	limited	C1:single_representative;C2:single_representative;S:structurally_heterogeneous;O:structurally_heterogeneous
Columbea	inclusive_SEG_037	inclusive	200000	51789125	55393543	unresolved/missing		no_unique_discrete_prediction						true	low	C1:structurally_heterogeneous;C2:single_representative;S:structurally_heterogeneous;O:missing_role_representative
N61	inclusive_SEG_037	inclusive	200000	51789125	55393543	unresolved/missing		no_unique_discrete_prediction						false	low	C1:structurally_heterogeneous;C2:structurally_heterogeneous;S:single_representative;O:single_representative
N62	inclusive_SEG_037	inclusive	200000	51789125	55393543	unresolved/missing		no_unique_discrete_prediction						false	low	C1:single_representative;C2:single_representative;S:structurally_heterogeneous;O:structurally_heterogeneous
Columbea	inclusive_SEG_038	inclusive	200000	55393544	55750019	unresolved/missing		no_unique_discrete_prediction						true	limited	C1:structurally_heterogeneous;C2:single_representative;S:structurally_heterogeneous;O:missing_role_representative
N61	inclusive_SEG_038	inclusive	200000	55393544	55750019	unresolved/missing		no_unique_discrete_prediction						true	limited	C1:structurally_heterogeneous;C2:structurally_heterogeneous;S:single_representative;O:single_representative
N62	inclusive_SEG_038	inclusive	200000	55393544	55750019	unresolved/missing		no_unique_discrete_prediction						true	limited	C1:single_representative;C2:single_representative;S:structurally_heterogeneous;O:structurally_heterogeneous
Columbea	inclusive_SEG_039	inclusive	200000	55750020	56712451	unresolved/missing		no_unique_discrete_prediction						true	low	C1:structurally_heterogeneous;C2:single_representative;S:structurally_heterogeneous;O:missing_role_representative
N61	inclusive_SEG_039	inclusive	200000	55750020	56712451	unresolved/missing		no_unique_discrete_prediction						false	low	C1:structurally_heterogeneous;C2:structurally_heterogeneous;S:single_representative;O:single_representative
N62	inclusive_SEG_039	inclusive	200000	55750020	56712451	unresolved/missing		no_unique_discrete_prediction						true	low	C1:single_representative;C2:single_representative;S:structurally_heterogeneous;O:structurally_heterogeneous
Columbea	inclusive_SEG_040	inclusive	200000	56712452	57203613	unresolved/missing		no_unique_discrete_prediction						true	limited	C1:structurally_heterogeneous;C2:single_representative;S:resolved;O:missing_role_representative
N61	inclusive_SEG_040	inclusive	200000	56712452	57203613	unresolved/missing		no_unique_discrete_prediction						true	limited	C1:resolved;C2:structurally_heterogeneous;S:single_representative;O:single_representative
N62	inclusive_SEG_040	inclusive	200000	56712452	57203613	unresolved/missing		no_unique_discrete_prediction						true	limited	C1:single_representative;C2:single_representative;S:resolved;O:structurally_heterogeneous
Columbea	inclusive_SEG_041	inclusive	200000	57203614	58171516	unresolved/missing		no_unique_discrete_prediction						true	low	C1:structurally_heterogeneous;C2:single_representative;S:structurally_heterogeneous;O:missing_role_representative
N61	inclusive_SEG_041	inclusive	200000	57203614	58171516	unresolved/missing		no_unique_discrete_prediction						false	low	C1:structurally_heterogeneous;C2:structurally_heterogeneous;S:single_representative;O:single_representative
N62	inclusive_SEG_041	inclusive	200000	57203614	58171516	unresolved/missing		no_unique_discrete_prediction						false	low	C1:single_representative;C2:single_representative;S:structurally_heterogeneous;O:structurally_heterogeneous
Columbea	inclusive_SEG_042	inclusive	200000	58171517	59982754	unresolved/missing		no_unique_discrete_prediction						true	low	C1:structurally_heterogeneous;C2:single_representative;S:structurally_heterogeneous;O:missing_role_representative
N61	inclusive_SEG_042	inclusive	200000	58171517	59982754	unresolved/missing		no_unique_discrete_prediction						false	low	C1:structurally_heterogeneous;C2:structurally_heterogeneous;S:single_representative;O:single_representative
N62	inclusive_SEG_042	inclusive	200000	58171517	59982754	unresolved/missing		no_unique_discrete_prediction						false	low	C1:single_representative;C2:single_representative;S:structurally_heterogeneous;O:structurally_heterogeneous
Columbea	inclusive_SEG_043	inclusive	200000	59982755	61035423	unresolved/missing		no_unique_discrete_prediction						true	low	C1:structurally_heterogeneous;C2:single_representative;S:structurally_heterogeneous;O:missing_role_representative
N61	inclusive_SEG_043	inclusive	200000	59982755	61035423	unresolved/missing		no_unique_discrete_prediction						true	low	C1:structurally_heterogeneous;C2:structurally_heterogeneous;S:single_representative;O:single_representative
N62	inclusive_SEG_043	inclusive	200000	59982755	61035423	unresolved/missing		no_unique_discrete_prediction						true	low	C1:single_representative;C2:single_representative;S:structurally_heterogeneous;O:structurally_heterogeneous
Columbea	inclusive_SEG_044	inclusive	200000	61035424	91310470	unresolved/missing		no_unique_discrete_prediction						true	high	C1:structurally_heterogeneous;C2:single_representative;S:resolved;O:missing_role_representative
N61	inclusive_SEG_044	inclusive	200000	61035424	91310470	unresolved/missing		no_unique_discrete_prediction						false	high	C1:resolved;C2:structurally_heterogeneous;S:single_representative;O:single_representative
N62	inclusive_SEG_044	inclusive	200000	61035424	91310470	2:1:1		no_unique_discrete_prediction						false	high	C1:single_representative;C2:single_representative;S:resolved;O:resolved
