window_id	start	end	region_class	distance_class	n_pairs	mean_distance	median_distance	mean_sites_compared
2L_0001_1_50000	1	50000	outside	same_species_same_arrangement	236	0.0594506668436	0.0585882626724	492.355932203
2L_0001_1_50000	1	50000	outside	same_species_opposite_arrangement	120	0.049042894357	0.0491721647149	534.591666667
2L_0001_1_50000	1	50000	outside	different_species_same_arrangement	440	0.157996028154	0.179295276631	480.981818182
2L_0001_1_50000	1	50000	outside	different_species_opposite_arrangement	582	0.169295776737	0.184266280107	466.70790378
2L_0002_50001_100000	50001	100000	outside	same_species_same_arrangement	236	0.0779220192331	0.0756345177665	1029.54237288
2L_0002_50001_100000	50001	100000	outside	same_species_opposite_arrangement	120	0.0696241985648	0.0682760904085	1051.74166667
2L_0002_50001_100000	50001	100000	outside	different_species_same_arrangement	440	0.152120826693	0.166751196811	1024.39772727
2L_0002_50001_100000	50001	100000	outside	different_species_opposite_arrangement	582	0.157743249503	0.174162136776	1012.48969072
2L_0004_150001_200000	150001	200000	outside	same_species_same_arrangement	236	0.0580250097791	0.0557038078792	813.262711864
2L_0004_150001_200000	150001	200000	outside	same_species_opposite_arrangement	120	0.0477778342275	0.0434512892437	859.85
2L_0004_150001_200000	150001	200000	outside	different_species_same_arrangement	440	0.199042336772	0.20185413929	800.777272727
2L_0004_150001_200000	150001	200000	outside	different_species_opposite_arrangement	582	0.214003539852	0.217062970813	783.871134021
2L_0005_200001_250000	200001	250000	outside	same_species_same_arrangement	236	0.0493420333601	0.0340426664144	777.389830508
2L_0005_200001_250000	200001	250000	outside	same_species_opposite_arrangement	120	0.029308651823	0.0274513236615	814.175
2L_0005_200001_250000	200001	250000	outside	different_species_same_arrangement	440	0.172030473465	0.190298507463	752.988636364
2L_0005_200001_250000	200001	250000	outside	different_species_opposite_arrangement	582	0.188965760948	0.19643898613	738.163230241
2L_0006_250001_300000	250001	300000	outside	same_species_same_arrangement	236	0.0617101595269	0.0543041518809	757.453389831
2L_0006_250001_300000	250001	300000	outside	same_species_opposite_arrangement	120	0.0421430838319	0.0426475290366	832.191666667
2L_0006_250001_300000	250001	300000	outside	different_species_same_arrangement	440	0.15030858258	0.16145276184	729.497727273
2L_0006_250001_300000	250001	300000	outside	different_species_opposite_arrangement	582	0.163964573626	0.169532977794	706.89347079
2L_0007_300001_350000	300001	350000	outside	same_species_same_arrangement	236	0.0622310792949	0.0636129385965	1069.50423729
2L_0007_300001_350000	300001	350000	outside	same_species_opposite_arrangement	120	0.0528539776045	0.0520948916571	1143.60833333
2L_0007_300001_350000	300001	350000	outside	different_species_same_arrangement	440	0.171523131669	0.187317028587	1055.66590909
2L_0007_300001_350000	300001	350000	outside	different_species_opposite_arrangement	582	0.179730746737	0.195731961579	1031.38316151
2L_0008_350001_400000	350001	400000	outside	same_species_same_arrangement	236	0.0623033714087	0.0556063655072	1015.66949153
2L_0008_350001_400000	350001	400000	outside	same_species_opposite_arrangement	120	0.0512011369006	0.0514530845703	1046
2L_0008_350001_400000	350001	400000	outside	different_species_same_arrangement	440	0.158421520339	0.166997536946	1003.51136364
2L_0008_350001_400000	350001	400000	outside	different_species_opposite_arrangement	582	0.172230478774	0.169389005155	992.518900344
2L_0009_400001_450000	400001	450000	outside	same_species_same_arrangement	236	0.0569633649486	0.0531919893593	985.258474576
2L_0009_400001_450000	400001	450000	outside	same_species_opposite_arrangement	120	0.0459327504995	0.0453660263787	1051.90833333
2L_0009_400001_450000	400001	450000	outside	different_species_same_arrangement	440	0.1689629006	0.17760822474	969.772727273
2L_0009_400001_450000	400001	450000	outside	different_species_opposite_arrangement	582	0.179485541374	0.177931048588	943.647766323
2L_0010_450001_500000	450001	500000	outside	same_species_same_arrangement	236	0.0565401756977	0.0467292248947	749.550847458
2L_0010_450001_500000	450001	500000	outside	same_species_opposite_arrangement	120	0.0439170278264	0.0432365822765	804.183333333
2L_0010_450001_500000	450001	500000	outside	different_species_same_arrangement	440	0.205508607532	0.210844997119	728.293181818
2L_0010_450001_500000	450001	500000	outside	different_species_opposite_arrangement	582	0.225646555926	0.211856001355	709.879725086
2L_0011_500001_550000	500001	550000	outside	same_species_same_arrangement	236	0.0592229344529	0.0548770426108	632.911016949
2L_0011_500001_550000	500001	550000	outside	same_species_opposite_arrangement	120	0.052921015336	0.0530601958525	648.666666667
2L_0011_500001_550000	500001	550000	outside	different_species_same_arrangement	440	0.156311280748	0.176072881648	617.493181818
2L_0011_500001_550000	500001	550000	outside	different_species_opposite_arrangement	582	0.169866273102	0.182243901453	608.771477663
2L_0012_550001_600000	550001	600000	outside	same_species_same_arrangement	236	0.0549825271966	0.0451476047756	895.843220339
2L_0012_550001_600000	550001	600000	outside	same_species_opposite_arrangement	120	0.0396309252755	0.0390869911349	956.5
2L_0012_550001_600000	550001	600000	outside	different_species_same_arrangement	440	0.156749648907	0.171985133923	877.572727273
2L_0012_550001_600000	550001	600000	outside	different_species_opposite_arrangement	582	0.17667912276	0.17788834878	857.579037801
2L_0013_600001_650000	600001	650000	outside	same_species_same_arrangement	236	0.0502083927061	0.0407640573881	807.690677966
2L_0013_600001_650000	600001	650000	outside	same_species_opposite_arrangement	120	0.0377893513207	0.035499822225	896.525
2L_0013_600001_650000	600001	650000	outside	different_species_same_arrangement	440	0.199375326809	0.213351817492	785.072727273
2L_0013_600001_650000	600001	650000	outside	different_species_opposite_arrangement	582	0.215739655881	0.218527988348	753.134020619
2L_0015_700001_750000	700001	750000	outside	same_species_same_arrangement	236	0.0484353113617	0.0368070973344	836.072033898
2L_0015_700001_750000	700001	750000	outside	same_species_opposite_arrangement	120	0.0331953316524	0.0315167894323	888.5
2L_0015_700001_750000	700001	750000	outside	different_species_same_arrangement	440	0.198605918665	0.185869071931	816.836363636
2L_0015_700001_750000	700001	750000	outside	different_species_opposite_arrangement	582	0.219657828406	0.188882826426	797.058419244
2L_0016_750001_800000	750001	800000	outside	same_species_same_arrangement	236	0.0529457201816	0.0387216765884	1091.74152542
2L_0016_750001_800000	750001	800000	outside	same_species_opposite_arrangement	120	0.0327113693563	0.0319465693774	1169.9
2L_0016_750001_800000	750001	800000	outside	different_species_same_arrangement	440	0.175463199909	0.16565348608	1067.36818182
2L_0016_750001_800000	750001	800000	outside	different_species_opposite_arrangement	582	0.194320930656	0.167431259022	1038.75773196
2L_0017_800001_850000	800001	850000	outside	same_species_same_arrangement	236	0.0641330899711	0.0487742565964	681.546610169
2L_0017_800001_850000	800001	850000	outside	same_species_opposite_arrangement	120	0.0422130852943	0.0427521900859	753.158333333
2L_0017_800001_850000	800001	850000	outside	different_species_same_arrangement	440	0.135012305887	0.153640769793	673.634090909
2L_0017_800001_850000	800001	850000	outside	different_species_opposite_arrangement	582	0.145993968233	0.158883960106	652.302405498
2L_0018_850001_900000	850001	900000	outside	same_species_same_arrangement	236	0.0567021706961	0.0451469004768	1099.12711864
2L_0018_850001_900000	850001	900000	outside	same_species_opposite_arrangement	120	0.044132293142	0.0412016674023	1133.55
2L_0018_850001_900000	850001	900000	outside	different_species_same_arrangement	440	0.157178233678	0.175978653754	1062.78181818
2L_0018_850001_900000	850001	900000	outside	different_species_opposite_arrangement	582	0.167233530454	0.179498431094	1049.02405498
2L_0019_900001_950000	900001	950000	outside	same_species_same_arrangement	236	0.0546882993812	0.0405961407107	1176.4279661
2L_0019_900001_950000	900001	950000	outside	same_species_opposite_arrangement	120	0.0405954294957	0.0382116094286	1232.9
2L_0019_900001_950000	900001	950000	outside	different_species_same_arrangement	440	0.165798756157	0.180846494114	1156.59772727
2L_0019_900001_950000	900001	950000	outside	different_species_opposite_arrangement	582	0.177483510176	0.187553833542	1136.82302405
2L_0020_950001_1000000	950001	1000000	outside	same_species_same_arrangement	236	0.0522146164285	0.0487211301022	1137.84745763
2L_0020_950001_1000000	950001	1000000	outside	same_species_opposite_arrangement	120	0.0493295529058	0.0481188411366	1155.05
2L_0020_950001_1000000	950001	1000000	outside	different_species_same_arrangement	440	0.179805856717	0.190382018918	1126.06818182
2L_0020_950001_1000000	950001	1000000	outside	different_species_opposite_arrangement	582	0.194030224923	0.198475143425	1115.59965636
2L_0022_1050001_1100000	1050001	1100000	outside	same_species_same_arrangement	236	0.0566850577855	0.0540124375858	929.728813559
2L_0022_1050001_1100000	1050001	1100000	outside	same_species_opposite_arrangement	120	0.0488851823969	0.0453630876166	968.108333333
2L_0022_1050001_1100000	1050001	1100000	outside	different_species_same_arrangement	440	0.163329272421	0.15872585943	900.654545455
2L_0022_1050001_1100000	1050001	1100000	outside	different_species_opposite_arrangement	582	0.175742362185	0.162702702703	880.749140893
2L_0023_1100001_1150000	1100001	1150000	outside	same_species_same_arrangement	236	0.0567643276245	0.0568715069551	548.724576271
2L_0023_1100001_1150000	1100001	1150000	outside	same_species_opposite_arrangement	120	0.0435426250887	0.0405288909599	575.566666667
2L_0023_1100001_1150000	1100001	1150000	outside	different_species_same_arrangement	440	0.182386994437	0.201154983437	542.677272727
2L_0023_1100001_1150000	1100001	1150000	outside	different_species_opposite_arrangement	582	0.202881163218	0.203486384656	533.329896907
2L_0024_1150001_1200000	1150001	1200000	outside	same_species_same_arrangement	236	0.05562767339	0.0476389207118	691.25
2L_0024_1150001_1200000	1150001	1200000	outside	same_species_opposite_arrangement	120	0.0422692992459	0.0406606707708	709.575
2L_0024_1150001_1200000	1150001	1200000	outside	different_species_same_arrangement	440	0.151827486248	0.15392775574	667.579545455
2L_0024_1150001_1200000	1150001	1200000	outside	different_species_opposite_arrangement	582	0.167136789745	0.153068405953	656.709621993
2L_0025_1200001_1250000	1200001	1250000	outside	same_species_same_arrangement	236	0.0531926333882	0.0488438952777	753.088983051
2L_0025_1200001_1250000	1200001	1250000	outside	same_species_opposite_arrangement	120	0.0439596617834	0.0449438902743	788.058333333
2L_0025_1200001_1250000	1200001	1250000	outside	different_species_same_arrangement	440	0.141194758544	0.15954183527	735.027272727
2L_0025_1200001_1250000	1200001	1250000	outside	different_species_opposite_arrangement	582	0.150200344852	0.165636498197	721.943298969
2L_0026_1250001_1300000	1250001	1300000	outside	same_species_same_arrangement	236	0.0509428548019	0.0363588500343	938.105932203
2L_0026_1250001_1300000	1250001	1300000	outside	same_species_opposite_arrangement	120	0.0340913034415	0.0301574774019	987.016666667
2L_0026_1250001_1300000	1250001	1300000	outside	different_species_same_arrangement	440	0.206029258952	0.225395896117	933.45
2L_0026_1250001_1300000	1250001	1300000	outside	different_species_opposite_arrangement	582	0.219658377172	0.225616765952	917.374570447
2L_0027_1300001_1350000	1300001	1350000	outside	same_species_same_arrangement	236	0.0488952763636	0.0443362799532	474.351694915
2L_0027_1300001_1350000	1300001	1350000	outside	same_species_opposite_arrangement	120	0.0377662430183	0.0327314525489	482.325
2L_0027_1300001_1350000	1300001	1350000	outside	different_species_same_arrangement	440	0.206459227476	0.236081237702	465.015909091
2L_0027_1300001_1350000	1300001	1350000	outside	different_species_opposite_arrangement	582	0.219925865379	0.243590860659	460.297250859
2L_0028_1350001_1400000	1350001	1400000	outside	same_species_same_arrangement	236	0.0563491397394	0.0526090559841	577.305084746
2L_0028_1350001_1400000	1350001	1400000	outside	same_species_opposite_arrangement	120	0.0443802556723	0.0439512195122	622.95
2L_0028_1350001_1400000	1350001	1400000	outside	different_species_same_arrangement	440	0.162496122876	0.175595554453	566.531818182
2L_0028_1350001_1400000	1350001	1400000	outside	different_species_opposite_arrangement	582	0.173543433941	0.178216112733	549.943298969
2L_0029_1400001_1450000	1400001	1450000	outside	same_species_same_arrangement	236	0.0538389537559	0.0574173350218	625.423728814
2L_0029_1400001_1450000	1400001	1450000	outside	same_species_opposite_arrangement	120	0.0505094081931	0.0495451666067	619.341666667
2L_0029_1400001_1450000	1400001	1450000	outside	different_species_same_arrangement	440	0.212451879539	0.241093460053	607.5
2L_0029_1400001_1450000	1400001	1450000	outside	different_species_opposite_arrangement	582	0.228247602029	0.254264993137	605.001718213
2L_0030_1450001_1500000	1450001	1500000	outside	same_species_same_arrangement	236	0.0648493748957	0.0659865167042	701.584745763
2L_0030_1450001_1500000	1450001	1500000	outside	same_species_opposite_arrangement	120	0.0544017032989	0.0546677754081	716.683333333
2L_0030_1450001_1500000	1450001	1500000	outside	different_species_same_arrangement	440	0.153472257889	0.171331518361	686.840909091
2L_0030_1450001_1500000	1450001	1500000	outside	different_species_opposite_arrangement	582	0.162799229438	0.175814353814	674.018900344
2L_0031_1500001_1550000	1500001	1550000	outside	same_species_same_arrangement	236	0.0545315115919	0.0565114095056	1048.27966102
2L_0031_1500001_1550000	1500001	1550000	outside	same_species_opposite_arrangement	120	0.0523915837311	0.05131826742	1051.54166667
2L_0031_1500001_1550000	1500001	1550000	outside	different_species_same_arrangement	440	0.200962421379	0.213461501122	1044.39090909
2L_0031_1500001_1550000	1500001	1550000	outside	different_species_opposite_arrangement	582	0.217431584174	0.219616779715	1040.80584192
2L_0032_1550001_1600000	1550001	1600000	outside	same_species_same_arrangement	236	0.053737337092	0.0524916056166	1076.25
2L_0032_1550001_1600000	1550001	1600000	outside	same_species_opposite_arrangement	120	0.0508067947003	0.0479080043042	1092.18333333
2L_0032_1550001_1600000	1550001	1600000	outside	different_species_same_arrangement	440	0.200467709447	0.219130368199	1064.40909091
2L_0032_1550001_1600000	1550001	1600000	outside	different_species_opposite_arrangement	582	0.216635668484	0.222337121798	1058.1975945
2L_0033_1600001_1650000	1600001	1650000	outside	same_species_same_arrangement	236	0.0570918497075	0.0585774058577	897.330508475
2L_0033_1600001_1650000	1600001	1650000	outside	same_species_opposite_arrangement	120	0.0552258607583	0.0500533049041	939.133333333
2L_0033_1600001_1650000	1600001	1650000	outside	different_species_same_arrangement	440	0.174153618894	0.188283665458	886.513636364
2L_0033_1600001_1650000	1600001	1650000	outside	different_species_opposite_arrangement	582	0.183041455183	0.193615638003	870.537800687
2L_0034_1650001_1700000	1650001	1700000	outside	same_species_same_arrangement	236	0.0528451177429	0.0521212657286	1079.1779661
2L_0034_1650001_1700000	1650001	1700000	outside	same_species_opposite_arrangement	120	0.0517870292976	0.0468465909091	1146.24166667
2L_0034_1650001_1700000	1650001	1700000	outside	different_species_same_arrangement	440	0.206137446007	0.214892450716	1047.25681818
2L_0034_1650001_1700000	1650001	1700000	outside	different_species_opposite_arrangement	582	0.220440211587	0.221265779039	1017.79209622
2L_0035_1700001_1750000	1700001	1750000	outside	same_species_same_arrangement	236	0.0635299876765	0.0641726174038	1028.06779661
2L_0035_1700001_1750000	1700001	1750000	outside	same_species_opposite_arrangement	120	0.0613422296632	0.0591982934942	1011.2
2L_0035_1700001_1750000	1700001	1750000	outside	different_species_same_arrangement	440	0.151673210796	0.159659446387	1009.30454545
2L_0035_1700001_1750000	1700001	1750000	outside	different_species_opposite_arrangement	582	0.161293653251	0.163964023109	1010.60824742
2L_0036_1750001_1800000	1750001	1800000	outside	same_species_same_arrangement	236	0.0567435210133	0.0569309362413	788.186440678
2L_0036_1750001_1800000	1750001	1800000	outside	same_species_opposite_arrangement	120	0.0532921675703	0.0504580063496	775.708333333
2L_0036_1750001_1800000	1750001	1800000	outside	different_species_same_arrangement	440	0.163801173863	0.164098726618	767.877272727
2L_0036_1750001_1800000	1750001	1800000	outside	different_species_opposite_arrangement	582	0.176525848301	0.17889045691	768.242268041
2L_0037_1800001_1850000	1800001	1850000	outside	same_species_same_arrangement	236	0.0559607438529	0.0543853603931	906.919491525
2L_0037_1800001_1850000	1800001	1850000	outside	same_species_opposite_arrangement	120	0.0521457969116	0.0510132214594	928.316666667
2L_0037_1800001_1850000	1800001	1850000	outside	different_species_same_arrangement	440	0.159371348587	0.160289681483	886.8
2L_0037_1800001_1850000	1800001	1850000	outside	different_species_opposite_arrangement	582	0.169401128264	0.167474260692	873.001718213
2L_0038_1850001_1900000	1850001	1900000	outside	same_species_same_arrangement	236	0.0545635837621	0.0502847976029	971.466101695
2L_0038_1850001_1900000	1850001	1900000	outside	same_species_opposite_arrangement	120	0.0515422891976	0.0491834689306	1037.30833333
2L_0038_1850001_1900000	1850001	1900000	outside	different_species_same_arrangement	440	0.168322076391	0.171187359039	952.313636364
2L_0038_1850001_1900000	1850001	1900000	outside	different_species_opposite_arrangement	582	0.182295868039	0.172449196346	930.25257732
2L_0039_1900001_1950000	1900001	1950000	outside	same_species_same_arrangement	236	0.0569835299882	0.0564504071008	1139.96186441
2L_0039_1900001_1950000	1900001	1950000	outside	same_species_opposite_arrangement	120	0.0473990347497	0.0468041829534	1188.9
2L_0039_1900001_1950000	1900001	1950000	outside	different_species_same_arrangement	440	0.172931032593	0.196313285763	1120.85
2L_0039_1900001_1950000	1900001	1950000	outside	different_species_opposite_arrangement	582	0.18758833171	0.201868366501	1100.59793814
2L_0040_1950001_2000000	1950001	2000000	outside	same_species_same_arrangement	236	0.0509216369861	0.0520319756257	952.508474576
2L_0040_1950001_2000000	1950001	2000000	outside	same_species_opposite_arrangement	120	0.0475618076254	0.0466716814853	982.175
2L_0040_1950001_2000000	1950001	2000000	outside	different_species_same_arrangement	440	0.185657980787	0.206106870229	942.981818182
2L_0040_1950001_2000000	1950001	2000000	outside	different_species_opposite_arrangement	582	0.197125200033	0.210941685373	932.091065292
2L_0041_2000001_2050000	2000001	2050000	outside	same_species_same_arrangement	236	0.0530923919256	0.046971769199	1187.35169492
2L_0041_2000001_2050000	2000001	2050000	outside	same_species_opposite_arrangement	120	0.0415207264343	0.0383479486206	1228.1
2L_0041_2000001_2050000	2000001	2050000	outside	different_species_same_arrangement	440	0.205910761562	0.222246869762	1169.40909091
2L_0041_2000001_2050000	2000001	2050000	outside	different_species_opposite_arrangement	582	0.221067535934	0.225598762322	1151.34707904
2L_0042_2050001_2100000	2050001	2100000	outside	same_species_same_arrangement	236	0.0455981798056	0.0390762494211	842.110169492
2L_0042_2050001_2100000	2050001	2100000	outside	same_species_opposite_arrangement	120	0.0373559906469	0.0350726810097	873.291666667
2L_0042_2050001_2100000	2050001	2100000	outside	different_species_same_arrangement	440	0.234266878386	0.270011558695	833.988636364
2L_0042_2050001_2100000	2050001	2100000	outside	different_species_opposite_arrangement	582	0.250875489612	0.275472569849	821.993127148
2L_0043_2100001_2150000	2100001	2150000	outside	same_species_same_arrangement	236	0.0530836880908	0.049228179383	1098.75847458
2L_0043_2100001_2150000	2100001	2150000	outside	same_species_opposite_arrangement	120	0.0482549419305	0.0453166536538	1136.75833333
2L_0043_2100001_2150000	2100001	2150000	outside	different_species_same_arrangement	440	0.19087870805	0.217264791465	1090.76590909
2L_0043_2100001_2150000	2100001	2150000	outside	different_species_opposite_arrangement	582	0.206266279357	0.221227997647	1076.24570447
2L_0044_2150001_2200000	2150001	2200000	outside	same_species_same_arrangement	236	0.0595896287941	0.0582794552583	642.021186441
2L_0044_2150001_2200000	2150001	2200000	outside	same_species_opposite_arrangement	120	0.0530707321871	0.0508195398251	647.55
2L_0044_2150001_2200000	2150001	2200000	outside	different_species_same_arrangement	440	0.164546292626	0.175500198285	629.877272727
2L_0044_2150001_2200000	2150001	2200000	outside	different_species_opposite_arrangement	582	0.176720785003	0.17947397508	625.671821306
2L_0045_2200001_2250000	2200001	2250000	outside	same_species_same_arrangement	236	0.0580672675065	0.0570640756303	324.838983051
2L_0045_2200001_2250000	2200001	2250000	outside	same_species_opposite_arrangement	120	0.0570053826949	0.0553432609425	312.483333333
2L_0045_2200001_2250000	2200001	2250000	outside	different_species_same_arrangement	440	0.153915780771	0.16944971008	305.461363636
2L_0045_2200001_2250000	2200001	2250000	outside	different_species_opposite_arrangement	582	0.164607002589	0.167784370802	305.54467354
2L_0046_2250001_2300000	2250001	2300000	outside	same_species_same_arrangement	236	0.0521269308207	0.0529761904762	812.572033898
2L_0046_2250001_2300000	2250001	2300000	outside	same_species_opposite_arrangement	120	0.0475152615225	0.0450620449185	795.266666667
2L_0046_2250001_2300000	2250001	2300000	outside	different_species_same_arrangement	440	0.17164008665	0.165989148696	784.068181818
2L_0046_2250001_2300000	2250001	2300000	outside	different_species_opposite_arrangement	582	0.184401468361	0.166985025447	781.903780069
2L_0047_2300001_2350000	2300001	2350000	outside	same_species_same_arrangement	236	0.0615909648205	0.0560579992673	506.877118644
2L_0047_2300001_2350000	2300001	2350000	outside	same_species_opposite_arrangement	120	0.052042152995	0.0512456942123	544.541666667
2L_0047_2300001_2350000	2300001	2350000	outside	different_species_same_arrangement	440	0.151053515556	0.16820918918	493.170454545
2L_0047_2300001_2350000	2300001	2350000	outside	different_species_opposite_arrangement	582	0.163049452503	0.17266510622	480.439862543
2L_0048_2350001_2400000	2350001	2400000	outside	same_species_same_arrangement	236	0.0505254531389	0.0471242017831	1031.20762712
2L_0048_2350001_2400000	2350001	2400000	outside	same_species_opposite_arrangement	120	0.038548012313	0.0341830065359	1050.425
2L_0048_2350001_2400000	2350001	2400000	outside	different_species_same_arrangement	440	0.211546291497	0.225319893243	1018.74545455
2L_0048_2350001_2400000	2350001	2400000	outside	different_species_opposite_arrangement	582	0.22893878985	0.229966805037	1010.06357388
2L_0049_2400001_2450000	2400001	2450000	outside	same_species_same_arrangement	236	0.0452137591441	0.044698158897	839.453389831
2L_0049_2400001_2450000	2400001	2450000	outside	same_species_opposite_arrangement	120	0.0486747355116	0.0436377686194	862.908333333
2L_0049_2400001_2450000	2400001	2450000	outside	different_species_same_arrangement	440	0.211241212827	0.209455500577	827.425
2L_0049_2400001_2450000	2400001	2450000	outside	different_species_opposite_arrangement	582	0.228123161185	0.213170246619	816.372852234
2L_0050_2450001_2500000	2450001	2500000	outside	same_species_same_arrangement	236	0.0578797135593	0.0486970266576	733.470338983
2L_0050_2450001_2500000	2450001	2500000	outside	same_species_opposite_arrangement	120	0.0374865382228	0.0357382561269	765.833333333
2L_0050_2450001_2500000	2450001	2500000	outside	different_species_same_arrangement	440	0.160323046655	0.179838541779	711.102272727
2L_0050_2450001_2500000	2450001	2500000	outside	different_species_opposite_arrangement	582	0.176963493759	0.186836110766	697.664948454
2L_0051_2500001_2550000	2500001	2550000	outside	same_species_same_arrangement	236	0.05353641861	0.0530564774209	676.144067797
2L_0051_2500001_2550000	2500001	2550000	outside	same_species_opposite_arrangement	120	0.0532480951461	0.049745739123	653.816666667
2L_0051_2500001_2550000	2500001	2550000	outside	different_species_same_arrangement	440	0.182963027757	0.184889995849	653.25
2L_0051_2500001_2550000	2500001	2550000	outside	different_species_opposite_arrangement	582	0.200483526676	0.192253136934	655.307560137
2L_0052_2550001_2600000	2550001	2600000	outside	same_species_same_arrangement	236	0.0554395456468	0.0531157190031	1134.04237288
2L_0052_2550001_2600000	2550001	2600000	outside	same_species_opposite_arrangement	120	0.0538691898127	0.0569122516556	1187.25833333
2L_0052_2550001_2600000	2550001	2600000	outside	different_species_same_arrangement	440	0.187770685131	0.181652209418	1115.65454545
2L_0052_2550001_2600000	2550001	2600000	outside	different_species_opposite_arrangement	582	0.210231196174	0.180717060111	1095.13573883
2L_0053_2600001_2650000	2600001	2650000	outside	same_species_same_arrangement	236	0.0579121693372	0.0591424303737	1310.11440678
2L_0053_2600001_2650000	2600001	2650000	outside	same_species_opposite_arrangement	120	0.0567634901052	0.0564691877911	1350.84166667
2L_0053_2600001_2650000	2600001	2650000	outside	different_species_same_arrangement	440	0.176811253978	0.176197941395	1293.74318182
2L_0053_2600001_2650000	2600001	2650000	outside	different_species_opposite_arrangement	582	0.192711583436	0.178626205083	1278.77835052
2L_0054_2650001_2700000	2650001	2700000	outside	same_species_same_arrangement	236	0.0538334788666	0.0533222045053	902.419491525
2L_0054_2650001_2700000	2650001	2700000	outside	same_species_opposite_arrangement	120	0.0471386416064	0.0393863241499	933.758333333
2L_0054_2650001_2700000	2650001	2700000	outside	different_species_same_arrangement	440	0.18575456726	0.170283859076	890.209090909
2L_0054_2650001_2700000	2650001	2700000	outside	different_species_opposite_arrangement	582	0.20807016726	0.185739725524	879.87628866
2L_0055_2700001_2750000	2700001	2750000	outside	same_species_same_arrangement	236	0.0582919110366	0.0584881621324	1026.05084746
2L_0055_2700001_2750000	2700001	2750000	outside	same_species_opposite_arrangement	120	0.0523446828583	0.0524745604366	1091.70833333
2L_0055_2700001_2750000	2700001	2750000	outside	different_species_same_arrangement	440	0.181291319638	0.192206370405	1014.10227273
2L_0055_2700001_2750000	2700001	2750000	outside	different_species_opposite_arrangement	582	0.19609346156	0.193429226305	992.286941581
2L_0056_2750001_2800000	2750001	2800000	outside	same_species_same_arrangement	236	0.0563480078726	0.0559589336952	1032.80084746
2L_0056_2750001_2800000	2750001	2800000	outside	same_species_opposite_arrangement	120	0.0577199056773	0.0577554637422	1061.64166667
2L_0056_2750001_2800000	2750001	2800000	outside	different_species_same_arrangement	440	0.181342041134	0.200980415715	1015.72954545
2L_0056_2750001_2800000	2750001	2800000	outside	different_species_opposite_arrangement	582	0.19168187931	0.207274584263	1006.08934708
2L_0057_2800001_2850000	2800001	2850000	outside	same_species_same_arrangement	236	0.0557105269142	0.0558085869321	1041.22881356
2L_0057_2800001_2850000	2800001	2850000	outside	same_species_opposite_arrangement	120	0.0641526489536	0.0627595888147	1064.08333333
2L_0057_2800001_2850000	2800001	2850000	outside	different_species_same_arrangement	440	0.172556991407	0.180569528281	1030.45909091
2L_0057_2800001_2850000	2800001	2850000	outside	different_species_opposite_arrangement	582	0.183581334767	0.180501513186	1021.20274914
2L_0058_2850001_2900000	2850001	2900000	outside	same_species_same_arrangement	236	0.0588007379166	0.0567935766562	731.86440678
2L_0058_2850001_2900000	2850001	2900000	outside	same_species_opposite_arrangement	120	0.0663515886381	0.0616887714381	732.666666667
2L_0058_2850001_2900000	2850001	2900000	outside	different_species_same_arrangement	440	0.177217424654	0.184531174053	722.986363636
2L_0058_2850001_2900000	2850001	2900000	outside	different_species_opposite_arrangement	582	0.197494603848	0.196179711554	720.206185567
2L_0059_2900001_2950000	2900001	2950000	outside	same_species_same_arrangement	236	0.0587210546897	0.0586720918711	899.228813559
2L_0059_2900001_2950000	2900001	2950000	outside	same_species_opposite_arrangement	120	0.0745603318256	0.0691965147637	920.058333333
2L_0059_2900001_2950000	2900001	2950000	outside	different_species_same_arrangement	440	0.18812368172	0.215765343419	893.088636364
2L_0059_2900001_2950000	2900001	2950000	outside	different_species_opposite_arrangement	582	0.205373914296	0.218716018186	886.013745704
2L_0060_2950001_3000000	2950001	3000000	outside	same_species_same_arrangement	236	0.0611003423922	0.0589636897667	807.11440678
2L_0060_2950001_3000000	2950001	3000000	outside	same_species_opposite_arrangement	120	0.0793662519204	0.0755755427171	796.916666667
2L_0060_2950001_3000000	2950001	3000000	outside	different_species_same_arrangement	440	0.200457988777	0.229560186357	796.65
2L_0060_2950001_3000000	2950001	3000000	outside	different_species_opposite_arrangement	582	0.213881730305	0.233106352491	798.042955326
2L_0061_3000001_3050000	3000001	3050000	outside	same_species_same_arrangement	236	0.064980057467	0.0606366959116	851.457627119
2L_0061_3000001_3050000	3000001	3050000	outside	same_species_opposite_arrangement	120	0.103649846092	0.103092032751	854.883333333
2L_0061_3000001_3050000	3000001	3050000	outside	different_species_same_arrangement	440	0.183521749287	0.186800445048	841.886363636
2L_0061_3000001_3050000	3000001	3050000	outside	different_species_opposite_arrangement	582	0.194096795703	0.203463903805	838.783505155
2L_0062_3050001_3100000	3050001	3100000	outside	same_species_same_arrangement	236	0.0652980925966	0.0641631872831	993.033898305
2L_0062_3050001_3100000	3050001	3100000	outside	same_species_opposite_arrangement	120	0.0853317406496	0.0851688897152	999.933333333
2L_0062_3050001_3100000	3050001	3100000	outside	different_species_same_arrangement	440	0.162286919363	0.178676676958	984.354545455
2L_0062_3050001_3100000	3050001	3100000	outside	different_species_opposite_arrangement	582	0.171157574008	0.18069991096	980.919243986
2L_0063_3100001_3150000	3100001	3150000	outside	same_species_same_arrangement	236	0.0673910657614	0.0636392116655	825.970338983
2L_0063_3100001_3150000	3100001	3150000	outside	same_species_opposite_arrangement	120	0.0965887303309	0.0971976835493	818.616666667
2L_0063_3100001_3150000	3100001	3150000	outside	different_species_same_arrangement	440	0.160886655388	0.171428307465	816.322727273
2L_0063_3100001_3150000	3100001	3150000	outside	different_species_opposite_arrangement	582	0.164996068223	0.172948850617	814.733676976
2L_0064_3150001_3200000	3150001	3200000	outside	same_species_same_arrangement	236	0.0677347986474	0.0666701435247	1124.97033898
2L_0064_3150001_3200000	3150001	3200000	outside	same_species_opposite_arrangement	120	0.0923706194956	0.0917414444062	1120.125
2L_0064_3150001_3200000	3150001	3200000	outside	different_species_same_arrangement	440	0.138505540159	0.147412574001	1114.43863636
2L_0064_3150001_3200000	3150001	3200000	outside	different_species_opposite_arrangement	582	0.144489238473	0.150948414341	1113.93298969
2L_0065_3200001_3250000	3200001	3250000	outside	same_species_same_arrangement	236	0.0677264294674	0.0615192363891	1084.45762712
2L_0065_3200001_3250000	3200001	3250000	outside	same_species_opposite_arrangement	120	0.0930804731903	0.0941658296971	1070.18333333
2L_0065_3200001_3250000	3200001	3250000	outside	different_species_same_arrangement	440	0.150775334104	0.162790697674	1075.76818182
2L_0065_3200001_3250000	3200001	3250000	outside	different_species_opposite_arrangement	582	0.162449019255	0.167605700863	1077.73883162
2L_0066_3250001_3300000	3250001	3300000	outside	same_species_same_arrangement	236	0.0714322838582	0.0637942824943	1354.74576271
2L_0066_3250001_3300000	3250001	3300000	outside	same_species_opposite_arrangement	120	0.107250811668	0.103763164977	1341.91666667
2L_0066_3250001_3300000	3250001	3300000	outside	different_species_same_arrangement	440	0.149259587525	0.148163664293	1348.84318182
2L_0066_3250001_3300000	3250001	3300000	outside	different_species_opposite_arrangement	582	0.155744720616	0.16299909622	1348.81443299
2L_0067_3300001_3350000	3300001	3350000	outside	same_species_same_arrangement	236	0.0665654319075	0.0596716591358	1088.28389831
2L_0067_3300001_3350000	3300001	3350000	outside	same_species_opposite_arrangement	120	0.0886595798429	0.0898597011988	1080.89166667
2L_0067_3300001_3350000	3300001	3350000	outside	different_species_same_arrangement	440	0.142824467242	0.153527264733	1078
2L_0067_3300001_3350000	3300001	3350000	outside	different_species_opposite_arrangement	582	0.150480382057	0.156922508786	1075.29896907
2L_0068_3350001_3400000	3350001	3400000	outside	same_species_same_arrangement	236	0.0691354938724	0.0597017519029	1102.45762712
2L_0068_3350001_3400000	3350001	3400000	outside	same_species_opposite_arrangement	120	0.0988926449024	0.0984019491905	1084.24166667
2L_0068_3350001_3400000	3350001	3400000	outside	different_species_same_arrangement	440	0.143750303469	0.145861835624	1093.32045455
2L_0068_3350001_3400000	3350001	3400000	outside	different_species_opposite_arrangement	582	0.150473017927	0.155510432796	1096.23367698
2L_0069_3400001_3450000	3400001	3450000	outside	same_species_same_arrangement	236	0.0675909274752	0.0623428665277	1398.51271186
2L_0069_3400001_3450000	3400001	3450000	outside	same_species_opposite_arrangement	120	0.0898845536278	0.0890841878282	1409.14166667
2L_0069_3400001_3450000	3400001	3450000	outside	different_species_same_arrangement	440	0.144019892264	0.144018649495	1393.48181818
2L_0069_3400001_3450000	3400001	3450000	outside	different_species_opposite_arrangement	582	0.153318265878	0.147953338717	1388.94501718
2L_0070_3450001_3500000	3450001	3500000	outside	same_species_same_arrangement	236	0.0759620173573	0.0677483740749	1345.76271186
2L_0070_3450001_3500000	3450001	3500000	outside	same_species_opposite_arrangement	120	0.107704263142	0.106719391306	1342.95
2L_0070_3450001_3500000	3450001	3500000	outside	different_species_same_arrangement	440	0.16994547535	0.175127199043	1325.58863636
2L_0070_3450001_3500000	3450001	3500000	outside	different_species_opposite_arrangement	582	0.176303202169	0.18487934283	1322.64089347
2L_0071_3500001_3550000	3500001	3550000	outside	same_species_same_arrangement	236	0.0758660997485	0.0641392751411	1567.25847458
2L_0071_3500001_3550000	3500001	3550000	outside	same_species_opposite_arrangement	120	0.114279545105	0.113828808099	1578.925
2L_0071_3500001_3550000	3500001	3550000	outside	different_species_same_arrangement	440	0.171098565003	0.180524497868	1554.94545455
2L_0071_3500001_3550000	3500001	3550000	outside	different_species_opposite_arrangement	582	0.175522131217	0.185054683257	1549.24226804
2L_0072_3550001_3600000	3550001	3600000	outside	same_species_same_arrangement	236	0.0835509739556	0.0789842238943	1379.22881356
2L_0072_3550001_3600000	3550001	3600000	outside	same_species_opposite_arrangement	120	0.107053550605	0.107379971062	1363.58333333
2L_0072_3550001_3600000	3550001	3600000	outside	different_species_same_arrangement	440	0.158949754918	0.170805200982	1358.95681818
2L_0072_3550001_3600000	3550001	3600000	outside	different_species_opposite_arrangement	582	0.172845619068	0.179256328618	1356.74398625
2L_0073_3600001_3650000	3600001	3650000	outside	same_species_same_arrangement	236	0.0610640970358	0.0585200777202	1580.72033898
2L_0073_3600001_3650000	3600001	3650000	outside	same_species_opposite_arrangement	120	0.0796845640322	0.0782379345695	1588.25833333
2L_0073_3600001_3650000	3600001	3650000	outside	different_species_same_arrangement	440	0.157642636497	0.135467828977	1572.40454545
2L_0073_3600001_3650000	3600001	3650000	outside	different_species_opposite_arrangement	582	0.172232867404	0.143128567716	1567.66666667
2L_0074_3650001_3700000	3650001	3700000	outside	same_species_same_arrangement	236	0.069439645842	0.065529708639	1288.04661017
2L_0074_3650001_3700000	3650001	3700000	outside	same_species_opposite_arrangement	120	0.0960985211282	0.0972545219638	1296.05
2L_0074_3650001_3700000	3650001	3700000	outside	different_species_same_arrangement	440	0.15612828769	0.13613465827	1277.15681818
2L_0074_3650001_3700000	3650001	3700000	outside	different_species_opposite_arrangement	582	0.167933475314	0.141119729568	1273.14089347
2L_0075_3700001_3750000	3700001	3750000	outside	same_species_same_arrangement	236	0.077871335164	0.0694610712244	1679.9279661
2L_0075_3700001_3750000	3700001	3750000	outside	same_species_opposite_arrangement	120	0.108906480016	0.107903869512	1677.075
2L_0075_3700001_3750000	3700001	3750000	outside	different_species_same_arrangement	440	0.167438454307	0.174062140248	1671.83181818
2L_0075_3700001_3750000	3700001	3750000	outside	different_species_opposite_arrangement	582	0.175848134611	0.181341259787	1669.29725086
2L_0076_3750001_3800000	3750001	3800000	outside	same_species_same_arrangement	236	0.0764309284722	0.0692112483442	1312.62711864
2L_0076_3750001_3800000	3750001	3800000	outside	same_species_opposite_arrangement	120	0.102845343278	0.0996237054691	1307.04166667
2L_0076_3750001_3800000	3750001	3800000	outside	different_species_same_arrangement	440	0.158914702387	0.164089259775	1307.21818182
2L_0076_3750001_3800000	3750001	3800000	outside	different_species_opposite_arrangement	582	0.165604398403	0.173677996339	1307.13058419
2L_0077_3800001_3850000	3800001	3850000	outside	same_species_same_arrangement	236	0.0731965244136	0.0660575247915	1125.09322034
2L_0077_3800001_3850000	3800001	3850000	outside	same_species_opposite_arrangement	120	0.101351900918	0.0987455720644	1120.61666667
2L_0077_3800001_3850000	3800001	3850000	outside	different_species_same_arrangement	440	0.174795256198	0.154067245978	1108.56818182
2L_0077_3800001_3850000	3800001	3850000	outside	different_species_opposite_arrangement	582	0.187397508716	0.162969985523	1104.87457045
2L_0078_3850001_3900000	3850001	3900000	outside	same_species_same_arrangement	236	0.0585913564796	0.0601215736833	1425.87288136
2L_0078_3850001_3900000	3850001	3900000	outside	same_species_opposite_arrangement	120	0.069952724385	0.069864613328	1429.95
2L_0078_3850001_3900000	3850001	3900000	outside	different_species_same_arrangement	440	0.15389183916	0.133887475775	1414.85454545
2L_0078_3850001_3900000	3850001	3900000	outside	different_species_opposite_arrangement	582	0.170770688958	0.140354842978	1410.80756014
2L_0079_3900001_3950000	3900001	3950000	outside	same_species_same_arrangement	236	0.0573584916777	0.05756040773	1441.75423729
2L_0079_3900001_3950000	3900001	3950000	outside	same_species_opposite_arrangement	120	0.0684986974047	0.0684417465798	1463.06666667
2L_0079_3900001_3950000	3900001	3950000	outside	different_species_same_arrangement	440	0.173770363882	0.159405642237	1425.13181818
2L_0079_3900001_3950000	3900001	3950000	outside	different_species_opposite_arrangement	582	0.18948770134	0.159637074922	1415.52233677
2L_0080_3950001_4000000	3950001	4000000	outside	same_species_same_arrangement	236	0.0651897767945	0.0589438832524	1339.49576271
2L_0080_3950001_4000000	3950001	4000000	outside	same_species_opposite_arrangement	120	0.0875834405351	0.0876084102044	1364.25
2L_0080_3950001_4000000	3950001	4000000	outside	different_species_same_arrangement	440	0.191637651081	0.191297339994	1321.63181818
2L_0080_3950001_4000000	3950001	4000000	outside	different_species_opposite_arrangement	582	0.205914457379	0.195956237542	1306.68041237
2L_0081_4000001_4050000	4000001	4050000	outside	same_species_same_arrangement	236	0.0758298899938	0.074810817366	430.576271186
2L_0081_4000001_4050000	4000001	4050000	outside	same_species_opposite_arrangement	120	0.101113221366	0.0998687664042	409.641666667
2L_0081_4000001_4050000	4000001	4050000	outside	different_species_same_arrangement	440	0.144097781295	0.139028450363	421.729545455
2L_0081_4000001_4050000	4000001	4050000	outside	different_species_opposite_arrangement	582	0.151291992398	0.150581473969	426.151202749
2L_0082_4050001_4100000	4050001	4100000	outside	same_species_same_arrangement	236	0.0768060161293	0.0729095025218	749.093220339
2L_0082_4050001_4100000	4050001	4100000	outside	same_species_opposite_arrangement	120	0.0777834388018	0.0778923554752	711.508333333
2L_0082_4050001_4100000	4050001	4100000	outside	different_species_same_arrangement	440	0.156098661455	0.160935350757	735.140909091
2L_0082_4050001_4100000	4050001	4100000	outside	different_species_opposite_arrangement	582	0.163312041874	0.177383625874	739.290378007
2L_0083_4100001_4150000	4100001	4150000	outside	same_species_same_arrangement	236	0.0696249829647	0.0685984047374	1399.67372881
2L_0083_4100001_4150000	4100001	4150000	outside	same_species_opposite_arrangement	120	0.0809078499771	0.0802946896161	1465.94166667
2L_0083_4100001_4150000	4100001	4150000	outside	different_species_same_arrangement	440	0.204064961682	0.223735276305	1381.95681818
2L_0083_4100001_4150000	4100001	4150000	outside	different_species_opposite_arrangement	582	0.214516517357	0.225235633931	1354.18041237
2L_0084_4150001_4200000	4150001	4200000	outside	same_species_same_arrangement	236	0.0760790743297	0.0764769944614	1352.9279661
2L_0084_4150001_4200000	4150001	4200000	outside	same_species_opposite_arrangement	120	0.0969063333	0.0972553591142	1352.54166667
2L_0084_4150001_4200000	4150001	4200000	outside	different_species_same_arrangement	440	0.183440947334	0.200989811759	1346.66818182
2L_0084_4150001_4200000	4150001	4200000	outside	different_species_opposite_arrangement	582	0.196010380799	0.20760674765	1344.2371134
2L_0085_4200001_4250000	4200001	4250000	outside	same_species_same_arrangement	236	0.0733650962995	0.0773667122351	1224.98728814
2L_0085_4200001_4250000	4200001	4250000	outside	same_species_opposite_arrangement	120	0.0879715133848	0.0900238854258	1234.00833333
2L_0085_4200001_4250000	4200001	4250000	outside	different_species_same_arrangement	440	0.175154610325	0.189072071962	1223.03863636
2L_0085_4200001_4250000	4200001	4250000	outside	different_species_opposite_arrangement	582	0.183252611049	0.199365113716	1218.54467354
2L_0086_4250001_4300000	4250001	4300000	outside	same_species_same_arrangement	236	0.0788349376306	0.0749267589947	1268.44915254
2L_0086_4250001_4300000	4250001	4300000	outside	same_species_opposite_arrangement	120	0.106187001587	0.106342443336	1255.25833333
2L_0086_4250001_4300000	4250001	4300000	outside	different_species_same_arrangement	440	0.178969368034	0.162475683187	1263.77727273
2L_0086_4250001_4300000	4250001	4300000	outside	different_species_opposite_arrangement	582	0.189220559384	0.17148098114	1264.33161512
2L_0087_4300001_4350000	4300001	4350000	outside	same_species_same_arrangement	236	0.0713555590572	0.0721459939527	1455.76694915
2L_0087_4300001_4350000	4300001	4350000	outside	same_species_opposite_arrangement	120	0.0808944862325	0.0818117192589	1463.625
2L_0087_4300001_4350000	4300001	4350000	outside	different_species_same_arrangement	440	0.151610790151	0.157576277651	1447.7
2L_0087_4300001_4350000	4300001	4350000	outside	different_species_opposite_arrangement	582	0.160181039905	0.161870255349	1443.64776632
2L_0088_4350001_4400000	4350001	4400000	outside	same_species_same_arrangement	236	0.0693004896176	0.0667153996101	1027.61440678
2L_0088_4350001_4400000	4350001	4400000	outside	same_species_opposite_arrangement	120	0.088845532934	0.088076545633	1026.93333333
2L_0088_4350001_4400000	4350001	4400000	outside	different_species_same_arrangement	440	0.148881836926	0.157470614882	1025.375
2L_0088_4350001_4400000	4350001	4400000	outside	different_species_opposite_arrangement	582	0.155919497666	0.162715971344	1024.28178694
2L_0089_4400001_4450000	4400001	4450000	outside	same_species_same_arrangement	236	0.0665455655336	0.0661766137037	1382.86440678
2L_0089_4400001_4450000	4400001	4450000	outside	same_species_opposite_arrangement	120	0.081607246303	0.0812074237048	1389.51666667
2L_0089_4400001_4450000	4400001	4450000	outside	different_species_same_arrangement	440	0.150769544614	0.16618705036	1378.83181818
2L_0089_4400001_4450000	4400001	4450000	outside	different_species_opposite_arrangement	582	0.159559871434	0.169718085135	1375.83333333
2L_0090_4450001_4500000	4450001	4500000	outside	same_species_same_arrangement	236	0.0653890159771	0.0621323547153	1037.55932203
2L_0090_4450001_4500000	4450001	4500000	outside	same_species_opposite_arrangement	120	0.0850786560388	0.0847373901465	1032.725
2L_0090_4450001_4500000	4450001	4500000	outside	different_species_same_arrangement	440	0.134649941017	0.145348400449	1034.05227273
2L_0090_4450001_4500000	4450001	4500000	outside	different_species_opposite_arrangement	582	0.143387605348	0.147383632492	1034.90549828
2L_0091_4500001_4550000	4500001	4550000	outside	same_species_same_arrangement	236	0.0830625115159	0.0849422539393	1423.6059322
2L_0091_4500001_4550000	4500001	4550000	outside	same_species_opposite_arrangement	120	0.103361017985	0.100666445215	1408.11666667
2L_0091_4500001_4550000	4500001	4550000	outside	different_species_same_arrangement	440	0.149639373242	0.151669579106	1408.28181818
2L_0091_4500001_4550000	4500001	4550000	outside	different_species_opposite_arrangement	582	0.158858856302	0.158020676132	1408.06185567
2L_0092_4550001_4600000	4550001	4600000	outside	same_species_same_arrangement	236	0.0743733816094	0.0643102947883	1340.16525424
2L_0092_4550001_4600000	4550001	4600000	outside	same_species_opposite_arrangement	120	0.10539678905	0.101688784136	1324.475
2L_0092_4550001_4600000	4550001	4600000	outside	different_species_same_arrangement	440	0.167283159978	0.180822746621	1332.37272727
2L_0092_4550001_4600000	4550001	4600000	outside	different_species_opposite_arrangement	582	0.174986617336	0.187340129824	1333.54810997
2L_0093_4600001_4650000	4600001	4650000	outside	same_species_same_arrangement	236	0.0690102664327	0.0697200364922	877.580508475
2L_0093_4600001_4650000	4600001	4650000	outside	same_species_opposite_arrangement	120	0.0926809044472	0.0909820079659	863.425
2L_0093_4600001_4650000	4600001	4650000	outside	different_species_same_arrangement	440	0.151832184457	0.16509673858	863.688636364
2L_0093_4600001_4650000	4600001	4650000	outside	different_species_opposite_arrangement	582	0.159766136729	0.171052631579	861.319587629
2L_0094_4650001_4700000	4650001	4700000	outside	same_species_same_arrangement	236	0.071666621989	0.0647960042651	1140.79661017
2L_0094_4650001_4700000	4650001	4700000	outside	same_species_opposite_arrangement	120	0.0965817005689	0.0954194908177	1155.61666667
2L_0094_4650001_4700000	4650001	4700000	outside	different_species_same_arrangement	440	0.154841860761	0.160316884373	1119.94090909
2L_0094_4650001_4700000	4650001	4700000	outside	different_species_opposite_arrangement	582	0.164078165035	0.167103074505	1106.90893471
2L_0095_4700001_4750000	4700001	4750000	outside	same_species_same_arrangement	236	0.078172433661	0.0745525776744	1198.9279661
2L_0095_4700001_4750000	4700001	4750000	outside	same_species_opposite_arrangement	120	0.104414335021	0.105381358936	1179.38333333
2L_0095_4700001_4750000	4700001	4750000	outside	different_species_same_arrangement	440	0.158682678848	0.166241883117	1188.29545455
2L_0095_4700001_4750000	4700001	4750000	outside	different_species_opposite_arrangement	582	0.167407714942	0.173247836595	1190.31443299
2L_0096_4750001_4800000	4750001	4800000	outside	same_species_same_arrangement	236	0.0774673619837	0.0776150579329	1537.8559322
2L_0096_4750001_4800000	4750001	4800000	outside	same_species_opposite_arrangement	120	0.0902934652995	0.0855917965665	1529.80833333
2L_0096_4750001_4800000	4750001	4800000	outside	different_species_same_arrangement	440	0.13954362263	0.147243242725	1530.07727273
2L_0096_4750001_4800000	4750001	4800000	outside	different_species_opposite_arrangement	582	0.147613457441	0.155314489929	1531.56013746
2L_0097_4800001_4850000	4800001	4850000	outside	same_species_same_arrangement	236	0.0695811013081	0.0616987304988	1313.61864407
2L_0097_4800001_4850000	4800001	4850000	outside	same_species_opposite_arrangement	120	0.0963245214686	0.095768980413	1297.84166667
2L_0097_4800001_4850000	4800001	4850000	outside	different_species_same_arrangement	440	0.155033660258	0.16443452381	1306.36363636
2L_0097_4800001_4850000	4800001	4850000	outside	different_species_opposite_arrangement	582	0.159890132698	0.168040466329	1308.79553265
2L_0098_4850001_4900000	4850001	4900000	outside	same_species_same_arrangement	236	0.0692883640623	0.0629553207879	1160.68644068
2L_0098_4850001_4900000	4850001	4900000	outside	same_species_opposite_arrangement	120	0.0966873332849	0.0965849173945	1167.46666667
2L_0098_4850001_4900000	4850001	4900000	outside	different_species_same_arrangement	440	0.159875567392	0.169642979808	1155.61818182
2L_0098_4850001_4900000	4850001	4900000	outside	different_species_opposite_arrangement	582	0.166100717871	0.173605215997	1150.72164948
2L_0099_4900001_4950000	4900001	4950000	outside	same_species_same_arrangement	236	0.0776987479575	0.0766696337332	1392.34745763
2L_0099_4900001_4950000	4900001	4950000	outside	same_species_opposite_arrangement	120	0.100633481265	0.0997477909255	1368.89166667
2L_0099_4900001_4950000	4900001	4950000	outside	different_species_same_arrangement	440	0.140852805133	0.138996293117	1383.37727273
2L_0099_4900001_4950000	4900001	4950000	outside	different_species_opposite_arrangement	582	0.150101450727	0.147256427323	1385.85910653
2L_0100_4950001_5000000	4950001	5000000	outside	same_species_same_arrangement	236	0.0692639088153	0.0633493320664	1154.65677966
2L_0100_4950001_5000000	4950001	5000000	outside	same_species_opposite_arrangement	120	0.0932635728731	0.0926482069663	1155.925
2L_0100_4950001_5000000	4950001	5000000	outside	different_species_same_arrangement	440	0.143872883828	0.133131354163	1151.64318182
2L_0100_4950001_5000000	4950001	5000000	outside	different_species_opposite_arrangement	582	0.154510993226	0.137233755933	1150.5790378
2L_0101_5000001_5050000	5000001	5050000	outside	same_species_same_arrangement	236	0.0727156663485	0.0674915204925	1292
2L_0101_5000001_5050000	5000001	5050000	outside	same_species_opposite_arrangement	120	0.0975631780688	0.0972882264512	1283.68333333
2L_0101_5000001_5050000	5000001	5050000	outside	different_species_same_arrangement	440	0.178557320189	0.157148515043	1276.81590909
2L_0101_5000001_5050000	5000001	5050000	outside	different_species_opposite_arrangement	582	0.195100249621	0.15872437721	1275.51890034
2L_0102_5050001_5100000	5050001	5100000	outside	same_species_same_arrangement	236	0.0810076785359	0.0787116640775	585.152542373
2L_0102_5050001_5100000	5050001	5100000	outside	same_species_opposite_arrangement	120	0.0964505875136	0.0941219110545	551.358333333
2L_0102_5050001_5100000	5050001	5100000	outside	different_species_same_arrangement	440	0.15270025436	0.157194368403	574.354545455
2L_0102_5050001_5100000	5050001	5100000	outside	different_species_opposite_arrangement	582	0.158189756425	0.16106131477	579.079037801
2L_0105_5200001_5250000	5200001	5250000	outside	same_species_same_arrangement	236	0.0696752807679	0.0696324761237	841.449152542
2L_0105_5200001_5250000	5200001	5250000	outside	same_species_opposite_arrangement	120	0.0728537439682	0.0703130896849	859.625
2L_0105_5200001_5250000	5200001	5250000	outside	different_species_same_arrangement	440	0.176355674981	0.184353837263	800.931818182
2L_0105_5200001_5250000	5200001	5250000	outside	different_species_opposite_arrangement	582	0.179664471756	0.19249901578	785.62371134
2L_0106_5250001_5300000	5250001	5300000	outside	same_species_same_arrangement	236	0.0652510265298	0.0641628962963	1329.33898305
2L_0106_5250001_5300000	5250001	5300000	outside	same_species_opposite_arrangement	120	0.0562917865475	0.0554981059157	1430.05
2L_0106_5250001_5300000	5250001	5300000	outside	different_species_same_arrangement	440	0.138014021857	0.145908963522	1299.54090909
2L_0106_5250001_5300000	5250001	5300000	outside	different_species_opposite_arrangement	582	0.143880321713	0.149078082781	1258.51030928
2L_0107_5300001_5350000	5300001	5350000	outside	same_species_same_arrangement	236	0.0683496305108	0.06514276817	1481.19491525
2L_0107_5300001_5350000	5300001	5350000	outside	same_species_opposite_arrangement	120	0.0591888043102	0.059456928839	1540.46666667
2L_0107_5300001_5350000	5300001	5350000	outside	different_species_same_arrangement	440	0.130579409112	0.129680502772	1452.25227273
2L_0107_5300001_5350000	5300001	5350000	outside	different_species_opposite_arrangement	582	0.138384094762	0.135798097503	1426.96563574
2L_0109_5400001_5450000	5400001	5450000	outside	same_species_same_arrangement	236	0.0688985008234	0.0673398604725	951.550847458
2L_0109_5400001_5450000	5400001	5450000	outside	same_species_opposite_arrangement	120	0.0678941256246	0.0657630522088	994.425
2L_0109_5400001_5450000	5400001	5450000	outside	different_species_same_arrangement	440	0.150197350305	0.165958431125	923.938636364
2L_0109_5400001_5450000	5400001	5450000	outside	different_species_opposite_arrangement	582	0.158463328623	0.167760714799	909.005154639
2L_0110_5450001_5500000	5450001	5500000	outside	same_species_same_arrangement	236	0.0748176722786	0.0758943706445	1314.61016949
2L_0110_5450001_5500000	5450001	5500000	outside	same_species_opposite_arrangement	120	0.0848833205948	0.0834590076085	1340.125
2L_0110_5450001_5500000	5450001	5500000	outside	different_species_same_arrangement	440	0.172622407387	0.180068694243	1292.14772727
2L_0110_5450001_5500000	5450001	5500000	outside	different_species_opposite_arrangement	582	0.183880553245	0.200199339064	1279.04467354
2L_0111_5500001_5550000	5500001	5550000	outside	same_species_same_arrangement	236	0.0782438422133	0.076402183641	1833.63559322
2L_0111_5500001_5550000	5500001	5550000	outside	same_species_opposite_arrangement	120	0.0901217752127	0.0912932561519	1873.68333333
2L_0111_5500001_5550000	5500001	5550000	outside	different_species_same_arrangement	440	0.165330766839	0.162387398671	1802.20681818
2L_0111_5500001_5550000	5500001	5550000	outside	different_species_opposite_arrangement	582	0.17592628806	0.172175410719	1781.46563574
2L_0112_5550001_5600000	5550001	5600000	outside	same_species_same_arrangement	236	0.073097493336	0.0738878701926	2015.02966102
2L_0112_5550001_5600000	5550001	5600000	outside	same_species_opposite_arrangement	120	0.0732314971423	0.0745126609444	2059.325
2L_0112_5550001_5600000	5550001	5600000	outside	different_species_same_arrangement	440	0.157985540375	0.175136232244	1982.15454545
2L_0112_5550001_5600000	5550001	5600000	outside	different_species_opposite_arrangement	582	0.166919513155	0.181102709462	1959.21821306
2L_0113_5600001_5650000	5600001	5650000	outside	same_species_same_arrangement	236	0.0659372713946	0.0655814158679	1344.23728814
2L_0113_5600001_5650000	5600001	5650000	outside	same_species_opposite_arrangement	120	0.0681044700977	0.0684113768632	1388.15
2L_0113_5600001_5650000	5600001	5650000	outside	different_species_same_arrangement	440	0.159958212398	0.167608931074	1325.78181818
2L_0113_5600001_5650000	5600001	5650000	outside	different_species_opposite_arrangement	582	0.169913632569	0.172177850468	1307.61340206
2L_0114_5650001_5700000	5650001	5700000	outside	same_species_same_arrangement	236	0.0681350373192	0.0644339757026	1581.21186441
2L_0114_5650001_5700000	5650001	5700000	outside	same_species_opposite_arrangement	120	0.0822612764543	0.0826539282377	1599.375
2L_0114_5650001_5700000	5650001	5700000	outside	different_species_same_arrangement	440	0.200538150971	0.211391752409	1576.64545455
2L_0114_5650001_5700000	5650001	5700000	outside	different_species_opposite_arrangement	582	0.208356405772	0.216708820549	1570.09278351
2L_0115_5700001_5750000	5700001	5750000	outside	same_species_same_arrangement	236	0.0645435061142	0.0592990893486	1321.63135593
2L_0115_5700001_5750000	5700001	5750000	outside	same_species_opposite_arrangement	120	0.0789378286367	0.0787194085309	1325.68333333
2L_0115_5700001_5750000	5700001	5750000	outside	different_species_same_arrangement	440	0.192886499985	0.184060275863	1318.42954545
2L_0115_5700001_5750000	5700001	5750000	outside	different_species_opposite_arrangement	582	0.20678908192	0.189147906869	1316.38659794
2L_0116_5750001_5800000	5750001	5800000	outside	same_species_same_arrangement	236	0.0710902132086	0.0715011229585	1514.25423729
2L_0116_5750001_5800000	5750001	5800000	outside	same_species_opposite_arrangement	120	0.0764087280104	0.0716409065254	1508.71666667
2L_0116_5750001_5800000	5750001	5800000	outside	different_species_same_arrangement	440	0.176989419413	0.175467454801	1502.18409091
2L_0116_5750001_5800000	5750001	5800000	outside	different_species_opposite_arrangement	582	0.191449230462	0.182542606616	1500.91580756
2L_0117_5800001_5850000	5800001	5850000	outside	same_species_same_arrangement	236	0.0716593460778	0.0710421914052	1505.5720339
2L_0117_5800001_5850000	5800001	5850000	outside	same_species_opposite_arrangement	120	0.0859308874312	0.0850575895726	1516.78333333
2L_0117_5800001_5850000	5800001	5850000	outside	different_species_same_arrangement	440	0.18342428725	0.160856385746	1478.62272727
2L_0117_5800001_5850000	5800001	5850000	outside	different_species_opposite_arrangement	582	0.197438214415	0.162915851272	1469.34536082
2L_0118_5850001_5900000	5850001	5900000	outside	same_species_same_arrangement	236	0.0783070367456	0.0783615963279	1396.31779661
2L_0118_5850001_5900000	5850001	5900000	outside	same_species_opposite_arrangement	120	0.101328674836	0.101906055157	1415.24166667
2L_0118_5850001_5900000	5850001	5900000	outside	different_species_same_arrangement	440	0.206989267277	0.20301544788	1387.42954545
2L_0118_5850001_5900000	5850001	5900000	outside	different_species_opposite_arrangement	582	0.216213135173	0.215139614836	1380.93642612
2L_0119_5900001_5950000	5900001	5950000	outside	same_species_same_arrangement	236	0.065092160058	0.0643229950023	1490.05084746
2L_0119_5900001_5950000	5900001	5950000	outside	same_species_opposite_arrangement	120	0.0814828797298	0.0819164180381	1492.575
2L_0119_5900001_5950000	5900001	5950000	outside	different_species_same_arrangement	440	0.173690202741	0.145701128271	1479.86590909
2L_0119_5900001_5950000	5900001	5950000	outside	different_species_opposite_arrangement	582	0.188770030822	0.152858670799	1475.2628866
2L_0120_5950001_6000000	5950001	6000000	outside	same_species_same_arrangement	236	0.0760389841492	0.0758525682945	983.11440678
2L_0120_5950001_6000000	5950001	6000000	outside	same_species_opposite_arrangement	120	0.0888740428165	0.0877419205949	998.558333333
2L_0120_5950001_6000000	5950001	6000000	outside	different_species_same_arrangement	440	0.176881239851	0.166666666667	970.618181818
2L_0120_5950001_6000000	5950001	6000000	outside	different_species_opposite_arrangement	582	0.187758082148	0.17493315508	962.962199313
2L_0121_6000001_6050000	6000001	6050000	outside	same_species_same_arrangement	236	0.0839304529245	0.0848438776962	1711.3559322
2L_0121_6000001_6050000	6000001	6050000	outside	same_species_opposite_arrangement	120	0.0963409604519	0.0949915673304	1686.86666667
2L_0121_6000001_6050000	6000001	6050000	outside	different_species_same_arrangement	440	0.182026675217	0.184295307637	1691.91590909
2L_0121_6000001_6050000	6000001	6050000	outside	different_species_opposite_arrangement	582	0.191733357398	0.19514069348	1693.10996564
2L_0122_6050001_6100000	6050001	6100000	outside	same_species_same_arrangement	236	0.0762379406845	0.0748169309985	1588.30084746
2L_0122_6050001_6100000	6050001	6100000	outside	same_species_opposite_arrangement	120	0.0879100372935	0.0867234157647	1571.55
2L_0122_6050001_6100000	6050001	6100000	outside	different_species_same_arrangement	440	0.165882103945	0.153799755893	1551.35227273
2L_0122_6050001_6100000	6050001	6100000	outside	different_species_opposite_arrangement	582	0.17849554761	0.163205931151	1548.98797251
2L_0123_6100001_6150000	6100001	6150000	outside	same_species_same_arrangement	236	0.0763138579954	0.0738793026873	1480.86440678
2L_0123_6100001_6150000	6100001	6150000	outside	same_species_opposite_arrangement	120	0.0934490938375	0.0927595417887	1481.81666667
2L_0123_6100001_6150000	6100001	6150000	outside	different_species_same_arrangement	440	0.143119669823	0.138333608565	1474.94090909
2L_0123_6100001_6150000	6100001	6150000	outside	different_species_opposite_arrangement	582	0.150250335362	0.148015794165	1471.58934708
2L_0124_6150001_6200000	6150001	6200000	outside	same_species_same_arrangement	236	0.0736822396403	0.0711432305346	1728.87288136
2L_0124_6150001_6200000	6150001	6200000	outside	same_species_opposite_arrangement	120	0.0884960215884	0.0883188977695	1752.325
2L_0124_6150001_6200000	6150001	6200000	outside	different_species_same_arrangement	440	0.135614917631	0.136587447446	1719.72272727
2L_0124_6150001_6200000	6150001	6200000	outside	different_species_opposite_arrangement	582	0.141791813382	0.144562741671	1710.02920962
2L_0125_6200001_6250000	6200001	6250000	outside	same_species_same_arrangement	236	0.0593950884025	0.0616989474294	1354.16101695
2L_0125_6200001_6250000	6200001	6250000	outside	same_species_opposite_arrangement	120	0.0669677829479	0.0662605782658	1359.03333333
2L_0125_6200001_6250000	6200001	6250000	outside	different_species_same_arrangement	440	0.159521829487	0.131366758367	1348.42045455
2L_0125_6200001_6250000	6200001	6250000	outside	different_species_opposite_arrangement	582	0.178957890334	0.137147214019	1345.96563574
2L_0126_6250001_6300000	6250001	6300000	outside	same_species_same_arrangement	236	0.060870727199	0.0595999269273	1110.19067797
2L_0126_6250001_6300000	6250001	6300000	outside	same_species_opposite_arrangement	120	0.0740134668129	0.074293991096	1113.33333333
2L_0126_6250001_6300000	6250001	6300000	outside	different_species_same_arrangement	440	0.153493157979	0.122911163282	1087.17727273
2L_0126_6250001_6300000	6250001	6300000	outside	different_species_opposite_arrangement	582	0.168396816675	0.138393013275	1078.12886598
2L_0127_6300001_6350000	6300001	6350000	outside	same_species_same_arrangement	236	0.0745129301445	0.0759098078159	921.881355932
2L_0127_6300001_6350000	6300001	6350000	outside	same_species_opposite_arrangement	120	0.0834375810951	0.0838284210797	919.541666667
2L_0127_6300001_6350000	6300001	6350000	outside	different_species_same_arrangement	440	0.146433229998	0.13574415244	888.820454545
2L_0127_6300001_6350000	6300001	6350000	outside	different_species_opposite_arrangement	582	0.156447782062	0.144245684512	880.046391753
2L_0128_6350001_6400000	6350001	6400000	outside	same_species_same_arrangement	236	0.0630666547037	0.0597952494364	1146.96186441
2L_0128_6350001_6400000	6350001	6400000	outside	same_species_opposite_arrangement	120	0.0780415419101	0.0796795017632	1141.55
2L_0128_6350001_6400000	6350001	6400000	outside	different_species_same_arrangement	440	0.169247221196	0.131161855155	1136.41136364
2L_0128_6350001_6400000	6350001	6400000	outside	different_species_opposite_arrangement	582	0.188640352339	0.136734007631	1136.27491409
2L_0129_6400001_6450000	6400001	6450000	outside	same_species_same_arrangement	236	0.0725389911893	0.0725369075369	1636.07627119
2L_0129_6400001_6450000	6400001	6450000	outside	same_species_opposite_arrangement	120	0.0908467094969	0.0893627140843	1649.21666667
2L_0129_6400001_6450000	6400001	6450000	outside	different_species_same_arrangement	440	0.183131830564	0.142944811145	1619.73636364
2L_0129_6400001_6450000	6400001	6450000	outside	different_species_opposite_arrangement	582	0.201490416423	0.161972052816	1613.52061856
2L_0130_6450001_6500000	6450001	6500000	outside	same_species_same_arrangement	236	0.0656933128454	0.0669132522957	1668.63135593
2L_0130_6450001_6500000	6450001	6500000	outside	same_species_opposite_arrangement	120	0.0774617576491	0.0768115153	1717.03333333
2L_0130_6450001_6500000	6450001	6500000	outside	different_species_same_arrangement	440	0.179611672696	0.134363262155	1639.63181818
2L_0130_6450001_6500000	6450001	6500000	outside	different_species_opposite_arrangement	582	0.197219423228	0.142582846831	1618.09106529
2L_0131_6500001_6550000	6500001	6550000	outside	same_species_same_arrangement	236	0.0643221692608	0.0635639510318	1742.01694915
2L_0131_6500001_6550000	6500001	6550000	outside	same_species_opposite_arrangement	120	0.0740070633811	0.0747644361634	1776.15833333
2L_0131_6500001_6550000	6500001	6550000	outside	different_species_same_arrangement	440	0.164166621138	0.132753579484	1717.67272727
2L_0131_6500001_6550000	6500001	6550000	outside	different_species_opposite_arrangement	582	0.182012950664	0.14747546547	1702.57731959
2L_0132_6550001_6600000	6550001	6600000	outside	same_species_same_arrangement	236	0.0799169357789	0.0775793503154	1308.39830508
2L_0132_6550001_6600000	6550001	6600000	outside	same_species_opposite_arrangement	120	0.0925622550426	0.091326540619	1345.46666667
2L_0132_6550001_6600000	6550001	6600000	outside	different_species_same_arrangement	440	0.16617032186	0.140589931508	1295.47272727
2L_0132_6550001_6600000	6550001	6600000	outside	different_species_opposite_arrangement	582	0.180620513815	0.156334740013	1276.88316151
2L_0133_6600001_6650000	6600001	6650000	outside	same_species_same_arrangement	236	0.0721730751512	0.0682284099499	1657.96610169
2L_0133_6600001_6650000	6600001	6650000	outside	same_species_opposite_arrangement	120	0.0916229237	0.0910950767338	1693.025
2L_0133_6600001_6650000	6600001	6650000	outside	different_species_same_arrangement	440	0.181423352752	0.167652005609	1640.37954545
2L_0133_6600001_6650000	6600001	6650000	outside	different_species_opposite_arrangement	582	0.195791431979	0.17543463797	1625.14089347
2L_0134_6650001_6700000	6650001	6700000	outside	same_species_same_arrangement	236	0.0621588789702	0.0658198614319	1691.37711864
2L_0134_6650001_6700000	6650001	6700000	outside	same_species_opposite_arrangement	120	0.0751205897658	0.0753843277534	1731.36666667
2L_0134_6650001_6700000	6650001	6700000	outside	different_species_same_arrangement	440	0.207210995977	0.190356099181	1671.73636364
2L_0134_6650001_6700000	6650001	6700000	outside	different_species_opposite_arrangement	582	0.2265051895	0.202074078626	1655.01030928
2L_0135_6700001_6750000	6700001	6750000	outside	same_species_same_arrangement	236	0.0637169474617	0.0642552472315	1732.41525424
2L_0135_6700001_6750000	6700001	6750000	outside	same_species_opposite_arrangement	120	0.075700989921	0.0743573524814	1738.36666667
2L_0135_6700001_6750000	6700001	6750000	outside	different_species_same_arrangement	440	0.1686208062	0.142938219556	1725.44090909
2L_0135_6700001_6750000	6700001	6750000	outside	different_species_opposite_arrangement	582	0.183300053468	0.149555479161	1720.84536082
2L_0136_6750001_6800000	6750001	6800000	outside	same_species_same_arrangement	236	0.0677692837389	0.0676967273456	1590.24576271
2L_0136_6750001_6800000	6750001	6800000	outside	same_species_opposite_arrangement	120	0.0838267780484	0.0827125356941	1605.29166667
2L_0136_6750001_6800000	6750001	6800000	outside	different_species_same_arrangement	440	0.16922418656	0.160835580114	1572.06363636
2L_0136_6750001_6800000	6750001	6800000	outside	different_species_opposite_arrangement	582	0.182319776262	0.167852449072	1564.48109966
2L_0137_6800001_6850000	6800001	6850000	outside	same_species_same_arrangement	236	0.0711551539397	0.0681006636462	1636.95762712
2L_0137_6800001_6850000	6800001	6850000	outside	same_species_opposite_arrangement	120	0.0876259857743	0.0876709236326	1650.84166667
2L_0137_6800001_6850000	6800001	6850000	outside	different_species_same_arrangement	440	0.172116250716	0.141181824592	1626.63181818
2L_0137_6800001_6850000	6800001	6850000	outside	different_species_opposite_arrangement	582	0.187280318249	0.148731414707	1619.57731959
2L_0138_6850001_6900000	6850001	6900000	outside	same_species_same_arrangement	236	0.07358375886	0.0716065867669	1612.50423729
2L_0138_6850001_6900000	6850001	6900000	outside	same_species_opposite_arrangement	120	0.088962152915	0.0884631973168	1617.3
2L_0138_6850001_6900000	6850001	6900000	outside	different_species_same_arrangement	440	0.152929916084	0.148531669103	1609.93181818
2L_0138_6850001_6900000	6850001	6900000	outside	different_species_opposite_arrangement	582	0.160664813275	0.157134113771	1608.03092784
2L_0139_6900001_6950000	6900001	6950000	outside	same_species_same_arrangement	236	0.0768501516582	0.0735928583449	1619.27966102
2L_0139_6900001_6950000	6900001	6950000	outside	same_species_opposite_arrangement	120	0.0924133534934	0.0919399412125	1623.075
2L_0139_6900001_6950000	6900001	6950000	outside	different_species_same_arrangement	440	0.151943751741	0.152440884461	1613.60681818
2L_0139_6900001_6950000	6900001	6950000	outside	different_species_opposite_arrangement	582	0.163877748284	0.160594487768	1611.22508591
2L_0140_6950001_7000000	6950001	7000000	outside	same_species_same_arrangement	236	0.069861592942	0.0693712148728	1417.79237288
2L_0140_6950001_7000000	6950001	7000000	outside	same_species_opposite_arrangement	120	0.0844632383651	0.0834214651869	1420.05833333
2L_0140_6950001_7000000	6950001	7000000	outside	different_species_same_arrangement	440	0.172349959205	0.154715667485	1412.06818182
2L_0140_6950001_7000000	6950001	7000000	outside	different_species_opposite_arrangement	582	0.190103867664	0.156976744186	1410.45532646
2L_0141_7000001_7050000	7000001	7050000	outside	same_species_same_arrangement	236	0.0611476229701	0.0588605067949	1558.09745763
2L_0141_7000001_7050000	7000001	7050000	outside	same_species_opposite_arrangement	120	0.0798068758514	0.0767425328749	1562.41666667
2L_0141_7000001_7050000	7000001	7050000	outside	different_species_same_arrangement	440	0.214513203013	0.15449707889	1528.75681818
2L_0141_7000001_7050000	7000001	7050000	outside	different_species_opposite_arrangement	582	0.240215652855	0.156008263242	1519.59450172
2L_0142_7050001_7100000	7050001	7100000	outside	same_species_same_arrangement	236	0.0638777218253	0.0619262824477	1501.81355932
2L_0142_7050001_7100000	7050001	7100000	outside	same_species_opposite_arrangement	120	0.0830321049832	0.0809509385897	1527.05
2L_0142_7050001_7100000	7050001	7100000	outside	different_species_same_arrangement	440	0.176964106819	0.146153826373	1485.04318182
2L_0142_7050001_7100000	7050001	7100000	outside	different_species_opposite_arrangement	582	0.195490317478	0.1564580152	1473.25601375
2L_0143_7100001_7150000	7100001	7150000	outside	same_species_same_arrangement	236	0.0643091459511	0.0642610767356	1175.54237288
2L_0143_7100001_7150000	7100001	7150000	outside	same_species_opposite_arrangement	120	0.0696544118825	0.0695778028312	1204.95
2L_0143_7100001_7150000	7100001	7150000	outside	different_species_same_arrangement	440	0.175084114242	0.14320814943	1153.54318182
2L_0143_7100001_7150000	7100001	7150000	outside	different_species_opposite_arrangement	582	0.195904941559	0.153168255109	1136.9209622
2L_0144_7150001_7200000	7150001	7200000	outside	same_species_same_arrangement	236	0.0823661573242	0.0789577256852	1395.46186441
2L_0144_7150001_7200000	7150001	7200000	outside	same_species_opposite_arrangement	120	0.0971342452055	0.0958872232556	1378.525
2L_0144_7150001_7200000	7150001	7200000	outside	different_species_same_arrangement	440	0.149940508352	0.143957097543	1363.06136364
2L_0144_7150001_7200000	7150001	7200000	outside	different_species_opposite_arrangement	582	0.158698589321	0.149842370124	1360.3161512
2L_0145_7200001_7250000	7200001	7250000	outside	same_species_same_arrangement	236	0.0834656414031	0.0779423344378	1439.46610169
2L_0145_7200001_7250000	7200001	7250000	outside	same_species_opposite_arrangement	120	0.10862814955	0.109379246565	1457.23333333
2L_0145_7200001_7250000	7200001	7250000	outside	different_species_same_arrangement	440	0.151038611274	0.149896336265	1433.1
2L_0145_7200001_7250000	7200001	7250000	outside	different_species_opposite_arrangement	582	0.161961539731	0.166136986548	1423.64776632
2L_0146_7250001_7300000	7250001	7300000	outside	same_species_same_arrangement	236	0.0789738609993	0.0712922251342	1265.88135593
2L_0146_7250001_7300000	7250001	7300000	outside	same_species_opposite_arrangement	120	0.100602269251	0.0994876046049	1250.85833333
2L_0146_7250001_7300000	7250001	7300000	outside	different_species_same_arrangement	440	0.160987137337	0.14506736216	1248.31818182
2L_0146_7250001_7300000	7250001	7300000	outside	different_species_opposite_arrangement	582	0.171061755171	0.159941793153	1251.59450172
2L_0147_7300001_7350000	7300001	7350000	outside	same_species_same_arrangement	236	0.0755707626445	0.0772109610236	1343.61016949
2L_0147_7300001_7350000	7300001	7350000	outside	same_species_opposite_arrangement	120	0.0931529478813	0.0924358886957	1353.14166667
2L_0147_7300001_7350000	7300001	7350000	outside	different_species_same_arrangement	440	0.170411012086	0.150999216693	1325.05227273
2L_0147_7300001_7350000	7300001	7350000	outside	different_species_opposite_arrangement	582	0.184317506997	0.155324225001	1317.58075601
2L_0148_7350001_7400000	7350001	7400000	outside	same_species_same_arrangement	236	0.0764690749135	0.0749995068742	783.61440678
2L_0148_7350001_7400000	7350001	7400000	outside	same_species_opposite_arrangement	120	0.0922859326897	0.0926260195213	805.425
2L_0148_7350001_7400000	7350001	7400000	outside	different_species_same_arrangement	440	0.162402503717	0.131251220751	759.063636364
2L_0148_7350001_7400000	7350001	7400000	outside	different_species_opposite_arrangement	582	0.176049953814	0.141979415087	744.984536082
2L_0149_7400001_7450000	7400001	7450000	outside	same_species_same_arrangement	236	0.0742687832269	0.0719913260797	914.63559322
2L_0149_7400001_7450000	7400001	7450000	outside	same_species_opposite_arrangement	120	0.09241686555	0.0930587291555	907.358333333
2L_0149_7400001_7450000	7400001	7450000	outside	different_species_same_arrangement	440	0.161799119259	0.126178031138	899.959090909
2L_0149_7400001_7450000	7400001	7450000	outside	different_species_opposite_arrangement	582	0.177201655591	0.13891364265	897.587628866
2L_0150_7450001_7500000	7450001	7500000	outside	same_species_same_arrangement	236	0.0735432028344	0.0730838725943	949.440677966
2L_0150_7450001_7500000	7450001	7500000	outside	same_species_opposite_arrangement	120	0.0739114908559	0.0745124575688	1019.075
2L_0150_7450001_7500000	7450001	7500000	outside	different_species_same_arrangement	440	0.147063856554	0.141123398639	940.681818182
2L_0150_7450001_7500000	7450001	7500000	outside	different_species_opposite_arrangement	582	0.159541750137	0.152508255941	914.529209622
2L_0151_7500001_7550000	7500001	7550000	outside	same_species_same_arrangement	236	0.0820893001958	0.0815376708644	1296.92372881
2L_0151_7500001_7550000	7500001	7550000	outside	same_species_opposite_arrangement	120	0.102940614159	0.102414291922	1304
2L_0151_7500001_7550000	7500001	7550000	outside	different_species_same_arrangement	440	0.146299356327	0.136473518424	1289.83863636
2L_0151_7500001_7550000	7500001	7550000	outside	different_species_opposite_arrangement	582	0.156962244185	0.149683789326	1284.52061856
2L_0152_7550001_7600000	7550001	7600000	outside	same_species_same_arrangement	236	0.0770513098247	0.072362274475	1463.22033898
2L_0152_7550001_7600000	7550001	7600000	outside	same_species_opposite_arrangement	120	0.0954032679804	0.0930338078591	1461.95833333
2L_0152_7550001_7600000	7550001	7600000	outside	different_species_same_arrangement	440	0.146439105073	0.137852878917	1456.38863636
2L_0152_7550001_7600000	7550001	7600000	outside	different_species_opposite_arrangement	582	0.157410031067	0.149967007191	1454.32130584
2L_0153_7600001_7650000	7600001	7650000	outside	same_species_same_arrangement	236	0.07290147387	0.0709380426957	1381.1059322
2L_0153_7600001_7650000	7600001	7650000	outside	same_species_opposite_arrangement	120	0.0868628002744	0.0867137362535	1389.39166667
2L_0153_7600001_7650000	7600001	7650000	outside	different_species_same_arrangement	440	0.146758284454	0.147059009669	1378.61590909
2L_0153_7600001_7650000	7600001	7650000	outside	different_species_opposite_arrangement	582	0.154064834277	0.152221001462	1375.27835052
2L_0154_7650001_7700000	7650001	7700000	outside	same_species_same_arrangement	236	0.0793905995888	0.079326974009	1249.80508475
2L_0154_7650001_7700000	7650001	7700000	outside	same_species_opposite_arrangement	120	0.102385449003	0.100560004297	1249.48333333
2L_0154_7650001_7700000	7650001	7700000	outside	different_species_same_arrangement	440	0.163692265163	0.170345221164	1246.71136364
2L_0154_7650001_7700000	7650001	7700000	outside	different_species_opposite_arrangement	582	0.173277586921	0.180667346459	1245.92611684
2L_0155_7700001_7750000	7700001	7750000	outside	same_species_same_arrangement	236	0.0744020815837	0.0688232725473	1425.94491525
2L_0155_7700001_7750000	7700001	7750000	outside	same_species_opposite_arrangement	120	0.0977488300657	0.0981002765334	1456.6
2L_0155_7700001_7750000	7700001	7750000	outside	different_species_same_arrangement	440	0.180466300603	0.178457509372	1416.53181818
2L_0155_7700001_7750000	7700001	7750000	outside	different_species_opposite_arrangement	582	0.184038639913	0.190201601957	1405.23024055
2L_0156_7750001_7800000	7750001	7800000	outside	same_species_same_arrangement	236	0.0730663132975	0.0741096228981	1503.51694915
2L_0156_7750001_7800000	7750001	7800000	outside	same_species_opposite_arrangement	120	0.0934867448191	0.0927956358698	1506.20833333
2L_0156_7750001_7800000	7750001	7800000	outside	different_species_same_arrangement	440	0.18738566329	0.153782288397	1489.84090909
2L_0156_7750001_7800000	7750001	7800000	outside	different_species_opposite_arrangement	582	0.203881402758	0.162851956034	1485.74570447
2L_0157_7800001_7850000	7800001	7850000	outside	same_species_same_arrangement	236	0.0734558804209	0.06774836173	1601.25423729
2L_0157_7800001_7850000	7800001	7850000	outside	same_species_opposite_arrangement	120	0.0915163533347	0.0926456269373	1616.11666667
2L_0157_7800001_7850000	7800001	7850000	outside	different_species_same_arrangement	440	0.143057017618	0.123534799267	1587.12045455
2L_0157_7800001_7850000	7800001	7850000	outside	different_species_opposite_arrangement	582	0.151124049868	0.135685752716	1578.25945017
2L_0158_7850001_7900000	7850001	7900000	outside	same_species_same_arrangement	236	0.0747771861429	0.0719648452403	1260.61864407
2L_0158_7850001_7900000	7850001	7900000	outside	same_species_opposite_arrangement	120	0.0925706489451	0.0909451074341	1265.1
2L_0158_7850001_7900000	7850001	7900000	outside	different_species_same_arrangement	440	0.139210094443	0.137559642024	1257.63181818
2L_0158_7850001_7900000	7850001	7900000	outside	different_species_opposite_arrangement	582	0.147286170769	0.146715310678	1255.46563574
2L_0159_7900001_7950000	7900001	7950000	outside	same_species_same_arrangement	236	0.0767524946964	0.0733835213041	1458.08898305
2L_0159_7900001_7950000	7900001	7950000	outside	same_species_opposite_arrangement	120	0.0967944879269	0.0940192060431	1457.14166667
2L_0159_7900001_7950000	7900001	7950000	outside	different_species_same_arrangement	440	0.142869487833	0.138166993227	1457.23863636
2L_0159_7900001_7950000	7900001	7950000	outside	different_species_opposite_arrangement	582	0.151177032476	0.143223739937	1456.80412371
2L_0160_7950001_8000000	7950001	8000000	outside	same_species_same_arrangement	236	0.074362622776	0.0705741879243	1668.81779661
2L_0160_7950001_8000000	7950001	8000000	outside	same_species_opposite_arrangement	120	0.0922784875962	0.0917324863732	1671.56666667
2L_0160_7950001_8000000	7950001	8000000	outside	different_species_same_arrangement	440	0.14754510927	0.144527743492	1665.05681818
2L_0160_7950001_8000000	7950001	8000000	outside	different_species_opposite_arrangement	582	0.15688232908	0.156315060798	1663.46219931
2L_0161_8000001_8050000	8000001	8050000	outside	same_species_same_arrangement	236	0.0808830876697	0.0789268889314	1435.42372881
2L_0161_8000001_8050000	8000001	8050000	outside	same_species_opposite_arrangement	120	0.0981682602601	0.0977911575228	1426.28333333
2L_0161_8000001_8050000	8000001	8050000	outside	different_species_same_arrangement	440	0.135743391217	0.136410852882	1426.51590909
2L_0161_8000001_8050000	8000001	8050000	outside	different_species_opposite_arrangement	582	0.141776158214	0.14224137931	1426.50171821
2L_0162_8050001_8100000	8050001	8100000	outside	same_species_same_arrangement	236	0.082901092255	0.081547610224	1804.8940678
2L_0162_8050001_8100000	8050001	8100000	outside	same_species_opposite_arrangement	120	0.0998963764385	0.0983742763594	1809.80833333
2L_0162_8050001_8100000	8050001	8100000	outside	different_species_same_arrangement	440	0.153832942336	0.158820265977	1799.53409091
2L_0162_8050001_8100000	8050001	8100000	outside	different_species_opposite_arrangement	582	0.163124649958	0.165089821156	1796.45704467
2L_0163_8100001_8150000	8100001	8150000	outside	same_species_same_arrangement	236	0.0752799476076	0.0754951534976	1406.97033898
2L_0163_8100001_8150000	8100001	8150000	outside	same_species_opposite_arrangement	120	0.0861071580956	0.0835995215417	1408.20833333
2L_0163_8100001_8150000	8100001	8150000	outside	different_species_same_arrangement	440	0.135285554655	0.133463266783	1404.26363636
2L_0163_8100001_8150000	8100001	8150000	outside	different_species_opposite_arrangement	582	0.144428732239	0.142983987312	1403.46391753
2L_0164_8150001_8200000	8150001	8200000	outside	same_species_same_arrangement	236	0.0775631399575	0.0759554527751	1033.42372881
2L_0164_8150001_8200000	8150001	8200000	outside	same_species_opposite_arrangement	120	0.0892618235167	0.0865475818511	1036.00833333
2L_0164_8150001_8200000	8150001	8200000	outside	different_species_same_arrangement	440	0.14928554849	0.147506978258	1030.06363636
2L_0164_8150001_8200000	8150001	8200000	outside	different_species_opposite_arrangement	582	0.15749286059	0.155658637153	1027.84536082
2L_0165_8200001_8250000	8200001	8250000	outside	same_species_same_arrangement	236	0.0742858805874	0.0740436670957	1181.25847458
2L_0165_8200001_8250000	8200001	8250000	outside	same_species_opposite_arrangement	120	0.0824975920374	0.0814594970559	1179.65833333
2L_0165_8200001_8250000	8200001	8250000	outside	different_species_same_arrangement	440	0.142766479763	0.150103640964	1176.43636364
2L_0165_8200001_8250000	8200001	8250000	outside	different_species_opposite_arrangement	582	0.150299292131	0.155794978775	1175.40206186
2L_0166_8250001_8300000	8250001	8300000	outside	same_species_same_arrangement	236	0.0864260578394	0.0853910783081	1586.56355932
2L_0166_8250001_8300000	8250001	8300000	outside	same_species_opposite_arrangement	120	0.10960229227	0.108675753403	1604.6
2L_0166_8250001_8300000	8250001	8300000	outside	different_species_same_arrangement	440	0.158085664032	0.149492278234	1578.27954545
2L_0166_8250001_8300000	8250001	8300000	outside	different_species_opposite_arrangement	582	0.164639173859	0.156863454406	1569.48109966
2L_0167_8300001_8350000	8300001	8350000	outside	same_species_same_arrangement	236	0.0689955658346	0.0691394311667	1367.57627119
2L_0167_8300001_8350000	8300001	8350000	outside	same_species_opposite_arrangement	120	0.0796094874741	0.0798862993053	1369.875
2L_0167_8300001_8350000	8300001	8350000	outside	different_species_same_arrangement	440	0.154552745526	0.165302025053	1360.675
2L_0167_8300001_8350000	8300001	8350000	outside	different_species_opposite_arrangement	582	0.16288018855	0.171482200505	1358.41752577
2L_0168_8350001_8400000	8350001	8400000	outside	same_species_same_arrangement	236	0.0825793172732	0.0808069316503	1132.16525424
2L_0168_8350001_8400000	8350001	8400000	outside	same_species_opposite_arrangement	120	0.0951319626714	0.0969903798624	1145.875
2L_0168_8350001_8400000	8350001	8400000	outside	different_species_same_arrangement	440	0.144422064375	0.134121179989	1121.32272727
2L_0168_8350001_8400000	8350001	8400000	outside	different_species_opposite_arrangement	582	0.154820857118	0.138289266368	1111.82817869
2L_0169_8400001_8450000	8400001	8450000	outside	same_species_same_arrangement	236	0.0744903067751	0.0720649370164	498.381355932
2L_0169_8400001_8450000	8400001	8450000	outside	same_species_opposite_arrangement	120	0.0773035630346	0.0780108515971	489.941666667
2L_0169_8400001_8450000	8400001	8450000	outside	different_species_same_arrangement	440	0.116344708233	0.12054921653	487.120454545
2L_0169_8400001_8450000	8400001	8450000	outside	different_species_opposite_arrangement	582	0.123739513892	0.125	487.718213058
2L_0170_8450001_8500000	8450001	8500000	outside	same_species_same_arrangement	236	0.0800502030336	0.0799329103196	876.470338983
2L_0170_8450001_8500000	8450001	8500000	outside	same_species_opposite_arrangement	120	0.088081434427	0.0872542174693	856.333333333
2L_0170_8450001_8500000	8450001	8500000	outside	different_species_same_arrangement	440	0.144661638673	0.139336022588	858.313636364
2L_0170_8450001_8500000	8450001	8500000	outside	different_species_opposite_arrangement	582	0.152258509943	0.145791369199	861.328178694
2L_0172_8550001_8600000	8550001	8600000	outside	same_species_same_arrangement	236	0.0730828296913	0.0720272689675	1080.75423729
2L_0172_8550001_8600000	8550001	8600000	outside	same_species_opposite_arrangement	120	0.0846925265438	0.0860549984318	1095.28333333
2L_0172_8550001_8600000	8550001	8600000	outside	different_species_same_arrangement	440	0.165536413278	0.154002503866	1061.45909091
2L_0172_8550001_8600000	8550001	8600000	outside	different_species_opposite_arrangement	582	0.181656897186	0.16285765761	1052.27319588
2L_0173_8600001_8650000	8600001	8650000	outside	same_species_same_arrangement	236	0.0674335091395	0.068584003152	1565.50847458
2L_0173_8600001_8650000	8600001	8650000	outside	same_species_opposite_arrangement	120	0.073401587708	0.0741320028806	1582.05
2L_0173_8600001_8650000	8600001	8650000	outside	different_species_same_arrangement	440	0.155275992556	0.157289300555	1549.17045455
2L_0173_8600001_8650000	8600001	8650000	outside	different_species_opposite_arrangement	582	0.169605267387	0.165372501283	1539.16838488
2L_0174_8650001_8700000	8650001	8700000	outside	same_species_same_arrangement	236	0.0741045287159	0.07701219266	1483.59322034
2L_0174_8650001_8700000	8650001	8700000	outside	same_species_opposite_arrangement	120	0.0911177521451	0.0904454202392	1488.01666667
2L_0174_8650001_8700000	8650001	8700000	outside	different_species_same_arrangement	440	0.156444590595	0.143639963857	1470.65227273
2L_0174_8650001_8700000	8650001	8700000	outside	different_species_opposite_arrangement	582	0.164849163167	0.151048762177	1466.65635739
2L_0175_8700001_8750000	8700001	8750000	outside	same_species_same_arrangement	236	0.0868521714954	0.0828380858272	1766.97881356
2L_0175_8700001_8750000	8700001	8750000	outside	same_species_opposite_arrangement	120	0.109433327228	0.109980827713	1783.09166667
2L_0175_8700001_8750000	8700001	8750000	outside	different_species_same_arrangement	440	0.150981930381	0.138928047836	1755.41363636
2L_0175_8700001_8750000	8700001	8750000	outside	different_species_opposite_arrangement	582	0.158674721898	0.146410286646	1743.77319588
2L_0176_8750001_8800000	8750001	8800000	outside	same_species_same_arrangement	236	0.0819945203747	0.0769485367935	1496.31779661
2L_0176_8750001_8800000	8750001	8800000	outside	same_species_opposite_arrangement	120	0.104766564713	0.105575718729	1516.225
2L_0176_8750001_8800000	8750001	8800000	outside	different_species_same_arrangement	440	0.161382109674	0.150196507747	1478.87045455
2L_0176_8750001_8800000	8750001	8800000	outside	different_species_opposite_arrangement	582	0.168889249278	0.157956017789	1468.28006873
2L_0177_8800001_8850000	8800001	8850000	outside	same_species_same_arrangement	236	0.0746957554973	0.0755572331882	1244
2L_0177_8800001_8850000	8800001	8850000	outside	same_species_opposite_arrangement	120	0.0944449476655	0.095095546718	1248.65
2L_0177_8800001_8850000	8800001	8850000	outside	different_species_same_arrangement	440	0.158965588725	0.148391171315	1236.52727273
2L_0177_8800001_8850000	8800001	8850000	outside	different_species_opposite_arrangement	582	0.168623254803	0.159744670978	1233.76116838
2L_0178_8850001_8900000	8850001	8900000	outside	same_species_same_arrangement	236	0.0673330021059	0.0681968693558	1552.9279661
2L_0178_8850001_8900000	8850001	8900000	outside	same_species_opposite_arrangement	120	0.0836118970973	0.0835443068399	1562.95833333
2L_0178_8850001_8900000	8850001	8900000	outside	different_species_same_arrangement	440	0.157767154128	0.129677082592	1545.29090909
2L_0178_8850001_8900000	8850001	8900000	outside	different_species_opposite_arrangement	582	0.174287822247	0.135964408544	1539.67182131
2L_0179_8900001_8950000	8900001	8950000	outside	same_species_same_arrangement	236	0.0795718358819	0.0746984172092	1550.48305085
2L_0179_8900001_8950000	8900001	8950000	outside	same_species_opposite_arrangement	120	0.10467088543	0.105726744909	1534.30833333
2L_0179_8900001_8950000	8900001	8950000	outside	different_species_same_arrangement	440	0.159353514037	0.147077449128	1537.38863636
2L_0179_8900001_8950000	8900001	8950000	outside	different_species_opposite_arrangement	582	0.172000969906	0.165718832437	1535.53780069
2L_0180_8950001_9000000	8950001	9000000	outside	same_species_same_arrangement	236	0.0699353916997	0.067671920486	1423.88135593
2L_0180_8950001_9000000	8950001	9000000	outside	same_species_opposite_arrangement	120	0.0820065168281	0.0817588007029	1424.825
2L_0180_8950001_9000000	8950001	9000000	outside	different_species_same_arrangement	440	0.175293042254	0.161278964107	1416.57727273
2L_0180_8950001_9000000	8950001	9000000	outside	different_species_opposite_arrangement	582	0.188985999802	0.163048273703	1414.38659794
2L_0181_9000001_9050000	9000001	9050000	outside	same_species_same_arrangement	236	0.0662859862356	0.0639647728426	1791.43220339
2L_0181_9000001_9050000	9000001	9050000	outside	same_species_opposite_arrangement	120	0.0796369985046	0.0803199431971	1812.74166667
2L_0181_9000001_9050000	9000001	9050000	outside	different_species_same_arrangement	440	0.162128770696	0.151986776149	1783.25454545
2L_0181_9000001_9050000	9000001	9050000	outside	different_species_opposite_arrangement	582	0.175930642161	0.157496993337	1774.37457045
2L_0182_9050001_9100000	9050001	9100000	outside	same_species_same_arrangement	236	0.0748799861263	0.0712215320911	1712.80508475
2L_0182_9050001_9100000	9050001	9100000	outside	same_species_opposite_arrangement	120	0.0937582630301	0.0946836144395	1743.69166667
2L_0182_9050001_9100000	9050001	9100000	outside	different_species_same_arrangement	440	0.167999932556	0.15085291097	1691.84545455
2L_0182_9050001_9100000	9050001	9100000	outside	different_species_opposite_arrangement	582	0.183003253641	0.161768773271	1676.06013746
2L_0183_9100001_9150000	9100001	9150000	outside	same_species_same_arrangement	236	0.0843055216397	0.0800961908576	881.720338983
2L_0183_9100001_9150000	9100001	9150000	outside	same_species_opposite_arrangement	120	0.100973630185	0.102773276788	880.225
2L_0183_9100001_9150000	9100001	9150000	outside	different_species_same_arrangement	440	0.174311529059	0.149582636381	871.393181818
2L_0183_9100001_9150000	9100001	9150000	outside	different_species_opposite_arrangement	582	0.187094462869	0.153492114674	868.426116838
2L_0184_9150001_9200000	9150001	9200000	outside	same_species_same_arrangement	236	0.0766499744181	0.0744217072365	1841.75423729
2L_0184_9150001_9200000	9150001	9200000	outside	same_species_opposite_arrangement	120	0.09338813126	0.0941009276093	1846.475
2L_0184_9150001_9200000	9150001	9200000	outside	different_species_same_arrangement	440	0.16602542762	0.152457350968	1824.52954545
2L_0184_9150001_9200000	9150001	9200000	outside	different_species_opposite_arrangement	582	0.178072920607	0.162515630841	1819.40549828
2L_0185_9200001_9250000	9200001	9250000	outside	same_species_same_arrangement	236	0.0812838095334	0.0819741352188	1821.5720339
2L_0185_9200001_9250000	9200001	9250000	outside	same_species_opposite_arrangement	120	0.0953157385425	0.0953211321067	1855.08333333
2L_0185_9200001_9250000	9200001	9250000	outside	different_species_same_arrangement	440	0.176717079791	0.15005552856	1799.32954545
2L_0185_9200001_9250000	9200001	9250000	outside	different_species_opposite_arrangement	582	0.190696710956	0.15942427357	1785.90893471
2L_0186_9250001_9300000	9250001	9300000	outside	same_species_same_arrangement	236	0.072844922722	0.0718536856811	978.690677966
2L_0186_9250001_9300000	9250001	9300000	outside	same_species_opposite_arrangement	120	0.0902599726048	0.0869467435477	954.766666667
2L_0186_9250001_9300000	9250001	9300000	outside	different_species_same_arrangement	440	0.179180026261	0.13469046568	917.695454545
2L_0186_9250001_9300000	9250001	9300000	outside	different_species_opposite_arrangement	582	0.21422494978	0.181036453793	908.317869416
2L_0187_9300001_9350000	9300001	9350000	outside	same_species_same_arrangement	236	0.0656128923193	0.0594680717155	1728.01271186
2L_0187_9300001_9350000	9300001	9350000	outside	same_species_opposite_arrangement	120	0.0931266184844	0.0914878335925	1747.84166667
2L_0187_9300001_9350000	9300001	9350000	outside	different_species_same_arrangement	440	0.19894190854	0.157143556575	1712.75909091
2L_0187_9300001_9350000	9300001	9350000	outside	different_species_opposite_arrangement	582	0.224426057175	0.192229731421	1702.49484536
2L_0188_9350001_9400000	9350001	9400000	outside	same_species_same_arrangement	236	0.0653342956154	0.0643070614401	1710.28389831
2L_0188_9350001_9400000	9350001	9400000	outside	same_species_opposite_arrangement	120	0.078845552873	0.0765989476065	1736.925
2L_0188_9350001_9400000	9350001	9400000	outside	different_species_same_arrangement	440	0.19301985566	0.151966602614	1683.62272727
2L_0188_9350001_9400000	9350001	9400000	outside	different_species_opposite_arrangement	582	0.216573362998	0.19032004622	1668.97594502
2L_0189_9400001_9450000	9400001	9450000	outside	same_species_same_arrangement	236	0.0730935815048	0.0734300276869	1749.05508475
2L_0189_9400001_9450000	9400001	9450000	outside	same_species_opposite_arrangement	120	0.0909367905497	0.0882909795233	1773.33333333
2L_0189_9400001_9450000	9400001	9450000	outside	different_species_same_arrangement	440	0.198002040543	0.165622158237	1730.67954545
2L_0189_9400001_9450000	9400001	9450000	outside	different_species_opposite_arrangement	582	0.214777171161	0.195716066889	1717.58762887
2L_0190_9450001_9500000	9450001	9500000	outside	same_species_same_arrangement	236	0.0761355537734	0.0710678210678	1920.0720339
2L_0190_9450001_9500000	9450001	9500000	outside	same_species_opposite_arrangement	120	0.100247777191	0.100666147368	1969.35
2L_0190_9450001_9500000	9450001	9500000	outside	different_species_same_arrangement	440	0.16997301695	0.140613060367	1889.63409091
2L_0190_9450001_9500000	9450001	9500000	outside	different_species_opposite_arrangement	582	0.185094034063	0.168260724422	1868.44501718
2L_0191_9500001_9550000	9500001	9550000	outside	same_species_same_arrangement	236	0.0691455539964	0.0694025347013	1643.90254237
2L_0191_9500001_9550000	9500001	9550000	outside	same_species_opposite_arrangement	120	0.077673659839	0.0780787240803	1680.14166667
2L_0191_9500001_9550000	9500001	9550000	outside	different_species_same_arrangement	440	0.192935033591	0.186851889905	1623.17045455
2L_0191_9500001_9550000	9500001	9550000	outside	different_species_opposite_arrangement	582	0.204685488177	0.19366634582	1607.92611684
2L_0192_9550001_9600000	9550001	9600000	outside	same_species_same_arrangement	236	0.063587982286	0.0618223953316	1861.55508475
2L_0192_9550001_9600000	9550001	9600000	outside	same_species_opposite_arrangement	120	0.0809722604988	0.080158752599	1885.93333333
2L_0192_9550001_9600000	9550001	9600000	outside	different_species_same_arrangement	440	0.200529812687	0.165393594046	1834.96818182
2L_0192_9550001_9600000	9550001	9600000	outside	different_species_opposite_arrangement	582	0.21864378941	0.198883828635	1822.89690722
2L_0193_9600001_9650000	9600001	9650000	outside	same_species_same_arrangement	236	0.0683242767551	0.070008447461	1744.49152542
2L_0193_9600001_9650000	9600001	9650000	outside	same_species_opposite_arrangement	120	0.0781522068068	0.076735259021	1784.58333333
2L_0193_9600001_9650000	9600001	9650000	outside	different_species_same_arrangement	440	0.183309737094	0.173726221151	1726.49318182
2L_0193_9600001_9650000	9600001	9650000	outside	different_species_opposite_arrangement	582	0.198975613801	0.183211060858	1712.14948454
2L_0194_9650001_9700000	9650001	9700000	outside	same_species_same_arrangement	236	0.0802432927814	0.0784835719697	1829.33050847
2L_0194_9650001_9700000	9650001	9700000	outside	same_species_opposite_arrangement	120	0.0972185911326	0.094926984502	1859.50833333
2L_0194_9650001_9700000	9650001	9700000	outside	different_species_same_arrangement	440	0.162320867161	0.153357772021	1821.04545455
2L_0194_9650001_9700000	9650001	9700000	outside	different_species_opposite_arrangement	582	0.172712424314	0.161343554227	1809.95704467
2L_0195_9700001_9750000	9700001	9750000	outside	same_species_same_arrangement	236	0.0733977056016	0.0740781909375	892.855932203
2L_0195_9700001_9750000	9700001	9750000	outside	same_species_opposite_arrangement	120	0.0842496002095	0.0837704309869	876.858333333
2L_0195_9700001_9750000	9700001	9750000	outside	different_species_same_arrangement	440	0.149723527325	0.135462555066	882.025
2L_0195_9700001_9750000	9700001	9750000	outside	different_species_opposite_arrangement	582	0.162340850137	0.146112534337	884.173539519
2L_0196_9750001_9800000	9750001	9800000	outside	same_species_same_arrangement	236	0.0756339497432	0.0740183820003	1738.46186441
2L_0196_9750001_9800000	9750001	9800000	outside	same_species_opposite_arrangement	120	0.0908925616783	0.0906507603752	1749.60833333
2L_0196_9750001_9800000	9750001	9800000	outside	different_species_same_arrangement	440	0.174325057208	0.14956299876	1720.71818182
2L_0196_9750001_9800000	9750001	9800000	outside	different_species_opposite_arrangement	582	0.188823969394	0.169277068683	1712.56701031
2L_0197_9800001_9850000	9800001	9850000	outside	same_species_same_arrangement	236	0.0693954770563	0.0643373727307	1602.73305085
2L_0197_9800001_9850000	9800001	9850000	outside	same_species_opposite_arrangement	120	0.0907229634277	0.0920557877868	1623.11666667
2L_0197_9800001_9850000	9800001	9850000	outside	different_species_same_arrangement	440	0.192155997647	0.187558048727	1593.18409091
2L_0197_9800001_9850000	9800001	9850000	outside	different_species_opposite_arrangement	582	0.207580941366	0.203157773035	1584.83333333
2L_0198_9850001_9900000	9850001	9900000	outside	same_species_same_arrangement	236	0.0590786208578	0.0576702369065	1743.94491525
2L_0198_9850001_9900000	9850001	9900000	outside	same_species_opposite_arrangement	120	0.0730644848292	0.0725736641139	1779.45
2L_0198_9850001_9900000	9850001	9900000	outside	different_species_same_arrangement	440	0.189015204941	0.170538344295	1724.44545455
2L_0198_9850001_9900000	9850001	9900000	outside	different_species_opposite_arrangement	582	0.207992955547	0.183594955901	1708.12886598
2L_0199_9900001_9950000	9900001	9950000	outside	same_species_same_arrangement	236	0.0637536446692	0.0641090446056	1713.80932203
2L_0199_9900001_9950000	9900001	9950000	outside	same_species_opposite_arrangement	120	0.0847325712588	0.0837167781827	1728.45
2L_0199_9900001_9950000	9900001	9950000	outside	different_species_same_arrangement	440	0.196562612367	0.191887977176	1698.86363636
2L_0199_9900001_9950000	9900001	9950000	outside	different_species_opposite_arrangement	582	0.210953539385	0.207569040602	1689.92439863
2L_0200_9950001_10000000	9950001	10000000	outside	same_species_same_arrangement	236	0.0797343591289	0.074168577323	2100.24576271
2L_0200_9950001_10000000	9950001	10000000	outside	same_species_opposite_arrangement	120	0.107278183582	0.105922962408	2107.11666667
2L_0200_9950001_10000000	9950001	10000000	outside	different_species_same_arrangement	440	0.167417082263	0.162188599581	2079.52954545
2L_0200_9950001_10000000	9950001	10000000	outside	different_species_opposite_arrangement	582	0.174834201842	0.167735813697	2073.07388316
2L_0201_10000001_10050000	10000001	10050000	outside	same_species_same_arrangement	236	0.0780995574758	0.0759159693734	1933.55084746
2L_0201_10000001_10050000	10000001	10050000	outside	same_species_opposite_arrangement	120	0.101438227665	0.0994364132764	1941.9
2L_0201_10000001_10050000	10000001	10050000	outside	different_species_same_arrangement	440	0.164973875106	0.150999034403	1918.19772727
2L_0201_10000001_10050000	10000001	10050000	outside	different_species_opposite_arrangement	582	0.178068279527	0.164745230239	1911.85051546
2L_0202_10050001_10100000	10050001	10100000	outside	same_species_same_arrangement	236	0.0834250199101	0.0848532009023	2156.35169492
2L_0202_10050001_10100000	10050001	10100000	outside	same_species_opposite_arrangement	120	0.106210771795	0.104317705018	2200.36666667
2L_0202_10050001_10100000	10050001	10100000	outside	different_species_same_arrangement	440	0.17655612666	0.159700100849	2141.89772727
2L_0202_10050001_10100000	10050001	10100000	outside	different_species_opposite_arrangement	582	0.190039925081	0.178083359321	2126.32817869
2L_0203_10100001_10150000	10100001	10150000	outside	same_species_same_arrangement	236	0.0741085567461	0.0738980701058	1445.3220339
2L_0203_10100001_10150000	10100001	10150000	outside	same_species_opposite_arrangement	120	0.0829404726142	0.0848064074216	1480.23333333
2L_0203_10100001_10150000	10100001	10150000	outside	different_species_same_arrangement	440	0.165510943329	0.185393277966	1432.55454545
2L_0203_10100001_10150000	10100001	10150000	outside	different_species_opposite_arrangement	582	0.176154420786	0.188960793218	1418.08419244
2L_0204_10150001_10200000	10150001	10200000	outside	same_species_same_arrangement	236	0.0791944086746	0.0764152924209	1691.63135593
2L_0204_10150001_10200000	10150001	10200000	outside	same_species_opposite_arrangement	120	0.0935117551564	0.0916154460236	1684.36666667
2L_0204_10150001_10200000	10150001	10200000	outside	different_species_same_arrangement	440	0.150345850756	0.15086536148	1673.88181818
2L_0204_10150001_10200000	10150001	10200000	outside	different_species_opposite_arrangement	582	0.159096757302	0.154962133168	1672.64089347
2L_0205_10200001_10250000	10200001	10250000	outside	same_species_same_arrangement	236	0.0779115813442	0.075289646166	1417.51271186
2L_0205_10200001_10250000	10200001	10250000	outside	same_species_opposite_arrangement	120	0.0935978392671	0.0941422594142	1423.15
2L_0205_10200001_10250000	10200001	10250000	outside	different_species_same_arrangement	440	0.153931743933	0.148115512924	1408.45909091
2L_0205_10200001_10250000	10200001	10250000	outside	different_species_opposite_arrangement	582	0.163004647599	0.153657747721	1404.26632302
2L_0206_10250001_10300000	10250001	10300000	outside	same_species_same_arrangement	236	0.0738714118877	0.0660940196297	1649.06355932
2L_0206_10250001_10300000	10250001	10300000	outside	same_species_opposite_arrangement	120	0.0960416627736	0.0940756517022	1658.46666667
2L_0206_10250001_10300000	10250001	10300000	outside	different_species_same_arrangement	440	0.141841010777	0.129595844718	1643.15454545
2L_0206_10250001_10300000	10250001	10300000	outside	different_species_opposite_arrangement	582	0.150264384619	0.135626394577	1637.43298969
2L_0207_10300001_10350000	10300001	10350000	outside	same_species_same_arrangement	236	0.0705075636976	0.0661948263736	1466.40254237
2L_0207_10300001_10350000	10300001	10350000	outside	same_species_opposite_arrangement	120	0.0919875006596	0.0928497604491	1479.9
2L_0207_10300001_10350000	10300001	10350000	outside	different_species_same_arrangement	440	0.148550890965	0.142490437331	1455.50227273
2L_0207_10300001_10350000	10300001	10350000	outside	different_species_opposite_arrangement	582	0.159516906118	0.148292824074	1449.21134021
2L_0208_10350001_10400000	10350001	10400000	outside	same_species_same_arrangement	236	0.0858920120071	0.0802437183872	1707.36016949
2L_0208_10350001_10400000	10350001	10400000	outside	same_species_opposite_arrangement	120	0.103064127035	0.105412176056	1677.96666667
2L_0208_10350001_10400000	10350001	10400000	outside	different_species_same_arrangement	440	0.156164211576	0.147221306592	1699.15909091
2L_0208_10350001_10400000	10350001	10400000	outside	different_species_opposite_arrangement	582	0.166651779073	0.161509513487	1703.98453608
2L_0209_10400001_10450000	10400001	10450000	outside	same_species_same_arrangement	236	0.0896870242357	0.0906356977372	2353.19915254
2L_0209_10400001_10450000	10400001	10450000	outside	same_species_opposite_arrangement	120	0.101299183248	0.10078734067	2376.05833333
2L_0209_10400001_10450000	10400001	10450000	outside	different_species_same_arrangement	440	0.163408932589	0.169625020204	2335.48636364
2L_0209_10400001_10450000	10400001	10450000	outside	different_species_opposite_arrangement	582	0.169519753653	0.179247832856	2325.97938144
2L_0210_10450001_10500000	10450001	10500000	outside	same_species_same_arrangement	236	0.0847223349151	0.0810917084776	1912.52542373
2L_0210_10450001_10500000	10450001	10500000	outside	same_species_opposite_arrangement	120	0.10483954835	0.106937133559	1920.63333333
2L_0210_10450001_10500000	10450001	10500000	outside	different_species_same_arrangement	440	0.167872131418	0.158355148342	1893.19545455
2L_0210_10450001_10500000	10450001	10500000	outside	different_species_opposite_arrangement	582	0.176539405115	0.170541672484	1887.04639175
2L_0211_10500001_10550000	10500001	10550000	outside	same_species_same_arrangement	236	0.0770785492823	0.0784848657564	1708.53389831
2L_0211_10500001_10550000	10500001	10550000	outside	same_species_opposite_arrangement	120	0.0904151427501	0.0914825190837	1738.03333333
2L_0211_10500001_10550000	10500001	10550000	outside	different_species_same_arrangement	440	0.162352845136	0.165968863578	1697.925
2L_0211_10500001_10550000	10500001	10550000	outside	different_species_opposite_arrangement	582	0.17254723004	0.169931733073	1687.17697595
2L_0212_10550001_10600000	10550001	10600000	outside	same_species_same_arrangement	236	0.0848202905227	0.0853155329038	1787.83050847
2L_0212_10550001_10600000	10550001	10600000	outside	same_species_opposite_arrangement	120	0.102200107445	0.103752630202	1791.66666667
2L_0212_10550001_10600000	10550001	10600000	outside	different_species_same_arrangement	440	0.171223472989	0.172979792811	1782.11363636
2L_0212_10550001_10600000	10550001	10600000	outside	different_species_opposite_arrangement	582	0.18150753896	0.185768526369	1774.79209622
2L_0213_10600001_10650000	10600001	10650000	outside	same_species_same_arrangement	236	0.0915652573442	0.0884062001301	1959.00847458
2L_0213_10600001_10650000	10600001	10650000	outside	same_species_opposite_arrangement	120	0.10637271567	0.106609130364	1968.76666667
2L_0213_10600001_10650000	10600001	10650000	outside	different_species_same_arrangement	440	0.154212464617	0.159767966361	1940.05
2L_0213_10600001_10650000	10600001	10650000	outside	different_species_opposite_arrangement	582	0.160271734118	0.168175044618	1932.1838488
2L_0214_10650001_10700000	10650001	10700000	outside	same_species_same_arrangement	236	0.0867350582603	0.0814072932717	1937.5720339
2L_0214_10650001_10700000	10650001	10700000	outside	same_species_opposite_arrangement	120	0.101792537064	0.102056458232	1943.825
2L_0214_10650001_10700000	10650001	10700000	outside	different_species_same_arrangement	440	0.140092055296	0.143151405612	1933.52272727
2L_0214_10650001_10700000	10650001	10700000	outside	different_species_opposite_arrangement	582	0.146451979252	0.143705537922	1930.4604811
2L_0215_10700001_10750000	10700001	10750000	outside	same_species_same_arrangement	236	0.0780011408226	0.077838122609	1944.77118644
2L_0215_10700001_10750000	10700001	10750000	outside	same_species_opposite_arrangement	120	0.0895006219922	0.0902771789869	1948.10833333
2L_0215_10700001_10750000	10700001	10750000	outside	different_species_same_arrangement	440	0.134840302734	0.130251030103	1938.225
2L_0215_10700001_10750000	10700001	10750000	outside	different_species_opposite_arrangement	582	0.143063810573	0.13919469891	1935.01546392
2L_0216_10750001_10800000	10750001	10800000	outside	same_species_same_arrangement	236	0.083548905871	0.0809211897025	2233.34322034
2L_0216_10750001_10800000	10750001	10800000	outside	same_species_opposite_arrangement	120	0.0990144082256	0.10068538398	2257.90833333
2L_0216_10750001_10800000	10750001	10800000	outside	different_species_same_arrangement	440	0.154902250305	0.152675723908	2218.45681818
2L_0216_10750001_10800000	10750001	10800000	outside	different_species_opposite_arrangement	582	0.163437398618	0.158841734032	2206.94845361
2L_0217_10800001_10850000	10800001	10850000	outside	same_species_same_arrangement	236	0.078121786284	0.0771564206036	1819.6440678
2L_0217_10800001_10850000	10800001	10850000	outside	same_species_opposite_arrangement	120	0.0882245183835	0.0881628236712	1836.21666667
2L_0217_10800001_10850000	10800001	10850000	outside	different_species_same_arrangement	440	0.154817269393	0.151182328277	1814.48863636
2L_0217_10800001_10850000	10800001	10850000	outside	different_species_opposite_arrangement	582	0.164044222561	0.166483366032	1808.8556701
2L_0218_10850001_10900000	10850001	10900000	outside	same_species_same_arrangement	236	0.0781109665467	0.0749428201752	1978.95338983
2L_0218_10850001_10900000	10850001	10900000	outside	same_species_opposite_arrangement	120	0.0950145029941	0.0955924322412	1989.40833333
2L_0218_10850001_10900000	10850001	10900000	outside	different_species_same_arrangement	440	0.137289617775	0.128363026548	1969.65227273
2L_0218_10850001_10900000	10850001	10900000	outside	different_species_opposite_arrangement	582	0.144051710547	0.133417670339	1964.59450172
2L_0219_10900001_10950000	10900001	10950000	outside	same_species_same_arrangement	236	0.0792479979464	0.0756121676421	2053.55932203
2L_0219_10900001_10950000	10900001	10950000	outside	same_species_opposite_arrangement	120	0.0973534445437	0.0978268942341	2084.60833333
2L_0219_10900001_10950000	10900001	10950000	outside	different_species_same_arrangement	440	0.158922566729	0.138155189036	2033.27045455
2L_0219_10900001_10950000	10900001	10950000	outside	different_species_opposite_arrangement	582	0.16856265224	0.156421957114	2017.24226804
2L_0220_10950001_11000000	10950001	11000000	outside	same_species_same_arrangement	236	0.0724652174264	0.068205363552	1616.31779661
2L_0220_10950001_11000000	10950001	11000000	outside	same_species_opposite_arrangement	120	0.100669742161	0.101159225941	1636.925
2L_0220_10950001_11000000	10950001	11000000	outside	different_species_same_arrangement	440	0.178151825445	0.148991433122	1597.76363636
2L_0220_10950001_11000000	10950001	11000000	outside	different_species_opposite_arrangement	582	0.194632696985	0.171549611173	1586.34364261
2L_0221_11000001_11050000	11000001	11050000	outside	same_species_same_arrangement	236	0.0786443098967	0.0766940301242	2146.61016949
2L_0221_11000001_11050000	11000001	11050000	outside	same_species_opposite_arrangement	120	0.0969912352064	0.0980013935537	2209.23333333
2L_0221_11000001_11050000	11000001	11050000	outside	different_species_same_arrangement	440	0.163801755716	0.147394029744	2127.56590909
2L_0221_11000001_11050000	11000001	11050000	outside	different_species_opposite_arrangement	582	0.177284414846	0.166589255303	2102.395189
2L_0222_11050001_11100000	11050001	11100000	outside	same_species_same_arrangement	236	0.0726273504351	0.0734732560597	1812.86440678
2L_0222_11050001_11100000	11050001	11100000	outside	same_species_opposite_arrangement	120	0.0823088622633	0.0822667225784	1815.625
2L_0222_11050001_11100000	11050001	11100000	outside	different_species_same_arrangement	440	0.159279453965	0.130019142168	1790.10681818
2L_0222_11050001_11100000	11050001	11100000	outside	different_species_opposite_arrangement	582	0.175233397402	0.156806167367	1785.42268041
2L_0223_11100001_11150000	11100001	11150000	outside	same_species_same_arrangement	236	0.0735692844022	0.0727151072309	2064.05508475
2L_0223_11100001_11150000	11100001	11150000	outside	same_species_opposite_arrangement	120	0.0907778732208	0.091520276	2106.26666667
2L_0223_11100001_11150000	11100001	11150000	outside	different_species_same_arrangement	440	0.171047209279	0.145733187328	2036.32045455
2L_0223_11100001_11150000	11100001	11150000	outside	different_species_opposite_arrangement	582	0.183187098906	0.161683719327	2017.33161512
2L_0224_11150001_11200000	11150001	11200000	outside	same_species_same_arrangement	236	0.0696626577494	0.0708133552367	1929.03813559
2L_0224_11150001_11200000	11150001	11200000	outside	same_species_opposite_arrangement	120	0.0846660578511	0.0848695254802	1941.43333333
2L_0224_11150001_11200000	11150001	11200000	outside	different_species_same_arrangement	440	0.174453700146	0.142764929138	1908.36363636
2L_0224_11150001_11200000	11150001	11200000	outside	different_species_opposite_arrangement	582	0.188919845089	0.155450393927	1900.09278351
2L_0225_11200001_11250000	11200001	11250000	outside	same_species_same_arrangement	236	0.0648622482695	0.0643484002489	2026.64830508
2L_0225_11200001_11250000	11200001	11250000	outside	same_species_opposite_arrangement	120	0.0748548494413	0.075936298534	2073.70833333
2L_0225_11200001_11250000	11200001	11250000	outside	different_species_same_arrangement	440	0.178437592038	0.171625291186	1994.09090909
2L_0225_11200001_11250000	11200001	11250000	outside	different_species_opposite_arrangement	582	0.193692751386	0.181203109254	1972.92439863
2L_0226_11250001_11300000	11250001	11300000	outside	same_species_same_arrangement	236	0.0743759510028	0.0723911473299	1865.02118644
2L_0226_11250001_11300000	11250001	11300000	outside	same_species_opposite_arrangement	120	0.0916507222285	0.0918017158797	1883.16666667
2L_0226_11250001_11300000	11250001	11300000	outside	different_species_same_arrangement	440	0.184771119758	0.164052602437	1853.95454545
2L_0226_11250001_11300000	11250001	11300000	outside	different_species_opposite_arrangement	582	0.199713286	0.199324229561	1846.54982818
2L_0227_11300001_11350000	11300001	11350000	outside	same_species_same_arrangement	236	0.0741886417664	0.0755449536327	2119.70762712
2L_0227_11300001_11350000	11300001	11350000	outside	same_species_opposite_arrangement	120	0.0873378329713	0.0891661908869	2111.35833333
2L_0227_11300001_11350000	11300001	11350000	outside	different_species_same_arrangement	440	0.166998618751	0.151993186665	2096.28181818
2L_0227_11300001_11350000	11300001	11350000	outside	different_species_opposite_arrangement	582	0.18002598256	0.162420113027	2092.98969072
2L_0228_11350001_11400000	11350001	11400000	outside	same_species_same_arrangement	236	0.0790859598875	0.0779590850083	2043.55508475
2L_0228_11350001_11400000	11350001	11400000	outside	same_species_opposite_arrangement	120	0.0951948630391	0.0982159059976	2081.79166667
2L_0228_11350001_11400000	11350001	11400000	outside	different_species_same_arrangement	440	0.172228801382	0.177950425383	2030.36363636
2L_0228_11350001_11400000	11350001	11400000	outside	different_species_opposite_arrangement	582	0.181195904818	0.194437342054	2013.60652921
2L_0229_11400001_11450000	11400001	11450000	outside	same_species_same_arrangement	236	0.0704481371971	0.0703524394952	1446.20338983
2L_0229_11400001_11450000	11400001	11450000	outside	same_species_opposite_arrangement	120	0.0820893428649	0.0840808482439	1496.80833333
2L_0229_11400001_11450000	11400001	11450000	outside	different_species_same_arrangement	440	0.170016304444	0.18488397303	1427.39090909
2L_0229_11400001_11450000	11400001	11450000	outside	different_species_opposite_arrangement	582	0.178024834716	0.187071327363	1409.45189003
2L_0230_11450001_11500000	11450001	11500000	outside	same_species_same_arrangement	236	0.0683442727596	0.0676173058676	1773.58474576
2L_0230_11450001_11500000	11450001	11500000	outside	same_species_opposite_arrangement	120	0.0795527535348	0.0811373456876	1787.925
2L_0230_11450001_11500000	11450001	11500000	outside	different_species_same_arrangement	440	0.173605836303	0.140302576425	1751.47954545
2L_0230_11450001_11500000	11450001	11500000	outside	different_species_opposite_arrangement	582	0.189855749695	0.160118175488	1742.51890034
2L_0231_11500001_11550000	11500001	11550000	outside	same_species_same_arrangement	236	0.0606794948316	0.0587257656804	1613.49152542
2L_0231_11500001_11550000	11500001	11550000	outside	same_species_opposite_arrangement	120	0.0772607154665	0.0765226407005	1633.55833333
2L_0231_11500001_11550000	11500001	11550000	outside	different_species_same_arrangement	440	0.204864676585	0.184161490683	1602.57727273
2L_0231_11500001_11550000	11500001	11550000	outside	different_species_opposite_arrangement	582	0.223861195059	0.208269638612	1594.3161512
2L_0232_11550001_11600000	11550001	11600000	outside	same_species_same_arrangement	236	0.0684054379395	0.0611287102707	1428.94491525
2L_0232_11550001_11600000	11550001	11600000	outside	same_species_opposite_arrangement	120	0.0862789170826	0.0901330606923	1456.84166667
2L_0232_11550001_11600000	11550001	11600000	outside	different_species_same_arrangement	440	0.189438286189	0.180050164448	1415.56136364
2L_0232_11550001_11600000	11550001	11600000	outside	different_species_opposite_arrangement	582	0.211364347243	0.215399298437	1403.11168385
2L_0233_11600001_11650000	11600001	11650000	outside	same_species_same_arrangement	236	0.0674024487664	0.0658873538789	1898.93644068
2L_0233_11600001_11650000	11600001	11650000	outside	same_species_opposite_arrangement	120	0.0788527557658	0.0772000387826	1943.56666667
2L_0233_11600001_11650000	11600001	11650000	outside	different_species_same_arrangement	440	0.206936808775	0.203016748916	1875.65
2L_0233_11600001_11650000	11600001	11650000	outside	different_species_opposite_arrangement	582	0.222525575189	0.214604690405	1856.61683849
2L_0234_11650001_11700000	11650001	11700000	outside	same_species_same_arrangement	236	0.0631821414481	0.0645870861211	1898.81355932
2L_0234_11650001_11700000	11650001	11700000	outside	same_species_opposite_arrangement	120	0.0717943222598	0.0736309911311	1938.65
2L_0234_11650001_11700000	11650001	11700000	outside	different_species_same_arrangement	440	0.193808886301	0.182115746637	1873.52727273
2L_0234_11650001_11700000	11650001	11700000	outside	different_species_opposite_arrangement	582	0.210267662828	0.192558731073	1856.75601375
2L_0235_11700001_11750000	11700001	11750000	outside	same_species_same_arrangement	236	0.0628275800484	0.0626771676593	2069.8559322
2L_0235_11700001_11750000	11700001	11750000	outside	same_species_opposite_arrangement	120	0.0693214204909	0.071495507952	2122.79166667
2L_0235_11700001_11750000	11700001	11750000	outside	different_species_same_arrangement	440	0.182511927194	0.189650890105	2044.84090909
2L_0235_11700001_11750000	11700001	11750000	outside	different_species_opposite_arrangement	582	0.196638801601	0.195736334025	2023.54639175
2L_0236_11750001_11800000	11750001	11800000	outside	same_species_same_arrangement	236	0.0685239557551	0.0625773586209	1950.66949153
2L_0236_11750001_11800000	11750001	11800000	outside	same_species_opposite_arrangement	120	0.0836263703579	0.0870761952191	2001.375
2L_0236_11750001_11800000	11750001	11800000	outside	different_species_same_arrangement	440	0.179724417164	0.17341632448	1933.08181818
2L_0236_11750001_11800000	11750001	11800000	outside	different_species_opposite_arrangement	582	0.191759521199	0.186608035394	1912.33505155
2L_0237_11800001_11850000	11800001	11850000	outside	same_species_same_arrangement	236	0.0625761096335	0.0648036161505	1917.80508475
2L_0237_11800001_11850000	11800001	11850000	outside	same_species_opposite_arrangement	120	0.0696857622708	0.0741602067183	1939.68333333
2L_0237_11800001_11850000	11800001	11850000	outside	different_species_same_arrangement	440	0.179028701451	0.170378123089	1906.07727273
2L_0237_11800001_11850000	11800001	11850000	outside	different_species_opposite_arrangement	582	0.190357083239	0.176891090179	1895.80412371
2L_0238_11850001_11900000	11850001	11900000	outside	same_species_same_arrangement	236	0.0668175398672	0.0701664222964	1896.94067797
2L_0238_11850001_11900000	11850001	11900000	outside	same_species_opposite_arrangement	120	0.0789867746313	0.0821408559885	1900.75833333
2L_0238_11850001_11900000	11850001	11900000	outside	different_species_same_arrangement	440	0.142734504155	0.137275533441	1893.72727273
2L_0238_11850001_11900000	11850001	11900000	outside	different_species_opposite_arrangement	582	0.152325990184	0.148548767257	1891.64948454
2L_0239_11900001_11950000	11900001	11950000	outside	same_species_same_arrangement	236	0.0709762388238	0.0671094276471	1770.3559322
2L_0239_11900001_11950000	11900001	11950000	outside	same_species_opposite_arrangement	120	0.0891252990918	0.0924570462415	1775.825
2L_0239_11900001_11950000	11900001	11950000	outside	different_species_same_arrangement	440	0.142614241384	0.140633922786	1766.63181818
2L_0239_11900001_11950000	11900001	11950000	outside	different_species_opposite_arrangement	582	0.150674947005	0.143665204332	1764.01718213
2L_0240_11950001_12000000	11950001	12000000	outside	same_species_same_arrangement	236	0.072225056187	0.0695565222264	1830.01271186
2L_0240_11950001_12000000	11950001	12000000	outside	same_species_opposite_arrangement	120	0.089973433718	0.0900461145708	1846.95833333
2L_0240_11950001_12000000	11950001	12000000	outside	different_species_same_arrangement	440	0.179492493312	0.152656377465	1817.09772727
2L_0240_11950001_12000000	11950001	12000000	outside	different_species_opposite_arrangement	582	0.194002199858	0.156453491843	1809.79381443
2L_0241_12000001_12050000	12000001	12050000	outside	same_species_same_arrangement	236	0.0689161091836	0.0674733258245	1947.43644068
2L_0241_12000001_12050000	12000001	12050000	outside	same_species_opposite_arrangement	120	0.0829298437485	0.0857280254957	1973.84166667
2L_0241_12000001_12050000	12000001	12050000	outside	different_species_same_arrangement	440	0.188263615813	0.168129054171	1935.75454545
2L_0241_12000001_12050000	12000001	12050000	outside	different_species_opposite_arrangement	582	0.206667835448	0.18129498485	1924.33848797
2L_0242_12050001_12100000	12050001	12100000	outside	same_species_same_arrangement	236	0.0717621172303	0.0703916799768	1903.51271186
2L_0242_12050001_12100000	12050001	12100000	outside	same_species_opposite_arrangement	120	0.0878405629393	0.0879582100603	1949.225
2L_0242_12050001_12100000	12050001	12100000	outside	different_species_same_arrangement	440	0.174887242113	0.161348954268	1874.02272727
2L_0242_12050001_12100000	12050001	12100000	outside	different_species_opposite_arrangement	582	0.185796654083	0.161622721996	1854.53608247
2L_0243_12100001_12150000	12100001	12150000	outside	same_species_same_arrangement	236	0.0756724523818	0.0752068302446	1679.9279661
2L_0243_12100001_12150000	12100001	12150000	outside	same_species_opposite_arrangement	120	0.0933049219753	0.0942629960487	1692.45
2L_0243_12100001_12150000	12100001	12150000	outside	different_species_same_arrangement	440	0.173392685062	0.14589586598	1661.00681818
2L_0243_12100001_12150000	12100001	12150000	outside	different_species_opposite_arrangement	582	0.187401659021	0.153223981038	1653.49312715
2L_0244_12150001_12200000	12150001	12200000	outside	same_species_same_arrangement	236	0.0900802133864	0.0845572781261	1723.27542373
2L_0244_12150001_12200000	12150001	12200000	outside	same_species_opposite_arrangement	120	0.114302277713	0.119703940421	1704.59166667
2L_0244_12150001_12200000	12150001	12200000	outside	different_species_same_arrangement	440	0.152533695691	0.152124065403	1710.98863636
2L_0244_12150001_12200000	12150001	12200000	outside	different_species_opposite_arrangement	582	0.157113101164	0.155843136068	1712.40378007
2L_0245_12200001_12250000	12200001	12250000	outside	same_species_same_arrangement	236	0.0821652213965	0.0765195944717	1833.02118644
2L_0245_12200001_12250000	12200001	12250000	outside	same_species_opposite_arrangement	120	0.103746629765	0.107507279828	1850.16666667
2L_0245_12200001_12250000	12200001	12250000	outside	different_species_same_arrangement	440	0.185543720763	0.179682155915	1824.86136364
2L_0245_12200001_12250000	12200001	12250000	outside	different_species_opposite_arrangement	582	0.193065737843	0.188553398196	1816.99140893
2L_0246_12250001_12300000	12250001	12300000	outside	same_species_same_arrangement	236	0.0722472951992	0.0724589243817	1795.99152542
2L_0246_12250001_12300000	12250001	12300000	outside	same_species_opposite_arrangement	120	0.0807234203268	0.0815203150206	1856.775
2L_0246_12250001_12300000	12250001	12300000	outside	different_species_same_arrangement	440	0.171623982422	0.164346185444	1776.79318182
2L_0246_12250001_12300000	12250001	12300000	outside	different_species_opposite_arrangement	582	0.184796331794	0.172460689167	1754.95876289
2L_0247_12300001_12350000	12300001	12350000	outside	same_species_same_arrangement	236	0.0786087423501	0.0789904167402	2023.73305085
2L_0247_12300001_12350000	12300001	12350000	outside	same_species_opposite_arrangement	120	0.0901908804395	0.0893536611261	2050.28333333
2L_0247_12300001_12350000	12300001	12350000	outside	different_species_same_arrangement	440	0.175707403883	0.1809756404	2009.21363636
2L_0247_12300001_12350000	12300001	12350000	outside	different_species_opposite_arrangement	582	0.186165931804	0.189379225862	1998.5137457
2L_0248_12350001_12400000	12350001	12400000	outside	same_species_same_arrangement	236	0.0858329739273	0.0856894334956	2017.94067797
2L_0248_12350001_12400000	12350001	12400000	outside	same_species_opposite_arrangement	120	0.0949048774452	0.0966495851635	2027.09166667
2L_0248_12350001_12400000	12350001	12400000	outside	different_species_same_arrangement	440	0.152517588899	0.14938203556	1989.47727273
2L_0248_12350001_12400000	12350001	12400000	outside	different_species_opposite_arrangement	582	0.158234718466	0.159051398803	1981.33161512
2L_0249_12400001_12450000	12400001	12450000	outside	same_species_same_arrangement	236	0.0876113715627	0.0833337912225	2007.38983051
2L_0249_12400001_12450000	12400001	12450000	outside	same_species_opposite_arrangement	120	0.115476112154	0.115714454246	2006.49166667
2L_0249_12400001_12450000	12400001	12450000	outside	different_species_same_arrangement	440	0.174067927057	0.169558910578	1993.11363636
2L_0249_12400001_12450000	12400001	12450000	outside	different_species_opposite_arrangement	582	0.181854964853	0.177811980982	1989.49484536
2L_0250_12450001_12500000	12450001	12500000	outside	same_species_same_arrangement	236	0.082279572302	0.0787556518271	1685.94491525
2L_0250_12450001_12500000	12450001	12500000	outside	same_species_opposite_arrangement	120	0.0992049111047	0.10049988507	1693.41666667
2L_0250_12450001_12500000	12450001	12500000	outside	different_species_same_arrangement	440	0.169023249718	0.147696053527	1667.12045455
2L_0250_12450001_12500000	12450001	12500000	outside	different_species_opposite_arrangement	582	0.181071232221	0.174378982902	1658.02920962
2L_0251_12500001_12550000	12500001	12550000	outside	same_species_same_arrangement	236	0.0808636074012	0.0794280114041	1811.37711864
2L_0251_12500001_12550000	12500001	12550000	outside	same_species_opposite_arrangement	120	0.0952962272818	0.0971122409057	1845.6
2L_0251_12500001_12550000	12500001	12550000	outside	different_species_same_arrangement	440	0.157818902876	0.157973232441	1793.69318182
2L_0251_12500001_12550000	12500001	12550000	outside	different_species_opposite_arrangement	582	0.163913667743	0.162426541067	1779.64604811
2L_0252_12550001_12600000	12550001	12600000	outside	same_species_same_arrangement	236	0.0855682911461	0.0851631105865	2166.33474576
2L_0252_12550001_12600000	12550001	12600000	outside	same_species_opposite_arrangement	120	0.0995576828712	0.101098524222	2206.49166667
2L_0252_12550001_12600000	12550001	12600000	outside	different_species_same_arrangement	440	0.161317792727	0.168030262014	2142.75227273
2L_0252_12550001_12600000	12550001	12600000	outside	different_species_opposite_arrangement	582	0.169763029311	0.174906538828	2125.56872852
2L_0253_12600001_12650000	12600001	12650000	outside	same_species_same_arrangement	236	0.07967821726	0.0816067689804	1934.54237288
2L_0253_12600001_12650000	12600001	12650000	outside	same_species_opposite_arrangement	120	0.0972152043941	0.0965637942921	1948.575
2L_0253_12600001_12650000	12600001	12650000	outside	different_species_same_arrangement	440	0.148335229064	0.151476279443	1926.43863636
2L_0253_12600001_12650000	12600001	12650000	outside	different_species_opposite_arrangement	582	0.156810206554	0.159922746325	1919.56357388
2L_0254_12650001_12700000	12650001	12700000	outside	same_species_same_arrangement	236	0.091140425225	0.0893710786845	2046.91101695
2L_0254_12650001_12700000	12650001	12700000	outside	same_species_opposite_arrangement	120	0.114550775173	0.115028818594	2069.825
2L_0254_12650001_12700000	12650001	12700000	outside	different_species_same_arrangement	440	0.154171544068	0.159488120767	2038.09318182
2L_0254_12650001_12700000	12650001	12700000	outside	different_species_opposite_arrangement	582	0.157520272698	0.163625431474	2027.92439863
2L_0255_12700001_12750000	12700001	12750000	outside	same_species_same_arrangement	236	0.0851141657817	0.0834627555579	1915.83050847
2L_0255_12700001_12750000	12700001	12750000	outside	same_species_opposite_arrangement	120	0.102693411543	0.101823165258	1932.74166667
2L_0255_12700001_12750000	12700001	12750000	outside	different_species_same_arrangement	440	0.15750783372	0.150566745331	1906.23181818
2L_0255_12700001_12750000	12700001	12750000	outside	different_species_opposite_arrangement	582	0.166501128287	0.155868192677	1898.41065292
2L_0256_12750001_12800000	12750001	12800000	outside	same_species_same_arrangement	236	0.0776388570006	0.0781883439403	1926.01271186
2L_0256_12750001_12800000	12750001	12800000	outside	same_species_opposite_arrangement	120	0.090273087271	0.0911406827842	1963.50833333
2L_0256_12750001_12800000	12750001	12800000	outside	different_species_same_arrangement	440	0.159332951274	0.167532273511	1908.94318182
2L_0256_12750001_12800000	12750001	12800000	outside	different_species_opposite_arrangement	582	0.16827505453	0.177513132415	1894.86082474
2L_0257_12800001_12850000	12800001	12850000	outside	same_species_same_arrangement	236	0.0779568376623	0.081111596863	2161.03389831
2L_0257_12800001_12850000	12800001	12850000	outside	same_species_opposite_arrangement	120	0.0877124933568	0.0864278498603	2184.11666667
2L_0257_12800001_12850000	12800001	12850000	outside	different_species_same_arrangement	440	0.155956216059	0.166322400647	2147.425
2L_0257_12800001_12850000	12800001	12850000	outside	different_species_opposite_arrangement	582	0.162090736793	0.172298785602	2137.96907216
2L_0258_12850001_12900000	12850001	12900000	outside	same_species_same_arrangement	236	0.0763367976214	0.077591444201	1629.38559322
2L_0258_12850001_12900000	12850001	12900000	outside	same_species_opposite_arrangement	120	0.086279984163	0.0865209894812	1629.29166667
2L_0258_12850001_12900000	12850001	12900000	outside	different_species_same_arrangement	440	0.155075318428	0.159593614024	1615.45227273
2L_0258_12850001_12900000	12850001	12900000	outside	different_species_opposite_arrangement	582	0.162986080278	0.168037873664	1614.07731959
2L_0259_12900001_12950000	12900001	12950000	outside	same_species_same_arrangement	236	0.066104002389	0.0649326465127	1292.45338983
2L_0259_12900001_12950000	12900001	12950000	outside	same_species_opposite_arrangement	120	0.069623672552	0.0683579183579	1295.96666667
2L_0259_12900001_12950000	12900001	12950000	outside	different_species_same_arrangement	440	0.170283260923	0.186584274806	1287.85
2L_0259_12900001_12950000	12900001	12950000	outside	different_species_opposite_arrangement	582	0.173635354285	0.192040066626	1286.12886598
2L_0260_12950001_13000000	12950001	13000000	outside	same_species_same_arrangement	236	0.0727635374238	0.0692886796693	1449.70762712
2L_0260_12950001_13000000	12950001	13000000	outside	same_species_opposite_arrangement	120	0.0903107880028	0.0920328730782	1448.75
2L_0260_12950001_13000000	12950001	13000000	outside	different_species_same_arrangement	440	0.165900017832	0.170744560592	1438.52045455
2L_0260_12950001_13000000	12950001	13000000	outside	different_species_opposite_arrangement	582	0.174713936096	0.17396065198	1437.35395189
2L_0261_13000001_13050000	13000001	13050000	outside	same_species_same_arrangement	236	0.0733256779942	0.0734112757301	1763.63983051
2L_0261_13000001_13050000	13000001	13050000	outside	same_species_opposite_arrangement	120	0.0760286798038	0.0761850225479	1836.1
2L_0261_13000001_13050000	13000001	13050000	outside	different_species_same_arrangement	440	0.151654424158	0.150354338644	1739.28181818
2L_0261_13000001_13050000	13000001	13050000	outside	different_species_opposite_arrangement	582	0.162253102543	0.160090155912	1714.23883162
2L_0262_13050001_13100000	13050001	13100000	outside	same_species_same_arrangement	236	0.0767031494424	0.0721466332014	2115.24152542
2L_0262_13050001_13100000	13050001	13100000	outside	same_species_opposite_arrangement	120	0.095455034152	0.0942419601358	2189.9
2L_0262_13050001_13100000	13050001	13100000	outside	different_species_same_arrangement	440	0.180958787078	0.169489620791	2075.99545455
2L_0262_13050001_13100000	13050001	13100000	outside	different_species_opposite_arrangement	582	0.195662483171	0.180764968717	2043.75085911
2L_0263_13100001_13150000	13100001	13150000	outside	same_species_same_arrangement	236	0.0799556387912	0.0786742024515	1932.74576271
2L_0263_13100001_13150000	13100001	13150000	outside	same_species_opposite_arrangement	120	0.0995028379024	0.0984374894035	1953.65833333
2L_0263_13100001_13150000	13100001	13150000	outside	different_species_same_arrangement	440	0.175481449619	0.173021216042	1917.48863636
2L_0263_13100001_13150000	13100001	13150000	outside	different_species_opposite_arrangement	582	0.186773702107	0.191770246864	1904.53092784
2L_0264_13150001_13200000	13150001	13200000	outside	same_species_same_arrangement	236	0.0764484565901	0.0745935690099	1737.36016949
2L_0264_13150001_13200000	13150001	13200000	outside	same_species_opposite_arrangement	120	0.0943766683314	0.0927760238794	1754.88333333
2L_0264_13150001_13200000	13150001	13200000	outside	different_species_same_arrangement	440	0.18985115972	0.194200740069	1715.86590909
2L_0264_13150001_13200000	13150001	13200000	outside	different_species_opposite_arrangement	582	0.198932035857	0.202665461578	1707.84879725
2L_0265_13200001_13250000	13200001	13250000	outside	same_species_same_arrangement	236	0.05930378067	0.0597529664565	1111.3220339
2L_0265_13200001_13250000	13200001	13250000	outside	same_species_opposite_arrangement	120	0.0699793750549	0.0706765219161	1125.6
2L_0265_13200001_13250000	13200001	13250000	outside	different_species_same_arrangement	440	0.18118580108	0.193722293412	1102.97727273
2L_0265_13200001_13250000	13200001	13250000	outside	different_species_opposite_arrangement	582	0.19142353887	0.204437197478	1096.85223368
2L_0266_13250001_13300000	13250001	13300000	outside	same_species_same_arrangement	236	0.0633228888743	0.0625843045273	1845.20762712
2L_0266_13250001_13300000	13250001	13300000	outside	same_species_opposite_arrangement	120	0.0751228391935	0.074851823143	1856
2L_0266_13250001_13300000	13250001	13300000	outside	different_species_same_arrangement	440	0.197128482967	0.220195971693	1835.44318182
2L_0266_13250001_13300000	13250001	13300000	outside	different_species_opposite_arrangement	582	0.20907381448	0.226158553355	1829.34707904
2L_0267_13300001_13350000	13300001	13350000	outside	same_species_same_arrangement	236	0.0568891316785	0.0581638867606	1412.46186441
2L_0267_13300001_13350000	13300001	13350000	outside	same_species_opposite_arrangement	120	0.0688018544694	0.0693117365181	1426.825
2L_0267_13300001_13350000	13300001	13350000	outside	different_species_same_arrangement	440	0.193231360926	0.210377717706	1400.67045455
2L_0267_13300001_13350000	13300001	13350000	outside	different_species_opposite_arrangement	582	0.205681193033	0.218143858631	1394.17525773
2L_0268_13350001_13400000	13350001	13400000	outside	same_species_same_arrangement	236	0.0617122101942	0.0619791666667	952.546610169
2L_0268_13350001_13400000	13350001	13400000	outside	same_species_opposite_arrangement	120	0.0662696813994	0.0654795625968	961.25
2L_0268_13350001_13400000	13350001	13400000	outside	different_species_same_arrangement	440	0.180783858513	0.211223504041	943.268181818
2L_0268_13350001_13400000	13350001	13400000	outside	different_species_opposite_arrangement	582	0.191490851429	0.211629234451	936.402061856
2L_0269_13400001_13450000	13400001	13450000	outside	same_species_same_arrangement	236	0.0643585082448	0.0636208107056	973.597457627
2L_0269_13400001_13450000	13400001	13450000	outside	same_species_opposite_arrangement	120	0.0727914900139	0.0756070412259	1026.85
2L_0269_13400001_13450000	13400001	13450000	outside	different_species_same_arrangement	440	0.16788249254	0.192269936403	968.786363636
2L_0269_13400001_13450000	13400001	13450000	outside	different_species_opposite_arrangement	582	0.176864698839	0.196058091286	949.395189003
2L_0270_13450001_13500000	13450001	13500000	outside	same_species_same_arrangement	236	0.0717946933022	0.0695045601418	1400.76271186
2L_0270_13450001_13500000	13450001	13500000	outside	same_species_opposite_arrangement	120	0.0708060999911	0.0712160329203	1467.56666667
2L_0270_13450001_13500000	13450001	13500000	outside	different_species_same_arrangement	440	0.199920041709	0.2149852523	1386.83409091
2L_0270_13450001_13500000	13450001	13500000	outside	different_species_opposite_arrangement	582	0.214220195624	0.242331525646	1360.90549828
2L_0271_13500001_13550000	13500001	13550000	outside	same_species_same_arrangement	236	0.0757473084844	0.0744035414725	1398.03813559
2L_0271_13500001_13550000	13500001	13550000	outside	same_species_opposite_arrangement	120	0.0882923973896	0.089291971013	1416.58333333
2L_0271_13500001_13550000	13500001	13550000	outside	different_species_same_arrangement	440	0.175627071616	0.188411049978	1378.37954545
2L_0271_13500001_13550000	13500001	13550000	outside	different_species_opposite_arrangement	582	0.182286993663	0.19212962963	1369.84020619
2L_0272_13550001_13600000	13550001	13600000	outside	same_species_same_arrangement	236	0.0876899398164	0.0880472689359	1560.78813559
2L_0272_13550001_13600000	13550001	13600000	outside	same_species_opposite_arrangement	120	0.094780999043	0.0948691756944	1572.2
2L_0272_13550001_13600000	13550001	13600000	outside	different_species_same_arrangement	440	0.162165990183	0.172485545147	1554.27954545
2L_0272_13550001_13600000	13550001	13600000	outside	different_species_opposite_arrangement	582	0.169362979106	0.181424656102	1548.98109966
2L_0273_13600001_13650000	13600001	13650000	outside	same_species_same_arrangement	236	0.0864327476364	0.0854077945541	1965.12288136
2L_0273_13600001_13650000	13600001	13650000	outside	same_species_opposite_arrangement	120	0.0958307342822	0.0962319264873	2008.31666667
2L_0273_13600001_13650000	13600001	13650000	outside	different_species_same_arrangement	440	0.161404430698	0.171090017124	1947.38636364
2L_0273_13600001_13650000	13600001	13650000	outside	different_species_opposite_arrangement	582	0.16491641171	0.178303657552	1932.47079038
2L_0274_13650001_13700000	13650001	13700000	outside	same_species_same_arrangement	236	0.0797226228362	0.080548173354	1743.02966102
2L_0274_13650001_13700000	13650001	13700000	outside	same_species_opposite_arrangement	120	0.0857133648393	0.0857829916147	1772.64166667
2L_0274_13650001_13700000	13650001	13700000	outside	different_species_same_arrangement	440	0.158464857065	0.171124927704	1720.48636364
2L_0274_13650001_13700000	13650001	13700000	outside	different_species_opposite_arrangement	582	0.165936992469	0.176311971535	1709.89690722
2L_0275_13700001_13750000	13700001	13750000	outside	same_species_same_arrangement	236	0.0791593915302	0.0781518643886	1556.5
2L_0275_13700001_13750000	13700001	13750000	outside	same_species_opposite_arrangement	120	0.0866134394655	0.0886265533742	1562.64166667
2L_0275_13700001_13750000	13700001	13750000	outside	different_species_same_arrangement	440	0.158722386741	0.169726225484	1545.20227273
2L_0275_13700001_13750000	13700001	13750000	outside	different_species_opposite_arrangement	582	0.167320202563	0.172340534211	1541.26460481
2L_0276_13750001_13800000	13750001	13800000	outside	same_species_same_arrangement	236	0.0807212242954	0.0775691699605	1526.40254237
2L_0276_13750001_13800000	13750001	13800000	outside	same_species_opposite_arrangement	120	0.096195433568	0.0981769786101	1538.8
2L_0276_13750001_13800000	13750001	13800000	outside	different_species_same_arrangement	440	0.15641209529	0.169674102153	1511.28636364
2L_0276_13750001_13800000	13750001	13800000	outside	different_species_opposite_arrangement	582	0.162248666981	0.175183212352	1504.55154639
2L_0277_13800001_13850000	13800001	13850000	outside	same_species_same_arrangement	236	0.0866078292419	0.0858882485959	1899.54237288
2L_0277_13800001_13850000	13800001	13850000	outside	same_species_opposite_arrangement	120	0.102037646536	0.10266561813	1912.14166667
2L_0277_13800001_13850000	13800001	13850000	outside	different_species_same_arrangement	440	0.156228241943	0.155398211419	1887.82727273
2L_0277_13800001_13850000	13800001	13850000	outside	different_species_opposite_arrangement	582	0.164280502965	0.164645430809	1881.63573883
2L_0278_13850001_13900000	13850001	13900000	outside	same_species_same_arrangement	236	0.0814009589485	0.0800839713311	1321.89830508
2L_0278_13850001_13900000	13850001	13900000	outside	same_species_opposite_arrangement	120	0.0972077643044	0.0969214277872	1319.4
2L_0278_13850001_13900000	13850001	13900000	outside	different_species_same_arrangement	440	0.162234350523	0.170125687585	1307.81136364
2L_0278_13850001_13900000	13850001	13900000	outside	different_species_opposite_arrangement	582	0.167160976088	0.174933762301	1305.62714777
2L_0279_13900001_13950000	13900001	13950000	outside	same_species_same_arrangement	236	0.0775645657871	0.0768752896029	1218.78813559
2L_0279_13900001_13950000	13900001	13950000	outside	same_species_opposite_arrangement	120	0.0881362704865	0.0880942393468	1245.60833333
2L_0279_13900001_13950000	13900001	13950000	outside	different_species_same_arrangement	440	0.140368798482	0.149170641509	1213
2L_0279_13900001_13950000	13900001	13950000	outside	different_species_opposite_arrangement	582	0.145094688321	0.154704677445	1204.39347079
2L_0280_13950001_14000000	13950001	14000000	outside	same_species_same_arrangement	236	0.0878302318409	0.082619326239	1971.22033898
2L_0280_13950001_14000000	13950001	14000000	outside	same_species_opposite_arrangement	120	0.11481679931	0.114503068317	1996.70833333
2L_0280_13950001_14000000	13950001	14000000	outside	different_species_same_arrangement	440	0.168839358783	0.165860002826	1962.59090909
2L_0280_13950001_14000000	13950001	14000000	outside	different_species_opposite_arrangement	582	0.178358225012	0.176836185684	1952.55498282
2L_0281_14000001_14050000	14000001	14050000	outside	same_species_same_arrangement	236	0.083058302618	0.081725780067	1917.94915254
2L_0281_14000001_14050000	14000001	14050000	outside	same_species_opposite_arrangement	120	0.0996810158653	0.099327576586	1936.08333333
2L_0281_14000001_14050000	14000001	14050000	outside	different_species_same_arrangement	440	0.157506964402	0.163548971865	1902.48181818
2L_0281_14000001_14050000	14000001	14050000	outside	different_species_opposite_arrangement	582	0.163553225768	0.167664554577	1894.89347079
2L_0282_14050001_14100000	14050001	14100000	outside	same_species_same_arrangement	236	0.0852301741291	0.0827202528521	1843.81779661
2L_0282_14050001_14100000	14050001	14100000	outside	same_species_opposite_arrangement	120	0.105144512423	0.106449062209	1853.625
2L_0282_14050001_14100000	14050001	14100000	outside	different_species_same_arrangement	440	0.156187625362	0.159680084944	1838.13863636
2L_0282_14050001_14100000	14050001	14100000	outside	different_species_opposite_arrangement	582	0.164237803855	0.171164323194	1833.38659794
2L_0283_14100001_14150000	14100001	14150000	outside	same_species_same_arrangement	236	0.0846600350574	0.0826180989509	2121.09322034
2L_0283_14100001_14150000	14100001	14150000	outside	same_species_opposite_arrangement	120	0.0983416511463	0.102054987574	2150.05
2L_0283_14100001_14150000	14100001	14150000	outside	different_species_same_arrangement	440	0.168202173827	0.185951174366	2113.60454545
2L_0283_14100001_14150000	14100001	14150000	outside	different_species_opposite_arrangement	582	0.178198574486	0.189933883535	2102.19072165
2L_0284_14150001_14200000	14150001	14200000	outside	same_species_same_arrangement	236	0.0895210340056	0.0887403111892	2069.69491525
2L_0284_14150001_14200000	14150001	14200000	outside	same_species_opposite_arrangement	120	0.109318663441	0.109664175755	2074.875
2L_0284_14150001_14200000	14150001	14200000	outside	different_species_same_arrangement	440	0.165637147096	0.172172643139	2055.32272727
2L_0284_14150001_14200000	14150001	14200000	outside	different_species_opposite_arrangement	582	0.174438068621	0.181708525741	2049.45876289
2L_0285_14200001_14250000	14200001	14250000	outside	same_species_same_arrangement	236	0.0829476944204	0.0835663425628	1838.3940678
2L_0285_14200001_14250000	14200001	14250000	outside	same_species_opposite_arrangement	120	0.09418853861	0.0931800039466	1880.79166667
2L_0285_14200001_14250000	14200001	14250000	outside	different_species_same_arrangement	440	0.16386818743	0.178787263993	1830.375
2L_0285_14200001_14250000	14200001	14250000	outside	different_species_opposite_arrangement	582	0.174240064717	0.184743797184	1817.52749141
2L_0286_14250001_14300000	14250001	14300000	outside	same_species_same_arrangement	236	0.0876523432836	0.0833772243459	2061.49152542
2L_0286_14250001_14300000	14250001	14300000	outside	same_species_opposite_arrangement	120	0.109773569392	0.108585731684	2096.225
2L_0286_14250001_14300000	14250001	14300000	outside	different_species_same_arrangement	440	0.174574334119	0.178376345106	2014.92045455
2L_0286_14250001_14300000	14250001	14300000	outside	different_species_opposite_arrangement	582	0.178904287998	0.184152154305	1994.1838488
2L_0287_14300001_14350000	14300001	14350000	outside	same_species_same_arrangement	236	0.0796921181352	0.0785213994218	1796.61016949
2L_0287_14300001_14350000	14300001	14350000	outside	same_species_opposite_arrangement	120	0.0925810116826	0.092965524316	1806.075
2L_0287_14300001_14350000	14300001	14350000	outside	different_species_same_arrangement	440	0.167814794659	0.168194419196	1790.05
2L_0287_14300001_14350000	14300001	14350000	outside	different_species_opposite_arrangement	582	0.178031386239	0.175007095277	1785.65120275
2L_0288_14350001_14400000	14350001	14400000	outside	same_species_same_arrangement	236	0.0813852257155	0.0811997556441	1949.42372881
2L_0288_14350001_14400000	14350001	14400000	outside	same_species_opposite_arrangement	120	0.0933008436787	0.0923308085019	1990.175
2L_0288_14350001_14400000	14350001	14400000	outside	different_species_same_arrangement	440	0.158402468056	0.174263648441	1935.31363636
2L_0288_14350001_14400000	14350001	14400000	outside	different_species_opposite_arrangement	582	0.163150618766	0.177157100645	1920.20790378
2L_0289_14400001_14450000	14400001	14450000	outside	same_species_same_arrangement	236	0.0828796609106	0.0826234035689	2119.95762712
2L_0289_14400001_14450000	14400001	14450000	outside	same_species_opposite_arrangement	120	0.0915365424664	0.0917086675004	2151.275
2L_0289_14400001_14450000	14400001	14450000	outside	different_species_same_arrangement	440	0.156977830461	0.16949544378	2111.34318182
2L_0289_14400001_14450000	14400001	14450000	outside	different_species_opposite_arrangement	582	0.164789107526	0.175565084254	2099.68213058
2L_0290_14450001_14500000	14450001	14500000	outside	same_species_same_arrangement	236	0.0784279675444	0.0764075952383	2161.5720339
2L_0290_14450001_14500000	14450001	14500000	outside	same_species_opposite_arrangement	120	0.0939578759777	0.0934968179867	2202.74166667
2L_0290_14450001_14500000	14450001	14500000	outside	different_species_same_arrangement	440	0.172350123044	0.182674880115	2146.53181818
2L_0290_14450001_14500000	14450001	14500000	outside	different_species_opposite_arrangement	582	0.179748286724	0.185416788773	2130.95360825
2L_0291_14500001_14550000	14500001	14550000	outside	same_species_same_arrangement	236	0.0837864655919	0.0795513800053	2137.03813559
2L_0291_14500001_14550000	14500001	14550000	outside	same_species_opposite_arrangement	120	0.10834199553	0.108540664225	2176.04166667
2L_0291_14500001_14550000	14500001	14550000	outside	different_species_same_arrangement	440	0.17761200012	0.178879723643	2123.63409091
2L_0291_14500001_14550000	14500001	14550000	outside	different_species_opposite_arrangement	582	0.191395615378	0.187835860293	2103.98281787
2L_0292_14550001_14600000	14550001	14600000	outside	same_species_same_arrangement	236	0.0804331470025	0.0779936346603	2091.71610169
2L_0292_14550001_14600000	14550001	14600000	outside	same_species_opposite_arrangement	120	0.101917390704	0.103337923254	2171.33333333
2L_0292_14550001_14600000	14550001	14600000	outside	different_species_same_arrangement	440	0.168154848097	0.163817195463	2060.13863636
2L_0292_14550001_14600000	14550001	14600000	outside	different_species_opposite_arrangement	582	0.176565508599	0.179102656204	2028.06357388
2L_0293_14600001_14650000	14600001	14650000	outside	same_species_same_arrangement	236	0.0808824946001	0.0802885070854	2049.8220339
2L_0293_14600001_14650000	14600001	14650000	outside	same_species_opposite_arrangement	120	0.0983180506803	0.0999760897768	2058.05833333
2L_0293_14600001_14650000	14600001	14650000	outside	different_species_same_arrangement	440	0.147037780243	0.152908166904	2035.69090909
2L_0293_14600001_14650000	14600001	14650000	outside	different_species_opposite_arrangement	582	0.154760103543	0.162189625662	2030.44158076
2L_0294_14650001_14700000	14650001	14700000	outside	same_species_same_arrangement	236	0.0906444388882	0.0892081243507	2052.74576271
2L_0294_14650001_14700000	14650001	14700000	outside	same_species_opposite_arrangement	120	0.10622710311	0.105994650232	2071.41666667
2L_0294_14650001_14700000	14650001	14700000	outside	different_species_same_arrangement	440	0.149082402197	0.15339849	2037.24545455
2L_0294_14650001_14700000	14650001	14700000	outside	different_species_opposite_arrangement	582	0.152436572644	0.161955348278	2029.6838488
2L_0295_14700001_14750000	14700001	14750000	outside	same_species_same_arrangement	236	0.0810375780441	0.0787775333305	1816.61016949
2L_0295_14700001_14750000	14700001	14750000	outside	same_species_opposite_arrangement	120	0.10180340255	0.101650825972	1826.36666667
2L_0295_14700001_14750000	14700001	14750000	outside	different_species_same_arrangement	440	0.162297787289	0.167079228043	1807.09545455
2L_0295_14700001_14750000	14700001	14750000	outside	different_species_opposite_arrangement	582	0.166653557801	0.175534648651	1802.04982818
2L_0296_14750001_14800000	14750001	14800000	outside	same_species_same_arrangement	236	0.0838411502315	0.0845256152258	1947.55508475
2L_0296_14750001_14800000	14750001	14800000	outside	same_species_opposite_arrangement	120	0.0987759862232	0.0984375690073	1974.68333333
2L_0296_14750001_14800000	14750001	14800000	outside	different_species_same_arrangement	440	0.15680110851	0.164956974682	1937.42727273
2L_0296_14750001_14800000	14750001	14800000	outside	different_species_opposite_arrangement	582	0.16378528473	0.173671881158	1925.89690722
2L_0297_14800001_14850000	14800001	14850000	outside	same_species_same_arrangement	236	0.0876275147438	0.0853054502912	1921.59745763
2L_0297_14800001_14850000	14800001	14850000	outside	same_species_opposite_arrangement	120	0.105127066489	0.107053101271	1951.1
2L_0297_14800001_14850000	14800001	14850000	outside	different_species_same_arrangement	440	0.170789593742	0.181138491013	1914.68409091
2L_0297_14800001_14850000	14800001	14850000	outside	different_species_opposite_arrangement	582	0.180195237768	0.186960321861	1901.60824742
2L_0298_14850001_14900000	14850001	14900000	outside	same_species_same_arrangement	236	0.0837530263622	0.081990935199	2041.15254237
2L_0298_14850001_14900000	14850001	14900000	outside	same_species_opposite_arrangement	120	0.0993720642551	0.0982215844003	2077.66666667
2L_0298_14850001_14900000	14850001	14900000	outside	different_species_same_arrangement	440	0.159689412766	0.169927417849	2028.56363636
2L_0298_14850001_14900000	14850001	14900000	outside	different_species_opposite_arrangement	582	0.165532337735	0.176506925625	2015.86769759
2L_0299_14900001_14950000	14900001	14950000	outside	same_species_same_arrangement	236	0.0929287544512	0.0871689845362	2349.16949153
2L_0299_14900001_14950000	14900001	14950000	outside	same_species_opposite_arrangement	120	0.112008424101	0.113641334936	2374.90833333
2L_0299_14900001_14950000	14900001	14950000	outside	different_species_same_arrangement	440	0.166863572825	0.178542273057	2339.78636364
2L_0299_14900001_14950000	14900001	14950000	outside	different_species_opposite_arrangement	582	0.171909441239	0.182934768801	2329.92268041
2L_0300_14950001_15000000	14950001	15000000	outside	same_species_same_arrangement	236	0.101413999066	0.0975679731638	1875.52542373
2L_0300_14950001_15000000	14950001	15000000	outside	same_species_opposite_arrangement	120	0.132054618606	0.128216932237	1859.15
2L_0300_14950001_15000000	14950001	15000000	outside	different_species_same_arrangement	440	0.180017020624	0.190906687253	1857.57727273
2L_0300_14950001_15000000	14950001	15000000	outside	different_species_opposite_arrangement	582	0.183227337062	0.192267026293	1857.75085911
2L_0301_15000001_15050000	15000001	15050000	outside	same_species_same_arrangement	236	0.0914779584962	0.091615577876	2299.13135593
2L_0301_15000001_15050000	15000001	15050000	outside	same_species_opposite_arrangement	120	0.109546600774	0.110318021797	2295.725
2L_0301_15000001_15050000	15000001	15050000	outside	different_species_same_arrangement	440	0.147650436244	0.15039266516	2289.48409091
2L_0301_15000001_15050000	15000001	15050000	outside	different_species_opposite_arrangement	582	0.152277408316	0.15840813373	2288.53780069
2L_0302_15050001_15100000	15050001	15100000	outside	same_species_same_arrangement	236	0.0839653697744	0.0837523889154	2033.43644068
2L_0302_15050001_15100000	15050001	15100000	outside	same_species_opposite_arrangement	120	0.0980850930132	0.097287376689	2056.83333333
2L_0302_15050001_15100000	15050001	15100000	outside	different_species_same_arrangement	440	0.142276869002	0.147051455853	2028.43181818
2L_0302_15050001_15100000	15050001	15100000	outside	different_species_opposite_arrangement	582	0.146857002284	0.155055619814	2020.52061856
2L_0303_15100001_15150000	15100001	15150000	outside	same_species_same_arrangement	236	0.08136441475	0.081881560738	2102.37711864
2L_0303_15100001_15150000	15100001	15150000	outside	same_species_opposite_arrangement	120	0.0855034010747	0.0850323647682	2142.74166667
2L_0303_15100001_15150000	15100001	15150000	outside	different_species_same_arrangement	440	0.156599466759	0.17362781923	2094.52954545
2L_0303_15100001_15150000	15100001	15150000	outside	different_species_opposite_arrangement	582	0.162321947303	0.176372282033	2081.18728522
2L_0304_15150001_15200000	15150001	15200000	outside	same_species_same_arrangement	236	0.0890831667048	0.089755538735	1588.18220339
2L_0304_15150001_15200000	15150001	15200000	outside	same_species_opposite_arrangement	120	0.107549031715	0.107785468859	1625.49166667
2L_0304_15150001_15200000	15150001	15200000	outside	different_species_same_arrangement	440	0.153507959925	0.15629883368	1575.46136364
2L_0304_15150001_15200000	15150001	15200000	outside	different_species_opposite_arrangement	582	0.15904241501	0.164823833803	1561.58247423
2L_0305_15200001_15250000	15200001	15250000	outside	same_species_same_arrangement	236	0.0900781862831	0.0916851605405	2210.37288136
2L_0305_15200001_15250000	15200001	15250000	outside	same_species_opposite_arrangement	120	0.106419240252	0.105617998862	2217.175
2L_0305_15200001_15250000	15200001	15250000	outside	different_species_same_arrangement	440	0.143277477566	0.147502007657	2207.48409091
2L_0305_15200001_15250000	15200001	15250000	outside	different_species_opposite_arrangement	582	0.149593636624	0.152929178353	2204.95189003
2L_0306_15250001_15300000	15250001	15300000	outside	same_species_same_arrangement	236	0.0817030685965	0.081146584942	2082.6059322
2L_0306_15250001_15300000	15250001	15300000	outside	same_species_opposite_arrangement	120	0.100789875993	0.100526476196	2085.825
2L_0306_15250001_15300000	15250001	15300000	outside	different_species_same_arrangement	440	0.1335169423	0.13775746355	2078.68863636
2L_0306_15250001_15300000	15250001	15300000	outside	different_species_opposite_arrangement	582	0.135774823253	0.140145129542	2077.104811
2L_0307_15300001_15350000	15300001	15350000	outside	same_species_same_arrangement	236	0.0888556082392	0.0875818724539	2099.47881356
2L_0307_15300001_15350000	15300001	15350000	outside	same_species_opposite_arrangement	120	0.111164472653	0.11081126892	2114.28333333
2L_0307_15300001_15350000	15300001	15350000	outside	different_species_same_arrangement	440	0.145630069621	0.150276529794	2092.67727273
2L_0307_15300001_15350000	15300001	15350000	outside	different_species_opposite_arrangement	582	0.150645430509	0.154076486152	2086.01718213
2L_0308_15350001_15400000	15350001	15400000	outside	same_species_same_arrangement	236	0.0897894243934	0.0879244478911	2199.10169492
2L_0308_15350001_15400000	15350001	15400000	outside	same_species_opposite_arrangement	120	0.10659539824	0.106687115965	2192.30833333
2L_0308_15350001_15400000	15350001	15400000	outside	different_species_same_arrangement	440	0.149526675492	0.144612241878	2188.07727273
2L_0308_15350001_15400000	15350001	15400000	outside	different_species_opposite_arrangement	582	0.155741355919	0.151698047402	2188.39347079
2L_0309_15400001_15450000	15400001	15450000	outside	same_species_same_arrangement	236	0.0898000690566	0.0897099361746	2106.88559322
2L_0309_15400001_15450000	15400001	15450000	outside	same_species_opposite_arrangement	120	0.10534981795	0.105561979343	2124.3
2L_0309_15400001_15450000	15400001	15450000	outside	different_species_same_arrangement	440	0.156073490105	0.156016589355	2098.84318182
2L_0309_15400001_15450000	15400001	15450000	outside	different_species_opposite_arrangement	582	0.160954304181	0.164998357756	2091.66151203
2L_0310_15450001_15500000	15450001	15500000	outside	same_species_same_arrangement	236	0.081104667151	0.0807847404724	1621.13559322
2L_0310_15450001_15500000	15450001	15500000	outside	same_species_opposite_arrangement	120	0.0947846110045	0.0949876237624	1620.25833333
2L_0310_15450001_15500000	15450001	15500000	outside	different_species_same_arrangement	440	0.157892645213	0.168264785662	1616.76136364
2L_0310_15450001_15500000	15450001	15500000	outside	different_species_opposite_arrangement	582	0.164888219219	0.17350089443	1616.30756014
2L_0311_15500001_15550000	15500001	15550000	outside	same_species_same_arrangement	236	0.0825431696556	0.0796009601275	1951.47033898
2L_0311_15500001_15550000	15500001	15550000	outside	same_species_opposite_arrangement	120	0.107241091324	0.106302208784	1966.8
2L_0311_15500001_15550000	15500001	15550000	outside	different_species_same_arrangement	440	0.160267895629	0.169432577692	1944.425
2L_0311_15500001_15550000	15500001	15550000	outside	different_species_opposite_arrangement	582	0.168607848526	0.177575949903	1938.34536082
2L_0312_15550001_15600000	15550001	15600000	outside	same_species_same_arrangement	236	0.0806852128196	0.0818922939236	2144.88559322
2L_0312_15550001_15600000	15550001	15600000	outside	same_species_opposite_arrangement	120	0.0988306019438	0.100767812123	2149.88333333
2L_0312_15550001_15600000	15550001	15600000	outside	different_species_same_arrangement	440	0.168690454666	0.182889568044	2135.06363636
2L_0312_15550001_15600000	15550001	15600000	outside	different_species_opposite_arrangement	582	0.173688523827	0.189464919915	2130.84707904
2L_0313_15600001_15650000	15600001	15650000	outside	same_species_same_arrangement	236	0.0778899225151	0.078480640262	2040.78389831
2L_0313_15600001_15650000	15600001	15650000	outside	same_species_opposite_arrangement	120	0.0883878551848	0.0906272410241	2054.475
2L_0313_15600001_15650000	15600001	15650000	outside	different_species_same_arrangement	440	0.153630173663	0.159904821718	2037.95681818
2L_0313_15600001_15650000	15600001	15650000	outside	different_species_opposite_arrangement	582	0.16062202266	0.168164073022	2030.70790378
2L_0314_15650001_15700000	15650001	15700000	outside	same_species_same_arrangement	236	0.0845225037871	0.084997821097	2111.30932203
2L_0314_15650001_15700000	15650001	15700000	outside	same_species_opposite_arrangement	120	0.0951691080171	0.0945624371752	2143.03333333
2L_0314_15650001_15700000	15650001	15700000	outside	different_species_same_arrangement	440	0.155920114432	0.162216475284	2099.61363636
2L_0314_15650001_15700000	15650001	15700000	outside	different_species_opposite_arrangement	582	0.161378927953	0.17086068781	2087.09278351
2L_0315_15700001_15750000	15700001	15750000	outside	same_species_same_arrangement	236	0.0924707444441	0.0901216561892	2225
2L_0315_15700001_15750000	15700001	15750000	outside	same_species_opposite_arrangement	120	0.109936763922	0.111086613405	2251.94166667
2L_0315_15700001_15750000	15700001	15750000	outside	different_species_same_arrangement	440	0.159803475776	0.166590909091	2220.81590909
2L_0315_15700001_15750000	15700001	15750000	outside	different_species_opposite_arrangement	582	0.165109347107	0.169514758117	2209.73024055
2L_0316_15750001_15800000	15750001	15800000	outside	same_species_same_arrangement	236	0.0869788356323	0.0840491366125	2180.47457627
2L_0316_15750001_15800000	15750001	15800000	outside	same_species_opposite_arrangement	120	0.101245628909	0.102691876269	2195.98333333
2L_0316_15750001_15800000	15750001	15800000	outside	different_species_same_arrangement	440	0.166714714269	0.171067708128	2169.675
2L_0316_15750001_15800000	15750001	15800000	outside	different_species_opposite_arrangement	582	0.17185325565	0.182336769782	2161.81443299
2L_0317_15800001_15850000	15800001	15850000	outside	same_species_same_arrangement	236	0.0882552686133	0.0877469452897	2112.83898305
2L_0317_15800001_15850000	15800001	15850000	outside	same_species_opposite_arrangement	120	0.101566912849	0.10131390886	2170.05
2L_0317_15800001_15850000	15800001	15850000	outside	different_species_same_arrangement	440	0.165423030489	0.168569579838	2089.86818182
2L_0317_15800001_15850000	15800001	15850000	outside	different_species_opposite_arrangement	582	0.174424845995	0.181523857443	2070.23539519
2L_0318_15850001_15900000	15850001	15900000	outside	same_species_same_arrangement	236	0.0802322920172	0.0808379767394	1882.47457627
2L_0318_15850001_15900000	15850001	15900000	outside	same_species_opposite_arrangement	120	0.0938698751692	0.0919787159061	1936.65
2L_0318_15850001_15900000	15850001	15900000	outside	different_species_same_arrangement	440	0.164301662203	0.16497701052	1866.37272727
2L_0318_15850001_15900000	15850001	15900000	outside	different_species_opposite_arrangement	582	0.171469142149	0.179708242298	1849.13058419
2L_0319_15900001_15950000	15900001	15950000	outside	same_species_same_arrangement	236	0.0825803229358	0.0820615903673	2265.50847458
2L_0319_15900001_15950000	15900001	15950000	outside	same_species_opposite_arrangement	120	0.0938554475474	0.0932456201717	2310.05833333
2L_0319_15900001_15950000	15900001	15950000	outside	different_species_same_arrangement	440	0.178788061464	0.196226540046	2255.20454545
2L_0319_15900001_15950000	15900001	15950000	outside	different_species_opposite_arrangement	582	0.188191276614	0.200514056898	2239.46391753
2L_0320_15950001_16000000	15950001	16000000	outside	same_species_same_arrangement	236	0.0844048892904	0.0853806463829	2007.66101695
2L_0320_15950001_16000000	15950001	16000000	outside	same_species_opposite_arrangement	120	0.0986906932887	0.0977913272175	2047.58333333
2L_0320_15950001_16000000	15950001	16000000	outside	different_species_same_arrangement	440	0.170222380035	0.178427994206	1989.175
2L_0320_15950001_16000000	15950001	16000000	outside	different_species_opposite_arrangement	582	0.177724602566	0.185782756787	1974.23367698
2L_0321_16000001_16050000	16000001	16050000	outside	same_species_same_arrangement	236	0.090401203519	0.0878176599054	1900.19915254
2L_0321_16000001_16050000	16000001	16050000	outside	same_species_opposite_arrangement	120	0.105581349478	0.105166654194	1902.06666667
2L_0321_16000001_16050000	16000001	16050000	outside	different_species_same_arrangement	440	0.152528965674	0.160606218857	1891.51363636
2L_0321_16000001_16050000	16000001	16050000	outside	different_species_opposite_arrangement	582	0.157772360689	0.166666666667	1889.03608247
2L_0322_16050001_16100000	16050001	16100000	outside	same_species_same_arrangement	236	0.084437075418	0.0833969947186	1313.59745763
2L_0322_16050001_16100000	16050001	16100000	outside	same_species_opposite_arrangement	120	0.100927984941	0.100899889413	1318.31666667
2L_0322_16050001_16100000	16050001	16100000	outside	different_species_same_arrangement	440	0.153186616185	0.16338761765	1306.74318182
2L_0322_16050001_16100000	16050001	16100000	outside	different_species_opposite_arrangement	582	0.158191857777	0.167828120953	1304.8161512
2L_0323_16100001_16150000	16100001	16150000	outside	same_species_same_arrangement	236	0.0766172429795	0.0722349335677	974.563559322
2L_0323_16100001_16150000	16100001	16150000	outside	same_species_opposite_arrangement	120	0.0916463593917	0.0922358759619	979.058333333
2L_0323_16100001_16150000	16100001	16150000	outside	different_species_same_arrangement	440	0.13952814783	0.148072046981	963.611363636
2L_0323_16100001_16150000	16100001	16150000	outside	different_species_opposite_arrangement	582	0.149373205902	0.150929831288	960.723367698
2L_0324_16150001_16200000	16150001	16200000	outside	same_species_same_arrangement	236	0.0916065787888	0.0920370022077	2200.09322034
2L_0324_16150001_16200000	16150001	16200000	outside	same_species_opposite_arrangement	120	0.106146475863	0.106579636851	2203.35
2L_0324_16150001_16200000	16150001	16200000	outside	different_species_same_arrangement	440	0.161761820814	0.16200027815	2187.17045455
2L_0324_16150001_16200000	16150001	16200000	outside	different_species_opposite_arrangement	582	0.168848541238	0.172869226248	2182.30068729
2L_0325_16200001_16250000	16200001	16250000	outside	same_species_same_arrangement	236	0.0921612007545	0.0920498719055	2071.62288136
2L_0325_16200001_16250000	16200001	16250000	outside	same_species_opposite_arrangement	120	0.106617613668	0.106555434835	2121.26666667
2L_0325_16200001_16250000	16200001	16250000	outside	different_species_same_arrangement	440	0.1672132816	0.174736330409	2059.28409091
2L_0325_16200001_16250000	16200001	16250000	outside	different_species_opposite_arrangement	582	0.173206470609	0.183333809918	2041.79209622
2L_0326_16250001_16300000	16250001	16300000	outside	same_species_same_arrangement	236	0.0921338786556	0.0962428603565	1866.85169492
2L_0326_16250001_16300000	16250001	16300000	outside	same_species_opposite_arrangement	120	0.109773902741	0.110063777823	1877.16666667
2L_0326_16250001_16300000	16250001	16300000	outside	different_species_same_arrangement	440	0.163167446328	0.160922572953	1852.61590909
2L_0326_16250001_16300000	16250001	16300000	outside	different_species_opposite_arrangement	582	0.167374778753	0.174327937563	1848.23367698
2L_0327_16300001_16350000	16300001	16350000	outside	same_species_same_arrangement	236	0.0831869775504	0.0844156755372	1900.19915254
2L_0327_16300001_16350000	16300001	16350000	outside	same_species_opposite_arrangement	120	0.0967885647245	0.0961689098206	1925.9
2L_0327_16300001_16350000	16300001	16350000	outside	different_species_same_arrangement	440	0.154660553802	0.15829832907	1897.77954545
2L_0327_16300001_16350000	16300001	16350000	outside	different_species_opposite_arrangement	582	0.157997763754	0.164974139802	1890.01890034
2L_0328_16350001_16400000	16350001	16400000	outside	same_species_same_arrangement	236	0.0814580630467	0.0838838782274	2116.06779661
2L_0328_16350001_16400000	16350001	16400000	outside	same_species_opposite_arrangement	120	0.0907414462713	0.0919794602164	2133.15833333
2L_0328_16350001_16400000	16350001	16400000	outside	different_species_same_arrangement	440	0.151794745533	0.162242571543	2100.275
2L_0328_16350001_16400000	16350001	16400000	outside	different_species_opposite_arrangement	582	0.156305099614	0.167922760857	2091.68900344
2L_0329_16400001_16450000	16400001	16450000	outside	same_species_same_arrangement	236	0.0896214069159	0.0887480422782	2533.76271186
2L_0329_16400001_16450000	16400001	16450000	outside	same_species_opposite_arrangement	120	0.1061915449	0.10659146038	2556.85
2L_0329_16400001_16450000	16400001	16450000	outside	different_species_same_arrangement	440	0.144972919082	0.144975906634	2522.93409091
2L_0329_16400001_16450000	16400001	16450000	outside	different_species_opposite_arrangement	582	0.147973034119	0.148848209844	2512.42439863
2L_0330_16450001_16500000	16450001	16500000	outside	same_species_same_arrangement	236	0.0983049282056	0.0961098439762	2351.66101695
2L_0330_16450001_16500000	16450001	16500000	outside	same_species_opposite_arrangement	120	0.119059894127	0.11885863445	2369.5
2L_0330_16450001_16500000	16450001	16500000	outside	different_species_same_arrangement	440	0.157878958039	0.160112822236	2333.35681818
2L_0330_16450001_16500000	16450001	16500000	outside	different_species_opposite_arrangement	582	0.161904901178	0.169225541451	2321.93642612
2L_0331_16500001_16550000	16500001	16550000	outside	same_species_same_arrangement	236	0.0848408059111	0.083273855644	2094.5720339
2L_0331_16500001_16550000	16500001	16550000	outside	same_species_opposite_arrangement	120	0.106037403068	0.106416538615	2093.475
2L_0331_16500001_16550000	16500001	16550000	outside	different_species_same_arrangement	440	0.157165735053	0.148759652832	2087.45227273
2L_0331_16500001_16550000	16500001	16550000	outside	different_species_opposite_arrangement	582	0.165560109116	0.161974295979	2084.86426117
2L_0332_16550001_16600000	16550001	16600000	outside	same_species_same_arrangement	236	0.0941974407487	0.0921410331736	2377.11016949
2L_0332_16550001_16600000	16550001	16600000	outside	same_species_opposite_arrangement	120	0.117833193456	0.118335923095	2374.20833333
2L_0332_16550001_16600000	16550001	16600000	outside	different_species_same_arrangement	440	0.166858344061	0.167446031471	2367.76363636
2L_0332_16550001_16600000	16550001	16600000	outside	different_species_opposite_arrangement	582	0.170791947035	0.173570187668	2366.38659794
2L_0333_16600001_16650000	16600001	16650000	outside	same_species_same_arrangement	236	0.089563966127	0.0870949375004	1932.93220339
2L_0333_16600001_16650000	16600001	16650000	outside	same_species_opposite_arrangement	120	0.105482094952	0.10561406915	1932.06666667
2L_0333_16600001_16650000	16600001	16650000	outside	different_species_same_arrangement	440	0.163551236137	0.171805498672	1925.04318182
2L_0333_16600001_16650000	16600001	16650000	outside	different_species_opposite_arrangement	582	0.169373679988	0.174852179929	1924.8814433
2L_0334_16650001_16700000	16650001	16700000	outside	same_species_same_arrangement	236	0.0920005476323	0.0873038421763	1702.58050847
2L_0334_16650001_16700000	16650001	16700000	outside	same_species_opposite_arrangement	120	0.114394915561	0.11388932968	1700.08333333
2L_0334_16650001_16700000	16650001	16700000	outside	different_species_same_arrangement	440	0.159241378251	0.165641532065	1694.88181818
2L_0334_16650001_16700000	16650001	16700000	outside	different_species_opposite_arrangement	582	0.162333303116	0.169176043741	1693.67010309
2L_0335_16700001_16750000	16700001	16750000	outside	same_species_same_arrangement	236	0.0820913008982	0.0806873516037	2250.25423729
2L_0335_16700001_16750000	16700001	16750000	outside	same_species_opposite_arrangement	120	0.0974621370772	0.0974467372973	2259.93333333
2L_0335_16700001_16750000	16700001	16750000	outside	different_species_same_arrangement	440	0.15735111478	0.158517487579	2237.44545455
2L_0335_16700001_16750000	16700001	16750000	outside	different_species_opposite_arrangement	582	0.166836015154	0.173262174981	2228.58762887
2L_0336_16750001_16800000	16750001	16800000	outside	same_species_same_arrangement	236	0.0772406527729	0.0736815404061	2108.03813559
2L_0336_16750001_16800000	16750001	16800000	outside	same_species_opposite_arrangement	120	0.0918131236894	0.0944931326868	2125.275
2L_0336_16750001_16800000	16750001	16800000	outside	different_species_same_arrangement	440	0.162039009196	0.178261651704	2098.27272727
2L_0336_16750001_16800000	16750001	16800000	outside	different_species_opposite_arrangement	582	0.168792964579	0.18100959277	2091.29037801
2L_0337_16800001_16850000	16800001	16850000	outside	same_species_same_arrangement	236	0.0822759857842	0.083136977694	2115.41525424
2L_0337_16800001_16850000	16800001	16850000	outside	same_species_opposite_arrangement	120	0.0926256986033	0.0940149700147	2126.975
2L_0337_16800001_16850000	16800001	16850000	outside	different_species_same_arrangement	440	0.159522407492	0.171350438655	2110.66590909
2L_0337_16800001_16850000	16800001	16850000	outside	different_species_opposite_arrangement	582	0.168097230155	0.180217554712	2105.72852234
2L_0338_16850001_16900000	16850001	16900000	outside	same_species_same_arrangement	236	0.0809052229579	0.0811966325565	1739.20338983
2L_0338_16850001_16900000	16850001	16900000	outside	same_species_opposite_arrangement	120	0.0900552548126	0.0910511587876	1753.2
2L_0338_16850001_16900000	16850001	16900000	outside	different_species_same_arrangement	440	0.147869664638	0.160271782707	1728.625
2L_0338_16850001_16900000	16850001	16900000	outside	different_species_opposite_arrangement	582	0.154811960908	0.16676376414	1723.8556701
2L_0339_16900001_16950000	16900001	16950000	outside	same_species_same_arrangement	236	0.0692726165132	0.0701444016627	1912.05084746
2L_0339_16900001_16950000	16900001	16950000	outside	same_species_opposite_arrangement	120	0.0749433455557	0.0748021493737	1948.93333333
2L_0339_16900001_16950000	16900001	16950000	outside	different_species_same_arrangement	440	0.165129498907	0.189441820095	1898.15681818
2L_0339_16900001_16950000	16900001	16950000	outside	different_species_opposite_arrangement	582	0.171323689649	0.19167556699	1885.70446735
2L_0340_16950001_17000000	16950001	17000000	outside	same_species_same_arrangement	236	0.0909949795823	0.0913474030324	2042.93644068
2L_0340_16950001_17000000	16950001	17000000	outside	same_species_opposite_arrangement	120	0.1083393729	0.108013528447	2059.50833333
2L_0340_16950001_17000000	16950001	17000000	outside	different_species_same_arrangement	440	0.156119137785	0.165553458728	2033.21136364
2L_0340_16950001_17000000	16950001	17000000	outside	different_species_opposite_arrangement	582	0.159667366458	0.167120558759	2024.77319588
2L_0341_17000001_17050000	17000001	17050000	outside	same_species_same_arrangement	236	0.0804838633223	0.0806235932955	1462.16101695
2L_0341_17000001_17050000	17000001	17050000	outside	same_species_opposite_arrangement	120	0.0890729971229	0.0890483655882	1460.925
2L_0341_17000001_17050000	17000001	17050000	outside	different_species_same_arrangement	440	0.142491609988	0.146345662837	1456.16136364
2L_0341_17000001_17050000	17000001	17050000	outside	different_species_opposite_arrangement	582	0.148956851021	0.15359488623	1452.40893471
2L_0342_17050001_17100000	17050001	17100000	outside	same_species_same_arrangement	236	0.0860712709878	0.0882777468945	1374.44915254
2L_0342_17050001_17100000	17050001	17100000	outside	same_species_opposite_arrangement	120	0.108935976581	0.108964183126	1381.2
2L_0342_17050001_17100000	17050001	17100000	outside	different_species_same_arrangement	440	0.162833018084	0.175129789912	1370.27954545
2L_0342_17050001_17100000	17050001	17100000	outside	different_species_opposite_arrangement	582	0.168407639612	0.178218128026	1365.7766323
2L_0343_17100001_17150000	17100001	17150000	outside	same_species_same_arrangement	236	0.0783960470794	0.0780917836571	1646.70762712
2L_0343_17100001_17150000	17100001	17150000	outside	same_species_opposite_arrangement	120	0.0983277468142	0.0983531219865	1647.575
2L_0343_17100001_17150000	17100001	17150000	outside	different_species_same_arrangement	440	0.14488150169	0.153014657884	1642.96136364
2L_0343_17100001_17150000	17100001	17150000	outside	different_species_opposite_arrangement	582	0.151251726638	0.157638659674	1642.17353952
2L_0344_17150001_17200000	17150001	17200000	outside	same_species_same_arrangement	236	0.0863897151057	0.0874119920415	1930.41949153
2L_0344_17150001_17200000	17150001	17200000	outside	same_species_opposite_arrangement	120	0.102874631429	0.101602922717	1929.38333333
2L_0344_17150001_17200000	17150001	17200000	outside	different_species_same_arrangement	440	0.138297687696	0.146417445483	1924.17954545
2L_0344_17150001_17200000	17150001	17200000	outside	different_species_opposite_arrangement	582	0.142466430806	0.149296508598	1923.23539519
2L_0345_17200001_17250000	17200001	17250000	outside	same_species_same_arrangement	236	0.0785077346104	0.0796136132007	1834.30932203
2L_0345_17200001_17250000	17200001	17250000	outside	same_species_opposite_arrangement	120	0.0851050907199	0.0845737954861	1849.90833333
2L_0345_17200001_17250000	17200001	17250000	outside	different_species_same_arrangement	440	0.153300381129	0.169505540956	1826.34318182
2L_0345_17200001_17250000	17200001	17250000	outside	different_species_opposite_arrangement	582	0.159298121004	0.172986099786	1820.42955326
2L_0346_17250001_17300000	17250001	17300000	outside	same_species_same_arrangement	236	0.0813098681477	0.0803717599068	2089.47033898
2L_0346_17250001_17300000	17250001	17300000	outside	same_species_opposite_arrangement	120	0.0954507520167	0.0947989155912	2104.475
2L_0346_17250001_17300000	17250001	17300000	outside	different_species_same_arrangement	440	0.151873518464	0.154364593958	2077.85
2L_0346_17250001_17300000	17250001	17300000	outside	different_species_opposite_arrangement	582	0.16117451897	0.164401699294	2071.78178694
2L_0347_17300001_17350000	17300001	17350000	outside	same_species_same_arrangement	236	0.087100255013	0.0842464177232	1776.24576271
2L_0347_17300001_17350000	17300001	17350000	outside	same_species_opposite_arrangement	120	0.109597944142	0.108975291087	1777.575
2L_0347_17300001_17350000	17300001	17350000	outside	different_species_same_arrangement	440	0.17163183784	0.186435780579	1769.18863636
2L_0347_17300001_17350000	17300001	17350000	outside	different_species_opposite_arrangement	582	0.176509050792	0.189219539585	1767.62199313
2L_0348_17350001_17400000	17350001	17400000	outside	same_species_same_arrangement	236	0.0804273067336	0.0815503939027	1973.22881356
2L_0348_17350001_17400000	17350001	17400000	outside	same_species_opposite_arrangement	120	0.0865882263846	0.086528891595	1992.53333333
2L_0348_17350001_17400000	17350001	17400000	outside	different_species_same_arrangement	440	0.158731363588	0.171215590881	1959.82727273
2L_0348_17350001_17400000	17350001	17400000	outside	different_species_opposite_arrangement	582	0.161271162075	0.175754488337	1951.1185567
2L_0349_17400001_17450000	17400001	17450000	outside	same_species_same_arrangement	236	0.0848770091113	0.0823082716964	2015.36864407
2L_0349_17400001_17450000	17400001	17450000	outside	same_species_opposite_arrangement	120	0.0999990699647	0.09995004995	2017.85
2L_0349_17400001_17450000	17400001	17450000	outside	different_species_same_arrangement	440	0.166809174491	0.181716214535	2005.92954545
2L_0349_17400001_17450000	17400001	17450000	outside	different_species_opposite_arrangement	582	0.170019412776	0.184026106049	2003.32989691
2L_0350_17450001_17500000	17450001	17500000	outside	same_species_same_arrangement	236	0.0998150789567	0.0981648573849	2292.79661017
2L_0350_17450001_17500000	17450001	17500000	outside	same_species_opposite_arrangement	120	0.113597237193	0.11375876863	2312.21666667
2L_0350_17450001_17500000	17450001	17500000	outside	different_species_same_arrangement	440	0.162854961972	0.165735908663	2285.57954545
2L_0350_17450001_17500000	17450001	17500000	outside	different_species_opposite_arrangement	582	0.167425695776	0.172602378899	2278.96735395
2L_0351_17500001_17550000	17500001	17550000	outside	same_species_same_arrangement	236	0.0835649737146	0.0843246732606	2175.1440678
2L_0351_17500001_17550000	17500001	17550000	outside	same_species_opposite_arrangement	120	0.0860302028838	0.086813442677	2212.06666667
2L_0351_17500001_17550000	17500001	17550000	outside	different_species_same_arrangement	440	0.152155033076	0.162811575635	2164.27727273
2L_0351_17500001_17550000	17500001	17550000	outside	different_species_opposite_arrangement	582	0.15976605192	0.168330804438	2148.91752577
2L_0352_17550001_17600000	17550001	17600000	outside	same_species_same_arrangement	236	0.0861731775091	0.0870365189541	2046.25423729
2L_0352_17550001_17600000	17550001	17600000	outside	same_species_opposite_arrangement	120	0.0952570207399	0.0951806385394	2082.45
2L_0352_17550001_17600000	17550001	17600000	outside	different_species_same_arrangement	440	0.166507056983	0.180097201315	2029.80681818
2L_0352_17550001_17600000	17550001	17600000	outside	different_species_opposite_arrangement	582	0.173522048886	0.186854850141	2016.84020619
2L_0353_17600001_17650000	17600001	17650000	outside	same_species_same_arrangement	236	0.0780629870727	0.0769497415199	2180.67372881
2L_0353_17600001_17650000	17600001	17650000	outside	same_species_opposite_arrangement	120	0.094108893888	0.0943281752072	2226.15
2L_0353_17600001_17650000	17600001	17650000	outside	different_species_same_arrangement	440	0.164836733589	0.161992389165	2144.90681818
2L_0353_17600001_17650000	17600001	17650000	outside	different_species_opposite_arrangement	582	0.176392660968	0.175648856655	2125.47594502
2L_0354_17650001_17700000	17650001	17700000	outside	same_species_same_arrangement	236	0.0879282419518	0.0882086349224	2215.15677966
2L_0354_17650001_17700000	17650001	17700000	outside	same_species_opposite_arrangement	120	0.100837667663	0.100763075888	2223.725
2L_0354_17650001_17700000	17650001	17700000	outside	different_species_same_arrangement	440	0.14847026844	0.1584445067	2208.04318182
2L_0354_17650001_17700000	17650001	17700000	outside	different_species_opposite_arrangement	582	0.15310116775	0.157824373769	2204.76460481
2L_0355_17700001_17750000	17700001	17750000	outside	same_species_same_arrangement	236	0.084315629983	0.0839760487939	2056.77542373
2L_0355_17700001_17750000	17700001	17750000	outside	same_species_opposite_arrangement	120	0.0991019286688	0.0985593365253	2080.46666667
2L_0355_17700001_17750000	17700001	17750000	outside	different_species_same_arrangement	440	0.168502899339	0.181474304346	2042.12045455
2L_0355_17700001_17750000	17700001	17750000	outside	different_species_opposite_arrangement	582	0.173034588707	0.186354071048	2032.73024055
2L_0356_17750001_17800000	17750001	17800000	outside	same_species_same_arrangement	236	0.0960470096757	0.0954872214595	2000.52542373
2L_0356_17750001_17800000	17750001	17800000	outside	same_species_opposite_arrangement	120	0.111447546802	0.110262225365	2012.11666667
2L_0356_17750001_17800000	17750001	17800000	outside	different_species_same_arrangement	440	0.160792304269	0.170313004985	1991.09545455
2L_0356_17750001_17800000	17750001	17800000	outside	different_species_opposite_arrangement	582	0.165366147534	0.176123873074	1987.47250859
2L_0357_17800001_17850000	17800001	17850000	outside	same_species_same_arrangement	236	0.0945583803997	0.0946186523396	1939.59745763
2L_0357_17800001_17850000	17800001	17850000	outside	same_species_opposite_arrangement	120	0.10755822317	0.107088653028	1954.575
2L_0357_17800001_17850000	17800001	17850000	outside	different_species_same_arrangement	440	0.156049739499	0.165262833245	1934.45909091
2L_0357_17800001_17850000	17800001	17850000	outside	different_species_opposite_arrangement	582	0.160591686913	0.168281583524	1929.61340206
2L_0358_17850001_17900000	17850001	17900000	outside	same_species_same_arrangement	236	0.0937582254831	0.093197968033	1896.62288136
2L_0358_17850001_17900000	17850001	17900000	outside	same_species_opposite_arrangement	120	0.10585737676	0.106074066243	1895.34166667
2L_0358_17850001_17900000	17850001	17900000	outside	different_species_same_arrangement	440	0.156047494175	0.160267536336	1876.66590909
2L_0358_17850001_17900000	17850001	17900000	outside	different_species_opposite_arrangement	582	0.16380598627	0.17093199829	1873.14261168
2L_0359_17900001_17950000	17900001	17950000	outside	same_species_same_arrangement	236	0.0856434920484	0.0848139621534	1876.50423729
2L_0359_17900001_17950000	17900001	17950000	outside	same_species_opposite_arrangement	120	0.100467022541	0.100933675381	1872.80833333
2L_0359_17900001_17950000	17900001	17950000	outside	different_species_same_arrangement	440	0.145199445998	0.150482790697	1865.69772727
2L_0359_17900001_17950000	17900001	17950000	outside	different_species_opposite_arrangement	582	0.150285544174	0.155139970337	1865.44845361
2L_0360_17950001_18000000	17950001	18000000	outside	same_species_same_arrangement	236	0.0933774538229	0.0899705621844	2081.63559322
2L_0360_17950001_18000000	17950001	18000000	outside	same_species_opposite_arrangement	120	0.110774647564	0.110063663075	2084.3
2L_0360_17950001_18000000	17950001	18000000	outside	different_species_same_arrangement	440	0.144236491116	0.14862024544	2071.24090909
2L_0360_17950001_18000000	17950001	18000000	outside	different_species_opposite_arrangement	582	0.145983090669	0.152116907061	2067.34364261
2L_0361_18000001_18050000	18000001	18050000	outside	same_species_same_arrangement	236	0.0930912686405	0.0936168406757	1838.76271186
2L_0361_18000001_18050000	18000001	18050000	outside	same_species_opposite_arrangement	120	0.103951446999	0.104053793988	1836.16666667
2L_0361_18000001_18050000	18000001	18050000	outside	different_species_same_arrangement	440	0.144518677608	0.146461173575	1826.92272727
2L_0361_18000001_18050000	18000001	18050000	outside	different_species_opposite_arrangement	582	0.150666830767	0.154923327407	1825.02233677
2L_0362_18050001_18100000	18050001	18100000	outside	same_species_same_arrangement	236	0.0948764186985	0.0950676543715	1528.25423729
2L_0362_18050001_18100000	18050001	18100000	outside	same_species_opposite_arrangement	120	0.108812318355	0.110113907157	1550.51666667
2L_0362_18050001_18100000	18050001	18100000	outside	different_species_same_arrangement	440	0.149390748209	0.139767140282	1516.78409091
2L_0362_18050001_18100000	18050001	18100000	outside	different_species_opposite_arrangement	582	0.155793242117	0.146610463722	1505.46907216
2L_0363_18100001_18150000	18100001	18150000	outside	same_species_same_arrangement	236	0.0888911764973	0.0880128285953	1706.73305085
2L_0363_18100001_18150000	18100001	18150000	outside	same_species_opposite_arrangement	120	0.100556579394	0.100088235538	1704.20833333
2L_0363_18100001_18150000	18100001	18150000	outside	different_species_same_arrangement	440	0.148210734086	0.151923497842	1697.55227273
2L_0363_18100001_18150000	18100001	18150000	outside	different_species_opposite_arrangement	582	0.155139278653	0.162363926517	1695.14776632
2L_0364_18150001_18200000	18150001	18200000	outside	same_species_same_arrangement	236	0.0907016646167	0.0876792961904	2074.75423729
2L_0364_18150001_18200000	18150001	18200000	outside	same_species_opposite_arrangement	120	0.109345196998	0.109184345702	2083.8
2L_0364_18150001_18200000	18150001	18200000	outside	different_species_same_arrangement	440	0.147195176165	0.149273584127	2069.67272727
2L_0364_18150001_18200000	18150001	18200000	outside	different_species_opposite_arrangement	582	0.14949339117	0.154339020002	2065.61168385
2L_0365_18200001_18250000	18200001	18250000	outside	same_species_same_arrangement	236	0.0952261794621	0.089814718181	2075.72881356
2L_0365_18200001_18250000	18200001	18250000	outside	same_species_opposite_arrangement	120	0.11472193943	0.116920501725	2077.55833333
2L_0365_18200001_18250000	18200001	18250000	outside	different_species_same_arrangement	440	0.160271167122	0.163397519052	2069.34545455
2L_0365_18200001_18250000	18200001	18250000	outside	different_species_opposite_arrangement	582	0.166662578805	0.175843911844	2066.40549828
2L_0366_18250001_18300000	18250001	18300000	outside	same_species_same_arrangement	236	0.0899370959264	0.0863929084565	1842.17372881
2L_0366_18250001_18300000	18250001	18300000	outside	same_species_opposite_arrangement	120	0.105907957291	0.105954002783	1830.625
2L_0366_18250001_18300000	18250001	18300000	outside	different_species_same_arrangement	440	0.163342112314	0.165329995073	1834.85227273
2L_0366_18250001_18300000	18250001	18300000	outside	different_species_opposite_arrangement	582	0.171333855375	0.175777873875	1836.35910653
2L_0367_18300001_18350000	18300001	18350000	outside	same_species_same_arrangement	236	0.0988993533751	0.097873167125	1927.79661017
2L_0367_18300001_18350000	18300001	18350000	outside	same_species_opposite_arrangement	120	0.114578962542	0.114840573536	1953.31666667
2L_0367_18300001_18350000	18300001	18350000	outside	different_species_same_arrangement	440	0.156519024896	0.161542457513	1907.94090909
2L_0367_18300001_18350000	18300001	18350000	outside	different_species_opposite_arrangement	582	0.163549378164	0.169609765642	1897.41237113
2L_0368_18350001_18400000	18350001	18400000	outside	same_species_same_arrangement	236	0.0877895414264	0.0873496144556	2098.97033898
2L_0368_18350001_18400000	18350001	18400000	outside	same_species_opposite_arrangement	120	0.104974660434	0.104669737472	2112.9
2L_0368_18350001_18400000	18350001	18400000	outside	different_species_same_arrangement	440	0.151786423931	0.156519670707	2090.23863636
2L_0368_18350001_18400000	18350001	18400000	outside	different_species_opposite_arrangement	582	0.156981158302	0.164480129842	2084.69072165
2L_0369_18400001_18450000	18400001	18450000	outside	same_species_same_arrangement	236	0.0892083417798	0.09006577194	2132.3940678
2L_0369_18400001_18450000	18400001	18450000	outside	same_species_opposite_arrangement	120	0.108247865577	0.107732373674	2129.06666667
2L_0369_18400001_18450000	18400001	18450000	outside	different_species_same_arrangement	440	0.151532185045	0.148443002595	2124.68181818
2L_0369_18400001_18450000	18400001	18450000	outside	different_species_opposite_arrangement	582	0.157131037703	0.159091288502	2123.81443299
2L_0370_18450001_18500000	18450001	18500000	outside	same_species_same_arrangement	236	0.0898878626309	0.0880305199274	2049.27118644
2L_0370_18450001_18500000	18450001	18500000	outside	same_species_opposite_arrangement	120	0.105266735061	0.103794767747	2061.30833333
2L_0370_18450001_18500000	18450001	18500000	outside	different_species_same_arrangement	440	0.158308170841	0.161162231694	2033.35227273
2L_0370_18450001_18500000	18450001	18500000	outside	different_species_opposite_arrangement	582	0.163718325546	0.170558702006	2026.49140893
2L_0371_18500001_18550000	18500001	18550000	outside	same_species_same_arrangement	236	0.0800117639759	0.0804091809276	1273.44067797
2L_0371_18500001_18550000	18500001	18550000	outside	same_species_opposite_arrangement	120	0.0851330810423	0.084812941656	1319.85
2L_0371_18500001_18550000	18500001	18550000	outside	different_species_same_arrangement	440	0.197518769362	0.199432135021	1261.37954545
2L_0371_18500001_18550000	18500001	18550000	outside	different_species_opposite_arrangement	582	0.207926550772	0.214284395575	1245.34707904
2L_0372_18550001_18600000	18550001	18600000	outside	same_species_same_arrangement	236	0.084665999024	0.0828592679927	2050.08474576
2L_0372_18550001_18600000	18550001	18600000	outside	same_species_opposite_arrangement	120	0.0986765217287	0.100908371495	2061.6
2L_0372_18550001_18600000	18550001	18600000	outside	different_species_same_arrangement	440	0.163690463399	0.17217707744	2039.6
2L_0372_18550001_18600000	18550001	18600000	outside	different_species_opposite_arrangement	582	0.166284777566	0.176089343163	2033.92268041
2L_0373_18600001_18650000	18600001	18650000	outside	same_species_same_arrangement	236	0.0878845723599	0.0880374929854	1731.56779661
2L_0373_18600001_18650000	18600001	18650000	outside	same_species_opposite_arrangement	120	0.102258487079	0.102663287308	1737
2L_0373_18600001_18650000	18600001	18650000	outside	different_species_same_arrangement	440	0.168272005353	0.175465679864	1723.06363636
2L_0373_18600001_18650000	18600001	18650000	outside	different_species_opposite_arrangement	582	0.174228728406	0.183237193538	1717.0395189
2L_0374_18650001_18700000	18650001	18700000	outside	same_species_same_arrangement	236	0.0824481898551	0.0830474033413	1916.4279661
2L_0374_18650001_18700000	18650001	18700000	outside	same_species_opposite_arrangement	120	0.0968415217192	0.0973301524091	1944.00833333
2L_0374_18650001_18700000	18650001	18700000	outside	different_species_same_arrangement	440	0.164552375661	0.179376321106	1903.50681818
2L_0374_18650001_18700000	18650001	18700000	outside	different_species_opposite_arrangement	582	0.168519359789	0.181854390962	1892.72680412
2L_0375_18700001_18750000	18700001	18750000	outside	same_species_same_arrangement	236	0.0872770190179	0.0863917443142	2189.30508475
2L_0375_18700001_18750000	18700001	18750000	outside	same_species_opposite_arrangement	120	0.100271854589	0.0994847024953	2226.29166667
2L_0375_18700001_18750000	18700001	18750000	outside	different_species_same_arrangement	440	0.172717057339	0.190153700342	2178.00909091
2L_0375_18700001_18750000	18700001	18750000	outside	different_species_opposite_arrangement	582	0.180188252555	0.192795613227	2164.24742268
2L_0376_18750001_18800000	18750001	18800000	outside	same_species_same_arrangement	236	0.0852026943967	0.0879771281789	2021.47033898
2L_0376_18750001_18800000	18750001	18800000	outside	same_species_opposite_arrangement	120	0.104887708098	0.102516810197	2074.15833333
2L_0376_18750001_18800000	18750001	18800000	outside	different_species_same_arrangement	440	0.180585343366	0.189309980391	2009.21818182
2L_0376_18750001_18800000	18750001	18800000	outside	different_species_opposite_arrangement	582	0.192063763233	0.205341758818	1990.99656357
2L_0377_18800001_18850000	18800001	18850000	outside	same_species_same_arrangement	236	0.0887250590593	0.0891132660021	2212.76694915
2L_0377_18800001_18850000	18800001	18850000	outside	same_species_opposite_arrangement	120	0.103821880996	0.102618749925	2217.74166667
2L_0377_18800001_18850000	18800001	18850000	outside	different_species_same_arrangement	440	0.168444817662	0.171450929534	2191.89545455
2L_0377_18800001_18850000	18800001	18850000	outside	different_species_opposite_arrangement	582	0.175310460012	0.182868737239	2187.36426117
2L_0378_18850001_18900000	18850001	18900000	outside	same_species_same_arrangement	236	0.0905965345559	0.0918703839612	2243.40677966
2L_0378_18850001_18900000	18850001	18900000	outside	same_species_opposite_arrangement	120	0.111992928214	0.113123141049	2278.75833333
2L_0378_18850001_18900000	18850001	18900000	outside	different_species_same_arrangement	440	0.201127305605	0.20522812019	2216.99090909
2L_0378_18850001_18900000	18850001	18900000	outside	different_species_opposite_arrangement	582	0.207017641535	0.213536852059	2199.41580756
2L_0379_18900001_18950000	18900001	18950000	outside	same_species_same_arrangement	236	0.0853675922919	0.0857567072851	1689.20762712
2L_0379_18900001_18950000	18900001	18950000	outside	same_species_opposite_arrangement	120	0.09783450512	0.0987619191488	1729.325
2L_0379_18900001_18950000	18900001	18950000	outside	different_species_same_arrangement	440	0.174806088756	0.18903916858	1673.84772727
2L_0379_18900001_18950000	18900001	18950000	outside	different_species_opposite_arrangement	582	0.179552081148	0.192060341067	1658.98109966
2L_0380_18950001_19000000	18950001	19000000	outside	same_species_same_arrangement	236	0.0826788986396	0.0818403510368	1866.6779661
2L_0380_18950001_19000000	18950001	19000000	outside	same_species_opposite_arrangement	120	0.101818700529	0.10108342657	1881.76666667
2L_0380_18950001_19000000	18950001	19000000	outside	different_species_same_arrangement	440	0.153501582137	0.157570893526	1859.63181818
2L_0380_18950001_19000000	18950001	19000000	outside	different_species_opposite_arrangement	582	0.155479777749	0.16703509282	1853.45876289
2L_0381_19000001_19050000	19000001	19050000	outside	same_species_same_arrangement	236	0.079446295622	0.0797784218119	1922.32627119
2L_0381_19000001_19050000	19000001	19050000	outside	same_species_opposite_arrangement	120	0.089482153596	0.09075891857	1949.8
2L_0381_19000001_19050000	19000001	19050000	outside	different_species_same_arrangement	440	0.161126853426	0.178248095886	1912.08181818
2L_0381_19000001_19050000	19000001	19050000	outside	different_species_opposite_arrangement	582	0.167568355778	0.183442750635	1901.14089347
2L_0382_19050001_19100000	19050001	19100000	outside	same_species_same_arrangement	236	0.0835214416497	0.0845685797665	2002.85169492
2L_0382_19050001_19100000	19050001	19100000	outside	same_species_opposite_arrangement	120	0.0967040725703	0.0993092994375	2041.375
2L_0382_19050001_19100000	19050001	19100000	outside	different_species_same_arrangement	440	0.182055667566	0.201392341003	1992.48409091
2L_0382_19050001_19100000	19050001	19100000	outside	different_species_opposite_arrangement	582	0.188747977521	0.208558921155	1978.30756014
2L_0383_19100001_19150000	19100001	19150000	outside	same_species_same_arrangement	236	0.0869137488266	0.0857832140748	1764.23305085
2L_0383_19100001_19150000	19100001	19150000	outside	same_species_opposite_arrangement	120	0.106982840488	0.108937843508	1777.36666667
2L_0383_19100001_19150000	19100001	19150000	outside	different_species_same_arrangement	440	0.169460919454	0.182217868036	1744.425
2L_0383_19100001_19150000	19100001	19150000	outside	different_species_opposite_arrangement	582	0.173041546912	0.187203929771	1734.78350515
2L_0384_19150001_19200000	19150001	19200000	outside	same_species_same_arrangement	236	0.0916319905444	0.0919722759015	1372.23305085
2L_0384_19150001_19200000	19150001	19200000	outside	same_species_opposite_arrangement	120	0.0995644185202	0.0993104512331	1376.65
2L_0384_19150001_19200000	19150001	19200000	outside	different_species_same_arrangement	440	0.151721426236	0.158305700183	1363.17045455
2L_0384_19150001_19200000	19150001	19200000	outside	different_species_opposite_arrangement	582	0.15644722638	0.166238449641	1359.4604811
2L_0385_19200001_19250000	19200001	19250000	outside	same_species_same_arrangement	236	0.094205416474	0.0941824285597	2121.53813559
2L_0385_19200001_19250000	19200001	19250000	outside	same_species_opposite_arrangement	120	0.109760051417	0.110311149201	2125.475
2L_0385_19200001_19250000	19200001	19250000	outside	different_species_same_arrangement	440	0.153901424168	0.16169918251	2119.02272727
2L_0385_19200001_19250000	19200001	19250000	outside	different_species_opposite_arrangement	582	0.158581396867	0.163195264522	2117.26804124
2L_0386_19250001_19300000	19250001	19300000	outside	same_species_same_arrangement	236	0.0873833635043	0.086855411922	2070.11016949
2L_0386_19250001_19300000	19250001	19300000	outside	same_species_opposite_arrangement	120	0.0988752020963	0.0988841090087	2092.1
2L_0386_19250001_19300000	19250001	19300000	outside	different_species_same_arrangement	440	0.166013365905	0.17882372836	2060.43863636
2L_0386_19250001_19300000	19250001	19300000	outside	different_species_opposite_arrangement	582	0.169058804221	0.181718581673	2050.45360825
2L_0387_19300001_19350000	19300001	19350000	outside	same_species_same_arrangement	236	0.0865462248534	0.084468570885	2239.29237288
2L_0387_19300001_19350000	19300001	19350000	outside	same_species_opposite_arrangement	120	0.105406675714	0.104205998821	2275.3
2L_0387_19300001_19350000	19300001	19350000	outside	different_species_same_arrangement	440	0.167649241764	0.174992869226	2236.72727273
2L_0387_19300001_19350000	19300001	19350000	outside	different_species_opposite_arrangement	582	0.174226129505	0.183089134629	2222.81786942
2L_0388_19350001_19400000	19350001	19400000	outside	same_species_same_arrangement	236	0.0862508297385	0.0839115074904	1691.87288136
2L_0388_19350001_19400000	19350001	19400000	outside	same_species_opposite_arrangement	120	0.107581675639	0.104824069551	1712.60833333
2L_0388_19350001_19400000	19350001	19400000	outside	different_species_same_arrangement	440	0.163013987829	0.173043298534	1687.06818182
2L_0388_19350001_19400000	19350001	19400000	outside	different_species_opposite_arrangement	582	0.166984764091	0.178273846537	1680.11168385
2L_0389_19400001_19450000	19400001	19450000	outside	same_species_same_arrangement	236	0.0842397797119	0.082914590168	2129.44067797
2L_0389_19400001_19450000	19400001	19450000	outside	same_species_opposite_arrangement	120	0.106192327954	0.1027521566	2154.03333333
2L_0389_19400001_19450000	19400001	19450000	outside	different_species_same_arrangement	440	0.174800977212	0.186502401642	2104.48409091
2L_0389_19400001_19450000	19400001	19450000	outside	different_species_opposite_arrangement	582	0.181237900582	0.191666653053	2094.85395189
2L_0390_19450001_19500000	19450001	19500000	outside	same_species_same_arrangement	236	0.0896770360008	0.087773627198	2347.41949153
2L_0390_19450001_19500000	19450001	19500000	outside	same_species_opposite_arrangement	120	0.108257313331	0.105120868668	2386.95
2L_0390_19450001_19500000	19450001	19500000	outside	different_species_same_arrangement	440	0.16952380962	0.181653948948	2329.84545455
2L_0390_19450001_19500000	19450001	19500000	outside	different_species_opposite_arrangement	582	0.172849081502	0.184244187742	2316.12714777
2L_0391_19500001_19550000	19500001	19550000	outside	same_species_same_arrangement	236	0.0930721524926	0.0905203206254	2217.29661017
2L_0391_19500001_19550000	19500001	19550000	outside	same_species_opposite_arrangement	120	0.113218129253	0.111861136991	2206.14166667
2L_0391_19500001_19550000	19500001	19550000	outside	different_species_same_arrangement	440	0.151375275829	0.151315816561	2203.66590909
2L_0391_19500001_19550000	19500001	19550000	outside	different_species_opposite_arrangement	582	0.153277939663	0.158575619067	2205.47250859
2L_0392_19550001_19600000	19550001	19600000	outside	same_species_same_arrangement	236	0.0844764491451	0.0850419523055	1628.20762712
2L_0392_19550001_19600000	19550001	19600000	outside	same_species_opposite_arrangement	120	0.0886263968983	0.0890516431855	1642.24166667
2L_0392_19550001_19600000	19550001	19600000	outside	different_species_same_arrangement	440	0.155595520468	0.170878306665	1623.63181818
2L_0392_19550001_19600000	19550001	19600000	outside	different_species_opposite_arrangement	582	0.16123660475	0.173547317101	1619.17010309
2L_0393_19600001_19650000	19600001	19650000	outside	same_species_same_arrangement	236	0.0915051857173	0.0891423116375	2299.67372881
2L_0393_19600001_19650000	19600001	19650000	outside	same_species_opposite_arrangement	120	0.110865484887	0.11155428454	2320.71666667
2L_0393_19600001_19650000	19600001	19650000	outside	different_species_same_arrangement	440	0.161421608938	0.164786363943	2282.46818182
2L_0393_19600001_19650000	19600001	19650000	outside	different_species_opposite_arrangement	582	0.164992911673	0.171099322134	2273.22508591
2L_0394_19650001_19700000	19650001	19700000	outside	same_species_same_arrangement	236	0.0983020310871	0.0948467776169	2250.01694915
2L_0394_19650001_19700000	19650001	19700000	outside	same_species_opposite_arrangement	120	0.121390819209	0.120579585977	2260.26666667
2L_0394_19650001_19700000	19650001	19700000	outside	different_species_same_arrangement	440	0.159112675666	0.154589581073	2235.99772727
2L_0394_19650001_19700000	19650001	19700000	outside	different_species_opposite_arrangement	582	0.162439736704	0.166631957592	2232.16838488
2L_0395_19700001_19750000	19700001	19750000	outside	same_species_same_arrangement	236	0.0959595503785	0.0980347977796	2228.32627119
2L_0395_19700001_19750000	19700001	19750000	outside	same_species_opposite_arrangement	120	0.107231180715	0.106569360822	2241.84166667
2L_0395_19700001_19750000	19700001	19750000	outside	different_species_same_arrangement	440	0.156753412945	0.1667047358	2213.27045455
2L_0395_19700001_19750000	19700001	19750000	outside	different_species_opposite_arrangement	582	0.16178181731	0.169549369082	2205.84707904
2L_0396_19750001_19800000	19750001	19800000	outside	same_species_same_arrangement	236	0.0961103970872	0.0933946276721	2348.40254237
2L_0396_19750001_19800000	19750001	19800000	outside	same_species_opposite_arrangement	120	0.112209873266	0.113501010321	2364.23333333
2L_0396_19750001_19800000	19750001	19800000	outside	different_species_same_arrangement	440	0.156635936384	0.164055822768	2337.55909091
2L_0396_19750001_19800000	19750001	19800000	outside	different_species_opposite_arrangement	582	0.160705575732	0.168383056475	2330.53608247
2L_0397_19800001_19850000	19800001	19850000	outside	same_species_same_arrangement	236	0.0872999793222	0.0866232019972	2458.89830508
2L_0397_19800001_19850000	19800001	19850000	outside	same_species_opposite_arrangement	120	0.0985495522679	0.100339937255	2477.275
2L_0397_19800001_19850000	19800001	19850000	outside	different_species_same_arrangement	440	0.143081514912	0.144318379498	2449.41590909
2L_0397_19800001_19850000	19800001	19850000	outside	different_species_opposite_arrangement	582	0.147340433568	0.151712248652	2440.01718213
2L_0398_19850001_19900000	19850001	19900000	outside	same_species_same_arrangement	236	0.0927464898671	0.0889545983072	2520.62711864
2L_0398_19850001_19900000	19850001	19900000	outside	same_species_opposite_arrangement	120	0.113788272364	0.114775521235	2513.53333333
2L_0398_19850001_19900000	19850001	19900000	outside	different_species_same_arrangement	440	0.153800017615	0.149596657426	2507.32045455
2L_0398_19850001_19900000	19850001	19900000	outside	different_species_opposite_arrangement	582	0.160479033809	0.166766228594	2507.43814433
2L_0399_19900001_19950000	19900001	19950000	outside	same_species_same_arrangement	236	0.0944043095999	0.0927463317413	2299.23305085
2L_0399_19900001_19950000	19900001	19950000	outside	same_species_opposite_arrangement	120	0.113860338275	0.116044062747	2302.375
2L_0399_19900001_19950000	19900001	19950000	outside	different_species_same_arrangement	440	0.149245695214	0.152059098207	2292.81136364
2L_0399_19900001_19950000	19900001	19950000	outside	different_species_opposite_arrangement	582	0.153527727306	0.159595311819	2289.7233677
2L_0400_19950001_20000000	19950001	20000000	outside	same_species_same_arrangement	236	0.0914649624926	0.0918438241196	2164.3220339
2L_0400_19950001_20000000	19950001	20000000	outside	same_species_opposite_arrangement	120	0.10405339557	0.103389869461	2190.425
2L_0400_19950001_20000000	19950001	20000000	outside	different_species_same_arrangement	440	0.154668760155	0.161016998954	2156.54318182
2L_0400_19950001_20000000	19950001	20000000	outside	different_species_opposite_arrangement	582	0.159610621292	0.165861712813	2147.50515464
2L_0401_20000001_20050000	20000001	20050000	outside	same_species_same_arrangement	236	0.0939919689115	0.0909211387365	2102.88135593
2L_0401_20000001_20050000	20000001	20050000	outside	same_species_opposite_arrangement	120	0.11120720571	0.112616078956	2102.25833333
2L_0401_20000001_20050000	20000001	20050000	outside	different_species_same_arrangement	440	0.151505565038	0.154119836541	2095.72954545
2L_0401_20000001_20050000	20000001	20050000	outside	different_species_opposite_arrangement	582	0.155313492046	0.16110444736	2094.50343643
2L_0402_20050001_20100000	20050001	20100000	outside	same_species_same_arrangement	236	0.0889210919333	0.0897008522462	2112.61440678
2L_0402_20050001_20100000	20050001	20100000	outside	same_species_opposite_arrangement	120	0.106155238936	0.105748643348	2107.86666667
2L_0402_20050001_20100000	20050001	20100000	outside	different_species_same_arrangement	440	0.135026678275	0.140009591542	2105.84772727
2L_0402_20050001_20100000	20050001	20100000	outside	different_species_opposite_arrangement	582	0.140617777212	0.145207070612	2106.12714777
2L_0403_20100001_20150000	20100001	20150000	outside	same_species_same_arrangement	236	0.0858265618826	0.0828399722958	1944.63135593
2L_0403_20100001_20150000	20100001	20150000	outside	same_species_opposite_arrangement	120	0.101002883902	0.102103698275	1946.825
2L_0403_20100001_20150000	20100001	20150000	outside	different_species_same_arrangement	440	0.131262159612	0.132818649315	1938.38181818
2L_0403_20100001_20150000	20100001	20150000	outside	different_species_opposite_arrangement	582	0.134497928496	0.140232643771	1937.06357388
2L_0404_20150001_20200000	20150001	20200000	outside	same_species_same_arrangement	236	0.0926644639356	0.0928348215995	1941.01694915
2L_0404_20150001_20200000	20150001	20200000	outside	same_species_opposite_arrangement	120	0.105740595193	0.106522855272	1952.4
2L_0404_20150001_20200000	20150001	20200000	outside	different_species_same_arrangement	440	0.1564685645	0.164989654692	1928.31136364
2L_0404_20150001_20200000	20150001	20200000	outside	different_species_opposite_arrangement	582	0.163508388031	0.171103596093	1923.61168385
2L_0405_20200001_20250000	20200001	20250000	outside	same_species_same_arrangement	236	0.0992343117235	0.0950306108633	2278.65254237
2L_0405_20200001_20250000	20200001	20250000	outside	same_species_opposite_arrangement	120	0.117924172741	0.119941784882	2295.4
2L_0405_20200001_20250000	20200001	20250000	outside	different_species_same_arrangement	440	0.156606197885	0.15752548593	2271.63636364
2L_0405_20200001_20250000	20200001	20250000	outside	different_species_opposite_arrangement	582	0.162967825176	0.170194107065	2265.31099656
2L_0406_20250001_20300000	20250001	20300000	outside	same_species_same_arrangement	236	0.098591201164	0.0964130517591	2311.91525424
2L_0406_20250001_20300000	20250001	20300000	outside	same_species_opposite_arrangement	120	0.117235584335	0.115904523302	2318.125
2L_0406_20250001_20300000	20250001	20300000	outside	different_species_same_arrangement	440	0.151510909601	0.148703949174	2301.34545455
2L_0406_20250001_20300000	20250001	20300000	outside	different_species_opposite_arrangement	582	0.158436490412	0.162849748018	2297.61340206
2L_0407_20300001_20350000	20300001	20350000	outside	same_species_same_arrangement	236	0.0872141097626	0.0875185137953	1933.78389831
2L_0407_20300001_20350000	20300001	20350000	outside	same_species_opposite_arrangement	120	0.105365217057	0.104752618861	1943.79166667
2L_0407_20300001_20350000	20300001	20350000	outside	different_species_same_arrangement	440	0.167545124166	0.160308331604	1918.19318182
2L_0407_20300001_20350000	20300001	20350000	outside	different_species_opposite_arrangement	582	0.180926095152	0.182570179013	1909.65979381
2L_0408_20350001_20400000	20350001	20400000	outside	same_species_same_arrangement	236	0.0922994445568	0.0900112822907	1855.08898305
2L_0408_20350001_20400000	20350001	20400000	outside	same_species_opposite_arrangement	120	0.110765391343	0.11360978422	1846.29166667
2L_0408_20350001_20400000	20350001	20400000	outside	different_species_same_arrangement	440	0.161183576688	0.157473335887	1836.20227273
2L_0408_20350001_20400000	20350001	20400000	outside	different_species_opposite_arrangement	582	0.167713177499	0.167607876997	1834.05498282
2L_0409_20400001_20450000	20400001	20450000	outside	same_species_same_arrangement	236	0.0894371227489	0.0831735168403	1806.86864407
2L_0409_20400001_20450000	20400001	20450000	outside	same_species_opposite_arrangement	120	0.111393218806	0.111405179133	1804.275
2L_0409_20400001_20450000	20400001	20450000	outside	different_species_same_arrangement	440	0.143375992888	0.13970189392	1797.68409091
2L_0409_20400001_20450000	20400001	20450000	outside	different_species_opposite_arrangement	582	0.149898509689	0.157103234906	1796.4862543
2L_0410_20450001_20500000	20450001	20500000	outside	same_species_same_arrangement	236	0.0920652832185	0.0866744893585	2165.41101695
2L_0410_20450001_20500000	20450001	20500000	outside	same_species_opposite_arrangement	120	0.116643431005	0.116284147233	2157.98333333
2L_0410_20450001_20500000	20450001	20500000	outside	different_species_same_arrangement	440	0.142963169933	0.138512869982	2152.71818182
2L_0410_20450001_20500000	20450001	20500000	outside	different_species_opposite_arrangement	582	0.148972495036	0.153548194544	2152.41580756
2L_0411_20500001_20550000	20500001	20550000	boundary	same_species_same_arrangement	236	0.0810938759052	0.0790538857033	1717.65677966
2L_0411_20500001_20550000	20500001	20550000	boundary	same_species_opposite_arrangement	120	0.176924692994	0.176667849266	1717.38333333
2L_0411_20500001_20550000	20500001	20550000	boundary	different_species_same_arrangement	440	0.126957535895	0.116918004105	1710.51818182
2L_0411_20500001_20550000	20500001	20550000	boundary	different_species_opposite_arrangement	582	0.203161912267	0.204937150504	1704.87457045
2L_0412_20550001_20600000	20550001	20600000	inside	same_species_same_arrangement	236	0.0763978175043	0.0762950392716	1603.95338983
2L_0412_20550001_20600000	20550001	20600000	inside	same_species_opposite_arrangement	120	0.21383685242	0.213603767483	1587.95833333
2L_0412_20550001_20600000	20550001	20600000	inside	different_species_same_arrangement	440	0.116248021492	0.101166098923	1594.80681818
2L_0412_20550001_20600000	20550001	20600000	inside	different_species_opposite_arrangement	582	0.219679253723	0.219949282593	1594.14776632
2L_0413_20600001_20650000	20600001	20650000	inside	same_species_same_arrangement	236	0.0711891364331	0.0726852591365	1860.09745763
2L_0413_20600001_20650000	20600001	20650000	inside	same_species_opposite_arrangement	120	0.223701392655	0.223557398927	1823.13333333
2L_0413_20600001_20650000	20600001	20650000	inside	different_species_same_arrangement	440	0.118176503061	0.101732695309	1848.91590909
2L_0413_20600001_20650000	20600001	20650000	inside	different_species_opposite_arrangement	582	0.230975110076	0.230454818343	1849.01546392
2L_0414_20650001_20700000	20650001	20700000	inside	same_species_same_arrangement	236	0.0720459067528	0.0735744821251	1767.49576271
2L_0414_20650001_20700000	20650001	20700000	inside	same_species_opposite_arrangement	120	0.217217229724	0.217684844521	1746.51666667
2L_0414_20650001_20700000	20650001	20700000	inside	different_species_same_arrangement	440	0.123089485873	0.111912771402	1743.375
2L_0414_20650001_20700000	20650001	20700000	inside	different_species_opposite_arrangement	582	0.230504460638	0.229549981019	1739.17525773
2L_0415_20700001_20750000	20700001	20750000	inside	same_species_same_arrangement	236	0.0662510468143	0.0667562662176	1831.69915254
2L_0415_20700001_20750000	20700001	20750000	inside	same_species_opposite_arrangement	120	0.241149669858	0.241319228404	1834.50833333
2L_0415_20700001_20750000	20700001	20750000	inside	different_species_same_arrangement	440	0.122958111699	0.106708978244	1828.13181818
2L_0415_20700001_20750000	20700001	20750000	inside	different_species_opposite_arrangement	582	0.241027687594	0.240761389199	1821.30068729
2L_0416_20750001_20800000	20750001	20800000	inside	same_species_same_arrangement	236	0.0645384753836	0.065381160363	1062.28813559
2L_0416_20750001_20800000	20750001	20800000	inside	same_species_opposite_arrangement	120	0.230625356398	0.230521848158	1049.375
2L_0416_20750001_20800000	20750001	20800000	inside	different_species_same_arrangement	440	0.110824737371	0.100295800191	1055.225
2L_0416_20750001_20800000	20750001	20800000	inside	different_species_opposite_arrangement	582	0.239233350509	0.239962205405	1051.88831615
2L_0417_20800001_20850000	20800001	20850000	inside	same_species_same_arrangement	236	0.0681348768753	0.0682009035989	1806.00423729
2L_0417_20800001_20850000	20800001	20850000	inside	same_species_opposite_arrangement	120	0.22114008964	0.221325423854	1789.68333333
2L_0417_20800001_20850000	20800001	20850000	inside	different_species_same_arrangement	440	0.119167811414	0.102044162796	1795.20681818
2L_0417_20800001_20850000	20800001	20850000	inside	different_species_opposite_arrangement	582	0.223614162574	0.223031558869	1792.24054983
2L_0418_20850001_20900000	20850001	20900000	inside	same_species_same_arrangement	236	0.0667206397398	0.0667899608916	2310.22033898
2L_0418_20850001_20900000	20850001	20900000	inside	same_species_opposite_arrangement	120	0.220723139274	0.219101123596	2308.675
2L_0418_20850001_20900000	20850001	20900000	inside	different_species_same_arrangement	440	0.114786438816	0.0944360446107	2305.77045455
2L_0418_20850001_20900000	20850001	20900000	inside	different_species_opposite_arrangement	582	0.223650707043	0.223168098463	2301.13402062
2L_0419_20900001_20950000	20900001	20950000	inside	same_species_same_arrangement	236	0.0684914915605	0.0685694591482	2083.58474576
2L_0419_20900001_20950000	20900001	20950000	inside	same_species_opposite_arrangement	120	0.217987307453	0.217858801444	2061.525
2L_0419_20900001_20950000	20900001	20950000	inside	different_species_same_arrangement	440	0.114884168606	0.0992246081237	2080.57954545
2L_0419_20900001_20950000	20900001	20950000	inside	different_species_opposite_arrangement	582	0.227102682169	0.227360113834	2073.19931271
2L_0420_20950001_21000000	20950001	21000000	inside	same_species_same_arrangement	236	0.0653350011497	0.0670059030027	2156.28389831
2L_0420_20950001_21000000	20950001	21000000	inside	same_species_opposite_arrangement	120	0.248826593698	0.249474321467	2148.11666667
2L_0420_20950001_21000000	20950001	21000000	inside	different_species_same_arrangement	440	0.11738858489	0.102437934504	2149.52272727
2L_0420_20950001_21000000	20950001	21000000	inside	different_species_opposite_arrangement	582	0.243085708707	0.243233604503	2143.73883162
2L_0421_21000001_21050000	21000001	21050000	inside	same_species_same_arrangement	236	0.0708149258611	0.0717196602293	2238.75847458
2L_0421_21000001_21050000	21000001	21050000	inside	same_species_opposite_arrangement	120	0.221875190147	0.223769199925	2229.25833333
2L_0421_21000001_21050000	21000001	21050000	inside	different_species_same_arrangement	440	0.119579687519	0.0998189305785	2230.20454545
2L_0421_21000001_21050000	21000001	21050000	inside	different_species_opposite_arrangement	582	0.2309444383	0.231142559277	2222.36769759
2L_0422_21050001_21100000	21050001	21100000	inside	same_species_same_arrangement	236	0.0669690458817	0.067526506468	1969.97033898
2L_0422_21050001_21100000	21050001	21100000	inside	same_species_opposite_arrangement	120	0.206586559896	0.207083994421	1971.56666667
2L_0422_21050001_21100000	21050001	21100000	inside	different_species_same_arrangement	440	0.108896471667	0.105189483401	1967.36590909
2L_0422_21050001_21100000	21050001	21100000	inside	different_species_opposite_arrangement	582	0.211321580735	0.211686281248	1964.25945017
2L_0423_21100001_21150000	21100001	21150000	inside	same_species_same_arrangement	236	0.065694347027	0.0657103978519	1832.26271186
2L_0423_21100001_21150000	21100001	21150000	inside	same_species_opposite_arrangement	120	0.21969879613	0.219558365895	1828.13333333
2L_0423_21100001_21150000	21100001	21150000	inside	different_species_same_arrangement	440	0.115439805647	0.0981897834204	1828.33636364
2L_0423_21100001_21150000	21100001	21150000	inside	different_species_opposite_arrangement	582	0.22044158514	0.220604281221	1826.56701031
2L_0424_21150001_21200000	21150001	21200000	inside	same_species_same_arrangement	236	0.0772117239176	0.0783466995682	1620.33898305
2L_0424_21150001_21200000	21150001	21200000	inside	same_species_opposite_arrangement	120	0.196715686877	0.197242472224	1618.73333333
2L_0424_21150001_21200000	21150001	21200000	inside	different_species_same_arrangement	440	0.121025380025	0.107539746205	1614.14545455
2L_0424_21150001_21200000	21150001	21200000	inside	different_species_opposite_arrangement	582	0.205478755978	0.205373738715	1609.01202749
2L_0425_21200001_21250000	21200001	21250000	inside	same_species_same_arrangement	236	0.0762520120027	0.075769467195	1938.02118644
2L_0425_21200001_21250000	21200001	21250000	inside	same_species_opposite_arrangement	120	0.216994833626	0.21849310936	1929.80833333
2L_0425_21200001_21250000	21200001	21250000	inside	different_species_same_arrangement	440	0.125790899328	0.113276187468	1930.83409091
2L_0425_21200001_21250000	21200001	21250000	inside	different_species_opposite_arrangement	582	0.218119009024	0.218782654698	1928.60824742
2L_0426_21250001_21300000	21250001	21300000	inside	same_species_same_arrangement	236	0.0661891066353	0.067038100527	1801.19067797
2L_0426_21250001_21300000	21250001	21300000	inside	same_species_opposite_arrangement	120	0.231274992203	0.230726471972	1783.66666667
2L_0426_21250001_21300000	21250001	21300000	inside	different_species_same_arrangement	440	0.119404711741	0.0983652632258	1794.45909091
2L_0426_21250001_21300000	21250001	21300000	inside	different_species_opposite_arrangement	582	0.236513704314	0.236418441125	1791.65979381
2L_0427_21300001_21350000	21300001	21350000	inside	same_species_same_arrangement	236	0.0632409331901	0.063061802741	1890.81779661
2L_0427_21300001_21350000	21300001	21350000	inside	same_species_opposite_arrangement	120	0.241261822933	0.241568941009	1890.59166667
2L_0427_21300001_21350000	21300001	21350000	inside	different_species_same_arrangement	440	0.12067175855	0.0995470712578	1887.36818182
2L_0427_21300001_21350000	21300001	21350000	inside	different_species_opposite_arrangement	582	0.243431665609	0.243799223645	1882.94845361
2L_0428_21350001_21400000	21350001	21400000	inside	same_species_same_arrangement	236	0.0677535061319	0.0706297828511	2056.18644068
2L_0428_21350001_21400000	21350001	21400000	inside	same_species_opposite_arrangement	120	0.222508830897	0.222897423432	2045.75
2L_0428_21350001_21400000	21350001	21400000	inside	different_species_same_arrangement	440	0.125694028596	0.103859369924	2046.86590909
2L_0428_21350001_21400000	21350001	21400000	inside	different_species_opposite_arrangement	582	0.232636983589	0.232991710177	2041.59965636
2L_0429_21400001_21450000	21400001	21450000	inside	same_species_same_arrangement	236	0.0683878922181	0.0700227534384	2155.55932203
2L_0429_21400001_21450000	21400001	21450000	inside	same_species_opposite_arrangement	120	0.226590093189	0.226165589756	2155.98333333
2L_0429_21400001_21450000	21400001	21450000	inside	different_species_same_arrangement	440	0.121975713861	0.107286127624	2151.65681818
2L_0429_21400001_21450000	21400001	21450000	inside	different_species_opposite_arrangement	582	0.225110919661	0.22530513468	2143.67182131
2L_0430_21450001_21500000	21450001	21500000	inside	same_species_same_arrangement	236	0.0650649274633	0.0654988417076	2091.82627119
2L_0430_21450001_21500000	21450001	21500000	inside	same_species_opposite_arrangement	120	0.217668867334	0.217663748643	2090.79166667
2L_0430_21450001_21500000	21450001	21500000	inside	different_species_same_arrangement	440	0.116854762717	0.09910252074	2083.90681818
2L_0430_21450001_21500000	21450001	21500000	inside	different_species_opposite_arrangement	582	0.221297223171	0.221112216075	2076.83505155
2L_0431_21500001_21550000	21500001	21550000	inside	same_species_same_arrangement	236	0.0648264761772	0.0659035717006	2069.68644068
2L_0431_21500001_21550000	21500001	21550000	inside	same_species_opposite_arrangement	120	0.23101851045	0.231404003672	2071.025
2L_0431_21500001_21550000	21500001	21550000	inside	different_species_same_arrangement	440	0.118389637801	0.0977416527341	2063.30227273
2L_0431_21500001_21550000	21500001	21550000	inside	different_species_opposite_arrangement	582	0.231354100928	0.231369029667	2059.10652921
2L_0432_21550001_21600000	21550001	21600000	inside	same_species_same_arrangement	236	0.0693731666032	0.0717436259035	2168.88559322
2L_0432_21550001_21600000	21550001	21600000	inside	same_species_opposite_arrangement	120	0.214703792891	0.216693536005	2160.78333333
2L_0432_21550001_21600000	21550001	21600000	inside	different_species_same_arrangement	440	0.116586270569	0.101526284126	2162.99772727
2L_0432_21550001_21600000	21550001	21600000	inside	different_species_opposite_arrangement	582	0.217755844257	0.218293266946	2158.76460481
2L_0433_21600001_21650000	21600001	21650000	inside	same_species_same_arrangement	236	0.072605893766	0.073158983421	2077.33898305
2L_0433_21600001_21650000	21600001	21650000	inside	same_species_opposite_arrangement	120	0.215708364614	0.21536806853	2069.80833333
2L_0433_21600001_21650000	21600001	21650000	inside	different_species_same_arrangement	440	0.122554857914	0.10904426153	2074.84318182
2L_0433_21600001_21650000	21600001	21650000	inside	different_species_opposite_arrangement	582	0.22421869387	0.224465185631	2071.85738832
2L_0434_21650001_21700000	21650001	21700000	inside	same_species_same_arrangement	236	0.0671583825974	0.0675457481163	1880.14830508
2L_0434_21650001_21700000	21650001	21700000	inside	same_species_opposite_arrangement	120	0.190325123265	0.190250342591	1880.58333333
2L_0434_21650001_21700000	21650001	21700000	inside	different_species_same_arrangement	440	0.108458192066	0.097855227882	1876.73863636
2L_0434_21650001_21700000	21650001	21700000	inside	different_species_opposite_arrangement	582	0.197882733155	0.197872528249	1871.68041237
2L_0435_21700001_21750000	21700001	21750000	inside	same_species_same_arrangement	236	0.0669864040626	0.0668200150319	2255.34322034
2L_0435_21700001_21750000	21700001	21750000	inside	same_species_opposite_arrangement	120	0.211912012053	0.213164915264	2255.23333333
2L_0435_21700001_21750000	21700001	21750000	inside	different_species_same_arrangement	440	0.117639185089	0.101291184328	2253.46136364
2L_0435_21700001_21750000	21700001	21750000	inside	different_species_opposite_arrangement	582	0.218955660931	0.218672562448	2247.29896907
2L_0436_21750001_21800000	21750001	21800000	inside	same_species_same_arrangement	236	0.0695829346185	0.0708607552956	2085.47457627
2L_0436_21750001_21800000	21750001	21800000	inside	same_species_opposite_arrangement	120	0.223909899011	0.224021874352	2078.01666667
2L_0436_21750001_21800000	21750001	21800000	inside	different_species_same_arrangement	440	0.120986996744	0.104651271973	2082.53409091
2L_0436_21750001_21800000	21750001	21800000	inside	different_species_opposite_arrangement	582	0.227765394881	0.228178819301	2077.01030928
2L_0437_21800001_21850000	21800001	21850000	inside	same_species_same_arrangement	236	0.0711205939594	0.0721454453245	1644.79661017
2L_0437_21800001_21850000	21800001	21850000	inside	same_species_opposite_arrangement	120	0.19996650596	0.200333522639	1626.43333333
2L_0437_21800001_21850000	21800001	21850000	inside	different_species_same_arrangement	440	0.124107737784	0.103826976037	1635.87727273
2L_0437_21800001_21850000	21800001	21850000	inside	different_species_opposite_arrangement	582	0.213303776717	0.21322627098	1633.08762887
2L_0438_21850001_21900000	21850001	21900000	inside	same_species_same_arrangement	236	0.0655211299816	0.0664687626586	2207.61016949
2L_0438_21850001_21900000	21850001	21900000	inside	same_species_opposite_arrangement	120	0.210950320205	0.210894670035	2192.60833333
2L_0438_21850001_21900000	21850001	21900000	inside	different_species_same_arrangement	440	0.11320540337	0.0937217911659	2199
2L_0438_21850001_21900000	21850001	21900000	inside	different_species_opposite_arrangement	582	0.216413412264	0.216693300282	2197.80412371
2L_0439_21900001_21950000	21900001	21950000	inside	same_species_same_arrangement	236	0.068349739823	0.0664158936043	2395.72033898
2L_0439_21900001_21950000	21900001	21950000	inside	same_species_opposite_arrangement	120	0.214638480832	0.214330363786	2397.59166667
2L_0439_21900001_21950000	21900001	21950000	inside	different_species_same_arrangement	440	0.118382214946	0.103837796315	2393.60909091
2L_0439_21900001_21950000	21900001	21950000	inside	different_species_opposite_arrangement	582	0.222304579236	0.222752752527	2389.62199313
2L_0440_21950001_22000000	21950001	22000000	inside	same_species_same_arrangement	236	0.0649942200188	0.0658069355368	1854.33050847
2L_0440_21950001_22000000	21950001	22000000	inside	same_species_opposite_arrangement	120	0.213950171644	0.213917056575	1834.78333333
2L_0440_21950001_22000000	21950001	22000000	inside	different_species_same_arrangement	440	0.125767526438	0.109602357404	1845.02727273
2L_0440_21950001_22000000	21950001	22000000	inside	different_species_opposite_arrangement	582	0.227495340915	0.227910780906	1843.47079038
2L_0441_22000001_22050000	22000001	22050000	inside	same_species_same_arrangement	236	0.0699495020289	0.068842427333	1945.83474576
2L_0441_22000001_22050000	22000001	22050000	inside	same_species_opposite_arrangement	120	0.225445238971	0.225814663951	1932.63333333
2L_0441_22000001_22050000	22000001	22050000	inside	different_species_same_arrangement	440	0.124208757798	0.107986235288	1936.70681818
2L_0441_22000001_22050000	22000001	22050000	inside	different_species_opposite_arrangement	582	0.230104431788	0.230808583754	1930.70446735
2L_0442_22050001_22100000	22050001	22100000	inside	same_species_same_arrangement	236	0.0838882314153	0.0815229979968	2032.58474576
2L_0442_22050001_22100000	22050001	22100000	inside	same_species_opposite_arrangement	120	0.203631703736	0.204307230614	2026.45
2L_0442_22050001_22100000	22050001	22100000	inside	different_species_same_arrangement	440	0.127043397963	0.117901363126	2027.40909091
2L_0442_22050001_22100000	22050001	22100000	inside	different_species_opposite_arrangement	582	0.206112399715	0.2077777729	2024.90893471
2L_0443_22100001_22150000	22100001	22150000	inside	same_species_same_arrangement	236	0.0705606773353	0.0684687755746	1977.87711864
2L_0443_22100001_22150000	22100001	22150000	inside	same_species_opposite_arrangement	120	0.206778683603	0.208523599138	1974.15
2L_0443_22100001_22150000	22100001	22150000	inside	different_species_same_arrangement	440	0.11807027897	0.103634964351	1972.45454545
2L_0443_22100001_22150000	22100001	22150000	inside	different_species_opposite_arrangement	582	0.213389425511	0.215525831693	1967.97250859
2L_0444_22150001_22200000	22150001	22200000	inside	same_species_same_arrangement	236	0.0695175283791	0.070032513542	2101.45338983
2L_0444_22150001_22200000	22150001	22200000	inside	same_species_opposite_arrangement	120	0.199144175667	0.199639311794	2082.95
2L_0444_22150001_22200000	22150001	22200000	inside	different_species_same_arrangement	440	0.117744819322	0.101780902656	2096.15227273
2L_0444_22150001_22200000	22150001	22200000	inside	different_species_opposite_arrangement	582	0.201867395119	0.202796814883	2095.26632302
2L_0445_22200001_22250000	22200001	22250000	inside	same_species_same_arrangement	236	0.0703751107469	0.0709891150024	2130.25
2L_0445_22200001_22250000	22200001	22250000	inside	same_species_opposite_arrangement	120	0.201528893266	0.202344746449	2132.925
2L_0445_22200001_22250000	22200001	22250000	inside	different_species_same_arrangement	440	0.115087892993	0.103083996356	2125.90681818
2L_0445_22200001_22250000	22200001	22250000	inside	different_species_opposite_arrangement	582	0.207109938469	0.206337869372	2119.52233677
2L_0446_22250001_22300000	22250001	22300000	inside	same_species_same_arrangement	236	0.072875284311	0.0736001620023	2027.08898305
2L_0446_22250001_22300000	22250001	22300000	inside	same_species_opposite_arrangement	120	0.195356286664	0.195849995368	2023.89166667
2L_0446_22250001_22300000	22250001	22300000	inside	different_species_same_arrangement	440	0.133651794031	0.12607412428	2022.99772727
2L_0446_22250001_22300000	22250001	22300000	inside	different_species_opposite_arrangement	582	0.217464775122	0.219242361271	2019.86426117
2L_0447_22300001_22350000	22300001	22350000	inside	same_species_same_arrangement	236	0.083199651437	0.082981796094	2367.11016949
2L_0447_22300001_22350000	22300001	22350000	inside	same_species_opposite_arrangement	120	0.199619158898	0.200169381719	2380.49166667
2L_0447_22300001_22350000	22300001	22350000	inside	different_species_same_arrangement	440	0.127930544224	0.118222459332	2361.12727273
2L_0447_22300001_22350000	22300001	22350000	inside	different_species_opposite_arrangement	582	0.212166416733	0.212555908776	2351.32474227
2L_0448_22350001_22400000	22350001	22400000	inside	same_species_same_arrangement	236	0.0774853086011	0.0779669222074	2283.4279661
2L_0448_22350001_22400000	22350001	22400000	inside	same_species_opposite_arrangement	120	0.191239922126	0.191509612629	2285
2L_0448_22350001_22400000	22350001	22400000	inside	different_species_same_arrangement	440	0.125127038762	0.11061400335	2281.35
2L_0448_22350001_22400000	22350001	22400000	inside	different_species_opposite_arrangement	582	0.199442012723	0.201580729167	2275.45189003
2L_0449_22400001_22450000	22400001	22450000	inside	same_species_same_arrangement	236	0.0852961160136	0.0864309979182	1945.34745763
2L_0449_22400001_22450000	22400001	22450000	inside	same_species_opposite_arrangement	120	0.203860693509	0.207398554292	1939.19166667
2L_0449_22400001_22450000	22400001	22450000	inside	different_species_same_arrangement	440	0.135542811526	0.120040648264	1939.82272727
2L_0449_22400001_22450000	22400001	22450000	inside	different_species_opposite_arrangement	582	0.211247693224	0.21557518993	1938.31099656
2L_0450_22450001_22500000	22450001	22500000	inside	same_species_same_arrangement	236	0.082688402724	0.0815841971706	2116.62288136
2L_0450_22450001_22500000	22450001	22500000	inside	same_species_opposite_arrangement	120	0.2333469062	0.235662083364	2104.6
2L_0450_22450001_22500000	22450001	22500000	inside	different_species_same_arrangement	440	0.139737373491	0.125818615254	2109.15454545
2L_0450_22450001_22500000	22450001	22500000	inside	different_species_opposite_arrangement	582	0.241771021905	0.247341531495	2104.83161512
2L_0451_22500001_22550000	22500001	22550000	inside	same_species_same_arrangement	236	0.0768191968864	0.0763467384351	1298.30508475
2L_0451_22500001_22550000	22500001	22550000	inside	same_species_opposite_arrangement	120	0.235545894295	0.242888835716	1295.30833333
2L_0451_22500001_22550000	22500001	22550000	inside	different_species_same_arrangement	440	0.142409693606	0.120147715251	1294.12272727
2L_0451_22500001_22550000	22500001	22550000	inside	different_species_opposite_arrangement	582	0.253786604001	0.259533651298	1291.79553265
2L_0452_22550001_22600000	22550001	22600000	inside	same_species_same_arrangement	236	0.0882307015524	0.0896312432702	1876.46186441
2L_0452_22550001_22600000	22550001	22600000	inside	same_species_opposite_arrangement	120	0.248558424775	0.25020085699	1867.71666667
2L_0452_22550001_22600000	22550001	22600000	inside	different_species_same_arrangement	440	0.133482459659	0.111409411645	1870.46590909
2L_0452_22550001_22600000	22550001	22600000	inside	different_species_opposite_arrangement	582	0.26161206618	0.264807315845	1865.79725086
2L_0453_22600001_22650000	22600001	22650000	inside	same_species_same_arrangement	236	0.114372086547	0.110860822473	1235.04661017
2L_0453_22600001_22650000	22600001	22650000	inside	same_species_opposite_arrangement	120	0.282109410604	0.281908872447	1231.35833333
2L_0453_22600001_22650000	22600001	22650000	inside	different_species_same_arrangement	440	0.179829193368	0.174605186406	1234.78181818
2L_0453_22600001_22650000	22600001	22650000	inside	different_species_opposite_arrangement	582	0.305586407759	0.311324579664	1231.08419244
2L_0454_22650001_22700000	22650001	22700000	inside	same_species_same_arrangement	236	0.119358011809	0.100996345373	1253.52966102
2L_0454_22650001_22700000	22650001	22700000	inside	same_species_opposite_arrangement	120	0.222400184193	0.22151089249	1255.65
2L_0454_22650001_22700000	22650001	22700000	inside	different_species_same_arrangement	440	0.193318214041	0.148570024915	1249.39318182
2L_0454_22650001_22700000	22650001	22700000	inside	different_species_opposite_arrangement	582	0.304902503694	0.315400041856	1245.96735395
2L_0455_22700001_22750000	22700001	22750000	inside	same_species_same_arrangement	236	0.0968771993077	0.0972258179371	1798.66525424
2L_0455_22700001_22750000	22700001	22750000	inside	same_species_opposite_arrangement	120	0.221445431366	0.224177227626	1784.975
2L_0455_22700001_22750000	22700001	22750000	inside	different_species_same_arrangement	440	0.142137065073	0.119961962433	1790.18181818
2L_0455_22700001_22750000	22700001	22750000	inside	different_species_opposite_arrangement	582	0.235456072514	0.240939872768	1782.67869416
2L_0456_22750001_22800000	22750001	22800000	inside	same_species_same_arrangement	236	0.0906212101402	0.0901786867084	2008.00847458
2L_0456_22750001_22800000	22750001	22800000	inside	same_species_opposite_arrangement	120	0.209596844993	0.211868472948	2004.30833333
2L_0456_22750001_22800000	22750001	22800000	inside	different_species_same_arrangement	440	0.128345331336	0.117632618373	2006.62954545
2L_0456_22750001_22800000	22750001	22800000	inside	different_species_opposite_arrangement	582	0.219228372526	0.222706816645	1998.70103093
2L_0457_22800001_22850000	22800001	22850000	inside	same_species_same_arrangement	236	0.0821279112155	0.0827205835766	2181.77966102
2L_0457_22800001_22850000	22800001	22850000	inside	same_species_opposite_arrangement	120	0.186271275436	0.187155895736	2175.66666667
2L_0457_22800001_22850000	22800001	22850000	inside	different_species_same_arrangement	440	0.120586145383	0.105913520503	2175.76818182
2L_0457_22800001_22850000	22800001	22850000	inside	different_species_opposite_arrangement	582	0.185824366294	0.188018473989	2167.64089347
2L_0458_22850001_22900000	22850001	22900000	inside	same_species_same_arrangement	236	0.0788199374703	0.0793024125706	2136.09745763
2L_0458_22850001_22900000	22850001	22900000	inside	same_species_opposite_arrangement	120	0.187500999251	0.188803415764	2127.90833333
2L_0458_22850001_22900000	22850001	22900000	inside	different_species_same_arrangement	440	0.114223352021	0.0989877901754	2127.29772727
2L_0458_22850001_22900000	22850001	22900000	inside	different_species_opposite_arrangement	582	0.193428825421	0.195493406319	2124.61340206
2L_0459_22900001_22950000	22900001	22950000	inside	same_species_same_arrangement	236	0.078306683882	0.0786760879073	2121.55932203
2L_0459_22900001_22950000	22900001	22950000	inside	same_species_opposite_arrangement	120	0.178140510264	0.178639832339	2110.69166667
2L_0459_22900001_22950000	22900001	22950000	inside	different_species_same_arrangement	440	0.114221632557	0.101156857325	2117.68409091
2L_0459_22900001_22950000	22900001	22950000	inside	different_species_opposite_arrangement	582	0.189237380827	0.189785067833	2113.39003436
2L_0460_22950001_23000000	22950001	23000000	inside	same_species_same_arrangement	236	0.0794855351022	0.0804158098249	2306.1440678
2L_0460_22950001_23000000	22950001	23000000	inside	same_species_opposite_arrangement	120	0.195114078815	0.195562780322	2308.54166667
2L_0460_22950001_23000000	22950001	23000000	inside	different_species_same_arrangement	440	0.11668478841	0.1034332247	2303.59090909
2L_0460_22950001_23000000	22950001	23000000	inside	different_species_opposite_arrangement	582	0.199561483537	0.19993496896	2298.63573883
2L_0461_23000001_23050000	23000001	23050000	inside	same_species_same_arrangement	236	0.075652564656	0.0762344850948	2166.91525424
2L_0461_23000001_23050000	23000001	23050000	inside	same_species_opposite_arrangement	120	0.185961951568	0.185815491608	2167.65833333
2L_0461_23000001_23050000	23000001	23050000	inside	different_species_same_arrangement	440	0.113825571475	0.103404081816	2159.56363636
2L_0461_23000001_23050000	23000001	23050000	inside	different_species_opposite_arrangement	582	0.19257769617	0.192720622062	2153.39690722
2L_0462_23050001_23100000	23050001	23100000	inside	same_species_same_arrangement	236	0.0789643973349	0.0803988868095	2041.71186441
2L_0462_23050001_23100000	23050001	23100000	inside	same_species_opposite_arrangement	120	0.207452162599	0.208139801676	2036.08333333
2L_0462_23050001_23100000	23050001	23100000	inside	different_species_same_arrangement	440	0.118455109902	0.111573878966	2035.64545455
2L_0462_23050001_23100000	23050001	23100000	inside	different_species_opposite_arrangement	582	0.21592192138	0.215824194345	2030.3814433
2L_0463_23100001_23150000	23100001	23150000	inside	same_species_same_arrangement	236	0.0801377387439	0.0804772836839	1959.61440678
2L_0463_23100001_23150000	23100001	23150000	inside	same_species_opposite_arrangement	120	0.187935273486	0.190413633328	1944.74166667
2L_0463_23100001_23150000	23100001	23150000	inside	different_species_same_arrangement	440	0.130843376618	0.112270822963	1952.48181818
2L_0463_23100001_23150000	23100001	23150000	inside	different_species_opposite_arrangement	582	0.198280511315	0.201746982349	1951.5532646
2L_0464_23150001_23200000	23150001	23200000	inside	same_species_same_arrangement	236	0.0826573852683	0.0813532996256	1811.8559322
2L_0464_23150001_23200000	23150001	23200000	inside	same_species_opposite_arrangement	120	0.18974558643	0.191183283464	1809.04166667
2L_0464_23150001_23200000	23150001	23200000	inside	different_species_same_arrangement	440	0.129895805787	0.117737203496	1807.42727273
2L_0464_23150001_23200000	23150001	23200000	inside	different_species_opposite_arrangement	582	0.205454612405	0.210533664861	1801.60996564
2L_0465_23200001_23250000	23200001	23250000	inside	same_species_same_arrangement	236	0.0812341013513	0.0813831502794	1843.82627119
2L_0465_23200001_23250000	23200001	23250000	inside	same_species_opposite_arrangement	120	0.175403801972	0.176802787231	1832.36666667
2L_0465_23200001_23250000	23200001	23250000	inside	different_species_same_arrangement	440	0.122658104337	0.112217031365	1839.41818182
2L_0465_23200001_23250000	23200001	23250000	inside	different_species_opposite_arrangement	582	0.187984795586	0.191341079733	1838.53092784
2L_0466_23250001_23300000	23250001	23300000	inside	same_species_same_arrangement	236	0.0791364149978	0.0769519375651	2011.48305085
2L_0466_23250001_23300000	23250001	23300000	inside	same_species_opposite_arrangement	120	0.20853334505	0.209371159466	2008.25833333
2L_0466_23250001_23300000	23250001	23300000	inside	different_species_same_arrangement	440	0.119800866631	0.110022302966	2007.83409091
2L_0466_23250001_23300000	23250001	23300000	inside	different_species_opposite_arrangement	582	0.213868905861	0.2162027833	2003.57560137
2L_0467_23300001_23350000	23300001	23350000	inside	same_species_same_arrangement	236	0.0802201133104	0.0804375672199	1945.8220339
2L_0467_23300001_23350000	23300001	23350000	inside	same_species_opposite_arrangement	120	0.197097423967	0.198759367274	1939.075
2L_0467_23300001_23350000	23300001	23350000	inside	different_species_same_arrangement	440	0.118386187566	0.109034367856	1934.82045455
2L_0467_23300001_23350000	23300001	23350000	inside	different_species_opposite_arrangement	582	0.203321709582	0.205144915911	1927.54639175
2L_0468_23350001_23400000	23350001	23400000	inside	same_species_same_arrangement	236	0.0758638896068	0.077976973667	1955.05084746
2L_0468_23350001_23400000	23350001	23400000	inside	same_species_opposite_arrangement	120	0.187735457142	0.188765886533	1948.50833333
2L_0468_23350001_23400000	23350001	23400000	inside	different_species_same_arrangement	440	0.114827004298	0.0970648621087	1953.53636364
2L_0468_23350001_23400000	23350001	23400000	inside	different_species_opposite_arrangement	582	0.196502044351	0.198661827652	1947.74398625
2L_0469_23400001_23450000	23400001	23450000	inside	same_species_same_arrangement	236	0.0784419963151	0.0780365256545	2054.31779661
2L_0469_23400001_23450000	23400001	23450000	inside	same_species_opposite_arrangement	120	0.192112978657	0.19714083534	2049.1
2L_0469_23400001_23450000	23400001	23450000	inside	different_species_same_arrangement	440	0.12222502665	0.104589277109	2050.95
2L_0469_23400001_23450000	23400001	23450000	inside	different_species_opposite_arrangement	582	0.203160251171	0.206808188834	2047.77147766
2L_0470_23450001_23500000	23450001	23500000	inside	same_species_same_arrangement	236	0.0888963420501	0.086510617006	1862.46610169
2L_0470_23450001_23500000	23450001	23500000	inside	same_species_opposite_arrangement	120	0.181247245712	0.183795206034	1846.81666667
2L_0470_23450001_23500000	23450001	23500000	inside	different_species_same_arrangement	440	0.127955223689	0.120063925046	1855.69772727
2L_0470_23450001_23500000	23450001	23500000	inside	different_species_opposite_arrangement	582	0.192073521029	0.195383336235	1852.07560137
2L_0471_23500001_23550000	23500001	23550000	inside	same_species_same_arrangement	236	0.0831948693852	0.0805555470059	1693.50847458
2L_0471_23500001_23550000	23500001	23550000	inside	same_species_opposite_arrangement	120	0.194467746773	0.195025061875	1676.83333333
2L_0471_23500001_23550000	23500001	23550000	inside	different_species_same_arrangement	440	0.121441930577	0.102677201888	1687.65909091
2L_0471_23500001_23550000	23500001	23550000	inside	different_species_opposite_arrangement	582	0.199410469983	0.202520303072	1685.55670103
2L_0472_23550001_23600000	23550001	23600000	inside	same_species_same_arrangement	236	0.0813444650039	0.0810020291596	1971.63983051
2L_0472_23550001_23600000	23550001	23600000	inside	same_species_opposite_arrangement	120	0.203430556146	0.203101249448	1972.74166667
2L_0472_23550001_23600000	23550001	23600000	inside	different_species_same_arrangement	440	0.121666388629	0.101540282236	1968.31818182
2L_0472_23550001_23600000	23550001	23600000	inside	different_species_opposite_arrangement	582	0.210107669025	0.212496662387	1963.41752577
2L_0473_23600001_23650000	23600001	23650000	inside	same_species_same_arrangement	236	0.072169671172	0.0720692159953	1575.05508475
2L_0473_23600001_23650000	23600001	23650000	inside	same_species_opposite_arrangement	120	0.212330788959	0.211146785325	1572.725
2L_0473_23600001_23650000	23600001	23650000	inside	different_species_same_arrangement	440	0.114605081194	0.0949936301745	1570.49772727
2L_0473_23600001_23650000	23600001	23650000	inside	different_species_opposite_arrangement	582	0.211536801222	0.214673382173	1569.31443299
2L_0474_23650001_23700000	23650001	23700000	inside	same_species_same_arrangement	236	0.0780888256079	0.0757273586099	1760.88983051
2L_0474_23650001_23700000	23650001	23700000	inside	same_species_opposite_arrangement	120	0.220111555803	0.220571586986	1754.65
2L_0474_23650001_23700000	23650001	23700000	inside	different_species_same_arrangement	440	0.131375091693	0.111094974457	1756.58863636
2L_0474_23650001_23700000	23650001	23700000	inside	different_species_opposite_arrangement	582	0.227312500918	0.230955813737	1754.82989691
2L_0475_23700001_23750000	23700001	23750000	inside	same_species_same_arrangement	236	0.0694384922305	0.0686951277387	1873.40254237
2L_0475_23700001_23750000	23700001	23750000	inside	same_species_opposite_arrangement	120	0.227832192791	0.227893884326	1871.38333333
2L_0475_23700001_23750000	23700001	23750000	inside	different_species_same_arrangement	440	0.120760992808	0.106323351193	1867.57727273
2L_0475_23700001_23750000	23700001	23750000	inside	different_species_opposite_arrangement	582	0.229742066618	0.233279828785	1864.31271478
2L_0476_23750001_23800000	23750001	23800000	inside	same_species_same_arrangement	236	0.0732288510515	0.0707996028174	2176.66949153
2L_0476_23750001_23800000	23750001	23800000	inside	same_species_opposite_arrangement	120	0.210547623893	0.211693106615	2167.475
2L_0476_23750001_23800000	23750001	23800000	inside	different_species_same_arrangement	440	0.117534401861	0.0933736162372	2168.92045455
2L_0476_23750001_23800000	23750001	23800000	inside	different_species_opposite_arrangement	582	0.209737205157	0.214915473338	2164.22680412
2L_0477_23800001_23850000	23800001	23850000	inside	same_species_same_arrangement	236	0.0869055234419	0.0824161922834	1985.84322034
2L_0477_23800001_23850000	23800001	23850000	inside	same_species_opposite_arrangement	120	0.193286620785	0.192676827388	1973.075
2L_0477_23800001_23850000	23800001	23850000	inside	different_species_same_arrangement	440	0.13691520852	0.128182680411	1976.16136364
2L_0477_23800001_23850000	23800001	23850000	inside	different_species_opposite_arrangement	582	0.20648676277	0.210173647645	1972.67697595
2L_0478_23850001_23900000	23850001	23900000	inside	same_species_same_arrangement	236	0.0789244991356	0.0778958170155	1749.90677966
2L_0478_23850001_23900000	23850001	23900000	inside	same_species_opposite_arrangement	120	0.214001579512	0.213570024942	1743.325
2L_0478_23850001_23900000	23850001	23900000	inside	different_species_same_arrangement	440	0.135338700919	0.121212131308	1745.45
2L_0478_23850001_23900000	23850001	23900000	inside	different_species_opposite_arrangement	582	0.225124817069	0.228951551714	1742.62886598
2L_0479_23900001_23950000	23900001	23950000	inside	same_species_same_arrangement	236	0.0782236983124	0.0757976496046	1873.6779661
2L_0479_23900001_23950000	23900001	23950000	inside	same_species_opposite_arrangement	120	0.196557262709	0.196399984754	1862.10833333
2L_0479_23900001_23950000	23900001	23950000	inside	different_species_same_arrangement	440	0.128191703864	0.107615184477	1864.14090909
2L_0479_23900001_23950000	23900001	23950000	inside	different_species_opposite_arrangement	582	0.202230994303	0.204472875156	1865.51890034
2L_0480_23950001_24000000	23950001	24000000	inside	same_species_same_arrangement	236	0.0863863078667	0.0833609088904	1495.74576271
2L_0480_23950001_24000000	23950001	24000000	inside	same_species_opposite_arrangement	120	0.199818806014	0.201100965266	1495.03333333
2L_0480_23950001_24000000	23950001	24000000	inside	different_species_same_arrangement	440	0.12686377544	0.112383798141	1488.68409091
2L_0480_23950001_24000000	23950001	24000000	inside	different_species_opposite_arrangement	582	0.205667245446	0.21009110045	1486.83676976
2L_0481_24000001_24050000	24000001	24050000	inside	same_species_same_arrangement	236	0.0794821373606	0.0767841120426	1936.70762712
2L_0481_24000001_24050000	24000001	24050000	inside	same_species_opposite_arrangement	120	0.205730270306	0.205882243307	1935.56666667
2L_0481_24000001_24050000	24000001	24050000	inside	different_species_same_arrangement	440	0.1225674504	0.102504471986	1935.38636364
2L_0481_24000001_24050000	24000001	24050000	inside	different_species_opposite_arrangement	582	0.210851402128	0.216359872012	1934.12542955
2L_0482_24050001_24100000	24050001	24100000	inside	same_species_same_arrangement	236	0.0818521996392	0.0789695168886	1758.12288136
2L_0482_24050001_24100000	24050001	24100000	inside	same_species_opposite_arrangement	120	0.213947166203	0.214285584451	1746.86666667
2L_0482_24050001_24100000	24050001	24100000	inside	different_species_same_arrangement	440	0.125889972109	0.107438564234	1750.41818182
2L_0482_24050001_24100000	24050001	24100000	inside	different_species_opposite_arrangement	582	0.217376634989	0.222619283608	1747.44329897
2L_0483_24100001_24150000	24100001	24150000	inside	same_species_same_arrangement	236	0.0814681671227	0.0779506330095	1896.96610169
2L_0483_24100001_24150000	24100001	24150000	inside	same_species_opposite_arrangement	120	0.205565210915	0.209047983523	1883.78333333
2L_0483_24100001_24150000	24100001	24150000	inside	different_species_same_arrangement	440	0.127474894638	0.107946676338	1889.15
2L_0483_24100001_24150000	24100001	24150000	inside	different_species_opposite_arrangement	582	0.208154112105	0.21676757884	1887.15120275
2L_0484_24150001_24200000	24150001	24200000	inside	same_species_same_arrangement	236	0.0746378860794	0.0714811274448	2012.17372881
2L_0484_24150001_24200000	24150001	24200000	inside	same_species_opposite_arrangement	120	0.205935908197	0.209500896341	1996.53333333
2L_0484_24150001_24200000	24150001	24200000	inside	different_species_same_arrangement	440	0.119529279058	0.0994020778317	2004.55454545
2L_0484_24150001_24200000	24150001	24200000	inside	different_species_opposite_arrangement	582	0.198862766378	0.206646731833	2003.31099656
2L_0485_24200001_24250000	24200001	24250000	inside	same_species_same_arrangement	236	0.0704466362136	0.067242281528	1752.65677966
2L_0485_24200001_24250000	24200001	24250000	inside	same_species_opposite_arrangement	120	0.194954750907	0.19849308848	1728.75
2L_0485_24200001_24250000	24200001	24250000	inside	different_species_same_arrangement	440	0.118030489445	0.0969134714635	1745.86590909
2L_0485_24200001_24250000	24200001	24250000	inside	different_species_opposite_arrangement	582	0.192297075238	0.199658068766	1746.71821306
2L_0486_24250001_24300000	24250001	24300000	inside	same_species_same_arrangement	236	0.0757026456559	0.0717586433033	2049.61016949
2L_0486_24250001_24300000	24250001	24300000	inside	same_species_opposite_arrangement	120	0.204683460019	0.207840874966	2048.73333333
2L_0486_24250001_24300000	24250001	24300000	inside	different_species_same_arrangement	440	0.119409491613	0.0956820642537	2045.20681818
2L_0486_24250001_24300000	24250001	24300000	inside	different_species_opposite_arrangement	582	0.204032116487	0.212448429545	2040.76116838
2L_0487_24300001_24350000	24300001	24350000	inside	same_species_same_arrangement	236	0.0781577798889	0.0763114415786	2006.75847458
2L_0487_24300001_24350000	24300001	24350000	inside	same_species_opposite_arrangement	120	0.206594525436	0.207690298885	2004.86666667
2L_0487_24300001_24350000	24300001	24350000	inside	different_species_same_arrangement	440	0.121971028693	0.105759608414	2005.46590909
2L_0487_24300001_24350000	24300001	24350000	inside	different_species_opposite_arrangement	582	0.204292961231	0.210387877278	2001.19931271
2L_0488_24350001_24400000	24350001	24400000	inside	same_species_same_arrangement	236	0.0803405536244	0.078870161207	2043.44491525
2L_0488_24350001_24400000	24350001	24400000	inside	same_species_opposite_arrangement	120	0.179517889562	0.181145014437	2038.925
2L_0488_24350001_24400000	24350001	24400000	inside	different_species_same_arrangement	440	0.117574527846	0.102636713365	2040.87272727
2L_0488_24350001_24400000	24350001	24400000	inside	different_species_opposite_arrangement	582	0.18601440493	0.191273516812	2039.11168385
2L_0489_24400001_24450000	24400001	24450000	inside	same_species_same_arrangement	236	0.0812936671213	0.0775617875456	1872.51271186
2L_0489_24400001_24450000	24400001	24450000	inside	same_species_opposite_arrangement	120	0.188942955074	0.194185480286	1873.76666667
2L_0489_24400001_24450000	24400001	24450000	inside	different_species_same_arrangement	440	0.128838917577	0.101041155947	1869.96818182
2L_0489_24400001_24450000	24400001	24450000	inside	different_species_opposite_arrangement	582	0.208671323874	0.212717531306	1866.13745704
2L_0490_24450001_24500000	24450001	24500000	inside	same_species_same_arrangement	236	0.0841357711317	0.0739211882162	1927.88559322
2L_0490_24450001_24500000	24450001	24500000	inside	same_species_opposite_arrangement	120	0.204181938451	0.212011754038	1926.025
2L_0490_24450001_24500000	24450001	24500000	inside	different_species_same_arrangement	440	0.123872337388	0.10906242785	1920.27954545
2L_0490_24450001_24500000	24450001	24500000	inside	different_species_opposite_arrangement	582	0.20960754964	0.219351193779	1916.9467354
2L_0491_24500001_24550000	24500001	24550000	inside	same_species_same_arrangement	236	0.080435940623	0.0667626282002	2063.60169492
2L_0491_24500001_24550000	24500001	24550000	inside	same_species_opposite_arrangement	120	0.217843348563	0.226708244696	2054.575
2L_0491_24500001_24550000	24500001	24550000	inside	different_species_same_arrangement	440	0.129714830998	0.114641239052	2057.80909091
2L_0491_24500001_24550000	24500001	24550000	inside	different_species_opposite_arrangement	582	0.225869530495	0.236809937473	2055.99484536
2L_0492_24550001_24600000	24550001	24600000	inside	same_species_same_arrangement	236	0.0888441130632	0.0821460733696	2075.17372881
2L_0492_24550001_24600000	24550001	24600000	inside	same_species_opposite_arrangement	120	0.18907339618	0.197431380797	2069.03333333
2L_0492_24550001_24600000	24550001	24600000	inside	different_species_same_arrangement	440	0.129218977191	0.121903715954	2071.49545455
2L_0492_24550001_24600000	24550001	24600000	inside	different_species_opposite_arrangement	582	0.195080486965	0.204336229591	2067.70274914
2L_0493_24600001_24650000	24600001	24650000	inside	same_species_same_arrangement	236	0.0883176352078	0.0830058412182	2044.91949153
2L_0493_24600001_24650000	24600001	24650000	inside	same_species_opposite_arrangement	120	0.191123540547	0.198030784749	2040.94166667
2L_0493_24600001_24650000	24600001	24650000	inside	different_species_same_arrangement	440	0.13668370726	0.123681448269	2042.975
2L_0493_24600001_24650000	24600001	24650000	inside	different_species_opposite_arrangement	582	0.203147376974	0.211023804712	2040.97250859
2L_0494_24650001_24700000	24650001	24700000	inside	same_species_same_arrangement	236	0.0871808114172	0.0830162703006	1840.13135593
2L_0494_24650001_24700000	24650001	24700000	inside	same_species_opposite_arrangement	120	0.187493333238	0.194166881075	1838.59166667
2L_0494_24650001_24700000	24650001	24700000	inside	different_species_same_arrangement	440	0.131412600368	0.110635594203	1831.75909091
2L_0494_24650001_24700000	24650001	24700000	inside	different_species_opposite_arrangement	582	0.202463359577	0.208355855856	1827.28178694
2L_0495_24700001_24750000	24700001	24750000	inside	same_species_same_arrangement	236	0.0801353201436	0.0740451293341	1973.12711864
2L_0495_24700001_24750000	24700001	24750000	inside	same_species_opposite_arrangement	120	0.212599966363	0.216095144854	1967.14166667
2L_0495_24700001_24750000	24700001	24750000	inside	different_species_same_arrangement	440	0.126474930658	0.114604291386	1964.10454545
2L_0495_24700001_24750000	24700001	24750000	inside	different_species_opposite_arrangement	582	0.215823639496	0.223121721701	1961.8024055
2L_0496_24750001_24800000	24750001	24800000	inside	same_species_same_arrangement	236	0.0720127969458	0.069629517097	2078.95338983
2L_0496_24750001_24800000	24750001	24800000	inside	same_species_opposite_arrangement	120	0.23673687841	0.237292779523	2074.28333333
2L_0496_24750001_24800000	24750001	24800000	inside	different_species_same_arrangement	440	0.123690382332	0.101819002031	2073.35681818
2L_0496_24750001_24800000	24750001	24800000	inside	different_species_opposite_arrangement	582	0.235574506667	0.23939541687	2067.75429553
2L_0497_24800001_24850000	24800001	24850000	inside	same_species_same_arrangement	236	0.0730859286608	0.0692962868028	2166.58050847
2L_0497_24800001_24850000	24800001	24850000	inside	same_species_opposite_arrangement	120	0.21472795438	0.214696318343	2167.025
2L_0497_24800001_24850000	24800001	24850000	inside	different_species_same_arrangement	440	0.124105513109	0.106412359954	2161.34318182
2L_0497_24800001_24850000	24800001	24850000	inside	different_species_opposite_arrangement	582	0.220383141233	0.224617959601	2153.86254296
2L_0498_24850001_24900000	24850001	24900000	inside	same_species_same_arrangement	236	0.0780030532313	0.0742788680427	2265.15254237
2L_0498_24850001_24900000	24850001	24900000	inside	same_species_opposite_arrangement	120	0.226360235344	0.225997494694	2253.44166667
2L_0498_24850001_24900000	24850001	24900000	inside	different_species_same_arrangement	440	0.126481685994	0.106696195105	2250.85
2L_0498_24850001_24900000	24850001	24900000	inside	different_species_opposite_arrangement	582	0.223767050896	0.226946407716	2244.5257732
2L_0499_24900001_24950000	24900001	24950000	inside	same_species_same_arrangement	236	0.0821011193278	0.0771464126187	1950.11440678
2L_0499_24900001_24950000	24900001	24950000	inside	same_species_opposite_arrangement	120	0.213436087299	0.213752265949	1950.21666667
2L_0499_24900001_24950000	24900001	24950000	inside	different_species_same_arrangement	440	0.133128725561	0.116385911179	1944.53181818
2L_0499_24900001_24950000	24900001	24950000	inside	different_species_opposite_arrangement	582	0.226543996468	0.228647952948	1934.32302405
2L_0500_24950001_25000000	24950001	25000000	inside	same_species_same_arrangement	236	0.0760310889562	0.0696706366052	1948.19491525
2L_0500_24950001_25000000	24950001	25000000	inside	same_species_opposite_arrangement	120	0.201977936385	0.200305040929	1943.31666667
2L_0500_24950001_25000000	24950001	25000000	inside	different_species_same_arrangement	440	0.139230045244	0.115482324736	1936.70454545
2L_0500_24950001_25000000	24950001	25000000	inside	different_species_opposite_arrangement	582	0.229241720427	0.228054362735	1929.37800687
2L_0501_25000001_25050000	25000001	25050000	inside	same_species_same_arrangement	236	0.0755724628876	0.0704672243668	2025.77118644
2L_0501_25000001_25050000	25000001	25050000	inside	same_species_opposite_arrangement	120	0.226234290004	0.227362480824	2017.78333333
2L_0501_25000001_25050000	25000001	25050000	inside	different_species_same_arrangement	440	0.127494327956	0.107414782619	2019.81818182
2L_0501_25000001_25050000	25000001	25050000	inside	different_species_opposite_arrangement	582	0.231519874188	0.236190836191	2016.4347079
2L_0502_25050001_25100000	25050001	25100000	inside	same_species_same_arrangement	236	0.078306363499	0.073551756331	2068.16101695
2L_0502_25050001_25100000	25050001	25100000	inside	same_species_opposite_arrangement	120	0.234260108925	0.236539322214	2049.125
2L_0502_25050001_25100000	25050001	25100000	inside	different_species_same_arrangement	440	0.128472615038	0.102434207572	2063.70227273
2L_0502_25050001_25100000	25050001	25100000	inside	different_species_opposite_arrangement	582	0.236909072996	0.244271081827	2058.64089347
2L_0503_25100001_25150000	25100001	25150000	inside	same_species_same_arrangement	236	0.0775005845802	0.0725403042767	2073.75
2L_0503_25100001_25150000	25100001	25150000	inside	same_species_opposite_arrangement	120	0.221746140517	0.223668415065	2074.65
2L_0503_25100001_25150000	25100001	25150000	inside	different_species_same_arrangement	440	0.128279139518	0.106398382249	2070.95
2L_0503_25100001_25150000	25100001	25150000	inside	different_species_opposite_arrangement	582	0.216853546138	0.222571316901	2066.15120275
2L_0504_25150001_25200000	25150001	25200000	inside	same_species_same_arrangement	236	0.0745794955321	0.0701907161693	2315.57627119
2L_0504_25150001_25200000	25150001	25200000	inside	same_species_opposite_arrangement	120	0.219738004695	0.220839879661	2283.11666667
2L_0504_25150001_25200000	25150001	25200000	inside	different_species_same_arrangement	440	0.135353806463	0.112586826722	2307.09090909
2L_0504_25150001_25200000	25150001	25200000	inside	different_species_opposite_arrangement	582	0.225536526639	0.231495589981	2303.74226804
2L_0505_25200001_25250000	25200001	25250000	inside	same_species_same_arrangement	236	0.0750495839319	0.0737287037234	2218.03389831
2L_0505_25200001_25250000	25200001	25250000	inside	same_species_opposite_arrangement	120	0.218142793034	0.220970241866	2170.71666667
2L_0505_25200001_25250000	25200001	25250000	inside	different_species_same_arrangement	440	0.136519007875	0.118600526751	2199.15909091
2L_0505_25200001_25250000	25200001	25250000	inside	different_species_opposite_arrangement	582	0.223334712018	0.227478701101	2201.05670103
2L_0506_25250001_25300000	25250001	25300000	inside	same_species_same_arrangement	236	0.0719028495225	0.0721795867944	2261.6440678
2L_0506_25250001_25300000	25250001	25300000	inside	same_species_opposite_arrangement	120	0.217920100997	0.218071573923	2260.75
2L_0506_25250001_25300000	25250001	25300000	inside	different_species_same_arrangement	440	0.131713699631	0.114910948314	2255.17045455
2L_0506_25250001_25300000	25250001	25300000	inside	different_species_opposite_arrangement	582	0.220319845665	0.223345829867	2249.54295533
2L_0507_25300001_25350000	25300001	25350000	inside	same_species_same_arrangement	236	0.0698653751548	0.0711847927822	1605.55084746
2L_0507_25300001_25350000	25300001	25350000	inside	same_species_opposite_arrangement	120	0.22504539327	0.224883419438	1605.725
2L_0507_25300001_25350000	25300001	25350000	inside	different_species_same_arrangement	440	0.135841585203	0.127909679352	1601.38636364
2L_0507_25300001_25350000	25300001	25350000	inside	different_species_opposite_arrangement	582	0.233277794978	0.236692865286	1595.30068729
2L_0508_25350001_25400000	25350001	25400000	inside	same_species_same_arrangement	236	0.0663206419767	0.0665623945455	1774.01694915
2L_0508_25350001_25400000	25350001	25400000	inside	same_species_opposite_arrangement	120	0.264372561192	0.264210180556	1760.425
2L_0508_25350001_25400000	25350001	25400000	inside	different_species_same_arrangement	440	0.135363058716	0.116426806092	1756.26136364
2L_0508_25350001_25400000	25350001	25400000	inside	different_species_opposite_arrangement	582	0.269418149052	0.27501438435	1752.75429553
2L_0509_25400001_25450000	25400001	25450000	inside	same_species_same_arrangement	236	0.0832152582095	0.079655004703	1722.94915254
2L_0509_25400001_25450000	25400001	25450000	inside	same_species_opposite_arrangement	120	0.286319270473	0.300467475109	1716.6
2L_0509_25400001_25450000	25400001	25450000	inside	different_species_same_arrangement	440	0.140670550965	0.112224111493	1718.42727273
2L_0509_25400001_25450000	25400001	25450000	inside	different_species_opposite_arrangement	582	0.285179933223	0.297088774652	1714.83161512
2L_0510_25450001_25500000	25450001	25500000	inside	same_species_same_arrangement	236	0.0855984376733	0.083009768467	1664.19915254
2L_0510_25450001_25500000	25450001	25500000	inside	same_species_opposite_arrangement	120	0.221159699205	0.231815719271	1646.6
2L_0510_25450001_25500000	25450001	25500000	inside	different_species_same_arrangement	440	0.141826163911	0.1383028851	1656.4
2L_0510_25450001_25500000	25450001	25500000	inside	different_species_opposite_arrangement	582	0.222222972926	0.237167615174	1656.11168385
2L_0511_25500001_25550000	25500001	25550000	inside	same_species_same_arrangement	236	0.091490981776	0.0940697303656	1728.56355932
2L_0511_25500001_25550000	25500001	25550000	inside	same_species_opposite_arrangement	120	0.213700282628	0.219694806582	1721.98333333
2L_0511_25500001_25550000	25500001	25550000	inside	different_species_same_arrangement	440	0.140708925182	0.120167296643	1721.82954545
2L_0511_25500001_25550000	25500001	25550000	inside	different_species_opposite_arrangement	582	0.212245742285	0.227797001153	1719.41924399
2L_0512_25550001_25600000	25550001	25600000	inside	same_species_same_arrangement	236	0.0832564139283	0.0804085001039	1664.00423729
2L_0512_25550001_25600000	25550001	25600000	inside	same_species_opposite_arrangement	120	0.235554973881	0.235931300879	1651.96666667
2L_0512_25550001_25600000	25550001	25600000	inside	different_species_same_arrangement	440	0.133949120985	0.117772226025	1655.39545455
2L_0512_25550001_25600000	25550001	25600000	inside	different_species_opposite_arrangement	582	0.232881049211	0.244522197196	1654.39175258
2L_0513_25600001_25650000	25600001	25650000	inside	same_species_same_arrangement	236	0.0801448755699	0.0801528191548	1699.44915254
2L_0513_25600001_25650000	25600001	25650000	inside	same_species_opposite_arrangement	120	0.225377338567	0.226478275656	1687.1
2L_0513_25600001_25650000	25600001	25650000	inside	different_species_same_arrangement	440	0.12991411319	0.11312009455	1691.20454545
2L_0513_25600001_25650000	25600001	25650000	inside	different_species_opposite_arrangement	582	0.227127609716	0.232238004431	1690.07216495
2L_0514_25650001_25700000	25650001	25700000	inside	same_species_same_arrangement	236	0.0800992760484	0.0803207029825	1841.02118644
2L_0514_25650001_25700000	25650001	25700000	inside	same_species_opposite_arrangement	120	0.218758833795	0.218579146857	1816.975
2L_0514_25650001_25700000	25650001	25700000	inside	different_species_same_arrangement	440	0.132886791465	0.120146656735	1831.85
2L_0514_25650001_25700000	25650001	25700000	inside	different_species_opposite_arrangement	582	0.228341869366	0.233009688966	1832.66323024
2L_0515_25700001_25750000	25700001	25750000	inside	same_species_same_arrangement	236	0.0750675251635	0.0752079503795	2040.55084746
2L_0515_25700001_25750000	25700001	25750000	inside	same_species_opposite_arrangement	120	0.230386643923	0.232566978961	2028.40833333
2L_0515_25700001_25750000	25700001	25750000	inside	different_species_same_arrangement	440	0.134379312655	0.110356181932	2032.35227273
2L_0515_25700001_25750000	25700001	25750000	inside	different_species_opposite_arrangement	582	0.231092456621	0.235272390362	2028.4862543
2L_0516_25750001_25800000	25750001	25800000	inside	same_species_same_arrangement	236	0.0786259726209	0.0794875356394	2112.93644068
2L_0516_25750001_25800000	25750001	25800000	inside	same_species_opposite_arrangement	120	0.207952873635	0.209058415729	2102.80833333
2L_0516_25750001_25800000	25750001	25800000	inside	different_species_same_arrangement	440	0.127094394587	0.111851948007	2101.55
2L_0516_25750001_25800000	25750001	25800000	inside	different_species_opposite_arrangement	582	0.215859536323	0.219045311148	2099.78865979
2L_0517_25800001_25850000	25800001	25850000	inside	same_species_same_arrangement	236	0.0785920348062	0.0799997076738	2124.06355932
2L_0517_25800001_25850000	25800001	25850000	inside	same_species_opposite_arrangement	120	0.215209324863	0.21522797438	2119.26666667
2L_0517_25800001_25850000	25800001	25850000	inside	different_species_same_arrangement	440	0.130920791975	0.110394234767	2117.34545455
2L_0517_25800001_25850000	25800001	25850000	inside	different_species_opposite_arrangement	582	0.21986556588	0.221266387933	2110.44158076
2L_0518_25850001_25900000	25850001	25900000	inside	same_species_same_arrangement	236	0.0735070917985	0.074975537575	2040.71186441
2L_0518_25850001_25900000	25850001	25900000	inside	same_species_opposite_arrangement	120	0.209853674146	0.20999733884	2035.475
2L_0518_25850001_25900000	25850001	25900000	inside	different_species_same_arrangement	440	0.127579817433	0.105987265751	2030.34090909
2L_0518_25850001_25900000	25850001	25900000	inside	different_species_opposite_arrangement	582	0.210001585175	0.213182074036	2024.20103093
2L_0519_25900001_25950000	25900001	25950000	inside	same_species_same_arrangement	236	0.0802288729472	0.0792932679754	2033.79661017
2L_0519_25900001_25950000	25900001	25950000	inside	same_species_opposite_arrangement	120	0.207821311167	0.207540876634	2004.94166667
2L_0519_25900001_25950000	25900001	25950000	inside	different_species_same_arrangement	440	0.136431965807	0.11826468236	2022.25227273
2L_0519_25900001_25950000	25900001	25950000	inside	different_species_opposite_arrangement	582	0.210371250108	0.212394889831	2022.37113402
2L_0520_25950001_26000000	25950001	26000000	inside	same_species_same_arrangement	236	0.0776725386769	0.0770604657497	2106.28389831
2L_0520_25950001_26000000	25950001	26000000	inside	same_species_opposite_arrangement	120	0.177741630961	0.178020387117	2100.95833333
2L_0520_25950001_26000000	25950001	26000000	inside	different_species_same_arrangement	440	0.125648233284	0.111571282674	2099.34318182
2L_0520_25950001_26000000	25950001	26000000	inside	different_species_opposite_arrangement	582	0.184861432895	0.187232183287	2098.31958763
2L_0521_26000001_26050000	26000001	26050000	inside	same_species_same_arrangement	236	0.0853988648151	0.0852907286127	2179.16949153
2L_0521_26000001_26050000	26000001	26050000	inside	same_species_opposite_arrangement	120	0.184933355776	0.18242301925	2168.09166667
2L_0521_26000001_26050000	26000001	26050000	inside	different_species_same_arrangement	440	0.123530355276	0.111277293497	2175.22272727
2L_0521_26000001_26050000	26000001	26050000	inside	different_species_opposite_arrangement	582	0.19511113026	0.197768891399	2173.70103093
2L_0522_26050001_26100000	26050001	26100000	inside	same_species_same_arrangement	236	0.0797466464922	0.0772908394689	2135.44067797
2L_0522_26050001_26100000	26050001	26100000	inside	same_species_opposite_arrangement	120	0.20255732722	0.202680255006	2114.61666667
2L_0522_26050001_26100000	26050001	26100000	inside	different_species_same_arrangement	440	0.128081391576	0.119544334962	2124.80454545
2L_0522_26050001_26100000	26050001	26100000	inside	different_species_opposite_arrangement	582	0.213697772239	0.217304977489	2122.28694158
2L_0523_26100001_26150000	26100001	26150000	inside	same_species_same_arrangement	236	0.0860845992081	0.0875547129275	1286.72033898
2L_0523_26100001_26150000	26100001	26150000	inside	same_species_opposite_arrangement	120	0.19572280921	0.195777600155	1298.725
2L_0523_26100001_26150000	26100001	26150000	inside	different_species_same_arrangement	440	0.137273924447	0.127391985073	1277.95909091
2L_0523_26100001_26150000	26100001	26150000	inside	different_species_opposite_arrangement	582	0.207468990511	0.210067354075	1269.41408935
2L_0524_26150001_26200000	26150001	26200000	inside	same_species_same_arrangement	236	0.0828380760027	0.0823333362063	2212.78389831
2L_0524_26150001_26200000	26150001	26200000	inside	same_species_opposite_arrangement	120	0.182456994497	0.183575923166	2202.94166667
2L_0524_26150001_26200000	26150001	26200000	inside	different_species_same_arrangement	440	0.125159095161	0.117487252754	2210.05909091
2L_0524_26150001_26200000	26150001	26200000	inside	different_species_opposite_arrangement	582	0.184279608306	0.18637926222	2207.15635739
2L_0525_26200001_26250000	26200001	26250000	inside	same_species_same_arrangement	236	0.0861508646585	0.0838038741046	2467.5
2L_0525_26200001_26250000	26200001	26250000	inside	same_species_opposite_arrangement	120	0.184636826295	0.187149197946	2472.73333333
2L_0525_26200001_26250000	26200001	26250000	inside	different_species_same_arrangement	440	0.131232571028	0.119138664515	2457.65909091
2L_0525_26200001_26250000	26200001	26250000	inside	different_species_opposite_arrangement	582	0.192440189518	0.196273275951	2450.92439863
2L_0526_26250001_26300000	26250001	26300000	inside	same_species_same_arrangement	236	0.0838474095398	0.0795242863912	2129
2L_0526_26250001_26300000	26250001	26300000	inside	same_species_opposite_arrangement	120	0.185441548375	0.193511289865	2133.79166667
2L_0526_26250001_26300000	26250001	26300000	inside	different_species_same_arrangement	440	0.127821526422	0.116572915498	2126.02272727
2L_0526_26250001_26300000	26250001	26300000	inside	different_species_opposite_arrangement	582	0.200376686341	0.203256538551	2120.68556701
2L_0527_26300001_26350000	26300001	26350000	inside	same_species_same_arrangement	236	0.0804899258453	0.0752000645007	2381.91101695
2L_0527_26300001_26350000	26300001	26350000	inside	same_species_opposite_arrangement	120	0.183921010826	0.190794449695	2368.75833333
2L_0527_26300001_26350000	26300001	26350000	inside	different_species_same_arrangement	440	0.12035557827	0.105992381161	2371.95909091
2L_0527_26300001_26350000	26300001	26350000	inside	different_species_opposite_arrangement	582	0.196568087107	0.1991419948	2366.80068729
2L_0528_26350001_26400000	26350001	26400000	inside	same_species_same_arrangement	236	0.0779818801922	0.077998455346	2162.64830508
2L_0528_26350001_26400000	26350001	26400000	inside	same_species_opposite_arrangement	120	0.17022072361	0.175225364256	2160.61666667
2L_0528_26350001_26400000	26350001	26400000	inside	different_species_same_arrangement	440	0.124102935824	0.106444903114	2158.13181818
2L_0528_26350001_26400000	26350001	26400000	inside	different_species_opposite_arrangement	582	0.187795763336	0.189679163201	2153.83848797
2L_0529_26400001_26450000	26400001	26450000	inside	same_species_same_arrangement	236	0.0740283349689	0.0693773710555	2068.62711864
2L_0529_26400001_26450000	26400001	26450000	inside	same_species_opposite_arrangement	120	0.182709045768	0.189634349492	2067.20833333
2L_0529_26400001_26450000	26400001	26450000	inside	different_species_same_arrangement	440	0.123022124178	0.101959339822	2064.725
2L_0529_26400001_26450000	26400001	26450000	inside	different_species_opposite_arrangement	582	0.192687413735	0.194282235332	2062.32646048
2L_0530_26450001_26500000	26450001	26500000	inside	same_species_same_arrangement	236	0.0768306571951	0.0707032130671	2020.36016949
2L_0530_26450001_26500000	26450001	26500000	inside	same_species_opposite_arrangement	120	0.198840876162	0.211867461037	2014.61666667
2L_0530_26450001_26500000	26450001	26500000	inside	different_species_same_arrangement	440	0.128573599814	0.113386314027	2015.12954545
2L_0530_26450001_26500000	26450001	26500000	inside	different_species_opposite_arrangement	582	0.209742270938	0.212990470385	2013.41752577
2L_0531_26500001_26550000	26500001	26550000	inside	same_species_same_arrangement	236	0.0839215286839	0.0765432098765	2027.36864407
2L_0531_26500001_26550000	26500001	26550000	inside	same_species_opposite_arrangement	120	0.183243860329	0.197450560945	2005.61666667
2L_0531_26500001_26550000	26500001	26550000	inside	different_species_same_arrangement	440	0.126162252506	0.120685234694	2017.31818182
2L_0531_26500001_26550000	26500001	26550000	inside	different_species_opposite_arrangement	582	0.20346554027	0.208393885526	2014.96907216
2L_0532_26550001_26600000	26550001	26600000	inside	same_species_same_arrangement	236	0.0865225594418	0.0800777558205	2184.59745763
2L_0532_26550001_26600000	26550001	26600000	inside	same_species_opposite_arrangement	120	0.176838871148	0.188529266257	2182.975
2L_0532_26550001_26600000	26550001	26600000	inside	different_species_same_arrangement	440	0.135701789853	0.118001021864	2175.23636364
2L_0532_26550001_26600000	26550001	26600000	inside	different_species_opposite_arrangement	582	0.201561267243	0.206669715695	2171.95189003
2L_0533_26600001_26650000	26600001	26650000	inside	same_species_same_arrangement	236	0.0853009111996	0.0831543143573	1905.50423729
2L_0533_26600001_26650000	26600001	26650000	inside	same_species_opposite_arrangement	120	0.175625477754	0.18279353365	1889.45833333
2L_0533_26600001_26650000	26600001	26650000	inside	different_species_same_arrangement	440	0.138707497682	0.122813791534	1892.48636364
2L_0533_26600001_26650000	26600001	26650000	inside	different_species_opposite_arrangement	582	0.201804011935	0.205521185539	1890.10996564
2L_0534_26650001_26700000	26650001	26700000	inside	same_species_same_arrangement	236	0.0873831284105	0.0865762432671	2010.29237288
2L_0534_26650001_26700000	26650001	26700000	inside	same_species_opposite_arrangement	120	0.169023999416	0.171861656385	2003.65833333
2L_0534_26650001_26700000	26650001	26700000	inside	different_species_same_arrangement	440	0.130814625233	0.115853649472	2002.7
2L_0534_26650001_26700000	26650001	26700000	inside	different_species_opposite_arrangement	582	0.189716523522	0.193621351836	1999.94329897
2L_0535_26700001_26750000	26700001	26750000	inside	same_species_same_arrangement	236	0.0816075410975	0.0752673873256	1868.36016949
2L_0535_26700001_26750000	26700001	26750000	inside	same_species_opposite_arrangement	120	0.184684843223	0.190489039653	1863.00833333
2L_0535_26700001_26750000	26700001	26750000	inside	different_species_same_arrangement	440	0.125771359521	0.113569728897	1857.97727273
2L_0535_26700001_26750000	26700001	26750000	inside	different_species_opposite_arrangement	582	0.197984427106	0.20180875705	1855.68041237
2L_0536_26750001_26800000	26750001	26800000	inside	same_species_same_arrangement	236	0.0860369312803	0.0814954085036	1871.46186441
2L_0536_26750001_26800000	26750001	26800000	inside	same_species_opposite_arrangement	120	0.186324490762	0.188800023666	1866.79166667
2L_0536_26750001_26800000	26750001	26800000	inside	different_species_same_arrangement	440	0.143032906954	0.132364668355	1866
2L_0536_26750001_26800000	26750001	26800000	inside	different_species_opposite_arrangement	582	0.213133416945	0.216356787339	1862.43814433
2L_0537_26800001_26850000	26800001	26850000	inside	same_species_same_arrangement	236	0.0835125626995	0.0851972420972	2067.08898305
2L_0537_26800001_26850000	26800001	26850000	inside	same_species_opposite_arrangement	120	0.171460472228	0.172255123651	2066.85833333
2L_0537_26800001_26850000	26800001	26850000	inside	different_species_same_arrangement	440	0.122753079562	0.10784803941	2056.57954545
2L_0537_26800001_26850000	26800001	26850000	inside	different_species_opposite_arrangement	582	0.181483864521	0.182194245286	2050.92268041
2L_0538_26850001_26900000	26850001	26900000	inside	same_species_same_arrangement	236	0.0844177402173	0.087619858081	1969.21610169
2L_0538_26850001_26900000	26850001	26900000	inside	same_species_opposite_arrangement	120	0.182085356299	0.18324829932	1960.46666667
2L_0538_26850001_26900000	26850001	26900000	inside	different_species_same_arrangement	440	0.125177722766	0.112971533791	1962.30227273
2L_0538_26850001_26900000	26850001	26900000	inside	different_species_opposite_arrangement	582	0.200971340836	0.202176703648	1956.63573883
2L_0539_26900001_26950000	26900001	26950000	inside	same_species_same_arrangement	236	0.0848896546099	0.0803786661604	1840.51694915
2L_0539_26900001_26950000	26900001	26950000	inside	same_species_opposite_arrangement	120	0.180784592836	0.180038037606	1841.00833333
2L_0539_26900001_26950000	26900001	26950000	inside	different_species_same_arrangement	440	0.124665056168	0.117839573103	1835.93636364
2L_0539_26900001_26950000	26900001	26950000	inside	different_species_opposite_arrangement	582	0.188437066532	0.188766943626	1831.63745704
2L_0540_26950001_27000000	26950001	27000000	inside	same_species_same_arrangement	236	0.0841390578977	0.0853174653165	1899.3220339
2L_0540_26950001_27000000	26950001	27000000	inside	same_species_opposite_arrangement	120	0.161863298939	0.161973785685	1897.20833333
2L_0540_26950001_27000000	26950001	27000000	inside	different_species_same_arrangement	440	0.124144574003	0.115689340362	1893.40454545
2L_0540_26950001_27000000	26950001	27000000	inside	different_species_opposite_arrangement	582	0.178495610765	0.179365367317	1890.66494845
2L_0541_27000001_27050000	27000001	27050000	inside	same_species_same_arrangement	236	0.0806450884965	0.0839425438057	1587.4279661
2L_0541_27000001_27050000	27000001	27050000	inside	same_species_opposite_arrangement	120	0.145450521441	0.143146864699	1585.36666667
2L_0541_27000001_27050000	27000001	27050000	inside	different_species_same_arrangement	440	0.13742022523	0.1219125831	1581.16818182
2L_0541_27000001_27050000	27000001	27050000	inside	different_species_opposite_arrangement	582	0.185203204376	0.18628371626	1579.17869416
2L_0542_27050001_27100000	27050001	27100000	inside	same_species_same_arrangement	236	0.0867393157663	0.0839593495935	1729.31779661
2L_0542_27050001_27100000	27050001	27100000	inside	same_species_opposite_arrangement	120	0.178187171368	0.178498663503	1727.41666667
2L_0542_27050001_27100000	27050001	27100000	inside	different_species_same_arrangement	440	0.135268583784	0.125366149932	1724.33636364
2L_0542_27050001_27100000	27050001	27100000	inside	different_species_opposite_arrangement	582	0.198581626931	0.199471957521	1721.53780069
2L_0543_27100001_27150000	27100001	27150000	inside	same_species_same_arrangement	236	0.0839469950394	0.0823187180906	1966.86864407
2L_0543_27100001_27150000	27100001	27150000	inside	same_species_opposite_arrangement	120	0.187249495639	0.187340479837	1953.875
2L_0543_27100001_27150000	27100001	27150000	inside	different_species_same_arrangement	440	0.131685350452	0.119614925769	1958.72272727
2L_0543_27100001_27150000	27100001	27150000	inside	different_species_opposite_arrangement	582	0.208083410612	0.209237695678	1957.51718213
2L_0544_27150001_27200000	27150001	27200000	inside	same_species_same_arrangement	236	0.0810406979689	0.0813341306693	2263.19915254
2L_0544_27150001_27200000	27150001	27200000	inside	same_species_opposite_arrangement	120	0.178670995155	0.181434802288	2259.75
2L_0544_27150001_27200000	27150001	27200000	inside	different_species_same_arrangement	440	0.1261009771	0.111798508442	2251.60454545
2L_0544_27150001_27200000	27150001	27200000	inside	different_species_opposite_arrangement	582	0.188677380148	0.190927200599	2247.67010309
2L_0545_27200001_27250000	27200001	27250000	inside	same_species_same_arrangement	236	0.0761705235974	0.0749717647351	2009.47881356
2L_0545_27200001_27250000	27200001	27250000	inside	same_species_opposite_arrangement	120	0.200014890506	0.201708822487	2015.66666667
2L_0545_27200001_27250000	27200001	27250000	inside	different_species_same_arrangement	440	0.132030499672	0.105623365593	2003.23409091
2L_0545_27200001_27250000	27200001	27250000	inside	different_species_opposite_arrangement	582	0.217444261054	0.22017225413	1994.57388316
2L_0546_27250001_27300000	27250001	27300000	inside	same_species_same_arrangement	236	0.0695267040897	0.0703918176806	2413.12711864
2L_0546_27250001_27300000	27250001	27300000	inside	same_species_opposite_arrangement	120	0.18406366074	0.184412542733	2406.71666667
2L_0546_27250001_27300000	27250001	27300000	inside	different_species_same_arrangement	440	0.120584836116	0.100374242363	2401.84545455
2L_0546_27250001_27300000	27250001	27300000	inside	different_species_opposite_arrangement	582	0.20152012633	0.201637931924	2396.29209622
2L_0547_27300001_27350000	27300001	27350000	inside	same_species_same_arrangement	236	0.0754912345659	0.0746304069788	2007.8220339
2L_0547_27300001_27350000	27300001	27350000	inside	same_species_opposite_arrangement	120	0.200354121973	0.201308249061	1995.44166667
2L_0547_27300001_27350000	27300001	27350000	inside	different_species_same_arrangement	440	0.123672818026	0.106910975013	1990.73409091
2L_0547_27300001_27350000	27300001	27350000	inside	different_species_opposite_arrangement	582	0.211479587633	0.211750874247	1988.07560137
2L_0548_27350001_27400000	27350001	27400000	inside	same_species_same_arrangement	236	0.0697310579879	0.0681106028945	1945.59745763
2L_0548_27350001_27400000	27350001	27400000	inside	same_species_opposite_arrangement	120	0.219467514292	0.21786093859	1943.64166667
2L_0548_27350001_27400000	27350001	27400000	inside	different_species_same_arrangement	440	0.126424811669	0.102492370295	1936.36818182
2L_0548_27350001_27400000	27350001	27400000	inside	different_species_opposite_arrangement	582	0.223813747735	0.223140515713	1932.11340206
2L_0549_27400001_27450000	27400001	27450000	inside	same_species_same_arrangement	236	0.075039670453	0.0781634208551	2028.6779661
2L_0549_27400001_27450000	27400001	27450000	inside	same_species_opposite_arrangement	120	0.201534271991	0.202488169091	2033.875
2L_0549_27400001_27450000	27400001	27450000	inside	different_species_same_arrangement	440	0.126166415986	0.102420097055	2026.31818182
2L_0549_27400001_27450000	27400001	27450000	inside	different_species_opposite_arrangement	582	0.217383732798	0.217606330366	2019.19243986
2L_0550_27450001_27500000	27450001	27500000	inside	same_species_same_arrangement	236	0.0752321549019	0.0761250136634	1704.53813559
2L_0550_27450001_27500000	27450001	27500000	inside	same_species_opposite_arrangement	120	0.207309903179	0.207698833837	1695.70833333
2L_0550_27450001_27500000	27450001	27500000	inside	different_species_same_arrangement	440	0.126351480301	0.107843098628	1695.10909091
2L_0550_27450001_27500000	27450001	27500000	inside	different_species_opposite_arrangement	582	0.22588240075	0.227189781022	1693.17869416
2L_0551_27500001_27550000	27500001	27550000	inside	same_species_same_arrangement	236	0.0689409526462	0.0729977109626	1789.72881356
2L_0551_27500001_27550000	27500001	27550000	inside	same_species_opposite_arrangement	120	0.194325557551	0.193479920692	1786.65833333
2L_0551_27500001_27550000	27500001	27550000	inside	different_species_same_arrangement	440	0.121296673079	0.1024028748	1781.85
2L_0551_27500001_27550000	27500001	27550000	inside	different_species_opposite_arrangement	582	0.20366377954	0.203745618783	1778.895189
2L_0552_27550001_27600000	27550001	27600000	inside	same_species_same_arrangement	236	0.0747871699117	0.0743525999296	1837.97457627
2L_0552_27550001_27600000	27550001	27600000	inside	same_species_opposite_arrangement	120	0.197803528096	0.19801004871	1832.48333333
2L_0552_27550001_27600000	27550001	27600000	inside	different_species_same_arrangement	440	0.130397088837	0.111065406757	1822.75
2L_0552_27550001_27600000	27550001	27600000	inside	different_species_opposite_arrangement	582	0.207773963202	0.207971978034	1815.63402062
2L_0553_27600001_27650000	27600001	27650000	inside	same_species_same_arrangement	236	0.0766011072878	0.0763325861885	2034.83474576
2L_0553_27600001_27650000	27600001	27650000	inside	same_species_opposite_arrangement	120	0.191559830202	0.190333078937	2009.35833333
2L_0553_27600001_27650000	27600001	27650000	inside	different_species_same_arrangement	440	0.12827621996	0.109027590878	2023.58409091
2L_0553_27600001_27650000	27600001	27650000	inside	different_species_opposite_arrangement	582	0.211342158574	0.211851924109	2017.97938144
2L_0554_27650001_27700000	27650001	27700000	inside	same_species_same_arrangement	236	0.0749791121104	0.075934768329	2192.16101695
2L_0554_27650001_27700000	27650001	27700000	inside	same_species_opposite_arrangement	120	0.184405854458	0.184305833246	2196.00833333
2L_0554_27650001_27700000	27650001	27700000	inside	different_species_same_arrangement	440	0.12261290818	0.108272213261	2183.74772727
2L_0554_27650001_27700000	27650001	27700000	inside	different_species_opposite_arrangement	582	0.193771192641	0.194519927536	2177.41752577
2L_0555_27700001_27750000	27700001	27750000	inside	same_species_same_arrangement	236	0.0733887485848	0.0736770686347	2188.13559322
2L_0555_27700001_27750000	27700001	27750000	inside	same_species_opposite_arrangement	120	0.15972646699	0.159748685553	2189.96666667
2L_0555_27700001_27750000	27700001	27750000	inside	different_species_same_arrangement	440	0.115972225515	0.102218099388	2183.88181818
2L_0555_27700001_27750000	27700001	27750000	inside	different_species_opposite_arrangement	582	0.17494442595	0.17496573778	2181.32474227
2L_0556_27750001_27800000	27750001	27800000	inside	same_species_same_arrangement	236	0.0766664513564	0.0762891835934	2339.70762712
2L_0556_27750001_27800000	27750001	27800000	inside	same_species_opposite_arrangement	120	0.166025405126	0.16570325136	2350.43333333
2L_0556_27750001_27800000	27750001	27800000	inside	different_species_same_arrangement	440	0.120940990631	0.111829328321	2332.20227273
2L_0556_27750001_27800000	27750001	27800000	inside	different_species_opposite_arrangement	582	0.180189584926	0.181106508974	2324.89347079
2L_0557_27800001_27850000	27800001	27850000	inside	same_species_same_arrangement	236	0.0765355075095	0.0745679012346	2020.29237288
2L_0557_27800001_27850000	27800001	27850000	inside	same_species_opposite_arrangement	120	0.182480283097	0.182642688858	2018.125
2L_0557_27800001_27850000	27800001	27850000	inside	different_species_same_arrangement	440	0.130944218587	0.110321562372	2019.10681818
2L_0557_27800001_27850000	27800001	27850000	inside	different_species_opposite_arrangement	582	0.195180935863	0.196719232552	2014.57560137
2L_0558_27850001_27900000	27850001	27900000	inside	same_species_same_arrangement	236	0.082911561392	0.0822633329293	2116.55932203
2L_0558_27850001_27900000	27850001	27900000	inside	same_species_opposite_arrangement	120	0.185103889847	0.18648076893	2123.50833333
2L_0558_27850001_27900000	27850001	27900000	inside	different_species_same_arrangement	440	0.130083118798	0.117202376112	2113.00454545
2L_0558_27850001_27900000	27850001	27900000	inside	different_species_opposite_arrangement	582	0.197369904807	0.197289533727	2104.45189003
2L_0559_27900001_27950000	27900001	27950000	inside	same_species_same_arrangement	236	0.0842479059573	0.0817366341606	1998.91101695
2L_0559_27900001_27950000	27900001	27950000	inside	same_species_opposite_arrangement	120	0.168081646912	0.166962481523	1987.65
2L_0559_27900001_27950000	27900001	27950000	inside	different_species_same_arrangement	440	0.12833708368	0.115212551463	1991.46136364
2L_0559_27900001_27950000	27900001	27950000	inside	different_species_opposite_arrangement	582	0.184205408478	0.185530794062	1989.01718213
2L_0560_27950001_28000000	27950001	28000000	inside	same_species_same_arrangement	236	0.0788065689864	0.0775193959638	2156.02118644
2L_0560_27950001_28000000	27950001	28000000	inside	same_species_opposite_arrangement	120	0.178723100758	0.177152260266	2156.525
2L_0560_27950001_28000000	27950001	28000000	inside	different_species_same_arrangement	440	0.122184764434	0.115447960951	2154.40681818
2L_0560_27950001_28000000	27950001	28000000	inside	different_species_opposite_arrangement	582	0.192934406743	0.193540863086	2148.57044674
2L_0561_28000001_28050000	28000001	28050000	inside	same_species_same_arrangement	236	0.0796254242523	0.0771226374677	2216.79661017
2L_0561_28000001_28050000	28000001	28050000	inside	same_species_opposite_arrangement	120	0.175263744827	0.174716558018	2208.84166667
2L_0561_28000001_28050000	28000001	28050000	inside	different_species_same_arrangement	440	0.12725464286	0.113158149789	2209.70454545
2L_0561_28000001_28050000	28000001	28050000	inside	different_species_opposite_arrangement	582	0.186743022411	0.187739814022	2206.52061856
2L_0562_28050001_28100000	28050001	28100000	inside	same_species_same_arrangement	236	0.0760672013998	0.0743162222378	2226.68220339
2L_0562_28050001_28100000	28050001	28100000	inside	same_species_opposite_arrangement	120	0.176706977285	0.175699575002	2227.55833333
2L_0562_28050001_28100000	28050001	28100000	inside	different_species_same_arrangement	440	0.118408187282	0.108404059588	2223.5
2L_0562_28050001_28100000	28050001	28100000	inside	different_species_opposite_arrangement	582	0.184895602909	0.186152126912	2219.19931271
2L_0563_28100001_28150000	28100001	28150000	inside	same_species_same_arrangement	236	0.0781791736316	0.0764677499118	2178.91101695
2L_0563_28100001_28150000	28100001	28150000	inside	same_species_opposite_arrangement	120	0.181416837669	0.180380481628	2173.98333333
2L_0563_28100001_28150000	28100001	28150000	inside	different_species_same_arrangement	440	0.121713809622	0.111998125586	2174.27727273
2L_0563_28100001_28150000	28100001	28150000	inside	different_species_opposite_arrangement	582	0.190102941226	0.190067131793	2170.24742268
2L_0564_28150001_28200000	28150001	28200000	inside	same_species_same_arrangement	236	0.080623998437	0.0776568719433	2218.77542373
2L_0564_28150001_28200000	28150001	28200000	inside	same_species_opposite_arrangement	120	0.172486485133	0.172367786558	2206.15833333
2L_0564_28150001_28200000	28150001	28200000	inside	different_species_same_arrangement	440	0.122754550836	0.118227370156	2211.35
2L_0564_28150001_28200000	28150001	28200000	inside	different_species_opposite_arrangement	582	0.183971431352	0.185155910844	2207.98453608
2L_0565_28200001_28250000	28200001	28250000	inside	same_species_same_arrangement	236	0.0978624002925	0.0948273806764	1948.30508475
2L_0565_28200001_28250000	28200001	28250000	inside	same_species_opposite_arrangement	120	0.166794995266	0.16795717709	1932.45
2L_0565_28200001_28250000	28200001	28250000	inside	different_species_same_arrangement	440	0.142275713085	0.134916256984	1940.60227273
2L_0565_28200001_28250000	28200001	28250000	inside	different_species_opposite_arrangement	582	0.187773358448	0.191985515281	1940.05498282
2L_0566_28250001_28300000	28250001	28300000	inside	same_species_same_arrangement	236	0.0850296602935	0.083703671983	1685.06355932
2L_0566_28250001_28300000	28250001	28300000	inside	same_species_opposite_arrangement	120	0.174753037859	0.173974471524	1684.125
2L_0566_28250001_28300000	28250001	28300000	inside	different_species_same_arrangement	440	0.14095016484	0.123670339574	1680.01590909
2L_0566_28250001_28300000	28250001	28300000	inside	different_species_opposite_arrangement	582	0.198503725365	0.20138225367	1675.10309278
2L_0567_28300001_28350000	28300001	28350000	inside	same_species_same_arrangement	236	0.0871958741494	0.0859375689065	2204.44491525
2L_0567_28300001_28350000	28300001	28350000	inside	same_species_opposite_arrangement	120	0.170768005183	0.17077626342	2202.03333333
2L_0567_28300001_28350000	28300001	28350000	inside	different_species_same_arrangement	440	0.137052188439	0.114434928048	2190.08181818
2L_0567_28300001_28350000	28300001	28350000	inside	different_species_opposite_arrangement	582	0.194255230933	0.188113344376	2179.06701031
2L_0568_28350001_28400000	28350001	28400000	inside	same_species_same_arrangement	236	0.0862042503032	0.0832398335229	2218.21610169
2L_0568_28350001_28400000	28350001	28400000	inside	same_species_opposite_arrangement	120	0.166648289345	0.166405468996	2200.51666667
2L_0568_28350001_28400000	28350001	28400000	inside	different_species_same_arrangement	440	0.128353141855	0.117619167155	2208.88181818
2L_0568_28350001_28400000	28350001	28400000	inside	different_species_opposite_arrangement	582	0.179611925845	0.18251838884	2208.64089347
2L_0569_28400001_28450000	28400001	28450000	inside	same_species_same_arrangement	236	0.0870188428586	0.0863772539787	2200.11016949
2L_0569_28400001_28450000	28400001	28450000	inside	same_species_opposite_arrangement	120	0.180854788819	0.184277943225	2194.18333333
2L_0569_28400001_28450000	28400001	28450000	inside	different_species_same_arrangement	440	0.136509447755	0.116127781316	2186.51818182
2L_0569_28400001_28450000	28400001	28450000	inside	different_species_opposite_arrangement	582	0.199841477334	0.203590103672	2176.5257732
2L_0570_28450001_28500000	28450001	28500000	inside	same_species_same_arrangement	236	0.0857927475923	0.0845784801564	2277.6779661
2L_0570_28450001_28500000	28450001	28500000	inside	same_species_opposite_arrangement	120	0.167876729127	0.167869581192	2275.2
2L_0570_28450001_28500000	28450001	28500000	inside	different_species_same_arrangement	440	0.13801779279	0.127063620072	2275.275
2L_0570_28450001_28500000	28450001	28500000	inside	different_species_opposite_arrangement	582	0.197421512499	0.197776675648	2270.41580756
2L_0571_28500001_28550000	28500001	28550000	inside	same_species_same_arrangement	236	0.0838185739833	0.0879763359701	1921.5720339
2L_0571_28500001_28550000	28500001	28550000	inside	same_species_opposite_arrangement	120	0.172492937406	0.170889531253	1925.81666667
2L_0571_28500001_28550000	28500001	28550000	inside	different_species_same_arrangement	440	0.138728670389	0.115504246984	1919.02727273
2L_0571_28500001_28550000	28500001	28550000	inside	different_species_opposite_arrangement	582	0.204628537872	0.205399302494	1915.89690722
2L_0572_28550001_28600000	28550001	28600000	inside	same_species_same_arrangement	236	0.0809577038621	0.0749705885633	1703.55932203
2L_0572_28550001_28600000	28550001	28600000	inside	same_species_opposite_arrangement	120	0.176229014684	0.173957928187	1704.75
2L_0572_28550001_28600000	28550001	28600000	inside	different_species_same_arrangement	440	0.147757483429	0.137642897514	1699.925
2L_0572_28550001_28600000	28550001	28600000	inside	different_species_opposite_arrangement	582	0.217257166988	0.21817931011	1697.68728522
2L_0573_28600001_28650000	28600001	28650000	inside	same_species_same_arrangement	236	0.0790646964757	0.0722236893201	1659.00423729
2L_0573_28600001_28650000	28600001	28650000	inside	same_species_opposite_arrangement	120	0.193099273618	0.192964103204	1661.45
2L_0573_28600001_28650000	28600001	28650000	inside	different_species_same_arrangement	440	0.138043063812	0.120150957659	1655.84545455
2L_0573_28600001_28650000	28600001	28650000	inside	different_species_opposite_arrangement	582	0.214683571286	0.215579710145	1652.18728522
2L_0574_28650001_28700000	28650001	28700000	inside	same_species_same_arrangement	236	0.0805518061503	0.0849778491942	1833.96610169
2L_0574_28650001_28700000	28650001	28700000	inside	same_species_opposite_arrangement	120	0.173407915492	0.172861104289	1834.38333333
2L_0574_28650001_28700000	28650001	28700000	inside	different_species_same_arrangement	440	0.131603653863	0.112744954073	1831.05454545
2L_0574_28650001_28700000	28650001	28700000	inside	different_species_opposite_arrangement	582	0.190640006156	0.194042205464	1828.97938144
2L_0575_28700001_28750000	28700001	28750000	inside	same_species_same_arrangement	236	0.0885379907269	0.0868746849481	2310.98305085
2L_0575_28700001_28750000	28700001	28750000	inside	same_species_opposite_arrangement	120	0.170038216828	0.169072679725	2313.94166667
2L_0575_28700001_28750000	28700001	28750000	inside	different_species_same_arrangement	440	0.132359430603	0.119678677344	2307.24545455
2L_0575_28700001_28750000	28700001	28750000	inside	different_species_opposite_arrangement	582	0.187991397966	0.187446291601	2302.04982818
2L_0576_28750001_28800000	28750001	28800000	inside	same_species_same_arrangement	236	0.0889233818115	0.0850493717518	2177.79237288
2L_0576_28750001_28800000	28750001	28800000	inside	same_species_opposite_arrangement	120	0.173537200769	0.171161950066	2188.425
2L_0576_28750001_28800000	28750001	28800000	inside	different_species_same_arrangement	440	0.130997071397	0.119281917704	2170.35909091
2L_0576_28750001_28800000	28750001	28800000	inside	different_species_opposite_arrangement	582	0.186825169161	0.187713894095	2158.71134021
2L_0577_28800001_28850000	28800001	28850000	inside	same_species_same_arrangement	236	0.0833291228503	0.0809770985029	2121.52966102
2L_0577_28800001_28850000	28800001	28850000	inside	same_species_opposite_arrangement	120	0.18350041808	0.183009000566	2125.25833333
2L_0577_28800001_28850000	28800001	28850000	inside	different_species_same_arrangement	440	0.127462450664	0.111842118339	2114.75681818
2L_0577_28800001_28850000	28800001	28850000	inside	different_species_opposite_arrangement	582	0.194062286599	0.194284776483	2107.7371134
2L_0578_28850001_28900000	28850001	28900000	inside	same_species_same_arrangement	236	0.0805374541606	0.0817143120458	2189.97457627
2L_0578_28850001_28900000	28850001	28900000	inside	same_species_opposite_arrangement	120	0.189586288874	0.188111654708	2177.275
2L_0578_28850001_28900000	28850001	28900000	inside	different_species_same_arrangement	440	0.130160216497	0.109546752757	2178.41590909
2L_0578_28850001_28900000	28850001	28900000	inside	different_species_opposite_arrangement	582	0.209714730352	0.210453123288	2176.69931271
2L_0579_28900001_28950000	28900001	28950000	inside	same_species_same_arrangement	236	0.0856288284471	0.0892170605758	2217.98305085
2L_0579_28900001_28950000	28900001	28950000	inside	same_species_opposite_arrangement	120	0.173202694402	0.174248969075	2214.2
2L_0579_28900001_28950000	28900001	28950000	inside	different_species_same_arrangement	440	0.13027382626	0.118279233328	2214.32045455
2L_0579_28900001_28950000	28900001	28950000	inside	different_species_opposite_arrangement	582	0.193401776532	0.193325667335	2207.52749141
2L_0580_28950001_29000000	28950001	29000000	inside	same_species_same_arrangement	236	0.0782690515618	0.0754057851314	1989.27542373
2L_0580_28950001_29000000	28950001	29000000	inside	same_species_opposite_arrangement	120	0.181604782392	0.178348861392	1986.95833333
2L_0580_28950001_29000000	28950001	29000000	inside	different_species_same_arrangement	440	0.117921174906	0.106415424349	1985.56590909
2L_0580_28950001_29000000	28950001	29000000	inside	different_species_opposite_arrangement	582	0.192466538538	0.192654804389	1980.15292096
2L_0581_29000001_29050000	29000001	29050000	inside	same_species_same_arrangement	236	0.0814761370452	0.0785198555957	1944.62711864
2L_0581_29000001_29050000	29000001	29050000	inside	same_species_opposite_arrangement	120	0.188620455896	0.187305288392	1937.19166667
2L_0581_29000001_29050000	29000001	29050000	inside	different_species_same_arrangement	440	0.125441379205	0.110837564403	1942.10454545
2L_0581_29000001_29050000	29000001	29050000	inside	different_species_opposite_arrangement	582	0.203276862021	0.203963746224	1937.10824742
2L_0582_29050001_29100000	29050001	29100000	inside	same_species_same_arrangement	236	0.0709012828237	0.0711180794334	2058.58474576
2L_0582_29050001_29100000	29050001	29100000	inside	same_species_opposite_arrangement	120	0.202278405054	0.201788377369	2060.68333333
2L_0582_29050001_29100000	29050001	29100000	inside	different_species_same_arrangement	440	0.131359293365	0.103667949879	2052.13181818
2L_0582_29050001_29100000	29050001	29100000	inside	different_species_opposite_arrangement	582	0.216665475586	0.216157637022	2043.2628866
2L_0583_29100001_29150000	29100001	29150000	inside	same_species_same_arrangement	236	0.0738026795779	0.0707729800484	2464.68644068
2L_0583_29100001_29150000	29100001	29150000	inside	same_species_opposite_arrangement	120	0.183006570826	0.183081771426	2472.75
2L_0583_29100001_29150000	29100001	29150000	inside	different_species_same_arrangement	440	0.127772356945	0.108241196317	2454.13181818
2L_0583_29100001_29150000	29100001	29150000	inside	different_species_opposite_arrangement	582	0.198755112364	0.199316943023	2446.13058419
2L_0584_29150001_29200000	29150001	29200000	inside	same_species_same_arrangement	236	0.0709516095714	0.0692789585842	2418.75847458
2L_0584_29150001_29200000	29150001	29200000	inside	same_species_opposite_arrangement	120	0.187795591694	0.187565274777	2415.375
2L_0584_29150001_29200000	29150001	29200000	inside	different_species_same_arrangement	440	0.126554948098	0.105422779239	2414.94318182
2L_0584_29150001_29200000	29150001	29200000	inside	different_species_opposite_arrangement	582	0.201960675104	0.202931461602	2406.34707904
2L_0585_29200001_29250000	29200001	29250000	inside	same_species_same_arrangement	236	0.071614474256	0.0703677019959	2082.91949153
2L_0585_29200001_29250000	29200001	29250000	inside	same_species_opposite_arrangement	120	0.197245629773	0.197196588762	2081.29166667
2L_0585_29200001_29250000	29200001	29250000	inside	different_species_same_arrangement	440	0.125191985437	0.102901249995	2074.84318182
2L_0585_29200001_29250000	29200001	29250000	inside	different_species_opposite_arrangement	582	0.208605026191	0.20513721108	2065.13230241
2L_0586_29250001_29300000	29250001	29300000	inside	same_species_same_arrangement	236	0.0713783850118	0.068514578875	2171.57627119
2L_0586_29250001_29300000	29250001	29300000	inside	same_species_opposite_arrangement	120	0.197617074995	0.196870680508	2158.425
2L_0586_29250001_29300000	29250001	29300000	inside	different_species_same_arrangement	440	0.125555632639	0.111783357114	2166.70681818
2L_0586_29250001_29300000	29250001	29300000	inside	different_species_opposite_arrangement	582	0.209865282714	0.209643858382	2162.0395189
2L_0587_29300001_29350000	29300001	29350000	inside	same_species_same_arrangement	236	0.0685477244932	0.0685456375591	2325.59745763
2L_0587_29300001_29350000	29300001	29350000	inside	same_species_opposite_arrangement	120	0.203461477452	0.203132730365	2337.4
2L_0587_29300001_29350000	29300001	29350000	inside	different_species_same_arrangement	440	0.127859031746	0.102214096217	2315.08863636
2L_0587_29300001_29350000	29300001	29350000	inside	different_species_opposite_arrangement	582	0.214673473827	0.215677966102	2304.08247423
2L_0588_29350001_29400000	29350001	29400000	inside	same_species_same_arrangement	236	0.06605296172	0.0674886750277	2285.20338983
2L_0588_29350001_29400000	29350001	29400000	inside	same_species_opposite_arrangement	120	0.211208289299	0.211017236935	2281.61666667
2L_0588_29350001_29400000	29350001	29400000	inside	different_species_same_arrangement	440	0.127083047087	0.0976697319252	2275.15909091
2L_0588_29350001_29400000	29350001	29400000	inside	different_species_opposite_arrangement	582	0.231816448397	0.228733971171	2265.60137457
2L_0589_29400001_29450000	29400001	29450000	inside	same_species_same_arrangement	236	0.0796763301143	0.0797147556594	2263.19067797
2L_0589_29400001_29450000	29400001	29450000	inside	same_species_opposite_arrangement	120	0.194970056654	0.193897864884	2267.01666667
2L_0589_29400001_29450000	29400001	29450000	inside	different_species_same_arrangement	440	0.129476010697	0.115575778864	2259.71818182
2L_0589_29400001_29450000	29400001	29450000	inside	different_species_opposite_arrangement	582	0.20287331233	0.203570686469	2250.30412371
2L_0590_29450001_29500000	29450001	29500000	inside	same_species_same_arrangement	236	0.074403082622	0.0729228440338	1954.72457627
2L_0590_29450001_29500000	29450001	29500000	inside	same_species_opposite_arrangement	120	0.20202376719	0.200664186337	1947.5
2L_0590_29450001_29500000	29450001	29500000	inside	different_species_same_arrangement	440	0.124541043075	0.117186201032	1952.16363636
2L_0590_29450001_29500000	29450001	29500000	inside	different_species_opposite_arrangement	582	0.212625899189	0.21237248567	1946.32474227
2L_0591_29500001_29550000	29500001	29550000	inside	same_species_same_arrangement	236	0.0779556565571	0.0735029622985	2249.69491525
2L_0591_29500001_29550000	29500001	29550000	inside	same_species_opposite_arrangement	120	0.207087592745	0.20706593977	2253.6
2L_0591_29500001_29550000	29500001	29550000	inside	different_species_same_arrangement	440	0.136865884871	0.124106824624	2234.79318182
2L_0591_29500001_29550000	29500001	29550000	inside	different_species_opposite_arrangement	582	0.215868685364	0.215800762538	2222.68556701
2L_0592_29550001_29600000	29550001	29600000	inside	same_species_same_arrangement	236	0.0803466923127	0.08142097534	1776.0720339
2L_0592_29550001_29600000	29550001	29600000	inside	same_species_opposite_arrangement	120	0.193126285736	0.193371073695	1765.08333333
2L_0592_29550001_29600000	29550001	29600000	inside	different_species_same_arrangement	440	0.134617311173	0.127246119743	1768.75909091
2L_0592_29550001_29600000	29550001	29600000	inside	different_species_opposite_arrangement	582	0.207291377794	0.207584845757	1761.71649485
2L_0593_29600001_29650000	29600001	29650000	inside	same_species_same_arrangement	236	0.0742959811609	0.0763586147341	1757.96186441
2L_0593_29600001_29650000	29600001	29650000	inside	same_species_opposite_arrangement	120	0.177381481179	0.177020545564	1750.275
2L_0593_29600001_29650000	29600001	29650000	inside	different_species_same_arrangement	440	0.122920057374	0.106394638439	1752.47727273
2L_0593_29600001_29650000	29600001	29650000	inside	different_species_opposite_arrangement	582	0.185036308185	0.185148365353	1748.59621993
2L_0594_29650001_29700000	29650001	29700000	inside	same_species_same_arrangement	236	0.0727492287262	0.0695597707536	2139.52118644
2L_0594_29650001_29700000	29650001	29700000	inside	same_species_opposite_arrangement	120	0.188119552724	0.189695493835	2140.675
2L_0594_29650001_29700000	29650001	29700000	inside	different_species_same_arrangement	440	0.132006828186	0.114836439721	2132.63181818
2L_0594_29650001_29700000	29650001	29700000	inside	different_species_opposite_arrangement	582	0.213551754886	0.214822415227	2126.15979381
2L_0595_29700001_29750000	29700001	29750000	inside	same_species_same_arrangement	236	0.0742049494317	0.0730346648369	1841.40677966
2L_0595_29700001_29750000	29700001	29750000	inside	same_species_opposite_arrangement	120	0.173391781356	0.177532883477	1829.125
2L_0595_29700001_29750000	29700001	29750000	inside	different_species_same_arrangement	440	0.132315040435	0.117147500762	1830.78636364
2L_0595_29700001_29750000	29700001	29750000	inside	different_species_opposite_arrangement	582	0.189370166338	0.187989303155	1827.63573883
2L_0596_29750001_29800000	29750001	29800000	inside	same_species_same_arrangement	236	0.07820203204	0.0810163317302	1980.02118644
2L_0596_29750001_29800000	29750001	29800000	inside	same_species_opposite_arrangement	120	0.188294483278	0.189629306115	1988.46666667
2L_0596_29750001_29800000	29750001	29800000	inside	different_species_same_arrangement	440	0.130871997945	0.111281075661	1973.20227273
2L_0596_29750001_29800000	29750001	29800000	inside	different_species_opposite_arrangement	582	0.200503937684	0.201434217352	1965.13917526
2L_0597_29800001_29850000	29800001	29850000	inside	same_species_same_arrangement	236	0.0757784218887	0.0776645013524	1954.34322034
2L_0597_29800001_29850000	29800001	29850000	inside	same_species_opposite_arrangement	120	0.172685432608	0.17373317001	1950.31666667
2L_0597_29800001_29850000	29800001	29850000	inside	different_species_same_arrangement	440	0.121656104043	0.107317653226	1945.81818182
2L_0597_29800001_29850000	29800001	29850000	inside	different_species_opposite_arrangement	582	0.18476603362	0.185246764421	1941.76975945
2L_0598_29850001_29900000	29850001	29900000	inside	same_species_same_arrangement	236	0.079361853834	0.0797910604513	2172.84322034
2L_0598_29850001_29900000	29850001	29900000	inside	same_species_opposite_arrangement	120	0.175470856144	0.176469452416	2173.68333333
2L_0598_29850001_29900000	29850001	29900000	inside	different_species_same_arrangement	440	0.12820506914	0.10850455765	2169.04090909
2L_0598_29850001_29900000	29850001	29900000	inside	different_species_opposite_arrangement	582	0.187056098805	0.188093892301	2163.10652921
2L_0599_29900001_29950000	29900001	29950000	inside	same_species_same_arrangement	236	0.0823821037461	0.0828594153119	2024.81355932
2L_0599_29900001_29950000	29900001	29950000	inside	same_species_opposite_arrangement	120	0.16262371248	0.162514896737	2035.40833333
2L_0599_29900001_29950000	29900001	29950000	inside	different_species_same_arrangement	440	0.134013539326	0.121867309764	2009.20227273
2L_0599_29900001_29950000	29900001	29950000	inside	different_species_opposite_arrangement	582	0.180862320189	0.182918528759	1998.62371134
2L_0600_29950001_30000000	29950001	30000000	inside	same_species_same_arrangement	236	0.0862438709429	0.0862020113337	1128.26694915
2L_0600_29950001_30000000	29950001	30000000	inside	same_species_opposite_arrangement	120	0.180204004502	0.179832208047	1128.7
2L_0600_29950001_30000000	29950001	30000000	inside	different_species_same_arrangement	440	0.145054520976	0.135147706826	1121.37272727
2L_0600_29950001_30000000	29950001	30000000	inside	different_species_opposite_arrangement	582	0.216492547066	0.217509153929	1118.15292096
2L_0603_30100001_30150000	30100001	30150000	inside	same_species_same_arrangement	236	0.0887167406856	0.086862272077	1412.58474576
2L_0603_30100001_30150000	30100001	30150000	inside	same_species_opposite_arrangement	120	0.143123355058	0.142392501432	1388.15833333
2L_0603_30100001_30150000	30100001	30150000	inside	different_species_same_arrangement	440	0.133191120845	0.13021687059	1399.76136364
2L_0603_30100001_30150000	30100001	30150000	inside	different_species_opposite_arrangement	582	0.157928836845	0.158748074098	1401.53092784
2L_0604_30150001_30200000	30150001	30200000	inside	same_species_same_arrangement	236	0.0766217632548	0.0757735625006	1841.4279661
2L_0604_30150001_30200000	30150001	30200000	inside	same_species_opposite_arrangement	120	0.180772485546	0.179577696297	1870.425
2L_0604_30150001_30200000	30150001	30200000	inside	different_species_same_arrangement	440	0.140129658001	0.128049070703	1834.63409091
2L_0604_30150001_30200000	30150001	30200000	inside	different_species_opposite_arrangement	582	0.197141710395	0.19894887721	1822.28178694
2L_0605_30200001_30250000	30200001	30250000	inside	same_species_same_arrangement	236	0.0732334560393	0.072136556512	2211.47033898
2L_0605_30200001_30250000	30200001	30250000	inside	same_species_opposite_arrangement	120	0.184617003783	0.18479042705	2186.43333333
2L_0605_30200001_30250000	30200001	30250000	inside	different_species_same_arrangement	440	0.123362551423	0.107321330704	2202.46818182
2L_0605_30200001_30250000	30200001	30250000	inside	different_species_opposite_arrangement	582	0.197540312877	0.198700143724	2204.9742268
2L_0606_30250001_30300000	30250001	30300000	inside	same_species_same_arrangement	236	0.0734020730567	0.0746685660298	2087.31779661
2L_0606_30250001_30300000	30250001	30300000	inside	same_species_opposite_arrangement	120	0.187025988255	0.185341103266	2088.31666667
2L_0606_30250001_30300000	30250001	30300000	inside	different_species_same_arrangement	440	0.124790560893	0.103755158103	2082.02954545
2L_0606_30250001_30300000	30250001	30300000	inside	different_species_opposite_arrangement	582	0.200445360912	0.201433428765	2071.06013746
2L_0607_30300001_30350000	30300001	30350000	inside	same_species_same_arrangement	236	0.0730670834268	0.0710896960712	2086.96610169
2L_0607_30300001_30350000	30300001	30350000	inside	same_species_opposite_arrangement	120	0.199620967796	0.199783103288	2090.325
2L_0607_30300001_30350000	30300001	30350000	inside	different_species_same_arrangement	440	0.127696010002	0.107011793275	2085.2
2L_0607_30300001_30350000	30300001	30350000	inside	different_species_opposite_arrangement	582	0.219747441529	0.220687955324	2077.03436426
2L_0608_30350001_30400000	30350001	30400000	inside	same_species_same_arrangement	236	0.0720442540877	0.0691327663919	1625.93220339
2L_0608_30350001_30400000	30350001	30400000	inside	same_species_opposite_arrangement	120	0.199458430578	0.199483560666	1628.64166667
2L_0608_30350001_30400000	30350001	30400000	inside	different_species_same_arrangement	440	0.126957799505	0.11041280525	1620.57727273
2L_0608_30350001_30400000	30350001	30400000	inside	different_species_opposite_arrangement	582	0.212794866551	0.213316892725	1615.78006873
2L_0609_30400001_30450000	30400001	30450000	inside	same_species_same_arrangement	236	0.0805076017123	0.0821895808904	1737.58050847
2L_0609_30400001_30450000	30400001	30450000	inside	same_species_opposite_arrangement	120	0.175199474389	0.176076585825	1728.63333333
2L_0609_30400001_30450000	30400001	30450000	inside	different_species_same_arrangement	440	0.131047642931	0.116163060778	1732.10681818
2L_0609_30400001_30450000	30400001	30450000	inside	different_species_opposite_arrangement	582	0.188031874995	0.188817359111	1727.96735395
2L_0610_30450001_30500000	30450001	30500000	inside	same_species_same_arrangement	236	0.084737585064	0.0805962918726	1720.75
2L_0610_30450001_30500000	30450001	30500000	inside	same_species_opposite_arrangement	120	0.159719518902	0.16037434356	1725.74166667
2L_0610_30450001_30500000	30450001	30500000	inside	different_species_same_arrangement	440	0.135730839643	0.121613844933	1714.84090909
2L_0610_30450001_30500000	30450001	30500000	inside	different_species_opposite_arrangement	582	0.187256880379	0.190207715134	1709.62714777
2L_0611_30500001_30550000	30500001	30550000	inside	same_species_same_arrangement	236	0.0916634573932	0.088661085704	2034.05932203
2L_0611_30500001_30550000	30500001	30550000	inside	same_species_opposite_arrangement	120	0.15791752228	0.158004500002	2045.80833333
2L_0611_30500001_30550000	30500001	30550000	inside	different_species_same_arrangement	440	0.142135449292	0.129720523868	2031.92272727
2L_0611_30500001_30550000	30500001	30550000	inside	different_species_opposite_arrangement	582	0.185588591799	0.187729621952	2024.39347079
2L_0612_30550001_30600000	30550001	30600000	inside	same_species_same_arrangement	236	0.087169438519	0.0866999904783	1856.45338983
2L_0612_30550001_30600000	30550001	30600000	inside	same_species_opposite_arrangement	120	0.16249479951	0.161431589717	1856.95
2L_0612_30550001_30600000	30550001	30600000	inside	different_species_same_arrangement	440	0.129428311033	0.119525861363	1852.70681818
2L_0612_30550001_30600000	30550001	30600000	inside	different_species_opposite_arrangement	582	0.17749112685	0.178332895552	1848.55498282
2L_0613_30600001_30650000	30600001	30650000	inside	same_species_same_arrangement	236	0.0787398016825	0.0758758115469	2089.36440678
2L_0613_30600001_30650000	30600001	30650000	inside	same_species_opposite_arrangement	120	0.166101932402	0.166178234459	2074.89166667
2L_0613_30600001_30650000	30600001	30650000	inside	different_species_same_arrangement	440	0.125131011036	0.112050141382	2085.18409091
2L_0613_30600001_30650000	30600001	30650000	inside	different_species_opposite_arrangement	582	0.179167400745	0.179275096457	2084.06185567
2L_0614_30650001_30700000	30650001	30700000	inside	same_species_same_arrangement	236	0.0821171652523	0.0809810809677	2269.34745763
2L_0614_30650001_30700000	30650001	30700000	inside	same_species_opposite_arrangement	120	0.166257470758	0.166776460255	2259.49166667
2L_0614_30650001_30700000	30650001	30700000	inside	different_species_same_arrangement	440	0.124913657821	0.115274171493	2264.00909091
2L_0614_30650001_30700000	30650001	30700000	inside	different_species_opposite_arrangement	582	0.189046810942	0.190216814709	2261.89347079
2L_0615_30700001_30750000	30700001	30750000	inside	same_species_same_arrangement	236	0.0784194844765	0.0764529961115	2008.56355932
2L_0615_30700001_30750000	30700001	30750000	inside	same_species_opposite_arrangement	120	0.168891691163	0.168984236334	2003.5
2L_0615_30700001_30750000	30700001	30750000	inside	different_species_same_arrangement	440	0.12830197746	0.115643628703	2003.90909091
2L_0615_30700001_30750000	30700001	30750000	inside	different_species_opposite_arrangement	582	0.183240621954	0.18421709541	2002.07216495
2L_0616_30750001_30800000	30750001	30800000	inside	same_species_same_arrangement	236	0.0760266690029	0.0776179575669	2061.28813559
2L_0616_30750001_30800000	30750001	30800000	inside	same_species_opposite_arrangement	120	0.18106967067	0.180965128502	2056.4
2L_0616_30750001_30800000	30750001	30800000	inside	different_species_same_arrangement	440	0.121515187907	0.106461975777	2055.13409091
2L_0616_30750001_30800000	30750001	30800000	inside	different_species_opposite_arrangement	582	0.189954976661	0.190019605374	2051.38659794
2L_0617_30800001_30850000	30800001	30850000	inside	same_species_same_arrangement	236	0.0772295859964	0.0764913593551	2250.58898305
2L_0617_30800001_30850000	30800001	30850000	inside	same_species_opposite_arrangement	120	0.18648217157	0.186318560184	2250.41666667
2L_0617_30800001_30850000	30800001	30850000	inside	different_species_same_arrangement	440	0.127091982105	0.11321145632	2244.97045455
2L_0617_30800001_30850000	30800001	30850000	inside	different_species_opposite_arrangement	582	0.201986524941	0.202434737144	2237.88316151
2L_0618_30850001_30900000	30850001	30900000	inside	same_species_same_arrangement	236	0.0773244503284	0.0768153950043	2316.78389831
2L_0618_30850001_30900000	30850001	30900000	inside	same_species_opposite_arrangement	120	0.173940465867	0.174312751952	2303.51666667
2L_0618_30850001_30900000	30850001	30900000	inside	different_species_same_arrangement	440	0.126356074793	0.112572906853	2309.28863636
2L_0618_30850001_30900000	30850001	30900000	inside	different_species_opposite_arrangement	582	0.190357154714	0.191557204766	2306.64089347
2L_0619_30900001_30950000	30900001	30950000	inside	same_species_same_arrangement	236	0.0780395975263	0.0780586094659	2230.83474576
2L_0619_30900001_30950000	30900001	30950000	inside	same_species_opposite_arrangement	120	0.183117019346	0.184351376128	2226.475
2L_0619_30900001_30950000	30900001	30950000	inside	different_species_same_arrangement	440	0.136382833256	0.12132808583	2224.71818182
2L_0619_30900001_30950000	30900001	30950000	inside	different_species_opposite_arrangement	582	0.203222772516	0.204499693285	2221.33848797
2L_0620_30950001_31000000	30950001	31000000	inside	same_species_same_arrangement	236	0.0769702600393	0.0765472975709	2128.88559322
2L_0620_30950001_31000000	30950001	31000000	inside	same_species_opposite_arrangement	120	0.1523250049	0.151009886066	2127.96666667
2L_0620_30950001_31000000	30950001	31000000	inside	different_species_same_arrangement	440	0.124504967236	0.110822925284	2126.15681818
2L_0620_30950001_31000000	30950001	31000000	inside	different_species_opposite_arrangement	582	0.176768008305	0.179432624113	2123.96391753
2L_0621_31000001_31050000	31000001	31050000	inside	same_species_same_arrangement	236	0.0852899194018	0.0830370746572	1948.75847458
2L_0621_31000001_31050000	31000001	31050000	inside	same_species_opposite_arrangement	120	0.143210978604	0.143320389954	1945.09166667
2L_0621_31000001_31050000	31000001	31050000	inside	different_species_same_arrangement	440	0.136224732809	0.130589219277	1937.93181818
2L_0621_31000001_31050000	31000001	31050000	inside	different_species_opposite_arrangement	582	0.168028381644	0.170806089274	1933.39175258
2L_0622_31050001_31100000	31050001	31100000	inside	same_species_same_arrangement	236	0.0892453023564	0.084815189891	2101.58898305
2L_0622_31050001_31100000	31050001	31100000	inside	same_species_opposite_arrangement	120	0.159998457237	0.158718904957	2113.44166667
2L_0622_31050001_31100000	31050001	31100000	inside	different_species_same_arrangement	440	0.149453172205	0.145017101417	2089.80681818
2L_0622_31050001_31100000	31050001	31100000	inside	different_species_opposite_arrangement	582	0.196027264334	0.200284720275	2079.8814433
2L_0623_31100001_31150000	31100001	31150000	inside	same_species_same_arrangement	236	0.0891045788764	0.0886907457119	2504.47457627
2L_0623_31100001_31150000	31100001	31150000	inside	same_species_opposite_arrangement	120	0.181120309325	0.18211141486	2505.4
2L_0623_31100001_31150000	31100001	31150000	inside	different_species_same_arrangement	440	0.14668499696	0.12687456754	2494.11136364
2L_0623_31100001_31150000	31100001	31150000	inside	different_species_opposite_arrangement	582	0.203123053325	0.204891308468	2479.66666667
2L_0624_31150001_31200000	31150001	31200000	inside	same_species_same_arrangement	236	0.0855380489547	0.083448613858	2191.88135593
2L_0624_31150001_31200000	31150001	31200000	inside	same_species_opposite_arrangement	120	0.16469635183	0.164392469827	2208.49166667
2L_0624_31150001_31200000	31150001	31200000	inside	different_species_same_arrangement	440	0.134826622883	0.120908396025	2188.525
2L_0624_31150001_31200000	31150001	31200000	inside	different_species_opposite_arrangement	582	0.179222644721	0.179918208439	2178.43127148
2L_0625_31200001_31250000	31200001	31250000	inside	same_species_same_arrangement	236	0.091852163724	0.0899700710237	2231.39830508
2L_0625_31200001_31250000	31200001	31250000	inside	same_species_opposite_arrangement	120	0.162768107912	0.162625345559	2237.51666667
2L_0625_31200001_31250000	31200001	31250000	inside	different_species_same_arrangement	440	0.139958493443	0.128878623872	2228.34090909
2L_0625_31200001_31250000	31200001	31250000	inside	different_species_opposite_arrangement	582	0.18703905412	0.188766358444	2219.99140893
2L_0626_31250001_31300000	31250001	31300000	inside	same_species_same_arrangement	236	0.0817339617643	0.0867574937156	2036.69915254
2L_0626_31250001_31300000	31250001	31300000	inside	same_species_opposite_arrangement	120	0.144351153169	0.143699285104	2016.775
2L_0626_31250001_31300000	31250001	31300000	inside	different_species_same_arrangement	440	0.130646718331	0.114849500785	2019.67272727
2L_0626_31250001_31300000	31250001	31300000	inside	different_species_opposite_arrangement	582	0.165611971717	0.165500857975	2019.10137457
2L_0627_31300001_31350000	31300001	31350000	inside	same_species_same_arrangement	236	0.0895629789283	0.0897794342268	2505.77542373
2L_0627_31300001_31350000	31300001	31350000	inside	same_species_opposite_arrangement	120	0.160659053169	0.161326941363	2517.98333333
2L_0627_31300001_31350000	31300001	31350000	inside	different_species_same_arrangement	440	0.134107176932	0.128101841167	2495.18409091
2L_0627_31300001_31350000	31300001	31350000	inside	different_species_opposite_arrangement	582	0.176813955372	0.177512511298	2484.02405498
2L_0628_31350001_31400000	31350001	31400000	inside	same_species_same_arrangement	236	0.0865767913415	0.0836665784156	2385.26271186
2L_0628_31350001_31400000	31350001	31400000	inside	same_species_opposite_arrangement	120	0.188881977402	0.192133553501	2375.63333333
2L_0628_31350001_31400000	31350001	31400000	inside	different_species_same_arrangement	440	0.137954922129	0.125574113135	2378.98636364
2L_0628_31350001_31400000	31350001	31400000	inside	different_species_opposite_arrangement	582	0.19774387151	0.202335391466	2366.89175258
2L_0629_31400001_31450000	31400001	31450000	inside	same_species_same_arrangement	236	0.0874519671962	0.0872194049931	2073.39830508
2L_0629_31400001_31450000	31400001	31450000	inside	same_species_opposite_arrangement	120	0.165372351338	0.165773767983	2062.56666667
2L_0629_31400001_31450000	31400001	31450000	inside	different_species_same_arrangement	440	0.130816814793	0.119041136929	2067
2L_0629_31400001_31450000	31400001	31450000	inside	different_species_opposite_arrangement	582	0.181678134775	0.180339834824	2063.73195876
2L_0630_31450001_31500000	31450001	31500000	inside	same_species_same_arrangement	236	0.0841083038718	0.0830999719317	2317.94067797
2L_0630_31450001_31500000	31450001	31500000	inside	same_species_opposite_arrangement	120	0.166818353809	0.166047052264	2312.25833333
2L_0630_31450001_31500000	31450001	31500000	inside	different_species_same_arrangement	440	0.129199403174	0.11674352751	2305.58636364
2L_0630_31450001_31500000	31450001	31500000	inside	different_species_opposite_arrangement	582	0.182428914817	0.182742756725	2300.24914089
2L_0631_31500001_31550000	31500001	31550000	inside	same_species_same_arrangement	236	0.0945161947655	0.0949551351486	2328.6059322
2L_0631_31500001_31550000	31500001	31550000	inside	same_species_opposite_arrangement	120	0.186980595513	0.187154386374	2331.5
2L_0631_31500001_31550000	31500001	31550000	inside	different_species_same_arrangement	440	0.152982479824	0.139834864268	2326.68181818
2L_0631_31500001_31550000	31500001	31550000	inside	different_species_opposite_arrangement	582	0.20171681356	0.201224882535	2317.57044674
2L_0632_31550001_31600000	31550001	31600000	inside	same_species_same_arrangement	236	0.0896902308558	0.0894102664853	1962.20338983
2L_0632_31550001_31600000	31550001	31600000	inside	same_species_opposite_arrangement	120	0.158905418585	0.15747124202	1954.94166667
2L_0632_31550001_31600000	31550001	31600000	inside	different_species_same_arrangement	440	0.138163902432	0.130131751308	1946.70227273
2L_0632_31550001_31600000	31550001	31600000	inside	different_species_opposite_arrangement	582	0.186350695016	0.187403752429	1942.51718213
2L_0633_31600001_31650000	31600001	31650000	inside	same_species_same_arrangement	236	0.0893084467544	0.0844322746621	2093.35169492
2L_0633_31600001_31650000	31600001	31650000	inside	same_species_opposite_arrangement	120	0.191995303087	0.191040541664	2092.64166667
2L_0633_31600001_31650000	31600001	31650000	inside	different_species_same_arrangement	440	0.154312885389	0.142155517014	2083.83181818
2L_0633_31600001_31650000	31600001	31650000	inside	different_species_opposite_arrangement	582	0.215615710017	0.219063019416	2076.01030928
2L_0634_31650001_31700000	31650001	31700000	inside	same_species_same_arrangement	236	0.084577621929	0.0826286816655	1848.38559322
2L_0634_31650001_31700000	31650001	31700000	inside	same_species_opposite_arrangement	120	0.187383483885	0.186071527948	1850.775
2L_0634_31650001_31700000	31650001	31700000	inside	different_species_same_arrangement	440	0.14771541596	0.126143426486	1847.17727273
2L_0634_31650001_31700000	31650001	31700000	inside	different_species_opposite_arrangement	582	0.210123723131	0.211793319831	1841.13745704
2L_0635_31700001_31750000	31700001	31750000	inside	same_species_same_arrangement	236	0.0859398177849	0.087191149192	2073.74152542
2L_0635_31700001_31750000	31700001	31750000	inside	same_species_opposite_arrangement	120	0.164345612139	0.163904643171	2077.35833333
2L_0635_31700001_31750000	31700001	31750000	inside	different_species_same_arrangement	440	0.13353000109	0.119702828598	2067.09545455
2L_0635_31700001_31750000	31700001	31750000	inside	different_species_opposite_arrangement	582	0.176128727628	0.17697802764	2060.65120275
2L_0636_31750001_31800000	31750001	31800000	inside	same_species_same_arrangement	236	0.0872579646942	0.0884831148865	2049.58050847
2L_0636_31750001_31800000	31750001	31800000	inside	same_species_opposite_arrangement	120	0.1623086666	0.162444821691	2044.1
2L_0636_31750001_31800000	31750001	31800000	inside	different_species_same_arrangement	440	0.14293538831	0.145097384767	2039.06590909
2L_0636_31750001_31800000	31750001	31800000	inside	different_species_opposite_arrangement	582	0.181950037034	0.183436652946	2030.59793814
2L_0637_31800001_31850000	31800001	31850000	inside	same_species_same_arrangement	236	0.0788104452663	0.0785852845344	2062.53813559
2L_0637_31800001_31850000	31800001	31850000	inside	same_species_opposite_arrangement	120	0.1810732317	0.180028614568	2053.36666667
2L_0637_31800001_31850000	31800001	31850000	inside	different_species_same_arrangement	440	0.131066746259	0.126168657612	2051.35454545
2L_0637_31800001_31850000	31800001	31850000	inside	different_species_opposite_arrangement	582	0.193711977676	0.193899773198	2045.50515464
2L_0638_31850001_31900000	31850001	31900000	inside	same_species_same_arrangement	236	0.0824820859744	0.083059869591	1676.09745763
2L_0638_31850001_31900000	31850001	31900000	inside	same_species_opposite_arrangement	120	0.167889578925	0.168546053429	1660.06666667
2L_0638_31850001_31900000	31850001	31900000	inside	different_species_same_arrangement	440	0.140243001927	0.139765105485	1666.33636364
2L_0638_31850001_31900000	31850001	31900000	inside	different_species_opposite_arrangement	582	0.183673993944	0.184512827271	1662.87628866
2L_0639_31900001_31950000	31900001	31950000	inside	same_species_same_arrangement	236	0.0799569679753	0.07819901935	1800.78389831
2L_0639_31900001_31950000	31900001	31950000	inside	same_species_opposite_arrangement	120	0.144646306277	0.14574625356	1797.275
2L_0639_31900001_31950000	31900001	31950000	inside	different_species_same_arrangement	440	0.120492956182	0.112674079405	1797.71136364
2L_0639_31900001_31950000	31900001	31950000	inside	different_species_opposite_arrangement	582	0.165027627532	0.165739212154	1796.68213058
2L_0640_31950001_32000000	31950001	32000000	inside	same_species_same_arrangement	236	0.07618213506	0.0758755537099	1803.4279661
2L_0640_31950001_32000000	31950001	32000000	inside	same_species_opposite_arrangement	120	0.162956389104	0.163262258763	1804.98333333
2L_0640_31950001_32000000	31950001	32000000	inside	different_species_same_arrangement	440	0.147336292216	0.136919634576	1801.56363636
2L_0640_31950001_32000000	31950001	32000000	inside	different_species_opposite_arrangement	582	0.196514856612	0.201805421682	1799.77491409
2L_0641_32000001_32050000	32000001	32050000	inside	same_species_same_arrangement	236	0.0807232606526	0.0771264002381	2180.16101695
2L_0641_32000001_32050000	32000001	32050000	inside	same_species_opposite_arrangement	120	0.180663183954	0.180968469379	2176.35
2L_0641_32000001_32050000	32000001	32050000	inside	different_species_same_arrangement	440	0.130506380438	0.122693719086	2174.91363636
2L_0641_32000001_32050000	32000001	32050000	inside	different_species_opposite_arrangement	582	0.188157681986	0.188389181329	2171.47938144
2L_0642_32050001_32100000	32050001	32100000	inside	same_species_same_arrangement	236	0.0772948013251	0.0785763771025	2347.96610169
2L_0642_32050001_32100000	32050001	32100000	inside	same_species_opposite_arrangement	120	0.172531937296	0.172233591713	2322.23333333
2L_0642_32050001_32100000	32050001	32100000	inside	different_species_same_arrangement	440	0.128998423117	0.116455492687	2335.45227273
2L_0642_32050001_32100000	32050001	32100000	inside	different_species_opposite_arrangement	582	0.181555273696	0.181798850845	2332.28694158
2L_0643_32100001_32150000	32100001	32150000	inside	same_species_same_arrangement	236	0.0781833547772	0.0807707848959	2446.91101695
2L_0643_32100001_32150000	32100001	32150000	inside	same_species_opposite_arrangement	120	0.192377649879	0.192212508486	2434.96666667
2L_0643_32100001_32150000	32100001	32150000	inside	different_species_same_arrangement	440	0.132540920157	0.114922631754	2432.66363636
2L_0643_32100001_32150000	32100001	32150000	inside	different_species_opposite_arrangement	582	0.200806946788	0.20078506312	2422.47938144
2L_0644_32150001_32200000	32150001	32200000	inside	same_species_same_arrangement	236	0.0808247557939	0.0805691973898	2324.75423729
2L_0644_32150001_32200000	32150001	32200000	inside	same_species_opposite_arrangement	120	0.174565521058	0.174817636232	2293.68333333
2L_0644_32150001_32200000	32150001	32200000	inside	different_species_same_arrangement	440	0.135315636522	0.129262601421	2307.46363636
2L_0644_32150001_32200000	32150001	32200000	inside	different_species_opposite_arrangement	582	0.189172448394	0.190371956031	2307.06701031
2L_0645_32200001_32250000	32200001	32250000	inside	same_species_same_arrangement	236	0.0816177578194	0.0822761780707	2541.15677966
2L_0645_32200001_32250000	32200001	32250000	inside	same_species_opposite_arrangement	120	0.16672504301	0.166732090307	2550.33333333
2L_0645_32200001_32250000	32200001	32250000	inside	different_species_same_arrangement	440	0.132200234134	0.11735099123	2523.23181818
2L_0645_32200001_32250000	32200001	32250000	inside	different_species_opposite_arrangement	582	0.180057707559	0.180299663479	2513.82474227
2L_0646_32250001_32300000	32250001	32300000	inside	same_species_same_arrangement	236	0.0787236450703	0.0820100522913	1947.77966102
2L_0646_32250001_32300000	32250001	32300000	inside	same_species_opposite_arrangement	120	0.166677940546	0.167221063273	1951.60833333
2L_0646_32250001_32300000	32250001	32300000	inside	different_species_same_arrangement	440	0.140150734033	0.130289047814	1942.47954545
2L_0646_32250001_32300000	32250001	32300000	inside	different_species_opposite_arrangement	582	0.188538317282	0.190586476718	1938.69072165
2L_0647_32300001_32350000	32300001	32350000	inside	same_species_same_arrangement	236	0.0899084360809	0.090001983422	2270.61440678
2L_0647_32300001_32350000	32300001	32350000	inside	same_species_opposite_arrangement	120	0.162196746576	0.162950002588	2284.625
2L_0647_32300001_32350000	32300001	32350000	inside	different_species_same_arrangement	440	0.141271915391	0.132392049526	2264.97954545
2L_0647_32300001_32350000	32300001	32350000	inside	different_species_opposite_arrangement	582	0.18378455979	0.185294781017	2253.33161512
2L_0648_32350001_32400000	32350001	32400000	inside	same_species_same_arrangement	236	0.10285946834	0.105286054417	1723.27542373
2L_0648_32350001_32400000	32350001	32400000	inside	same_species_opposite_arrangement	120	0.189095709764	0.189614237929	1715.79166667
2L_0648_32350001_32400000	32350001	32400000	inside	different_species_same_arrangement	440	0.15766051655	0.14836250445	1716.41590909
2L_0648_32350001_32400000	32350001	32400000	inside	different_species_opposite_arrangement	582	0.205448023735	0.20775930087	1713.26460481
2L_0649_32400001_32450000	32400001	32450000	inside	same_species_same_arrangement	236	0.0883521425191	0.0858840369746	2171.1779661
2L_0649_32400001_32450000	32400001	32450000	inside	same_species_opposite_arrangement	120	0.186809584487	0.186770459408	2155.84166667
2L_0649_32400001_32450000	32400001	32450000	inside	different_species_same_arrangement	440	0.138467405386	0.128120475913	2160.96590909
2L_0649_32400001_32450000	32400001	32450000	inside	different_species_opposite_arrangement	582	0.197878749287	0.198960817078	2156.33505155
2L_0650_32450001_32500000	32450001	32500000	inside	same_species_same_arrangement	236	0.0871116262748	0.0805722940208	2111.36864407
2L_0650_32450001_32500000	32450001	32500000	inside	same_species_opposite_arrangement	120	0.155939581269	0.156593750264	2100.175
2L_0650_32450001_32500000	32450001	32500000	inside	different_species_same_arrangement	440	0.130596146164	0.121113970084	2103.57954545
2L_0650_32450001_32500000	32450001	32500000	inside	different_species_opposite_arrangement	582	0.169522271757	0.169676861163	2102.34020619
2L_0651_32500001_32550000	32500001	32550000	inside	same_species_same_arrangement	236	0.0932533609319	0.0920227078846	2325.00423729
2L_0651_32500001_32550000	32500001	32550000	inside	same_species_opposite_arrangement	120	0.163057724306	0.163165726088	2324.775
2L_0651_32500001_32550000	32500001	32550000	inside	different_species_same_arrangement	440	0.13511977611	0.130344207044	2320.75681818
2L_0651_32500001_32550000	32500001	32550000	inside	different_species_opposite_arrangement	582	0.176639715421	0.177259013623	2314.4347079
2L_0652_32550001_32600000	32550001	32600000	inside	same_species_same_arrangement	236	0.089322010159	0.0880675472736	2171.90254237
2L_0652_32550001_32600000	32550001	32600000	inside	same_species_opposite_arrangement	120	0.142692946992	0.14259177593	2175.3
2L_0652_32550001_32600000	32550001	32600000	inside	different_species_same_arrangement	440	0.130062432817	0.125578743894	2168.54545455
2L_0652_32550001_32600000	32550001	32600000	inside	different_species_opposite_arrangement	582	0.162666114946	0.163098577456	2164.29896907
2L_0653_32600001_32650000	32600001	32650000	inside	same_species_same_arrangement	236	0.0968640864619	0.0955639772636	2116.04237288
2L_0653_32600001_32650000	32600001	32650000	inside	same_species_opposite_arrangement	120	0.153800139042	0.153900377964	2121.475
2L_0653_32600001_32650000	32600001	32650000	inside	different_species_same_arrangement	440	0.154856345014	0.148779985129	2111.68181818
2L_0653_32600001_32650000	32600001	32650000	inside	different_species_opposite_arrangement	582	0.189236804437	0.194135740342	2106.58934708
2L_0654_32650001_32700000	32650001	32700000	inside	same_species_same_arrangement	236	0.0872470980968	0.0904191479352	2060.16101695
2L_0654_32650001_32700000	32650001	32700000	inside	same_species_opposite_arrangement	120	0.166786141252	0.167469881197	2065.9
2L_0654_32650001_32700000	32650001	32700000	inside	different_species_same_arrangement	440	0.135361399893	0.123530816872	2051.56363636
2L_0654_32650001_32700000	32650001	32700000	inside	different_species_opposite_arrangement	582	0.182732212072	0.183206646466	2044.66666667
2L_0655_32700001_32750000	32700001	32750000	inside	same_species_same_arrangement	236	0.0862800500597	0.0898701238937	2173.87288136
2L_0655_32700001_32750000	32700001	32750000	inside	same_species_opposite_arrangement	120	0.175979932199	0.178331988628	2161.85
2L_0655_32700001_32750000	32700001	32750000	inside	different_species_same_arrangement	440	0.134128232701	0.129166666667	2164.63181818
2L_0655_32700001_32750000	32700001	32750000	inside	different_species_opposite_arrangement	582	0.188694005311	0.190126344623	2162.01718213
2L_0656_32750001_32800000	32750001	32800000	inside	same_species_same_arrangement	236	0.0828986996864	0.0836298122541	2241.6059322
2L_0656_32750001_32800000	32750001	32800000	inside	same_species_opposite_arrangement	120	0.170167953274	0.172325049293	2239.30833333
2L_0656_32750001_32800000	32750001	32800000	inside	different_species_same_arrangement	440	0.127487163738	0.119428180984	2236.63181818
2L_0656_32750001_32800000	32750001	32800000	inside	different_species_opposite_arrangement	582	0.182998136746	0.184092636236	2230.74914089
2L_0657_32800001_32850000	32800001	32850000	inside	same_species_same_arrangement	236	0.0924375725297	0.0896659866133	2200.45338983
2L_0657_32800001_32850000	32800001	32850000	inside	same_species_opposite_arrangement	120	0.164899596659	0.164771250241	2170.19166667
2L_0657_32800001_32850000	32800001	32850000	inside	different_species_same_arrangement	440	0.134763883731	0.13055944994	2189.84545455
2L_0657_32800001_32850000	32800001	32850000	inside	different_species_opposite_arrangement	582	0.176720163271	0.177521441394	2190.69243986
2L_0658_32850001_32900000	32850001	32900000	inside	same_species_same_arrangement	236	0.0979194515406	0.0975889823448	2170.81779661
2L_0658_32850001_32900000	32850001	32900000	inside	same_species_opposite_arrangement	120	0.158464984919	0.158620852936	2169.95833333
2L_0658_32850001_32900000	32850001	32900000	inside	different_species_same_arrangement	440	0.139357175009	0.134226010811	2165.17045455
2L_0658_32850001_32900000	32850001	32900000	inside	different_species_opposite_arrangement	582	0.174958773336	0.175875842837	2160.64089347
2L_0659_32900001_32950000	32900001	32950000	inside	same_species_same_arrangement	236	0.0845144166183	0.0855946292363	2414.19915254
2L_0659_32900001_32950000	32900001	32950000	inside	same_species_opposite_arrangement	120	0.153082480643	0.152698211964	2408.825
2L_0659_32900001_32950000	32900001	32950000	inside	different_species_same_arrangement	440	0.123104969504	0.113320500185	2408.00454545
2L_0659_32900001_32950000	32900001	32950000	inside	different_species_opposite_arrangement	582	0.163242986217	0.163577609573	2400.9862543
2L_0660_32950001_33000000	32950001	33000000	inside	same_species_same_arrangement	236	0.085980833292	0.0886309210415	2392.25
2L_0660_32950001_33000000	32950001	33000000	inside	same_species_opposite_arrangement	120	0.158186882094	0.157238744857	2380.38333333
2L_0660_32950001_33000000	32950001	33000000	inside	different_species_same_arrangement	440	0.132589245262	0.12661985959	2378.59545455
2L_0660_32950001_33000000	32950001	33000000	inside	different_species_opposite_arrangement	582	0.179285980523	0.180618233104	2374.67525773
2L_0661_33000001_33050000	33000001	33050000	inside	same_species_same_arrangement	236	0.0859514566262	0.0877395555753	2194.77118644
2L_0661_33000001_33050000	33000001	33050000	inside	same_species_opposite_arrangement	120	0.165314061899	0.164474053963	2184.9
2L_0661_33000001_33050000	33000001	33050000	inside	different_species_same_arrangement	440	0.130898940056	0.122656589586	2185.48636364
2L_0661_33000001_33050000	33000001	33050000	inside	different_species_opposite_arrangement	582	0.18363675825	0.18546744288	2181.26460481
2L_0662_33050001_33100000	33050001	33100000	inside	same_species_same_arrangement	236	0.0845390816422	0.0834229772478	2364.20762712
2L_0662_33050001_33100000	33050001	33100000	inside	same_species_opposite_arrangement	120	0.146773976656	0.147394321981	2352.08333333
2L_0662_33050001_33100000	33050001	33100000	inside	different_species_same_arrangement	440	0.146640726833	0.149320077217	2346.11136364
2L_0662_33050001_33100000	33050001	33100000	inside	different_species_opposite_arrangement	582	0.173708694065	0.175872510607	2340.36597938
2L_0663_33100001_33150000	33100001	33150000	inside	same_species_same_arrangement	236	0.0759301855634	0.0747541201489	2484.11016949
2L_0663_33100001_33150000	33100001	33150000	inside	same_species_opposite_arrangement	120	0.144558968201	0.142186314848	2515.55
2L_0663_33100001_33150000	33100001	33150000	inside	different_species_same_arrangement	440	0.139619520806	0.140382280283	2462.51363636
2L_0663_33100001_33150000	33100001	33150000	inside	different_species_opposite_arrangement	582	0.174178737767	0.175838545318	2446.70618557
2L_0664_33150001_33200000	33150001	33200000	inside	same_species_same_arrangement	236	0.0878399810711	0.089726655348	2443.88559322
2L_0664_33150001_33200000	33150001	33200000	inside	same_species_opposite_arrangement	120	0.162828282269	0.163176653634	2423.2
2L_0664_33150001_33200000	33150001	33200000	inside	different_species_same_arrangement	440	0.134678163232	0.117777607995	2422.75681818
2L_0664_33150001_33200000	33150001	33200000	inside	different_species_opposite_arrangement	582	0.181050712222	0.184111373847	2414.65120275
2L_0665_33200001_33250000	33200001	33250000	inside	same_species_same_arrangement	236	0.0755373569977	0.0746942492844	2174.66525424
2L_0665_33200001_33250000	33200001	33250000	inside	same_species_opposite_arrangement	120	0.16824419329	0.167773531163	2176.375
2L_0665_33200001_33250000	33200001	33250000	inside	different_species_same_arrangement	440	0.128287227848	0.116485611557	2169.03636364
2L_0665_33200001_33250000	33200001	33250000	inside	different_species_opposite_arrangement	582	0.184342118748	0.18480285542	2165.35051546
2L_0666_33250001_33300000	33250001	33300000	inside	same_species_same_arrangement	236	0.0806448081127	0.0791022844535	2053.47457627
2L_0666_33250001_33300000	33250001	33300000	inside	same_species_opposite_arrangement	120	0.179064859753	0.180711197283	2049.25833333
2L_0666_33250001_33300000	33250001	33300000	inside	different_species_same_arrangement	440	0.136240320345	0.12920654279	2042.80454545
2L_0666_33250001_33300000	33250001	33300000	inside	different_species_opposite_arrangement	582	0.197496352433	0.197894027726	2034.97938144
2L_0667_33300001_33350000	33300001	33350000	inside	same_species_same_arrangement	236	0.078427543331	0.0784572805336	1901.27966102
2L_0667_33300001_33350000	33300001	33350000	inside	same_species_opposite_arrangement	120	0.205401093655	0.206828177725	1895.98333333
2L_0667_33300001_33350000	33300001	33350000	inside	different_species_same_arrangement	440	0.141206030121	0.117327965008	1894.38181818
2L_0667_33300001_33350000	33300001	33350000	inside	different_species_opposite_arrangement	582	0.221938285295	0.22186836518	1888.20274914
2L_0668_33350001_33400000	33350001	33400000	inside	same_species_same_arrangement	236	0.080273977114	0.0821592497055	2357.97033898
2L_0668_33350001_33400000	33350001	33400000	inside	same_species_opposite_arrangement	120	0.171897329621	0.170353095283	2354.775
2L_0668_33350001_33400000	33350001	33400000	inside	different_species_same_arrangement	440	0.129175791596	0.117429856921	2347.52727273
2L_0668_33350001_33400000	33350001	33400000	inside	different_species_opposite_arrangement	582	0.188176238875	0.188599266709	2341.8161512
2L_0669_33400001_33450000	33400001	33450000	inside	same_species_same_arrangement	236	0.0751244509338	0.0737346298352	1963.72881356
2L_0669_33400001_33450000	33400001	33450000	inside	same_species_opposite_arrangement	120	0.172706900276	0.172783232131	1963.15
2L_0669_33400001_33450000	33400001	33450000	inside	different_species_same_arrangement	440	0.127748625188	0.117141361463	1956.64772727
2L_0669_33400001_33450000	33400001	33450000	inside	different_species_opposite_arrangement	582	0.190047238673	0.190911415846	1949.9862543
2L_0670_33450001_33500000	33450001	33500000	inside	same_species_same_arrangement	236	0.076909607985	0.0761005822794	2301.76694915
2L_0670_33450001_33500000	33450001	33500000	inside	same_species_opposite_arrangement	120	0.176193600506	0.177954124014	2301.06666667
2L_0670_33450001_33500000	33450001	33500000	inside	different_species_same_arrangement	440	0.132429022305	0.114976909955	2287.21363636
2L_0670_33450001_33500000	33450001	33500000	inside	different_species_opposite_arrangement	582	0.193350196314	0.190729656809	2279.29037801
2L_0671_33500001_33550000	33500001	33550000	inside	same_species_same_arrangement	236	0.0778879005928	0.0744834559978	2065.54661017
2L_0671_33500001_33550000	33500001	33550000	inside	same_species_opposite_arrangement	120	0.179868425358	0.179558938536	2057.65
2L_0671_33500001_33550000	33500001	33550000	inside	different_species_same_arrangement	440	0.135554766804	0.118257562759	2061.92045455
2L_0671_33500001_33550000	33500001	33550000	inside	different_species_opposite_arrangement	582	0.192389180344	0.192587285729	2059.17869416
2L_0672_33550001_33600000	33550001	33600000	inside	same_species_same_arrangement	236	0.077230854582	0.0755997303474	2071.69491525
2L_0672_33550001_33600000	33550001	33600000	inside	same_species_opposite_arrangement	120	0.176916483809	0.177090832244	2070.14166667
2L_0672_33550001_33600000	33550001	33600000	inside	different_species_same_arrangement	440	0.131713736358	0.1205220045	2061.68636364
2L_0672_33550001_33600000	33550001	33600000	inside	different_species_opposite_arrangement	582	0.186131630633	0.186548765299	2056.79037801
2L_0673_33600001_33650000	33600001	33650000	inside	same_species_same_arrangement	236	0.0720182267311	0.0693958292173	2185.18644068
2L_0673_33600001_33650000	33600001	33650000	inside	same_species_opposite_arrangement	120	0.168228136115	0.16777453125	2182.55833333
2L_0673_33600001_33650000	33600001	33650000	inside	different_species_same_arrangement	440	0.121340479326	0.106236976611	2180.86590909
2L_0673_33600001_33650000	33600001	33650000	inside	different_species_opposite_arrangement	582	0.178774600831	0.179213072962	2177.43986254
2L_0674_33650001_33700000	33650001	33700000	inside	same_species_same_arrangement	236	0.0747014526531	0.0725787447689	2080.65254237
2L_0674_33650001_33700000	33650001	33700000	inside	same_species_opposite_arrangement	120	0.187930686141	0.187710731788	2082.4
2L_0674_33650001_33700000	33650001	33700000	inside	different_species_same_arrangement	440	0.130912549262	0.113609190905	2077.70454545
2L_0674_33650001_33700000	33650001	33700000	inside	different_species_opposite_arrangement	582	0.190000091094	0.189908392589	2073.6838488
2L_0675_33700001_33750000	33700001	33750000	inside	same_species_same_arrangement	236	0.0748882272642	0.0749228651331	2287.46610169
2L_0675_33700001_33750000	33700001	33750000	inside	same_species_opposite_arrangement	120	0.186721877	0.186843935185	2270.75
2L_0675_33700001_33750000	33700001	33750000	inside	different_species_same_arrangement	440	0.128095150542	0.112945801442	2280.34772727
2L_0675_33700001_33750000	33700001	33750000	inside	different_species_opposite_arrangement	582	0.196763712213	0.196956459618	2277.72680412
2L_0676_33750001_33800000	33750001	33800000	inside	same_species_same_arrangement	236	0.0796420592001	0.0807295995963	1904.74152542
2L_0676_33750001_33800000	33750001	33800000	inside	same_species_opposite_arrangement	120	0.172612291539	0.17281260627	1896.65833333
2L_0676_33750001_33800000	33750001	33800000	inside	different_species_same_arrangement	440	0.12978138531	0.112843773935	1901.29545455
2L_0676_33750001_33800000	33750001	33800000	inside	different_species_opposite_arrangement	582	0.18498227578	0.185541202044	1898.32646048
2L_0677_33800001_33850000	33800001	33850000	inside	same_species_same_arrangement	236	0.0805608445176	0.0762982109341	2140.04661017
2L_0677_33800001_33850000	33800001	33850000	inside	same_species_opposite_arrangement	120	0.17201277873	0.172224745779	2137.44166667
2L_0677_33800001_33850000	33800001	33850000	inside	different_species_same_arrangement	440	0.128584198998	0.11815629387	2133.70681818
2L_0677_33800001_33850000	33800001	33850000	inside	different_species_opposite_arrangement	582	0.183080880324	0.183485152729	2129.43127148
2L_0678_33850001_33900000	33850001	33900000	inside	same_species_same_arrangement	236	0.0783364866466	0.0773793971678	2131.1440678
2L_0678_33850001_33900000	33850001	33900000	inside	same_species_opposite_arrangement	120	0.164415428046	0.164179247344	2112.2
2L_0678_33850001_33900000	33850001	33900000	inside	different_species_same_arrangement	440	0.121841105599	0.112588894373	2123.30227273
2L_0678_33850001_33900000	33850001	33900000	inside	different_species_opposite_arrangement	582	0.175277477854	0.175926031757	2123.19243986
2L_0679_33900001_33950000	33900001	33950000	inside	same_species_same_arrangement	236	0.0853771605523	0.0853513607947	2143.09322034
2L_0679_33900001_33950000	33900001	33950000	inside	same_species_opposite_arrangement	120	0.169919162873	0.17047978555	2119.425
2L_0679_33900001_33950000	33900001	33950000	inside	different_species_same_arrangement	440	0.13095697427	0.122198688757	2126.09090909
2L_0679_33900001_33950000	33900001	33950000	inside	different_species_opposite_arrangement	582	0.181453918666	0.182396375887	2127.6975945
2L_0680_33950001_34000000	33950001	34000000	inside	same_species_same_arrangement	236	0.0808756116613	0.0755657949227	2039.13559322
2L_0680_33950001_34000000	33950001	34000000	inside	same_species_opposite_arrangement	120	0.165153144157	0.165824258573	2047.75833333
2L_0680_33950001_34000000	33950001	34000000	inside	different_species_same_arrangement	440	0.13422237907	0.136938429427	2034.82727273
2L_0680_33950001_34000000	33950001	34000000	inside	different_species_opposite_arrangement	582	0.187296623965	0.188924016429	2024.77491409
2L_0681_34000001_34050000	34000001	34050000	inside	same_species_same_arrangement	236	0.0802037214731	0.0809832426628	2250.73305085
2L_0681_34000001_34050000	34000001	34050000	inside	same_species_opposite_arrangement	120	0.171087431792	0.171053151714	2249.3
2L_0681_34000001_34050000	34000001	34050000	inside	different_species_same_arrangement	440	0.126013240269	0.113419256728	2250.04318182
2L_0681_34000001_34050000	34000001	34050000	inside	different_species_opposite_arrangement	582	0.184282943439	0.184712678105	2244.39862543
2L_0682_34050001_34100000	34050001	34100000	inside	same_species_same_arrangement	236	0.0830968029045	0.0831899361468	2061.19915254
2L_0682_34050001_34100000	34050001	34100000	inside	same_species_opposite_arrangement	120	0.167640696668	0.169185455661	2055.53333333
2L_0682_34050001_34100000	34050001	34100000	inside	different_species_same_arrangement	440	0.12986297377	0.115636329485	2055.79090909
2L_0682_34050001_34100000	34050001	34100000	inside	different_species_opposite_arrangement	582	0.184858708789	0.184479143508	2051.58934708
2L_0683_34100001_34150000	34100001	34150000	inside	same_species_same_arrangement	236	0.0870411595772	0.0856558150254	2118.80508475
2L_0683_34100001_34150000	34100001	34150000	inside	same_species_opposite_arrangement	120	0.178396945497	0.179911105698	2102.48333333
2L_0683_34100001_34150000	34100001	34150000	inside	different_species_same_arrangement	440	0.148189088573	0.125087513901	2103.65909091
2L_0683_34100001_34150000	34100001	34150000	inside	different_species_opposite_arrangement	582	0.214334811643	0.219175060565	2095.35910653
2L_0684_34150001_34200000	34150001	34200000	inside	same_species_same_arrangement	236	0.0825033682066	0.0848785782119	2149.22881356
2L_0684_34150001_34200000	34150001	34200000	inside	same_species_opposite_arrangement	120	0.173430621661	0.17367460184	2161.03333333
2L_0684_34150001_34200000	34150001	34200000	inside	different_species_same_arrangement	440	0.134328512826	0.120709456347	2134.65454545
2L_0684_34150001_34200000	34150001	34200000	inside	different_species_opposite_arrangement	582	0.19664834702	0.198065890735	2123.46735395
2L_0685_34200001_34250000	34200001	34250000	inside	same_species_same_arrangement	236	0.083086139295	0.0826061233106	1826.00847458
2L_0685_34200001_34250000	34200001	34250000	inside	same_species_opposite_arrangement	120	0.159416085472	0.160099651251	1830.51666667
2L_0685_34200001_34250000	34200001	34250000	inside	different_species_same_arrangement	440	0.146284537235	0.135516542575	1815.97727273
2L_0685_34200001_34250000	34200001	34250000	inside	different_species_opposite_arrangement	582	0.190849438442	0.194115901845	1807.9347079
2L_0686_34250001_34300000	34250001	34300000	inside	same_species_same_arrangement	236	0.0792923878073	0.0762496571284	1941.45762712
2L_0686_34250001_34300000	34250001	34300000	inside	same_species_opposite_arrangement	120	0.170455172588	0.169128884361	1943.075
2L_0686_34250001_34300000	34250001	34300000	inside	different_species_same_arrangement	440	0.14396635994	0.124330822216	1933.51590909
2L_0686_34250001_34300000	34250001	34300000	inside	different_species_opposite_arrangement	582	0.201078144209	0.206740250588	1929.49312715
2L_0687_34300001_34350000	34300001	34350000	inside	same_species_same_arrangement	236	0.0679255669095	0.0654796723344	1743.27118644
2L_0687_34300001_34350000	34300001	34350000	inside	same_species_opposite_arrangement	120	0.211956782177	0.211427429384	1718.3
2L_0687_34300001_34350000	34300001	34350000	inside	different_species_same_arrangement	440	0.132056146244	0.115450844207	1732.47272727
2L_0687_34300001_34350000	34300001	34350000	inside	different_species_opposite_arrangement	582	0.217153969176	0.216293588346	1734.16151203
2L_0688_34350001_34400000	34350001	34400000	inside	same_species_same_arrangement	236	0.0680511677034	0.0659136047666	2089.36440678
2L_0688_34350001_34400000	34350001	34400000	inside	same_species_opposite_arrangement	120	0.218655453507	0.21929477291	2092.13333333
2L_0688_34350001_34400000	34350001	34400000	inside	different_species_same_arrangement	440	0.126074934751	0.105419607762	2083.45
2L_0688_34350001_34400000	34350001	34400000	inside	different_species_opposite_arrangement	582	0.225781201574	0.226532484871	2075.4209622
2L_0689_34400001_34450000	34400001	34450000	inside	same_species_same_arrangement	236	0.0738817441428	0.0737371491424	2198.86440678
2L_0689_34400001_34450000	34400001	34450000	inside	same_species_opposite_arrangement	120	0.196393110243	0.196780480113	2193.075
2L_0689_34400001_34450000	34400001	34450000	inside	different_species_same_arrangement	440	0.130174099069	0.110258889562	2191.41363636
2L_0689_34400001_34450000	34400001	34450000	inside	different_species_opposite_arrangement	582	0.206094415993	0.207039713331	2185.87972509
2L_0690_34450001_34500000	34450001	34500000	inside	same_species_same_arrangement	236	0.0755958168991	0.0736746399041	2019.08898305
2L_0690_34450001_34500000	34450001	34500000	inside	same_species_opposite_arrangement	120	0.17530094764	0.174789859799	2013.225
2L_0690_34450001_34500000	34450001	34500000	inside	different_species_same_arrangement	440	0.122530853124	0.111208052559	2013.85454545
2L_0690_34450001_34500000	34450001	34500000	inside	different_species_opposite_arrangement	582	0.19074353158	0.190809190809	2009.63230241
2L_0691_34500001_34550000	34500001	34550000	inside	same_species_same_arrangement	236	0.0796427017365	0.0779714156933	2243.16101695
2L_0691_34500001_34550000	34500001	34550000	inside	same_species_opposite_arrangement	120	0.183961441651	0.185599632937	2227.54166667
2L_0691_34500001_34550000	34500001	34550000	inside	different_species_same_arrangement	440	0.130727167407	0.113865855484	2233.65909091
2L_0691_34500001_34550000	34500001	34550000	inside	different_species_opposite_arrangement	582	0.193233975423	0.193465383804	2230.33333333
2L_0692_34550001_34600000	34550001	34600000	inside	same_species_same_arrangement	236	0.0730633039869	0.0733001021213	2115.42372881
2L_0692_34550001_34600000	34550001	34600000	inside	same_species_opposite_arrangement	120	0.150732261774	0.152132750913	2119.64166667
2L_0692_34550001_34600000	34550001	34600000	inside	different_species_same_arrangement	440	0.114839435061	0.101158264491	2113.27954545
2L_0692_34550001_34600000	34550001	34600000	inside	different_species_opposite_arrangement	582	0.16842374962	0.170627505268	2108.97079038
2L_0693_34600001_34650000	34600001	34650000	inside	same_species_same_arrangement	236	0.0807596892669	0.0804548114209	2204.03813559
2L_0693_34600001_34650000	34600001	34650000	inside	same_species_opposite_arrangement	120	0.15335990688	0.158037567296	2204.575
2L_0693_34600001_34650000	34600001	34650000	inside	different_species_same_arrangement	440	0.127634018301	0.117384098074	2201.18181818
2L_0693_34600001_34650000	34600001	34650000	inside	different_species_opposite_arrangement	582	0.173503491591	0.174886348117	2196.36254296
2L_0694_34650001_34700000	34650001	34700000	inside	same_species_same_arrangement	236	0.0813982640441	0.0768162726926	1772.81779661
2L_0694_34650001_34700000	34650001	34700000	inside	same_species_opposite_arrangement	120	0.165606130247	0.165121500548	1758
2L_0694_34650001_34700000	34650001	34700000	inside	different_species_same_arrangement	440	0.130022219197	0.12437325205	1762.05454545
2L_0694_34650001_34700000	34650001	34700000	inside	different_species_opposite_arrangement	582	0.186068024747	0.185906657608	1762.41237113
2L_0695_34700001_34750000	34700001	34750000	inside	same_species_same_arrangement	236	0.0786170455906	0.0735288937479	1750.54237288
2L_0695_34700001_34750000	34700001	34750000	inside	same_species_opposite_arrangement	120	0.169437000012	0.172447808697	1743.5
2L_0695_34700001_34750000	34700001	34750000	inside	different_species_same_arrangement	440	0.130088567365	0.123180178542	1744.41136364
2L_0695_34700001_34750000	34700001	34750000	inside	different_species_opposite_arrangement	582	0.198623253873	0.19894614476	1744.1580756
2L_0696_34750001_34800000	34750001	34800000	inside	same_species_same_arrangement	236	0.077595851679	0.0748297297497	1770.88135593
2L_0696_34750001_34800000	34750001	34800000	inside	same_species_opposite_arrangement	120	0.166406715755	0.166336577819	1769.55
2L_0696_34750001_34800000	34750001	34800000	inside	different_species_same_arrangement	440	0.13815977315	0.133951474102	1762.55681818
2L_0696_34750001_34800000	34750001	34800000	inside	different_species_opposite_arrangement	582	0.203387057824	0.206059538095	1760.48969072
2L_0697_34800001_34850000	34800001	34850000	inside	same_species_same_arrangement	236	0.0649799043568	0.0644671856688	1991.58050847
2L_0697_34800001_34850000	34800001	34850000	inside	same_species_opposite_arrangement	120	0.211027545893	0.210361629704	1993.36666667
2L_0697_34800001_34850000	34800001	34850000	inside	different_species_same_arrangement	440	0.121473781182	0.0988996406428	1984.925
2L_0697_34800001_34850000	34800001	34850000	inside	different_species_opposite_arrangement	582	0.224935426736	0.225535168196	1979.64261168
2L_0698_34850001_34900000	34850001	34900000	inside	same_species_same_arrangement	236	0.0761113889082	0.0751614490345	1940.13135593
2L_0698_34850001_34900000	34850001	34900000	inside	same_species_opposite_arrangement	120	0.18826244845	0.188364876286	1949.975
2L_0698_34850001_34900000	34850001	34900000	inside	different_species_same_arrangement	440	0.128281759144	0.109867889965	1933.05
2L_0698_34850001_34900000	34850001	34900000	inside	different_species_opposite_arrangement	582	0.201399492789	0.202105014715	1924.28006873
2L_0699_34900001_34950000	34900001	34950000	inside	same_species_same_arrangement	236	0.073165088735	0.0713612970388	2113.04661017
2L_0699_34900001_34950000	34900001	34950000	inside	same_species_opposite_arrangement	120	0.181237131812	0.180275347934	2107.70833333
2L_0699_34900001_34950000	34900001	34950000	inside	different_species_same_arrangement	440	0.122363198947	0.107920540359	2105.95
2L_0699_34900001_34950000	34900001	34950000	inside	different_species_opposite_arrangement	582	0.191800637425	0.192280440391	2102.27491409
2L_0700_34950001_35000000	34950001	35000000	inside	same_species_same_arrangement	236	0.0715277996468	0.0721781498009	2123.89830508
2L_0700_34950001_35000000	34950001	35000000	inside	same_species_opposite_arrangement	120	0.170894249323	0.169899430466	2127.90833333
2L_0700_34950001_35000000	34950001	35000000	inside	different_species_same_arrangement	440	0.120700481844	0.103288151527	2121.1
2L_0700_34950001_35000000	34950001	35000000	inside	different_species_opposite_arrangement	582	0.185504502456	0.185537554828	2115.93642612
2L_0701_35000001_35050000	35000001	35050000	inside	same_species_same_arrangement	236	0.0757702410554	0.0702847960993	2244.44491525
2L_0701_35000001_35050000	35000001	35050000	inside	same_species_opposite_arrangement	120	0.175478643357	0.178099114998	2239.43333333
2L_0701_35000001_35050000	35000001	35050000	inside	different_species_same_arrangement	440	0.130995916243	0.117257574012	2238.43636364
2L_0701_35000001_35050000	35000001	35050000	inside	different_species_opposite_arrangement	582	0.196098268411	0.198180798528	2236.70274914
2L_0702_35050001_35100000	35050001	35100000	inside	same_species_same_arrangement	236	0.0683905750349	0.0666363464078	2220.20762712
2L_0702_35050001_35100000	35050001	35100000	inside	same_species_opposite_arrangement	120	0.17819964473	0.178312181286	2216.925
2L_0702_35050001_35100000	35050001	35100000	inside	different_species_same_arrangement	440	0.124085201419	0.105286373713	2215.96590909
2L_0702_35050001_35100000	35050001	35100000	inside	different_species_opposite_arrangement	582	0.192364824233	0.193092599634	2209.83161512
2L_0703_35100001_35150000	35100001	35150000	inside	same_species_same_arrangement	236	0.0709931851312	0.0719122661055	2215.5720339
2L_0703_35100001_35150000	35100001	35150000	inside	same_species_opposite_arrangement	120	0.163293279838	0.162466215997	2213.425
2L_0703_35100001_35150000	35100001	35150000	inside	different_species_same_arrangement	440	0.124683122185	0.11502402755	2205.15454545
2L_0703_35100001_35150000	35100001	35150000	inside	different_species_opposite_arrangement	582	0.176009303929	0.176457213172	2201.5395189
2L_0704_35150001_35200000	35150001	35200000	inside	same_species_same_arrangement	236	0.0683270185184	0.0665309547653	2445.26694915
2L_0704_35150001_35200000	35150001	35200000	inside	same_species_opposite_arrangement	120	0.160202475637	0.161291474777	2444.5
2L_0704_35150001_35200000	35150001	35200000	inside	different_species_same_arrangement	440	0.133811990271	0.113894175313	2437.81818182
2L_0704_35150001_35200000	35150001	35200000	inside	different_species_opposite_arrangement	582	0.176815219834	0.176128273739	2433.6443299
2L_0705_35200001_35250000	35200001	35250000	inside	same_species_same_arrangement	236	0.0681256505515	0.06349147583	2228.68220339
2L_0705_35200001_35250000	35200001	35250000	inside	same_species_opposite_arrangement	120	0.171468634374	0.170106063287	2189.43333333
2L_0705_35200001_35250000	35200001	35250000	inside	different_species_same_arrangement	440	0.129713104384	0.105656018128	2204.74090909
2L_0705_35200001_35250000	35200001	35250000	inside	different_species_opposite_arrangement	582	0.184120304884	0.185440038787	2205.48453608
2L_0706_35250001_35300000	35250001	35300000	inside	same_species_same_arrangement	236	0.0698393904289	0.0683063191599	2190.75423729
2L_0706_35250001_35300000	35250001	35300000	inside	same_species_opposite_arrangement	120	0.179626500895	0.179715381451	2174.74166667
2L_0706_35250001_35300000	35250001	35300000	inside	different_species_same_arrangement	440	0.123636329648	0.108005263345	2180.07727273
2L_0706_35250001_35300000	35250001	35300000	inside	different_species_opposite_arrangement	582	0.189702963242	0.190318915967	2175.71134021
2L_0707_35300001_35350000	35300001	35350000	inside	same_species_same_arrangement	236	0.0715049080765	0.0701190568206	2175.65254237
2L_0707_35300001_35350000	35300001	35350000	inside	same_species_opposite_arrangement	120	0.169165501978	0.170353547835	2175.31666667
2L_0707_35300001_35350000	35300001	35350000	inside	different_species_same_arrangement	440	0.128267283314	0.114942917498	2170.02045455
2L_0707_35300001_35350000	35300001	35350000	inside	different_species_opposite_arrangement	582	0.184747797508	0.185289926126	2163.99656357
2L_0708_35350001_35400000	35350001	35400000	inside	same_species_same_arrangement	236	0.069426267459	0.0666855189043	1893.73305085
2L_0708_35350001_35400000	35350001	35400000	inside	same_species_opposite_arrangement	120	0.170328658076	0.171613206884	1887.20833333
2L_0708_35350001_35400000	35350001	35400000	inside	different_species_same_arrangement	440	0.123717737659	0.107133292524	1890.14318182
2L_0708_35350001_35400000	35350001	35400000	inside	different_species_opposite_arrangement	582	0.182142908362	0.18251652562	1886.89862543
2L_0709_35400001_35450000	35400001	35450000	inside	same_species_same_arrangement	236	0.0749291874217	0.0750435508371	2291.11016949
2L_0709_35400001_35450000	35400001	35450000	inside	same_species_opposite_arrangement	120	0.177236805849	0.178150780224	2285.93333333
2L_0709_35400001_35450000	35400001	35450000	inside	different_species_same_arrangement	440	0.125780904301	0.119328097731	2287.84090909
2L_0709_35400001_35450000	35400001	35450000	inside	different_species_opposite_arrangement	582	0.192520528719	0.192700404161	2284.4347079
2L_0710_35450001_35500000	35450001	35500000	inside	same_species_same_arrangement	236	0.071478879913	0.0707931202125	1966.44491525
2L_0710_35450001_35500000	35450001	35500000	inside	same_species_opposite_arrangement	120	0.183447157001	0.183748711242	1959.69166667
2L_0710_35450001_35500000	35450001	35500000	inside	different_species_same_arrangement	440	0.115452202805	0.105700390524	1959.85909091
2L_0710_35450001_35500000	35450001	35500000	inside	different_species_opposite_arrangement	582	0.187906066362	0.187962182414	1958.01890034
2L_0711_35500001_35550000	35500001	35550000	inside	same_species_same_arrangement	236	0.0720271076157	0.0720233490373	2010.76271186
2L_0711_35500001_35550000	35500001	35550000	inside	same_species_opposite_arrangement	120	0.175261899897	0.176053612724	2014.09166667
2L_0711_35500001_35550000	35500001	35550000	inside	different_species_same_arrangement	440	0.123337181212	0.111263736264	2005.44318182
2L_0711_35500001_35550000	35500001	35550000	inside	different_species_opposite_arrangement	582	0.186514245421	0.186934343434	2002.95704467
2L_0712_35550001_35600000	35550001	35600000	inside	same_species_same_arrangement	236	0.0721640713872	0.0715649286169	1830.41101695
2L_0712_35550001_35600000	35550001	35600000	inside	same_species_opposite_arrangement	120	0.14829095655	0.1485269506	1827.15
2L_0712_35550001_35600000	35550001	35600000	inside	different_species_same_arrangement	440	0.112990978084	0.104162045353	1826.38636364
2L_0712_35550001_35600000	35550001	35600000	inside	different_species_opposite_arrangement	582	0.156142088726	0.155805038335	1825.67353952
2L_0713_35600001_35650000	35600001	35650000	inside	same_species_same_arrangement	236	0.0716162365878	0.0708705817818	1912.77966102
2L_0713_35600001_35650000	35600001	35650000	inside	same_species_opposite_arrangement	120	0.155975198891	0.156901404095	1900.75
2L_0713_35600001_35650000	35600001	35650000	inside	different_species_same_arrangement	440	0.120220100872	0.111786299464	1907.90454545
2L_0713_35600001_35650000	35600001	35650000	inside	different_species_opposite_arrangement	582	0.170605258149	0.170347003155	1908.77147766
2L_0714_35650001_35700000	35650001	35700000	inside	same_species_same_arrangement	236	0.0713776145716	0.0690711999517	1706.81355932
2L_0714_35650001_35700000	35650001	35700000	inside	same_species_opposite_arrangement	120	0.151069164736	0.150819158552	1702.36666667
2L_0714_35650001_35700000	35650001	35700000	inside	different_species_same_arrangement	440	0.121576442901	0.115191877691	1698.46136364
2L_0714_35650001_35700000	35650001	35700000	inside	different_species_opposite_arrangement	582	0.179121821092	0.181404196648	1696.66151203
2L_0715_35700001_35750000	35700001	35750000	inside	same_species_same_arrangement	236	0.0742129113466	0.076368667138	2047.44067797
2L_0715_35700001_35750000	35700001	35750000	inside	same_species_opposite_arrangement	120	0.178157696828	0.177945050176	2042.675
2L_0715_35700001_35750000	35700001	35750000	inside	different_species_same_arrangement	440	0.131975736833	0.114428659819	2037.32727273
2L_0715_35700001_35750000	35700001	35750000	inside	different_species_opposite_arrangement	582	0.198663384548	0.199606502119	2034.37457045
2L_0716_35750001_35800000	35750001	35800000	inside	same_species_same_arrangement	236	0.069346076773	0.0677739958733	1943.16949153
2L_0716_35750001_35800000	35750001	35800000	inside	same_species_opposite_arrangement	120	0.220896261238	0.221499649543	1940.35
2L_0716_35750001_35800000	35750001	35800000	inside	different_species_same_arrangement	440	0.117129008228	0.104848974758	1922.19772727
2L_0716_35750001_35800000	35750001	35800000	inside	different_species_opposite_arrangement	582	0.222607438766	0.22281347395	1915.67010309
2L_0717_35800001_35850000	35800001	35850000	inside	same_species_same_arrangement	236	0.0652959694749	0.0656136122441	1988.97033898
2L_0717_35800001_35850000	35800001	35850000	inside	same_species_opposite_arrangement	120	0.205445261226	0.205332303647	1983.29166667
2L_0717_35800001_35850000	35800001	35850000	inside	different_species_same_arrangement	440	0.114418126856	0.10030280139	1985.24545455
2L_0717_35800001_35850000	35800001	35850000	inside	different_species_opposite_arrangement	582	0.216328193517	0.216978736482	1981.82474227
2L_0718_35850001_35900000	35850001	35900000	inside	same_species_same_arrangement	236	0.0688839383356	0.0695386933224	2204.81355932
2L_0718_35850001_35900000	35850001	35900000	inside	same_species_opposite_arrangement	120	0.172855021799	0.171839558337	2211.56666667
2L_0718_35850001_35900000	35850001	35900000	inside	different_species_same_arrangement	440	0.122266590498	0.114625908265	2198.8
2L_0718_35850001_35900000	35850001	35900000	inside	different_species_opposite_arrangement	582	0.188033073003	0.188333695243	2193.96391753
2L_0719_35900001_35950000	35900001	35950000	inside	same_species_same_arrangement	236	0.0684785427553	0.0663459486468	1976.12288136
2L_0719_35900001_35950000	35900001	35950000	inside	same_species_opposite_arrangement	120	0.195833797598	0.195597432732	1975.45
2L_0719_35900001_35950000	35900001	35950000	inside	different_species_same_arrangement	440	0.119668874802	0.102948652771	1970.49772727
2L_0719_35900001_35950000	35900001	35950000	inside	different_species_opposite_arrangement	582	0.199473766646	0.199441765151	1966.7371134
2L_0720_35950001_36000000	35950001	36000000	inside	same_species_same_arrangement	236	0.06451804509	0.0642170862491	1509.93644068
2L_0720_35950001_36000000	35950001	36000000	inside	same_species_opposite_arrangement	120	0.187766288092	0.188018444348	1500.625
2L_0720_35950001_36000000	35950001	36000000	inside	different_species_same_arrangement	440	0.119333336384	0.10932850716	1505.21363636
2L_0720_35950001_36000000	35950001	36000000	inside	different_species_opposite_arrangement	582	0.197696605112	0.198175818924	1505.4862543
2L_0721_36000001_36050000	36000001	36050000	inside	same_species_same_arrangement	236	0.0662294426272	0.0654177241348	2162.70762712
2L_0721_36000001_36050000	36000001	36050000	inside	same_species_opposite_arrangement	120	0.193939389927	0.193921683989	2163.74166667
2L_0721_36000001_36050000	36000001	36050000	inside	different_species_same_arrangement	440	0.117791314008	0.106176747067	2157.2
2L_0721_36000001_36050000	36000001	36050000	inside	different_species_opposite_arrangement	582	0.196853536989	0.196871299156	2151.84707904
2L_0722_36050001_36100000	36050001	36100000	inside	same_species_same_arrangement	236	0.0672035223835	0.0674805155999	2262.78389831
2L_0722_36050001_36100000	36050001	36100000	inside	same_species_opposite_arrangement	120	0.180845002793	0.181283577204	2261.51666667
2L_0722_36050001_36100000	36050001	36100000	inside	different_species_same_arrangement	440	0.114073436264	0.0997782530668	2253.925
2L_0722_36050001_36100000	36050001	36100000	inside	different_species_opposite_arrangement	582	0.191064158042	0.191353897637	2249.18728522
2L_0723_36100001_36150000	36100001	36150000	inside	same_species_same_arrangement	236	0.0650719052518	0.0642758176162	2108.58474576
2L_0723_36100001_36150000	36100001	36150000	inside	same_species_opposite_arrangement	120	0.184216268364	0.183724154545	2107.525
2L_0723_36100001_36150000	36100001	36150000	inside	different_species_same_arrangement	440	0.116537649664	0.108384992791	2100.18636364
2L_0723_36100001_36150000	36100001	36150000	inside	different_species_opposite_arrangement	582	0.200283498726	0.200334288443	2094.44845361
2L_0724_36150001_36200000	36150001	36200000	inside	same_species_same_arrangement	236	0.0669695031481	0.0661725966281	1888.49152542
2L_0724_36150001_36200000	36150001	36200000	inside	same_species_opposite_arrangement	120	0.210092698452	0.210066384101	1890.14166667
2L_0724_36150001_36200000	36150001	36200000	inside	different_species_same_arrangement	440	0.114522484062	0.10764705164	1885.30227273
2L_0724_36150001_36200000	36150001	36200000	inside	different_species_opposite_arrangement	582	0.210635402107	0.210554684212	1880.42611684
2L_0725_36200001_36250000	36200001	36250000	inside	same_species_same_arrangement	236	0.0659573847539	0.0648700251541	2103.44067797
2L_0725_36200001_36250000	36200001	36250000	inside	same_species_opposite_arrangement	120	0.202899696447	0.203154611084	2096.30833333
2L_0725_36200001_36250000	36200001	36250000	inside	different_species_same_arrangement	440	0.115076047542	0.102462478636	2098.61363636
2L_0725_36200001_36250000	36200001	36250000	inside	different_species_opposite_arrangement	582	0.200789356366	0.200640710287	2096.36597938
2L_0726_36250001_36300000	36250001	36300000	inside	same_species_same_arrangement	236	0.0695213400117	0.0685507402751	2300.88135593
2L_0726_36250001_36300000	36250001	36300000	inside	same_species_opposite_arrangement	120	0.181248058537	0.181090470948	2299.00833333
2L_0726_36250001_36300000	36250001	36300000	inside	different_species_same_arrangement	440	0.115308153041	0.101815832091	2296.57045455
2L_0726_36250001_36300000	36250001	36300000	inside	different_species_opposite_arrangement	582	0.184560801759	0.18437152062	2293.69587629
2L_0727_36300001_36350000	36300001	36350000	inside	same_species_same_arrangement	236	0.0690189435182	0.0664030163407	2218.79661017
2L_0727_36300001_36350000	36300001	36350000	inside	same_species_opposite_arrangement	120	0.189946323736	0.191538852009	2225.21666667
2L_0727_36300001_36350000	36300001	36350000	inside	different_species_same_arrangement	440	0.121710634652	0.108225216994	2213.99545455
2L_0727_36300001_36350000	36300001	36350000	inside	different_species_opposite_arrangement	582	0.199307198161	0.199202895301	2205.93986254
2L_0728_36350001_36400000	36350001	36400000	inside	same_species_same_arrangement	236	0.0691006360803	0.0710697468267	2187.1059322
2L_0728_36350001_36400000	36350001	36400000	inside	same_species_opposite_arrangement	120	0.17701067721	0.175961426848	2183.36666667
2L_0728_36350001_36400000	36350001	36400000	inside	different_species_same_arrangement	440	0.116286083653	0.100692413705	2181.71818182
2L_0728_36350001_36400000	36350001	36400000	inside	different_species_opposite_arrangement	582	0.188391975742	0.188825679641	2178.4604811
2L_0729_36400001_36450000	36400001	36450000	inside	same_species_same_arrangement	236	0.0755332427319	0.0757872156126	2033.59745763
2L_0729_36400001_36450000	36400001	36450000	inside	same_species_opposite_arrangement	120	0.206170750194	0.205855348003	2017.81666667
2L_0729_36400001_36450000	36400001	36450000	inside	different_species_same_arrangement	440	0.128716249804	0.117142883597	2024.62045455
2L_0729_36400001_36450000	36400001	36450000	inside	different_species_opposite_arrangement	582	0.21548301045	0.215019578079	2022.13917526
2L_0730_36450001_36500000	36450001	36500000	inside	same_species_same_arrangement	236	0.0729620841247	0.0726745728281	1845.84322034
2L_0730_36450001_36500000	36450001	36500000	inside	same_species_opposite_arrangement	120	0.172573385501	0.172955696411	1840.43333333
2L_0730_36450001_36500000	36450001	36500000	inside	different_species_same_arrangement	440	0.123441511633	0.112576721224	1837.55681818
2L_0730_36450001_36500000	36450001	36500000	inside	different_species_opposite_arrangement	582	0.187713514158	0.188246221639	1835.75085911
2L_0731_36500001_36550000	36500001	36550000	inside	same_species_same_arrangement	236	0.0729742688828	0.0725230696207	1920.06355932
2L_0731_36500001_36550000	36500001	36550000	inside	same_species_opposite_arrangement	120	0.175537147116	0.175573529668	1916.29166667
2L_0731_36500001_36550000	36500001	36550000	inside	different_species_same_arrangement	440	0.118527487065	0.113026067317	1912.875
2L_0731_36500001_36550000	36500001	36550000	inside	different_species_opposite_arrangement	582	0.187994552521	0.188772828631	1908.44501718
2L_0732_36550001_36600000	36550001	36600000	inside	same_species_same_arrangement	236	0.0692617913113	0.0692674645654	1563.15677966
2L_0732_36550001_36600000	36550001	36600000	inside	same_species_opposite_arrangement	120	0.158630777162	0.158080389582	1560.03333333
2L_0732_36550001_36600000	36550001	36600000	inside	different_species_same_arrangement	440	0.111956743048	0.101692171434	1558.85227273
2L_0732_36550001_36600000	36550001	36600000	inside	different_species_opposite_arrangement	582	0.175044038967	0.17555912826	1557.15120275
2L_0733_36600001_36650000	36600001	36650000	inside	same_species_same_arrangement	236	0.0781308277006	0.0758335439821	1771.24152542
2L_0733_36600001_36650000	36600001	36650000	inside	same_species_opposite_arrangement	120	0.202769071587	0.202589413672	1733.23333333
2L_0733_36600001_36650000	36600001	36650000	inside	different_species_same_arrangement	440	0.13370050419	0.123448735529	1755.50454545
2L_0733_36600001_36650000	36600001	36650000	inside	different_species_opposite_arrangement	582	0.219804287804	0.221719443985	1761.06701031
2L_0734_36650001_36700000	36650001	36700000	inside	same_species_same_arrangement	236	0.0791623045815	0.0773384656973	1665.85169492
2L_0734_36650001_36700000	36650001	36700000	inside	same_species_opposite_arrangement	120	0.157712578744	0.159444772885	1645.33333333
2L_0734_36650001_36700000	36650001	36700000	inside	different_species_same_arrangement	440	0.133644073786	0.126802261846	1653.54318182
2L_0734_36650001_36700000	36650001	36700000	inside	different_species_opposite_arrangement	582	0.193084451238	0.196795924179	1656.4209622
2L_0735_36700001_36750000	36700001	36750000	inside	same_species_same_arrangement	236	0.0887699405219	0.0882277606074	1997.26694915
2L_0735_36700001_36750000	36700001	36750000	inside	same_species_opposite_arrangement	120	0.162949144776	0.162383150873	1994.525
2L_0735_36700001_36750000	36700001	36750000	inside	different_species_same_arrangement	440	0.147765897467	0.143036072144	1991.87727273
2L_0735_36700001_36750000	36700001	36750000	inside	different_species_opposite_arrangement	582	0.191049801371	0.193609614155	1987.30584192
2L_0736_36750001_36800000	36750001	36800000	inside	same_species_same_arrangement	236	0.0792127394497	0.0775593307626	2050.09322034
2L_0736_36750001_36800000	36750001	36800000	inside	same_species_opposite_arrangement	120	0.162154252817	0.162095629149	2051.1
2L_0736_36750001_36800000	36750001	36800000	inside	different_species_same_arrangement	440	0.1234346987	0.124003841758	2047.58181818
2L_0736_36750001_36800000	36750001	36800000	inside	different_species_opposite_arrangement	582	0.174102117698	0.175091976419	2045.45704467
2L_0737_36800001_36850000	36800001	36850000	inside	same_species_same_arrangement	236	0.0741575422635	0.0750561690459	2221.35169492
2L_0737_36800001_36850000	36800001	36850000	inside	same_species_opposite_arrangement	120	0.175207205787	0.175675046872	2217.95
2L_0737_36800001_36850000	36800001	36850000	inside	different_species_same_arrangement	440	0.118666180792	0.104521746224	2216.29772727
2L_0737_36800001_36850000	36800001	36850000	inside	different_species_opposite_arrangement	582	0.184402844714	0.184677581861	2211.71649485
2L_0738_36850001_36900000	36850001	36900000	inside	same_species_same_arrangement	236	0.072572993985	0.0731955237451	1997.83050847
2L_0738_36850001_36900000	36850001	36900000	inside	same_species_opposite_arrangement	120	0.18087695653	0.180909426031	2002.35833333
2L_0738_36850001_36900000	36850001	36900000	inside	different_species_same_arrangement	440	0.126649336714	0.108310721921	1993.00681818
2L_0738_36850001_36900000	36850001	36900000	inside	different_species_opposite_arrangement	582	0.195363641507	0.194887108779	1987.95189003
2L_0739_36900001_36950000	36900001	36950000	inside	same_species_same_arrangement	236	0.0746587821459	0.0749785302417	2285.33474576
2L_0739_36900001_36950000	36900001	36950000	inside	same_species_opposite_arrangement	120	0.188334497753	0.189620403736	2275.36666667
2L_0739_36900001_36950000	36900001	36950000	inside	different_species_same_arrangement	440	0.118639736324	0.10467923381	2276.46363636
2L_0739_36900001_36950000	36900001	36950000	inside	different_species_opposite_arrangement	582	0.193977124766	0.194289573697	2273.25601375
2L_0740_36950001_37000000	36950001	37000000	inside	same_species_same_arrangement	236	0.0727031427444	0.0716038685354	2019.39830508
2L_0740_36950001_37000000	36950001	37000000	inside	same_species_opposite_arrangement	120	0.166078533745	0.165842067415	2017.85833333
2L_0740_36950001_37000000	36950001	37000000	inside	different_species_same_arrangement	440	0.115109152116	0.100423201884	2017.61590909
2L_0740_36950001_37000000	36950001	37000000	inside	different_species_opposite_arrangement	582	0.178717231776	0.178216671532	2013.76804124
2L_0741_37000001_37050000	37000001	37050000	inside	same_species_same_arrangement	236	0.074348807394	0.0755312968734	1771.06355932
2L_0741_37000001_37050000	37000001	37050000	inside	same_species_opposite_arrangement	120	0.17517149532	0.174783732913	1773.34166667
2L_0741_37000001_37050000	37000001	37050000	inside	different_species_same_arrangement	440	0.124896929945	0.1145340065	1762.58181818
2L_0741_37000001_37050000	37000001	37050000	inside	different_species_opposite_arrangement	582	0.184554571411	0.184822712821	1757.90721649
2L_0742_37050001_37100000	37050001	37100000	inside	same_species_same_arrangement	236	0.0730247011597	0.0705704340598	858.139830508
2L_0742_37050001_37100000	37050001	37100000	inside	same_species_opposite_arrangement	120	0.175110434513	0.174478887579	866.391666667
2L_0742_37050001_37100000	37050001	37100000	inside	different_species_same_arrangement	440	0.130002558106	0.127980224988	842.947727273
2L_0742_37050001_37100000	37050001	37100000	inside	different_species_opposite_arrangement	582	0.193926728596	0.195356234682	836.948453608
2L_0743_37100001_37150000	37100001	37150000	inside	same_species_same_arrangement	236	0.0865743005084	0.0861486582087	1607.72033898
2L_0743_37100001_37150000	37100001	37150000	inside	same_species_opposite_arrangement	120	0.207082873154	0.208637538792	1568.775
2L_0743_37100001_37150000	37100001	37150000	inside	different_species_same_arrangement	440	0.138498165867	0.12602620279	1593.78181818
2L_0743_37100001_37150000	37100001	37150000	inside	different_species_opposite_arrangement	582	0.227705559998	0.227011967019	1597.79037801
2L_0744_37150001_37200000	37150001	37200000	inside	same_species_same_arrangement	236	0.0719416959078	0.0740869559456	2167.43220339
2L_0744_37150001_37200000	37150001	37200000	inside	same_species_opposite_arrangement	120	0.209538445929	0.209752329955	2163.275
2L_0744_37150001_37200000	37150001	37200000	inside	different_species_same_arrangement	440	0.116282046324	0.102537370046	2159.54545455
2L_0744_37150001_37200000	37150001	37200000	inside	different_species_opposite_arrangement	582	0.212628687555	0.213018355279	2154.24054983
2L_0745_37200001_37250000	37200001	37250000	inside	same_species_same_arrangement	236	0.0749764441693	0.0749891961971	2315.36864407
2L_0745_37200001_37250000	37200001	37250000	inside	same_species_opposite_arrangement	120	0.179828893216	0.179350521386	2312.475
2L_0745_37200001_37250000	37200001	37250000	inside	different_species_same_arrangement	440	0.116300852847	0.10847389842	2310.87727273
2L_0745_37200001_37250000	37200001	37250000	inside	different_species_opposite_arrangement	582	0.18568419323	0.185554442924	2305.34707904
2L_0746_37250001_37300000	37250001	37300000	inside	same_species_same_arrangement	236	0.0845364774617	0.0845457408588	2269.69491525
2L_0746_37250001_37300000	37250001	37300000	inside	same_species_opposite_arrangement	120	0.196435979604	0.197353833586	2252.8
2L_0746_37250001_37300000	37250001	37300000	inside	different_species_same_arrangement	440	0.122492766305	0.114005653905	2267.87727273
2L_0746_37250001_37300000	37250001	37300000	inside	different_species_opposite_arrangement	582	0.20070078934	0.201114167695	2262.90034364
2L_0747_37300001_37350000	37300001	37350000	inside	same_species_same_arrangement	236	0.110935255873	0.110242998573	1277.31355932
2L_0747_37300001_37350000	37300001	37350000	inside	same_species_opposite_arrangement	120	0.142656594318	0.143019128622	1306.86666667
2L_0747_37300001_37350000	37300001	37350000	inside	different_species_same_arrangement	440	0.141321304607	0.144875420523	1273.86136364
2L_0747_37300001_37350000	37300001	37350000	inside	different_species_opposite_arrangement	582	0.160504747753	0.163096457096	1260.46563574
2L_0749_37400001_37450000	37400001	37450000	inside	same_species_same_arrangement	236	0.0937709629732	0.090987133606	1462.26271186
2L_0749_37400001_37450000	37400001	37450000	inside	same_species_opposite_arrangement	120	0.17629034673	0.17473100541	1460.2
2L_0749_37400001_37450000	37400001	37450000	inside	different_species_same_arrangement	440	0.135805335426	0.1229998833	1458.69318182
2L_0749_37400001_37450000	37400001	37450000	inside	different_species_opposite_arrangement	582	0.191889942784	0.194397088708	1456.18041237
2L_0750_37450001_37500000	37450001	37500000	inside	same_species_same_arrangement	236	0.0720651620012	0.0726117577664	2181.07627119
2L_0750_37450001_37500000	37450001	37500000	inside	same_species_opposite_arrangement	120	0.199561176778	0.199425650373	2179.05
2L_0750_37450001_37500000	37450001	37500000	inside	different_species_same_arrangement	440	0.120553652806	0.104693853348	2173.15681818
2L_0750_37450001_37500000	37450001	37500000	inside	different_species_opposite_arrangement	582	0.202717597369	0.203038738446	2168.92955326
2L_0751_37500001_37550000	37500001	37550000	inside	same_species_same_arrangement	236	0.0734187120689	0.0736251541352	2348.11016949
2L_0751_37500001_37550000	37500001	37550000	inside	same_species_opposite_arrangement	120	0.185546931649	0.184479014156	2329.80833333
2L_0751_37500001_37550000	37500001	37550000	inside	different_species_same_arrangement	440	0.127756394507	0.122596167594	2340.24772727
2L_0751_37500001_37550000	37500001	37550000	inside	different_species_opposite_arrangement	582	0.207878298427	0.205109113791	2335.96219931
2L_0752_37550001_37600000	37550001	37600000	inside	same_species_same_arrangement	236	0.0728308654624	0.0714778551715	2139.28389831
2L_0752_37550001_37600000	37550001	37600000	inside	same_species_opposite_arrangement	120	0.206076790962	0.206318238647	2129.21666667
2L_0752_37550001_37600000	37550001	37600000	inside	different_species_same_arrangement	440	0.126087050233	0.11610322215	2137.24772727
2L_0752_37550001_37600000	37550001	37600000	inside	different_species_opposite_arrangement	582	0.210834135733	0.211257716707	2131.06357388
2L_0753_37600001_37650000	37600001	37650000	inside	same_species_same_arrangement	236	0.0714082336502	0.0718348535442	2029.50423729
2L_0753_37600001_37650000	37600001	37650000	inside	same_species_opposite_arrangement	120	0.20574855099	0.204738984317	2018.93333333
2L_0753_37600001_37650000	37600001	37650000	inside	different_species_same_arrangement	440	0.119231755718	0.108770996693	2022.31136364
2L_0753_37600001_37650000	37600001	37650000	inside	different_species_opposite_arrangement	582	0.210835899044	0.209856732755	2015.69415808
2L_0754_37650001_37700000	37650001	37700000	inside	same_species_same_arrangement	236	0.0726550939295	0.0711629228236	1994.22881356
2L_0754_37650001_37700000	37650001	37700000	inside	same_species_opposite_arrangement	120	0.208230868151	0.208712249817	1965.34166667
2L_0754_37650001_37700000	37650001	37700000	inside	different_species_same_arrangement	440	0.117517103682	0.0996703082115	1981.93409091
2L_0754_37650001_37700000	37650001	37700000	inside	different_species_opposite_arrangement	582	0.211335718667	0.211393350392	1981.2371134
2L_0755_37700001_37750000	37700001	37750000	inside	same_species_same_arrangement	236	0.0797440560112	0.0798895146668	2097.39830508
2L_0755_37700001_37750000	37700001	37750000	inside	same_species_opposite_arrangement	120	0.18991317782	0.188994706007	2082.55833333
2L_0755_37700001_37750000	37700001	37750000	inside	different_species_same_arrangement	440	0.133005301748	0.132960507657	2086.86363636
2L_0755_37700001_37750000	37700001	37750000	inside	different_species_opposite_arrangement	582	0.206999373625	0.207370113206	2082.84536082
2L_0756_37750001_37800000	37750001	37800000	inside	same_species_same_arrangement	236	0.068506218615	0.0685390292969	2095.74152542
2L_0756_37750001_37800000	37750001	37800000	inside	same_species_opposite_arrangement	120	0.215440362919	0.214643298364	2087.61666667
2L_0756_37750001_37800000	37750001	37800000	inside	different_species_same_arrangement	440	0.120348492262	0.117106246672	2088.29772727
2L_0756_37750001_37800000	37750001	37800000	inside	different_species_opposite_arrangement	582	0.22367205683	0.223775370882	2085.05670103
2L_0757_37800001_37850000	37800001	37850000	inside	same_species_same_arrangement	236	0.058679269498	0.0585551869514	2096.38983051
2L_0757_37800001_37850000	37800001	37850000	inside	same_species_opposite_arrangement	120	0.238577499474	0.237479283508	2106.61666667
2L_0757_37800001_37850000	37800001	37850000	inside	different_species_same_arrangement	440	0.122603371769	0.0943946896214	2086.85909091
2L_0757_37800001_37850000	37800001	37850000	inside	different_species_opposite_arrangement	582	0.254040494924	0.253546412136	2080.14948454
2L_0758_37850001_37900000	37850001	37900000	inside	same_species_same_arrangement	236	0.0720486945071	0.0721374142427	2090.64830508
2L_0758_37850001_37900000	37850001	37900000	inside	same_species_opposite_arrangement	120	0.196726485904	0.196262487199	2088.73333333
2L_0758_37850001_37900000	37850001	37900000	inside	different_species_same_arrangement	440	0.115795627786	0.108053341508	2082.475
2L_0758_37850001_37900000	37850001	37900000	inside	different_species_opposite_arrangement	582	0.209510626961	0.208782146285	2075.02405498
2L_0759_37900001_37950000	37900001	37950000	inside	same_species_same_arrangement	236	0.0702123786215	0.0695726347546	2075.11016949
2L_0759_37900001_37950000	37900001	37950000	inside	same_species_opposite_arrangement	120	0.211157920189	0.211399197953	2066.75
2L_0759_37900001_37950000	37900001	37950000	inside	different_species_same_arrangement	440	0.115210027201	0.106803148955	2065.775
2L_0759_37900001_37950000	37900001	37950000	inside	different_species_opposite_arrangement	582	0.222543383634	0.22341954023	2063.20618557
2L_0760_37950001_38000000	37950001	38000000	inside	same_species_same_arrangement	236	0.0623995253778	0.0624046128204	1950.1059322
2L_0760_37950001_38000000	37950001	38000000	inside	same_species_opposite_arrangement	120	0.243977982371	0.244337159737	1955.85833333
2L_0760_37950001_38000000	37950001	38000000	inside	different_species_same_arrangement	440	0.120045737621	0.100930576526	1943.13181818
2L_0760_37950001_38000000	37950001	38000000	inside	different_species_opposite_arrangement	582	0.246002812262	0.245620812851	1937.90893471
2L_0761_38000001_38050000	38000001	38050000	inside	same_species_same_arrangement	236	0.0760320857943	0.0744040286579	2122.5
2L_0761_38000001_38050000	38000001	38050000	inside	same_species_opposite_arrangement	120	0.203402904805	0.204354713989	2116.61666667
2L_0761_38000001_38050000	38000001	38050000	inside	different_species_same_arrangement	440	0.122818113097	0.115072932167	2119.68636364
2L_0761_38000001_38050000	38000001	38050000	inside	different_species_opposite_arrangement	582	0.211748910558	0.212790988758	2115.40549828
2L_0762_38050001_38100000	38050001	38100000	inside	same_species_same_arrangement	236	0.0751400382232	0.0754742245535	2234.46610169
2L_0762_38050001_38100000	38050001	38100000	inside	same_species_opposite_arrangement	120	0.211832224154	0.212630767081	2235.3
2L_0762_38050001_38100000	38050001	38100000	inside	different_species_same_arrangement	440	0.12130118663	0.10707106644	2229.74318182
2L_0762_38050001_38100000	38050001	38100000	inside	different_species_opposite_arrangement	582	0.21623581983	0.216626084877	2222.41752577
2L_0763_38100001_38150000	38100001	38150000	inside	same_species_same_arrangement	236	0.0714457793355	0.071634012016	1730.19067797
2L_0763_38100001_38150000	38100001	38150000	inside	same_species_opposite_arrangement	120	0.195258617396	0.195449086631	1706.83333333
2L_0763_38100001_38150000	38100001	38150000	inside	different_species_same_arrangement	440	0.113445265316	0.103910941954	1718.22045455
2L_0763_38100001_38150000	38100001	38150000	inside	different_species_opposite_arrangement	582	0.197996459942	0.197505611634	1720.91924399
2L_0764_38150001_38200000	38150001	38200000	inside	same_species_same_arrangement	236	0.0744982544571	0.0719577879783	1736.44915254
2L_0764_38150001_38200000	38150001	38200000	inside	same_species_opposite_arrangement	120	0.17461251207	0.175458728066	1717.21666667
2L_0764_38150001_38200000	38150001	38200000	inside	different_species_same_arrangement	440	0.134942239503	0.137996563095	1730.28181818
2L_0764_38150001_38200000	38150001	38200000	inside	different_species_opposite_arrangement	582	0.196722372149	0.200345695625	1730.72852234
2L_0765_38200001_38250000	38200001	38250000	inside	same_species_same_arrangement	236	0.0750697084265	0.0746304025572	1864.58050847
2L_0765_38200001_38250000	38200001	38250000	inside	same_species_opposite_arrangement	120	0.192168860401	0.192243752122	1859.325
2L_0765_38200001_38250000	38200001	38250000	inside	different_species_same_arrangement	440	0.120528621529	0.115217946011	1860.63863636
2L_0765_38200001_38250000	38200001	38250000	inside	different_species_opposite_arrangement	582	0.202141301853	0.20284793122	1857.0790378
2L_0766_38250001_38300000	38250001	38300000	inside	same_species_same_arrangement	236	0.0715982894652	0.0728001720536	2053.0720339
2L_0766_38250001_38300000	38250001	38300000	inside	same_species_opposite_arrangement	120	0.199785810441	0.200194057081	2055.85
2L_0766_38250001_38300000	38250001	38300000	inside	different_species_same_arrangement	440	0.119305312983	0.103773501176	2048.19318182
2L_0766_38250001_38300000	38250001	38300000	inside	different_species_opposite_arrangement	582	0.207935164847	0.208292201382	2042.38487973
2L_0767_38300001_38350000	38300001	38350000	inside	same_species_same_arrangement	236	0.0681172472884	0.0686428060458	1919.19491525
2L_0767_38300001_38350000	38300001	38350000	inside	same_species_opposite_arrangement	120	0.20414596531	0.20407613802	1913.7
2L_0767_38300001_38350000	38300001	38350000	inside	different_species_same_arrangement	440	0.113284461827	0.0983487904686	1910.66818182
2L_0767_38300001_38350000	38300001	38350000	inside	different_species_opposite_arrangement	582	0.210459189573	0.209617375201	1905.60652921
2L_0768_38350001_38400000	38350001	38400000	inside	same_species_same_arrangement	236	0.0726622182855	0.0734688445787	2066.33474576
2L_0768_38350001_38400000	38350001	38400000	inside	same_species_opposite_arrangement	120	0.198947697671	0.198275849868	2061.34166667
2L_0768_38350001_38400000	38350001	38400000	inside	different_species_same_arrangement	440	0.112914143169	0.10121951945	2062.55
2L_0768_38350001_38400000	38350001	38400000	inside	different_species_opposite_arrangement	582	0.206238984645	0.205889529291	2060.03436426
2L_0769_38400001_38450000	38400001	38450000	inside	same_species_same_arrangement	236	0.0719280245261	0.0721601646155	2151.99576271
2L_0769_38400001_38450000	38400001	38450000	inside	same_species_opposite_arrangement	120	0.189853414609	0.188760149729	2153.59166667
2L_0769_38400001_38450000	38400001	38450000	inside	different_species_same_arrangement	440	0.111481263788	0.106720720477	2147.68636364
2L_0769_38400001_38450000	38400001	38450000	inside	different_species_opposite_arrangement	582	0.196058430801	0.195743227508	2143.64261168
2L_0770_38450001_38500000	38450001	38500000	inside	same_species_same_arrangement	236	0.0701813677103	0.0699613618657	2131.80932203
2L_0770_38450001_38500000	38450001	38500000	inside	same_species_opposite_arrangement	120	0.180206129919	0.179995357965	2138.05833333
2L_0770_38450001_38500000	38450001	38500000	inside	different_species_same_arrangement	440	0.117676582919	0.100492959051	2119.88863636
2L_0770_38450001_38500000	38450001	38500000	inside	different_species_opposite_arrangement	582	0.194417403043	0.194070933032	2111.29725086
2L_0771_38500001_38550000	38500001	38550000	inside	same_species_same_arrangement	236	0.0656015661047	0.0668358456322	1478.11864407
2L_0771_38500001_38550000	38500001	38550000	inside	same_species_opposite_arrangement	120	0.194341753969	0.194359236537	1475.61666667
2L_0771_38500001_38550000	38500001	38550000	inside	different_species_same_arrangement	440	0.111488303736	0.0925551345116	1475.16590909
2L_0771_38500001_38550000	38500001	38550000	inside	different_species_opposite_arrangement	582	0.205114152265	0.205773193996	1473.5
2L_0772_38550001_38600000	38550001	38600000	inside	same_species_same_arrangement	236	0.0700302972521	0.0700652769705	1999.21610169
2L_0772_38550001_38600000	38550001	38600000	inside	same_species_opposite_arrangement	120	0.190967602715	0.190322633082	2003.83333333
2L_0772_38550001_38600000	38550001	38600000	inside	different_species_same_arrangement	440	0.112850357003	0.0987774107579	1993.44545455
2L_0772_38550001_38600000	38550001	38600000	inside	different_species_opposite_arrangement	582	0.198145044421	0.198143824854	1988.604811
2L_0773_38600001_38650000	38600001	38650000	inside	same_species_same_arrangement	236	0.0694982477201	0.0685741202714	1645.23305085
2L_0773_38600001_38650000	38600001	38650000	inside	same_species_opposite_arrangement	120	0.172368804979	0.170857579802	1643.65833333
2L_0773_38600001_38650000	38600001	38650000	inside	different_species_same_arrangement	440	0.112205958274	0.0986984784372	1639.93409091
2L_0773_38600001_38650000	38600001	38650000	inside	different_species_opposite_arrangement	582	0.183357810833	0.182808760626	1637.02061856
2L_0774_38650001_38700000	38650001	38700000	inside	same_species_same_arrangement	236	0.0769983054858	0.0753348214286	1788.03389831
2L_0774_38650001_38700000	38650001	38700000	inside	same_species_opposite_arrangement	120	0.154475452219	0.154313434728	1783
2L_0774_38650001_38700000	38650001	38700000	inside	different_species_same_arrangement	440	0.132329948817	0.127381162595	1779.60227273
2L_0774_38650001_38700000	38650001	38700000	inside	different_species_opposite_arrangement	582	0.187346043202	0.186189601538	1774.97594502
2L_0775_38700001_38750000	38700001	38750000	inside	same_species_same_arrangement	236	0.0695435659029	0.0701466259496	1685.93220339
2L_0775_38700001_38750000	38700001	38750000	inside	same_species_opposite_arrangement	120	0.196868852761	0.197344952375	1676.60833333
2L_0775_38700001_38750000	38700001	38750000	inside	different_species_same_arrangement	440	0.127981714252	0.113940976659	1682.26818182
2L_0775_38700001_38750000	38700001	38750000	inside	different_species_opposite_arrangement	582	0.220845281263	0.221122642478	1681.36082474
2L_0776_38750001_38800000	38750001	38800000	inside	same_species_same_arrangement	236	0.0662652965466	0.0688172319287	2089.14830508
2L_0776_38750001_38800000	38750001	38800000	inside	same_species_opposite_arrangement	120	0.203411569385	0.202966670452	2071.1
2L_0776_38750001_38800000	38750001	38800000	inside	different_species_same_arrangement	440	0.1152834129	0.0941320518486	2084.54318182
2L_0776_38750001_38800000	38750001	38800000	inside	different_species_opposite_arrangement	582	0.208792521783	0.208712315043	2084.9347079
2L_0777_38800001_38850000	38800001	38850000	inside	same_species_same_arrangement	236	0.0722440728026	0.0712684878907	2220.69067797
2L_0777_38800001_38850000	38800001	38850000	inside	same_species_opposite_arrangement	120	0.19033858339	0.190004534971	2215.675
2L_0777_38800001_38850000	38800001	38850000	inside	different_species_same_arrangement	440	0.115386282352	0.102566825028	2217.07272727
2L_0777_38800001_38850000	38800001	38850000	inside	different_species_opposite_arrangement	582	0.201567173912	0.202209242383	2213.86769759
2L_0778_38850001_38900000	38850001	38900000	inside	same_species_same_arrangement	236	0.0815774402561	0.0829537661097	1949.39830508
2L_0778_38850001_38900000	38850001	38900000	inside	same_species_opposite_arrangement	120	0.181063456717	0.180244278799	1949.14166667
2L_0778_38850001_38900000	38850001	38900000	inside	different_species_same_arrangement	440	0.129501770328	0.120448108679	1950.17272727
2L_0778_38850001_38900000	38850001	38900000	inside	different_species_opposite_arrangement	582	0.199430502048	0.200126837064	1943.53780069
2L_0779_38900001_38950000	38900001	38950000	inside	same_species_same_arrangement	236	0.0724263511641	0.0724635188463	2170.24152542
2L_0779_38900001_38950000	38900001	38950000	inside	same_species_opposite_arrangement	120	0.190625982229	0.190157161597	2165.2
2L_0779_38900001_38950000	38900001	38950000	inside	different_species_same_arrangement	440	0.113867592198	0.100228818843	2168.71363636
2L_0779_38900001_38950000	38900001	38950000	inside	different_species_opposite_arrangement	582	0.19589859075	0.195662205814	2165.92268041
2L_0780_38950001_39000000	38950001	39000000	inside	same_species_same_arrangement	236	0.0670979797268	0.0676073733801	2210.48728814
2L_0780_38950001_39000000	38950001	39000000	inside	same_species_opposite_arrangement	120	0.221069254711	0.223298872929	2209.35
2L_0780_38950001_39000000	38950001	39000000	inside	different_species_same_arrangement	440	0.112846726326	0.0938766511786	2208.69318182
2L_0780_38950001_39000000	38950001	39000000	inside	different_species_opposite_arrangement	582	0.226430055291	0.226461918185	2205.28006873
2L_0781_39000001_39050000	39000001	39050000	inside	same_species_same_arrangement	236	0.0744728553885	0.073920661382	1989.8940678
2L_0781_39000001_39050000	39000001	39050000	inside	same_species_opposite_arrangement	120	0.187185789988	0.188059232119	1987.00833333
2L_0781_39000001_39050000	39000001	39050000	inside	different_species_same_arrangement	440	0.116850312798	0.102009661911	1986.54772727
2L_0781_39000001_39050000	39000001	39050000	inside	different_species_opposite_arrangement	582	0.199881544268	0.199499373434	1983.80584192
2L_0782_39050001_39100000	39050001	39100000	inside	same_species_same_arrangement	236	0.0775405291333	0.0793010806602	2150.88135593
2L_0782_39050001_39100000	39050001	39100000	inside	same_species_opposite_arrangement	120	0.163014346454	0.162448423276	2158.80833333
2L_0782_39050001_39100000	39050001	39100000	inside	different_species_same_arrangement	440	0.117663597107	0.113948048731	2149.01363636
2L_0782_39050001_39100000	39050001	39100000	inside	different_species_opposite_arrangement	582	0.179897711714	0.181086643761	2141.60652921
2L_0783_39100001_39150000	39100001	39150000	inside	same_species_same_arrangement	236	0.0735623477911	0.0739667258712	1641.24576271
2L_0783_39100001_39150000	39100001	39150000	inside	same_species_opposite_arrangement	120	0.183622107302	0.183729490299	1638.39166667
2L_0783_39100001_39150000	39100001	39150000	inside	different_species_same_arrangement	440	0.113927201714	0.103442983849	1637.90454545
2L_0783_39100001_39150000	39100001	39150000	inside	different_species_opposite_arrangement	582	0.19137725626	0.191068333599	1636.26804124
2L_0784_39150001_39200000	39150001	39200000	inside	same_species_same_arrangement	236	0.0696090135018	0.0702344617027	2276.88983051
2L_0784_39150001_39200000	39150001	39200000	inside	same_species_opposite_arrangement	120	0.232027924268	0.231630326375	2269.85833333
2L_0784_39150001_39200000	39150001	39200000	inside	different_species_same_arrangement	440	0.121410508971	0.108002661475	2272.83181818
2L_0784_39150001_39200000	39150001	39200000	inside	different_species_opposite_arrangement	582	0.241038650434	0.241215843211	2267.47079038
2L_0785_39200001_39250000	39200001	39250000	inside	same_species_same_arrangement	236	0.068726371951	0.0687347430214	2234.84745763
2L_0785_39200001_39250000	39200001	39250000	inside	same_species_opposite_arrangement	120	0.220201572238	0.219341909598	2225.18333333
2L_0785_39200001_39250000	39200001	39250000	inside	different_species_same_arrangement	440	0.122688965468	0.10722326587	2230.73409091
2L_0785_39200001_39250000	39200001	39250000	inside	different_species_opposite_arrangement	582	0.234300387471	0.233570817402	2227.01202749
2L_0786_39250001_39300000	39250001	39300000	inside	same_species_same_arrangement	236	0.0748332490102	0.0750880769681	1823.04661017
2L_0786_39250001_39300000	39250001	39300000	inside	same_species_opposite_arrangement	120	0.176056084449	0.175559836116	1807.425
2L_0786_39250001_39300000	39250001	39300000	inside	different_species_same_arrangement	440	0.132825067611	0.134280954749	1812.07272727
2L_0786_39250001_39300000	39250001	39300000	inside	different_species_opposite_arrangement	582	0.204320022044	0.206542722847	1813.5137457
2L_0787_39300001_39350000	39300001	39350000	inside	same_species_same_arrangement	236	0.0819813177185	0.0813058305167	2081.89830508
2L_0787_39300001_39350000	39300001	39350000	inside	same_species_opposite_arrangement	120	0.203293298108	0.203432829973	2073.08333333
2L_0787_39300001_39350000	39300001	39350000	inside	different_species_same_arrangement	440	0.126839848969	0.122190535265	2075.48409091
2L_0787_39300001_39350000	39300001	39350000	inside	different_species_opposite_arrangement	582	0.217634085259	0.218083768547	2074.13917526
2L_0788_39350001_39400000	39350001	39400000	inside	same_species_same_arrangement	236	0.0796783949623	0.0792155895655	1907.36016949
2L_0788_39350001_39400000	39350001	39400000	inside	same_species_opposite_arrangement	120	0.173488437131	0.174073037051	1899.64166667
2L_0788_39350001_39400000	39350001	39400000	inside	different_species_same_arrangement	440	0.119591002126	0.112629491148	1903.59772727
2L_0788_39350001_39400000	39350001	39400000	inside	different_species_opposite_arrangement	582	0.185081839167	0.18549440616	1901.13058419
2L_0789_39400001_39450000	39400001	39450000	inside	same_species_same_arrangement	236	0.0740442889653	0.0730242655636	2075.67372881
2L_0789_39400001_39450000	39400001	39450000	inside	same_species_opposite_arrangement	120	0.210158075895	0.210850673659	2067.19166667
2L_0789_39400001_39450000	39400001	39450000	inside	different_species_same_arrangement	440	0.126448284988	0.114794257516	2073.40909091
2L_0789_39400001_39450000	39400001	39450000	inside	different_species_opposite_arrangement	582	0.217772452919	0.218282727679	2070.19243986
2L_0790_39450001_39500000	39450001	39500000	inside	same_species_same_arrangement	236	0.0678017485145	0.0674556250807	2119.43220339
2L_0790_39450001_39500000	39450001	39500000	inside	same_species_opposite_arrangement	120	0.215675844885	0.215829027713	2123.35833333
2L_0790_39450001_39500000	39450001	39500000	inside	different_species_same_arrangement	440	0.115628403669	0.0972615064702	2115.11363636
2L_0790_39450001_39500000	39450001	39500000	inside	different_species_opposite_arrangement	582	0.220194532054	0.219976573775	2109.46563574
2L_0791_39500001_39550000	39500001	39550000	inside	same_species_same_arrangement	236	0.0666415754253	0.0665777485821	2201.62288136
2L_0791_39500001_39550000	39500001	39550000	inside	same_species_opposite_arrangement	120	0.244493971973	0.244859136072	2211.88333333
2L_0791_39500001_39550000	39500001	39550000	inside	different_species_same_arrangement	440	0.14248004761	0.104842381621	2188.80227273
2L_0791_39500001_39550000	39500001	39550000	inside	different_species_opposite_arrangement	582	0.265577048231	0.257853552347	2180.14089347
2L_0792_39550001_39600000	39550001	39600000	inside	same_species_same_arrangement	236	0.0773666864994	0.0772298434613	2060.50423729
2L_0792_39550001_39600000	39550001	39600000	inside	same_species_opposite_arrangement	120	0.195617878769	0.196614426758	2065.14166667
2L_0792_39550001_39600000	39550001	39600000	inside	different_species_same_arrangement	440	0.125010543441	0.113658732999	2058.65454545
2L_0792_39550001_39600000	39550001	39600000	inside	different_species_opposite_arrangement	582	0.201275192726	0.201683660283	2053.20618557
2L_0793_39600001_39650000	39600001	39650000	inside	same_species_same_arrangement	236	0.0680573649112	0.0682528277825	2045.97033898
2L_0793_39600001_39650000	39600001	39650000	inside	same_species_opposite_arrangement	120	0.199452612166	0.199676120841	2059.09166667
2L_0793_39600001_39650000	39600001	39650000	inside	different_species_same_arrangement	440	0.122302480457	0.104096755382	2019.31590909
2L_0793_39600001_39650000	39600001	39650000	inside	different_species_opposite_arrangement	582	0.214011961937	0.211161251669	2004.62199313
2L_0794_39650001_39700000	39650001	39700000	inside	same_species_same_arrangement	236	0.0713505158465	0.072132379298	2348.34745763
2L_0794_39650001_39700000	39650001	39700000	inside	same_species_opposite_arrangement	120	0.202187895971	0.201836897287	2346
2L_0794_39650001_39700000	39650001	39700000	inside	different_species_same_arrangement	440	0.113524916265	0.09657279038	2346.79545455
2L_0794_39650001_39700000	39650001	39700000	inside	different_species_opposite_arrangement	582	0.207613920527	0.207420457345	2341.41752577
2L_0795_39700001_39750000	39700001	39750000	inside	same_species_same_arrangement	236	0.0732293220853	0.0735639208216	1932.3559322
2L_0795_39700001_39750000	39700001	39750000	inside	same_species_opposite_arrangement	120	0.192710129386	0.192498493673	1923.25
2L_0795_39700001_39750000	39700001	39750000	inside	different_species_same_arrangement	440	0.115478903838	0.101314032909	1923.12954545
2L_0795_39700001_39750000	39700001	39750000	inside	different_species_opposite_arrangement	582	0.201481931736	0.200573090206	1920.96735395
2L_0796_39750001_39800000	39750001	39800000	inside	same_species_same_arrangement	236	0.0650307728591	0.0663288161871	2169.96610169
2L_0796_39750001_39800000	39750001	39800000	inside	same_species_opposite_arrangement	120	0.236704469166	0.235944700461	2171.55833333
2L_0796_39750001_39800000	39750001	39800000	inside	different_species_same_arrangement	440	0.117925484826	0.103649849072	2165.81363636
2L_0796_39750001_39800000	39750001	39800000	inside	different_species_opposite_arrangement	582	0.243183698289	0.242712974248	2158.56185567
2L_0797_39800001_39850000	39800001	39850000	inside	same_species_same_arrangement	236	0.0716181642126	0.0729494653365	2234.1059322
2L_0797_39800001_39850000	39800001	39850000	inside	same_species_opposite_arrangement	120	0.210109498589	0.210473417752	2231.21666667
2L_0797_39800001_39850000	39800001	39850000	inside	different_species_same_arrangement	440	0.114933793304	0.0988046095631	2230.40909091
2L_0797_39800001_39850000	39800001	39850000	inside	different_species_opposite_arrangement	582	0.21178657514	0.211302225399	2226.5532646
2L_0798_39850001_39900000	39850001	39900000	inside	same_species_same_arrangement	236	0.0697990948957	0.070796460177	2176.83050847
2L_0798_39850001_39900000	39850001	39900000	inside	same_species_opposite_arrangement	120	0.202718118599	0.201653985094	2174.15
2L_0798_39850001_39900000	39850001	39900000	inside	different_species_same_arrangement	440	0.127323672921	0.107542062905	2170.89545455
2L_0798_39850001_39900000	39850001	39900000	inside	different_species_opposite_arrangement	582	0.220933565374	0.222453400058	2166.31099656
2L_0799_39900001_39950000	39900001	39950000	inside	same_species_same_arrangement	236	0.066656733664	0.0669113832245	2137.31779661
2L_0799_39900001_39950000	39900001	39950000	inside	same_species_opposite_arrangement	120	0.222507111792	0.222585878487	2137.33333333
2L_0799_39900001_39950000	39900001	39950000	inside	different_species_same_arrangement	440	0.118130113088	0.0996545452383	2126.95454545
2L_0799_39900001_39950000	39900001	39950000	inside	different_species_opposite_arrangement	582	0.223522666427	0.223384051677	2118.40549828
2L_0800_39950001_40000000	39950001	40000000	inside	same_species_same_arrangement	236	0.0742929229443	0.0740557771584	2099.32627119
2L_0800_39950001_40000000	39950001	40000000	inside	same_species_opposite_arrangement	120	0.206978396242	0.205761702794	2112.48333333
2L_0800_39950001_40000000	39950001	40000000	inside	different_species_same_arrangement	440	0.130813646938	0.111448783415	2093.25909091
2L_0800_39950001_40000000	39950001	40000000	inside	different_species_opposite_arrangement	582	0.224462999887	0.2244654244	2082.15979381
2L_0801_40000001_40050000	40000001	40050000	inside	same_species_same_arrangement	236	0.0782559992588	0.077788132856	2113.6779661
2L_0801_40000001_40050000	40000001	40050000	inside	same_species_opposite_arrangement	120	0.197178305912	0.197402933622	2100.88333333
2L_0801_40000001_40050000	40000001	40050000	inside	different_species_same_arrangement	440	0.118705023008	0.109676283995	2105.27045455
2L_0801_40000001_40050000	40000001	40050000	inside	different_species_opposite_arrangement	582	0.199822330137	0.200071187692	2098.89175258
2L_0802_40050001_40100000	40050001	40100000	inside	same_species_same_arrangement	236	0.0815703200678	0.0837546614409	2008.31355932
2L_0802_40050001_40100000	40050001	40100000	inside	same_species_opposite_arrangement	120	0.172757312034	0.172715826878	2010.34166667
2L_0802_40050001_40100000	40050001	40100000	inside	different_species_same_arrangement	440	0.131697727111	0.12974669913	2001.26363636
2L_0802_40050001_40100000	40050001	40100000	inside	different_species_opposite_arrangement	582	0.193313225604	0.194290771959	1991.22680412
2L_0803_40100001_40150000	40100001	40150000	inside	same_species_same_arrangement	236	0.0751238642171	0.0740192471763	1525.63983051
2L_0803_40100001_40150000	40100001	40150000	inside	same_species_opposite_arrangement	120	0.210162690578	0.210448412683	1520.31666667
2L_0803_40100001_40150000	40100001	40150000	inside	different_species_same_arrangement	440	0.126214385932	0.119814014355	1517.94545455
2L_0803_40100001_40150000	40100001	40150000	inside	different_species_opposite_arrangement	582	0.228999695469	0.231803612402	1515.69243986
2L_0804_40150001_40200000	40150001	40200000	inside	same_species_same_arrangement	236	0.0678241688951	0.0697518443997	1487.71186441
2L_0804_40150001_40200000	40150001	40200000	inside	same_species_opposite_arrangement	120	0.201778812224	0.199865408974	1483.675
2L_0804_40150001_40200000	40150001	40200000	inside	different_species_same_arrangement	440	0.121007182653	0.0982891757705	1485.57272727
2L_0804_40150001_40200000	40150001	40200000	inside	different_species_opposite_arrangement	582	0.218169946094	0.217939695122	1484.87972509
2L_0805_40200001_40250000	40200001	40250000	inside	same_species_same_arrangement	236	0.0781551677436	0.0791718054439	1993.68220339
2L_0805_40200001_40250000	40200001	40250000	inside	same_species_opposite_arrangement	120	0.187143457175	0.187999938	1994.76666667
2L_0805_40200001_40250000	40200001	40250000	inside	different_species_same_arrangement	440	0.124567807068	0.105658177332	1990.425
2L_0805_40200001_40250000	40200001	40250000	inside	different_species_opposite_arrangement	582	0.205719631321	0.205361569397	1987.25945017
2L_0806_40250001_40300000	40250001	40300000	inside	same_species_same_arrangement	236	0.0777205049195	0.0796619239486	1788.77118644
2L_0806_40250001_40300000	40250001	40300000	inside	same_species_opposite_arrangement	120	0.178137131261	0.178781519042	1785.91666667
2L_0806_40250001_40300000	40250001	40300000	inside	different_species_same_arrangement	440	0.118518345534	0.101790059127	1782.26363636
2L_0806_40250001_40300000	40250001	40300000	inside	different_species_opposite_arrangement	582	0.18696326953	0.187447043416	1778.95017182
2L_0807_40300001_40350000	40300001	40350000	inside	same_species_same_arrangement	236	0.075646317919	0.075761988759	2140.79661017
2L_0807_40300001_40350000	40300001	40350000	inside	same_species_opposite_arrangement	120	0.17275283741	0.172389564237	2124.2
2L_0807_40300001_40350000	40300001	40350000	inside	different_species_same_arrangement	440	0.107090283051	0.0915241692269	2134.3
2L_0807_40300001_40350000	40300001	40350000	inside	different_species_opposite_arrangement	582	0.183791575559	0.183724147269	2129.48453608
2L_0808_40350001_40400000	40350001	40400000	inside	same_species_same_arrangement	236	0.0806956334226	0.0807237732356	2032.48728814
2L_0808_40350001_40400000	40350001	40400000	inside	same_species_opposite_arrangement	120	0.187823337948	0.18825153017	2024.06666667
2L_0808_40350001_40400000	40350001	40400000	inside	different_species_same_arrangement	440	0.115725375122	0.103957940668	2021.69318182
2L_0808_40350001_40400000	40350001	40400000	inside	different_species_opposite_arrangement	582	0.199806191921	0.200293474235	2015.19587629
2L_0809_40400001_40450000	40400001	40450000	inside	same_species_same_arrangement	236	0.0814025336761	0.0822050847257	2258.56355932
2L_0809_40400001_40450000	40400001	40450000	inside	same_species_opposite_arrangement	120	0.184514877685	0.185238160156	2254.74166667
2L_0809_40400001_40450000	40400001	40450000	inside	different_species_same_arrangement	440	0.116313065338	0.106080811129	2256.65227273
2L_0809_40400001_40450000	40400001	40450000	inside	different_species_opposite_arrangement	582	0.195215600084	0.195794829369	2249.56872852
2L_0810_40450001_40500000	40450001	40500000	inside	same_species_same_arrangement	236	0.0872150750807	0.0903922867756	2346.66525424
2L_0810_40450001_40500000	40450001	40500000	inside	same_species_opposite_arrangement	120	0.188980746118	0.189770817571	2332.75833333
2L_0810_40450001_40500000	40450001	40500000	inside	different_species_same_arrangement	440	0.134304306123	0.118318337847	2332.20681818
2L_0810_40450001_40500000	40450001	40500000	inside	different_species_opposite_arrangement	582	0.203392242362	0.205705964178	2321.82989691
2L_0811_40500001_40550000	40500001	40550000	inside	same_species_same_arrangement	236	0.0828655996656	0.0834820669726	1944.35169492
2L_0811_40500001_40550000	40500001	40550000	inside	same_species_opposite_arrangement	120	0.185975645556	0.185732790526	1938.19166667
2L_0811_40500001_40550000	40500001	40550000	inside	different_species_same_arrangement	440	0.120582118609	0.118891950796	1940.425
2L_0811_40500001_40550000	40500001	40550000	inside	different_species_opposite_arrangement	582	0.198538885996	0.19769298365	1935.92268041
2L_0812_40550001_40600000	40550001	40600000	inside	same_species_same_arrangement	236	0.0819283437284	0.0846179178463	1928.89830508
2L_0812_40550001_40600000	40550001	40600000	inside	same_species_opposite_arrangement	120	0.211434179599	0.21149434564	1929.29166667
2L_0812_40550001_40600000	40550001	40600000	inside	different_species_same_arrangement	440	0.128158309892	0.111983097428	1923.37045455
2L_0812_40550001_40600000	40550001	40600000	inside	different_species_opposite_arrangement	582	0.22788158273	0.227491211942	1915.1838488
2L_0813_40600001_40650000	40600001	40650000	inside	same_species_same_arrangement	236	0.0736536914662	0.0751073076264	1992.47881356
2L_0813_40600001_40650000	40600001	40650000	inside	same_species_opposite_arrangement	120	0.190336887139	0.189702823067	1981.88333333
2L_0813_40600001_40650000	40600001	40650000	inside	different_species_same_arrangement	440	0.112648049656	0.0978967365289	1984.05
2L_0813_40600001_40650000	40600001	40650000	inside	different_species_opposite_arrangement	582	0.202252712301	0.202	1981.00859107
2L_0814_40650001_40700000	40650001	40700000	inside	same_species_same_arrangement	236	0.0720286399623	0.0727320356552	1945.78389831
2L_0814_40650001_40700000	40650001	40700000	inside	same_species_opposite_arrangement	120	0.185441319904	0.186055707738	1942.6
2L_0814_40650001_40700000	40650001	40700000	inside	different_species_same_arrangement	440	0.11275629585	0.100950369532	1943.74772727
2L_0814_40650001_40700000	40650001	40700000	inside	different_species_opposite_arrangement	582	0.191895648612	0.191494788864	1941.31958763
2L_0815_40700001_40750000	40700001	40750000	inside	same_species_same_arrangement	236	0.080079880014	0.0820604460854	2153.88135593
2L_0815_40700001_40750000	40700001	40750000	inside	same_species_opposite_arrangement	120	0.183505802219	0.183414732071	2149.35
2L_0815_40700001_40750000	40700001	40750000	inside	different_species_same_arrangement	440	0.11806099047	0.109513777952	2144.59318182
2L_0815_40700001_40750000	40700001	40750000	inside	different_species_opposite_arrangement	582	0.191316713181	0.19113540925	2139.58934708
2L_0816_40750001_40800000	40750001	40800000	inside	same_species_same_arrangement	236	0.0744715040241	0.075476013741	2147.88983051
2L_0816_40750001_40800000	40750001	40800000	inside	same_species_opposite_arrangement	120	0.196602958895	0.196261682243	2111.975
2L_0816_40750001_40800000	40750001	40800000	inside	different_species_same_arrangement	440	0.113179411512	0.107361101278	2137.35227273
2L_0816_40750001_40800000	40750001	40800000	inside	different_species_opposite_arrangement	582	0.203046483431	0.203944259745	2132.27147766
2L_0817_40800001_40850000	40800001	40850000	inside	same_species_same_arrangement	236	0.0653218135083	0.0657861891159	2197.31779661
2L_0817_40800001_40850000	40800001	40850000	inside	same_species_opposite_arrangement	120	0.224073233156	0.223498055821	2192.1
2L_0817_40800001_40850000	40800001	40850000	inside	different_species_same_arrangement	440	0.117736796945	0.0987592657304	2188.51136364
2L_0817_40800001_40850000	40800001	40850000	inside	different_species_opposite_arrangement	582	0.228661308341	0.227937795907	2184.31786942
2L_0818_40850001_40900000	40850001	40900000	inside	same_species_same_arrangement	236	0.0664897393918	0.0672919728855	2109.23305085
2L_0818_40850001_40900000	40850001	40900000	inside	same_species_opposite_arrangement	120	0.224211099039	0.224220080002	2097.45
2L_0818_40850001_40900000	40850001	40900000	inside	different_species_same_arrangement	440	0.117751426874	0.102150565262	2103.98409091
2L_0818_40850001_40900000	40850001	40900000	inside	different_species_opposite_arrangement	582	0.226968342075	0.227046383568	2099.70618557
2L_0819_40900001_40950000	40900001	40950000	inside	same_species_same_arrangement	236	0.077524353976	0.0779746835443	1956.03389831
2L_0819_40900001_40950000	40900001	40950000	inside	same_species_opposite_arrangement	120	0.194532569595	0.194560595723	1946.125
2L_0819_40900001_40950000	40900001	40950000	inside	different_species_same_arrangement	440	0.119671065005	0.104231545622	1948.01818182
2L_0819_40900001_40950000	40900001	40950000	inside	different_species_opposite_arrangement	582	0.201256707496	0.200904240927	1946.85051546
2L_0820_40950001_41000000	40950001	41000000	inside	same_species_same_arrangement	236	0.0778309146619	0.0758272761337	2382.22881356
2L_0820_40950001_41000000	40950001	41000000	inside	same_species_opposite_arrangement	120	0.18408057888	0.184367063583	2356.66666667
2L_0820_40950001_41000000	40950001	41000000	inside	different_species_same_arrangement	440	0.124284635957	0.118595920721	2370.74318182
2L_0820_40950001_41000000	40950001	41000000	inside	different_species_opposite_arrangement	582	0.196141692619	0.196755842198	2370.14776632
2L_0821_41000001_41050000	41000001	41050000	inside	same_species_same_arrangement	236	0.0884872707397	0.0857081542112	2069.77542373
2L_0821_41000001_41050000	41000001	41050000	inside	same_species_opposite_arrangement	120	0.180369420556	0.180004852115	2047.38333333
2L_0821_41000001_41050000	41000001	41050000	inside	different_species_same_arrangement	440	0.139276698632	0.13861519406	2061.69772727
2L_0821_41000001_41050000	41000001	41050000	inside	different_species_opposite_arrangement	582	0.197568607501	0.199177149101	2057.30756014
2L_0822_41050001_41100000	41050001	41100000	inside	same_species_same_arrangement	236	0.065215896803	0.0637007710307	1534.96186441
2L_0822_41050001_41100000	41050001	41100000	inside	same_species_opposite_arrangement	120	0.200623878805	0.2002643783	1538.2
2L_0822_41050001_41100000	41050001	41100000	inside	different_species_same_arrangement	440	0.140410661019	0.127043906917	1521.79772727
2L_0822_41050001_41100000	41050001	41100000	inside	different_species_opposite_arrangement	582	0.221985248325	0.219053359319	1513.24570447
2L_0823_41100001_41150000	41100001	41150000	inside	same_species_same_arrangement	236	0.0650673494236	0.0681240479045	1759.68644068
2L_0823_41100001_41150000	41100001	41150000	inside	same_species_opposite_arrangement	120	0.218139373958	0.220313720308	1749.33333333
2L_0823_41100001_41150000	41100001	41150000	inside	different_species_same_arrangement	440	0.136989190785	0.126033513448	1748.32045455
2L_0823_41100001_41150000	41100001	41150000	inside	different_species_opposite_arrangement	582	0.240725420939	0.244527468181	1743.40721649
2L_0824_41150001_41200000	41150001	41200000	inside	same_species_same_arrangement	236	0.06794638407	0.0683332974486	2245.61016949
2L_0824_41150001_41200000	41150001	41200000	inside	same_species_opposite_arrangement	120	0.213001005721	0.212508276385	2237.425
2L_0824_41150001_41200000	41150001	41200000	inside	different_species_same_arrangement	440	0.117360338463	0.108822787955	2237.67727273
2L_0824_41150001_41200000	41150001	41200000	inside	different_species_opposite_arrangement	582	0.214540340502	0.214397911536	2235.39690722
2L_0825_41200001_41250000	41200001	41250000	inside	same_species_same_arrangement	236	0.0727064639482	0.0740378403567	2309.18220339
2L_0825_41200001_41250000	41200001	41250000	inside	same_species_opposite_arrangement	120	0.213321318612	0.213007408407	2312.00833333
2L_0825_41200001_41250000	41200001	41250000	inside	different_species_same_arrangement	440	0.129756680992	0.112669762818	2301.88409091
2L_0825_41200001_41250000	41200001	41250000	inside	different_species_opposite_arrangement	582	0.220709967319	0.22080605558	2295.55841924
2L_0826_41250001_41300000	41250001	41300000	inside	same_species_same_arrangement	236	0.0840442673528	0.0763099747475	2039.22033898
2L_0826_41250001_41300000	41250001	41300000	inside	same_species_opposite_arrangement	120	0.210061387037	0.211680453656	2042.69166667
2L_0826_41250001_41300000	41250001	41300000	inside	different_species_same_arrangement	440	0.135509195389	0.132170505505	2034.39772727
2L_0826_41250001_41300000	41250001	41300000	inside	different_species_opposite_arrangement	582	0.220829884011	0.221829192842	2023.58591065
2L_0827_41300001_41350000	41300001	41350000	inside	same_species_same_arrangement	236	0.0672886030075	0.0672038106789	2188.07627119
2L_0827_41300001_41350000	41300001	41350000	inside	same_species_opposite_arrangement	120	0.204534753868	0.204813510462	2181.16666667
2L_0827_41300001_41350000	41300001	41350000	inside	different_species_same_arrangement	440	0.116068807446	0.0999309163992	2180.12727273
2L_0827_41300001_41350000	41300001	41350000	inside	different_species_opposite_arrangement	582	0.205972900307	0.206098943078	2175.75085911
2L_0828_41350001_41400000	41350001	41400000	inside	same_species_same_arrangement	236	0.0681176987471	0.0691307396081	2183.90677966
2L_0828_41350001_41400000	41350001	41400000	inside	same_species_opposite_arrangement	120	0.21029355973	0.210737257434	2180.90833333
2L_0828_41350001_41400000	41350001	41400000	inside	different_species_same_arrangement	440	0.115758722154	0.103033074439	2180.19545455
2L_0828_41350001_41400000	41350001	41400000	inside	different_species_opposite_arrangement	582	0.210478192801	0.209699598365	2176.3024055
2L_0829_41400001_41450000	41400001	41450000	inside	same_species_same_arrangement	236	0.0686419191636	0.0688624472187	2495.08474576
2L_0829_41400001_41450000	41400001	41450000	inside	same_species_opposite_arrangement	120	0.193970810899	0.19438822801	2473.69166667
2L_0829_41400001_41450000	41400001	41450000	inside	different_species_same_arrangement	440	0.114896759333	0.10372949287	2487.17954545
2L_0829_41400001_41450000	41400001	41450000	inside	different_species_opposite_arrangement	582	0.20166788504	0.202097654142	2484.46735395
2L_0830_41450001_41500000	41450001	41500000	inside	same_species_same_arrangement	236	0.0688077320394	0.0681223227035	1911.04237288
2L_0830_41450001_41500000	41450001	41500000	inside	same_species_opposite_arrangement	120	0.206452409914	0.205141946534	1903.475
2L_0830_41450001_41500000	41450001	41500000	inside	different_species_same_arrangement	440	0.120977925703	0.110787942887	1906.64318182
2L_0830_41450001_41500000	41450001	41500000	inside	different_species_opposite_arrangement	582	0.215644986427	0.216449484531	1902.03264605
2L_0831_41500001_41550000	41500001	41550000	inside	same_species_same_arrangement	236	0.0686824830889	0.066667032948	2106.02966102
2L_0831_41500001_41550000	41500001	41550000	inside	same_species_opposite_arrangement	120	0.203898117506	0.204218857899	2104.76666667
2L_0831_41500001_41550000	41500001	41550000	inside	different_species_same_arrangement	440	0.121561681546	0.105730151066	2099.47954545
2L_0831_41500001_41550000	41500001	41550000	inside	different_species_opposite_arrangement	582	0.206786313342	0.207375478927	2093.97250859
2L_0832_41550001_41600000	41550001	41600000	inside	same_species_same_arrangement	236	0.0713036446967	0.0718993413142	2049.61016949
2L_0832_41550001_41600000	41550001	41600000	inside	same_species_opposite_arrangement	120	0.221442031691	0.221192962275	2059.89166667
2L_0832_41550001_41600000	41550001	41600000	inside	different_species_same_arrangement	440	0.118229943978	0.110014937205	2046.82727273
2L_0832_41550001_41600000	41550001	41600000	inside	different_species_opposite_arrangement	582	0.227996029779	0.227852641342	2031.34536082
2L_0833_41600001_41650000	41600001	41650000	inside	same_species_same_arrangement	236	0.0663949928276	0.0669083849066	1983.51694915
2L_0833_41600001_41650000	41600001	41650000	inside	same_species_opposite_arrangement	120	0.23308026761	0.234440846554	1992.525
2L_0833_41600001_41650000	41600001	41650000	inside	different_species_same_arrangement	440	0.117517055211	0.102966927915	1982.42272727
2L_0833_41600001_41650000	41600001	41650000	inside	different_species_opposite_arrangement	582	0.236015535333	0.236317380875	1974.26632302
2L_0834_41650001_41700000	41650001	41700000	inside	same_species_same_arrangement	236	0.0702087256186	0.0711836861328	2184.08050847
2L_0834_41650001_41700000	41650001	41700000	inside	same_species_opposite_arrangement	120	0.203521988255	0.204228813921	2179.28333333
2L_0834_41650001_41700000	41650001	41700000	inside	different_species_same_arrangement	440	0.117776677979	0.102159711749	2180.95
2L_0834_41650001_41700000	41650001	41700000	inside	different_species_opposite_arrangement	582	0.209610548331	0.209581600602	2172.75257732
2L_0835_41700001_41750000	41700001	41750000	inside	same_species_same_arrangement	236	0.0696720517743	0.0708846469622	2029.63135593
2L_0835_41700001_41750000	41700001	41750000	inside	same_species_opposite_arrangement	120	0.209386788093	0.211025206445	2011.40833333
2L_0835_41700001_41750000	41700001	41750000	inside	different_species_same_arrangement	440	0.111352766793	0.104945591518	2025.875
2L_0835_41700001_41750000	41700001	41750000	inside	different_species_opposite_arrangement	582	0.209500302875	0.209540048198	2021.28865979
2L_0836_41750001_41800000	41750001	41800000	inside	same_species_same_arrangement	236	0.0714926210249	0.0722241584204	2330.97881356
2L_0836_41750001_41800000	41750001	41800000	inside	same_species_opposite_arrangement	120	0.21577742643	0.215273685419	2320.14166667
2L_0836_41750001_41800000	41750001	41800000	inside	different_species_same_arrangement	440	0.118259825711	0.10664427248	2328.00454545
2L_0836_41750001_41800000	41750001	41800000	inside	different_species_opposite_arrangement	582	0.220160194497	0.220603833387	2320.78178694
2L_0837_41800001_41850000	41800001	41850000	inside	same_species_same_arrangement	236	0.0708931357668	0.0694714903504	2261.96186441
2L_0837_41800001_41850000	41800001	41850000	inside	same_species_opposite_arrangement	120	0.197048482385	0.196247349742	2248.65833333
2L_0837_41800001_41850000	41800001	41850000	inside	different_species_same_arrangement	440	0.111527561058	0.0951342982303	2256.42727273
2L_0837_41800001_41850000	41800001	41850000	inside	different_species_opposite_arrangement	582	0.205654699713	0.205888822753	2249.98109966
2L_0838_41850001_41900000	41850001	41900000	inside	same_species_same_arrangement	236	0.0742855325048	0.0745006907482	2272.49152542
2L_0838_41850001_41900000	41850001	41900000	inside	same_species_opposite_arrangement	120	0.175508699544	0.175087931986	2268.4
2L_0838_41850001_41900000	41850001	41900000	inside	different_species_same_arrangement	440	0.109109616419	0.0989815910465	2270.88409091
2L_0838_41850001_41900000	41850001	41900000	inside	different_species_opposite_arrangement	582	0.181803380682	0.181698479569	2267.17182131
2L_0839_41900001_41950000	41900001	41950000	inside	same_species_same_arrangement	236	0.0722906477705	0.073040066212	2196.27966102
2L_0839_41900001_41950000	41900001	41950000	inside	same_species_opposite_arrangement	120	0.219950652998	0.219658934189	2195.88333333
2L_0839_41900001_41950000	41900001	41950000	inside	different_species_same_arrangement	440	0.114911304581	0.0992623723163	2187.61363636
2L_0839_41900001_41950000	41900001	41950000	inside	different_species_opposite_arrangement	582	0.222276876742	0.222744452431	2174.65292096
2L_0840_41950001_42000000	41950001	42000000	inside	same_species_same_arrangement	236	0.0715084279718	0.0720469973615	1849.62711864
2L_0840_41950001_42000000	41950001	42000000	inside	same_species_opposite_arrangement	120	0.222685220245	0.222842282422	1833.38333333
2L_0840_41950001_42000000	41950001	42000000	inside	different_species_same_arrangement	440	0.124191904599	0.106780682728	1847.23181818
2L_0840_41950001_42000000	41950001	42000000	inside	different_species_opposite_arrangement	582	0.230780758867	0.231907971879	1838.32646048
2L_0841_42000001_42050000	42000001	42050000	inside	same_species_same_arrangement	236	0.0639901660999	0.0635042721257	1985.95338983
2L_0841_42000001_42050000	42000001	42050000	inside	same_species_opposite_arrangement	120	0.208690476748	0.208702348642	1988.71666667
2L_0841_42000001_42050000	42000001	42050000	inside	different_species_same_arrangement	440	0.10881411391	0.0981557798247	1984.69772727
2L_0841_42000001_42050000	42000001	42050000	inside	different_species_opposite_arrangement	582	0.21218912456	0.212113505349	1980.92783505
2L_0842_42050001_42100000	42050001	42100000	inside	same_species_same_arrangement	236	0.0666994541353	0.0669401655837	2136.6440678
2L_0842_42050001_42100000	42050001	42100000	inside	same_species_opposite_arrangement	120	0.226807561061	0.226610249177	2126.33333333
2L_0842_42050001_42100000	42050001	42100000	inside	different_species_same_arrangement	440	0.122863174252	0.112050795606	2127.56818182
2L_0842_42050001_42100000	42050001	42100000	inside	different_species_opposite_arrangement	582	0.236973739043	0.236712132526	2124.65463918
2L_0843_42100001_42150000	42100001	42150000	inside	same_species_same_arrangement	236	0.0756465899865	0.074239725112	1927.02542373
2L_0843_42100001_42150000	42100001	42150000	inside	same_species_opposite_arrangement	120	0.195680612313	0.19555729137	1927.95833333
2L_0843_42100001_42150000	42100001	42150000	inside	different_species_same_arrangement	440	0.117416020805	0.11537453108	1918.14772727
2L_0843_42100001_42150000	42100001	42150000	inside	different_species_opposite_arrangement	582	0.199599285814	0.2	1911.47594502
2L_0844_42150001_42200000	42150001	42200000	boundary	same_species_same_arrangement	236	0.0827426844203	0.0847116222479	2311.65254237
2L_0844_42150001_42200000	42150001	42200000	boundary	same_species_opposite_arrangement	120	0.159135270303	0.159026685148	2367.275
2L_0844_42150001_42200000	42150001	42200000	boundary	different_species_same_arrangement	440	0.142241461702	0.110833835717	2274.63181818
2L_0844_42150001_42200000	42150001	42200000	boundary	different_species_opposite_arrangement	582	0.210281424632	0.192062362855	2243.52061856
2L_0845_42200001_42250000	42200001	42250000	outside	same_species_same_arrangement	236	0.0932444878579	0.0946854408699	2239.88559322
2L_0845_42200001_42250000	42200001	42250000	outside	same_species_opposite_arrangement	120	0.121930345077	0.121777885323	2258.875
2L_0845_42200001_42250000	42200001	42250000	outside	different_species_same_arrangement	440	0.154707254881	0.133510879266	2229.30227273
2L_0845_42200001_42250000	42200001	42250000	outside	different_species_opposite_arrangement	582	0.171017773251	0.168499053602	2220.51890034
2L_0846_42250001_42300000	42250001	42300000	outside	same_species_same_arrangement	236	0.0977189200393	0.0959122445446	2164.72033898
2L_0846_42250001_42300000	42250001	42300000	outside	same_species_opposite_arrangement	120	0.118275809455	0.118372516265	2176.375
2L_0846_42250001_42300000	42250001	42300000	outside	different_species_same_arrangement	440	0.160050986059	0.159806711333	2155.22727273
2L_0846_42250001_42300000	42250001	42300000	outside	different_species_opposite_arrangement	582	0.169898347412	0.176278377807	2148.55841924
2L_0847_42300001_42350000	42300001	42350000	outside	same_species_same_arrangement	236	0.0907199580066	0.0912452490407	2080.68220339
2L_0847_42300001_42350000	42300001	42350000	outside	same_species_opposite_arrangement	120	0.110273557084	0.109945054945	2089.64166667
2L_0847_42300001_42350000	42300001	42350000	outside	different_species_same_arrangement	440	0.15734678229	0.144673607408	2074.19318182
2L_0847_42300001_42350000	42300001	42350000	outside	different_species_opposite_arrangement	582	0.166917057346	0.163699434743	2070.38487973
2L_0848_42350001_42400000	42350001	42400000	outside	same_species_same_arrangement	236	0.0928980029939	0.0933817895518	1986.16101695
2L_0848_42350001_42400000	42350001	42400000	outside	same_species_opposite_arrangement	120	0.110514455288	0.1095	1998.48333333
2L_0848_42350001_42400000	42350001	42400000	outside	different_species_same_arrangement	440	0.155747455233	0.151943512422	1979.86818182
2L_0848_42350001_42400000	42350001	42400000	outside	different_species_opposite_arrangement	582	0.16503177625	0.172471290686	1975.02233677
2L_0849_42400001_42450000	42400001	42450000	outside	same_species_same_arrangement	236	0.091404159138	0.0874671678504	2094.91101695
2L_0849_42400001_42450000	42400001	42450000	outside	same_species_opposite_arrangement	120	0.108109146798	0.107875430504	2110.31666667
2L_0849_42400001_42450000	42400001	42450000	outside	different_species_same_arrangement	440	0.156916297095	0.1621106807	2088.73636364
2L_0849_42400001_42450000	42400001	42450000	outside	different_species_opposite_arrangement	582	0.165490686289	0.176858555942	2082.44845361
2L_0850_42450001_42500000	42450001	42500000	outside	same_species_same_arrangement	236	0.087833885744	0.0901816933067	2263.13135593
2L_0850_42450001_42500000	42450001	42500000	outside	same_species_opposite_arrangement	120	0.101459542714	0.101442724744	2285.33333333
2L_0850_42450001_42500000	42450001	42500000	outside	different_species_same_arrangement	440	0.154946324745	0.159506056995	2251.83181818
2L_0850_42450001_42500000	42450001	42500000	outside	different_species_opposite_arrangement	582	0.16151481144	0.170547016275	2242.07731959
2L_0851_42500001_42550000	42500001	42550000	outside	same_species_same_arrangement	236	0.0848925817965	0.0873803067112	2226.13559322
2L_0851_42500001_42550000	42500001	42550000	outside	same_species_opposite_arrangement	120	0.100110247188	0.100378490658	2241.90833333
2L_0851_42500001_42550000	42500001	42550000	outside	different_species_same_arrangement	440	0.153997794331	0.162850727787	2223.02272727
2L_0851_42500001_42550000	42500001	42550000	outside	different_species_opposite_arrangement	582	0.158689014173	0.170673638833	2216.75429553
2L_0852_42550001_42600000	42550001	42600000	outside	same_species_same_arrangement	236	0.100605372308	0.102294371423	2131.27118644
2L_0852_42550001_42600000	42550001	42600000	outside	same_species_opposite_arrangement	120	0.118312868129	0.118482573975	2136.94166667
2L_0852_42550001_42600000	42550001	42600000	outside	different_species_same_arrangement	440	0.149206900963	0.147743277821	2126.54318182
2L_0852_42550001_42600000	42550001	42600000	outside	different_species_opposite_arrangement	582	0.154476413003	0.158791774018	2124.14776632
2L_0853_42600001_42650000	42600001	42650000	outside	same_species_same_arrangement	236	0.0958268551386	0.0966789121232	2025.50423729
2L_0853_42600001_42650000	42600001	42650000	outside	same_species_opposite_arrangement	120	0.112105766913	0.111971254959	2028.45833333
2L_0853_42600001_42650000	42600001	42650000	outside	different_species_same_arrangement	440	0.145419361695	0.136901760159	2021.875
2L_0853_42600001_42650000	42600001	42650000	outside	different_species_opposite_arrangement	582	0.153138488206	0.160945843057	2020.14948454
2L_0854_42650001_42700000	42650001	42700000	outside	same_species_same_arrangement	236	0.0950844753022	0.0969010225563	2028.34322034
2L_0854_42650001_42700000	42650001	42700000	outside	same_species_opposite_arrangement	120	0.108805805199	0.109005644422	2035.10833333
2L_0854_42650001_42700000	42650001	42700000	outside	different_species_same_arrangement	440	0.151453221721	0.152245427245	2022.88636364
2L_0854_42650001_42700000	42650001	42700000	outside	different_species_opposite_arrangement	582	0.159043658716	0.163461531448	2019.06013746
2L_0855_42700001_42750000	42700001	42750000	outside	same_species_same_arrangement	236	0.0815001827139	0.075167855026	1835.86864407
2L_0855_42700001_42750000	42700001	42750000	outside	same_species_opposite_arrangement	120	0.097662393687	0.0979856633161	1846.35
2L_0855_42700001_42750000	42700001	42750000	outside	different_species_same_arrangement	440	0.155632849884	0.163807163973	1833.06818182
2L_0855_42700001_42750000	42700001	42750000	outside	different_species_opposite_arrangement	582	0.161226136692	0.173984632272	1829.09621993
2L_0856_42750001_42800000	42750001	42800000	outside	same_species_same_arrangement	236	0.0919300851585	0.0873057931574	2027.20762712
2L_0856_42750001_42800000	42750001	42800000	outside	same_species_opposite_arrangement	120	0.111187575538	0.111673189907	2030.60833333
2L_0856_42750001_42800000	42750001	42800000	outside	different_species_same_arrangement	440	0.153426637651	0.156949578994	2021.96136364
2L_0856_42750001_42800000	42750001	42800000	outside	different_species_opposite_arrangement	582	0.158890579131	0.1681481514	2019.87972509
2L_0857_42800001_42850000	42800001	42850000	outside	same_species_same_arrangement	236	0.094321550554	0.0942878777697	2011.93644068
2L_0857_42800001_42850000	42800001	42850000	outside	same_species_opposite_arrangement	120	0.108392618383	0.107612074456	2011.19166667
2L_0857_42800001_42850000	42800001	42850000	outside	different_species_same_arrangement	440	0.157889898411	0.163656584501	2000.82727273
2L_0857_42800001_42850000	42800001	42850000	outside	different_species_opposite_arrangement	582	0.165907528317	0.175655476104	1998.62542955
2L_0858_42850001_42900000	42850001	42900000	outside	same_species_same_arrangement	236	0.0890780773684	0.0885133377755	2088.18220339
2L_0858_42850001_42900000	42850001	42900000	outside	same_species_opposite_arrangement	120	0.10092474202	0.100670384631	2104.01666667
2L_0858_42850001_42900000	42850001	42900000	outside	different_species_same_arrangement	440	0.156961704577	0.169101806109	2081.46363636
2L_0858_42850001_42900000	42850001	42900000	outside	different_species_opposite_arrangement	582	0.162347288285	0.173829770008	2076.04982818
2L_0859_42900001_42950000	42900001	42950000	outside	same_species_same_arrangement	236	0.0840502207004	0.085811247009	2128.44491525
2L_0859_42900001_42950000	42900001	42950000	outside	same_species_opposite_arrangement	120	0.100169444199	0.101024214116	2147.075
2L_0859_42900001_42950000	42900001	42950000	outside	different_species_same_arrangement	440	0.175539022669	0.182513440914	2114.60909091
2L_0859_42900001_42950000	42900001	42950000	outside	different_species_opposite_arrangement	582	0.182473918998	0.193487927352	2106.28350515
2L_0860_42950001_43000000	42950001	43000000	outside	same_species_same_arrangement	236	0.0839724795352	0.0817161048295	1766.13983051
2L_0860_42950001_43000000	42950001	43000000	outside	same_species_opposite_arrangement	120	0.097069880511	0.0964323565518	1779
2L_0860_42950001_43000000	42950001	43000000	outside	different_species_same_arrangement	440	0.168031238075	0.166100173851	1756.28181818
2L_0860_42950001_43000000	42950001	43000000	outside	different_species_opposite_arrangement	582	0.178175412388	0.183088788563	1749.59450172
2L_0861_43000001_43050000	43000001	43050000	outside	same_species_same_arrangement	236	0.0871768421636	0.0904757167805	1794.06355932
2L_0861_43000001_43050000	43000001	43050000	outside	same_species_opposite_arrangement	120	0.0998689152917	0.0993846097573	1792.08333333
2L_0861_43000001_43050000	43000001	43050000	outside	different_species_same_arrangement	440	0.160936769294	0.174254931706	1784.73181818
2L_0861_43000001_43050000	43000001	43050000	outside	different_species_opposite_arrangement	582	0.16594583133	0.178802414804	1784.24398625
2L_0862_43050001_43100000	43050001	43100000	outside	same_species_same_arrangement	236	0.0860158075036	0.0867216299424	2007.4279661
2L_0862_43050001_43100000	43050001	43100000	outside	same_species_opposite_arrangement	120	0.10056569088	0.0999753695662	2021.34166667
2L_0862_43050001_43100000	43050001	43100000	outside	different_species_same_arrangement	440	0.16200503774	0.171847755525	1997.175
2L_0862_43050001_43100000	43050001	43100000	outside	different_species_opposite_arrangement	582	0.16661125453	0.181414865331	1990.604811
2L_0863_43100001_43150000	43100001	43150000	outside	same_species_same_arrangement	236	0.08219435283	0.0815548129291	1777.55932203
2L_0863_43100001_43150000	43100001	43150000	outside	same_species_opposite_arrangement	120	0.0950192981307	0.0943769422449	1783.975
2L_0863_43100001_43150000	43100001	43150000	outside	different_species_same_arrangement	440	0.169747335065	0.179781431285	1767.26818182
2L_0863_43100001_43150000	43100001	43150000	outside	different_species_opposite_arrangement	582	0.177493072601	0.192536421859	1762.80584192
2L_0864_43150001_43200000	43150001	43200000	outside	same_species_same_arrangement	236	0.0897973608959	0.0846897341068	2140.27966102
2L_0864_43150001_43200000	43150001	43200000	outside	same_species_opposite_arrangement	120	0.107063502303	0.105791778444	2157.35
2L_0864_43150001_43200000	43150001	43200000	outside	different_species_same_arrangement	440	0.153735870587	0.161477751039	2135.125
2L_0864_43150001_43200000	43150001	43200000	outside	different_species_opposite_arrangement	582	0.157593542304	0.169550987905	2128.94329897
2L_0865_43200001_43250000	43200001	43250000	outside	same_species_same_arrangement	236	0.085016395437	0.0829671409363	2057.23728814
2L_0865_43200001_43250000	43200001	43250000	outside	same_species_opposite_arrangement	120	0.0976165636649	0.0979893054028	2068.75833333
2L_0865_43200001_43250000	43200001	43250000	outside	different_species_same_arrangement	440	0.153894599484	0.160957404987	2051.75454545
2L_0865_43200001_43250000	43200001	43250000	outside	different_species_opposite_arrangement	582	0.159384728802	0.171488112439	2046.43986254
2L_0866_43250001_43300000	43250001	43300000	outside	same_species_same_arrangement	236	0.0887964296487	0.0873360899487	2088.88135593
2L_0866_43250001_43300000	43250001	43300000	outside	same_species_opposite_arrangement	120	0.102267638223	0.103264694821	2103.66666667
2L_0866_43250001_43300000	43250001	43300000	outside	different_species_same_arrangement	440	0.147919498588	0.158027995998	2083.17727273
2L_0866_43250001_43300000	43250001	43300000	outside	different_species_opposite_arrangement	582	0.153909605555	0.163664824247	2077.62542955
2L_0867_43300001_43350000	43300001	43350000	outside	same_species_same_arrangement	236	0.0856345643327	0.0826777821073	2051.52966102
2L_0867_43300001_43350000	43300001	43350000	outside	same_species_opposite_arrangement	120	0.098200441455	0.0994665948023	2063.29166667
2L_0867_43300001_43350000	43300001	43350000	outside	different_species_same_arrangement	440	0.17916728367	0.199703789014	2047.11136364
2L_0867_43300001_43350000	43300001	43350000	outside	different_species_opposite_arrangement	582	0.182982604787	0.202562605792	2041.80068729
2L_0868_43350001_43400000	43350001	43400000	outside	same_species_same_arrangement	236	0.0748401089078	0.0746612956169	2059.44491525
2L_0868_43350001_43400000	43350001	43400000	outside	same_species_opposite_arrangement	120	0.0809967041421	0.0829329945709	2079.73333333
2L_0868_43350001_43400000	43350001	43400000	outside	different_species_same_arrangement	440	0.156461098308	0.168739169131	2048.08636364
2L_0868_43350001_43400000	43350001	43400000	outside	different_species_opposite_arrangement	582	0.16571919506	0.174969664416	2039.49828179
2L_0869_43400001_43450000	43400001	43450000	outside	same_species_same_arrangement	236	0.0716404130371	0.0699623804706	1943.16949153
2L_0869_43400001_43450000	43400001	43450000	outside	same_species_opposite_arrangement	120	0.08124386436	0.0833765486883	1961.7
2L_0869_43400001_43450000	43400001	43450000	outside	different_species_same_arrangement	440	0.164007532954	0.163260152596	1925.23409091
2L_0869_43400001_43450000	43400001	43450000	outside	different_species_opposite_arrangement	582	0.173826402031	0.174127369859	1916.9604811
2L_0870_43450001_43500000	43450001	43500000	outside	same_species_same_arrangement	236	0.0715110675279	0.0714116658305	2160.69491525
2L_0870_43450001_43500000	43450001	43500000	outside	same_species_opposite_arrangement	120	0.0724230296347	0.0730247455776	2173.375
2L_0870_43450001_43500000	43450001	43500000	outside	different_species_same_arrangement	440	0.156328643581	0.157238347898	2156.25681818
2L_0870_43450001_43500000	43450001	43500000	outside	different_species_opposite_arrangement	582	0.165712138639	0.169036991197	2151.53608247
2L_0871_43500001_43550000	43500001	43550000	outside	same_species_same_arrangement	236	0.0834187776656	0.0831529194816	2099.8940678
2L_0871_43500001_43550000	43500001	43550000	outside	same_species_opposite_arrangement	120	0.0956444005218	0.0997645057907	2118.38333333
2L_0871_43500001_43550000	43500001	43550000	outside	different_species_same_arrangement	440	0.156359483533	0.170720084595	2094.78409091
2L_0871_43500001_43550000	43500001	43550000	outside	different_species_opposite_arrangement	582	0.16179930543	0.173173630254	2087.95532646
2L_0872_43550001_43600000	43550001	43600000	outside	same_species_same_arrangement	236	0.105821367685	0.101247912809	2459.20338983
2L_0872_43550001_43600000	43550001	43600000	outside	same_species_opposite_arrangement	120	0.128013889954	0.128232500209	2476.83333333
2L_0872_43550001_43600000	43550001	43600000	outside	different_species_same_arrangement	440	0.168649717031	0.170791503834	2451.30227273
2L_0872_43550001_43600000	43550001	43600000	outside	different_species_opposite_arrangement	582	0.172017489902	0.180336637597	2443.12027491
2L_0873_43600001_43650000	43600001	43650000	outside	same_species_same_arrangement	236	0.0867997414112	0.0860120149028	1978.3940678
2L_0873_43600001_43650000	43600001	43650000	outside	same_species_opposite_arrangement	120	0.0971189144329	0.0964776819777	1985.60833333
2L_0873_43600001_43650000	43600001	43650000	outside	different_species_same_arrangement	440	0.138566252174	0.146069699201	1967.98863636
2L_0873_43600001_43650000	43600001	43650000	outside	different_species_opposite_arrangement	582	0.143056718375	0.149770879822	1963.49828179
2L_0874_43650001_43700000	43650001	43700000	outside	same_species_same_arrangement	236	0.0866107529133	0.0837454821097	2026.68220339
2L_0874_43650001_43700000	43650001	43700000	outside	same_species_opposite_arrangement	120	0.101270652542	0.101474225978	2041.525
2L_0874_43650001_43700000	43650001	43700000	outside	different_species_same_arrangement	440	0.158792697522	0.166006868386	2023.03863636
2L_0874_43650001_43700000	43650001	43700000	outside	different_species_opposite_arrangement	582	0.165605118208	0.178401438191	2017.75257732
2L_0875_43700001_43750000	43700001	43750000	outside	same_species_same_arrangement	236	0.0847124922282	0.0861912027781	2190.48728814
2L_0875_43700001_43750000	43700001	43750000	outside	same_species_opposite_arrangement	120	0.0950591135896	0.0951623941888	2199.88333333
2L_0875_43700001_43750000	43700001	43750000	outside	different_species_same_arrangement	440	0.154752442817	0.16685683882	2185.77272727
2L_0875_43700001_43750000	43700001	43750000	outside	different_species_opposite_arrangement	582	0.160295984971	0.174447977894	2182.1580756
2L_0876_43750001_43800000	43750001	43800000	outside	same_species_same_arrangement	236	0.0746303171031	0.0743408485329	1874.97033898
2L_0876_43750001_43800000	43750001	43800000	outside	same_species_opposite_arrangement	120	0.0818256713003	0.082175152314	1897.5
2L_0876_43750001_43800000	43750001	43800000	outside	different_species_same_arrangement	440	0.162999988579	0.178084090841	1860.725
2L_0876_43750001_43800000	43750001	43800000	outside	different_species_opposite_arrangement	582	0.164941301989	0.183091225024	1851.85738832
2L_0877_43800001_43850000	43800001	43850000	outside	same_species_same_arrangement	236	0.0849370079693	0.0816167809443	1885.57627119
2L_0877_43800001_43850000	43800001	43850000	outside	same_species_opposite_arrangement	120	0.103452640656	0.102995924578	1892.13333333
2L_0877_43800001_43850000	43800001	43850000	outside	different_species_same_arrangement	440	0.14949309309	0.15552301828	1876.04545455
2L_0877_43800001_43850000	43800001	43850000	outside	different_species_opposite_arrangement	582	0.156677212563	0.163430956423	1872.37457045
2L_0878_43850001_43900000	43850001	43900000	outside	same_species_same_arrangement	236	0.097989582254	0.0950079178787	1961.27542373
2L_0878_43850001_43900000	43850001	43900000	outside	same_species_opposite_arrangement	120	0.11485714986	0.114052907748	1971.54166667
2L_0878_43850001_43900000	43850001	43900000	outside	different_species_same_arrangement	440	0.158374385321	0.159938900204	1953.75
2L_0878_43850001_43900000	43850001	43900000	outside	different_species_opposite_arrangement	582	0.166479049537	0.177959054188	1948.81443299
2L_0879_43900001_43950000	43900001	43950000	outside	same_species_same_arrangement	236	0.0921199317249	0.0905548101078	1870.58898305
2L_0879_43900001_43950000	43900001	43950000	outside	same_species_opposite_arrangement	120	0.108840955793	0.108962405912	1870.26666667
2L_0879_43900001_43950000	43900001	43950000	outside	different_species_same_arrangement	440	0.140436931136	0.137977058133	1862.56136364
2L_0879_43900001_43950000	43900001	43950000	outside	different_species_opposite_arrangement	582	0.145263709974	0.150443790833	1861.70274914
2L_0880_43950001_44000000	43950001	44000000	outside	same_species_same_arrangement	236	0.0927669436458	0.0907315244069	1919.27542373
2L_0880_43950001_44000000	43950001	44000000	outside	same_species_opposite_arrangement	120	0.106672033241	0.105229127076	1923.98333333
2L_0880_43950001_44000000	43950001	44000000	outside	different_species_same_arrangement	440	0.137659544953	0.138253233722	1913.99545455
2L_0880_43950001_44000000	43950001	44000000	outside	different_species_opposite_arrangement	582	0.14297233588	0.150328540398	1911.53264605
2L_0881_44000001_44050000	44000001	44050000	outside	same_species_same_arrangement	236	0.0915238113151	0.0891883116883	1939.86864407
2L_0881_44000001_44050000	44000001	44050000	outside	same_species_opposite_arrangement	120	0.104583687406	0.104161486798	1939.175
2L_0881_44000001_44050000	44000001	44050000	outside	different_species_same_arrangement	440	0.138186665088	0.140353137886	1932.68636364
2L_0881_44000001_44050000	44000001	44050000	outside	different_species_opposite_arrangement	582	0.14183396713	0.147316750023	1930.4347079
2L_0882_44050001_44100000	44050001	44100000	outside	same_species_same_arrangement	236	0.0909148102414	0.0884043566951	1827.83050847
2L_0882_44050001_44100000	44050001	44100000	outside	same_species_opposite_arrangement	120	0.109080456195	0.108797395627	1816.65833333
2L_0882_44050001_44100000	44050001	44100000	outside	different_species_same_arrangement	440	0.136178009744	0.133752902871	1820.52272727
2L_0882_44050001_44100000	44050001	44100000	outside	different_species_opposite_arrangement	582	0.140125338377	0.143545345222	1822.73539519
2L_0883_44100001_44150000	44100001	44150000	outside	same_species_same_arrangement	236	0.0887351872045	0.0913143331694	2090.61864407
2L_0883_44100001_44150000	44100001	44150000	outside	same_species_opposite_arrangement	120	0.103878336166	0.103468865976	2085.91666667
2L_0883_44100001_44150000	44100001	44150000	outside	different_species_same_arrangement	440	0.134964439621	0.131836679513	2083.68409091
2L_0883_44100001_44150000	44100001	44150000	outside	different_species_opposite_arrangement	582	0.141135851484	0.145649505626	2084.1975945
2L_0884_44150001_44200000	44150001	44200000	outside	same_species_same_arrangement	236	0.0910335625822	0.0891377962022	2050.65254237
2L_0884_44150001_44200000	44150001	44200000	outside	same_species_opposite_arrangement	120	0.096858072541	0.0951084144957	2079.38333333
2L_0884_44150001_44200000	44150001	44200000	outside	different_species_same_arrangement	440	0.16604992781	0.173064668021	2041.15
2L_0884_44150001_44200000	44150001	44200000	outside	different_species_opposite_arrangement	582	0.172300939557	0.181887828506	2031.12886598
2L_0885_44200001_44250000	44200001	44250000	outside	same_species_same_arrangement	236	0.0860200730968	0.0838747088747	1991.36864407
2L_0885_44200001_44250000	44200001	44250000	outside	same_species_opposite_arrangement	120	0.101327381244	0.101806858296	1997.03333333
2L_0885_44200001_44250000	44200001	44250000	outside	different_species_same_arrangement	440	0.132451941447	0.123247990725	1986.22272727
2L_0885_44200001_44250000	44200001	44250000	outside	different_species_opposite_arrangement	582	0.139948122061	0.139056133937	1982.89003436
2L_0886_44250001_44300000	44250001	44300000	outside	same_species_same_arrangement	236	0.094663387033	0.0942427424108	1407.75423729
2L_0886_44250001_44300000	44250001	44300000	outside	same_species_opposite_arrangement	120	0.113110323757	0.114497872281	1411.58333333
2L_0886_44250001_44300000	44250001	44300000	outside	different_species_same_arrangement	440	0.14512184222	0.140113213361	1400.64318182
2L_0886_44250001_44300000	44250001	44300000	outside	different_species_opposite_arrangement	582	0.152606667467	0.151643643841	1398.04123711
2L_0887_44300001_44350000	44300001	44350000	outside	same_species_same_arrangement	236	0.0974808858917	0.0975583593032	1769.02542373
2L_0887_44300001_44350000	44300001	44350000	outside	same_species_opposite_arrangement	120	0.118959784076	0.116345198986	1768.98333333
2L_0887_44300001_44350000	44300001	44350000	outside	different_species_same_arrangement	440	0.152415513863	0.148978400693	1765.24545455
2L_0887_44300001_44350000	44300001	44350000	outside	different_species_opposite_arrangement	582	0.157973440457	0.162496577424	1763.88316151
2L_0888_44350001_44400000	44350001	44400000	outside	same_species_same_arrangement	236	0.094518517381	0.095703745776	1616.79661017
2L_0888_44350001_44400000	44350001	44400000	outside	same_species_opposite_arrangement	120	0.112244253597	0.112793995404	1615.36666667
2L_0888_44350001_44400000	44350001	44400000	outside	different_species_same_arrangement	440	0.158267402563	0.153561192013	1609.43409091
2L_0888_44350001_44400000	44350001	44400000	outside	different_species_opposite_arrangement	582	0.164582388882	0.170018119378	1608.76116838
2L_0889_44400001_44450000	44400001	44450000	outside	same_species_same_arrangement	236	0.0859335047365	0.0861044790808	1347.44067797
2L_0889_44400001_44450000	44400001	44450000	outside	same_species_opposite_arrangement	120	0.0983808065059	0.0976002302941	1338.64166667
2L_0889_44400001_44450000	44400001	44450000	outside	different_species_same_arrangement	440	0.160614897459	0.149415233158	1342.68409091
2L_0889_44400001_44450000	44400001	44450000	outside	different_species_opposite_arrangement	582	0.170198981912	0.168100477527	1340.05841924
2L_0890_44450001_44500000	44450001	44500000	outside	same_species_same_arrangement	236	0.0915834849875	0.0900272209451	2004.14830508
2L_0890_44450001_44500000	44450001	44500000	outside	same_species_opposite_arrangement	120	0.105143456202	0.10641190431	2006.94166667
2L_0890_44450001_44500000	44450001	44500000	outside	different_species_same_arrangement	440	0.14295453505	0.143799774458	1999.08863636
2L_0890_44450001_44500000	44450001	44500000	outside	different_species_opposite_arrangement	582	0.150930505026	0.157834719372	1997.17697595
2L_0891_44500001_44550000	44500001	44550000	outside	same_species_same_arrangement	236	0.0920948187687	0.0871111426621	1828.16101695
2L_0891_44500001_44550000	44500001	44550000	outside	same_species_opposite_arrangement	120	0.111859509028	0.111746709242	1829.89166667
2L_0891_44500001_44550000	44500001	44550000	outside	different_species_same_arrangement	440	0.150212831723	0.153542205686	1822.16590909
2L_0891_44500001_44550000	44500001	44550000	outside	different_species_opposite_arrangement	582	0.154678692447	0.163979422319	1820.8161512
2L_0892_44550001_44600000	44550001	44600000	outside	same_species_same_arrangement	236	0.0838599697649	0.0896770472895	1733.56779661
2L_0892_44550001_44600000	44550001	44600000	outside	same_species_opposite_arrangement	120	0.105386201473	0.104341111092	1731.56666667
2L_0892_44550001_44600000	44550001	44600000	outside	different_species_same_arrangement	440	0.144369677127	0.139814240103	1730.28636364
2L_0892_44550001_44600000	44550001	44600000	outside	different_species_opposite_arrangement	582	0.150497211956	0.160295173427	1730.16151203
2L_0893_44600001_44650000	44600001	44650000	outside	same_species_same_arrangement	236	0.0929918877484	0.0902596971522	1927.30508475
2L_0893_44600001_44650000	44600001	44650000	outside	same_species_opposite_arrangement	120	0.110405007661	0.111484768585	1929.66666667
2L_0893_44600001_44650000	44600001	44650000	outside	different_species_same_arrangement	440	0.148993015846	0.152275771104	1922.68863636
2L_0893_44600001_44650000	44600001	44650000	outside	different_species_opposite_arrangement	582	0.155333738174	0.161966462394	1921.43814433
2L_0894_44650001_44700000	44650001	44700000	outside	same_species_same_arrangement	236	0.0948933856507	0.0970554825885	2133.87711864
2L_0894_44650001_44700000	44650001	44700000	outside	same_species_opposite_arrangement	120	0.111272417692	0.110721708054	2143.68333333
2L_0894_44650001_44700000	44650001	44700000	outside	different_species_same_arrangement	440	0.142552728309	0.146301119021	2129.28863636
2L_0894_44650001_44700000	44650001	44700000	outside	different_species_opposite_arrangement	582	0.15080681542	0.154349954845	2124.00515464
2L_0895_44700001_44750000	44700001	44750000	outside	same_species_same_arrangement	236	0.0971974205149	0.0992636500272	1941.08898305
2L_0895_44700001_44750000	44700001	44750000	outside	same_species_opposite_arrangement	120	0.110949351531	0.110114443952	1937.35833333
2L_0895_44700001_44750000	44700001	44750000	outside	different_species_same_arrangement	440	0.148136536375	0.149255803167	1929.725
2L_0895_44700001_44750000	44700001	44750000	outside	different_species_opposite_arrangement	582	0.153906704314	0.159456022014	1928.73024055
2L_0896_44750001_44800000	44750001	44800000	outside	same_species_same_arrangement	236	0.0863801372485	0.0846238530645	1970.27966102
2L_0896_44750001_44800000	44750001	44800000	outside	same_species_opposite_arrangement	120	0.10284391222	0.102120772452	1980.95
2L_0896_44750001_44800000	44750001	44800000	outside	different_species_same_arrangement	440	0.154423563806	0.162044326873	1965.15454545
2L_0896_44750001_44800000	44750001	44800000	outside	different_species_opposite_arrangement	582	0.15942472036	0.170367513706	1960.90034364
2L_0897_44800001_44850000	44800001	44850000	outside	same_species_same_arrangement	236	0.0911412436785	0.0915968538087	1532.71186441
2L_0897_44800001_44850000	44800001	44850000	outside	same_species_opposite_arrangement	120	0.101429007561	0.101377388875	1549.4
2L_0897_44800001_44850000	44800001	44850000	outside	different_species_same_arrangement	440	0.192197698107	0.214641418673	1528.50681818
2L_0897_44800001_44850000	44800001	44850000	outside	different_species_opposite_arrangement	582	0.199363800658	0.216661244849	1522.78694158
2L_0898_44850001_44900000	44850001	44900000	outside	same_species_same_arrangement	236	0.0812726445392	0.0810218894537	1486.84745763
2L_0898_44850001_44900000	44850001	44900000	outside	same_species_opposite_arrangement	120	0.0906297950906	0.089605105944	1507.73333333
2L_0898_44850001_44900000	44850001	44900000	outside	different_species_same_arrangement	440	0.14727195506	0.159235771152	1479.00454545
2L_0898_44850001_44900000	44850001	44900000	outside	different_species_opposite_arrangement	582	0.152046538379	0.162857552339	1471.91237113
2L_0899_44900001_44950000	44900001	44950000	outside	same_species_same_arrangement	236	0.0852388125301	0.0852444867403	1828.46610169
2L_0899_44900001_44950000	44900001	44950000	outside	same_species_opposite_arrangement	120	0.0957424663254	0.0954593827174	1826.23333333
2L_0899_44900001_44950000	44900001	44950000	outside	different_species_same_arrangement	440	0.130941655567	0.135215946354	1819.41363636
2L_0899_44900001_44950000	44900001	44950000	outside	different_species_opposite_arrangement	582	0.133309746868	0.14102211901	1818.59106529
2L_0900_44950001_45000000	44950001	45000000	outside	same_species_same_arrangement	236	0.0911916993181	0.0922155108438	1799.61440678
2L_0900_44950001_45000000	44950001	45000000	outside	same_species_opposite_arrangement	120	0.107215479738	0.106754947905	1802.14166667
2L_0900_44950001_45000000	44950001	45000000	outside	different_species_same_arrangement	440	0.141630667737	0.138667006468	1786.52272727
2L_0900_44950001_45000000	44950001	45000000	outside	different_species_opposite_arrangement	582	0.147601506058	0.149019607843	1783.19415808
2L_0901_45000001_45050000	45000001	45050000	outside	same_species_same_arrangement	236	0.110203492464	0.112241203505	1293.11440678
2L_0901_45000001_45050000	45000001	45050000	outside	same_species_opposite_arrangement	120	0.121276919179	0.12124047124	1312.79166667
2L_0901_45000001_45050000	45000001	45050000	outside	different_species_same_arrangement	440	0.163040769804	0.150914304478	1264.18863636
2L_0901_45000001_45050000	45000001	45050000	outside	different_species_opposite_arrangement	582	0.169938759245	0.165823314021	1263.06013746
2L_0902_45050001_45100000	45050001	45100000	outside	same_species_same_arrangement	236	0.0991651971597	0.0980855460498	1793.15254237
2L_0902_45050001_45100000	45050001	45100000	outside	same_species_opposite_arrangement	120	0.118656093394	0.118381311599	1794.45833333
2L_0902_45050001_45100000	45050001	45100000	outside	different_species_same_arrangement	440	0.146912766638	0.141668818811	1790.85909091
2L_0902_45050001_45100000	45050001	45100000	outside	different_species_opposite_arrangement	582	0.15196589526	0.148333794248	1789.53780069
2L_0903_45100001_45150000	45100001	45150000	outside	same_species_same_arrangement	236	0.0930780908045	0.0924150759146	1824.28813559
2L_0903_45100001_45150000	45100001	45150000	outside	same_species_opposite_arrangement	120	0.107736987291	0.1080822056	1823.35
2L_0903_45100001_45150000	45100001	45150000	outside	different_species_same_arrangement	440	0.143011642603	0.143537076671	1820.64090909
2L_0903_45100001_45150000	45100001	45150000	outside	different_species_opposite_arrangement	582	0.148467338076	0.154373500063	1819.53608247
2L_0904_45150001_45200000	45150001	45200000	outside	same_species_same_arrangement	236	0.091377658759	0.0857771260997	2044.8559322
2L_0904_45150001_45200000	45150001	45200000	outside	same_species_opposite_arrangement	120	0.109492277546	0.10946600315	2044.5
2L_0904_45150001_45200000	45150001	45200000	outside	different_species_same_arrangement	440	0.148500510109	0.153574035436	2040.89318182
2L_0904_45150001_45200000	45150001	45200000	outside	different_species_opposite_arrangement	582	0.153307807949	0.16181510374	2040.26460481
2L_0905_45200001_45250000	45200001	45250000	outside	same_species_same_arrangement	236	0.0919160436569	0.0926635289268	1892.54661017
2L_0905_45200001_45250000	45200001	45250000	outside	same_species_opposite_arrangement	120	0.10734521378	0.108331114082	1899.49166667
2L_0905_45200001_45250000	45200001	45250000	outside	different_species_same_arrangement	440	0.146783543673	0.14984139533	1889.39772727
2L_0905_45200001_45250000	45200001	45250000	outside	different_species_opposite_arrangement	582	0.15122182574	0.158523611832	1886.82474227
2L_0906_45250001_45300000	45250001	45300000	outside	same_species_same_arrangement	236	0.0919549231611	0.0886785834504	1914.97033898
2L_0906_45250001_45300000	45250001	45300000	outside	same_species_opposite_arrangement	120	0.108340667101	0.108192465056	1914.325
2L_0906_45250001_45300000	45250001	45300000	outside	different_species_same_arrangement	440	0.14589510987	0.151253959783	1910.28409091
2L_0906_45250001_45300000	45250001	45300000	outside	different_species_opposite_arrangement	582	0.151336317357	0.158568486336	1909.60137457
2L_0907_45300001_45350000	45300001	45350000	outside	same_species_same_arrangement	236	0.0971124497992	0.0982503370921	2090.86440678
2L_0907_45300001_45350000	45300001	45350000	outside	same_species_opposite_arrangement	120	0.109618645756	0.109041276556	2103.89166667
2L_0907_45300001_45350000	45300001	45350000	outside	different_species_same_arrangement	440	0.14835081572	0.148786729459	2081.675
2L_0907_45300001_45350000	45300001	45350000	outside	different_species_opposite_arrangement	582	0.153412844359	0.157869345632	2076.96391753
2L_0908_45350001_45400000	45350001	45400000	outside	same_species_same_arrangement	236	0.087580145156	0.087919087535	2032.13559322
2L_0908_45350001_45400000	45350001	45400000	outside	same_species_opposite_arrangement	120	0.0996734471369	0.0990171930841	2036.86666667
2L_0908_45350001_45400000	45350001	45400000	outside	different_species_same_arrangement	440	0.144258320221	0.154350099763	2027.10227273
2L_0908_45350001_45400000	45350001	45400000	outside	different_species_opposite_arrangement	582	0.148827885805	0.156809314011	2024.14604811
2L_0909_45400001_45450000	45400001	45450000	outside	same_species_same_arrangement	236	0.0926957459722	0.0930068823561	1997.08474576
2L_0909_45400001_45450000	45400001	45450000	outside	same_species_opposite_arrangement	120	0.109317613058	0.108385468019	1998.09166667
2L_0909_45400001_45450000	45400001	45450000	outside	different_species_same_arrangement	440	0.134314312011	0.135508547499	1991.70681818
2L_0909_45400001_45450000	45400001	45450000	outside	different_species_opposite_arrangement	582	0.137494123962	0.14260660976	1990.87628866
2L_0910_45450001_45500000	45450001	45500000	outside	same_species_same_arrangement	236	0.0930224902824	0.0947255713206	2167.44915254
2L_0910_45450001_45500000	45450001	45500000	outside	same_species_opposite_arrangement	120	0.108151158274	0.108575941513	2173.48333333
2L_0910_45450001_45500000	45450001	45500000	outside	different_species_same_arrangement	440	0.141078730677	0.142544076773	2162.23409091
2L_0910_45450001_45500000	45450001	45500000	outside	different_species_opposite_arrangement	582	0.144375747452	0.1506611926	2160.09450172
2L_0911_45500001_45550000	45500001	45550000	outside	same_species_same_arrangement	236	0.0916963259492	0.0912737164519	2057.23305085
2L_0911_45500001_45550000	45500001	45550000	outside	same_species_opposite_arrangement	120	0.10717749647	0.105853851455	2055.64166667
2L_0911_45500001_45550000	45500001	45550000	outside	different_species_same_arrangement	440	0.138170145085	0.139824269142	2051.89090909
2L_0911_45500001_45550000	45500001	45550000	outside	different_species_opposite_arrangement	582	0.14207846918	0.147858025996	2050.73367698
2L_0912_45550001_45600000	45550001	45600000	outside	same_species_same_arrangement	236	0.0885500333	0.0896447936729	1817.88559322
2L_0912_45550001_45600000	45550001	45600000	outside	same_species_opposite_arrangement	120	0.101526780623	0.100660786202	1821.3
2L_0912_45550001_45600000	45550001	45600000	outside	different_species_same_arrangement	440	0.132903133421	0.132920245667	1814.02045455
2L_0912_45550001_45600000	45550001	45600000	outside	different_species_opposite_arrangement	582	0.137446051353	0.142167645076	1812.21134021
2L_0913_45600001_45650000	45600001	45650000	outside	same_species_same_arrangement	236	0.0930685477839	0.0938677057068	1861.05932203
2L_0913_45600001_45650000	45600001	45650000	outside	same_species_opposite_arrangement	120	0.104951777621	0.103788130538	1866.13333333
2L_0913_45600001_45650000	45600001	45650000	outside	different_species_same_arrangement	440	0.145842575527	0.149405044674	1853.52272727
2L_0913_45600001_45650000	45600001	45650000	outside	different_species_opposite_arrangement	582	0.151283010022	0.159902526099	1849.82474227
2L_0914_45650001_45700000	45650001	45700000	outside	same_species_same_arrangement	236	0.0996171224673	0.101001257439	1599.51271186
2L_0914_45650001_45700000	45650001	45700000	outside	same_species_opposite_arrangement	120	0.11019149414	0.109896962003	1599.05833333
2L_0914_45650001_45700000	45650001	45700000	outside	different_species_same_arrangement	440	0.140146818593	0.139925465493	1595.52954545
2L_0914_45650001_45700000	45650001	45700000	outside	different_species_opposite_arrangement	582	0.146630485658	0.150706777668	1594.98453608
2L_0915_45700001_45750000	45700001	45750000	outside	same_species_same_arrangement	236	0.0948193923557	0.0941127087919	2116.04661017
2L_0915_45700001_45750000	45700001	45750000	outside	same_species_opposite_arrangement	120	0.108450683616	0.109150696654	2122.94166667
2L_0915_45700001_45750000	45700001	45750000	outside	different_species_same_arrangement	440	0.144048810883	0.150225330094	2111.21136364
2L_0915_45700001_45750000	45700001	45750000	outside	different_species_opposite_arrangement	582	0.150338173594	0.155579430862	2107.78006873
2L_0916_45750001_45800000	45750001	45800000	outside	same_species_same_arrangement	236	0.0845184664569	0.0841009565147	1892.37711864
2L_0916_45750001_45800000	45750001	45800000	outside	same_species_opposite_arrangement	120	0.0911383398401	0.0898994534456	1896.56666667
2L_0916_45750001_45800000	45750001	45800000	outside	different_species_same_arrangement	440	0.139920137103	0.143425846791	1885.44318182
2L_0916_45750001_45800000	45750001	45800000	outside	different_species_opposite_arrangement	582	0.146162783118	0.1564821583	1882.9209622
2L_0917_45800001_45850000	45800001	45850000	outside	same_species_same_arrangement	236	0.0845404356148	0.0839530910704	1748.8559322
2L_0917_45800001_45850000	45800001	45850000	outside	same_species_opposite_arrangement	120	0.0953025711524	0.0947175995803	1755.69166667
2L_0917_45800001_45850000	45800001	45850000	outside	different_species_same_arrangement	440	0.143660051455	0.149870813388	1744.41590909
2L_0917_45800001_45850000	45800001	45850000	outside	different_species_opposite_arrangement	582	0.146764121243	0.156294822146	1741.86426117
2L_0918_45850001_45900000	45850001	45900000	outside	same_species_same_arrangement	236	0.0874026389461	0.0832211922067	1843.25847458
2L_0918_45850001_45900000	45850001	45900000	outside	same_species_opposite_arrangement	120	0.101888080584	0.103168100515	1844.8
2L_0918_45850001_45900000	45850001	45900000	outside	different_species_same_arrangement	440	0.147145216822	0.1567408094	1835.60909091
2L_0918_45850001_45900000	45850001	45900000	outside	different_species_opposite_arrangement	582	0.150832875933	0.162037037037	1834.07388316
2L_0919_45900001_45950000	45900001	45950000	outside	same_species_same_arrangement	236	0.0878206550368	0.0870327557194	1707.16949153
2L_0919_45900001_45950000	45900001	45950000	outside	same_species_opposite_arrangement	120	0.0987552981024	0.0993589689166	1710.525
2L_0919_45900001_45950000	45900001	45950000	outside	different_species_same_arrangement	440	0.151236643427	0.153733018988	1702.54772727
2L_0919_45900001_45950000	45900001	45950000	outside	different_species_opposite_arrangement	582	0.156212321592	0.16632581899	1701
2L_0920_45950001_46000000	45950001	46000000	outside	same_species_same_arrangement	236	0.0908736397494	0.090908325998	1872.81779661
2L_0920_45950001_46000000	45950001	46000000	outside	same_species_opposite_arrangement	120	0.106996675875	0.107835717285	1875.35833333
2L_0920_45950001_46000000	45950001	46000000	outside	different_species_same_arrangement	440	0.149885614518	0.153988489539	1869.14772727
2L_0920_45950001_46000000	45950001	46000000	outside	different_species_opposite_arrangement	582	0.156431931286	0.162270251389	1867.2766323
2L_0921_46000001_46050000	46000001	46050000	outside	same_species_same_arrangement	236	0.0987923987059	0.0979240368464	2012.98305085
2L_0921_46000001_46050000	46000001	46050000	outside	same_species_opposite_arrangement	120	0.107745281567	0.107268151113	2014.59166667
2L_0921_46000001_46050000	46000001	46050000	outside	different_species_same_arrangement	440	0.142267973723	0.143228588158	2005.86818182
2L_0921_46000001_46050000	46000001	46050000	outside	different_species_opposite_arrangement	582	0.145413220005	0.148208250743	2002.46735395
2L_0922_46050001_46100000	46050001	46100000	outside	same_species_same_arrangement	236	0.0918890750624	0.091929254702	1927.21610169
2L_0922_46050001_46100000	46050001	46100000	outside	same_species_opposite_arrangement	120	0.107718182177	0.108020663244	1928.725
2L_0922_46050001_46100000	46050001	46100000	outside	different_species_same_arrangement	440	0.148312049059	0.149870089076	1922.95227273
2L_0922_46050001_46100000	46050001	46100000	outside	different_species_opposite_arrangement	582	0.152896759383	0.158860762922	1921.03092784
2L_0923_46100001_46150000	46100001	46150000	outside	same_species_same_arrangement	236	0.0976107930835	0.0939581135937	1950.77542373
2L_0923_46100001_46150000	46100001	46150000	outside	same_species_opposite_arrangement	120	0.116796448915	0.114490168479	1957.1
2L_0923_46100001_46150000	46100001	46150000	outside	different_species_same_arrangement	440	0.145982769231	0.149122783662	1946.17045455
2L_0923_46100001_46150000	46100001	46150000	outside	different_species_opposite_arrangement	582	0.149133912677	0.155315823614	1943.34707904
2L_0924_46150001_46200000	46150001	46200000	outside	same_species_same_arrangement	236	0.0886446564146	0.0894596906536	1946.94067797
2L_0924_46150001_46200000	46150001	46200000	outside	same_species_opposite_arrangement	120	0.0965062824295	0.0959866673114	1954.08333333
2L_0924_46150001_46200000	46150001	46200000	outside	different_species_same_arrangement	440	0.1684727984	0.186646238238	1942.83409091
2L_0924_46150001_46200000	46150001	46200000	outside	different_species_opposite_arrangement	582	0.170769039092	0.187726566546	1939.92611684
2L_0925_46200001_46250000	46200001	46250000	outside	same_species_same_arrangement	236	0.0935485366665	0.098573936618	1997.76271186
2L_0925_46200001_46250000	46200001	46250000	outside	same_species_opposite_arrangement	120	0.106350276465	0.106295051488	2002.50833333
2L_0925_46200001_46250000	46200001	46250000	outside	different_species_same_arrangement	440	0.147235381423	0.156070081634	1993.47727273
2L_0925_46200001_46250000	46200001	46250000	outside	different_species_opposite_arrangement	582	0.152539962689	0.159499983875	1991.39347079
2L_0926_46250001_46300000	46250001	46300000	outside	same_species_same_arrangement	236	0.0951364530133	0.101530898645	1628.11864407
2L_0926_46250001_46300000	46250001	46300000	outside	same_species_opposite_arrangement	120	0.117704340468	0.117430112925	1627.04166667
2L_0926_46250001_46300000	46250001	46300000	outside	different_species_same_arrangement	440	0.174673476161	0.189486859508	1624.93863636
2L_0926_46250001_46300000	46250001	46300000	outside	different_species_opposite_arrangement	582	0.182452321031	0.196653387431	1625.03264605
2L_0927_46300001_46350000	46300001	46350000	outside	same_species_same_arrangement	236	0.0963458930516	0.0981943014665	1648.76271186
2L_0927_46300001_46350000	46300001	46350000	outside	same_species_opposite_arrangement	120	0.111683473125	0.112055563583	1607.23333333
2L_0927_46300001_46350000	46300001	46350000	outside	different_species_same_arrangement	440	0.157557368136	0.162382957945	1624.06363636
2L_0927_46300001_46350000	46300001	46350000	outside	different_species_opposite_arrangement	582	0.162173970883	0.167247354139	1633.94158076
2L_0928_46350001_46400000	46350001	46400000	outside	same_species_same_arrangement	236	0.0975867209237	0.0990132968252	1669.83898305
2L_0928_46350001_46400000	46350001	46400000	outside	same_species_opposite_arrangement	120	0.114467999798	0.11355529132	1679.15
2L_0928_46350001_46400000	46350001	46400000	outside	different_species_same_arrangement	440	0.1556283961	0.151097602161	1664.10454545
2L_0928_46350001_46400000	46350001	46400000	outside	different_species_opposite_arrangement	582	0.16312580362	0.158926475184	1660.02061856
2L_0929_46400001_46450000	46400001	46450000	outside	same_species_same_arrangement	236	0.0958641896928	0.100185090019	1360.92372881
2L_0929_46400001_46450000	46400001	46450000	outside	same_species_opposite_arrangement	120	0.111753671793	0.111010172487	1366.63333333
2L_0929_46400001_46450000	46400001	46450000	outside	different_species_same_arrangement	440	0.146310935795	0.147037149421	1355.98409091
2L_0929_46400001_46450000	46400001	46450000	outside	different_species_opposite_arrangement	582	0.151231333784	0.156042808772	1353.76460481
2L_0930_46450001_46500000	46450001	46500000	outside	same_species_same_arrangement	236	0.0881868823977	0.088916568405	2004.1059322
2L_0930_46450001_46500000	46450001	46500000	outside	same_species_opposite_arrangement	120	0.0981473206217	0.0980759240759	2006.325
2L_0930_46450001_46500000	46450001	46500000	outside	different_species_same_arrangement	440	0.14078228869	0.148652045548	2001.20454545
2L_0930_46450001_46500000	46450001	46500000	outside	different_species_opposite_arrangement	582	0.146190018938	0.154279255301	1999.9209622
2L_0931_46500001_46550000	46500001	46550000	outside	same_species_same_arrangement	236	0.0891718765852	0.091831300617	1990.41101695
2L_0931_46500001_46550000	46500001	46550000	outside	same_species_opposite_arrangement	120	0.102654047886	0.102038023263	2005.19166667
2L_0931_46500001_46550000	46500001	46550000	outside	different_species_same_arrangement	440	0.148108349039	0.154224550289	1981.20454545
2L_0931_46500001_46550000	46500001	46550000	outside	different_species_opposite_arrangement	582	0.153514477215	0.162267508772	1975.3024055
2L_0932_46550001_46600000	46550001	46600000	outside	same_species_same_arrangement	236	0.09353627967	0.0997610938474	1889.35169492
2L_0932_46550001_46600000	46550001	46600000	outside	same_species_opposite_arrangement	120	0.114191378359	0.113857912525	1893.35833333
2L_0932_46550001_46600000	46550001	46600000	outside	different_species_same_arrangement	440	0.146429686867	0.142800153126	1884.47727273
2L_0932_46550001_46600000	46550001	46600000	outside	different_species_opposite_arrangement	582	0.152963878767	0.159158104386	1882.01546392
2L_0933_46600001_46650000	46600001	46650000	outside	same_species_same_arrangement	236	0.101148298227	0.100714356376	1879.72457627
2L_0933_46600001_46650000	46600001	46650000	outside	same_species_opposite_arrangement	120	0.124468312886	0.124225418782	1870.9
2L_0933_46600001_46650000	46600001	46650000	outside	different_species_same_arrangement	440	0.158454421441	0.150265790394	1871.90227273
2L_0933_46600001_46650000	46600001	46650000	outside	different_species_opposite_arrangement	582	0.1644694794	0.16945118123	1871.99312715
2L_0934_46650001_46700000	46650001	46700000	outside	same_species_same_arrangement	236	0.098147133566	0.101994798096	2123
2L_0934_46650001_46700000	46650001	46700000	outside	same_species_opposite_arrangement	120	0.111351365526	0.110447548423	2130.11666667
2L_0934_46650001_46700000	46650001	46700000	outside	different_species_same_arrangement	440	0.144028988744	0.145217847625	2118.88636364
2L_0934_46650001_46700000	46650001	46700000	outside	different_species_opposite_arrangement	582	0.14938159509	0.152055765595	2116.19415808
2L_0935_46700001_46750000	46700001	46750000	outside	same_species_same_arrangement	236	0.0881884590574	0.0816827448558	1855.09322034
2L_0935_46700001_46750000	46700001	46750000	outside	same_species_opposite_arrangement	120	0.098455050434	0.0967221925604	1878.86666667
2L_0935_46700001_46750000	46700001	46750000	outside	different_species_same_arrangement	440	0.187050885907	0.183114620195	1845.425
2L_0935_46700001_46750000	46700001	46750000	outside	different_species_opposite_arrangement	582	0.195422532272	0.196453064985	1836.40378007
2L_0936_46750001_46800000	46750001	46800000	outside	same_species_same_arrangement	236	0.0901206407764	0.0930448890707	1743.16525424
2L_0936_46750001_46800000	46750001	46800000	outside	same_species_opposite_arrangement	120	0.113065977264	0.111111111111	1739.48333333
2L_0936_46750001_46800000	46750001	46800000	outside	different_species_same_arrangement	440	0.143919880101	0.146881909672	1734.17727273
2L_0936_46750001_46800000	46750001	46800000	outside	different_species_opposite_arrangement	582	0.148045427767	0.152813757453	1734.3161512
2L_0937_46800001_46850000	46800001	46850000	outside	same_species_same_arrangement	236	0.0984789726144	0.0960321049598	2058.61440678
2L_0937_46800001_46850000	46800001	46850000	outside	same_species_opposite_arrangement	120	0.118128940061	0.11809709429	2051.25
2L_0937_46800001_46850000	46800001	46850000	outside	different_species_same_arrangement	440	0.147482108132	0.139316431074	2051.625
2L_0937_46800001_46850000	46800001	46850000	outside	different_species_opposite_arrangement	582	0.154728097863	0.15505494542	2052.41237113
2L_0938_46850001_46900000	46850001	46900000	outside	same_species_same_arrangement	236	0.0959389617544	0.104878058822	1729.3220339
2L_0938_46850001_46900000	46850001	46900000	outside	same_species_opposite_arrangement	120	0.11562597662	0.115395629571	1730.88333333
2L_0938_46850001_46900000	46850001	46900000	outside	different_species_same_arrangement	440	0.15946396808	0.155704179541	1722.78636364
2L_0938_46850001_46900000	46850001	46900000	outside	different_species_opposite_arrangement	582	0.166963222433	0.176684057081	1721.10309278
2L_0939_46900001_46950000	46900001	46950000	outside	same_species_same_arrangement	236	0.100209371969	0.103242400359	1890.18220339
2L_0939_46900001_46950000	46900001	46950000	outside	same_species_opposite_arrangement	120	0.120441589922	0.121368097274	1887.46666667
2L_0939_46900001_46950000	46900001	46950000	outside	different_species_same_arrangement	440	0.145896780606	0.133139142541	1885.36363636
2L_0939_46900001_46950000	46900001	46950000	outside	different_species_opposite_arrangement	582	0.15356096828	0.145428242275	1885.35223368
2L_0940_46950001_47000000	46950001	47000000	outside	same_species_same_arrangement	236	0.101286279557	0.10617679594	1801.90254237
2L_0940_46950001_47000000	46950001	47000000	outside	same_species_opposite_arrangement	120	0.12117758572	0.120859279829	1801.375
2L_0940_46950001_47000000	46950001	47000000	outside	different_species_same_arrangement	440	0.154175620469	0.152605218556	1796.11818182
2L_0940_46950001_47000000	46950001	47000000	outside	different_species_opposite_arrangement	582	0.161344737459	0.169316479232	1795.4347079
2L_0941_47000001_47050000	47000001	47050000	outside	same_species_same_arrangement	236	0.0972065225114	0.0987173842635	1993.86440678
2L_0941_47000001_47050000	47000001	47050000	outside	same_species_opposite_arrangement	120	0.108951074723	0.109061936751	1995.81666667
2L_0941_47000001_47050000	47000001	47050000	outside	different_species_same_arrangement	440	0.135757588491	0.132110785526	1988.39090909
2L_0941_47000001_47050000	47000001	47050000	outside	different_species_opposite_arrangement	582	0.142638885941	0.142068447052	1986.41065292
2L_0942_47050001_47100000	47050001	47100000	outside	same_species_same_arrangement	236	0.0919091224474	0.0960031750329	1850.62288136
2L_0942_47050001_47100000	47050001	47100000	outside	same_species_opposite_arrangement	120	0.106315364498	0.105092320875	1851.7
2L_0942_47050001_47100000	47050001	47100000	outside	different_species_same_arrangement	440	0.132993482441	0.129032062253	1846.35681818
2L_0942_47050001_47100000	47050001	47100000	outside	different_species_opposite_arrangement	582	0.139925894508	0.145209185184	1844.83333333
2L_0943_47100001_47150000	47100001	47150000	outside	same_species_same_arrangement	236	0.101960716833	0.108487654321	1619.75
2L_0943_47100001_47150000	47100001	47150000	outside	same_species_opposite_arrangement	120	0.120485798199	0.119672564262	1620.23333333
2L_0943_47100001_47150000	47100001	47150000	outside	different_species_same_arrangement	440	0.159903362173	0.156173029557	1616.82954545
2L_0943_47100001_47150000	47100001	47150000	outside	different_species_opposite_arrangement	582	0.167434761796	0.173765529477	1616.17869416
2L_0944_47150001_47200000	47150001	47200000	outside	same_species_same_arrangement	236	0.100644077319	0.102683491914	1821.39830508
2L_0944_47150001_47200000	47150001	47200000	outside	same_species_opposite_arrangement	120	0.115867175078	0.116323244621	1825.05
2L_0944_47150001_47200000	47150001	47200000	outside	different_species_same_arrangement	440	0.132891932488	0.128692682343	1819.45909091
2L_0944_47150001_47200000	47150001	47200000	outside	different_species_opposite_arrangement	582	0.136621302426	0.13995001893	1818.12542955
2L_0945_47200001_47250000	47200001	47250000	outside	same_species_same_arrangement	236	0.0991229003248	0.104848909562	1764.44915254
2L_0945_47200001_47250000	47200001	47250000	outside	same_species_opposite_arrangement	120	0.115160808511	0.115156330252	1766.34166667
2L_0945_47200001_47250000	47200001	47250000	outside	different_species_same_arrangement	440	0.138438285135	0.128905160788	1759.95227273
2L_0945_47200001_47250000	47200001	47250000	outside	different_species_opposite_arrangement	582	0.143820847805	0.144769919906	1758.67010309
2L_0946_47250001_47300000	47250001	47300000	outside	same_species_same_arrangement	236	0.0993682933426	0.105013911071	1625.34745763
2L_0946_47250001_47300000	47250001	47300000	outside	same_species_opposite_arrangement	120	0.112988095434	0.111591376882	1628.575
2L_0946_47250001_47300000	47250001	47300000	outside	different_species_same_arrangement	440	0.148994903383	0.146203338602	1621.26136364
2L_0946_47250001_47300000	47250001	47300000	outside	different_species_opposite_arrangement	582	0.153557895361	0.155745840367	1619.75085911
2L_0947_47300001_47350000	47300001	47350000	outside	same_species_same_arrangement	236	0.0992403709768	0.100053586076	1815.02542373
2L_0947_47300001_47350000	47300001	47350000	outside	same_species_opposite_arrangement	120	0.113787377865	0.114187432608	1817.91666667
2L_0947_47300001_47350000	47300001	47350000	outside	different_species_same_arrangement	440	0.141747648388	0.134153146153	1810.82954545
2L_0947_47300001_47350000	47300001	47350000	outside	different_species_opposite_arrangement	582	0.148366536575	0.149201717501	1808.76804124
2L_0948_47350001_47400000	47350001	47400000	outside	same_species_same_arrangement	236	0.092926967119	0.0915025428191	1727.22457627
2L_0948_47350001_47400000	47350001	47400000	outside	same_species_opposite_arrangement	120	0.107555192537	0.1062822473	1743.46666667
2L_0948_47350001_47400000	47350001	47400000	outside	different_species_same_arrangement	440	0.133028932489	0.131716579576	1723.70909091
2L_0948_47350001_47400000	47350001	47400000	outside	different_species_opposite_arrangement	582	0.141259818813	0.145409893629	1718.35223368
2L_0949_47400001_47450000	47400001	47450000	outside	same_species_same_arrangement	236	0.0969875411826	0.097159122275	1778.20338983
2L_0949_47400001_47450000	47400001	47450000	outside	same_species_opposite_arrangement	120	0.112845079198	0.113085310281	1778.64166667
2L_0949_47400001_47450000	47400001	47450000	outside	different_species_same_arrangement	440	0.141078268947	0.13510115682	1774.375
2L_0949_47400001_47450000	47400001	47450000	outside	different_species_opposite_arrangement	582	0.148521528067	0.151054864273	1773.66151203
2L_0950_47450001_47500000	47450001	47500000	outside	same_species_same_arrangement	236	0.098282146688	0.0978729008433	1747.65254237
2L_0950_47450001_47500000	47450001	47500000	outside	same_species_opposite_arrangement	120	0.110250774942	0.110083361052	1748.74166667
2L_0950_47450001_47500000	47450001	47500000	outside	different_species_same_arrangement	440	0.138806759385	0.133021010789	1743.60681818
2L_0950_47450001_47500000	47450001	47500000	outside	different_species_opposite_arrangement	582	0.144130898636	0.144759631518	1742.55670103
2L_0951_47500001_47550000	47500001	47550000	outside	same_species_same_arrangement	236	0.100202457414	0.104145278801	1957.22457627
2L_0951_47500001_47550000	47500001	47550000	outside	same_species_opposite_arrangement	120	0.117626308899	0.117624422781	1951.55833333
2L_0951_47500001_47550000	47500001	47550000	outside	different_species_same_arrangement	440	0.141303715551	0.132006066672	1947.30227273
2L_0951_47500001_47550000	47500001	47550000	outside	different_species_opposite_arrangement	582	0.148384120617	0.149578122794	1946.58419244
2L_0952_47550001_47600000	47550001	47600000	outside	same_species_same_arrangement	236	0.0949529255397	0.096682012401	1905.10169492
2L_0952_47550001_47600000	47550001	47600000	outside	same_species_opposite_arrangement	120	0.109250386442	0.109107787837	1907.1
2L_0952_47550001_47600000	47550001	47600000	outside	different_species_same_arrangement	440	0.128100787608	0.123792121267	1901.03863636
2L_0952_47550001_47600000	47550001	47600000	outside	different_species_opposite_arrangement	582	0.134158613754	0.133132214061	1899.71993127
2L_0953_47600001_47650000	47600001	47650000	outside	same_species_same_arrangement	236	0.0980558834336	0.0991187787263	1580.83050847
2L_0953_47600001_47650000	47600001	47650000	outside	same_species_opposite_arrangement	120	0.11517073669	0.115236246383	1566.56666667
2L_0953_47600001_47650000	47600001	47650000	outside	different_species_same_arrangement	440	0.135403879256	0.135862623197	1573.22045455
2L_0953_47600001_47650000	47600001	47650000	outside	different_species_opposite_arrangement	582	0.136317076805	0.138765818792	1576.53092784
2L_0954_47650001_47700000	47650001	47700000	outside	same_species_same_arrangement	236	0.0890252891957	0.0891307405293	927.43220339
2L_0954_47650001_47700000	47650001	47700000	outside	same_species_opposite_arrangement	120	0.101125901013	0.100640687961	932.258333333
2L_0954_47650001_47700000	47650001	47700000	outside	different_species_same_arrangement	440	0.146373722053	0.141565137582	927.393181818
2L_0954_47650001_47700000	47650001	47700000	outside	different_species_opposite_arrangement	582	0.156919318362	0.158255417591	924.589347079
2L_0955_47700001_47750000	47700001	47750000	outside	same_species_same_arrangement	236	0.0934460926662	0.0939004658257	1561.85169492
2L_0955_47700001_47750000	47700001	47750000	outside	same_species_opposite_arrangement	120	0.108788019985	0.108584285433	1555.625
2L_0955_47700001_47750000	47700001	47750000	outside	different_species_same_arrangement	440	0.141625447471	0.137671863303	1556.43863636
2L_0955_47700001_47750000	47700001	47750000	outside	different_species_opposite_arrangement	582	0.145786423309	0.152675101351	1556.82474227
2L_0956_47750001_47800000	47750001	47800000	outside	same_species_same_arrangement	236	0.0990374247203	0.100485374257	1545.43644068
2L_0956_47750001_47800000	47750001	47800000	outside	same_species_opposite_arrangement	120	0.117851379282	0.117685305592	1548.35833333
2L_0956_47750001_47800000	47750001	47800000	outside	different_species_same_arrangement	440	0.148619422723	0.140328290679	1541.35454545
2L_0956_47750001_47800000	47750001	47800000	outside	different_species_opposite_arrangement	582	0.157673835042	0.164654203091	1539.51202749
2L_0957_47800001_47850000	47800001	47850000	outside	same_species_same_arrangement	236	0.103998871931	0.106267200167	1789.88135593
2L_0957_47800001_47850000	47800001	47850000	outside	same_species_opposite_arrangement	120	0.12240659886	0.122351789709	1791.53333333
2L_0957_47800001_47850000	47800001	47850000	outside	different_species_same_arrangement	440	0.150509156347	0.141249966435	1785.97727273
2L_0957_47800001_47850000	47800001	47850000	outside	different_species_opposite_arrangement	582	0.155894130117	0.160684514822	1784.28694158
2L_0958_47850001_47900000	47850001	47900000	outside	same_species_same_arrangement	236	0.0900632387161	0.0862560256696	1748.18220339
2L_0958_47850001_47900000	47850001	47900000	outside	same_species_opposite_arrangement	120	0.110117900102	0.110681557847	1750.925
2L_0958_47850001_47900000	47850001	47900000	outside	different_species_same_arrangement	440	0.141383187351	0.137324928416	1744.77954545
2L_0958_47850001_47900000	47850001	47900000	outside	different_species_opposite_arrangement	582	0.14849154686	0.151186016438	1742.83676976
2L_0959_47900001_47950000	47900001	47950000	outside	same_species_same_arrangement	236	0.0977449149526	0.0982027581164	2172.06779661
2L_0959_47900001_47950000	47900001	47950000	outside	same_species_opposite_arrangement	120	0.116483369632	0.116417933112	2174.89166667
2L_0959_47900001_47950000	47900001	47950000	outside	different_species_same_arrangement	440	0.143845547122	0.13875435925	2165.25681818
2L_0959_47900001_47950000	47900001	47950000	outside	different_species_opposite_arrangement	582	0.149330692279	0.157080232518	2163.24226804
2L_0960_47950001_48000000	47950001	48000000	outside	same_species_same_arrangement	236	0.0954204337873	0.0946337577218	2114.54661017
2L_0960_47950001_48000000	47950001	48000000	outside	same_species_opposite_arrangement	120	0.112149243598	0.112180294988	2115.25
2L_0960_47950001_48000000	47950001	48000000	outside	different_species_same_arrangement	440	0.135781552225	0.130954941192	2110.52045455
2L_0960_47950001_48000000	47950001	48000000	outside	different_species_opposite_arrangement	582	0.142697559563	0.141888732444	2109.44845361
2L_0961_48000001_48050000	48000001	48050000	outside	same_species_same_arrangement	236	0.0953990820608	0.102413322413	1650.0720339
2L_0961_48000001_48050000	48000001	48050000	outside	same_species_opposite_arrangement	120	0.117618329837	0.116461039737	1653.8
2L_0961_48000001_48050000	48000001	48050000	outside	different_species_same_arrangement	440	0.135438726584	0.13103817963	1646.44318182
2L_0961_48000001_48050000	48000001	48050000	outside	different_species_opposite_arrangement	582	0.142210175344	0.146818213874	1644.50171821
2L_0962_48050001_48100000	48050001	48100000	outside	same_species_same_arrangement	236	0.0997541230117	0.103196556471	1851.86016949
2L_0962_48050001_48100000	48050001	48100000	outside	same_species_opposite_arrangement	120	0.119062469765	0.118694122325	1847.26666667
2L_0962_48050001_48100000	48050001	48100000	outside	different_species_same_arrangement	440	0.141290982242	0.134475295885	1848.75454545
2L_0962_48050001_48100000	48050001	48100000	outside	different_species_opposite_arrangement	582	0.147619115768	0.148072561088	1849.57388316
2L_0963_48100001_48150000	48100001	48150000	outside	same_species_same_arrangement	236	0.097639304041	0.0996666825739	1655.20338983
2L_0963_48100001_48150000	48100001	48150000	outside	same_species_opposite_arrangement	120	0.117144592039	0.117807552785	1653.30833333
2L_0963_48100001_48150000	48100001	48150000	outside	different_species_same_arrangement	440	0.144575781969	0.134672732463	1650.3
2L_0963_48100001_48150000	48100001	48150000	outside	different_species_opposite_arrangement	582	0.15270091751	0.153906434369	1649.53780069
2L_0964_48150001_48200000	48150001	48200000	outside	same_species_same_arrangement	236	0.0904596626312	0.0918990419174	1652.23305085
2L_0964_48150001_48200000	48150001	48200000	outside	same_species_opposite_arrangement	120	0.111010931927	0.110995411922	1679.08333333
2L_0964_48150001_48200000	48150001	48200000	outside	different_species_same_arrangement	440	0.140172979521	0.136605034252	1651.58863636
2L_0964_48150001_48200000	48150001	48200000	outside	different_species_opposite_arrangement	582	0.147635396393	0.149283928302	1643.93814433
2L_0965_48200001_48250000	48200001	48250000	outside	same_species_same_arrangement	236	0.0978454932831	0.0984863492006	1942.70338983
2L_0965_48200001_48250000	48200001	48250000	outside	same_species_opposite_arrangement	120	0.117742443867	0.117029366431	1943.66666667
2L_0965_48200001_48250000	48200001	48250000	outside	different_species_same_arrangement	440	0.143602311412	0.139626995348	1934.96818182
2L_0965_48200001_48250000	48200001	48250000	outside	different_species_opposite_arrangement	582	0.150863775966	0.154106040971	1933.56357388
2L_0966_48250001_48300000	48250001	48300000	outside	same_species_same_arrangement	236	0.0953606086699	0.0979013938845	1826.63559322
2L_0966_48250001_48300000	48250001	48300000	outside	same_species_opposite_arrangement	120	0.113995861961	0.111415283466	1829.40833333
2L_0966_48250001_48300000	48250001	48300000	outside	different_species_same_arrangement	440	0.139007597305	0.131809444076	1822.96590909
2L_0966_48250001_48300000	48250001	48300000	outside	different_species_opposite_arrangement	582	0.145699280587	0.144664561642	1821.31271478
2L_0967_48300001_48350000	48300001	48350000	outside	same_species_same_arrangement	236	0.0984336660912	0.0997023809524	1853.10169492
2L_0967_48300001_48350000	48300001	48350000	outside	same_species_opposite_arrangement	120	0.118495329043	0.115860329665	1852.95833333
2L_0967_48300001_48350000	48300001	48350000	outside	different_species_same_arrangement	440	0.141743873493	0.139286661286	1850.3
2L_0967_48300001_48350000	48300001	48350000	outside	different_species_opposite_arrangement	582	0.146797721493	0.150989457311	1849.41237113
2L_0968_48350001_48400000	48350001	48400000	outside	same_species_same_arrangement	236	0.0938911023259	0.0964791555512	1655.20762712
2L_0968_48350001_48400000	48350001	48400000	outside	same_species_opposite_arrangement	120	0.110445057831	0.109634561496	1654.31666667
2L_0968_48350001_48400000	48350001	48400000	outside	different_species_same_arrangement	440	0.135161790898	0.13318257926	1651.4
2L_0968_48350001_48400000	48350001	48400000	outside	different_species_opposite_arrangement	582	0.141785213699	0.146826585416	1651.0137457
2L_0969_48400001_48450000	48400001	48450000	outside	same_species_same_arrangement	236	0.084998189841	0.0878677074197	1647.64830508
2L_0969_48400001_48450000	48400001	48450000	outside	same_species_opposite_arrangement	120	0.100916511479	0.100665671795	1647.31666667
2L_0969_48400001_48450000	48400001	48450000	outside	different_species_same_arrangement	440	0.122332256176	0.122043662826	1643.35454545
2L_0969_48400001_48450000	48400001	48450000	outside	different_species_opposite_arrangement	582	0.126630726707	0.129383190524	1642.12714777
2L_0970_48450001_48500000	48450001	48500000	outside	same_species_same_arrangement	236	0.0954407927978	0.100350341614	1559.47033898
2L_0970_48450001_48500000	48450001	48500000	outside	same_species_opposite_arrangement	120	0.112746543338	0.112819792098	1557.4
2L_0970_48450001_48500000	48450001	48500000	outside	different_species_same_arrangement	440	0.140911183807	0.129462770756	1555.23409091
2L_0970_48450001_48500000	48450001	48500000	outside	different_species_opposite_arrangement	582	0.148881349345	0.142628321028	1555.28350515
2L_0971_48500001_48550000	48500001	48550000	outside	same_species_same_arrangement	236	0.096235545911	0.100749614922	1740.76694915
2L_0971_48500001_48550000	48500001	48550000	outside	same_species_opposite_arrangement	120	0.115824490568	0.113129245823	1739.95833333
2L_0971_48500001_48550000	48500001	48550000	outside	different_species_same_arrangement	440	0.137924221963	0.129231260696	1735.69090909
2L_0971_48500001_48550000	48500001	48550000	outside	different_species_opposite_arrangement	582	0.145333422467	0.146246860086	1734.81271478
2L_0972_48550001_48600000	48550001	48600000	outside	same_species_same_arrangement	236	0.0964066264474	0.102087370801	1724.73305085
2L_0972_48550001_48600000	48550001	48600000	outside	same_species_opposite_arrangement	120	0.116727228748	0.116444033294	1723.575
2L_0972_48550001_48600000	48550001	48600000	outside	different_species_same_arrangement	440	0.142475702388	0.13228047242	1720.87727273
2L_0972_48550001_48600000	48550001	48600000	outside	different_species_opposite_arrangement	582	0.149339868136	0.147645458085	1720.5532646
2L_0973_48600001_48650000	48600001	48650000	outside	same_species_same_arrangement	236	0.0944227098605	0.0965908705001	1714.3940678
2L_0973_48600001_48650000	48600001	48650000	outside	same_species_opposite_arrangement	120	0.113327771117	0.112197008091	1715.84166667
2L_0973_48600001_48650000	48600001	48650000	outside	different_species_same_arrangement	440	0.138822630153	0.134160559002	1711.16136364
2L_0973_48600001_48650000	48600001	48650000	outside	different_species_opposite_arrangement	582	0.145993850807	0.150893675763	1709.78522337
2L_0974_48650001_48700000	48650001	48700000	outside	same_species_same_arrangement	236	0.0908846771556	0.0939784249511	1781.22457627
2L_0974_48650001_48700000	48650001	48700000	outside	same_species_opposite_arrangement	120	0.10683599125	0.106171217248	1781.19166667
2L_0974_48650001_48700000	48650001	48700000	outside	different_species_same_arrangement	440	0.130066140616	0.123535965943	1777.60681818
2L_0974_48650001_48700000	48650001	48700000	outside	different_species_opposite_arrangement	582	0.13542282881	0.13818509493	1776.84364261
2L_0975_48700001_48750000	48700001	48750000	outside	same_species_same_arrangement	236	0.0951562686885	0.0959279275244	1805.86440678
2L_0975_48700001_48750000	48700001	48750000	outside	same_species_opposite_arrangement	120	0.105895488886	0.105782607782	1806.33333333
2L_0975_48700001_48750000	48700001	48750000	outside	different_species_same_arrangement	440	0.122429263754	0.117809734513	1800.13636364
2L_0975_48700001_48750000	48700001	48750000	outside	different_species_opposite_arrangement	582	0.128607331675	0.129365421632	1798.82646048
2L_0976_48750001_48800000	48750001	48800000	outside	same_species_same_arrangement	236	0.0926561913307	0.0952583456602	1669.56355932
2L_0976_48750001_48800000	48750001	48800000	outside	same_species_opposite_arrangement	120	0.110950267591	0.110136150108	1665.625
2L_0976_48750001_48800000	48750001	48800000	outside	different_species_same_arrangement	440	0.133808724248	0.126191683723	1663.25681818
2L_0976_48750001_48800000	48750001	48800000	outside	different_species_opposite_arrangement	582	0.14088828598	0.14039560869	1663.22508591
2L_0977_48800001_48850000	48800001	48850000	outside	same_species_same_arrangement	236	0.092256340554	0.0966969487509	1561.63559322
2L_0977_48800001_48850000	48800001	48850000	outside	same_species_opposite_arrangement	120	0.111391960859	0.111663094006	1561.25833333
2L_0977_48800001_48850000	48800001	48850000	outside	different_species_same_arrangement	440	0.137929058731	0.130621976562	1557.49090909
2L_0977_48800001_48850000	48800001	48850000	outside	different_species_opposite_arrangement	582	0.143328628642	0.140834532689	1556.54810997
2L_0978_48850001_48900000	48850001	48900000	outside	same_species_same_arrangement	236	0.093990343329	0.0963367977997	1811.51271186
2L_0978_48850001_48900000	48850001	48900000	outside	same_species_opposite_arrangement	120	0.11148810029	0.111922158826	1813.41666667
2L_0978_48850001_48900000	48850001	48900000	outside	different_species_same_arrangement	440	0.134425326314	0.123621828534	1808.03181818
2L_0978_48850001_48900000	48850001	48900000	outside	different_species_opposite_arrangement	582	0.141839909342	0.136563025565	1806.5652921
2L_0979_48900001_48950000	48900001	48950000	outside	same_species_same_arrangement	236	0.0953385680418	0.101873482796	1668.11864407
2L_0979_48900001_48950000	48900001	48950000	outside	same_species_opposite_arrangement	120	0.115061692127	0.11451739034	1664.23333333
2L_0979_48900001_48950000	48900001	48950000	outside	different_species_same_arrangement	440	0.137746383651	0.127029117465	1664.27727273
2L_0979_48900001_48950000	48900001	48950000	outside	different_species_opposite_arrangement	582	0.144375499689	0.14180944293	1664.66323024
2L_0980_48950001_49000000	48950001	49000000	outside	same_species_same_arrangement	236	0.0850423381706	0.0828716528163	1446.86440678
2L_0980_48950001_49000000	48950001	49000000	outside	same_species_opposite_arrangement	120	0.105906848028	0.106409553972	1441.325
2L_0980_48950001_49000000	48950001	49000000	outside	different_species_same_arrangement	440	0.136968248012	0.128477557011	1438.98636364
2L_0980_48950001_49000000	48950001	49000000	outside	different_species_opposite_arrangement	582	0.145803865616	0.146519233686	1439.08419244
2L_0981_49000001_49050000	49000001	49050000	outside	same_species_same_arrangement	236	0.0900469284008	0.0945178805185	1636.99576271
2L_0981_49000001_49050000	49000001	49050000	outside	same_species_opposite_arrangement	120	0.112438488871	0.112282738735	1640.90833333
2L_0981_49000001_49050000	49000001	49050000	outside	different_species_same_arrangement	440	0.137572062184	0.1273946052	1626.89772727
2L_0981_49000001_49050000	49000001	49050000	outside	different_species_opposite_arrangement	582	0.14514501273	0.139891465352	1623.8814433
2L_0982_49050001_49100000	49050001	49100000	outside	same_species_same_arrangement	236	0.0863174936958	0.079934927537	1196.02118644
2L_0982_49050001_49100000	49050001	49100000	outside	same_species_opposite_arrangement	120	0.112402387547	0.111459553406	1198.1
2L_0982_49050001_49100000	49050001	49100000	outside	different_species_same_arrangement	440	0.156600584205	0.143215056283	1193.175
2L_0982_49050001_49100000	49050001	49100000	outside	different_species_opposite_arrangement	582	0.166814410831	0.152800935393	1192.16838488
2L_0983_49100001_49150000	49100001	49150000	outside	same_species_same_arrangement	236	0.0777863244169	0.0730088495575	1136.15254237
2L_0983_49100001_49150000	49100001	49150000	outside	same_species_opposite_arrangement	120	0.104486575189	0.103645167114	1135.73333333
2L_0983_49100001_49150000	49100001	49150000	outside	different_species_same_arrangement	440	0.169791723443	0.152728873239	1133.90227273
2L_0983_49100001_49150000	49100001	49150000	outside	different_species_opposite_arrangement	582	0.184166322034	0.17381692918	1133.35051546
2L_0984_49150001_49200000	49150001	49200000	outside	same_species_same_arrangement	236	0.0742799526157	0.0658648339061	870.830508475
2L_0984_49150001_49200000	49150001	49200000	outside	same_species_opposite_arrangement	120	0.107518615868	0.107182492707	872
2L_0984_49150001_49200000	49150001	49200000	outside	different_species_same_arrangement	440	0.213129517831	0.216292234689	869.561363636
2L_0984_49150001_49200000	49150001	49200000	outside	different_species_opposite_arrangement	582	0.23687835478	0.251438133188	868.862542955
2L_0985_49200001_49250000	49200001	49250000	outside	same_species_same_arrangement	236	0.0582587747869	0.0575080107005	779.224576271
2L_0985_49200001_49250000	49200001	49250000	outside	same_species_opposite_arrangement	120	0.0690816545382	0.0697893207764	781.5
2L_0985_49200001_49250000	49200001	49250000	outside	different_species_same_arrangement	440	0.221831739392	0.202763418104	777.945454545
2L_0985_49200001_49250000	49200001	49250000	outside	different_species_opposite_arrangement	582	0.243929215639	0.22250804816	776.864261168
2L_0986_49250001_49300000	49250001	49300000	outside	same_species_same_arrangement	236	0.0654175271142	0.0658536585366	829.728813559
2L_0986_49250001_49300000	49250001	49300000	outside	same_species_opposite_arrangement	120	0.07703095406	0.0751344086022	836.45
2L_0986_49250001_49300000	49250001	49300000	outside	different_species_same_arrangement	440	0.196862344282	0.195719283649	828.113636364
2L_0986_49250001_49300000	49250001	49300000	outside	different_species_opposite_arrangement	582	0.214166497467	0.203021222158	825.520618557
2L_0987_49300001_49350000	49300001	49350000	outside	same_species_same_arrangement	236	0.057731960897	0.0541286226029	543.046610169
2L_0987_49300001_49350000	49300001	49350000	outside	same_species_opposite_arrangement	120	0.0774110676166	0.0788744021378	543.633333333
2L_0987_49300001_49350000	49300001	49350000	outside	different_species_same_arrangement	440	0.218200366132	0.19308667523	542.843181818
2L_0987_49300001_49350000	49300001	49350000	outside	different_species_opposite_arrangement	582	0.239360605613	0.200369352286	542.546391753
2L_0988_49350001_49364325	49350001	49364325	outside	same_species_same_arrangement	236	0.0653429886062	0.0557189542484	168.004237288
2L_0988_49350001_49364325	49350001	49364325	outside	same_species_opposite_arrangement	120	0.0748230194703	0.0621488764045	178.758333333
2L_0988_49350001_49364325	49350001	49364325	outside	different_species_same_arrangement	440	0.197276046143	0.22100637093	164.247727273
2L_0988_49350001_49364325	49350001	49364325	outside	different_species_opposite_arrangement	582	0.211910243077	0.229771697163	160.479381443
