window_id	start	end	region_class	n_within_species_opposite_pairs	mean_within_species_opposite	n_cross_species_same_pairs	mean_cross_species_same	C
2L_0001_1_50000	1	50000	outside	120	0.049042894357	100	0.0706864010334	-0.0216435066764
2L_0002_50001_100000	50001	100000	outside	120	0.0696241985648	100	0.0785942363381	-0.0089700377733
2L_0003_100001_150000	100001	150000	outside	0	nan	0	nan	nan
2L_0004_150001_200000	150001	200000	outside	120	0.0477778342275	100	0.084628114487	-0.0368502802595
2L_0005_200001_250000	200001	250000	outside	120	0.029308651823	100	0.0558491949432	-0.0265405431203
2L_0006_250001_300000	250001	300000	outside	120	0.0421430838319	100	0.0610527462456	-0.0189096624137
2L_0007_300001_350000	300001	350000	outside	120	0.0528539776045	100	0.0966176976527	-0.0437637200482
2L_0008_350001_400000	350001	400000	outside	120	0.0512011369006	100	0.0747716014663	-0.0235704645658
2L_0009_400001_450000	400001	450000	outside	120	0.0459327504995	100	0.071578069256	-0.0256453187565
2L_0010_450001_500000	450001	500000	outside	120	0.0439170278264	100	0.0725125728914	-0.028595545065
2L_0011_500001_550000	500001	550000	outside	120	0.052921015336	100	0.0765857551245	-0.0236647397885
2L_0012_550001_600000	550001	600000	outside	120	0.0396309252755	100	0.0580189226875	-0.018387997412
2L_0013_600001_650000	600001	650000	outside	120	0.0377893513207	100	0.0674192543826	-0.0296299030619
2L_0014_650001_700000	650001	700000	outside	0	nan	0	nan	nan
2L_0015_700001_750000	700001	750000	outside	120	0.0331953316524	100	0.0616176695908	-0.0284223379383
2L_0016_750001_800000	750001	800000	outside	120	0.0327113693563	100	0.0534761111407	-0.0207647417844
2L_0017_800001_850000	800001	850000	outside	120	0.0422130852943	100	0.0557013633315	-0.0134882780372
2L_0018_850001_900000	850001	900000	outside	120	0.044132293142	100	0.0756585283678	-0.0315262352258
2L_0019_900001_950000	900001	950000	outside	120	0.0405954294957	100	0.0721373715959	-0.0315419421001
2L_0020_950001_1000000	950001	1000000	outside	120	0.0493295529058	100	0.0881005224517	-0.0387709695459
2L_0021_1000001_1050000	1000001	1050000	outside	0	nan	0	nan	nan
2L_0022_1050001_1100000	1050001	1100000	outside	120	0.0488851823969	100	0.0896733383592	-0.0407881559623
2L_0023_1100001_1150000	1100001	1150000	outside	120	0.0435426250887	100	0.0750508727634	-0.0315082476747
2L_0024_1150001_1200000	1150001	1200000	outside	120	0.0422692992459	100	0.0662060561349	-0.0239367568891
2L_0025_1200001_1250000	1200001	1250000	outside	120	0.0439596617834	100	0.0645113501553	-0.0205516883719
2L_0026_1250001_1300000	1250001	1300000	outside	120	0.0340913034415	100	0.0733518627837	-0.0392605593422
2L_0027_1300001_1350000	1300001	1350000	outside	120	0.0377662430183	100	0.0843846193673	-0.046618376349
2L_0028_1350001_1400000	1350001	1400000	outside	120	0.0443802556723	100	0.0662236306328	-0.0218433749605
2L_0029_1400001_1450000	1400001	1450000	outside	120	0.0505094081931	100	0.074714739217	-0.0242053310239
2L_0030_1450001_1500000	1450001	1500000	outside	120	0.0544017032989	100	0.0730669014875	-0.0186651981886
2L_0031_1500001_1550000	1500001	1550000	outside	120	0.0523915837311	100	0.0801632096973	-0.0277716259662
2L_0032_1550001_1600000	1550001	1600000	outside	120	0.0508067947003	100	0.0990678973056	-0.0482611026053
2L_0033_1600001_1650000	1600001	1650000	outside	120	0.0552258607583	100	0.112208111079	-0.0569822503203
2L_0034_1650001_1700000	1650001	1700000	outside	120	0.0517870292976	100	0.110934044832	-0.0591470155344
2L_0035_1700001_1750000	1700001	1750000	outside	120	0.0613422296632	100	0.0928314876474	-0.0314892579842
2L_0036_1750001_1800000	1750001	1800000	outside	120	0.0532921675703	100	0.0867995900832	-0.033507422513
2L_0037_1800001_1850000	1800001	1850000	outside	120	0.0521457969116	100	0.0740071472138	-0.0218613503022
2L_0038_1850001_1900000	1850001	1900000	outside	120	0.0515422891976	100	0.0845576814731	-0.0330153922755
2L_0039_1900001_1950000	1900001	1950000	outside	120	0.0473990347497	100	0.0726514787284	-0.0252524439788
2L_0040_1950001_2000000	1950001	2000000	outside	120	0.0475618076254	100	0.0913967967051	-0.0438349890798
2L_0041_2000001_2050000	2000001	2050000	outside	120	0.0415207264343	100	0.0775233393353	-0.036002612901
2L_0042_2050001_2100000	2050001	2100000	outside	120	0.0373559906469	100	0.0895459535197	-0.0521899628728
2L_0043_2100001_2150000	2100001	2150000	outside	120	0.0482549419305	100	0.0848032962089	-0.0365483542784
2L_0044_2150001_2200000	2150001	2200000	outside	120	0.0530707321871	100	0.0845851104242	-0.0315143782372
2L_0045_2200001_2250000	2200001	2250000	outside	120	0.0570053826949	100	0.074075442878	-0.0170700601831
2L_0046_2250001_2300000	2250001	2300000	outside	120	0.0475152615225	100	0.0762402483725	-0.02872498685
2L_0047_2300001_2350000	2300001	2350000	outside	120	0.052042152995	100	0.0746467014326	-0.0226045484377
2L_0048_2350001_2400000	2350001	2400000	outside	120	0.038548012313	100	0.0708566345259	-0.0323086222128
2L_0049_2400001_2450000	2400001	2450000	outside	120	0.0486747355116	100	0.0923053686561	-0.0436306331445
2L_0050_2450001_2500000	2450001	2500000	outside	120	0.0374865382228	100	0.0543333338477	-0.0168467956248
2L_0051_2500001_2550000	2500001	2550000	outside	120	0.0532480951461	100	0.0776308052014	-0.0243827100553
2L_0052_2550001_2600000	2550001	2600000	outside	120	0.0538691898127	100	0.074662363301	-0.0207931734883
2L_0053_2600001_2650000	2600001	2650000	outside	120	0.0567634901052	100	0.0757944748293	-0.019030984724
2L_0054_2650001_2700000	2650001	2700000	outside	120	0.0471386416064	100	0.0747604649275	-0.0276218233211
2L_0055_2700001_2750000	2700001	2750000	outside	120	0.0523446828583	100	0.0714557817609	-0.0191110989026
2L_0056_2750001_2800000	2750001	2800000	outside	120	0.0577199056773	100	0.0823798302245	-0.0246599245472
2L_0057_2800001_2850000	2800001	2850000	outside	120	0.0641526489536	100	0.0735957319446	-0.00944308299096
2L_0058_2850001_2900000	2850001	2900000	outside	120	0.0663515886381	100	0.0769703354768	-0.0106187468387
2L_0059_2900001_2950000	2900001	2950000	outside	120	0.0745603318256	100	0.0783533089086	-0.00379297708297
2L_0060_2950001_3000000	2950001	3000000	outside	120	0.0793662519204	100	0.0887048836605	-0.0093386317401
2L_0061_3000001_3050000	3000001	3050000	outside	120	0.103649846092	100	0.109983009894	-0.00633316380227
2L_0062_3050001_3100000	3050001	3100000	outside	120	0.0853317406496	100	0.0911174203412	-0.00578567969163
2L_0063_3100001_3150000	3100001	3150000	outside	120	0.0965887303309	100	0.100585206584	-0.00399647625273
2L_0064_3150001_3200000	3150001	3200000	outside	120	0.0923706194956	100	0.0943032302544	-0.00193261075883
2L_0065_3200001_3250000	3200001	3250000	outside	120	0.0930804731903	100	0.0964471368526	-0.00336666366229
2L_0066_3250001_3300000	3250001	3300000	outside	120	0.107250811668	100	0.113562678715	-0.00631186704683
2L_0067_3300001_3350000	3300001	3350000	outside	120	0.0886595798429	100	0.0921975601774	-0.00353798033452
2L_0068_3350001_3400000	3350001	3400000	outside	120	0.0988926449024	100	0.103215295022	-0.00432265012011
2L_0069_3400001_3450000	3400001	3450000	outside	120	0.0898845536278	100	0.0907470873579	-0.000862533730136
2L_0070_3450001_3500000	3450001	3500000	outside	120	0.107704263142	100	0.112376223932	-0.00467196079053
2L_0071_3500001_3550000	3500001	3550000	outside	120	0.114279545105	100	0.127507279444	-0.0132277343394
2L_0072_3550001_3600000	3550001	3600000	outside	120	0.107053550605	100	0.108878702086	-0.00182515148046
2L_0073_3600001_3650000	3600001	3650000	outside	120	0.0796845640322	100	0.0824851931676	-0.00280062913535
2L_0074_3650001_3700000	3650001	3700000	outside	120	0.0960985211282	100	0.0982420612755	-0.00214354014728
2L_0075_3700001_3750000	3700001	3750000	outside	120	0.108906480016	100	0.109100063872	-0.000193583855454
2L_0076_3750001_3800000	3750001	3800000	outside	120	0.102845343278	100	0.10401513921	-0.001169795932
2L_0077_3800001_3850000	3800001	3850000	outside	120	0.101351900918	100	0.103268781083	-0.00191688016482
2L_0078_3850001_3900000	3850001	3900000	outside	120	0.069952724385	100	0.0693006740562	0.000652050328799
2L_0079_3900001_3950000	3900001	3950000	outside	120	0.0684986974047	100	0.0676185207035	0.000880176701206
2L_0080_3950001_4000000	3950001	4000000	outside	120	0.0875834405351	100	0.0839456771768	0.00363776335829
2L_0081_4000001_4050000	4000001	4050000	outside	120	0.101113221366	100	0.111489844552	-0.0103766231858
2L_0082_4050001_4100000	4050001	4100000	outside	120	0.0777834388018	100	0.0973846344907	-0.0196011956889
2L_0083_4100001_4150000	4100001	4150000	outside	120	0.0809078499771	100	0.124799876563	-0.0438920265858
2L_0084_4150001_4200000	4150001	4200000	outside	120	0.0969063333	100	0.111114186022	-0.0142078527217
2L_0085_4200001_4250000	4200001	4250000	outside	120	0.0879715133848	100	0.0977035187215	-0.00973200533664
2L_0086_4250001_4300000	4250001	4300000	outside	120	0.106187001587	100	0.117090134578	-0.0109031329909
2L_0087_4300001_4350000	4300001	4350000	outside	120	0.0808944862325	100	0.0879350186681	-0.00704053243564
2L_0088_4350001_4400000	4350001	4400000	outside	120	0.088845532934	100	0.091312158393	-0.00246662545904
2L_0089_4400001_4450000	4400001	4450000	outside	120	0.081607246303	100	0.0831876139852	-0.00158036768227
2L_0090_4450001_4500000	4450001	4500000	outside	120	0.0850786560388	100	0.0873829921479	-0.00230433610916
2L_0091_4500001_4550000	4500001	4550000	outside	120	0.103361017985	100	0.102736751925	0.00062426605983
2L_0092_4550001_4600000	4550001	4600000	outside	120	0.10539678905	100	0.109002082418	-0.00360529336792
2L_0093_4600001_4650000	4600001	4650000	outside	120	0.0926809044472	100	0.0882038572356	0.00447704721157
2L_0094_4650001_4700000	4650001	4700000	outside	120	0.0965817005689	100	0.0971846863025	-0.000602985733687
2L_0095_4700001_4750000	4700001	4750000	outside	120	0.104414335021	100	0.112254410571	-0.00784007555007
2L_0096_4750001_4800000	4750001	4800000	outside	120	0.0902934652995	100	0.0938280020696	-0.00353453677008
2L_0097_4800001_4850000	4800001	4850000	outside	120	0.0963245214686	100	0.101322263847	-0.0049977423789
2L_0098_4850001_4900000	4850001	4900000	outside	120	0.0966873332849	100	0.112656610508	-0.0159692772229
2L_0099_4900001_4950000	4900001	4950000	outside	120	0.100633481265	100	0.104405076947	-0.00377159568187
2L_0100_4950001_5000000	4950001	5000000	outside	120	0.0932635728731	100	0.0923486870775	0.000914885795552
2L_0101_5000001_5050000	5000001	5050000	outside	120	0.0975631780688	100	0.0959685386278	0.001594639441
2L_0102_5050001_5100000	5050001	5100000	outside	120	0.0964505875136	100	0.118116133763	-0.0216655462489
2L_0103_5100001_5150000	5100001	5150000	outside	0	nan	0	nan	nan
2L_0104_5150001_5200000	5150001	5200000	outside	0	nan	0	nan	nan
2L_0105_5200001_5250000	5200001	5250000	outside	120	0.0728537439682	100	0.106136346621	-0.0332826026529
2L_0106_5250001_5300000	5250001	5300000	outside	120	0.0562917865475	100	0.0757383825897	-0.0194465960422
2L_0107_5300001_5350000	5300001	5350000	outside	120	0.0591888043102	100	0.0715064116621	-0.0123176073519
2L_0108_5350001_5400000	5350001	5400000	outside	0	nan	0	nan	nan
2L_0109_5400001_5450000	5400001	5450000	outside	120	0.0678941256246	100	0.0872547045598	-0.0193605789352
2L_0110_5450001_5500000	5450001	5500000	outside	120	0.0848833205948	100	0.112239465546	-0.0273561449509
2L_0111_5500001_5550000	5500001	5550000	outside	120	0.0901217752127	100	0.105030007984	-0.0149082327717
2L_0112_5550001_5600000	5550001	5600000	outside	120	0.0732314971423	100	0.0812625696893	-0.00803107254698
2L_0113_5600001_5650000	5600001	5650000	outside	120	0.0681044700977	100	0.0847332777846	-0.0166288076869
2L_0114_5650001_5700000	5650001	5700000	outside	120	0.0822612764543	100	0.114718166669	-0.0324568902144
2L_0115_5700001_5750000	5700001	5750000	outside	120	0.0789378286367	100	0.101181274301	-0.0222434456646
2L_0116_5750001_5800000	5750001	5800000	outside	120	0.0764087280104	100	0.089903101678	-0.0134943736676
2L_0117_5800001_5850000	5800001	5850000	outside	120	0.0859308874312	100	0.105618695949	-0.0196878085182
2L_0118_5850001_5900000	5850001	5900000	outside	120	0.101328674836	100	0.127857572178	-0.0265288973415
2L_0119_5900001_5950000	5900001	5950000	outside	120	0.0814828797298	100	0.0929260338032	-0.0114431540734
2L_0120_5950001_6000000	5950001	6000000	outside	120	0.0888740428165	100	0.10598457407	-0.0171105312537
2L_0121_6000001_6050000	6000001	6050000	outside	120	0.0963409604519	100	0.1150106118	-0.0186696513479
2L_0122_6050001_6100000	6050001	6100000	outside	120	0.0879100372935	100	0.1065923793	-0.0186823420061
2L_0123_6100001_6150000	6100001	6150000	outside	120	0.0934490938375	100	0.10260969029	-0.00916059645219
2L_0124_6150001_6200000	6150001	6200000	outside	120	0.0884960215884	100	0.0936075356059	-0.00511151401743
2L_0125_6200001_6250000	6200001	6250000	outside	120	0.0669677829479	100	0.0714926824536	-0.00452489950571
2L_0126_6250001_6300000	6250001	6300000	outside	120	0.0740134668129	100	0.0912848767251	-0.0172714099122
2L_0127_6300001_6350000	6300001	6350000	outside	120	0.0834375810951	100	0.0876755843558	-0.00423800326066
2L_0128_6350001_6400000	6350001	6400000	outside	120	0.0780415419101	100	0.0884060433496	-0.0103645014395
2L_0129_6400001_6450000	6400001	6450000	outside	120	0.0908467094969	100	0.112831514899	-0.0219848054023
2L_0130_6450001_6500000	6450001	6500000	outside	120	0.0774617576491	100	0.0892446022762	-0.0117828446272
2L_0131_6500001_6550000	6500001	6550000	outside	120	0.0740070633811	100	0.0817817265004	-0.00777466311926
2L_0132_6550001_6600000	6550001	6600000	outside	120	0.0925622550426	100	0.102616434311	-0.0100541792683
2L_0133_6600001_6650000	6600001	6650000	outside	120	0.0916229237	100	0.099578875336	-0.00795595163603
2L_0134_6650001_6700000	6650001	6700000	outside	120	0.0751205897658	100	0.0966243513519	-0.0215037615861
2L_0135_6700001_6750000	6700001	6750000	outside	120	0.075700989921	100	0.0878638439209	-0.0121628539999
2L_0136_6750001_6800000	6750001	6800000	outside	120	0.0838267780484	100	0.0944284034048	-0.0106016253564
2L_0137_6800001_6850000	6800001	6850000	outside	120	0.0876259857743	100	0.0995160037978	-0.0118900180235
2L_0138_6850001_6900000	6850001	6900000	outside	120	0.088962152915	100	0.0951907129028	-0.00622855998783
2L_0139_6900001_6950000	6900001	6950000	outside	120	0.0924133534934	100	0.0916998207505	0.000713532742888
2L_0140_6950001_7000000	6950001	7000000	outside	120	0.0844632383651	100	0.0893665838031	-0.00490334543801
2L_0141_7000001_7050000	7000001	7050000	outside	120	0.0798068758514	100	0.0901402153137	-0.0103333394624
2L_0142_7050001_7100000	7050001	7100000	outside	120	0.0830321049832	100	0.0931653468203	-0.0101332418372
2L_0143_7100001_7150000	7100001	7150000	outside	120	0.0696544118825	100	0.0771711163534	-0.00751670447099
2L_0144_7150001_7200000	7150001	7200000	outside	120	0.0971342452055	100	0.0977765460311	-0.000642300825534
2L_0145_7200001_7250000	7200001	7250000	outside	120	0.10862814955	100	0.110789886829	-0.00216173727874
2L_0146_7250001_7300000	7250001	7300000	outside	120	0.100602269251	100	0.107469103326	-0.00686683407444
2L_0147_7300001_7350000	7300001	7350000	outside	120	0.0931529478813	100	0.0981868286428	-0.00503388076147
2L_0148_7350001_7400000	7350001	7400000	outside	120	0.0922859326897	100	0.0962080188056	-0.00392208611592
2L_0149_7400001_7450000	7400001	7450000	outside	120	0.09241686555	100	0.0986561623069	-0.00623929675697
2L_0150_7450001_7500000	7450001	7500000	outside	120	0.0739114908559	100	0.0795081459047	-0.00559665504875
2L_0151_7500001_7550000	7500001	7550000	outside	120	0.102940614159	100	0.102444752974	0.000495861185716
2L_0152_7550001_7600000	7550001	7600000	outside	120	0.0954032679804	100	0.0966010081588	-0.00119774017834
2L_0153_7600001_7650000	7600001	7650000	outside	120	0.0868628002744	100	0.0878589333908	-0.000996133116333
2L_0154_7650001_7700000	7650001	7700000	outside	120	0.102385449003	100	0.110169828199	-0.00778437919575
2L_0155_7700001_7750000	7700001	7750000	outside	120	0.0977488300657	100	0.101625093792	-0.00387626372632
2L_0156_7750001_7800000	7750001	7800000	outside	120	0.0934867448191	100	0.097398936447	-0.00391219162794
2L_0157_7800001_7850000	7800001	7850000	outside	120	0.0915163533347	100	0.0954121885728	-0.00389583523806
2L_0158_7850001_7900000	7850001	7900000	outside	120	0.0925706489451	100	0.100717651269	-0.00814700232411
2L_0159_7900001_7950000	7900001	7950000	outside	120	0.0967944879269	100	0.104929191652	-0.00813470372472
2L_0160_7950001_8000000	7950001	8000000	outside	120	0.0922784875962	100	0.0956562257563	-0.00337773816009
2L_0161_8000001_8050000	8000001	8050000	outside	120	0.0981682602601	100	0.0992649855909	-0.00109672533079
2L_0162_8050001_8100000	8050001	8100000	outside	120	0.0998963764385	100	0.102698613626	-0.00280223718712
2L_0163_8100001_8150000	8100001	8150000	outside	120	0.0861071580956	100	0.0903581468345	-0.00425098873885
2L_0164_8150001_8200000	8150001	8200000	outside	120	0.0892618235167	100	0.0896296008119	-0.000367777295199
2L_0165_8200001_8250000	8200001	8250000	outside	120	0.0824975920374	100	0.081786970817	0.00071062122034
2L_0166_8250001_8300000	8250001	8300000	outside	120	0.10960229227	100	0.108917178472	0.000685113797887
2L_0167_8300001_8350000	8300001	8350000	outside	120	0.0796094874741	100	0.0797086973432	-9.92098690947e-05
2L_0168_8350001_8400000	8350001	8400000	outside	120	0.0951319626714	100	0.0942300517719	0.000901910899451
2L_0169_8400001_8450000	8400001	8450000	outside	120	0.0773035630346	100	0.0824700992708	-0.00516653623623
2L_0170_8450001_8500000	8450001	8500000	outside	120	0.088081434427	100	0.0934789919044	-0.00539755747742
2L_0171_8500001_8550000	8500001	8550000	outside	0	nan	0	nan	nan
2L_0172_8550001_8600000	8550001	8600000	outside	120	0.0846925265438	100	0.0846508483322	4.16782116446e-05
2L_0173_8600001_8650000	8600001	8650000	outside	120	0.073401587708	100	0.0725905288208	0.000811058887252
2L_0174_8650001_8700000	8650001	8700000	outside	120	0.0911177521451	100	0.0938328503471	-0.00271509820201
2L_0175_8700001_8750000	8700001	8750000	outside	120	0.109433327228	100	0.112288268047	-0.00285494081928
2L_0176_8750001_8800000	8750001	8800000	outside	120	0.104766564713	100	0.110246841426	-0.00548027671282
2L_0177_8800001_8850000	8800001	8850000	outside	120	0.0944449476655	100	0.101590217555	-0.00714526988921
2L_0178_8850001_8900000	8850001	8900000	outside	120	0.0836118970973	100	0.0900039292047	-0.00639203210738
2L_0179_8900001_8950000	8900001	8950000	outside	120	0.10467088543	100	0.107316987086	-0.00264610165675
2L_0180_8950001_9000000	8950001	9000000	outside	120	0.0820065168281	100	0.0929131446458	-0.0109066278177
2L_0181_9000001_9050000	9000001	9050000	outside	120	0.0796369985046	100	0.086871927844	-0.00723492933935
2L_0182_9050001_9100000	9050001	9100000	outside	120	0.0937582630301	100	0.0953655061905	-0.00160724316033
2L_0183_9100001_9150000	9100001	9150000	outside	120	0.100973630185	100	0.100996489342	-2.2859156514e-05
2L_0184_9150001_9200000	9150001	9200000	outside	120	0.09338813126	100	0.0940314744772	-0.000643343217168
2L_0185_9200001_9250000	9200001	9250000	outside	120	0.0953157385425	100	0.107245779209	-0.0119300406666
2L_0186_9250001_9300000	9250001	9300000	outside	120	0.0902599726048	100	0.116446553507	-0.0261865809026
2L_0187_9300001_9350000	9300001	9350000	outside	120	0.0931266184844	100	0.124419508189	-0.0312928897045
2L_0188_9350001_9400000	9350001	9400000	outside	120	0.078845552873	100	0.120054084039	-0.0412085311664
2L_0189_9400001_9450000	9400001	9450000	outside	120	0.0909367905497	100	0.140511676572	-0.0495748860221
2L_0190_9450001_9500000	9450001	9500000	outside	120	0.100247777191	100	0.118897081643	-0.0186493044521
2L_0191_9500001_9550000	9500001	9550000	outside	120	0.077673659839	100	0.116451791657	-0.0387781318177
2L_0192_9550001_9600000	9550001	9600000	outside	120	0.0809722604988	100	0.147777048426	-0.0668047879269
2L_0193_9600001_9650000	9600001	9650000	outside	120	0.0781522068068	100	0.099564795248	-0.0214125884412
2L_0194_9650001_9700000	9650001	9700000	outside	120	0.0972185911326	100	0.10515096421	-0.00793237307761
2L_0195_9700001_9750000	9700001	9750000	outside	120	0.0842496002095	100	0.091058121635	-0.00680852142554
2L_0196_9750001_9800000	9750001	9800000	outside	120	0.0908925616783	100	0.113713832998	-0.0228212713197
2L_0197_9800001_9850000	9800001	9850000	outside	120	0.0907229634277	100	0.0982202887906	-0.00749732536289
2L_0198_9850001_9900000	9850001	9900000	outside	120	0.0730644848292	100	0.0853526938232	-0.012288208994
2L_0199_9900001_9950000	9900001	9950000	outside	120	0.0847325712588	100	0.0984962776178	-0.013763706359
2L_0200_9950001_10000000	9950001	10000000	outside	120	0.107278183582	100	0.111584480899	-0.0043062973171
2L_0201_10000001_10050000	10000001	10050000	outside	120	0.101438227665	100	0.105892587128	-0.00445435946236
2L_0202_10050001_10100000	10050001	10100000	outside	120	0.106210771795	100	0.113672992277	-0.00746222048193
2L_0203_10100001_10150000	10100001	10150000	outside	120	0.0829404726142	100	0.0835869186921	-0.000646446077806
2L_0204_10150001_10200000	10150001	10200000	outside	120	0.0935117551564	100	0.0962282111847	-0.00271645602827
2L_0205_10200001_10250000	10200001	10250000	outside	120	0.0935978392671	100	0.0964086274166	-0.0028107881495
2L_0206_10250001_10300000	10250001	10300000	outside	120	0.0960416627736	100	0.100618922437	-0.00457725966307
2L_0207_10300001_10350000	10300001	10350000	outside	120	0.0919875006596	100	0.0909392577617	0.00104824289792
2L_0208_10350001_10400000	10350001	10400000	outside	120	0.103064127035	100	0.106803828148	-0.00373970111282
2L_0209_10400001_10450000	10400001	10450000	outside	120	0.101299183248	100	0.105486162092	-0.00418697884453
2L_0210_10450001_10500000	10450001	10500000	outside	120	0.10483954835	100	0.109708426575	-0.00486887822583
2L_0211_10500001_10550000	10500001	10550000	outside	120	0.0904151427501	100	0.0977140111639	-0.00729886841382
2L_0212_10550001_10600000	10550001	10600000	outside	120	0.102200107445	100	0.106147662291	-0.0039475548468
2L_0213_10600001_10650000	10600001	10650000	outside	120	0.10637271567	100	0.105607440659	0.000765275011248
2L_0214_10650001_10700000	10650001	10700000	outside	120	0.101792537064	100	0.100659340736	0.00113319632808
2L_0215_10700001_10750000	10700001	10750000	outside	120	0.0895006219922	100	0.0976972288492	-0.00819660685698
2L_0216_10750001_10800000	10750001	10800000	outside	120	0.0990144082256	100	0.100306673242	-0.00129226501659
2L_0217_10800001_10850000	10800001	10850000	outside	120	0.0882245183835	100	0.0956909177526	-0.0074663993691
2L_0218_10850001_10900000	10850001	10900000	outside	120	0.0950145029941	100	0.101782095905	-0.00676759291137
2L_0219_10900001_10950000	10900001	10950000	outside	120	0.0973534445437	100	0.1199445701	-0.0225911255564
2L_0220_10950001_11000000	10950001	11000000	outside	120	0.100669742161	100	0.142759449701	-0.0420897075397
2L_0221_11000001_11050000	11000001	11050000	outside	120	0.0969912352064	100	0.110586757008	-0.0135955218012
2L_0222_11050001_11100000	11050001	11100000	outside	120	0.0823088622633	100	0.107301932078	-0.0249930698151
2L_0223_11100001_11150000	11100001	11150000	outside	120	0.0907778732208	100	0.12983322303	-0.0390553498094
2L_0224_11150001_11200000	11150001	11200000	outside	120	0.0846660578511	100	0.117058944134	-0.0323928862825
2L_0225_11200001_11250000	11200001	11250000	outside	120	0.0748548494413	100	0.103459289244	-0.0286044398029
2L_0226_11250001_11300000	11250001	11300000	outside	120	0.0916507222285	100	0.133706064045	-0.0420553418161
2L_0227_11300001_11350000	11300001	11350000	outside	120	0.0873378329713	100	0.103818642002	-0.0164808090305
2L_0228_11350001_11400000	11350001	11400000	outside	120	0.0951948630391	100	0.108259509887	-0.0130646468475
2L_0229_11400001_11450000	11400001	11450000	outside	120	0.0820893428649	100	0.101861851622	-0.0197725087569
2L_0230_11450001_11500000	11450001	11500000	outside	120	0.0795527535348	100	0.118970679156	-0.0394179256215
2L_0231_11500001_11550000	11500001	11550000	outside	120	0.0772607154665	100	0.142008091622	-0.064747376156
2L_0232_11550001_11600000	11550001	11600000	outside	120	0.0862789170826	100	0.124527490691	-0.0382485736085
2L_0233_11600001_11650000	11600001	11650000	outside	120	0.0788527557658	100	0.113112691913	-0.0342599361476
2L_0234_11650001_11700000	11650001	11700000	outside	120	0.0717943222598	100	0.0991582128526	-0.0273638905928
2L_0235_11700001_11750000	11700001	11750000	outside	120	0.0693214204909	100	0.0824912768293	-0.0131698563385
2L_0236_11750001_11800000	11750001	11800000	outside	120	0.0836263703579	100	0.108570422037	-0.0249440516793
2L_0237_11800001_11850000	11800001	11850000	outside	120	0.0696857622708	100	0.0925401438381	-0.0228543815673
2L_0238_11850001_11900000	11850001	11900000	outside	120	0.0789867746313	100	0.0964976682022	-0.0175108935709
2L_0239_11900001_11950000	11900001	11950000	outside	120	0.0891252990918	100	0.0939447923573	-0.00481949326555
2L_0240_11950001_12000000	11950001	12000000	outside	120	0.089973433718	100	0.100559109776	-0.0105856760577
2L_0241_12000001_12050000	12000001	12050000	outside	120	0.0829298437485	100	0.0993154422793	-0.0163855985308
2L_0242_12050001_12100000	12050001	12100000	outside	120	0.0878405629393	100	0.0987559140677	-0.0109153511283
2L_0243_12100001_12150000	12100001	12150000	outside	120	0.0933049219753	100	0.100315435226	-0.00701051325027
2L_0244_12150001_12200000	12150001	12200000	outside	120	0.114302277713	100	0.126861692815	-0.0125594151028
2L_0245_12200001_12250000	12200001	12250000	outside	120	0.103746629765	100	0.111890761383	-0.00814413161788
2L_0246_12250001_12300000	12250001	12300000	outside	120	0.0807234203268	100	0.0901258776317	-0.00940245730491
2L_0247_12300001_12350000	12300001	12350000	outside	120	0.0901908804395	100	0.100972934842	-0.0107820544023
2L_0248_12350001_12400000	12350001	12400000	outside	120	0.0949048774452	100	0.101153131344	-0.00624825389846
2L_0249_12400001_12450000	12400001	12450000	outside	120	0.115476112154	100	0.12582791177	-0.0103517996156
2L_0250_12450001_12500000	12450001	12500000	outside	120	0.0992049111047	100	0.122354334955	-0.0231494238503
2L_0251_12500001_12550000	12500001	12550000	outside	120	0.0952962272818	100	0.0989538036585	-0.00365757637674
2L_0252_12550001_12600000	12550001	12600000	outside	120	0.0995576828712	100	0.106015022495	-0.00645733962395
2L_0253_12600001_12650000	12600001	12650000	outside	120	0.0972152043941	100	0.10188671772	-0.00467151332551
2L_0254_12650001_12700000	12650001	12700000	outside	120	0.114550775173	100	0.116453955734	-0.00190318056019
2L_0255_12700001_12750000	12700001	12750000	outside	120	0.102693411543	100	0.106744441272	-0.00405102972914
2L_0256_12750001_12800000	12750001	12800000	outside	120	0.090273087271	100	0.0941843769012	-0.00391128963014
2L_0257_12800001_12850000	12800001	12850000	outside	120	0.0877124933568	100	0.0923524898421	-0.00463999648528
2L_0258_12850001_12900000	12850001	12900000	outside	120	0.086279984163	100	0.0945002822953	-0.0082202981323
2L_0259_12900001_12950000	12900001	12950000	outside	120	0.069623672552	100	0.0765405463485	-0.00691687379644
2L_0260_12950001_13000000	12950001	13000000	outside	120	0.0903107880028	100	0.1004372964	-0.010126508397
2L_0261_13000001_13050000	13000001	13050000	outside	120	0.0760286798038	100	0.092062308336	-0.0160336285322
2L_0262_13050001_13100000	13050001	13100000	outside	120	0.095455034152	100	0.108097684463	-0.0126426503113
2L_0263_13100001_13150000	13100001	13150000	outside	120	0.0995028379024	100	0.108861646384	-0.00935880848119
2L_0264_13150001_13200000	13150001	13200000	outside	120	0.0943766683314	100	0.110435202887	-0.0160585345558
2L_0265_13200001_13250000	13200001	13250000	outside	120	0.0699793750549	100	0.082648903487	-0.0126695284321
2L_0266_13250001_13300000	13250001	13300000	outside	120	0.0751228391935	100	0.087368571914	-0.0122457327205
2L_0267_13300001_13350000	13300001	13350000	outside	120	0.0688018544694	100	0.0724845316169	-0.00368267714751
2L_0268_13350001_13400000	13350001	13400000	outside	120	0.0662696813994	100	0.069142276583	-0.00287259518359
2L_0269_13400001_13450000	13400001	13450000	outside	120	0.0727914900139	100	0.070895997245	0.00189549276889
2L_0270_13450001_13500000	13450001	13500000	outside	120	0.0708060999911	100	0.0723611414662	-0.00155504147504
2L_0271_13500001_13550000	13500001	13550000	outside	120	0.0882923973896	100	0.0865170852469	0.00177531214264
2L_0272_13550001_13600000	13550001	13600000	outside	120	0.094780999043	100	0.0988234726261	-0.00404247358305
2L_0273_13600001_13650000	13600001	13650000	outside	120	0.0958307342822	100	0.0961438137128	-0.000313079430689
2L_0274_13650001_13700000	13650001	13700000	outside	120	0.0857133648393	100	0.084818275794	0.000895089045307
2L_0275_13700001_13750000	13700001	13750000	outside	120	0.0866134394655	100	0.0864614925172	0.00015194694836
2L_0276_13750001_13800000	13750001	13800000	outside	120	0.096195433568	100	0.0943229331587	0.00187250040924
2L_0277_13800001_13850000	13800001	13850000	outside	120	0.102037646536	100	0.105257758075	-0.0032201115395
2L_0278_13850001_13900000	13850001	13900000	outside	120	0.0972077643044	100	0.10874725512	-0.011539490816
2L_0279_13900001_13950000	13900001	13950000	outside	120	0.0881362704865	100	0.092286406695	-0.00415013620851
2L_0280_13950001_14000000	13950001	14000000	outside	120	0.11481679931	100	0.120565560143	-0.00574876083314
2L_0281_14000001_14050000	14000001	14050000	outside	120	0.0996810158653	100	0.107128636541	-0.00744762067591
2L_0282_14050001_14100000	14050001	14100000	outside	120	0.105144512423	100	0.10612136541	-0.000976852986964
2L_0283_14100001_14150000	14100001	14150000	outside	120	0.0983416511463	100	0.10191830709	-0.00357665594352
2L_0284_14150001_14200000	14150001	14200000	outside	120	0.109318663441	100	0.116581391961	-0.00726272852047
2L_0285_14200001_14250000	14200001	14250000	outside	120	0.09418853861	100	0.0924885954699	0.00169994314006
2L_0286_14250001_14300000	14250001	14300000	outside	120	0.109773569392	100	0.118489688591	-0.00871611919875
2L_0287_14300001_14350000	14300001	14350000	outside	120	0.0925810116826	100	0.102932309037	-0.0103512973542
2L_0288_14350001_14400000	14350001	14400000	outside	120	0.0933008436787	100	0.096804449657	-0.00350360597824
2L_0289_14400001_14450000	14400001	14450000	outside	120	0.0915365424664	100	0.0930026987496	-0.00146615628323
2L_0290_14450001_14500000	14450001	14500000	outside	120	0.0939578759777	100	0.106178515369	-0.0122206393909
2L_0291_14500001_14550000	14500001	14550000	outside	120	0.10834199553	100	0.112741439311	-0.00439944378142
2L_0292_14550001_14600000	14550001	14600000	outside	120	0.101917390704	100	0.108857206069	-0.00693981536507
2L_0293_14600001_14650000	14600001	14650000	outside	120	0.0983180506803	100	0.102493582078	-0.00417553139745
2L_0294_14650001_14700000	14650001	14700000	outside	120	0.10622710311	100	0.103100823856	0.00312627925396
2L_0295_14700001_14750000	14700001	14750000	outside	120	0.10180340255	100	0.10679412547	-0.00499072292001
2L_0296_14750001_14800000	14750001	14800000	outside	120	0.0987759862232	100	0.104784967562	-0.00600898133909
2L_0297_14800001_14850000	14800001	14850000	outside	120	0.105127066489	100	0.104689847167	0.000437219321373
2L_0298_14850001_14900000	14850001	14900000	outside	120	0.0993720642551	100	0.101453726804	-0.00208166254936
2L_0299_14900001_14950000	14900001	14950000	outside	120	0.112008424101	100	0.112461415761	-0.000452991660045
2L_0300_14950001_15000000	14950001	15000000	outside	120	0.132054618606	100	0.133138665402	-0.00108404679534
2L_0301_15000001_15050000	15000001	15050000	outside	120	0.109546600774	100	0.112991891952	-0.00344529117801
2L_0302_15050001_15100000	15050001	15100000	outside	120	0.0980850930132	100	0.101752503323	-0.00366741031029
2L_0303_15100001_15150000	15100001	15150000	outside	120	0.0855034010747	100	0.0890955323546	-0.00359213127987
2L_0304_15150001_15200000	15150001	15200000	outside	120	0.107549031715	100	0.112743973582	-0.00519494186701
2L_0305_15200001_15250000	15200001	15250000	outside	120	0.106419240252	100	0.109294284097	-0.00287504384513
2L_0306_15250001_15300000	15250001	15300000	outside	120	0.100789875993	100	0.107709147911	-0.00691927191805
2L_0307_15300001_15350000	15300001	15350000	outside	120	0.111164472653	100	0.110713483044	0.000450989608729
2L_0308_15350001_15400000	15350001	15400000	outside	120	0.10659539824	100	0.114272780814	-0.00767738257411
2L_0309_15400001_15450000	15400001	15450000	outside	120	0.10534981795	100	0.109144423063	-0.00379460511271
2L_0310_15450001_15500000	15450001	15500000	outside	120	0.0947846110045	100	0.100278541404	-0.00549393039965
2L_0311_15500001_15550000	15500001	15550000	outside	120	0.107241091324	100	0.10740717938	-0.000166088055426
2L_0312_15550001_15600000	15550001	15600000	outside	120	0.0988306019438	100	0.103109551082	-0.00427894913864
2L_0313_15600001_15650000	15600001	15650000	outside	120	0.0883878551848	100	0.0939422834742	-0.00555442828942
2L_0314_15650001_15700000	15650001	15700000	outside	120	0.0951691080171	100	0.102738655507	-0.00756954749022
2L_0315_15700001_15750000	15700001	15750000	outside	120	0.109936763922	100	0.11507330923	-0.00513654530806
2L_0316_15750001_15800000	15750001	15800000	outside	120	0.101245628909	100	0.115709139171	-0.0144635102618
2L_0317_15800001_15850000	15800001	15850000	outside	120	0.101566912849	100	0.115272456258	-0.0137055434089
2L_0318_15850001_15900000	15850001	15900000	outside	120	0.0938698751692	100	0.102364873209	-0.00849499804022
2L_0319_15900001_15950000	15900001	15950000	outside	120	0.0938554475474	100	0.103558968211	-0.00970352066387
2L_0320_15950001_16000000	15950001	16000000	outside	120	0.0986906932887	100	0.105597329946	-0.00690663665767
2L_0321_16000001_16050000	16000001	16050000	outside	120	0.105581349478	100	0.110149402512	-0.00456805303316
2L_0322_16050001_16100000	16050001	16100000	outside	120	0.100927984941	100	0.105099140509	-0.00417115556789
2L_0323_16100001_16150000	16100001	16150000	outside	120	0.0916463593917	100	0.0942089063417	-0.00256254694999
2L_0324_16150001_16200000	16150001	16200000	outside	120	0.106146475863	100	0.120034314176	-0.0138878383132
2L_0325_16200001_16250000	16200001	16250000	outside	120	0.106617613668	100	0.114960467801	-0.00834285413283
2L_0326_16250001_16300000	16250001	16300000	outside	120	0.109773902741	100	0.121803154386	-0.0120292516447
2L_0327_16300001_16350000	16300001	16350000	outside	120	0.0967885647245	100	0.104480186854	-0.00769162212908
2L_0328_16350001_16400000	16350001	16400000	outside	120	0.0907414462713	100	0.0901143737588	0.000627072512534
2L_0329_16400001_16450000	16400001	16450000	outside	120	0.1061915449	100	0.108074344996	-0.00188280009614
2L_0330_16450001_16500000	16450001	16500000	outside	120	0.119059894127	100	0.12166772526	-0.00260783113311
2L_0331_16500001_16550000	16500001	16550000	outside	120	0.106037403068	100	0.120134205879	-0.0140968028104
2L_0332_16550001_16600000	16550001	16600000	outside	120	0.117833193456	100	0.118905843267	-0.0010726498109
2L_0333_16600001_16650000	16600001	16650000	outside	120	0.105482094952	100	0.110654056983	-0.00517196203162
2L_0334_16650001_16700000	16650001	16700000	outside	120	0.114394915561	100	0.119211815854	-0.0048169002936
2L_0335_16700001_16750000	16700001	16750000	outside	120	0.0974621370772	100	0.115952512338	-0.0184903752613
2L_0336_16750001_16800000	16750001	16800000	outside	120	0.0918131236894	100	0.0999240271917	-0.0081109035023
2L_0337_16800001_16850000	16800001	16850000	outside	120	0.0926256986033	100	0.0978533209158	-0.00522762231249
2L_0338_16850001_16900000	16850001	16900000	outside	120	0.0900552548126	100	0.0909668175368	-0.000911562724294
2L_0339_16900001_16950000	16900001	16950000	outside	120	0.0749433455557	100	0.0765001643164	-0.00155681876073
2L_0340_16950001_17000000	16950001	17000000	outside	120	0.1083393729	100	0.111763339509	-0.00342396660837
2L_0341_17000001_17050000	17000001	17050000	outside	120	0.0890729971229	100	0.0918787365023	-0.00280573937946
2L_0342_17050001_17100000	17050001	17100000	outside	120	0.108935976581	100	0.108917689626	1.82869550446e-05
2L_0343_17100001_17150000	17100001	17150000	outside	120	0.0983277468142	100	0.100775714743	-0.00244796792862
2L_0344_17150001_17200000	17150001	17200000	outside	120	0.102874631429	100	0.103314123079	-0.000439491650162
2L_0345_17200001_17250000	17200001	17250000	outside	120	0.0851050907199	100	0.0850009437182	0.000104147001777
2L_0346_17250001_17300000	17250001	17300000	outside	120	0.0954507520167	100	0.0958893446137	-0.000438592596999
2L_0347_17300001_17350000	17300001	17350000	outside	120	0.109597944142	100	0.111871405431	-0.00227346128917
2L_0348_17350001_17400000	17350001	17400000	outside	120	0.0865882263846	100	0.0893786671091	-0.00279044072449
2L_0349_17400001_17450000	17400001	17450000	outside	120	0.0999990699647	100	0.107351049349	-0.00735197938402
2L_0350_17450001_17500000	17450001	17500000	outside	120	0.113597237193	100	0.119149500082	-0.00555226288898
2L_0351_17500001_17550000	17500001	17550000	outside	120	0.0860302028838	100	0.09358115815	-0.00755095526624
2L_0352_17550001_17600000	17550001	17600000	outside	120	0.0952570207399	100	0.102305818462	-0.00704879772208
2L_0353_17600001_17650000	17600001	17650000	outside	120	0.094108893888	100	0.102407970073	-0.00829907618526
2L_0354_17650001_17700000	17650001	17700000	outside	120	0.100837667663	100	0.10626144225	-0.00542377458789
2L_0355_17700001_17750000	17700001	17750000	outside	120	0.0991019286688	100	0.106972852994	-0.0078709243249
2L_0356_17750001_17800000	17750001	17800000	outside	120	0.111447546802	100	0.114280179213	-0.00283263241118
2L_0357_17800001_17850000	17800001	17850000	outside	120	0.10755822317	100	0.11245319227	-0.00489496910034
2L_0358_17850001_17900000	17850001	17900000	outside	120	0.10585737676	100	0.110689094302	-0.00483171754264
2L_0359_17900001_17950000	17900001	17950000	outside	120	0.100467022541	100	0.101832829226	-0.00136580668509
2L_0360_17950001_18000000	17950001	18000000	outside	120	0.110774647564	100	0.108784871611	0.00198977595231
2L_0361_18000001_18050000	18000001	18050000	outside	120	0.103951446999	100	0.106043439132	-0.00209199213296
2L_0362_18050001_18100000	18050001	18100000	outside	120	0.108812318355	100	0.107345263556	0.00146705479893
2L_0363_18100001_18150000	18100001	18150000	outside	120	0.100556579394	100	0.101001214887	-0.000444635493114
2L_0364_18150001_18200000	18150001	18200000	outside	120	0.109345196998	100	0.114333183516	-0.00498798651849
2L_0365_18200001_18250000	18200001	18250000	outside	120	0.11472193943	100	0.120245958649	-0.00552401921818
2L_0366_18250001_18300000	18250001	18300000	outside	120	0.105907957291	100	0.114199405787	-0.00829144849578
2L_0367_18300001_18350000	18300001	18350000	outside	120	0.114578962542	100	0.116419746147	-0.00184078360457
2L_0368_18350001_18400000	18350001	18400000	outside	120	0.104974660434	100	0.108602558452	-0.00362789801812
2L_0369_18400001_18450000	18400001	18450000	outside	120	0.108247865577	100	0.117186633133	-0.00893876755587
2L_0370_18450001_18500000	18450001	18500000	outside	120	0.105266735061	100	0.111640438399	-0.006373703338
2L_0371_18500001_18550000	18500001	18550000	outside	120	0.0851330810423	100	0.108264146276	-0.0231310652339
2L_0372_18550001_18600000	18550001	18600000	outside	120	0.0986765217287	100	0.109811847469	-0.0111353257408
2L_0373_18600001_18650000	18600001	18650000	outside	120	0.102258487079	100	0.11405286327	-0.0117943761908
2L_0374_18650001_18700000	18650001	18700000	outside	120	0.0968415217192	100	0.101364407162	-0.00452288544287
2L_0375_18700001_18750000	18700001	18750000	outside	120	0.100271854589	100	0.107684181521	-0.00741232693182
2L_0376_18750001_18800000	18750001	18800000	outside	120	0.104887708098	100	0.119349175971	-0.0144614678728
2L_0377_18800001_18850000	18800001	18850000	outside	120	0.103821880996	100	0.119705989308	-0.0158841083123
2L_0378_18850001_18900000	18850001	18900000	outside	120	0.111992928214	100	0.135775631921	-0.0237827037071
2L_0379_18900001_18950000	18900001	18950000	outside	120	0.09783450512	100	0.106157545422	-0.00832304030191
2L_0380_18950001_19000000	18950001	19000000	outside	120	0.101818700529	100	0.107554690822	-0.00573599029296
2L_0381_19000001_19050000	19000001	19050000	outside	120	0.089482153596	100	0.0920781185178	-0.00259596492182
2L_0382_19050001_19100000	19050001	19100000	outside	120	0.0967040725703	100	0.0991253638524	-0.0024212912821
2L_0383_19100001_19150000	19100001	19150000	outside	120	0.106982840488	100	0.110303151632	-0.00332031114416
2L_0384_19150001_19200000	19150001	19200000	outside	120	0.0995644185202	100	0.106068288091	-0.00650386957112
2L_0385_19200001_19250000	19200001	19250000	outside	120	0.109760051417	100	0.114496442476	-0.00473639105946
2L_0386_19250001_19300000	19250001	19300000	outside	120	0.0988752020963	100	0.105345062069	-0.00646985997277
2L_0387_19300001_19350000	19300001	19350000	outside	120	0.105406675714	100	0.111730734638	-0.00632405892364
2L_0388_19350001_19400000	19350001	19400000	outside	120	0.107581675639	100	0.111748197144	-0.00416652150534
2L_0389_19400001_19450000	19400001	19450000	outside	120	0.106192327954	100	0.12099645732	-0.0148041293662
2L_0390_19450001_19500000	19450001	19500000	outside	120	0.108257313331	100	0.118323052296	-0.0100657389657
2L_0391_19500001_19550000	19500001	19550000	outside	120	0.113218129253	100	0.121744172257	-0.00852604300367
2L_0392_19550001_19600000	19550001	19600000	outside	120	0.0886263968983	100	0.0950489007082	-0.00642250380995
2L_0393_19600001_19650000	19600001	19650000	outside	120	0.110865484887	100	0.119562067949	-0.00869658306185
2L_0394_19650001_19700000	19650001	19700000	outside	120	0.121390819209	100	0.132124198876	-0.0107333796673
2L_0395_19700001_19750000	19700001	19750000	outside	120	0.107231180715	100	0.114090778068	-0.00685959735244
2L_0396_19750001_19800000	19750001	19800000	outside	120	0.112209873266	100	0.11531275243	-0.00310287916449
2L_0397_19800001_19850000	19800001	19850000	outside	120	0.0985495522679	100	0.105821899923	-0.00727234765527
2L_0398_19850001_19900000	19850001	19900000	outside	120	0.113788272364	100	0.13061078286	-0.016822510496
2L_0399_19900001_19950000	19900001	19950000	outside	120	0.113860338275	100	0.117212921499	-0.00335258322405
2L_0400_19950001_20000000	19950001	20000000	outside	120	0.10405339557	100	0.108826049684	-0.00477265411447
2L_0401_20000001_20050000	20000001	20050000	outside	120	0.11120720571	100	0.114688512458	-0.0034813067481
2L_0402_20050001_20100000	20050001	20100000	outside	120	0.106155238936	100	0.107112290184	-0.000957051247693
2L_0403_20100001_20150000	20100001	20150000	outside	120	0.101002883902	100	0.101124426031	-0.000121542128789
2L_0404_20150001_20200000	20150001	20200000	outside	120	0.105740595193	100	0.106435921819	-0.000695326626575
2L_0405_20200001_20250000	20200001	20250000	outside	120	0.117924172741	100	0.122883488986	-0.00495931624522
2L_0406_20250001_20300000	20250001	20300000	outside	120	0.117235584335	100	0.125633102559	-0.00839751822331
2L_0407_20300001_20350000	20300001	20350000	outside	120	0.105365217057	100	0.117712193007	-0.0123469759505
2L_0408_20350001_20400000	20350001	20400000	outside	120	0.110765391343	100	0.112033014988	-0.00126762364527
2L_0409_20400001_20450000	20400001	20450000	outside	120	0.111393218806	100	0.114087681031	-0.00269446222508
2L_0410_20450001_20500000	20450001	20500000	outside	120	0.116643431005	100	0.121820898776	-0.00517746777071
2L_0411_20500001_20550000	20500001	20550000	boundary	120	0.176924692994	100	0.0968794474603	0.0800452455339
2L_0412_20550001_20600000	20550001	20600000	inside	120	0.21383685242	100	0.0879057676371	0.125931084783
2L_0413_20600001_20650000	20600001	20650000	inside	120	0.223701392655	100	0.0783054453335	0.145395947322
2L_0414_20650001_20700000	20650001	20700000	inside	120	0.217217229724	100	0.0778196544522	0.139397575272
2L_0415_20700001_20750000	20700001	20750000	inside	120	0.241149669858	100	0.0784501814265	0.162699488431
2L_0416_20750001_20800000	20750001	20800000	inside	120	0.230625356398	100	0.0731531818697	0.157472174529
2L_0417_20800001_20850000	20800001	20850000	inside	120	0.22114008964	100	0.0850972805573	0.136042809083
2L_0418_20850001_20900000	20850001	20900000	inside	120	0.220723139274	100	0.0880738067988	0.132649332475
2L_0419_20900001_20950000	20900001	20950000	inside	120	0.217987307453	100	0.0846309414494	0.133356366004
2L_0420_20950001_21000000	20950001	21000000	inside	120	0.248826593698	100	0.0830055381867	0.165821055511
2L_0421_21000001_21050000	21000001	21050000	inside	120	0.221875190147	100	0.0858063775313	0.136068812616
2L_0422_21050001_21100000	21050001	21100000	inside	120	0.206586559896	100	0.0807455239166	0.125841035979
2L_0423_21100001_21150000	21100001	21150000	inside	120	0.21969879613	100	0.0892035451156	0.130495251014
2L_0424_21150001_21200000	21150001	21200000	inside	120	0.196715686877	100	0.0915795219098	0.105136164967
2L_0425_21200001_21250000	21200001	21250000	inside	120	0.216994833626	100	0.0952197407873	0.121775092838
2L_0426_21250001_21300000	21250001	21300000	inside	120	0.231274992203	100	0.0807290457609	0.150545946443
2L_0427_21300001_21350000	21300001	21350000	inside	120	0.241261822933	100	0.0841088540222	0.157152968911
2L_0428_21350001_21400000	21350001	21400000	inside	120	0.222508830897	100	0.0826750945319	0.139833736365
2L_0429_21400001_21450000	21400001	21450000	inside	120	0.226590093189	100	0.0859358827764	0.140654210413
2L_0430_21450001_21500000	21450001	21500000	inside	120	0.217668867334	100	0.0892236146381	0.128445252695
2L_0431_21500001_21550000	21500001	21550000	inside	120	0.23101851045	100	0.0829218327649	0.148096677685
2L_0432_21550001_21600000	21550001	21600000	inside	120	0.214703792891	100	0.0805275455215	0.13417624737
2L_0433_21600001_21650000	21600001	21650000	inside	120	0.215708364614	100	0.0820453583648	0.133663006249
2L_0434_21650001_21700000	21650001	21700000	inside	120	0.190325123265	100	0.0760736820215	0.114251441244
2L_0435_21700001_21750000	21700001	21750000	inside	120	0.211912012053	100	0.0809990471012	0.130912964951
2L_0436_21750001_21800000	21750001	21800000	inside	120	0.223909899011	100	0.0788488953681	0.145061003643
2L_0437_21800001_21850000	21800001	21850000	inside	120	0.19996650596	100	0.0900764082447	0.109890097715
2L_0438_21850001_21900000	21850001	21900000	inside	120	0.210950320205	100	0.0802887535374	0.130661566667
2L_0439_21900001_21950000	21900001	21950000	inside	120	0.214638480832	100	0.0818043608371	0.132834119995
2L_0440_21950001_22000000	21950001	22000000	inside	120	0.213950171644	100	0.0853280472712	0.128622124372
2L_0441_22000001_22050000	22000001	22050000	inside	120	0.225445238971	100	0.0876802414815	0.13776499749
2L_0442_22050001_22100000	22050001	22100000	inside	120	0.203631703736	100	0.100591415749	0.103040287986
2L_0443_22100001_22150000	22100001	22150000	inside	120	0.206778683603	100	0.0887492689997	0.118029414603
2L_0444_22150001_22200000	22150001	22200000	inside	120	0.199144175667	100	0.0932127293308	0.105931446337
2L_0445_22200001_22250000	22200001	22250000	inside	120	0.201528893266	100	0.0818954667816	0.119633426484
2L_0446_22250001_22300000	22250001	22300000	inside	120	0.195356286664	100	0.0890416069499	0.106314679714
2L_0447_22300001_22350000	22300001	22350000	inside	120	0.199619158898	100	0.0955704254543	0.104048733444
2L_0448_22350001_22400000	22350001	22400000	inside	120	0.191239922126	100	0.0956352619882	0.0956046601374
2L_0449_22400001_22450000	22400001	22450000	inside	120	0.203860693509	100	0.10481325111	0.0990474423989
2L_0450_22450001_22500000	22450001	22500000	inside	120	0.2333469062	100	0.0965847604341	0.136762145766
2L_0451_22500001_22550000	22500001	22550000	inside	120	0.235545894295	100	0.099880703121	0.135665191174
2L_0452_22550001_22600000	22550001	22600000	inside	120	0.248558424775	100	0.091991620869	0.156566803906
2L_0453_22600001_22650000	22600001	22650000	inside	120	0.282109410604	100	0.134323781213	0.147785629391
2L_0454_22650001_22700000	22650001	22700000	inside	120	0.222400184193	100	0.162187424128	0.0602127600656
2L_0455_22700001_22750000	22700001	22750000	inside	120	0.221445431366	100	0.107861512784	0.113583918582
2L_0456_22750001_22800000	22750001	22800000	inside	120	0.209596844993	100	0.0930039046535	0.116592940339
2L_0457_22800001_22850000	22800001	22850000	inside	120	0.186271275436	100	0.0899994832014	0.0962717922347
2L_0458_22850001_22900000	22850001	22900000	inside	120	0.187500999251	100	0.087419441989	0.100081557262
2L_0459_22900001_22950000	22900001	22950000	inside	120	0.178140510264	100	0.0860928276374	0.0920476826262
2L_0460_22950001_23000000	22950001	23000000	inside	120	0.195114078815	100	0.0854608012344	0.10965327758
2L_0461_23000001_23050000	23000001	23050000	inside	120	0.185961951568	100	0.0867409291634	0.0992210224048
2L_0462_23050001_23100000	23050001	23100000	inside	120	0.207452162599	100	0.0866852809294	0.12076688167
2L_0463_23100001_23150000	23100001	23150000	inside	120	0.187935273486	100	0.0955947337772	0.0923405397087
2L_0464_23150001_23200000	23150001	23200000	inside	120	0.18974558643	100	0.0936517336262	0.0960938528039
2L_0465_23200001_23250000	23200001	23250000	inside	120	0.175403801972	100	0.0962489338415	0.0791548681307
2L_0466_23250001_23300000	23250001	23300000	inside	120	0.20853334505	100	0.0902084360988	0.118324908951
2L_0467_23300001_23350000	23300001	23350000	inside	120	0.197097423967	100	0.09057778499	0.106519638977
2L_0468_23350001_23400000	23350001	23400000	inside	120	0.187735457142	100	0.0849564913025	0.10277896584
2L_0469_23400001_23450000	23400001	23450000	inside	120	0.192112978657	100	0.0946891459705	0.097423832686
2L_0470_23450001_23500000	23450001	23500000	inside	120	0.181247245712	100	0.104561692797	0.076685552915
2L_0471_23500001_23550000	23500001	23550000	inside	120	0.194467746773	100	0.0917029596943	0.102764787079
2L_0472_23550001_23600000	23550001	23600000	inside	120	0.203430556146	100	0.0842980561405	0.119132500006
2L_0473_23600001_23650000	23600001	23650000	inside	120	0.212330788959	100	0.0876076797098	0.124723109249
2L_0474_23650001_23700000	23650001	23700000	inside	120	0.220111555803	100	0.0926083964588	0.127503159344
2L_0475_23700001_23750000	23700001	23750000	inside	120	0.227832192791	100	0.0740840366431	0.153748156147
2L_0476_23750001_23800000	23750001	23800000	inside	120	0.210547623893	100	0.087398118596	0.123149505297
2L_0477_23800001_23850000	23800001	23850000	inside	120	0.193286620785	100	0.107763282993	0.0855233377917
2L_0478_23850001_23900000	23850001	23900000	inside	120	0.214001579512	100	0.0903483795646	0.123653199947
2L_0479_23900001_23950000	23900001	23950000	inside	120	0.196557262709	100	0.0936422171627	0.102915045546
2L_0480_23950001_24000000	23950001	24000000	inside	120	0.199818806014	100	0.0949789455091	0.104839860505
2L_0481_24000001_24050000	24000001	24050000	inside	120	0.205730270306	100	0.0953652471829	0.110365023123
2L_0482_24050001_24100000	24050001	24100000	inside	120	0.213947166203	100	0.0987900147478	0.115157151455
2L_0483_24100001_24150000	24100001	24150000	inside	120	0.205565210915	100	0.100242134901	0.105323076014
2L_0484_24150001_24200000	24150001	24200000	inside	120	0.205935908197	100	0.0967674009079	0.109168507289
2L_0485_24200001_24250000	24200001	24250000	inside	120	0.194954750907	100	0.091264182667	0.10369056824
2L_0486_24250001_24300000	24250001	24300000	inside	120	0.204683460019	100	0.093892532092	0.110790927927
2L_0487_24300001_24350000	24300001	24350000	inside	120	0.206594525436	100	0.093157507771	0.113437017665
2L_0488_24350001_24400000	24350001	24400000	inside	120	0.179517889562	100	0.0912196524007	0.0882982371616
2L_0489_24400001_24450000	24400001	24450000	inside	120	0.188942955074	100	0.0967285352797	0.0922144197942
2L_0490_24450001_24500000	24450001	24500000	inside	120	0.204181938451	100	0.0971964223946	0.106985516056
2L_0491_24500001_24550000	24500001	24550000	inside	120	0.217843348563	100	0.102481959326	0.115361389237
2L_0492_24550001_24600000	24550001	24600000	inside	120	0.18907339618	100	0.111207238287	0.0778661578937
2L_0493_24600001_24650000	24600001	24650000	inside	120	0.191123540547	100	0.116883439047	0.0742401015006
2L_0494_24650001_24700000	24650001	24700000	inside	120	0.187493333238	100	0.10630919778	0.0811841354576
2L_0495_24700001_24750000	24700001	24750000	inside	120	0.212599966363	100	0.108420789838	0.104179176525
2L_0496_24750001_24800000	24750001	24800000	inside	120	0.23673687841	100	0.092338623524	0.144398254886
2L_0497_24800001_24850000	24800001	24850000	inside	120	0.21472795438	100	0.0992024994763	0.115525454903
2L_0498_24850001_24900000	24850001	24900000	inside	120	0.226360235344	100	0.0986379097372	0.127722325607
2L_0499_24900001_24950000	24900001	24950000	inside	120	0.213436087299	100	0.0971313620434	0.116304725256
2L_0500_24950001_25000000	24950001	25000000	inside	120	0.201977936385	100	0.101984042075	0.0999938943099
2L_0501_25000001_25050000	25000001	25050000	inside	120	0.226234290004	100	0.0979760747053	0.128258215299
2L_0502_25050001_25100000	25050001	25100000	inside	120	0.234260108925	100	0.0957812235774	0.138478885347
2L_0503_25100001_25150000	25100001	25150000	inside	120	0.221746140517	100	0.10330898538	0.118437155138
2L_0504_25150001_25200000	25150001	25200000	inside	120	0.219738004695	100	0.101619960193	0.118118044503
2L_0505_25200001_25250000	25200001	25250000	inside	120	0.218142793034	100	0.102501345748	0.115641447286
2L_0506_25250001_25300000	25250001	25300000	inside	120	0.217920100997	100	0.103074236723	0.114845864273
2L_0507_25300001_25350000	25300001	25350000	inside	120	0.22504539327	100	0.106317915057	0.118727478213
2L_0508_25350001_25400000	25350001	25400000	inside	120	0.264372561192	100	0.100602284252	0.16377027694
2L_0509_25400001_25450000	25400001	25450000	inside	120	0.286319270473	100	0.106247135919	0.180072134554
2L_0510_25450001_25500000	25450001	25500000	inside	120	0.221159699205	100	0.128523364954	0.0926363342503
2L_0511_25500001_25550000	25500001	25550000	inside	120	0.213700282628	100	0.121621604317	0.0920786783109
2L_0512_25550001_25600000	25550001	25600000	inside	120	0.235554973881	100	0.107045665237	0.128509308644
2L_0513_25600001_25650000	25600001	25650000	inside	120	0.225377338567	100	0.0994109371396	0.125966401428
2L_0514_25650001_25700000	25650001	25700000	inside	120	0.218758833795	100	0.1109305757	0.107828258096
2L_0515_25700001_25750000	25700001	25750000	inside	120	0.230386643923	100	0.103884720382	0.126501923541
2L_0516_25750001_25800000	25750001	25800000	inside	120	0.207952873635	100	0.101235287011	0.106717586624
2L_0517_25800001_25850000	25800001	25850000	inside	120	0.215209324863	100	0.0978976153191	0.117311709544
2L_0518_25850001_25900000	25850001	25900000	inside	120	0.209853674146	100	0.0993241315784	0.110529542567
2L_0519_25900001_25950000	25900001	25950000	inside	120	0.207821311167	100	0.102726403124	0.105094908044
2L_0520_25950001_26000000	25950001	26000000	inside	120	0.177741630961	100	0.107083242146	0.0706583888148
2L_0521_26000001_26050000	26000001	26050000	inside	120	0.184933355776	100	0.0895509448779	0.0953824108976
2L_0522_26050001_26100000	26050001	26100000	inside	120	0.20255732722	100	0.0978069458119	0.104750381408
2L_0523_26100001_26150000	26100001	26150000	inside	120	0.19572280921	100	0.0968402650342	0.0988825441758
2L_0524_26150001_26200000	26150001	26200000	inside	120	0.182456994497	100	0.109827849683	0.0726291448139
2L_0525_26200001_26250000	26200001	26250000	inside	120	0.184636826295	100	0.111740617073	0.0728962092219
2L_0526_26250001_26300000	26250001	26300000	inside	120	0.185441548375	100	0.0977310690075	0.0877104793673
2L_0527_26300001_26350000	26300001	26350000	inside	120	0.183921010826	100	0.09425874671	0.0896622641156
2L_0528_26350001_26400000	26350001	26400000	inside	120	0.17022072361	100	0.0961051566303	0.0741155669796
2L_0529_26400001_26450000	26400001	26450000	inside	120	0.182709045768	100	0.0927257841854	0.089983261583
2L_0530_26450001_26500000	26450001	26500000	inside	120	0.198840876162	100	0.0881886663195	0.110652209842
2L_0531_26500001_26550000	26500001	26550000	inside	120	0.183243860329	100	0.0922105221525	0.0910333381764
2L_0532_26550001_26600000	26550001	26600000	inside	120	0.176838871148	100	0.103186789335	0.0736520818127
2L_0533_26600001_26650000	26600001	26650000	inside	120	0.175625477754	100	0.0942401383174	0.0813853394367
2L_0534_26650001_26700000	26650001	26700000	inside	120	0.169023999416	100	0.101507202876	0.06751679654
2L_0535_26700001_26750000	26700001	26750000	inside	120	0.184684843223	100	0.0921720861992	0.0925127570234
2L_0536_26750001_26800000	26750001	26800000	inside	120	0.186324490762	100	0.0984747708533	0.087849719909
2L_0537_26800001_26850000	26800001	26850000	inside	120	0.171460472228	100	0.0971577337049	0.0743027385227
2L_0538_26850001_26900000	26850001	26900000	inside	120	0.182085356299	100	0.093518710833	0.0885666454658
2L_0539_26900001_26950000	26900001	26950000	inside	120	0.180784592836	100	0.107672522263	0.0731120705726
2L_0540_26950001_27000000	26950001	27000000	inside	120	0.161863298939	100	0.0985560810768	0.0633072178618
2L_0541_27000001_27050000	27000001	27050000	inside	120	0.145450521441	100	0.108318308203	0.0371322132376
2L_0542_27050001_27100000	27050001	27100000	inside	120	0.178187171368	100	0.101043746959	0.0771434244094
2L_0543_27100001_27150000	27100001	27150000	inside	120	0.187249495639	100	0.108089250687	0.0791602449528
2L_0544_27150001_27200000	27150001	27200000	inside	120	0.178670995155	100	0.0989952231243	0.0796757720306
2L_0545_27200001_27250000	27200001	27250000	inside	120	0.200014890506	100	0.107962337107	0.0920525533988
2L_0546_27250001_27300000	27250001	27300000	inside	120	0.18406366074	100	0.0956974805867	0.0883661801533
2L_0547_27300001_27350000	27300001	27350000	inside	120	0.200354121973	100	0.0961608137594	0.104193308214
2L_0548_27350001_27400000	27350001	27400000	inside	120	0.219467514292	100	0.0964852274411	0.122982286851
2L_0549_27400001_27450000	27400001	27450000	inside	120	0.201534271991	100	0.0946760914829	0.106858180508
2L_0550_27450001_27500000	27450001	27500000	inside	120	0.207309903179	100	0.0972401754639	0.110069727715
2L_0551_27500001_27550000	27500001	27550000	inside	120	0.194325557551	100	0.0961537834386	0.0981717741122
2L_0552_27550001_27600000	27550001	27600000	inside	120	0.197803528096	100	0.0915541381215	0.106249389974
2L_0553_27600001_27650000	27600001	27650000	inside	120	0.191559830202	100	0.0943994244042	0.0971604057976
2L_0554_27650001_27700000	27650001	27700000	inside	120	0.184405854458	100	0.0892992273881	0.0951066270701
2L_0555_27700001_27750000	27700001	27750000	inside	120	0.15972646699	100	0.0857079584845	0.0740185085057
2L_0556_27750001_27800000	27750001	27800000	inside	120	0.166025405126	100	0.0917880728177	0.0742373323087
2L_0557_27800001_27850000	27800001	27850000	inside	120	0.182480283097	100	0.102223409297	0.0802568737995
2L_0558_27850001_27900000	27850001	27900000	inside	120	0.185103889847	100	0.101097223402	0.0840066664457
2L_0559_27900001_27950000	27900001	27950000	inside	120	0.168081646912	100	0.102456181856	0.065625465056
2L_0560_27950001_28000000	27950001	28000000	inside	120	0.178723100758	100	0.0919634749409	0.0867596258174
2L_0561_28000001_28050000	28000001	28050000	inside	120	0.175263744827	100	0.0981187501806	0.0771449946461
2L_0562_28050001_28100000	28050001	28100000	inside	120	0.176706977285	100	0.0918780101448	0.0848289671399
2L_0563_28100001_28150000	28100001	28150000	inside	120	0.181416837669	100	0.0943710194338	0.0870458182354
2L_0564_28150001_28200000	28150001	28200000	inside	120	0.172486485133	100	0.093764198731	0.0787222864024
2L_0565_28200001_28250000	28200001	28250000	inside	120	0.166794995266	100	0.115124671292	0.0516703239746
2L_0566_28250001_28300000	28250001	28300000	inside	120	0.174753037859	100	0.106770899722	0.0679821381367
2L_0567_28300001_28350000	28300001	28350000	inside	120	0.170768005183	100	0.103136096831	0.0676319083521
2L_0568_28350001_28400000	28350001	28400000	inside	120	0.166648289345	100	0.106675260212	0.0599730291331
2L_0569_28400001_28450000	28400001	28450000	inside	120	0.180854788819	100	0.111792327173	0.0690624616461
2L_0570_28450001_28500000	28450001	28500000	inside	120	0.167876729127	100	0.111329957651	0.056546771476
2L_0571_28500001_28550000	28500001	28550000	inside	120	0.172492937406	100	0.106470946611	0.0660219907953
2L_0572_28550001_28600000	28550001	28600000	inside	120	0.176229014684	100	0.103550477844	0.0726785368409
2L_0573_28600001_28650000	28600001	28650000	inside	120	0.193099273618	100	0.11067322364	0.0824260499779
2L_0574_28650001_28700000	28650001	28700000	inside	120	0.173407915492	100	0.100180168724	0.0732277467679
2L_0575_28700001_28750000	28700001	28750000	inside	120	0.170038216828	100	0.10449127719	0.0655469396387
2L_0576_28750001_28800000	28750001	28800000	inside	120	0.173537200769	100	0.106009350001	0.0675278507675
2L_0577_28800001_28850000	28800001	28850000	inside	120	0.18350041808	100	0.0996581774101	0.0838422406702
2L_0578_28850001_28900000	28850001	28900000	inside	120	0.189586288874	100	0.0963603081658	0.0932259807082
2L_0579_28900001_28950000	28900001	28950000	inside	120	0.173202694402	100	0.103167760598	0.0700349338035
2L_0580_28950001_29000000	28950001	29000000	inside	120	0.181604782392	100	0.0889442924705	0.092660489922
2L_0581_29000001_29050000	29000001	29050000	inside	120	0.188620455896	100	0.0968477984322	0.0917726574633
2L_0582_29050001_29100000	29050001	29100000	inside	120	0.202278405054	100	0.0962364777722	0.106041927282
2L_0583_29100001_29150000	29100001	29150000	inside	120	0.183006570826	100	0.0938680098316	0.0891385609948
2L_0584_29150001_29200000	29150001	29200000	inside	120	0.187795591694	100	0.0979403878141	0.0898552038796
2L_0585_29200001_29250000	29200001	29250000	inside	120	0.197245629773	100	0.0902331904748	0.107012439298
2L_0586_29250001_29300000	29250001	29300000	inside	120	0.197617074995	100	0.0883497185714	0.109267356424
2L_0587_29300001_29350000	29300001	29350000	inside	120	0.203461477452	100	0.0947317416237	0.108729735828
2L_0588_29350001_29400000	29350001	29400000	inside	120	0.211208289299	100	0.0913948231535	0.119813466146
2L_0589_29400001_29450000	29400001	29450000	inside	120	0.194970056654	100	0.0955861058811	0.0993839507729
2L_0590_29450001_29500000	29450001	29500000	inside	120	0.20202376719	100	0.0887975773985	0.113226189791
2L_0591_29500001_29550000	29500001	29550000	inside	120	0.207087592745	100	0.0997225026193	0.107365090125
2L_0592_29550001_29600000	29550001	29600000	inside	120	0.193126285736	100	0.103749314082	0.0893769716542
2L_0593_29600001_29650000	29600001	29650000	inside	120	0.177381481179	100	0.0956853088066	0.0816961723724
2L_0594_29650001_29700000	29650001	29700000	inside	120	0.188119552724	100	0.0974574398369	0.0906621128876
2L_0595_29700001_29750000	29700001	29750000	inside	120	0.173391781356	100	0.101641274851	0.0717505065052
2L_0596_29750001_29800000	29750001	29800000	inside	120	0.188294483278	100	0.0973769549093	0.0909175283684
2L_0597_29800001_29850000	29800001	29850000	inside	120	0.172685432608	100	0.096040375798	0.0766450568097
2L_0598_29850001_29900000	29850001	29900000	inside	120	0.175470856144	100	0.103243405933	0.072227450211
2L_0599_29900001_29950000	29900001	29950000	inside	120	0.16262371248	100	0.102060156926	0.0605635555537
2L_0600_29950001_30000000	29950001	30000000	inside	120	0.180204004502	100	0.101969314703	0.0782346897992
2L_0601_30000001_30050000	30000001	30050000	inside	0	nan	0	nan	nan
2L_0602_30050001_30100000	30050001	30100000	inside	0	nan	0	nan	nan
2L_0603_30100001_30150000	30100001	30150000	inside	120	0.143123355058	100	0.114860254012	0.028263101046
2L_0604_30150001_30200000	30150001	30200000	inside	120	0.180772485546	100	0.106375517	0.0743969685464
2L_0605_30200001_30250000	30200001	30250000	inside	120	0.184617003783	100	0.0949596270496	0.0896573767333
2L_0606_30250001_30300000	30250001	30300000	inside	120	0.187025988255	100	0.0911289121572	0.095897076098
2L_0607_30300001_30350000	30300001	30350000	inside	120	0.199620967796	100	0.0929849035906	0.106636064205
2L_0608_30350001_30400000	30350001	30400000	inside	120	0.199458430578	100	0.101587191205	0.0978712393737
2L_0609_30400001_30450000	30400001	30450000	inside	120	0.175199474389	100	0.0994811662264	0.0757183081631
2L_0610_30450001_30500000	30450001	30500000	inside	120	0.159719518902	100	0.106891166515	0.0528283523869
2L_0611_30500001_30550000	30500001	30550000	inside	120	0.15791752228	100	0.11722373259	0.04069378969
2L_0612_30550001_30600000	30550001	30600000	inside	120	0.16249479951	100	0.111392164076	0.0511026354344
2L_0613_30600001_30650000	30600001	30650000	inside	120	0.166101932402	100	0.100643487101	0.0654584453008
2L_0614_30650001_30700000	30650001	30700000	inside	120	0.166257470758	100	0.097317607711	0.0689398630473
2L_0615_30700001_30750000	30700001	30750000	inside	120	0.168891691163	100	0.10394316657	0.0649485245932
2L_0616_30750001_30800000	30750001	30800000	inside	120	0.18106967067	100	0.102085611124	0.0789840595461
2L_0617_30800001_30850000	30800001	30850000	inside	120	0.18648217157	100	0.0987719746811	0.0877101968887
2L_0618_30850001_30900000	30850001	30900000	inside	120	0.173940465867	100	0.101517000476	0.072423465391
2L_0619_30900001_30950000	30900001	30950000	inside	120	0.183117019346	100	0.108714557669	0.0744024616765
2L_0620_30950001_31000000	30950001	31000000	inside	120	0.1523250049	100	0.102457542929	0.049867461971
2L_0621_31000001_31050000	31000001	31050000	inside	120	0.143210978604	100	0.106911775918	0.036299202686
2L_0622_31050001_31100000	31050001	31100000	inside	120	0.159998457237	100	0.109834872723	0.0501635845142
2L_0623_31100001_31150000	31100001	31150000	inside	120	0.181120309325	100	0.113349558509	0.0677707508161
2L_0624_31150001_31200000	31150001	31200000	inside	120	0.16469635183	100	0.103546870456	0.0611494813738
2L_0625_31200001_31250000	31200001	31250000	inside	120	0.162768107912	100	0.111100201796	0.0516679061158
2L_0626_31250001_31300000	31250001	31300000	inside	120	0.144351153169	100	0.104339154529	0.04001199864
2L_0627_31300001_31350000	31300001	31350000	inside	120	0.160659053169	100	0.103794767106	0.0568642860632
2L_0628_31350001_31400000	31350001	31400000	inside	120	0.188881977402	100	0.106071456269	0.0828105211329
2L_0629_31400001_31450000	31400001	31450000	inside	120	0.165372351338	100	0.101025063696	0.0643472876417
2L_0630_31450001_31500000	31450001	31500000	inside	120	0.166818353809	100	0.102482491546	0.064335862263
2L_0631_31500001_31550000	31500001	31550000	inside	120	0.186980595513	100	0.120639527228	0.0663410682858
2L_0632_31550001_31600000	31550001	31600000	inside	120	0.158905418585	100	0.106779922136	0.0521254964486
2L_0633_31600001_31650000	31600001	31650000	inside	120	0.191995303087	100	0.12534466856	0.0666506345277
2L_0634_31650001_31700000	31650001	31700000	inside	120	0.187383483885	100	0.11879958964	0.0685838942449
2L_0635_31700001_31750000	31700001	31750000	inside	120	0.164345612139	100	0.116443177646	0.047902434493
2L_0636_31750001_31800000	31750001	31800000	inside	120	0.1623086666	100	0.106370551032	0.0559381155686
2L_0637_31800001_31850000	31800001	31850000	inside	120	0.1810732317	100	0.0994850171222	0.0815882145782
2L_0638_31850001_31900000	31850001	31900000	inside	120	0.167889578925	100	0.0999780713709	0.0679115075539
2L_0639_31900001_31950000	31900001	31950000	inside	120	0.144646306277	100	0.0947467347116	0.0498995715658
2L_0640_31950001_32000000	31950001	32000000	inside	120	0.162956389104	100	0.103847199567	0.0591091895373
2L_0641_32000001_32050000	32000001	32050000	inside	120	0.180663183954	100	0.100517689934	0.0801454940203
2L_0642_32050001_32100000	32050001	32100000	inside	120	0.172531937296	100	0.0950539640441	0.0774779732517
2L_0643_32100001_32150000	32100001	32150000	inside	120	0.192377649879	100	0.0984665927082	0.0939110571709
2L_0644_32150001_32200000	32150001	32200000	inside	120	0.174565521058	100	0.0982107589389	0.0763547621188
2L_0645_32200001_32250000	32200001	32250000	inside	120	0.16672504301	100	0.1078477952	0.0588772478099
2L_0646_32250001_32300000	32250001	32300000	inside	120	0.166677940546	100	0.104464725232	0.0622132153144
2L_0647_32300001_32350000	32300001	32350000	inside	120	0.162196746576	100	0.106515977729	0.0556807688475
2L_0648_32350001_32400000	32350001	32400000	inside	120	0.189095709764	100	0.119513956817	0.069581752947
2L_0649_32400001_32450000	32400001	32450000	inside	120	0.186809584487	100	0.103088424377	0.08372116011
2L_0650_32450001_32500000	32450001	32500000	inside	120	0.155939581269	100	0.111599196879	0.04434038439
2L_0651_32500001_32550000	32500001	32550000	inside	120	0.163057724306	100	0.112613786747	0.0504439375588
2L_0652_32550001_32600000	32550001	32600000	inside	120	0.142692946992	100	0.106606333464	0.0360866135286
2L_0653_32600001_32650000	32600001	32650000	inside	120	0.153800139042	100	0.118811954562	0.0349881844797
2L_0654_32650001_32700000	32650001	32700000	inside	120	0.166786141252	100	0.110260012183	0.0565261290691
2L_0655_32700001_32750000	32700001	32750000	inside	120	0.175979932199	100	0.101562847579	0.0744170846201
2L_0656_32750001_32800000	32750001	32800000	inside	120	0.170167953274	100	0.103430905337	0.0667370479372
2L_0657_32800001_32850000	32800001	32850000	inside	120	0.164899596659	100	0.109723417821	0.0551761788386
2L_0658_32850001_32900000	32850001	32900000	inside	120	0.158464984919	100	0.122072161339	0.0363928235799
2L_0659_32900001_32950000	32900001	32950000	inside	120	0.153082480643	100	0.102813447727	0.0502690329159
2L_0660_32950001_33000000	32950001	33000000	inside	120	0.158186882094	100	0.100623557569	0.057563324525
2L_0661_33000001_33050000	33000001	33050000	inside	120	0.165314061899	100	0.100036084323	0.0652779775757
2L_0662_33050001_33100000	33050001	33100000	inside	120	0.146773976656	100	0.10728023022	0.0394937464354
2L_0663_33100001_33150000	33100001	33150000	inside	120	0.144558968201	100	0.10347480569	0.0410841625106
2L_0664_33150001_33200000	33150001	33200000	inside	120	0.162828282269	100	0.107359436566	0.0554688457026
2L_0665_33200001_33250000	33200001	33250000	inside	120	0.16824419329	100	0.0996825303834	0.0685616629068
2L_0666_33250001_33300000	33250001	33300000	inside	120	0.179064859753	100	0.103361024771	0.0757038349821
2L_0667_33300001_33350000	33300001	33350000	inside	120	0.205401093655	100	0.0945105514035	0.110890542251
2L_0668_33350001_33400000	33350001	33400000	inside	120	0.171897329621	100	0.0968140727538	0.0750832568672
2L_0669_33400001_33450000	33400001	33450000	inside	120	0.172706900276	100	0.101557821054	0.0711490792227
2L_0670_33450001_33500000	33450001	33500000	inside	120	0.176193600506	100	0.1077383826	0.0684552179066
2L_0671_33500001_33550000	33500001	33550000	inside	120	0.179868425358	100	0.103005527063	0.0768628982952
2L_0672_33550001_33600000	33550001	33600000	inside	120	0.176916483809	100	0.0957516992405	0.0811647845684
2L_0673_33600001_33650000	33600001	33650000	inside	120	0.168228136115	100	0.0978854050845	0.07034273103
2L_0674_33650001_33700000	33650001	33700000	inside	120	0.187930686141	100	0.100340377907	0.087590308234
2L_0675_33700001_33750000	33700001	33750000	inside	120	0.186721877	100	0.0884611170326	0.0982607599677
2L_0676_33750001_33800000	33750001	33800000	inside	120	0.172612291539	100	0.105067136671	0.0675451548686
2L_0677_33800001_33850000	33800001	33850000	inside	120	0.17201277873	100	0.105269725069	0.0667430536612
2L_0678_33850001_33900000	33850001	33900000	inside	120	0.164415428046	100	0.0937860921283	0.0706293359173
2L_0679_33900001_33950000	33900001	33950000	inside	120	0.169919162873	100	0.104325629036	0.0655935338371
2L_0680_33950001_34000000	33950001	34000000	inside	120	0.165153144157	100	0.10250104341	0.0626521007473
2L_0681_34000001_34050000	34000001	34050000	inside	120	0.171087431792	100	0.096789685062	0.0742977467298
2L_0682_34050001_34100000	34050001	34100000	inside	120	0.167640696668	100	0.0989475593606	0.0686931373076
2L_0683_34100001_34150000	34100001	34150000	inside	120	0.178396945497	100	0.119133612805	0.0592633326918
2L_0684_34150001_34200000	34150001	34200000	inside	120	0.173430621661	100	0.105003487025	0.0684271346355
2L_0685_34200001_34250000	34200001	34250000	inside	120	0.159416085472	100	0.108143974456	0.051272111016
2L_0686_34250001_34300000	34250001	34300000	inside	120	0.170455172588	100	0.118635007381	0.0518201652076
2L_0687_34300001_34350000	34300001	34350000	inside	120	0.211956782177	100	0.0988301593125	0.113126622865
2L_0688_34350001_34400000	34350001	34400000	inside	120	0.218655453507	100	0.0847820990284	0.133873354479
2L_0689_34400001_34450000	34400001	34450000	inside	120	0.196393110243	100	0.0895874976734	0.106805612569
2L_0690_34450001_34500000	34450001	34500000	inside	120	0.17530094764	100	0.0929199816211	0.0823809660192
2L_0691_34500001_34550000	34500001	34550000	inside	120	0.183961441651	100	0.101760733716	0.0822007079352
2L_0692_34550001_34600000	34550001	34600000	inside	120	0.150732261774	100	0.0906916259428	0.0600406358307
2L_0693_34600001_34650000	34600001	34650000	inside	120	0.15335990688	100	0.097600785402	0.0557591214778
2L_0694_34650001_34700000	34650001	34700000	inside	120	0.165606130247	100	0.0982273358814	0.0673787943653
2L_0695_34700001_34750000	34700001	34750000	inside	120	0.169437000012	100	0.100839242647	0.0685977573647
2L_0696_34750001_34800000	34750001	34800000	inside	120	0.166406715755	100	0.0894872563817	0.0769194593728
2L_0697_34800001_34850000	34800001	34850000	inside	120	0.211027545893	100	0.0913618613678	0.119665684525
2L_0698_34850001_34900000	34850001	34900000	inside	120	0.18826244845	100	0.0967795729569	0.0914828754932
2L_0699_34900001_34950000	34900001	34950000	inside	120	0.181237131812	100	0.0910020420469	0.0902350897654
2L_0700_34950001_35000000	34950001	35000000	inside	120	0.170894249323	100	0.0970704580378	0.0738237912848
2L_0701_35000001_35050000	35000001	35050000	inside	120	0.175478643357	100	0.105984104329	0.0694945390285
2L_0702_35050001_35100000	35050001	35100000	inside	120	0.17819964473	100	0.0950413300631	0.0831583146667
2L_0703_35100001_35150000	35100001	35150000	inside	120	0.163293279838	100	0.0933955443114	0.0698977355267
2L_0704_35150001_35200000	35150001	35200000	inside	120	0.160202475637	100	0.101536146607	0.0586663290306
2L_0705_35200001_35250000	35200001	35250000	inside	120	0.171468634374	100	0.100477982753	0.0709906516205
2L_0706_35250001_35300000	35250001	35300000	inside	120	0.179626500895	100	0.0930184419313	0.0866080589641
2L_0707_35300001_35350000	35300001	35350000	inside	120	0.169165501978	100	0.0985850286038	0.0705804733739
2L_0708_35350001_35400000	35350001	35400000	inside	120	0.170328658076	100	0.0908361292405	0.0794925288355
2L_0709_35400001_35450000	35400001	35450000	inside	120	0.177236805849	100	0.0928663052167	0.0843705006325
2L_0710_35450001_35500000	35450001	35500000	inside	120	0.183447157001	100	0.0879164624025	0.0955306945987
2L_0711_35500001_35550000	35500001	35550000	inside	120	0.175261899897	100	0.0935444086141	0.0817174912828
2L_0712_35550001_35600000	35550001	35600000	inside	120	0.14829095655	100	0.0901382295441	0.058152727006
2L_0713_35600001_35650000	35600001	35650000	inside	120	0.155975198891	100	0.0945964631509	0.0613787357402
2L_0714_35650001_35700000	35650001	35700000	inside	120	0.151069164736	100	0.0928599792045	0.0582091855319
2L_0715_35700001_35750000	35700001	35750000	inside	120	0.178157696828	100	0.0989699782724	0.0791877185554
2L_0716_35750001_35800000	35750001	35800000	inside	120	0.220896261238	100	0.0800987536247	0.140797507613
2L_0717_35800001_35850000	35800001	35850000	inside	120	0.205445261226	100	0.0790102134881	0.126435047738
2L_0718_35850001_35900000	35850001	35900000	inside	120	0.172855021799	100	0.0872993292826	0.0855556925164
2L_0719_35900001_35950000	35900001	35950000	inside	120	0.195833797598	100	0.087443059572	0.108390738026
2L_0720_35950001_36000000	35950001	36000000	inside	120	0.187766288092	100	0.0823768243113	0.105389463781
2L_0721_36000001_36050000	36000001	36050000	inside	120	0.193939389927	100	0.0845768599234	0.109362530003
2L_0722_36050001_36100000	36050001	36100000	inside	120	0.180845002793	100	0.0808148050196	0.100030197773
2L_0723_36100001_36150000	36100001	36150000	inside	120	0.184216268364	100	0.0801867816796	0.104029486684
2L_0724_36150001_36200000	36150001	36200000	inside	120	0.210092698452	100	0.0739547585832	0.136137939869
2L_0725_36200001_36250000	36200001	36250000	inside	120	0.202899696447	100	0.0893393878202	0.113560308627
2L_0726_36250001_36300000	36250001	36300000	inside	120	0.181248058537	100	0.0874107029418	0.0938373555949
2L_0727_36300001_36350000	36300001	36350000	inside	120	0.189946323736	100	0.0896413204073	0.100305003328
2L_0728_36350001_36400000	36350001	36400000	inside	120	0.17701067721	100	0.0886480373543	0.088362639856
2L_0729_36400001_36450000	36400001	36450000	inside	120	0.206170750194	100	0.0931476289855	0.113023121209
2L_0730_36450001_36500000	36450001	36500000	inside	120	0.172573385501	100	0.0850146048784	0.0875587806226
2L_0731_36500001_36550000	36500001	36550000	inside	120	0.175537147116	100	0.0828017206787	0.0927354264371
2L_0732_36550001_36600000	36550001	36600000	inside	120	0.158630777162	100	0.0824949890735	0.0761357880887
2L_0733_36600001_36650000	36600001	36650000	inside	120	0.202769071587	100	0.0964558614402	0.106313210147
2L_0734_36650001_36700000	36650001	36700000	inside	120	0.157712578744	100	0.0933406895285	0.0643718892155
2L_0735_36700001_36750000	36700001	36750000	inside	120	0.162949144776	100	0.112660102008	0.0502890427682
2L_0736_36750001_36800000	36750001	36800000	inside	120	0.162154252817	100	0.0990426102042	0.063111642613
2L_0737_36800001_36850000	36800001	36850000	inside	120	0.175207205787	100	0.0935666615859	0.0816405442007
2L_0738_36850001_36900000	36850001	36900000	inside	120	0.18087695653	100	0.0876962727807	0.0931806837497
2L_0739_36900001_36950000	36900001	36950000	inside	120	0.188334497753	100	0.0900888859753	0.0982456117781
2L_0740_36950001_37000000	36950001	37000000	inside	120	0.166078533745	100	0.0876678659329	0.0784106678125
2L_0741_37000001_37050000	37000001	37050000	inside	120	0.17517149532	100	0.0943297491179	0.0808417462019
2L_0742_37050001_37100000	37050001	37100000	inside	120	0.175110434513	100	0.0988886798683	0.0762217546444
2L_0743_37100001_37150000	37100001	37150000	inside	120	0.207082873154	100	0.113728001543	0.0933548716109
2L_0744_37150001_37200000	37150001	37200000	inside	120	0.209538445929	100	0.0890139265195	0.12052451941
2L_0745_37200001_37250000	37200001	37250000	inside	120	0.179828893216	100	0.0888437864929	0.0909851067229
2L_0746_37250001_37300000	37250001	37300000	inside	120	0.196435979604	100	0.100852183472	0.095583796132
2L_0747_37300001_37350000	37300001	37350000	inside	120	0.142656594318	100	0.116816187679	0.0258404066398
2L_0748_37350001_37400000	37350001	37400000	inside	0	nan	0	nan	nan
2L_0749_37400001_37450000	37400001	37450000	inside	120	0.17629034673	100	0.111627659783	0.0646626869475
2L_0750_37450001_37500000	37450001	37500000	inside	120	0.199561176778	100	0.0886840669556	0.110877109822
2L_0751_37500001_37550000	37500001	37550000	inside	120	0.185546931649	100	0.0902056091987	0.0953413224502
2L_0752_37550001_37600000	37550001	37600000	inside	120	0.206076790962	100	0.0891593759668	0.116917414995
2L_0753_37600001_37650000	37600001	37650000	inside	120	0.20574855099	100	0.0819015452484	0.123847005742
2L_0754_37650001_37700000	37650001	37700000	inside	120	0.208230868151	100	0.0890948868335	0.119135981317
2L_0755_37700001_37750000	37700001	37750000	inside	120	0.18991317782	100	0.098929889432	0.0909832883881
2L_0756_37750001_37800000	37750001	37800000	inside	120	0.215440362919	100	0.0846539737505	0.130786389169
2L_0757_37800001_37850000	37800001	37850000	inside	120	0.238577499474	100	0.0745655428744	0.164011956599
2L_0758_37850001_37900000	37850001	37900000	inside	120	0.196726485904	100	0.0841508340516	0.112575651853
2L_0759_37900001_37950000	37900001	37950000	inside	120	0.211157920189	100	0.0840132255354	0.127144694653
2L_0760_37950001_38000000	37950001	38000000	inside	120	0.243977982371	100	0.0771228970688	0.166855085303
2L_0761_38000001_38050000	38000001	38050000	inside	120	0.203402904805	100	0.0862761457285	0.117126759077
2L_0762_38050001_38100000	38050001	38100000	inside	120	0.211832224154	100	0.0914652580217	0.120366966132
2L_0763_38100001_38150000	38100001	38150000	inside	120	0.195258617396	100	0.0814923601979	0.113766257198
2L_0764_38150001_38200000	38150001	38200000	inside	120	0.17461251207	100	0.0888678272413	0.0857446848284
2L_0765_38200001_38250000	38200001	38250000	inside	120	0.192168860401	100	0.0843157763544	0.107853084047
2L_0766_38250001_38300000	38250001	38300000	inside	120	0.199785810441	100	0.0845397550334	0.115246055408
2L_0767_38300001_38350000	38300001	38350000	inside	120	0.20414596531	100	0.0824889802511	0.121656985059
2L_0768_38350001_38400000	38350001	38400000	inside	120	0.198947697671	100	0.0786646226915	0.120283074979
2L_0769_38400001_38450000	38400001	38450000	inside	120	0.189853414609	100	0.0783353142343	0.111518100375
2L_0770_38450001_38500000	38450001	38500000	inside	120	0.180206129919	100	0.0817629792472	0.0984431506719
2L_0771_38500001_38550000	38500001	38550000	inside	120	0.194341753969	100	0.0807380863883	0.11360366758
2L_0772_38550001_38600000	38550001	38600000	inside	120	0.190967602715	100	0.084362600871	0.106605001844
2L_0773_38600001_38650000	38600001	38650000	inside	120	0.172368804979	100	0.0830577406492	0.0893110643303
2L_0774_38650001_38700000	38650001	38700000	inside	120	0.154475452219	100	0.0869537641288	0.0675216880903
2L_0775_38700001_38750000	38700001	38750000	inside	120	0.196868852761	100	0.0870361015809	0.10983275118
2L_0776_38750001_38800000	38750001	38800000	inside	120	0.203411569385	100	0.0815933099267	0.121818259459
2L_0777_38800001_38850000	38800001	38850000	inside	120	0.19033858339	100	0.081532480115	0.108806103275
2L_0778_38850001_38900000	38850001	38900000	inside	120	0.181063456717	100	0.093443271981	0.0876201847356
2L_0779_38900001_38950000	38900001	38950000	inside	120	0.190625982229	100	0.0866060006255	0.104019981603
2L_0780_38950001_39000000	38950001	39000000	inside	120	0.221069254711	100	0.0823832193479	0.138686035363
2L_0781_39000001_39050000	39000001	39050000	inside	120	0.187185789988	100	0.085551218774	0.101634571214
2L_0782_39050001_39100000	39050001	39100000	inside	120	0.163014346454	100	0.085458736701	0.0775556097529
2L_0783_39100001_39150000	39100001	39150000	inside	120	0.183622107302	100	0.0890229037349	0.094599203567
2L_0784_39150001_39200000	39150001	39200000	inside	120	0.232027924268	100	0.0798792700473	0.152148654221
2L_0785_39200001_39250000	39200001	39250000	inside	120	0.220201572238	100	0.0784014771318	0.141800095106
2L_0786_39250001_39300000	39250001	39300000	inside	120	0.176056084449	100	0.0884639702793	0.0875921141698
2L_0787_39300001_39350000	39300001	39350000	inside	120	0.203293298108	100	0.0936895117506	0.109603786358
2L_0788_39350001_39400000	39350001	39400000	inside	120	0.173488437131	100	0.0898315887931	0.0836568483375
2L_0789_39400001_39450000	39400001	39450000	inside	120	0.210158075895	100	0.0915781958263	0.118579880068
2L_0790_39450001_39500000	39450001	39500000	inside	120	0.215675844885	100	0.0775371502933	0.138138694592
2L_0791_39500001_39550000	39500001	39550000	inside	120	0.244493971973	100	0.084725784756	0.159768187217
2L_0792_39550001_39600000	39550001	39600000	inside	120	0.195617878769	100	0.0902125581838	0.105405320586
2L_0793_39600001_39650000	39600001	39650000	inside	120	0.199452612166	100	0.0850335341549	0.114419078011
2L_0794_39650001_39700000	39650001	39700000	inside	120	0.202187895971	100	0.0810595748578	0.121128321113
2L_0795_39700001_39750000	39700001	39750000	inside	120	0.192710129386	100	0.0833382912294	0.109371838157
2L_0796_39750001_39800000	39750001	39800000	inside	120	0.236704469166	100	0.0743285082823	0.162375960884
2L_0797_39800001_39850000	39800001	39850000	inside	120	0.210109498589	100	0.0830439791014	0.127065519488
2L_0798_39850001_39900000	39850001	39900000	inside	120	0.202718118599	100	0.0880016258502	0.114716492749
2L_0799_39900001_39950000	39900001	39950000	inside	120	0.222507111792	100	0.0882595080289	0.134247603763
2L_0800_39950001_40000000	39950001	40000000	inside	120	0.206978396242	100	0.0954538164325	0.111524579809
2L_0801_40000001_40050000	40000001	40050000	inside	120	0.197178305912	100	0.0872405587961	0.109937747116
2L_0802_40050001_40100000	40050001	40100000	inside	120	0.172757312034	100	0.091329170974	0.0814281410597
2L_0803_40100001_40150000	40100001	40150000	inside	120	0.210162690578	100	0.0897732148369	0.120389475741
2L_0804_40150001_40200000	40150001	40200000	inside	120	0.201778812224	100	0.0894485446736	0.11233026755
2L_0805_40200001_40250000	40200001	40250000	inside	120	0.187143457175	100	0.0923118580575	0.0948315991171
2L_0806_40250001_40300000	40250001	40300000	inside	120	0.178137131261	100	0.0964966999919	0.0816404312695
2L_0807_40300001_40350000	40300001	40350000	inside	120	0.17275283741	100	0.0825014902407	0.0902513471689
2L_0808_40350001_40400000	40350001	40400000	inside	120	0.187823337948	100	0.0829190318465	0.104904306102
2L_0809_40400001_40450000	40400001	40450000	inside	120	0.184514877685	100	0.0914194160975	0.0930954615878
2L_0810_40450001_40500000	40450001	40500000	inside	120	0.188980746118	100	0.102481213813	0.0864995323041
2L_0811_40500001_40550000	40500001	40550000	inside	120	0.185975645556	100	0.0888542248643	0.0971214206913
2L_0812_40550001_40600000	40550001	40600000	inside	120	0.211434179599	100	0.0887647811596	0.122669398439
2L_0813_40600001_40650000	40600001	40650000	inside	120	0.190336887139	100	0.0885730510784	0.101763836061
2L_0814_40650001_40700000	40650001	40700000	inside	120	0.185441319904	100	0.0866525313605	0.0987887885432
2L_0815_40700001_40750000	40700001	40750000	inside	120	0.183505802219	100	0.0862659025674	0.0972398996519
2L_0816_40750001_40800000	40750001	40800000	inside	120	0.196602958895	100	0.0821501901368	0.114452768758
2L_0817_40800001_40850000	40800001	40850000	inside	120	0.224073233156	100	0.0796403308616	0.144432902294
2L_0818_40850001_40900000	40850001	40900000	inside	120	0.224211099039	100	0.0783395918974	0.145871507141
2L_0819_40900001_40950000	40900001	40950000	inside	120	0.194532569595	100	0.0936821499571	0.100850419638
2L_0820_40950001_41000000	40950001	41000000	inside	120	0.18408057888	100	0.0901677139177	0.0939128649621
2L_0821_41000001_41050000	41000001	41050000	inside	120	0.180369420556	100	0.115121262921	0.0652481576345
2L_0822_41050001_41100000	41050001	41100000	inside	120	0.200623878805	100	0.0995343910043	0.101089487801
2L_0823_41100001_41150000	41100001	41150000	inside	120	0.218139373958	100	0.0931943499257	0.124945024032
2L_0824_41150001_41200000	41150001	41200000	inside	120	0.213001005721	100	0.0842934274212	0.1287075783
2L_0825_41200001_41250000	41200001	41250000	inside	120	0.213321318612	100	0.0993465909784	0.113974727634
2L_0826_41250001_41300000	41250001	41300000	inside	120	0.210061387037	100	0.110497673082	0.0995637139555
2L_0827_41300001_41350000	41300001	41350000	inside	120	0.204534753868	100	0.0840516285512	0.120483125316
2L_0828_41350001_41400000	41350001	41400000	inside	120	0.21029355973	100	0.0890390319166	0.121254527814
2L_0829_41400001_41450000	41400001	41450000	inside	120	0.193970810899	100	0.0864188007332	0.107552010166
2L_0830_41450001_41500000	41450001	41500000	inside	120	0.206452409914	100	0.0881368183617	0.118315591553
2L_0831_41500001_41550000	41500001	41550000	inside	120	0.203898117506	100	0.0942930468749	0.109605070631
2L_0832_41550001_41600000	41550001	41600000	inside	120	0.221442031691	100	0.0825460592949	0.138895972396
2L_0833_41600001_41650000	41600001	41650000	inside	120	0.23308026761	100	0.079863292807	0.153216974803
2L_0834_41650001_41700000	41650001	41700000	inside	120	0.203521988255	100	0.0867789875172	0.116743000738
2L_0835_41700001_41750000	41700001	41750000	inside	120	0.209386788093	100	0.080830694861	0.128556093232
2L_0836_41750001_41800000	41750001	41800000	inside	120	0.21577742643	100	0.0867830250185	0.128994401411
2L_0837_41800001_41850000	41800001	41850000	inside	120	0.197048482385	100	0.0819864669527	0.115062015432
2L_0838_41850001_41900000	41850001	41900000	inside	120	0.175508699544	100	0.0805912181956	0.0949174813487
2L_0839_41900001_41950000	41900001	41950000	inside	120	0.219950652998	100	0.0859329413436	0.134017711655
2L_0840_41950001_42000000	41950001	42000000	inside	120	0.222685220245	100	0.0879681436646	0.134717076581
2L_0841_42000001_42050000	42000001	42050000	inside	120	0.208690476748	100	0.0793381362324	0.129352340516
2L_0842_42050001_42100000	42050001	42100000	inside	120	0.226807561061	100	0.0740190115149	0.152788549546
2L_0843_42100001_42150000	42100001	42150000	inside	120	0.195680612313	100	0.0903112851436	0.105369327169
2L_0844_42150001_42200000	42150001	42200000	boundary	120	0.159135270303	100	0.101996603761	0.057138666542
2L_0845_42200001_42250000	42200001	42250000	outside	120	0.121930345077	100	0.122985437399	-0.00105509232213
2L_0846_42250001_42300000	42250001	42300000	outside	120	0.118275809455	100	0.119199695842	-0.000923886387518
2L_0847_42300001_42350000	42300001	42350000	outside	120	0.110273557084	100	0.122039925117	-0.0117663680324
2L_0848_42350001_42400000	42350001	42400000	outside	120	0.110514455288	100	0.115547552477	-0.00503309718924
2L_0849_42400001_42450000	42400001	42450000	outside	120	0.108109146798	100	0.108977424913	-0.000868278115527
2L_0850_42450001_42500000	42450001	42500000	outside	120	0.101459542714	100	0.112356772848	-0.0108972301337
2L_0851_42500001_42550000	42500001	42550000	outside	120	0.100110247188	100	0.105809187256	-0.00569894006854
2L_0852_42550001_42600000	42550001	42600000	outside	120	0.118312868129	100	0.125200959058	-0.00688809092965
2L_0853_42600001_42650000	42600001	42650000	outside	120	0.112105766913	100	0.120441240288	-0.00833547337548
2L_0854_42650001_42700000	42650001	42700000	outside	120	0.108805805199	100	0.111894593476	-0.00308878827607
2L_0855_42700001_42750000	42700001	42750000	outside	120	0.097662393687	100	0.105703662975	-0.008041269288
2L_0856_42750001_42800000	42750001	42800000	outside	120	0.111187575538	100	0.114402315498	-0.00321473996027
2L_0857_42800001_42850000	42800001	42850000	outside	120	0.108392618383	100	0.110653748264	-0.00226112988142
2L_0858_42850001_42900000	42850001	42900000	outside	120	0.10092474202	100	0.103414951223	-0.00249020920272
2L_0859_42900001_42950000	42900001	42950000	outside	120	0.100169444199	100	0.108372406097	-0.00820296189771
2L_0860_42950001_43000000	42950001	43000000	outside	120	0.097069880511	100	0.102967484623	-0.00589760411203
2L_0861_43000001_43050000	43000001	43050000	outside	120	0.0998689152917	100	0.101963928029	-0.00209501273728
2L_0862_43050001_43100000	43050001	43100000	outside	120	0.10056569088	100	0.101637193739	-0.00107150285939
2L_0863_43100001_43150000	43100001	43150000	outside	120	0.0950192981307	100	0.0971856406637	-0.002166342533
2L_0864_43150001_43200000	43150001	43200000	outside	120	0.107063502303	100	0.11067369197	-0.00361018966741
2L_0865_43200001_43250000	43200001	43250000	outside	120	0.0976165636649	100	0.0999700509345	-0.00235348726956
2L_0866_43250001_43300000	43250001	43300000	outside	120	0.102267638223	100	0.104092350451	-0.00182471222831
2L_0867_43300001_43350000	43300001	43350000	outside	120	0.098200441455	100	0.104052903531	-0.0058524620755
2L_0868_43350001_43400000	43350001	43400000	outside	120	0.0809967041421	100	0.088407142917	-0.00741043877487
2L_0869_43400001_43450000	43400001	43450000	outside	120	0.08124386436	100	0.108246603418	-0.0270027390578
2L_0870_43450001_43500000	43450001	43500000	outside	120	0.0724230296347	100	0.0933577213559	-0.0209346917211
2L_0871_43500001_43550000	43500001	43550000	outside	120	0.0956444005218	100	0.0985283381664	-0.00288393764466
2L_0872_43550001_43600000	43550001	43600000	outside	120	0.128013889954	100	0.131676345944	-0.00366245598966
2L_0873_43600001_43650000	43600001	43650000	outside	120	0.0971189144329	100	0.100949732805	-0.00383081837176
2L_0874_43650001_43700000	43650001	43700000	outside	120	0.101270652542	100	0.10390217691	-0.00263152436849
2L_0875_43700001_43750000	43700001	43750000	outside	120	0.0950591135896	100	0.0975353967002	-0.00247628311059
2L_0876_43750001_43800000	43750001	43800000	outside	120	0.0818256713003	100	0.0825582045104	-0.000732533210152
2L_0877_43800001_43850000	43800001	43850000	outside	120	0.103452640656	100	0.10631557166	-0.00286293100399
2L_0878_43850001_43900000	43850001	43900000	outside	120	0.11485714986	100	0.115393509572	-0.000536359712007
2L_0879_43900001_43950000	43900001	43950000	outside	120	0.108840955793	100	0.109606146152	-0.000765190358984
2L_0880_43950001_44000000	43950001	44000000	outside	120	0.106672033241	100	0.108979575089	-0.00230754184744
2L_0881_44000001_44050000	44000001	44050000	outside	120	0.104583687406	100	0.105657813038	-0.00107412563246
2L_0882_44050001_44100000	44050001	44100000	outside	120	0.109080456195	100	0.113344913179	-0.00426445698384
2L_0883_44100001_44150000	44100001	44150000	outside	120	0.103878336166	100	0.107775769053	-0.00389743288661
2L_0884_44150001_44200000	44150001	44200000	outside	120	0.096858072541	100	0.125519913938	-0.0286618413971
2L_0885_44200001_44250000	44200001	44250000	outside	120	0.101327381244	100	0.10426945392	-0.00294207267654
2L_0886_44250001_44300000	44250001	44300000	outside	120	0.113110323757	100	0.11992131457	-0.00681099081304
2L_0887_44300001_44350000	44300001	44350000	outside	120	0.118959784076	100	0.124146916068	-0.00518713199189
2L_0888_44350001_44400000	44350001	44400000	outside	120	0.112244253597	100	0.115171266051	-0.00292701245463
2L_0889_44400001_44450000	44400001	44450000	outside	120	0.0983808065059	100	0.120229979238	-0.0218491727319
2L_0890_44450001_44500000	44450001	44500000	outside	120	0.105143456202	100	0.112477002519	-0.0073335463177
2L_0891_44500001_44550000	44500001	44550000	outside	120	0.111859509028	100	0.112901894822	-0.00104238579424
2L_0892_44550001_44600000	44550001	44600000	outside	120	0.105386201473	100	0.112830282149	-0.00744408067571
2L_0893_44600001_44650000	44600001	44650000	outside	120	0.110405007661	100	0.11271211754	-0.00230710987921
2L_0894_44650001_44700000	44650001	44700000	outside	120	0.111272417692	100	0.11182088378	-0.000548466087549
2L_0895_44700001_44750000	44700001	44750000	outside	120	0.110949351531	100	0.113062715403	-0.00211336387235
2L_0896_44750001_44800000	44750001	44800000	outside	120	0.10284391222	100	0.106442811096	-0.00359889887587
2L_0897_44800001_44850000	44800001	44850000	outside	120	0.101429007561	100	0.106589292338	-0.00516028477708
2L_0898_44850001_44900000	44850001	44900000	outside	120	0.0906297950906	100	0.0921237836312	-0.0014939885406
2L_0899_44900001_44950000	44900001	44950000	outside	120	0.0957424663254	100	0.0962402708333	-0.000497804507931
2L_0900_44950001_45000000	44950001	45000000	outside	120	0.107215479738	100	0.107009109911	0.000206369827384
2L_0901_45000001_45050000	45000001	45050000	outside	120	0.121276919179	100	0.125454799559	-0.0041778803796
2L_0902_45050001_45100000	45050001	45100000	outside	120	0.118656093394	100	0.119743822537	-0.00108772914349
2L_0903_45100001_45150000	45100001	45150000	outside	120	0.107736987291	100	0.111712548305	-0.00397556101405
2L_0904_45150001_45200000	45150001	45200000	outside	120	0.109492277546	100	0.11184694481	-0.00235466726398
2L_0905_45200001_45250000	45200001	45250000	outside	120	0.10734521378	100	0.111967044484	-0.00462183070339
2L_0906_45250001_45300000	45250001	45300000	outside	120	0.108340667101	100	0.108784340945	-0.000443673843067
2L_0907_45300001_45350000	45300001	45350000	outside	120	0.109618645756	100	0.119935425935	-0.0103167801793
2L_0908_45350001_45400000	45350001	45400000	outside	120	0.0996734471369	100	0.10166001292	-0.00198656578288
2L_0909_45400001_45450000	45400001	45450000	outside	120	0.109317613058	100	0.111931501158	-0.00261388810008
2L_0910_45450001_45500000	45450001	45500000	outside	120	0.108151158274	100	0.10973148756	-0.00158032928619
2L_0911_45500001_45550000	45500001	45550000	outside	120	0.10717749647	100	0.105048847531	0.0021286489398
2L_0912_45550001_45600000	45550001	45600000	outside	120	0.101526780623	100	0.104560620232	-0.00303383960929
2L_0913_45600001_45650000	45600001	45650000	outside	120	0.104951777621	100	0.105354564005	-0.000402786384731
2L_0914_45650001_45700000	45650001	45700000	outside	120	0.11019149414	100	0.113289725499	-0.00309823135903
2L_0915_45700001_45750000	45700001	45750000	outside	120	0.108450683616	100	0.109866824563	-0.00141614094692
2L_0916_45750001_45800000	45750001	45800000	outside	120	0.0911383398401	100	0.0945714679342	-0.00343312809409
2L_0917_45800001_45850000	45800001	45850000	outside	120	0.0953025711524	100	0.0995753346594	-0.00427276350696
2L_0918_45850001_45900000	45850001	45900000	outside	120	0.101888080584	100	0.100702369069	0.00118571151538
2L_0919_45900001_45950000	45900001	45950000	outside	120	0.0987552981024	100	0.103565909557	-0.00481061145456
2L_0920_45950001_46000000	45950001	46000000	outside	120	0.106996675875	100	0.109041649856	-0.00204497398104
2L_0921_46000001_46050000	46000001	46050000	outside	120	0.107745281567	100	0.110784558246	-0.00303927667846
2L_0922_46050001_46100000	46050001	46100000	outside	120	0.107718182177	100	0.110288709691	-0.00257052751431
2L_0923_46100001_46150000	46100001	46150000	outside	120	0.116796448915	100	0.118136997251	-0.00134054833548
2L_0924_46150001_46200000	46150001	46200000	outside	120	0.0965062824295	100	0.098906516205	-0.00240023377549
2L_0925_46200001_46250000	46200001	46250000	outside	120	0.106350276465	100	0.10780463334	-0.00145435687466
2L_0926_46250001_46300000	46250001	46300000	outside	120	0.117704340468	100	0.116934831975	0.000769508492818
2L_0927_46300001_46350000	46300001	46350000	outside	120	0.111683473125	100	0.112213360879	-0.000529887753678
2L_0928_46350001_46400000	46350001	46400000	outside	120	0.114467999798	100	0.117243749049	-0.00277574925131
2L_0929_46400001_46450000	46400001	46450000	outside	120	0.111753671793	100	0.11461526822	-0.00286159642744
2L_0930_46450001_46500000	46450001	46500000	outside	120	0.0981473206217	100	0.101089085414	-0.002941764792
2L_0931_46500001_46550000	46500001	46550000	outside	120	0.102654047886	100	0.104040742686	-0.0013866947993
2L_0932_46550001_46600000	46550001	46600000	outside	120	0.114191378359	100	0.117121152432	-0.00292977407239
2L_0933_46600001_46650000	46600001	46650000	outside	120	0.124468312886	100	0.128090899172	-0.00362258628602
2L_0934_46650001_46700000	46650001	46700000	outside	120	0.111351365526	100	0.113820009223	-0.00246864369745
2L_0935_46700001_46750000	46700001	46750000	outside	120	0.098455050434	100	0.10963921186	-0.0111841614265
2L_0936_46750001_46800000	46750001	46800000	outside	120	0.113065977264	100	0.116308411004	-0.0032424337405
2L_0937_46800001_46850000	46800001	46850000	outside	120	0.118128940061	100	0.122309507072	-0.00418056701068
2L_0938_46850001_46900000	46850001	46900000	outside	120	0.11562597662	100	0.123532265632	-0.00790628901228
2L_0939_46900001_46950000	46900001	46950000	outside	120	0.120441589922	100	0.125988239532	-0.00554664960979
2L_0940_46950001_47000000	46950001	47000000	outside	120	0.12117758572	100	0.124875740205	-0.0036981544853
2L_0941_47000001_47050000	47000001	47050000	outside	120	0.108951074723	100	0.111005977287	-0.00205490256454
2L_0942_47050001_47100000	47050001	47100000	outside	120	0.106315364498	100	0.113883414356	-0.00756804985819
2L_0943_47100001_47150000	47100001	47150000	outside	120	0.120485798199	100	0.12218207281	-0.00169627461019
2L_0944_47150001_47200000	47150001	47200000	outside	120	0.115867175078	100	0.117552653884	-0.00168547880585
2L_0945_47200001_47250000	47200001	47250000	outside	120	0.115160808511	100	0.118892991603	-0.0037321830917
2L_0946_47250001_47300000	47250001	47300000	outside	120	0.112988095434	100	0.11664545953	-0.00365736409623
2L_0947_47300001_47350000	47300001	47350000	outside	120	0.113787377865	100	0.115934326377	-0.00214694851238
2L_0948_47350001_47400000	47350001	47400000	outside	120	0.107555192537	100	0.107902763447	-0.000347570910667
2L_0949_47400001_47450000	47400001	47450000	outside	120	0.112845079198	100	0.113822372574	-0.000977293376713
2L_0950_47450001_47500000	47450001	47500000	outside	120	0.110250774942	100	0.113156194623	-0.0029054196816
2L_0951_47500001_47550000	47500001	47550000	outside	120	0.117626308899	100	0.121627135055	-0.00400082615573
2L_0952_47550001_47600000	47550001	47600000	outside	120	0.109250386442	100	0.110279896829	-0.00102951038725
2L_0953_47600001_47650000	47600001	47650000	outside	120	0.11517073669	100	0.120237471748	-0.00506673505791
2L_0954_47650001_47700000	47650001	47700000	outside	120	0.101125901013	100	0.100678935137	0.000446965875933
2L_0955_47700001_47750000	47700001	47750000	outside	120	0.108788019985	100	0.110811954151	-0.00202393416665
2L_0956_47750001_47800000	47750001	47800000	outside	120	0.117851379282	100	0.122459054029	-0.00460767474705
2L_0957_47800001_47850000	47800001	47850000	outside	120	0.12240659886	100	0.12665390423	-0.00424730536999
2L_0958_47850001_47900000	47850001	47900000	outside	120	0.110117900102	100	0.113522933607	-0.00340503350497
2L_0959_47900001_47950000	47900001	47950000	outside	120	0.116483369632	100	0.121272380421	-0.00478901078938
2L_0960_47950001_48000000	47950001	48000000	outside	120	0.112149243598	100	0.113666826348	-0.00151758274998
2L_0961_48000001_48050000	48000001	48050000	outside	120	0.117618329837	100	0.121385935914	-0.00376760607708
2L_0962_48050001_48100000	48050001	48100000	outside	120	0.119062469765	100	0.125250956869	-0.00618848710433
2L_0963_48100001_48150000	48100001	48150000	outside	120	0.117144592039	100	0.121447704879	-0.00430311284049
2L_0964_48150001_48200000	48150001	48200000	outside	120	0.111010931927	100	0.112408365282	-0.00139743335511
2L_0965_48200001_48250000	48200001	48250000	outside	120	0.117742443867	100	0.120245619389	-0.00250317552232
2L_0966_48250001_48300000	48250001	48300000	outside	120	0.113995861961	100	0.115949447497	-0.00195358553616
2L_0967_48300001_48350000	48300001	48350000	outside	120	0.118495329043	100	0.122366183895	-0.00387085485219
2L_0968_48350001_48400000	48350001	48400000	outside	120	0.110445057831	100	0.113473778405	-0.00302872057441
2L_0969_48400001_48450000	48400001	48450000	outside	120	0.100916511479	100	0.104426649367	-0.00351013788852
2L_0970_48450001_48500000	48450001	48500000	outside	120	0.112746543338	100	0.116802839183	-0.00405629584551
2L_0971_48500001_48550000	48500001	48550000	outside	120	0.115824490568	100	0.119324407298	-0.00349991673041
2L_0972_48550001_48600000	48550001	48600000	outside	120	0.116727228748	100	0.120086856797	-0.00335962804928
2L_0973_48600001_48650000	48600001	48650000	outside	120	0.113327771117	100	0.114308834983	-0.000981063866174
2L_0974_48650001_48700000	48650001	48700000	outside	120	0.10683599125	100	0.111840821354	-0.00500483010457
2L_0975_48700001_48750000	48700001	48750000	outside	120	0.105895488886	100	0.10980530468	-0.00390981579364
2L_0976_48750001_48800000	48750001	48800000	outside	120	0.110950267591	100	0.117443497011	-0.00649322941964
2L_0977_48800001_48850000	48800001	48850000	outside	120	0.111391960859	100	0.112419007448	-0.00102704658902
2L_0978_48850001_48900000	48850001	48900000	outside	120	0.11148810029	100	0.113979062272	-0.00249096198195
2L_0979_48900001_48950000	48900001	48950000	outside	120	0.115061692127	100	0.118731059761	-0.00366936763395
2L_0980_48950001_49000000	48950001	49000000	outside	120	0.105906848028	100	0.112674655772	-0.00676780774412
2L_0981_49000001_49050000	49000001	49050000	outside	120	0.112438488871	100	0.114770647675	-0.00233215880345
2L_0982_49050001_49100000	49050001	49100000	outside	120	0.112402387547	100	0.115522913287	-0.00312052573991
2L_0983_49100001_49150000	49100001	49150000	outside	120	0.104486575189	100	0.111710462775	-0.00722388758658
2L_0984_49150001_49200000	49150001	49200000	outside	120	0.107518615868	100	0.114160365135	-0.00664174926764
2L_0985_49200001_49250000	49200001	49250000	outside	120	0.0690816545382	100	0.0780942238731	-0.00901256933485
2L_0986_49250001_49300000	49250001	49300000	outside	120	0.07703095406	100	0.082127094009	-0.00509613994903
2L_0987_49300001_49350000	49300001	49350000	outside	120	0.0774110676166	100	0.0902025551774	-0.0127914875607
2L_0988_49350001_49364325	49350001	49364325	outside	120	0.0748230194703	100	0.091440789563	-0.0166177700928
