window_id	start	end	region_class	n_informative_quartets	mean_M	median_M	fraction_M_positive	fraction_M_negative	fraction_M_zero
2L_0001_1_50000	1	50000	outside	2304	-0.0357257656529	-0.0351409441524	0.0815972222222	0.918402777778	0
2L_0002_50001_100000	50001	100000	outside	2304	-0.0237840299319	-0.0210342411098	0.105902777778	0.894097222222	0
2L_0003_100001_150000	100001	150000	outside	0	nan	nan	nan	nan	nan
2L_0004_150001_200000	150001	200000	outside	2304	-0.0501667388409	-0.0455434162067	0.0941840277778	0.905815972222	0
2L_0005_200001_250000	200001	250000	outside	2304	-0.0420090013463	-0.041104446982	0.0173611111111	0.982638888889	0
2L_0006_250001_300000	250001	300000	outside	2304	-0.0327393741642	-0.0304381975189	0.00390625	0.99609375	0
2L_0007_300001_350000	300001	350000	outside	2304	-0.0854400804311	-0.0842329911016	0	1	0
2L_0008_350001_400000	350001	400000	outside	2304	-0.0416543910857	-0.0371799106032	0.00694444444444	0.993055555556	0
2L_0009_400001_450000	400001	450000	outside	2304	-0.0455015948932	-0.0458731862199	0.0412326388889	0.958767361111	0
2L_0010_450001_500000	450001	500000	outside	2304	-0.0476958314624	-0.0506148832487	0.0885416666667	0.911458333333	0
2L_0011_500001_550000	500001	550000	outside	2304	-0.0363172829437	-0.0348253587572	0.168402777778	0.831597222222	0
2L_0012_550001_600000	550001	600000	outside	2304	-0.0296045613835	-0.0277777739324	0.125	0.875	0
2L_0013_600001_650000	600001	650000	outside	2304	-0.0442536552326	-0.0453538829702	0.0525173611111	0.947482638889	0
2L_0014_650001_700000	650001	700000	outside	0	nan	nan	nan	nan	nan
2L_0015_700001_750000	700001	750000	outside	2304	-0.0417448951171	-0.0409521463359	0.0199652777778	0.980034722222	0
2L_0016_750001_800000	750001	800000	outside	2304	-0.0337103811618	-0.0364217135829	0.0755208333333	0.924479166667	0
2L_0017_800001_850000	800001	850000	outside	2304	-0.0236136070777	-0.023731749998	0.197916666667	0.802083333333	0
2L_0018_850001_900000	850001	900000	outside	2304	-0.0486354971403	-0.0472189166511	0.0551215277778	0.944878472222	0
2L_0019_900001_950000	900001	950000	outside	2304	-0.0472850537636	-0.045173216338	0.00217013888889	0.997829861111	0
2L_0020_950001_1000000	950001	1000000	outside	2304	-0.061103737515	-0.0606892843222	0.0325520833333	0.967447916667	0
2L_0021_1000001_1050000	1000001	1050000	outside	0	nan	nan	nan	nan	nan
2L_0022_1050001_1100000	1050001	1100000	outside	2304	-0.0628058149535	-0.0607786057309	0.0104166666667	0.989583333333	0
2L_0023_1100001_1150000	1100001	1150000	outside	2304	-0.049330821665	-0.0511677483029	0.0108506944444	0.989149305556	0
2L_0024_1150001_1200000	1150001	1200000	outside	2304	-0.0402785353329	-0.0442049495559	0.1875	0.8125	0
2L_0025_1200001_1250000	1200001	1250000	outside	2304	-0.0413885415026	-0.0466729215387	0.00998263888889	0.990017361111	0
2L_0026_1250001_1300000	1250001	1300000	outside	2304	-0.0559464796044	-0.0534011827329	0.128038194444	0.871961805556	0
2L_0027_1300001_1350000	1300001	1350000	outside	2304	-0.069260015349	-0.0697053657006	0.158854166667	0.841145833333	0
2L_0028_1350001_1400000	1350001	1400000	outside	2304	-0.0387563140444	-0.0322192771156	0.153645833333	0.846354166667	0
2L_0029_1400001_1450000	1400001	1450000	outside	2304	-0.0388311252608	-0.0397860259309	0.221354166667	0.778645833333	0
2L_0030_1450001_1500000	1450001	1500000	outside	2304	-0.0363041137987	-0.0353130614203	0.112847222222	0.887152777778	0
2L_0031_1500001_1550000	1500001	1550000	outside	2304	-0.0474553692554	-0.0445807978059	0.129340277778	0.870659722222	0
2L_0032_1550001_1600000	1550001	1600000	outside	2304	-0.0790631308411	-0.0844326003726	0.0516493055556	0.948350694444	0
2L_0033_1600001_1650000	1600001	1650000	outside	2304	-0.0843174445042	-0.0832691917139	0.129340277778	0.870659722222	0
2L_0034_1650001_1700000	1650001	1700000	outside	2304	-0.0890440020354	-0.0870611497681	0.217447916667	0.782552083333	0
2L_0035_1700001_1750000	1700001	1750000	outside	2304	-0.0524082332079	-0.0604693242748	0.173177083333	0.826822916667	0
2L_0036_1750001_1800000	1750001	1800000	outside	2304	-0.0468720620905	-0.0447985154426	0.197916666667	0.802083333333	0
2L_0037_1800001_1850000	1800001	1850000	outside	2304	-0.0400832973527	-0.0404038685142	0.171440972222	0.828559027778	0
2L_0038_1850001_1900000	1850001	1900000	outside	2304	-0.0472552818448	-0.0443803691884	0.195746527778	0.804253472222	0
2L_0039_1900001_1950000	1900001	1950000	outside	2304	-0.0417778394673	-0.0398154294476	0.0720486111111	0.927951388889	0
2L_0040_1950001_2000000	1950001	2000000	outside	2304	-0.0760673322893	-0.072114771631	0	1	0
2L_0041_2000001_2050000	2000001	2050000	outside	2304	-0.0551138517797	-0.0547606064005	0.123697916667	0.876302083333	0
2L_0042_2050001_2100000	2050001	2100000	outside	2304	-0.0824151750841	-0.0801573970372	0.0555555555556	0.944444444444	0
2L_0043_2100001_2150000	2100001	2150000	outside	2304	-0.0527785265589	-0.0556494006186	0.197482638889	0.802517361111	0
2L_0044_2150001_2200000	2150001	2200000	outside	2304	-0.0491370219317	-0.0550571191296	0.163194444444	0.836805555556	0
2L_0045_2200001_2250000	2200001	2250000	outside	2304	-0.0372733472637	-0.0406381965171	0.0611979166667	0.938802083333	0
2L_0046_2250001_2300000	2250001	2300000	outside	2304	-0.0471623744491	-0.04828467244	0.210069444444	0.789930555556	0
2L_0047_2300001_2350000	2300001	2350000	outside	2304	-0.0369337122347	-0.0348525329326	0.0842013888889	0.915798611111	0
2L_0048_2350001_2400000	2350001	2400000	outside	2304	-0.0428653268102	-0.0414588643584	0.112413194444	0.887586805556	0
2L_0049_2400001_2450000	2400001	2450000	outside	2304	-0.0605753396191	-0.0621510883665	0.123697916667	0.876302083333	0
2L_0050_2450001_2500000	2450001	2500000	outside	2304	-0.0237206192149	-0.0218392452654	0.212239583333	0.787760416667	0
2L_0051_2500001_2550000	2500001	2550000	outside	2304	-0.0293843208175	-0.0285398503911	0.255208333333	0.744791666667	0
2L_0052_2550001_2600000	2550001	2600000	outside	2304	-0.027224884066	-0.0230519818867	0.349826388889	0.650173611111	0
2L_0053_2600001_2650000	2600001	2650000	outside	2304	-0.0203133223002	-0.019925209397	0.263454861111	0.736545138889	0
2L_0054_2650001_2700000	2650001	2700000	outside	2304	-0.0135529862338	-0.015859658465	0.232638888889	0.767361111111	0
2L_0055_2700001_2750000	2700001	2750000	outside	2304	-0.0285644286384	-0.0254829220149	0.223524305556	0.776475694444	0
2L_0056_2750001_2800000	2750001	2800000	outside	2304	-0.0363192561766	-0.0347339850634	0.104600694444	0.895399305556	0
2L_0057_2800001_2850000	2800001	2850000	outside	2304	-0.00998613803506	-0.0109920219452	0.3828125	0.6171875	0
2L_0058_2850001_2900000	2850001	2900000	outside	2304	-0.0101018491882	-0.00619975849214	0.404947916667	0.595052083333	0
2L_0059_2900001_2950000	2900001	2950000	outside	2304	-0.00665351812573	-0.00156411064352	0.482638888889	0.517361111111	0
2L_0060_2950001_3000000	2950001	3000000	outside	2304	-0.0065600690833	-0.0063742797644	0.422309027778	0.577690972222	0
2L_0061_3000001_3050000	3000001	3050000	outside	2304	-0.00387869387665	-0.00390486539393	0.429253472222	0.570746527778	0
2L_0062_3050001_3100000	3050001	3100000	outside	2304	-0.0143490172835	-0.0149712862021	0.19921875	0.80078125	0
2L_0063_3100001_3150000	3100001	3150000	outside	2304	-0.0128528973406	-0.0138158396937	0.210069444444	0.789930555556	0
2L_0064_3150001_3200000	3150001	3200000	outside	2304	-0.00464408474131	-0.00439539432727	0.346354166667	0.653645833333	0
2L_0065_3200001_3250000	3200001	3250000	outside	2304	-0.00797818107093	-0.00775199083793	0.227864583333	0.772135416667	0
2L_0066_3250001_3300000	3250001	3300000	outside	2304	-0.0114689712414	-0.00991747873627	0.165364583333	0.834635416667	0
2L_0067_3300001_3350000	3300001	3350000	outside	2304	-0.00856856240695	-0.00863149735113	0.211371527778	0.788628472222	0
2L_0068_3350001_3400000	3350001	3400000	outside	2304	-0.00646618986038	-0.00654998114646	0.267361111111	0.732638888889	0
2L_0069_3400001_3450000	3400001	3450000	outside	2304	-0.00572455902651	-0.00477791679474	0.300347222222	0.699652777778	0
2L_0070_3450001_3500000	3450001	3500000	outside	2304	-0.0121643586215	-0.0106803880741	0.226128472222	0.773871527778	0
2L_0071_3500001_3550000	3500001	3550000	outside	2304	-0.030566421652	-0.029493537997	0.0447048611111	0.955295138889	0
2L_0072_3550001_3600000	3550001	3600000	outside	2304	-0.00863726776555	-0.00835897143022	0.268663194444	0.731336805556	0
2L_0073_3600001_3650000	3600001	3650000	outside	2304	-0.00966734573849	-0.00945141968807	0.0924479166667	0.907552083333	0
2L_0074_3650001_3700000	3650001	3700000	outside	2304	-0.0128212095612	-0.0124187916837	0.09765625	0.90234375	0
2L_0075_3700001_3750000	3700001	3750000	outside	2304	-0.0067701363836	-0.00678807649706	0.267795138889	0.732204861111	0
2L_0076_3750001_3800000	3750001	3800000	outside	2304	-0.00608736134222	-0.00597420690804	0.248263888889	0.751736111111	0
2L_0077_3800001_3850000	3800001	3850000	outside	2304	-0.00479603325818	-0.00444542692486	0.315538194444	0.684461805556	0
2L_0078_3850001_3900000	3850001	3900000	outside	2304	-0.00202426837615	-0.00226505824994	0.370225694444	0.629774305556	0
2L_0079_3900001_3950000	3900001	3950000	outside	2304	-0.00306738402289	-0.00290774660957	0.260416666667	0.739583333333	0
2L_0080_3950001_4000000	3950001	4000000	outside	2304	-0.00684778658229	-0.00743235902167	0.185763888889	0.814236111111	0
2L_0081_4000001_4050000	4000001	4050000	outside	2304	-0.0205880637873	-0.0216268555696	0.1484375	0.8515625	0
2L_0082_4050001_4100000	4050001	4100000	outside	2304	-0.0419109933473	-0.0408224103772	0.0941840277778	0.905815972222	0
2L_0083_4100001_4150000	4100001	4150000	outside	2304	-0.0927201811403	-0.0978400053111	0.00954861111111	0.990451388889	0
2L_0084_4150001_4200000	4150001	4200000	outside	2304	-0.0346881419982	-0.0356902009753	0.0985243055556	0.901475694444	0
2L_0085_4200001_4250000	4200001	4250000	outside	2304	-0.0258836009025	-0.0261730408536	0.138020833333	0.861979166667	0
2L_0086_4250001_4300000	4250001	4300000	outside	2304	-0.0422086562407	-0.039955231635	0.08203125	0.91796875	0
2L_0087_4300001_4350000	4300001	4350000	outside	2304	-0.0214151475072	-0.0204538884619	0.0789930555556	0.921006944444	0
2L_0088_4350001_4400000	4350001	4400000	outside	2304	-0.0153105494137	-0.0146003078015	0.138454861111	0.861545138889	0
2L_0089_4400001_4450000	4400001	4450000	outside	2304	-0.0121932182092	-0.0123092486954	0.0846354166667	0.915364583333	0
2L_0090_4450001_4500000	4450001	4500000	outside	2304	-0.0121917389909	-0.0116467358918	0.0850694444444	0.914930555556	0
2L_0091_4500001_4550000	4500001	4550000	outside	2304	-0.0107128979095	-0.010029660982	0.185763888889	0.814236111111	0
2L_0092_4550001_4600000	4550001	4600000	outside	2304	-0.0112783206193	-0.0115226667588	0.200520833333	0.799479166667	0
2L_0093_4600001_4650000	4600001	4650000	outside	2304	0.000408095970152	0.00137759837439	0.537760416667	0.462239583333	0
2L_0094_4650001_4700000	4650001	4700000	outside	2304	-0.00408560588351	-0.00291129553069	0.386284722222	0.613715277778	0
2L_0095_4700001_4750000	4700001	4750000	outside	2304	-0.0269048290975	-0.0251595706647	0.0399305555556	0.960069444444	0
2L_0096_4750001_4800000	4750001	4800000	outside	2304	-0.0120282570975	-0.0105021180122	0.145833333333	0.854166666667	0
2L_0097_4800001_4850000	4800001	4850000	outside	2304	-0.0117338087605	-0.0104938872915	0.143663194444	0.856336805556	0
2L_0098_4850001_4900000	4850001	4900000	outside	2304	-0.0367809103068	-0.0369153078609	0.0217013888889	0.978298611111	0
2L_0099_4900001_4950000	4900001	4950000	outside	2304	-0.00926247629764	-0.00964188506306	0.176215277778	0.823784722222	0
2L_0100_4950001_5000000	4950001	5000000	outside	2304	-0.00257367361818	-0.00254318098724	0.378038194444	0.621961805556	0
2L_0101_5000001_5050000	5000001	5050000	outside	2304	-0.00439971548816	-0.00437083734889	0.310763888889	0.689236111111	0
2L_0102_5050001_5100000	5050001	5100000	outside	2304	-0.0356610781496	-0.039054030212	0.0863715277778	0.913628472222	0
2L_0103_5100001_5150000	5100001	5150000	outside	0	nan	nan	nan	nan	nan
2L_0104_5150001_5200000	5150001	5200000	outside	0	nan	nan	nan	nan	nan
2L_0105_5200001_5250000	5200001	5250000	outside	2304	-0.0656089263985	-0.0670551576922	0.00564236111111	0.994357638889	0
2L_0106_5250001_5300000	5250001	5300000	outside	2304	-0.0384995817122	-0.0369797158695	0.0160590277778	0.983940972222	0
2L_0107_5300001_5350000	5300001	5350000	outside	2304	-0.0254605282343	-0.0256629463309	0.0633680555556	0.936631944444	0
2L_0108_5350001_5400000	5350001	5400000	outside	0	nan	nan	nan	nan	nan
2L_0109_5400001_5450000	5400001	5450000	outside	2304	-0.0340688477471	-0.0327265599039	0.0698784722222	0.930121527778	0
2L_0110_5450001_5500000	5450001	5500000	outside	2304	-0.048945169733	-0.0453727035601	0.106770833333	0.893229166667	0
2L_0111_5500001_5550000	5500001	5550000	outside	2304	-0.04635227085	-0.0517757385818	0.0481770833333	0.951822916667	0
2L_0112_5550001_5600000	5550001	5600000	outside	2304	-0.0160966283127	-0.0161333238256	0.203559027778	0.796440972222	0
2L_0113_5600001_5650000	5600001	5650000	outside	2304	-0.0341091909297	-0.0341466753785	0.0364583333333	0.963541666667	0
2L_0114_5650001_5700000	5650001	5700000	outside	2304	-0.0688068127817	-0.0752017453828	0.0768229166667	0.923177083333	0
2L_0115_5700001_5750000	5700001	5750000	outside	2304	-0.0566382986302	-0.0587460730634	0.0516493055556	0.948350694444	0
2L_0116_5750001_5800000	5750001	5800000	outside	2304	-0.0314336359073	-0.0364555367861	0.245225694444	0.754774305556	0
2L_0117_5800001_5850000	5800001	5850000	outside	2304	-0.0352238183598	-0.0377578140124	0.0655381944444	0.934461805556	0
2L_0118_5850001_5900000	5850001	5900000	outside	2304	-0.0454473812953	-0.0469648119015	0.177517361111	0.822482638889	0
2L_0119_5900001_5950000	5900001	5950000	outside	2304	-0.0148006512061	-0.0168810131893	0.26171875	0.73828125	0
2L_0120_5950001_6000000	5950001	6000000	outside	2304	-0.0343917063518	-0.0331221242578	0.135416666667	0.864583333333	0
2L_0121_6000001_6050000	6000001	6050000	outside	2304	-0.0276084830593	-0.0275721909501	0.101996527778	0.898003472222	0
2L_0122_6050001_6100000	6050001	6100000	outside	2304	-0.0413635007744	-0.0451755184859	0.09765625	0.90234375	0
2L_0123_6100001_6150000	6100001	6150000	outside	2304	-0.0209151562674	-0.0207657997937	0.0381944444444	0.961805555556	0
2L_0124_6150001_6200000	6150001	6200000	outside	2304	-0.0114816615137	-0.0117355631863	0.145399305556	0.854600694444	0
2L_0125_6200001_6250000	6200001	6250000	outside	2304	-0.00936477762634	-0.0102003933734	0.138454861111	0.861545138889	0
2L_0126_6250001_6300000	6250001	6300000	outside	2304	-0.0412804859738	-0.0432253345529	0.0269097222222	0.973090277778	0
2L_0127_6300001_6350000	6300001	6350000	outside	2304	-0.00928998896804	-0.00808261365247	0.254340277778	0.745659722222	0
2L_0128_6350001_6400000	6350001	6400000	outside	2304	-0.0296851724827	-0.0318635621938	0.0377604166667	0.962239583333	0
2L_0129_6400001_6450000	6400001	6450000	outside	2304	-0.0476063422011	-0.0493710768167	0.0438368055556	0.956163194444	0
2L_0130_6450001_6500000	6450001	6500000	outside	2304	-0.0227882346061	-0.0243039933643	0.0859375	0.9140625	0
2L_0131_6500001_6550000	6500001	6550000	outside	2304	-0.0124136885285	-0.0136691076388	0.237413194444	0.762586805556	0
2L_0132_6550001_6600000	6550001	6600000	outside	2304	-0.0297142020715	-0.0319234257074	0.118055555556	0.881944444444	0
2L_0133_6600001_6650000	6600001	6650000	outside	2304	-0.0221859459126	-0.0217785065459	0.129774305556	0.870225694444	0
2L_0134_6650001_6700000	6650001	6700000	outside	2304	-0.0441567818571	-0.0500884194212	0.0572916666667	0.942708333333	0
2L_0135_6700001_6750000	6700001	6750000	outside	2304	-0.0311317049162	-0.03545372987	0.0833333333333	0.916666666667	0
2L_0136_6750001_6800000	6750001	6800000	outside	2304	-0.0250879944348	-0.0248991747781	0.0915798611111	0.908420138889	0
2L_0137_6800001_6850000	6800001	6850000	outside	2304	-0.0310191739641	-0.0364492741618	0.113715277778	0.886284722222	0
2L_0138_6850001_6900000	6850001	6900000	outside	2304	-0.0184136138694	-0.0185506416693	0.223958333333	0.776041666667	0
2L_0139_6900001_6950000	6900001	6950000	outside	2304	-0.0103366288705	-0.00903451641433	0.266059027778	0.733940972222	0
2L_0140_6950001_7000000	6950001	7000000	outside	2304	-0.0182446400683	-0.0182243754672	0.155815972222	0.844184027778	0
2L_0141_7000001_7050000	7000001	7050000	outside	2304	-0.0265043493754	-0.029873204257	0.18359375	0.81640625	0
2L_0142_7050001_7100000	7050001	7100000	outside	2304	-0.0294138299632	-0.0299195966697	0.116319444444	0.883680555556	0
2L_0143_7100001_7150000	7100001	7150000	outside	2304	-0.0141989638173	-0.0144560439488	0.216579861111	0.783420138889	0
2L_0144_7150001_7200000	7150001	7200000	outside	2304	-0.00865266008536	-0.00831795478635	0.229166666667	0.770833333333	0
2L_0145_7200001_7250000	7200001	7250000	outside	2304	-0.014643622037	-0.0137214724545	0.192274305556	0.807725694444	0
2L_0146_7250001_7300000	7250001	7300000	outside	2304	-0.0191126915744	-0.0172958734162	0.108072916667	0.891927083333	0
2L_0147_7300001_7350000	7300001	7350000	outside	2304	-0.0147674907406	-0.0141388164026	0.0850694444444	0.914930555556	0
2L_0148_7350001_7400000	7350001	7400000	outside	2304	-0.0150910252888	-0.0135460465699	0.146267361111	0.853732638889	0
2L_0149_7400001_7450000	7400001	7450000	outside	2304	-0.0128196606296	-0.0128543033377	0.202256944444	0.797743055556	0
2L_0150_7450001_7500000	7450001	7500000	outside	2304	-0.00809430872521	-0.00800712146973	0.237413194444	0.762586805556	0
2L_0151_7500001_7550000	7500001	7550000	outside	2304	-0.00582753968874	-0.00520931619817	0.268229166667	0.731770833333	0
2L_0152_7550001_7600000	7550001	7600000	outside	2304	-0.00833150773938	-0.00725512890187	0.200954861111	0.799045138889	0
2L_0153_7600001_7650000	7600001	7650000	outside	2304	-0.0119889728757	-0.0111073601805	0.120225694444	0.879774305556	0
2L_0154_7650001_7700000	7650001	7700000	outside	2304	-0.0155718518005	-0.0153220552888	0.111111111111	0.888888888889	0
2L_0155_7700001_7750000	7700001	7750000	outside	2304	-0.00782196423316	-0.00991305952308	0.353732638889	0.646267361111	0
2L_0156_7750001_7800000	7750001	7800000	outside	2304	-0.0158935908068	-0.0147590247858	0.118923611111	0.881076388889	0
2L_0157_7800001_7850000	7800001	7850000	outside	2304	-0.00764963852542	-0.00725731288474	0.201388888889	0.798611111111	0
2L_0158_7850001_7900000	7850001	7900000	outside	2304	-0.0224867527399	-0.0218972122111	0.103298611111	0.896701388889	0
2L_0159_7900001_7950000	7900001	7950000	outside	2304	-0.0126274915403	-0.0135924012976	0.223090277778	0.776909722222	0
2L_0160_7950001_8000000	7950001	8000000	outside	2304	-0.0114498125175	-0.0110874276851	0.152777777778	0.847222222222	0
2L_0161_8000001_8050000	8000001	8050000	outside	2304	-0.00567102524645	-0.00634843170373	0.319878472222	0.680121527778	0
2L_0162_8050001_8100000	8050001	8100000	outside	2304	-0.0129480021238	-0.0125225822004	0.137152777778	0.862847222222	0
2L_0163_8100001_8150000	8100001	8150000	outside	2304	-0.010609635547	-0.00987842798932	0.212673611111	0.787326388889	0
2L_0164_8150001_8200000	8150001	8200000	outside	2304	-0.00545818251488	-0.0054291971477	0.399739583333	0.600260416667	0
2L_0165_8200001_8250000	8200001	8250000	outside	2304	-0.00326050421177	-0.00353325570278	0.384982638889	0.615017361111	0
2L_0166_8250001_8300000	8250001	8300000	outside	2304	-0.00463633941916	-0.00565738714105	0.353298611111	0.646701388889	0
2L_0167_8300001_8350000	8300001	8350000	outside	2304	-0.0053280025638	-0.00542361794059	0.260850694444	0.739149305556	0
2L_0168_8350001_8400000	8350001	8400000	outside	2304	-0.00778118495255	-0.00726179471284	0.267795138889	0.732204861111	0
2L_0169_8400001_8450000	8400001	8450000	outside	2304	-0.00930082104329	-0.00962897270367	0.284722222222	0.715277777778	0
2L_0170_8450001_8500000	8450001	8500000	outside	2304	-0.0122028512566	-0.0140367336428	0.210069444444	0.789930555556	0
2L_0171_8500001_8550000	8500001	8550000	outside	0	nan	nan	nan	nan	nan
2L_0172_8550001_8600000	8550001	8600000	outside	2304	-0.00957603921908	-0.00809019374772	0.233506944444	0.766493055556	0
2L_0173_8600001_8650000	8600001	8650000	outside	2304	-0.00575818183574	-0.00575677071173	0.193576388889	0.806423611111	0
2L_0174_8650001_8700000	8650001	8700000	outside	2304	-0.00729297652389	-0.00694741633272	0.194444444444	0.805555555556	0
2L_0175_8700001_8750000	8700001	8750000	outside	2304	-0.0111237981124	-0.0107719927049	0.148003472222	0.851996527778	0
2L_0176_8750001_8800000	8750001	8800000	outside	2304	-0.0143619698599	-0.0142310606792	0.0798611111111	0.920138888889	0
2L_0177_8800001_8850000	8800001	8850000	outside	2304	-0.016220422575	-0.0155099789754	0.108940972222	0.891059027778	0
2L_0178_8850001_8900000	8850001	8900000	outside	2304	-0.0183242699236	-0.0177493730303	0.0238715277778	0.976128472222	0
2L_0179_8900001_8950000	8900001	8950000	outside	2304	-0.012640067431	-0.0118553579257	0.159288194444	0.840711805556	0
2L_0180_8950001_9000000	8950001	9000000	outside	2304	-0.0203154991814	-0.0195878992034	0.0542534722222	0.945746527778	0
2L_0181_9000001_9050000	9000001	9050000	outside	2304	-0.014900631559	-0.0139051549311	0.0594618055556	0.940538194444	0
2L_0182_9050001_9100000	9050001	9100000	outside	2304	-0.0096840251315	-0.00924643174782	0.180555555556	0.819444444444	0
2L_0183_9100001_9150000	9100001	9150000	outside	2304	-0.0138817882284	-0.0136265875283	0.200954861111	0.799045138889	0
2L_0184_9150001_9200000	9150001	9200000	outside	2304	-0.0145795806696	-0.0151487623491	0.110677083333	0.889322916667	0
2L_0185_9200001_9250000	9200001	9250000	outside	2304	-0.0283663169734	-0.0282023514414	0.02734375	0.97265625	0
2L_0186_9250001_9300000	9250001	9300000	outside	2304	-0.0401313359308	-0.0451909779993	0.125868055556	0.874131944444	0
2L_0187_9300001_9350000	9300001	9350000	outside	2304	-0.0663837554795	-0.063284689687	0.00303819444444	0.996961805556	0
2L_0188_9350001_9400000	9350001	9400000	outside	2304	-0.05805740351	-0.0586166747258	0	1	0
2L_0189_9400001_9450000	9400001	9450000	outside	2304	-0.104540093949	-0.105665368918	0	1	0
2L_0190_9450001_9500000	9450001	9500000	outside	2304	-0.0371911114053	-0.0392660078357	0.0199652777778	0.980034722222	0
2L_0191_9500001_9550000	9500001	9550000	outside	2304	-0.0698131166245	-0.0731658571818	0	1	0
2L_0192_9550001_9600000	9550001	9600000	outside	2304	-0.125052826891	-0.131960177787	0	1	0
2L_0193_9600001_9650000	9600001	9650000	outside	2304	-0.0472725616384	-0.0476665956334	0.00477430555556	0.995225694444	0
2L_0194_9650001_9700000	9650001	9700000	outside	2304	-0.022419584826	-0.0229584184919	0.03515625	0.96484375	0
2L_0195_9700001_9750000	9700001	9750000	outside	2304	-0.0183403865376	-0.0193079011089	0.108940972222	0.891059027778	0
2L_0196_9750001_9800000	9750001	9800000	outside	2304	-0.0435677809091	-0.0425861701351	0.00998263888889	0.990017361111	0
2L_0197_9800001_9850000	9800001	9850000	outside	2304	-0.0330671034185	-0.029636778152	0.0386284722222	0.961371527778	0
2L_0198_9850001_9900000	9850001	9900000	outside	2304	-0.0259185024009	-0.0259236463452	0.000434027777778	0.999565972222	0
2L_0199_9900001_9950000	9900001	9950000	outside	2304	-0.029410686506	-0.03028585701	0.0238715277778	0.976128472222	0
2L_0200_9950001_10000000	9950001	10000000	outside	2304	-0.0157974762198	-0.0163697538855	0.115885416667	0.884114583333	0
2L_0201_10000001_10050000	10000001	10050000	outside	2304	-0.0134090952604	-0.0139424495541	0.170138888889	0.829861111111	0
2L_0202_10050001_10100000	10050001	10100000	outside	2304	-0.0144209112053	-0.0146863300952	0.172743055556	0.827256944444	0
2L_0203_10100001_10150000	10100001	10150000	outside	2304	-0.0087023989977	-0.00948588108553	0.192274305556	0.807725694444	0
2L_0204_10150001_10200000	10150001	10200000	outside	2304	-0.00976348392194	-0.00945875870293	0.170138888889	0.829861111111	0
2L_0205_10200001_10250000	10200001	10250000	outside	2304	-0.0153460681225	-0.0150255942469	0.0533854166667	0.946614583333	0
2L_0206_10250001_10300000	10250001	10300000	outside	2304	-0.0138522302122	-0.0135448253751	0.0303819444444	0.969618055556	0
2L_0207_10300001_10350000	10300001	10350000	outside	2304	-0.0079285462889	-0.00756310007371	0.219184027778	0.780815972222	0
2L_0208_10350001_10400000	10350001	10400000	outside	2304	-0.0235556766987	-0.0220294343189	0.0138888888889	0.986111111111	0
2L_0209_10400001_10450000	10400001	10450000	outside	2304	-0.0150895172699	-0.0145807350485	0.0546875	0.9453125	0
2L_0210_10450001_10500000	10450001	10500000	outside	2304	-0.0224383095572	-0.0228735022803	0.0112847222222	0.988715277778	0
2L_0211_10500001_10550000	10500001	10550000	outside	2304	-0.0168374119611	-0.0178009804155	0.0894097222222	0.910590277778	0
2L_0212_10550001_10600000	10550001	10600000	outside	2304	-0.0116268803898	-0.0111113717841	0.178819444444	0.821180555556	0
2L_0213_10600001_10650000	10600001	10650000	outside	2304	-0.0125614334279	-0.0127765502891	0.141059027778	0.858940972222	0
2L_0214_10650001_10700000	10650001	10700000	outside	2304	-0.0115637460928	-0.0114942842163	0.14453125	0.85546875	0
2L_0215_10700001_10750000	10700001	10750000	outside	2304	-0.02300397549	-0.0228238898019	0.0078125	0.9921875	0
2L_0216_10750001_10800000	10750001	10800000	outside	2304	-0.0150617236391	-0.0143763445651	0.0707465277778	0.929253472222	0
2L_0217_10800001_10850000	10800001	10850000	outside	2304	-0.0265361972287	-0.0268710455783	0.00868055555556	0.991319444444	0
2L_0218_10850001_10900000	10850001	10900000	outside	2304	-0.0207803567666	-0.0203748464584	0.0130208333333	0.986979166667	0
2L_0219_10900001_10950000	10900001	10950000	outside	2304	-0.0430779882734	-0.0426388764246	0	1	0
2L_0220_10950001_11000000	10950001	11000000	outside	2304	-0.0917233554735	-0.0934617739755	0	1	0
2L_0221_11000001_11050000	11000001	11050000	outside	2304	-0.040746581042	-0.0419966731888	0.00651041666667	0.993489583333	0
2L_0222_11050001_11100000	11050001	11100000	outside	2304	-0.045819057602	-0.0452591142888	0	1	0
2L_0223_11100001_11150000	11100001	11150000	outside	2304	-0.0785931383226	-0.0771194422381	0	1	0
2L_0224_11150001_11200000	11150001	11200000	outside	2304	-0.0639913255747	-0.065161597026	0	1	0
2L_0225_11200001_11250000	11200001	11250000	outside	2304	-0.0665546255282	-0.0669142053438	0	1	0
2L_0226_11250001_11300000	11250001	11300000	outside	2304	-0.0896064970446	-0.091006875506	0	1	0
2L_0227_11300001_11350000	11300001	11350000	outside	2304	-0.0428861780202	-0.043429439554	0.00217013888889	0.997829861111	0
2L_0228_11350001_11400000	11350001	11400000	outside	2304	-0.0389728143491	-0.0391664141519	0	1	0
2L_0229_11400001_11450000	11400001	11450000	outside	2304	-0.0510589331679	-0.0508188881536	0	1	0
2L_0230_11450001_11500000	11450001	11500000	outside	2304	-0.0904657154454	-0.0934727136324	0	1	0
2L_0231_11500001_11550000	11500001	11550000	outside	2304	-0.137176426218	-0.138801645132	0	1	0
2L_0232_11550001_11600000	11550001	11600000	outside	2304	-0.0965424769641	-0.0946252107768	0	1	0
2L_0233_11600001_11650000	11600001	11650000	outside	2304	-0.0900399834874	-0.0934300312321	0	1	0
2L_0234_11650001_11700000	11650001	11700000	outside	2304	-0.0629086779924	-0.065834168228	0	1	0
2L_0235_11700001_11750000	11700001	11750000	outside	2304	-0.0353664565088	-0.033477116719	0	1	0
2L_0236_11750001_11800000	11750001	11800000	outside	2304	-0.0687345257651	-0.068432152779	0	1	0
2L_0237_11800001_11850000	11800001	11850000	outside	2304	-0.0657410768103	-0.065403827341	0	1	0
2L_0238_11850001_11900000	11850001	11900000	outside	2304	-0.0503519643852	-0.0503945403055	0	1	0
2L_0239_11900001_11950000	11900001	11950000	outside	2304	-0.0257252949528	-0.0264111541911	0	1	0
2L_0240_11950001_12000000	11950001	12000000	outside	2304	-0.0302145211127	-0.0300270166098	0.0234375	0.9765625	0
2L_0241_12000001_12050000	12000001	12050000	outside	2304	-0.0472976094582	-0.047334485441	0	1	0
2L_0242_12050001_12100000	12050001	12100000	outside	2304	-0.0355869426819	-0.0344524740332	0.00260416666667	0.997395833333	0
2L_0243_12100001_12150000	12100001	12150000	outside	2304	-0.0226486800851	-0.022087198022	0.00130208333333	0.998697916667	0
2L_0244_12150001_12200000	12150001	12200000	outside	2304	-0.0460460510471	-0.0471477814637	0	1	0
2L_0245_12200001_12250000	12200001	12250000	outside	2304	-0.0330945864769	-0.0315905627434	0.01171875	0.98828125	0
2L_0246_12250001_12300000	12250001	12300000	outside	2304	-0.0272871083402	-0.0272227589551	0.00173611111111	0.998263888889	0
2L_0247_12300001_12350000	12300001	12350000	outside	2304	-0.0291718419303	-0.0294330915579	0.0208333333333	0.979166666667	0
2L_0248_12350001_12400000	12350001	12400000	outside	2304	-0.0195678693914	-0.019260478313	0.0182291666667	0.981770833333	0
2L_0249_12400001_12450000	12400001	12450000	outside	2304	-0.0284027898509	-0.0275442709014	0.0347222222222	0.965277777778	0
2L_0250_12450001_12500000	12450001	12500000	outside	2304	-0.0472566161671	-0.0473528094712	0.00347222222222	0.996527777778	0
2L_0251_12500001_12550000	12500001	12550000	outside	2304	-0.0137172202851	-0.0140204386698	0.150607638889	0.849392361111	0
2L_0252_12550001_12600000	12550001	12600000	outside	2304	-0.0230047567475	-0.0220455284778	0.0368923611111	0.963107638889	0
2L_0253_12600001_12650000	12600001	12650000	outside	2304	-0.0105142018467	-0.0103702468591	0.152777777778	0.847222222222	0
2L_0254_12650001_12700000	12650001	12700000	outside	2304	-0.00985135734948	-0.010072809198	0.165364583333	0.834635416667	0
2L_0255_12700001_12750000	12700001	12750000	outside	2304	-0.0211982518254	-0.0208779031896	0.00824652777778	0.991753472222	0
2L_0256_12750001_12800000	12750001	12800000	outside	2304	-0.0126754783954	-0.0125583177498	0.0581597222222	0.941840277778	0
2L_0257_12800001_12850000	12800001	12850000	outside	2304	-0.0142297759938	-0.0146248021991	0.0503472222222	0.949652777778	0
2L_0258_12850001_12900000	12850001	12900000	outside	2304	-0.0171386818337	-0.0164265820587	0.0125868055556	0.987413194444	0
2L_0259_12900001_12950000	12900001	12950000	outside	2304	-0.0165535558864	-0.0168415238715	0.0108506944444	0.989149305556	0
2L_0260_12950001_13000000	12950001	13000000	outside	2304	-0.0322839154917	-0.0318595763727	0.00347222222222	0.996527777778	0
2L_0261_13000001_13050000	13000001	13050000	outside	2304	-0.0294655473328	-0.0294303296959	0.0321180555556	0.967881944444	0
2L_0262_13050001_13100000	13050001	13100000	outside	2304	-0.0289757781174	-0.0286809520624	0.00911458333333	0.990885416667	0
2L_0263_13100001_13150000	13100001	13150000	outside	2304	-0.0253820366624	-0.0252367180745	0.0269097222222	0.973090277778	0
2L_0264_13150001_13200000	13150001	13200000	outside	2304	-0.0382102860806	-0.038309807869	0.00868055555556	0.991319444444	0
2L_0265_13200001_13250000	13200001	13250000	outside	2304	-0.0324328660625	-0.0317009932388	0	1	0
2L_0266_13250001_13300000	13250001	13300000	outside	2304	-0.0293877379339	-0.029989385863	0.0230034722222	0.976996527778	0
2L_0267_13300001_13350000	13300001	13350000	outside	2304	-0.0138305281321	-0.0139448805069	0.0321180555556	0.967881944444	0
2L_0268_13350001_13400000	13350001	13400000	outside	2304	-0.0111895942466	-0.011305692204	0.127604166667	0.872395833333	0
2L_0269_13400001_13450000	13400001	13450000	outside	2304	-0.00785455698766	-0.00736773764301	0.21875	0.78125	0
2L_0270_13450001_13500000	13450001	13500000	outside	2304	-0.00637533213292	-0.00597263777065	0.2734375	0.7265625	0
2L_0271_13500001_13550000	13500001	13550000	outside	2304	-0.00704109849568	-0.00714105565261	0.236979166667	0.763020833333	0
2L_0272_13550001_13600000	13550001	13600000	outside	2304	-0.0125370146734	-0.0122560783192	0.108072916667	0.891927083333	0
2L_0273_13600001_13650000	13600001	13650000	outside	2304	-0.00658128234792	-0.00619102263508	0.224392361111	0.775607638889	0
2L_0274_13650001_13700000	13650001	13700000	outside	2304	-0.00832046628892	-0.00808142755893	0.171440972222	0.828559027778	0
2L_0275_13700001_13750000	13700001	13750000	outside	2304	-0.0125861627267	-0.0122749382639	0.0651041666667	0.934895833333	0
2L_0276_13750001_13800000	13750001	13800000	outside	2304	-0.011627493912	-0.0115856762046	0.181857638889	0.818142361111	0
2L_0277_13800001_13850000	13800001	13850000	outside	2304	-0.0146619797682	-0.0149608263627	0.09375	0.90625	0
2L_0278_13850001_13900000	13850001	13900000	outside	2304	-0.0261635060271	-0.0247266258494	0.0230034722222	0.976996527778	0
2L_0279_13900001_13950000	13900001	13950000	outside	2304	-0.0104281379962	-0.00998665960933	0.114583333333	0.885416666667	0
2L_0280_13950001_14000000	13950001	14000000	outside	2304	-0.0205406249847	-0.020868612228	0.0625	0.9375	0
2L_0281_14000001_14050000	14000001	14050000	outside	2304	-0.0186958531765	-0.0181609547343	0.0772569444444	0.922743055556	0
2L_0282_14050001_14100000	14050001	14100000	outside	2304	-0.00692937390461	-0.00696209410712	0.301215277778	0.698784722222	0
2L_0283_14100001_14150000	14100001	14150000	outside	2304	-0.022093555152	-0.0217733787269	0.0460069444444	0.953993055556	0
2L_0284_14150001_14200000	14150001	14200000	outside	2304	-0.0135801865358	-0.0130434645007	0.0915798611111	0.908420138889	0
2L_0285_14200001_14250000	14200001	14250000	outside	2304	0.0017821597158	0.00192898868466	0.573784722222	0.426215277778	0
2L_0286_14250001_14300000	14250001	14300000	outside	2304	-0.0130334745947	-0.0132812865772	0.196180555556	0.803819444444	0
2L_0287_14300001_14350000	14300001	14350000	outside	2304	-0.0186676141418	-0.018680536214	0.123697916667	0.876302083333	0
2L_0288_14350001_14400000	14350001	14400000	outside	2304	-0.0133715645036	-0.0136167220803	0.1171875	0.8828125	0
2L_0289_14400001_14450000	14400001	14450000	outside	2304	-0.0111606644382	-0.010984573369	0.0946180555556	0.905381944444	0
2L_0290_14450001_14500000	14450001	14500000	outside	2304	-0.0259266893909	-0.0268110861216	0.0308159722222	0.969184027778	0
2L_0291_14500001_14550000	14500001	14550000	outside	2304	-0.0257863501297	-0.0251688183381	0.0342881944444	0.965711805556	0
2L_0292_14550001_14600000	14550001	14600000	outside	2304	-0.0253915964131	-0.0254554279035	0.0303819444444	0.969618055556	0
2L_0293_14600001_14650000	14600001	14650000	outside	2304	-0.0157337659963	-0.0157914676546	0.0160590277778	0.983940972222	0
2L_0294_14650001_14700000	14650001	14700000	outside	2304	-0.000825764926622	-0.000847937309804	0.469184027778	0.530815972222	0
2L_0295_14700001_14750000	14700001	14750000	outside	2304	-0.00758770682674	-0.00736776963452	0.196614583333	0.803385416667	0
2L_0296_14750001_14800000	14750001	14800000	outside	2304	-0.0101253614716	-0.0106633838006	0.188802083333	0.811197916667	0
2L_0297_14800001_14850000	14800001	14850000	outside	2304	-0.0115574173228	-0.0105938563625	0.193142361111	0.806857638889	0
2L_0298_14850001_14900000	14850001	14900000	outside	2304	-0.0118263645027	-0.0116636158495	0.119357638889	0.880642361111	0
2L_0299_14900001_14950000	14900001	14950000	outside	2304	-0.0090838556065	-0.00868185190599	0.230034722222	0.769965277778	0
2L_0300_14950001_15000000	14950001	15000000	outside	2304	-0.0061686777987	-0.00678888957836	0.396701388889	0.603298611111	0
2L_0301_15000001_15050000	15000001	15050000	outside	2304	-0.00663268429469	-0.00718966691927	0.246961805556	0.753038194444	0
2L_0302_15050001_15100000	15050001	15100000	outside	2304	-0.0101581255961	-0.00999886215498	0.171440972222	0.828559027778	0
2L_0303_15100001_15150000	15100001	15150000	outside	2304	-0.0083020956813	-0.0084246543422	0.176649305556	0.823350694444	0
2L_0304_15150001_15200000	15150001	15200000	outside	2304	-0.0115229542281	-0.0114309005719	0.131510416667	0.868489583333	0
2L_0305_15200001_15250000	15200001	15250000	outside	2304	-0.00629539764156	-0.00596069220737	0.245225694444	0.754774305556	0
2L_0306_15250001_15300000	15250001	15300000	outside	2304	-0.0138527088471	-0.0135329000938	0.150173611111	0.849826388889	0
2L_0307_15300001_15350000	15300001	15350000	outside	2304	-0.00459238938418	-0.00457874714706	0.302083333333	0.697916666667	0
2L_0308_15350001_15400000	15350001	15400000	outside	2304	-0.0206321030793	-0.0206719760779	0.00737847222222	0.992621527778	0
2L_0309_15400001_15450000	15400001	15450000	outside	2304	-0.00961365960158	-0.00935763865385	0.127604166667	0.872395833333	0
2L_0310_15450001_15500000	15450001	15500000	outside	2304	-0.0189031524929	-0.0182389193913	0.0759548611111	0.924045138889	0
2L_0311_15500001_15550000	15500001	15550000	outside	2304	-0.00404106465237	-0.00497066366442	0.341579861111	0.658420138889	0
2L_0312_15550001_15600000	15550001	15600000	outside	2304	-0.024278808334	-0.0236296439282	0.00998263888889	0.990017361111	0
2L_0313_15600001_15650000	15600001	15650000	outside	2304	-0.0263237285403	-0.0259618440985	0	1	0
2L_0314_15650001_15700000	15650001	15700000	outside	2304	-0.0181244678453	-0.017898716763	0.0455729166667	0.954427083333	0
2L_0315_15700001_15750000	15700001	15750000	outside	2304	-0.0178164592928	-0.0177732514186	0.152777777778	0.847222222222	0
2L_0316_15750001_15800000	15750001	15800000	outside	2304	-0.030851187927	-0.0303187574723	0.0112847222222	0.988715277778	0
2L_0317_15800001_15850000	15800001	15850000	outside	2304	-0.032442186833	-0.0363152914774	0.09765625	0.90234375	0
2L_0318_15850001_15900000	15850001	15900000	outside	2304	-0.0261443113587	-0.0290611510531	0.171440972222	0.828559027778	0
2L_0319_15900001_15950000	15900001	15950000	outside	2304	-0.0305328808637	-0.0290512384434	0.000868055555556	0.999131944444	0
2L_0320_15950001_16000000	15950001	16000000	outside	2304	-0.0172339055796	-0.0172318760484	0.0794270833333	0.920572916667	0
2L_0321_16000001_16050000	16000001	16050000	outside	2304	-0.01030388547	-0.010275029016	0.122829861111	0.877170138889	0
2L_0322_16050001_16100000	16050001	16100000	outside	2304	-0.00664429168582	-0.0071364732968	0.280381944444	0.719618055556	0
2L_0323_16100001_16150000	16100001	16150000	outside	2304	-0.0174823667185	-0.0173741403693	0.0868055555556	0.913194444444	0
2L_0324_16150001_16200000	16150001	16200000	outside	2304	-0.0393886272196	-0.039646448355	0.00694444444444	0.993055555556	0
2L_0325_16200001_16250000	16200001	16250000	outside	2304	-0.0165846571117	-0.0160310698608	0.0763888888889	0.923611111111	0
2L_0326_16250001_16300000	16250001	16300000	outside	2304	-0.0254979116164	-0.0255546103923	0.0182291666667	0.981770833333	0
2L_0327_16300001_16350000	16300001	16350000	outside	2304	-0.0191121220771	-0.0192439195089	0.0121527777778	0.987847222222	0
2L_0328_16350001_16400000	16350001	16400000	outside	2304	-0.00840885186839	-0.00835666469626	0.122829861111	0.877170138889	0
2L_0329_16400001_16450000	16400001	16450000	outside	2304	-0.00799502079791	-0.00781443814969	0.148003472222	0.851996527778	0
2L_0330_16450001_16500000	16450001	16500000	outside	2304	-0.0135477728058	-0.0135857765634	0.0772569444444	0.922743055556	0
2L_0331_16500001_16550000	16500001	16550000	outside	2304	-0.0287747251272	-0.0286975369333	0.00260416666667	0.997395833333	0
2L_0332_16550001_16600000	16550001	16600000	outside	2304	-0.014579270776	-0.0140202497576	0.0850694444444	0.914930555556	0
2L_0333_16600001_16650000	16600001	16650000	outside	2304	-0.016238495738	-0.01665621271	0.0902777777778	0.909722222222	0
2L_0334_16650001_16700000	16650001	16700000	outside	2304	-0.0154406516535	-0.0148437771507	0.02734375	0.97265625	0
2L_0335_16700001_16750000	16700001	16750000	outside	2304	-0.042662635899	-0.0428835637025	0.00173611111111	0.998263888889	0
2L_0336_16750001_16800000	16750001	16800000	outside	2304	-0.0263198870247	-0.0263001106002	0	1	0
2L_0337_16800001_16850000	16800001	16850000	outside	2304	-0.0203450068658	-0.020059574778	0.0104166666667	0.989583333333	0
2L_0338_16850001_16900000	16850001	16900000	outside	2304	-0.00844173912561	-0.00859355637153	0.131076388889	0.868923611111	0
2L_0339_16900001_16950000	16900001	16950000	outside	2304	-0.00655101163228	-0.0067615922479	0.14453125	0.85546875	0
2L_0340_16950001_17000000	16950001	17000000	outside	2304	-0.0102686278961	-0.0098816245364	0.0802951388889	0.919704861111	0
2L_0341_17000001_17050000	17000001	17050000	outside	2304	-0.00791433687098	-0.0078444670744	0.135416666667	0.864583333333	0
2L_0342_17050001_17100000	17050001	17100000	outside	2304	-0.00515994346734	-0.00511382420376	0.3125	0.6875	0
2L_0343_17100001_17150000	17100001	17150000	outside	2304	-0.00596561091562	-0.00609718293999	0.251302083333	0.748697916667	0
2L_0344_17150001_17200000	17150001	17200000	outside	2304	-0.00460868776604	-0.00452223899987	0.295572916667	0.704427083333	0
2L_0345_17200001_17250000	17200001	17250000	outside	2304	-0.0046317806661	-0.00462895678736	0.264322916667	0.735677083333	0
2L_0346_17250001_17300000	17250001	17300000	outside	2304	-0.00767168062634	-0.00712651873537	0.254774305556	0.745225694444	0
2L_0347_17300001_17350000	17300001	17350000	outside	2304	-0.00463277933512	-0.00453798445974	0.323350694444	0.676649305556	0
2L_0348_17350001_17400000	17350001	17400000	outside	2304	-0.00826394321939	-0.00778687861538	0.120659722222	0.879340277778	0
2L_0349_17400001_17450000	17400001	17450000	outside	2304	-0.0172916723339	-0.0168981532996	0.078125	0.921875	0
2L_0350_17450001_17500000	17450001	17500000	outside	2304	-0.00656556615217	-0.00650962203663	0.331597222222	0.668402777778	0
2L_0351_17500001_17550000	17500001	17550000	outside	2304	-0.014829388352	-0.0147036962812	0.0907118055556	0.909288194444	0
2L_0352_17550001_17600000	17550001	17600000	outside	2304	-0.0210964315951	-0.0214780611341	0.0772569444444	0.922743055556	0
2L_0353_17600001_17650000	17600001	17650000	outside	2304	-0.0178122186663	-0.0191385098436	0.08203125	0.91796875	0
2L_0354_17650001_17700000	17650001	17700000	outside	2304	-0.0165665309762	-0.0166358068896	0.0368923611111	0.963107638889	0
2L_0355_17700001_17750000	17700001	17750000	outside	2304	-0.0215198052966	-0.0211071531973	0.0308159722222	0.969184027778	0
2L_0356_17750001_17800000	17750001	17800000	outside	2304	-0.0104775868394	-0.010173510855	0.168836805556	0.831163194444	0
2L_0357_17800001_17850000	17800001	17850000	outside	2304	-0.0113069269532	-0.0113931234275	0.135416666667	0.864583333333	0
2L_0358_17850001_17900000	17850001	17900000	outside	2304	-0.0116302884949	-0.012134283203	0.131076388889	0.868923611111	0
2L_0359_17900001_17950000	17900001	17950000	outside	2304	-0.0107938245876	-0.0105124635947	0.0629340277778	0.937065972222	0
2L_0360_17950001_18000000	17950001	18000000	outside	2304	-0.00156347255946	-0.00162209534207	0.42578125	0.57421875	0
2L_0361_18000001_18050000	18000001	18050000	outside	2304	-0.00200027665024	-0.00214979339971	0.412760416667	0.587239583333	0
2L_0362_18050001_18100000	18050001	18100000	outside	2304	-0.00581750822195	-0.00559069428553	0.302951388889	0.697048611111	0
2L_0363_18100001_18150000	18100001	18150000	outside	2304	-0.0100626985029	-0.0104295328316	0.1484375	0.8515625	0
2L_0364_18150001_18200000	18150001	18200000	outside	2304	-0.0140772056204	-0.0142599847315	0.0703125	0.9296875	0
2L_0365_18200001_18250000	18200001	18250000	outside	2304	-0.0277058219808	-0.0277414441958	0.0151909722222	0.984809027778	0
2L_0366_18250001_18300000	18250001	18300000	outside	2304	-0.0202139372336	-0.0193178886429	0.0447048611111	0.955295138889	0
2L_0367_18300001_18350000	18300001	18350000	outside	2304	-0.00639322152841	-0.00638648964375	0.3046875	0.6953125	0
2L_0368_18350001_18400000	18350001	18400000	outside	2304	-0.00990648831975	-0.0099505766007	0.175347222222	0.824652777778	0
2L_0369_18400001_18450000	18400001	18450000	outside	2304	-0.0247278192139	-0.0247088472545	0.0694444444444	0.930555555556	0
2L_0370_18450001_18500000	18450001	18500000	outside	2304	-0.0187371588137	-0.0179184410699	0.142361111111	0.857638888889	0
2L_0371_18500001_18550000	18500001	18550000	outside	2304	-0.0423679773616	-0.0419257024572	0.0112847222222	0.988715277778	0
2L_0372_18550001_18600000	18550001	18600000	outside	2304	-0.0311871053853	-0.0310035182553	0	1	0
2L_0373_18600001_18650000	18600001	18650000	outside	2304	-0.0316262155753	-0.0313310083903	0.0143229166667	0.985677083333	0
2L_0374_18650001_18700000	18650001	18700000	outside	2304	-0.0123562826372	-0.0122203791698	0.103732638889	0.896267361111	0
2L_0375_18700001_18750000	18700001	18750000	outside	2304	-0.0200807590864	-0.0190135078514	0.0390625	0.9609375	0
2L_0376_18750001_18800000	18750001	18800000	outside	2304	-0.023308002298	-0.0239318134924	0.150607638889	0.849392361111	0
2L_0377_18800001_18850000	18800001	18850000	outside	2304	-0.0266872094635	-0.0268232608223	0.0143229166667	0.985677083333	0
2L_0378_18850001_18900000	18850001	18900000	outside	2304	-0.0473109988077	-0.0443974629455	0.103298611111	0.896701388889	0
2L_0379_18900001_18950000	18900001	18950000	outside	2304	-0.0205930173276	-0.020250069448	0.0455729166667	0.954427083333	0
2L_0380_18950001_19000000	18950001	19000000	outside	2304	-0.0182193691197	-0.0185135794435	0.01953125	0.98046875	0
2L_0381_19000001_19050000	19000001	19050000	outside	2304	-0.0199911453924	-0.0207976469213	0.03125	0.96875	0
2L_0382_19050001_19100000	19050001	19100000	outside	2304	-0.0186819028418	-0.0181567993188	0.0768229166667	0.923177083333	0
2L_0383_19100001_19150000	19100001	19150000	outside	2304	-0.02225635577	-0.0215442779057	0.0399305555556	0.960069444444	0
2L_0384_19150001_19200000	19150001	19200000	outside	2304	-0.0172150324584	-0.0175646751503	0.151041666667	0.848958333333	0
2L_0385_19200001_19250000	19200001	19250000	outside	2304	-0.0154681688681	-0.015867151171	0.133680555556	0.866319444444	0
2L_0386_19250001_19300000	19250001	19300000	outside	2304	-0.0184704570035	-0.017844539175	0.0616319444444	0.938368055556	0
2L_0387_19300001_19350000	19300001	19350000	outside	2304	-0.0220685906779	-0.0295176034405	0.245225694444	0.754774305556	0
2L_0388_19350001_19400000	19350001	19400000	outside	2304	-0.0130565049164	-0.0156838081812	0.295572916667	0.704427083333	0
2L_0389_19400001_19450000	19400001	19450000	outside	2304	-0.0343740055787	-0.0345771296485	0.0173611111111	0.982638888889	0
2L_0390_19450001_19500000	19450001	19500000	outside	2304	-0.0310765832098	-0.0309621476571	0.0078125	0.9921875	0
2L_0391_19500001_19550000	19500001	19550000	outside	2304	-0.0116834903032	-0.0121597856397	0.133680555556	0.866319444444	0
2L_0392_19550001_19600000	19550001	19600000	outside	2304	-0.0169319422035	-0.0167937966085	0.0316840277778	0.968315972222	0
2L_0393_19600001_19650000	19600001	19650000	outside	2304	-0.0192534480725	-0.0186745076581	0.0651041666667	0.934895833333	0
2L_0394_19650001_19700000	19650001	19700000	outside	2304	-0.0244064779204	-0.0233457884622	0.0368923611111	0.963107638889	0
2L_0395_19700001_19750000	19700001	19750000	outside	2304	-0.00936833169176	-0.0087888895521	0.201822916667	0.798177083333	0
2L_0396_19750001_19800000	19750001	19800000	outside	2304	-0.0155315675269	-0.015233043971	0.0950520833333	0.904947916667	0
2L_0397_19800001_19850000	19800001	19850000	outside	2304	-0.0224454400162	-0.0218316205387	0.00651041666667	0.993489583333	0
2L_0398_19850001_19900000	19850001	19900000	outside	2304	-0.036395489044	-0.0357844324175	0.0108506944444	0.989149305556	0
2L_0399_19900001_19950000	19900001	19950000	outside	2304	-0.0156755478795	-0.0150771979514	0.0681423611111	0.931857638889	0
2L_0400_19950001_20000000	19950001	20000000	outside	2304	-0.0103199390444	-0.0101675796283	0.233506944444	0.766493055556	0
2L_0401_20000001_20050000	20000001	20050000	outside	2304	-0.00862230786075	-0.00856000627295	0.2421875	0.7578125	0
2L_0402_20050001_20100000	20050001	20100000	outside	2304	-0.00387304641441	-0.00396587482814	0.321614583333	0.678385416667	0
2L_0403_20100001_20150000	20100001	20150000	outside	2304	-0.00815395053099	-0.00804473851643	0.15234375	0.84765625	0
2L_0404_20150001_20200000	20150001	20200000	outside	2304	-0.00928344977296	-0.0091580327015	0.171875	0.828125	0
2L_0405_20200001_20250000	20200001	20250000	outside	2304	-0.0184527293334	-0.0186002493107	0.05859375	0.94140625	0
2L_0406_20250001_20300000	20250001	20300000	outside	2304	-0.0195236614883	-0.0185596422051	0.02734375	0.97265625	0
2L_0407_20300001_20350000	20300001	20350000	outside	2304	-0.024265810983	-0.0244088147843	0.0078125	0.9921875	0
2L_0408_20350001_20400000	20350001	20400000	outside	2304	-0.0156071233243	-0.0159133138076	0.0685763888889	0.931423611111	0
2L_0409_20400001_20450000	20400001	20450000	outside	2304	-0.0102366694651	-0.0104450881065	0.156684027778	0.843315972222	0
2L_0410_20450001_20500000	20450001	20500000	outside	2304	-0.00881124996255	-0.00850623605958	0.135416666667	0.864583333333	0
2L_0411_20500001_20550000	20500001	20550000	boundary	2304	0.165792145872	0.164583214093	1	0	0
2L_0412_20550001_20600000	20550001	20600000	inside	2304	0.251412411247	0.252926423554	1	0	0
2L_0413_20600001_20650000	20600001	20650000	inside	2304	0.291913199707	0.291026957574	1	0	0
2L_0414_20650001_20700000	20650001	20700000	inside	2304	0.279128432169	0.279042638269	1	0	0
2L_0415_20700001_20750000	20700001	20750000	inside	2304	0.318225736798	0.318376339275	1	0	0
2L_0416_20750001_20800000	20750001	20800000	inside	2304	0.317170780219	0.316820561199	1	0	0
2L_0417_20800001_20850000	20800001	20850000	inside	2304	0.278820210657	0.278759643202	1	0	0
2L_0418_20850001_20900000	20850001	20900000	inside	2304	0.28113771166	0.281592497622	1	0	0
2L_0419_20900001_20950000	20900001	20950000	inside	2304	0.272232566992	0.272738933711	1	0	0
2L_0420_20950001_21000000	20950001	21000000	inside	2304	0.337059243328	0.337060025778	1	0	0
2L_0421_21000001_21050000	21000001	21050000	inside	2304	0.27802732301	0.280966470499	1	0	0
2L_0422_21050001_21100000	21050001	21100000	inside	2304	0.257289890233	0.257404760173	1	0	0
2L_0423_21100001_21150000	21100001	21150000	inside	2304	0.266372395639	0.265994140196	1	0	0
2L_0424_21150001_21200000	21150001	21200000	inside	2304	0.211858023749	0.211421071012	1	0	0
2L_0425_21200001_21250000	21200001	21250000	inside	2304	0.247712404012	0.253828687204	1	0	0
2L_0426_21250001_21300000	21250001	21300000	inside	2304	0.309364818365	0.310506090504	1	0	0
2L_0427_21300001_21350000	21300001	21350000	inside	2304	0.3210744303	0.320890159098	1	0	0
2L_0428_21350001_21400000	21350001	21400000	inside	2304	0.281161447083	0.281403842045	1	0	0
2L_0429_21400001_21450000	21400001	21450000	inside	2304	0.287957651238	0.2884319824	1	0	0
2L_0430_21450001_21500000	21450001	21500000	inside	2304	0.269049334104	0.269077819791	1	0	0
2L_0431_21500001_21550000	21500001	21550000	inside	2304	0.298457123855	0.298925386196	1	0	0
2L_0432_21550001_21600000	21550001	21600000	inside	2304	0.270803285249	0.274286331117	1	0	0
2L_0433_21600001_21650000	21600001	21650000	inside	2304	0.267109081461	0.267337671388	1	0	0
2L_0434_21650001_21700000	21650001	21700000	inside	2304	0.229162841627	0.229235050121	1	0	0
2L_0435_21700001_21750000	21700001	21750000	inside	2304	0.269500440196	0.270586688575	1	0	0
2L_0436_21750001_21800000	21750001	21800000	inside	2304	0.29144589228	0.290153161897	1	0	0
2L_0437_21800001_21850000	21800001	21850000	inside	2304	0.227389453738	0.22758433333	1	0	0
2L_0438_21850001_21900000	21850001	21900000	inside	2304	0.267749068445	0.267716454184	1	0	0
2L_0439_21900001_21950000	21900001	21950000	inside	2304	0.269392252425	0.269732087214	1	0	0
2L_0440_21950001_22000000	21950001	22000000	inside	2304	0.261404893291	0.261141360471	1	0	0
2L_0441_22000001_22050000	22000001	22050000	inside	2304	0.274928468412	0.276034910174	1	0	0
2L_0442_22050001_22100000	22050001	22100000	inside	2304	0.207475233642	0.215584599922	1	0	0
2L_0443_22100001_22150000	22100001	22150000	inside	2304	0.238174128354	0.250604821409	1	0	0
2L_0444_22150001_22200000	22150001	22200000	inside	2304	0.21934822468	0.221342781645	1	0	0
2L_0445_22200001_22250000	22200001	22250000	inside	2304	0.242862928474	0.242620907824	1	0	0
2L_0446_22250001_22300000	22250001	22300000	inside	2304	0.214611858923	0.213709675388	1	0	0
2L_0447_22300001_22350000	22300001	22350000	inside	2304	0.211877071396	0.211010925904	1	0	0
2L_0448_22350001_22400000	22350001	22400000	inside	2304	0.192137653549	0.194726763936	1	0	0
2L_0449_22400001_22450000	22400001	22450000	inside	2304	0.202707903102	0.213979426413	1	0	0
2L_0450_22450001_22500000	22450001	22500000	inside	2304	0.267590918472	0.286654598574	1	0	0
2L_0451_22500001_22550000	22500001	22550000	inside	2304	0.282066633831	0.297622132028	1	0	0
2L_0452_22550001_22600000	22550001	22600000	inside	2304	0.303158496433	0.321954384553	1	0	0
2L_0453_22600001_22650000	22600001	22650000	inside	2304	0.277118223765	0.284809298943	1	0	0
2L_0454_22650001_22700000	22650001	22700000	inside	2304	0.167530223669	0.16268686664	1	0	0
2L_0455_22700001_22750000	22700001	22750000	inside	2304	0.215411602605	0.230788135699	1	0	0
2L_0456_22750001_22800000	22750001	22800000	inside	2304	0.223167632616	0.239706896022	1	0	0
2L_0457_22800001_22850000	22800001	22850000	inside	2304	0.185922434555	0.195565663705	1	0	0
2L_0458_22850001_22900000	22850001	22900000	inside	2304	0.194134704433	0.203813571996	1	0	0
2L_0459_22900001_22950000	22900001	22950000	inside	2304	0.183643292165	0.187621766771	1	0	0
2L_0460_22950001_23000000	22950001	23000000	inside	2304	0.218904139496	0.219931749232	1	0	0
2L_0461_23000001_23050000	23000001	23050000	inside	2304	0.197935835258	0.199046624434	1	0	0
2L_0462_23050001_23100000	23050001	23100000	inside	2304	0.238671390678	0.242081109318	1	0	0
2L_0463_23100001_23150000	23100001	23150000	inside	2304	0.182824592233	0.19974407491	1	0	0
2L_0464_23150001_23200000	23150001	23200000	inside	2304	0.190369550548	0.208748864494	1	0	0
2L_0465_23200001_23250000	23200001	23250000	inside	2304	0.155067545532	0.168989442922	1	0	0
2L_0466_23250001_23300000	23250001	23300000	inside	2304	0.237581345765	0.250278514338	1	0	0
2L_0467_23300001_23350000	23300001	23350000	inside	2304	0.212252973427	0.223820905194	1	0	0
2L_0468_23350001_23400000	23350001	23400000	inside	2304	0.200809672004	0.211853824508	1	0	0
2L_0469_23400001_23450000	23400001	23450000	inside	2304	0.17695611051	0.215237073753	1	0	0
2L_0470_23450001_23500000	23450001	23500000	inside	2304	0.149318033881	0.168978064181	1	0	0
2L_0471_23500001_23550000	23500001	23550000	inside	2304	0.205124304128	0.209582605492	1	0	0
2L_0472_23550001_23600000	23550001	23600000	inside	2304	0.237250891821	0.237957350484	1	0	0
2L_0473_23600001_23650000	23600001	23650000	inside	2304	0.251236777419	0.251965493369	1	0	0
2L_0474_23650001_23700000	23650001	23700000	inside	2304	0.257043449303	0.256585954423	1	0	0
2L_0475_23700001_23750000	23700001	23750000	inside	2304	0.309780707358	0.309951562363	1	0	0
2L_0476_23750001_23800000	23750001	23800000	inside	2304	0.251593266004	0.263831755742	1	0	0
2L_0477_23800001_23850000	23800001	23850000	inside	2304	0.175868981058	0.176329694556	1	0	0
2L_0478_23850001_23900000	23850001	23900000	inside	2304	0.247524347923	0.245739753406	1	0	0
2L_0479_23900001_23950000	23900001	23950000	inside	2304	0.218862150544	0.216566104638	1	0	0
2L_0480_23950001_24000000	23950001	24000000	inside	2304	0.207769679778	0.215191480151	1	0	0
2L_0481_24000001_24050000	24000001	24050000	inside	2304	0.225313840266	0.236150099821	1	0	0
2L_0482_24050001_24100000	24050001	24100000	inside	2304	0.232621238878	0.246583885723	1	0	0
2L_0483_24100001_24150000	24100001	24150000	inside	2304	0.21181408134	0.238396972456	1	0	0
2L_0484_24150001_24200000	24150001	24200000	inside	2304	0.219368871759	0.247655976452	1	0	0
2L_0485_24200001_24250000	24200001	24250000	inside	2304	0.204894960033	0.22788323564	1	0	0
2L_0486_24250001_24300000	24250001	24300000	inside	2304	0.219355693979	0.245991777442	1	0	0
2L_0487_24300001_24350000	24300001	24350000	inside	2304	0.222959818684	0.234652536737	1	0	0
2L_0488_24350001_24400000	24350001	24400000	inside	2304	0.175867278256	0.187111506426	1	0	0
2L_0489_24400001_24450000	24400001	24450000	inside	2304	0.188625427622	0.214809860145	0.985677083333	0.0143229166667	0
2L_0490_24450001_24500000	24450001	24500000	inside	2304	0.209987733638	0.251426917786	0.979166666667	0.0208333333333	0
2L_0491_24500001_24550000	24500001	24550000	inside	2304	0.229840824779	0.274948431681	0.979166666667	0.0208333333333	0
2L_0492_24550001_24600000	24550001	24600000	inside	2304	0.152852274079	0.183909515537	0.978298611111	0.0217013888889	0
2L_0493_24600001_24650000	24600001	24650000	inside	2304	0.145977234726	0.17256191313	0.977430555556	0.0225694444444	0
2L_0494_24650001_24700000	24650001	24700000	inside	2304	0.165378321945	0.192688885073	0.979166666667	0.0208333333333	0
2L_0495_24700001_24750000	24700001	24750000	inside	2304	0.220305835673	0.237045150836	1	0	0
2L_0496_24750001_24800000	24750001	24800000	inside	2304	0.294421171241	0.289944347727	1	0	0
2L_0497_24800001_24850000	24800001	24850000	inside	2304	0.241294500091	0.238033859934	1	0	0
2L_0498_24850001_24900000	24850001	24900000	inside	2304	0.261364758595	0.258726593018	1	0	0
2L_0499_24900001_24950000	24900001	24950000	inside	2304	0.239996068241	0.235903773305	1	0	0
2L_0500_24950001_25000000	24950001	25000000	inside	2304	0.209713338106	0.206701698585	1	0	0
2L_0501_25000001_25050000	25000001	25050000	inside	2304	0.260422141456	0.26761607047	1	0	0
2L_0502_25050001_25100000	25050001	25100000	inside	2304	0.279693783307	0.295072357339	1	0	0
2L_0503_25100001_25150000	25100001	25150000	inside	2304	0.241343485152	0.257746235802	1	0	0
2L_0504_25150001_25200000	25150001	25200000	inside	2304	0.238069984295	0.250897934606	1	0	0
2L_0505_25200001_25250000	25200001	25250000	inside	2304	0.229081802962	0.243278670852	1	0	0
2L_0506_25250001_25300000	25250001	25300000	inside	2304	0.236108083786	0.234754783746	1	0	0
2L_0507_25300001_25350000	25300001	25350000	inside	2304	0.240049204833	0.237967068351	1	0	0
2L_0508_25350001_25400000	25350001	25400000	inside	2304	0.339443893367	0.338811146396	1	0	0
2L_0509_25400001_25450000	25400001	25450000	inside	2304	0.367910674715	0.396162283549	0.981770833333	0.0182291666667	0
2L_0510_25450001_25500000	25450001	25500000	inside	2304	0.194273165319	0.218641731591	0.979166666667	0.0208333333333	0
2L_0511_25500001_25550000	25500001	25550000	inside	2304	0.168784749467	0.208325354631	0.995225694444	0.00477430555556	0
2L_0512_25550001_25600000	25550001	25600000	inside	2304	0.255055321949	0.257082429341	1	0	0
2L_0513_25600001_25650000	25600001	25650000	inside	2304	0.258113954059	0.254984878036	1	0	0
2L_0514_25650001_25700000	25650001	25700000	inside	2304	0.225810033939	0.223197775374	1	0	0
2L_0515_25700001_25750000	25700001	25750000	inside	2304	0.267053002506	0.270074427392	1	0	0
2L_0516_25750001_25800000	25750001	25800000	inside	2304	0.224426057553	0.221784545823	1	0	0
2L_0517_25800001_25850000	25800001	25850000	inside	2304	0.240065187377	0.24016927731	1	0	0
2L_0518_25850001_25900000	25850001	25900000	inside	2304	0.231239357078	0.23089836401	1	0	0
2L_0519_25900001_25950000	25900001	25950000	inside	2304	0.22016627735	0.220674196461	1	0	0
2L_0520_25950001_26000000	25950001	26000000	inside	2304	0.153659509334	0.153239039267	1	0	0
2L_0521_26000001_26050000	26000001	26050000	inside	2304	0.19605788831	0.194932834935	1	0	0
2L_0522_26050001_26100000	26050001	26100000	inside	2304	0.215530530235	0.215507380493	1	0	0
2L_0523_26100001_26150000	26100001	26150000	inside	2304	0.195334392903	0.194548772883	1	0	0
2L_0524_26150001_26200000	26150001	26200000	inside	2304	0.1512664314	0.15216983113	1	0	0
2L_0525_26200001_26250000	26200001	26250000	inside	2304	0.152637256743	0.155908919627	1	0	0
2L_0526_26250001_26300000	26250001	26300000	inside	2304	0.181986992383	0.197774558822	1	0	0
2L_0527_26300001_26350000	26300001	26350000	inside	2304	0.185857904654	0.202433467697	1	0	0
2L_0528_26350001_26400000	26350001	26400000	inside	2304	0.158372674197	0.171432011253	1	0	0
2L_0529_26400001_26450000	26400001	26450000	inside	2304	0.19150221682	0.209622760619	1	0	0
2L_0530_26450001_26500000	26450001	26500000	inside	2304	0.223696911988	0.2486693914	1	0	0
2L_0531_26500001_26550000	26500001	26550000	inside	2304	0.184912819386	0.220205645002	0.994791666667	0.00520833333333	0
2L_0532_26550001_26600000	26550001	26600000	inside	2304	0.15428699952	0.18545276638	0.970052083333	0.0299479166667	0
2L_0533_26600001_26650000	26600001	26650000	inside	2304	0.158700202544	0.188414660741	0.98046875	0.01953125	0
2L_0534_26650001_26700000	26650001	26700000	inside	2304	0.142833762261	0.157840748032	0.9921875	0.0078125	0
2L_0535_26700001_26750000	26700001	26750000	inside	2304	0.179772517893	0.199023565189	0.990451388889	0.00954861111111	0
2L_0536_26750001_26800000	26750001	26800000	inside	2304	0.169915462414	0.184350662683	0.996527777778	0.00347222222222	0
2L_0537_26800001_26850000	26800001	26850000	inside	2304	0.152443310584	0.154472029474	1	0	0
2L_0538_26850001_26900000	26850001	26900000	inside	2304	0.186343833726	0.190102006656	1	0	0
2L_0539_26900001_26950000	26900001	26950000	inside	2304	0.15697979466	0.155940542541	1	0	0
2L_0540_26950001_27000000	26950001	27000000	inside	2304	0.131321049952	0.129636703598	1	0	0
2L_0541_27000001_27050000	27000001	27050000	inside	2304	0.0904723177953	0.0898122214623	1	0	0
2L_0542_27050001_27100000	27050001	27100000	inside	2304	0.154092096633	0.156055408416	1	0	0
2L_0543_27100001_27150000	27100001	27150000	inside	2304	0.162446454651	0.162685309986	1	0	0
2L_0544_27150001_27200000	27150001	27200000	inside	2304	0.162059414327	0.166552652952	1	0	0
2L_0545_27200001_27250000	27200001	27250000	inside	2304	0.190914346562	0.197132632863	1	0	0
2L_0546_27250001_27300000	27250001	27300000	inside	2304	0.188434977101	0.188585567341	1	0	0
2L_0547_27300001_27350000	27300001	27350000	inside	2304	0.215906100955	0.214630644891	1	0	0
2L_0548_27350001_27400000	27350001	27400000	inside	2304	0.258877060087	0.2594439879	1	0	0
2L_0549_27400001_27450000	27400001	27450000	inside	2304	0.22483948429	0.224805154626	1	0	0
2L_0550_27450001_27500000	27450001	27500000	inside	2304	0.227570346664	0.228344562499	1	0	0
2L_0551_27500001_27550000	27500001	27550000	inside	2304	0.209025801558	0.209078708211	1	0	0
2L_0552_27550001_27600000	27550001	27600000	inside	2304	0.217690536242	0.217135522635	1	0	0
2L_0553_27600001_27650000	27600001	27650000	inside	2304	0.207796070976	0.20797038525	1	0	0
2L_0554_27650001_27700000	27650001	27700000	inside	2304	0.192645273205	0.194080375584	1	0	0
2L_0555_27700001_27750000	27700001	27750000	inside	2304	0.155744928234	0.156698120258	1	0	0
2L_0556_27750001_27800000	27750001	27800000	inside	2304	0.151653247968	0.151923688081	1	0	0
2L_0557_27800001_27850000	27800001	27850000	inside	2304	0.173499940401	0.175311913194	1	0	0
2L_0558_27850001_27900000	27850001	27900000	inside	2304	0.175022748548	0.178038626718	1	0	0
2L_0559_27900001_27950000	27900001	27950000	inside	2304	0.129888467307	0.130704277777	1	0	0
2L_0560_27950001_28000000	27950001	28000000	inside	2304	0.176055688655	0.176022174211	1	0	0
2L_0561_28000001_28050000	28000001	28050000	inside	2304	0.157681782443	0.158151955387	1	0	0
2L_0562_28050001_28100000	28050001	28100000	inside	2304	0.176552203846	0.176634901311	1	0	0
2L_0563_28100001_28150000	28100001	28150000	inside	2304	0.176576847001	0.177403852741	1	0	0
2L_0564_28150001_28200000	28150001	28200000	inside	2304	0.156622273466	0.162226785595	1	0	0
2L_0565_28200001_28250000	28200001	28250000	inside	2304	0.106557668433	0.109608153236	1	0	0
2L_0566_28250001_28300000	28250001	28300000	inside	2304	0.144598972932	0.147344282668	1	0	0
2L_0567_28300001_28350000	28300001	28350000	inside	2304	0.140825005986	0.144222874689	1	0	0
2L_0568_28350001_28400000	28350001	28400000	inside	2304	0.133423931325	0.140991203115	1	0	0
2L_0569_28400001_28450000	28400001	28450000	inside	2304	0.14015114839	0.150775177201	1	0	0
2L_0570_28450001_28500000	28450001	28500000	inside	2304	0.121343369274	0.119881884635	1	0	0
2L_0571_28500001_28550000	28500001	28550000	inside	2304	0.139855374055	0.13884298783	1	0	0
2L_0572_28550001_28600000	28550001	28600000	inside	2304	0.144992572254	0.145309771115	1	0	0
2L_0573_28600001_28650000	28600001	28650000	inside	2304	0.172143630634	0.170771831149	1	0	0
2L_0574_28650001_28700000	28650001	28700000	inside	2304	0.151750516576	0.152668688241	1	0	0
2L_0575_28700001_28750000	28700001	28750000	inside	2304	0.129990128687	0.129413685512	1	0	0
2L_0576_28750001_28800000	28750001	28800000	inside	2304	0.132746806866	0.132308669218	1	0	0
2L_0577_28800001_28850000	28800001	28850000	inside	2304	0.175733224433	0.174086669585	1	0	0
2L_0578_28850001_28900000	28850001	28900000	inside	2304	0.196705926197	0.196327963562	1	0	0
2L_0579_28900001_28950000	28900001	28950000	inside	2304	0.144898021488	0.144831715825	1	0	0
2L_0580_28950001_29000000	28950001	29000000	inside	2304	0.179999127006	0.179995416313	1	0	0
2L_0581_29000001_29050000	29000001	29050000	inside	2304	0.186671476814	0.186737579225	1	0	0
2L_0582_29050001_29100000	29050001	29100000	inside	2304	0.216962309724	0.216197448931	1	0	0
2L_0583_29100001_29150000	29100001	29150000	inside	2304	0.182908864684	0.183632656152	1	0	0
2L_0584_29150001_29200000	29150001	29200000	inside	2304	0.180461134209	0.180849737224	1	0	0
2L_0585_29200001_29250000	29200001	29250000	inside	2304	0.217329780618	0.217869803457	1	0	0
2L_0586_29250001_29300000	29250001	29300000	inside	2304	0.225888429774	0.225330605564	1	0	0
2L_0587_29300001_29350000	29300001	29350000	inside	2304	0.226782986015	0.226378115299	1	0	0
2L_0588_29350001_29400000	29350001	29400000	inside	2304	0.255412192811	0.255728098023	1	0	0
2L_0589_29400001_29450000	29400001	29450000	inside	2304	0.201889845009	0.204818979536	1	0	0
2L_0590_29450001_29500000	29450001	29500000	inside	2304	0.224452713309	0.224154111731	1	0	0
2L_0591_29500001_29550000	29500001	29550000	inside	2304	0.21442916479	0.21447997848	1	0	0
2L_0592_29550001_29600000	29550001	29600000	inside	2304	0.188473573775	0.188442441805	1	0	0
2L_0593_29600001_29650000	29600001	29650000	inside	2304	0.173932028118	0.17425713135	1	0	0
2L_0594_29650001_29700000	29650001	29700000	inside	2304	0.190599656919	0.190283915188	1	0	0
2L_0595_29700001_29750000	29700001	29750000	inside	2304	0.154647973292	0.160300254236	1	0	0
2L_0596_29750001_29800000	29750001	29800000	inside	2304	0.199959893475	0.204693877225	1	0	0
2L_0597_29800001_29850000	29800001	29850000	inside	2304	0.163098360089	0.164438148609	1	0	0
2L_0598_29850001_29900000	29850001	29900000	inside	2304	0.152001587089	0.15865636032	1	0	0
2L_0599_29900001_29950000	29900001	29950000	inside	2304	0.126774294766	0.127692623351	1	0	0
2L_0600_29950001_30000000	29950001	30000000	inside	2304	0.160955456369	0.161129657358	1	0	0
2L_0601_30000001_30050000	30000001	30050000	inside	0	nan	nan	nan	nan	nan
2L_0602_30050001_30100000	30050001	30100000	inside	0	nan	nan	nan	nan	nan
2L_0603_30100001_30150000	30100001	30150000	inside	2304	0.0618252498951	0.0613254347895	1	0	0
2L_0604_30150001_30200000	30150001	30200000	inside	2304	0.165548111524	0.165776931115	1	0	0
2L_0605_30200001_30250000	30200001	30250000	inside	2304	0.188684857329	0.187912289367	1	0	0
2L_0606_30250001_30300000	30250001	30300000	inside	2304	0.207946220524	0.208494706506	1	0	0
2L_0607_30300001_30350000	30300001	30350000	inside	2304	0.219793656697	0.219285710913	1	0	0
2L_0608_30350001_30400000	30350001	30400000	inside	2304	0.210231431311	0.21092250455	1	0	0
2L_0609_30400001_30450000	30400001	30450000	inside	2304	0.159121604943	0.158574954794	1	0	0
2L_0610_30450001_30500000	30450001	30500000	inside	2304	0.110720780314	0.110241723761	1	0	0
2L_0611_30500001_30550000	30500001	30550000	inside	2304	0.0887583468758	0.0900438580913	1	0	0
2L_0612_30550001_30600000	30550001	30600000	inside	2304	0.108681088176	0.108213840523	1	0	0
2L_0613_30600001_30650000	30600001	30650000	inside	2304	0.139936518528	0.140272129496	1	0	0
2L_0614_30650001_30700000	30650001	30700000	inside	2304	0.144451536624	0.144151251057	1	0	0
2L_0615_30700001_30750000	30700001	30750000	inside	2304	0.135401207004	0.13612978797	1	0	0
2L_0616_30750001_30800000	30750001	30800000	inside	2304	0.168891984346	0.168814912656	1	0	0
2L_0617_30800001_30850000	30800001	30850000	inside	2304	0.177310172266	0.177596894812	1	0	0
2L_0618_30850001_30900000	30850001	30900000	inside	2304	0.154403401789	0.156006163743	1	0	0
2L_0619_30900001_30950000	30900001	30950000	inside	2304	0.15501359625	0.165067009514	1	0	0
2L_0620_30950001_31000000	30950001	31000000	inside	2304	0.112533821355	0.11280766385	1	0	0
2L_0621_31000001_31050000	31000001	31050000	inside	2304	0.0738040919282	0.074870651236	1	0	0
2L_0622_31050001_31100000	31050001	31100000	inside	2304	0.100196758325	0.0989498989653	1	0	0
2L_0623_31100001_31150000	31100001	31150000	inside	2304	0.146565400201	0.145717320576	1	0	0
2L_0624_31150001_31200000	31150001	31200000	inside	2304	0.128919235553	0.129060542647	1	0	0
2L_0625_31200001_31250000	31200001	31250000	inside	2304	0.11378529548	0.114238974044	1	0	0
2L_0626_31250001_31300000	31250001	31300000	inside	2304	0.0920492890535	0.0918311797221	1	0	0
2L_0627_31300001_31350000	31300001	31350000	inside	2304	0.119421836079	0.119891046089	1	0	0
2L_0628_31350001_31400000	31350001	31400000	inside	2304	0.160155489266	0.157048662723	1	0	0
2L_0629_31400001_31450000	31400001	31450000	inside	2304	0.139173841464	0.139137495674	1	0	0
2L_0630_31450001_31500000	31450001	31500000	inside	2304	0.139531378577	0.138201458334	1	0	0
2L_0631_31500001_31550000	31500001	31550000	inside	2304	0.137040911464	0.137548578435	1	0	0
2L_0632_31550001_31600000	31550001	31600000	inside	2304	0.112411961286	0.112874629411	1	0	0
2L_0633_31600001_31650000	31600001	31650000	inside	2304	0.15241060643	0.152266647663	1	0	0
2L_0634_31650001_31700000	31650001	31700000	inside	2304	0.169127763046	0.168735423273	1	0	0
2L_0635_31700001_31750000	31700001	31750000	inside	2304	0.110608293709	0.110616873425	1	0	0
2L_0636_31750001_31800000	31750001	31800000	inside	2304	0.110091261185	0.11004234345	1	0	0
2L_0637_31800001_31850000	31800001	31850000	inside	2304	0.162610353806	0.165307198616	1	0	0
2L_0638_31850001_31900000	31850001	31900000	inside	2304	0.139231418037	0.139880283287	1	0	0
2L_0639_31900001_31950000	31900001	31950000	inside	2304	0.100382808157	0.101328035832	1	0	0
2L_0640_31950001_32000000	31950001	32000000	inside	2304	0.116318378525	0.115576593591	1	0	0
2L_0641_32000001_32050000	32000001	32050000	inside	2304	0.163282565221	0.163641992739	1	0	0
2L_0642_32050001_32100000	32050001	32100000	inside	2304	0.159037632463	0.158763273498	1	0	0
2L_0643_32100001_32150000	32100001	32150000	inside	2304	0.198633651892	0.198362501935	1	0	0
2L_0644_32150001_32200000	32150001	32200000	inside	2304	0.15070213936	0.151165050065	1	0	0
2L_0645_32200001_32250000	32200001	32250000	inside	2304	0.12846560411	0.128167677934	1	0	0
2L_0646_32250001_32300000	32250001	32300000	inside	2304	0.1260647074	0.125489208488	1	0	0
2L_0647_32300001_32350000	32300001	32350000	inside	2304	0.112226116102	0.113152051111	1	0	0
2L_0648_32350001_32400000	32350001	32400000	inside	2304	0.134022814867	0.13445966645	1	0	0
2L_0649_32400001_32450000	32400001	32450000	inside	2304	0.160916937682	0.161437096538	1	0	0
2L_0650_32450001_32500000	32450001	32500000	inside	2304	0.0905828874622	0.0915201525939	1	0	0
2L_0651_32500001_32550000	32500001	32550000	inside	2304	0.103344032509	0.103410040038	1	0	0
2L_0652_32550001_32600000	32550001	32600000	inside	2304	0.0787182880355	0.0784646507382	1	0	0
2L_0653_32600001_32650000	32600001	32650000	inside	2304	0.0725490124552	0.0730707932997	1	0	0
2L_0654_32650001_32700000	32650001	32700000	inside	2304	0.116095867998	0.116819876684	1	0	0
2L_0655_32700001_32750000	32700001	32750000	inside	2304	0.153483417649	0.156818029352	1	0	0
2L_0656_32750001_32800000	32750001	32800000	inside	2304	0.137260534034	0.140939697375	1	0	0
2L_0657_32800001_32850000	32800001	32850000	inside	2304	0.106716978705	0.106464001283	1	0	0
2L_0658_32850001_32900000	32850001	32900000	inside	2304	0.0832493209023	0.0826662250316	1	0	0
2L_0659_32900001_32950000	32900001	32950000	inside	2304	0.107949806205	0.109363473988	1	0	0
2L_0660_32950001_33000000	32950001	33000000	inside	2304	0.124156901247	0.12393291814	1	0	0
2L_0661_33000001_33050000	33000001	33050000	inside	2304	0.135236254497	0.135729969641	1	0	0
2L_0662_33050001_33100000	33050001	33100000	inside	2304	0.0848884329526	0.0850288630251	1	0	0
2L_0663_33100001_33150000	33100001	33150000	inside	2304	0.10040339665	0.100017844317	1	0	0
2L_0664_33150001_33200000	33150001	33200000	inside	2304	0.111220323445	0.114067342282	1	0	0
2L_0665_33200001_33250000	33200001	33250000	inside	2304	0.146291989441	0.146693123806	1	0	0
2L_0666_33250001_33300000	33250001	33300000	inside	2304	0.158076485266	0.163634349693	1	0	0
2L_0667_33300001_33350000	33300001	33350000	inside	2304	0.22982824247	0.230866381328	1	0	0
2L_0668_33350001_33400000	33350001	33400000	inside	2304	0.159634159633	0.159470074248	1	0	0
2L_0669_33400001_33450000	33400001	33450000	inside	2304	0.149035617188	0.150666912699	1	0	0
2L_0670_33450001_33500000	33450001	33500000	inside	2304	0.143019233888	0.144756015752	1	0	0
2L_0671_33500001_33550000	33500001	33550000	inside	2304	0.154567026567	0.153944209978	1	0	0
2L_0672_33550001_33600000	33550001	33600000	inside	2304	0.169012408061	0.170770491093	1	0	0
2L_0673_33600001_33650000	33600001	33650000	inside	2304	0.146624587777	0.147807511363	1	0	0
2L_0674_33650001_33700000	33650001	33700000	inside	2304	0.178071420923	0.177735228112	1	0	0
2L_0675_33700001_33750000	33700001	33750000	inside	2304	0.19727956813	0.197245339266	1	0	0
2L_0676_33750001_33800000	33750001	33800000	inside	2304	0.141287733304	0.142964441227	1	0	0
2L_0677_33800001_33850000	33800001	33850000	inside	2304	0.137715671607	0.13793285647	1	0	0
2L_0678_33850001_33900000	33850001	33900000	inside	2304	0.144791037903	0.147102825921	1	0	0
2L_0679_33900001_33950000	33900001	33950000	inside	2304	0.134915045139	0.134839141511	1	0	0
2L_0680_33950001_34000000	33950001	34000000	inside	2304	0.124243226662	0.12609177448	1	0	0
2L_0681_34000001_34050000	34000001	34050000	inside	2304	0.15530206688	0.155674667967	1	0	0
2L_0682_34050001_34100000	34050001	34100000	inside	2304	0.144560920587	0.144605969272	1	0	0
2L_0683_34100001_34150000	34100001	34150000	inside	2304	0.136467947161	0.133607236651	1	0	0
2L_0684_34150001_34200000	34150001	34200000	inside	2304	0.149038548617	0.149544225085	1	0	0
2L_0685_34200001_34250000	34200001	34250000	inside	2304	0.0908950400411	0.0874213499029	1	0	0
2L_0686_34250001_34300000	34250001	34300000	inside	2304	0.126220913862	0.125188890855	1	0	0
2L_0687_34300001_34350000	34300001	34350000	inside	2304	0.218397189343	0.219143535446	1	0	0
2L_0688_34350001_34400000	34350001	34400000	inside	2304	0.266615275452	0.266917838344	1	0	0
2L_0689_34400001_34450000	34400001	34450000	inside	2304	0.217955536668	0.217972652551	1	0	0
2L_0690_34450001_34500000	34450001	34500000	inside	2304	0.174332572911	0.175154947203	1	0	0
2L_0691_34500001_34550000	34500001	34550000	inside	2304	0.16911911248	0.17026665849	1	0	0
2L_0692_34550001_34600000	34550001	34600000	inside	2304	0.136495980111	0.140303000981	1	0	0
2L_0693_34600001_34650000	34600001	34650000	inside	2304	0.122055111436	0.127744766935	1	0	0
2L_0694_34650001_34700000	34650001	34700000	inside	2304	0.12900587391	0.129204629751	1	0	0
2L_0695_34700001_34750000	34700001	34750000	inside	2304	0.144908709601	0.150694609185	1	0	0
2L_0696_34750001_34800000	34750001	34800000	inside	2304	0.143752628473	0.142559032785	1	0	0
2L_0697_34800001_34850000	34800001	34850000	inside	2304	0.24336610722	0.243312401661	1	0	0
2L_0698_34850001_34900000	34850001	34900000	inside	2304	0.186828890833	0.188513355798	1	0	0
2L_0699_34900001_34950000	34900001	34950000	inside	2304	0.178356041562	0.178756627019	1	0	0
2L_0700_34950001_35000000	34950001	35000000	inside	2304	0.155121121413	0.155553584174	1	0	0
2L_0701_35000001_35050000	35000001	35050000	inside	2304	0.152578190608	0.154462813306	1	0	0
2L_0702_35050001_35100000	35050001	35100000	inside	2304	0.165699102048	0.165729172391	1	0	0
2L_0703_35100001_35150000	35100001	35150000	inside	2304	0.135836651047	0.1354525291	1	0	0
2L_0704_35150001_35200000	35150001	35200000	inside	2304	0.0979586357248	0.0981106307946	1	0	0
2L_0705_35200001_35250000	35200001	35250000	inside	2304	0.157585552719	0.15756450432	1	0	0
2L_0706_35250001_35300000	35250001	35300000	inside	2304	0.170479691709	0.170611787483	1	0	0
2L_0707_35300001_35350000	35300001	35350000	inside	2304	0.143146135591	0.143561906214	1	0	0
2L_0708_35350001_35400000	35350001	35400000	inside	2304	0.16389678671	0.16524472454	1	0	0
2L_0709_35400001_35450000	35400001	35450000	inside	2304	0.17484416901	0.175593718031	1	0	0
2L_0710_35450001_35500000	35450001	35500000	inside	2304	0.192851895218	0.193389495861	1	0	0
2L_0711_35500001_35550000	35500001	35550000	inside	2304	0.167316507181	0.169142531851	1	0	0
2L_0712_35550001_35600000	35550001	35600000	inside	2304	0.120323387465	0.119968670265	1	0	0
2L_0713_35600001_35650000	35600001	35650000	inside	2304	0.127436599267	0.127841229791	1	0	0
2L_0714_35650001_35700000	35650001	35700000	inside	2304	0.11929860234	0.120232605495	1	0	0
2L_0715_35700001_35750000	35700001	35750000	inside	2304	0.157271555767	0.157818237179	1	0	0
2L_0716_35750001_35800000	35750001	35800000	inside	2304	0.281646884441	0.282467982626	1	0	0
2L_0717_35800001_35850000	35800001	35850000	inside	2304	0.255612443479	0.255957714651	1	0	0
2L_0718_35850001_35900000	35850001	35900000	inside	2304	0.172738721832	0.172654857242	1	0	0
2L_0719_35900001_35950000	35900001	35950000	inside	2304	0.22142107458	0.221485170896	1	0	0
2L_0720_35950001_36000000	35950001	36000000	inside	2304	0.213035401597	0.213929220478	1	0	0
2L_0721_36000001_36050000	36000001	36050000	inside	2304	0.223522092203	0.223834834341	1	0	0
2L_0722_36050001_36100000	36050001	36100000	inside	2304	0.205117460862	0.205091909152	1	0	0
2L_0723_36100001_36150000	36100001	36150000	inside	2304	0.211915557045	0.212002546621	1	0	0
2L_0724_36150001_36200000	36150001	36200000	inside	2304	0.270641647718	0.270091687965	1	0	0
2L_0725_36200001_36250000	36200001	36250000	inside	2304	0.233918674753	0.233709250517	1	0	0
2L_0726_36250001_36300000	36250001	36300000	inside	2304	0.186270400838	0.186696209536	1	0	0
2L_0727_36300001_36350000	36300001	36350000	inside	2304	0.19262008732	0.192422022916	1	0	0
2L_0728_36350001_36400000	36350001	36400000	inside	2304	0.191027589606	0.192322919823	1	0	0
2L_0729_36400001_36450000	36400001	36450000	inside	2304	0.231818219164	0.231423893892	1	0	0
2L_0730_36450001_36500000	36450001	36500000	inside	2304	0.177332262353	0.177437315378	1	0	0
2L_0731_36500001_36550000	36500001	36550000	inside	2304	0.187375125486	0.187414420356	1	0	0
2L_0732_36550001_36600000	36550001	36600000	inside	2304	0.160247178179	0.159580138945	1	0	0
2L_0733_36600001_36650000	36600001	36650000	inside	2304	0.220345462273	0.220971001425	1	0	0
2L_0734_36650001_36700000	36650001	36700000	inside	2304	0.135481066909	0.140339424657	1	0	0
2L_0735_36700001_36750000	36700001	36750000	inside	2304	0.10238000497	0.101634388987	1	0	0
2L_0736_36750001_36800000	36750001	36800000	inside	2304	0.131568059583	0.132667356897	1	0	0
2L_0737_36800001_36850000	36800001	36850000	inside	2304	0.17513990169	0.175999061471	1	0	0
2L_0738_36850001_36900000	36850001	36900000	inside	2304	0.191339509098	0.191140867409	1	0	0
2L_0739_36900001_36950000	36900001	36950000	inside	2304	0.201993330713	0.202292244448	1	0	0
2L_0740_36950001_37000000	36950001	37000000	inside	2304	0.169730381593	0.169541643509	1	0	0
2L_0741_37000001_37050000	37000001	37050000	inside	2304	0.169814950993	0.169620408769	1	0	0
2L_0742_37050001_37100000	37050001	37100000	inside	2304	0.15875696426	0.157794762469	1	0	0
2L_0743_37100001_37150000	37100001	37150000	inside	2304	0.180899718583	0.18277669116	1	0	0
2L_0744_37150001_37200000	37150001	37200000	inside	2304	0.245107616735	0.244765778723	1	0	0
2L_0745_37200001_37250000	37200001	37250000	inside	2304	0.184881785903	0.185016153816	1	0	0
2L_0746_37250001_37300000	37250001	37300000	inside	2304	0.190814704949	0.189654750913	1	0	0
2L_0747_37300001_37350000	37300001	37350000	inside	2304	0.0341416666947	0.0337066783743	0.957465277778	0.0425347222222	0
2L_0748_37350001_37400000	37350001	37400000	inside	0	nan	nan	nan	nan	nan
2L_0749_37400001_37450000	37400001	37450000	inside	2304	0.13769326385	0.138085744264	1	0	0
2L_0750_37450001_37500000	37450001	37500000	inside	2304	0.230106359498	0.231615270817	1	0	0
2L_0751_37500001_37550000	37500001	37550000	inside	2304	0.192291721961	0.191684094544	1	0	0
2L_0752_37550001_37600000	37550001	37600000	inside	2304	0.237407355712	0.239192252389	1	0	0
2L_0753_37600001_37650000	37600001	37650000	inside	2304	0.2591817574	0.258917922103	1	0	0
2L_0754_37650001_37700000	37650001	37700000	inside	2304	0.250752160276	0.251068169127	1	0	0
2L_0755_37700001_37750000	37700001	37750000	inside	2304	0.18621651294	0.186450184281	1	0	0
2L_0756_37750001_37800000	37750001	37800000	inside	2304	0.263449523047	0.263264392197	1	0	0
2L_0757_37800001_37850000	37800001	37850000	inside	2304	0.337906560944	0.337723116883	1	0	0
2L_0758_37850001_37900000	37850001	37900000	inside	2304	0.226814466436	0.22670710171	1	0	0
2L_0759_37900001_37950000	37900001	37950000	inside	2304	0.257474039748	0.257937760606	1	0	0
2L_0760_37950001_38000000	37950001	38000000	inside	2304	0.340513211395	0.340528476701	1	0	0
2L_0761_38000001_38050000	38000001	38050000	inside	2304	0.227508508933	0.22817358539	1	0	0
2L_0762_38050001_38100000	38050001	38100000	inside	2304	0.247300253929	0.247427365254	1	0	0
2L_0763_38100001_38150000	38100001	38150000	inside	2304	0.227696561318	0.22797114622	1	0	0
2L_0764_38150001_38200000	38150001	38200000	inside	2304	0.166329953699	0.169288705594	1	0	0
2L_0765_38200001_38250000	38200001	38250000	inside	2304	0.21668211998	0.216748758994	1	0	0
2L_0766_38250001_38300000	38250001	38300000	inside	2304	0.234164856425	0.234931191831	1	0	0
2L_0767_38300001_38350000	38300001	38350000	inside	2304	0.251294985822	0.251485926488	1	0	0
2L_0768_38350001_38400000	38350001	38400000	inside	2304	0.238921127316	0.238595439352	1	0	0
2L_0769_38400001_38450000	38400001	38450000	inside	2304	0.224920428003	0.225160863257	1	0	0
2L_0770_38450001_38500000	38450001	38500000	inside	2304	0.198468376915	0.198801223745	1	0	0
2L_0771_38500001_38550000	38500001	38550000	inside	2304	0.231128022907	0.230931447398	1	0	0
2L_0772_38550001_38600000	38550001	38600000	inside	2304	0.21499134829	0.214261531766	1	0	0
2L_0773_38600001_38650000	38600001	38650000	inside	2304	0.185802523177	0.185643716631	1	0	0
2L_0774_38650001_38700000	38650001	38700000	inside	2304	0.133995986017	0.133965523447	1	0	0
2L_0775_38700001_38750000	38700001	38750000	inside	2304	0.225479053248	0.225344543374	1	0	0
2L_0776_38750001_38800000	38750001	38800000	inside	2304	0.248770086618	0.249207608157	1	0	0
2L_0777_38800001_38850000	38800001	38850000	inside	2304	0.222172051525	0.221667386916	1	0	0
2L_0778_38850001_38900000	38850001	38900000	inside	2304	0.177562878615	0.177214146332	1	0	0
2L_0779_38900001_38950000	38900001	38950000	inside	2304	0.217082031988	0.216236666861	1	0	0
2L_0780_38950001_39000000	38950001	39000000	inside	2304	0.289629941126	0.294889618692	1	0	0
2L_0781_39000001_39050000	39000001	39050000	inside	2304	0.210750456363	0.21101049106	1	0	0
2L_0782_39050001_39100000	39050001	39100000	inside	2304	0.157328613805	0.156833431997	1	0	0
2L_0783_39100001_39150000	39100001	39150000	inside	2304	0.200121550364	0.200386593003	1	0	0
2L_0784_39150001_39200000	39150001	39200000	inside	2304	0.311087904653	0.309465259018	1	0	0
2L_0785_39200001_39250000	39200001	39250000	inside	2304	0.286585334064	0.286713576342	1	0	0
2L_0786_39250001_39300000	39250001	39300000	inside	2304	0.180439331306	0.179824805864	1	0	0
2L_0787_39300001_39350000	39300001	39350000	inside	2304	0.224772307076	0.225641832424	1	0	0
2L_0788_39350001_39400000	39350001	39400000	inside	2304	0.160505342758	0.160050840853	1	0	0
2L_0789_39400001_39450000	39400001	39450000	inside	2304	0.243525655114	0.244462156909	1	0	0
2L_0790_39450001_39500000	39450001	39500000	inside	2304	0.283079437164	0.28356872573	1	0	0
2L_0791_39500001_39550000	39500001	39550000	inside	2304	0.321238236795	0.322213558997	1	0	0
2L_0792_39550001_39600000	39550001	39600000	inside	2304	0.211907136719	0.213748837448	1	0	0
2L_0793_39600001_39650000	39600001	39650000	inside	2304	0.235551658908	0.236472620267	1	0	0
2L_0794_39650001_39700000	39650001	39700000	inside	2304	0.245613224884	0.246157498913	1	0	0
2L_0795_39700001_39750000	39700001	39750000	inside	2304	0.22588607839	0.225680551665	1	0	0
2L_0796_39750001_39800000	39750001	39800000	inside	2304	0.324934861123	0.326082463582	1	0	0
2L_0797_39800001_39850000	39800001	39850000	inside	2304	0.253099659561	0.25463588007	1	0	0
2L_0798_39850001_39900000	39850001	39900000	inside	2304	0.235157254486	0.235959491839	1	0	0
2L_0799_39900001_39950000	39900001	39950000	inside	2304	0.278751948569	0.278800794446	1	0	0
2L_0800_39950001_40000000	39950001	40000000	inside	2304	0.234655344375	0.234176969823	1	0	0
2L_0801_40000001_40050000	40000001	40050000	inside	2304	0.221103853004	0.22044755249	1	0	0
2L_0802_40050001_40100000	40050001	40100000	inside	2304	0.164283278461	0.164204194045	1	0	0
2L_0803_40100001_40150000	40100001	40150000	inside	2304	0.240827806247	0.241902255396	1	0	0
2L_0804_40150001_40200000	40150001	40200000	inside	2304	0.22715613233	0.227004340364	1	0	0
2L_0805_40200001_40250000	40200001	40250000	inside	2304	0.199682751478	0.200753052903	1	0	0
2L_0806_40250001_40300000	40250001	40300000	inside	2304	0.16836569239	0.168846318989	1	0	0
2L_0807_40300001_40350000	40300001	40350000	inside	2304	0.183067544231	0.183322594603	1	0	0
2L_0808_40350001_40400000	40350001	40400000	inside	2304	0.214628112567	0.21451805904	1	0	0
2L_0809_40400001_40450000	40400001	40450000	inside	2304	0.196917214472	0.197706698402	1	0	0
2L_0810_40450001_40500000	40450001	40500000	inside	2304	0.179795301874	0.17967677894	1	0	0
2L_0811_40500001_40550000	40500001	40550000	inside	2304	0.193008577379	0.193096008876	1	0	0
2L_0812_40550001_40600000	40550001	40600000	inside	2304	0.246577244918	0.246799666272	1	0	0
2L_0813_40600001_40650000	40600001	40650000	inside	2304	0.212643679053	0.212646005656	1	0	0
2L_0814_40650001_40700000	40650001	40700000	inside	2304	0.204215729319	0.205351350198	1	0	0
2L_0815_40700001_40750000	40700001	40750000	inside	2304	0.200944701659	0.20129545918	1	0	0
2L_0816_40750001_40800000	40750001	40800000	inside	2304	0.227179444821	0.226701139136	1	0	0
2L_0817_40800001_40850000	40800001	40850000	inside	2304	0.297369752457	0.297249277996	1	0	0
2L_0818_40850001_40900000	40850001	40900000	inside	2304	0.292648481871	0.292301167879	1	0	0
2L_0819_40900001_40950000	40900001	40950000	inside	2304	0.212308954579	0.212096526007	1	0	0
2L_0820_40950001_41000000	40950001	41000000	inside	2304	0.1803403664	0.178593119615	1	0	0
2L_0821_41000001_41050000	41000001	41050000	inside	2304	0.134420333788	0.134457903949	1	0	0
2L_0822_41050001_41100000	41050001	41100000	inside	2304	0.219703050349	0.217030308252	1	0	0
2L_0823_41100001_41150000	41100001	41150000	inside	2304	0.245617783835	0.245845222272	1	0	0
2L_0824_41150001_41200000	41150001	41200000	inside	2304	0.257172454287	0.256744718007	1	0	0
2L_0825_41200001_41250000	41200001	41250000	inside	2304	0.235143346104	0.235122971229	1	0	0
2L_0826_41250001_41300000	41250001	41300000	inside	2304	0.200965613996	0.204075648332	1	0	0
2L_0827_41300001_41350000	41300001	41350000	inside	2304	0.240090211793	0.241456789601	1	0	0
2L_0828_41350001_41400000	41350001	41400000	inside	2304	0.248525469409	0.250304790604	1	0	0
2L_0829_41400001_41450000	41400001	41450000	inside	2304	0.219945436002	0.219977653645	1	0	0
2L_0830_41450001_41500000	41450001	41500000	inside	2304	0.246284643665	0.245924767216	1	0	0
2L_0831_41500001_41550000	41500001	41550000	inside	2304	0.228707303402	0.228385666223	1	0	0
2L_0832_41550001_41600000	41550001	41600000	inside	2304	0.278028291503	0.278225333114	1	0	0
2L_0833_41600001_41650000	41600001	41650000	inside	2304	0.312636673577	0.312152814983	1	0	0
2L_0834_41650001_41700000	41650001	41700000	inside	2304	0.240547210467	0.240069004892	1	0	0
2L_0835_41700001_41750000	41700001	41750000	inside	2304	0.25705549351	0.257238107611	1	0	0
2L_0836_41750001_41800000	41750001	41800000	inside	2304	0.259261310061	0.259463387599	1	0	0
2L_0837_41800001_41850000	41800001	41850000	inside	2304	0.232950628329	0.233043759907	1	0	0
2L_0838_41850001_41900000	41850001	41900000	inside	2304	0.191792229061	0.190800857289	1	0	0
2L_0839_41900001_41950000	41900001	41950000	inside	2304	0.26911824645	0.269404391128	1	0	0
2L_0840_41950001_42000000	41950001	42000000	inside	2304	0.270688300153	0.270441904241	1	0	0
2L_0841_42000001_42050000	42000001	42050000	inside	2304	0.263203503822	0.264345413775	1	0	0
2L_0842_42050001_42100000	42050001	42100000	inside	2304	0.307954152501	0.308966742141	1	0	0
2L_0843_42100001_42150000	42100001	42150000	inside	2304	0.21199560944	0.212019732265	1	0	0
2L_0844_42150001_42200000	42150001	42200000	boundary	2304	0.124538844972	0.125271887777	1	0	0
2L_0845_42200001_42250000	42200001	42250000	outside	2304	0.00491468390243	0.00527863337544	0.66796875	0.33203125	0
2L_0846_42250001_42300000	42250001	42300000	outside	2304	-0.00677792228939	-0.00661358646351	0.180555555556	0.819444444444	0
2L_0847_42300001_42350000	42300001	42350000	outside	2304	-0.0229143481259	-0.0227709142289	0.0173611111111	0.982638888889	0
2L_0848_42350001_42400000	42350001	42400000	outside	2304	-0.0137674135283	-0.012659506614	0.126302083333	0.873697916667	0
2L_0849_42400001_42450000	42400001	42450000	outside	2304	-0.00924578989031	-0.0090958385839	0.135850694444	0.864149305556	0
2L_0850_42450001_42500000	42450001	42500000	outside	2304	-0.0217181983455	-0.0219862295616	0.0225694444444	0.977430555556	0
2L_0851_42500001_42550000	42500001	42550000	outside	2304	-0.0156729646366	-0.0160927161061	0.0525173611111	0.947482638889	0
2L_0852_42550001_42600000	42550001	42600000	outside	2304	-0.0122412115733	-0.0120154841199	0.163628472222	0.836371527778	0
2L_0853_42600001_42650000	42600001	42650000	outside	2304	-0.0111280863038	-0.0099363283679	0.1640625	0.8359375	0
2L_0854_42650001_42700000	42650001	42700000	outside	2304	-0.00672485209533	-0.00698928328595	0.295138888889	0.704861111111	0
2L_0855_42700001_42750000	42700001	42750000	outside	2304	-0.0252379813951	-0.0270403370664	0.0750868055556	0.924913194444	0
2L_0856_42750001_42800000	42750001	42800000	outside	2304	-0.0111754714257	-0.0119665662469	0.133246527778	0.866753472222	0
2L_0857_42800001_42850000	42800001	42850000	outside	2304	-0.00794874714266	-0.0083449735704	0.179253472222	0.820746527778	0
2L_0858_42850001_42900000	42850001	42900000	outside	2304	-0.00100743936448	-0.00078562235668	0.46484375	0.53515625	0
2L_0859_42900001_42950000	42900001	42950000	outside	2304	-0.00489063076487	-0.00423621549818	0.333333333333	0.666666666667	0
2L_0860_42950001_43000000	42950001	43000000	outside	2304	-0.00975794044097	-0.00978618604163	0.123697916667	0.876302083333	0
2L_0861_43000001_43050000	43000001	43050000	outside	2304	-0.00473127092401	-0.00564162582566	0.267361111111	0.732638888889	0
2L_0862_43050001_43100000	43050001	43100000	outside	2304	-0.00175372156172	-0.00198192856831	0.414930555556	0.585069444444	0
2L_0863_43100001_43150000	43100001	43150000	outside	2304	-0.000611801196285	-0.000575043844182	0.471788194444	0.528211805556	0
2L_0864_43150001_43200000	43150001	43200000	outside	2304	-0.0115564063099	-0.0126518135475	0.164930555556	0.835069444444	0
2L_0865_43200001_43250000	43200001	43250000	outside	2304	-0.00691060108011	-0.00857177389678	0.210069444444	0.789930555556	0
2L_0866_43250001_43300000	43250001	43300000	outside	2304	-0.00821627228228	-0.00751589054712	0.180555555556	0.819010416667	0.000434027777778
2L_0867_43300001_43350000	43300001	43350000	outside	2304	-0.0179603183763	-0.018398192679	0.0577256944444	0.942274305556	0
2L_0868_43350001_43400000	43350001	43400000	outside	2304	-0.0216611304114	-0.0221408053026	0.0108506944444	0.989149305556	0
2L_0869_43400001_43450000	43400001	43450000	outside	2304	-0.0608472376046	-0.0632777833398	0	1	0
2L_0870_43450001_43500000	43450001	43500000	outside	2304	-0.0442859161263	-0.0444649577027	0	1	0
2L_0871_43500001_43550000	43500001	43550000	outside	2304	-0.0191068441982	-0.0201061335763	0.0798611111111	0.920138888889	0
2L_0872_43550001_43600000	43550001	43600000	outside	2304	-0.00736461458206	-0.00672837662801	0.280815972222	0.719184027778	0
2L_0873_43600001_43650000	43600001	43650000	outside	2304	-0.0083245107622	-0.00846320388117	0.161458333333	0.838541666667	0
2L_0874_43650001_43700000	43650001	43700000	outside	2304	-0.0092867978686	-0.0091979947928	0.164496527778	0.835503472222	0
2L_0875_43700001_43750000	43700001	43750000	outside	2304	-0.00758189947552	-0.00788820763356	0.186197916667	0.813802083333	0
2L_0876_43750001_43800000	43750001	43800000	outside	2304	-0.00387207842064	-0.00364447636573	0.255208333333	0.744791666667	0
2L_0877_43800001_43850000	43800001	43850000	outside	2304	-0.00274712740375	-0.00215631532063	0.395399305556	0.604600694444	0
2L_0878_43850001_43900000	43850001	43900000	outside	2304	-0.00617426208439	-0.0052080158003	0.299479166667	0.700520833333	0
2L_0879_43900001_43950000	43900001	43950000	outside	2304	-0.00422196128078	-0.00426902595597	0.276041666667	0.723958333333	0
2L_0880_43950001_44000000	43950001	44000000	outside	2304	-0.00593917596002	-0.00603402415472	0.19921875	0.80078125	0
2L_0881_44000001_44050000	44000001	44050000	outside	2304	-0.000567180062547	-0.000564463873973	0.466579861111	0.533420138889	0
2L_0882_44050001_44100000	44050001	44100000	outside	2304	-0.00660391199109	-0.00676720859779	0.207465277778	0.792534722222	0
2L_0883_44100001_44150000	44100001	44150000	outside	2304	-0.00801411495031	-0.00797235693049	0.133246527778	0.866753472222	0
2L_0884_44150001_44200000	44150001	44200000	outside	2304	-0.0438261491495	-0.0403100208765	0.00998263888889	0.990017361111	0
2L_0885_44200001_44250000	44200001	44250000	outside	2304	-0.00671670407064	-0.00650554138764	0.159288194444	0.840711805556	0
2L_0886_44250001_44300000	44250001	44300000	outside	2304	-0.00830070745938	-0.00831382309212	0.211805555556	0.788194444444	0
2L_0887_44300001_44350000	44300001	44350000	outside	2304	-0.00994609704933	-0.00966508439266	0.143663194444	0.856336805556	0
2L_0888_44350001_44400000	44350001	44400000	outside	2304	-0.00471275835728	-0.00411163800961	0.3203125	0.6796875	0
2L_0889_44400001_44450000	44400001	44450000	outside	2304	-0.0404040062692	-0.0420525294933	0.00868055555556	0.991319444444	0
2L_0890_44450001_44500000	44450001	44500000	outside	2304	-0.0231255977396	-0.0233447009054	0.00651041666667	0.993489583333	0
2L_0891_44500001_44550000	44500001	44550000	outside	2304	-0.00572578616048	-0.00538446507694	0.286458333333	0.713541666667	0
2L_0892_44550001_44600000	44550001	44600000	outside	2304	-0.0112640013326	-0.0112373014857	0.125	0.875	0
2L_0893_44600001_44650000	44600001	44650000	outside	2304	-0.00879585552364	-0.00860833117273	0.132378472222	0.867621527778	0
2L_0894_44650001_44700000	44650001	44700000	outside	2304	-0.000781529691953	-0.000738537295683	0.466145833333	0.533854166667	0
2L_0895_44700001_44750000	44700001	44750000	outside	2304	-0.0035780231237	-0.00349271780042	0.319878472222	0.680121527778	0
2L_0896_44750001_44800000	44750001	44800000	outside	2304	-0.00696458312964	-0.00692420498972	0.204861111111	0.795138888889	0
2L_0897_44800001_44850000	44800001	44850000	outside	2304	-0.00900177524453	-0.00796163703843	0.245659722222	0.754340277778	0
2L_0898_44850001_44900000	44850001	44900000	outside	2304	-0.00378027950016	-0.00392868503669	0.289930555556	0.710069444444	0
2L_0899_44900001_44950000	44900001	44950000	outside	2304	-0.00169051333466	-0.00142395866435	0.420138888889	0.579861111111	0
2L_0900_44950001_45000000	44950001	45000000	outside	2304	-0.00180431641662	-0.00325413381381	0.3515625	0.6484375	0
2L_0901_45000001_45050000	45000001	45050000	outside	2304	-0.00493876264807	-0.00557154531476	0.365017361111	0.634982638889	0
2L_0902_45050001_45100000	45050001	45100000	outside	2304	-0.00459462701005	-0.00425443432786	0.309027777778	0.690972222222	0
2L_0903_45100001_45150000	45100001	45150000	outside	2304	-0.00726842848372	-0.00720314097196	0.167100694444	0.832899305556	0
2L_0904_45150001_45200000	45150001	45200000	outside	2304	-0.00840711812426	-0.00801290392906	0.176649305556	0.823350694444	0
2L_0905_45200001_45250000	45200001	45250000	outside	2304	-0.0107399009132	-0.0106603918877	0.126302083333	0.873697916667	0
2L_0906_45250001_45300000	45250001	45300000	outside	2304	-0.00404130605161	-0.00409762991887	0.311197916667	0.688802083333	0
2L_0907_45300001_45350000	45300001	45350000	outside	2304	-0.0159145372585	-0.0164063067448	0.0902777777778	0.909722222222	0
2L_0908_45350001_45400000	45350001	45400000	outside	2304	-0.00366913664169	-0.00335928533968	0.337673611111	0.662326388889	0
2L_0909_45400001_45450000	45400001	45450000	outside	2304	-0.00253831229212	-0.00269603286765	0.391493055556	0.608506944444	0
2L_0910_45450001_45500000	45450001	45500000	outside	2304	-0.00409429833383	-0.00395954594099	0.298611111111	0.701388888889	0
2L_0911_45500001_45550000	45500001	45550000	outside	2304	-0.00222572876557	-0.00194831548822	0.396701388889	0.603298611111	0
2L_0912_45550001_45600000	45550001	45600000	outside	2304	-0.00529905665565	-0.00520294639241	0.237847222222	0.762152777778	0
2L_0913_45600001_45650000	45600001	45650000	outside	2304	-0.00403193536086	-0.00428897600564	0.310329861111	0.689670138889	0
2L_0914_45650001_45700000	45650001	45700000	outside	2304	-0.00212204499066	-0.00206612045198	0.391493055556	0.608506944444	0
2L_0915_45700001_45750000	45700001	45750000	outside	2304	-0.00479965706554	-0.00461379491339	0.278211805556	0.721788194444	0
2L_0916_45750001_45800000	45750001	45800000	outside	2304	-0.011924376646	-0.0116239428142	0.0377604166667	0.962239583333	0
2L_0917_45800001_45850000	45800001	45850000	outside	2304	-0.0140051594952	-0.0136224713315	0.0338541666667	0.966145833333	0
2L_0918_45850001_45900000	45850001	45900000	outside	2304	-0.00778232883219	-0.00786182724447	0.141059027778	0.858940972222	0
2L_0919_45900001_45950000	45900001	45950000	outside	2304	-0.00427043006985	-0.00318289659831	0.326822916667	0.673177083333	0
2L_0920_45950001_46000000	45950001	46000000	outside	2304	-0.00127244256651	-0.000169298322854	0.492621527778	0.507378472222	0
2L_0921_46000001_46050000	46000001	46050000	outside	2304	-0.00592812984544	-0.005837741669	0.232204861111	0.767795138889	0
2L_0922_46050001_46100000	46050001	46100000	outside	2304	-0.00458648463835	-0.00347223899567	0.313368055556	0.686631944444	0
2L_0923_46100001_46150000	46100001	46150000	outside	2304	-0.00684371728657	-0.00601192252538	0.223090277778	0.776909722222	0
2L_0924_46150001_46200000	46150001	46200000	outside	2304	-0.00355403709237	-0.00342898100816	0.323784722222	0.676215277778	0
2L_0925_46200001_46250000	46200001	46250000	outside	2304	-0.000208801839833	-0.000320710070547	0.486111111111	0.513888888889	0
2L_0926_46250001_46300000	46250001	46300000	outside	2304	-0.000637566817559	-0.000321338229002	0.486545138889	0.513454861111	0
2L_0927_46300001_46350000	46300001	46350000	outside	2304	-0.00333268018007	-0.00348719673632	0.351996527778	0.648003472222	0
2L_0928_46350001_46400000	46350001	46400000	outside	2304	-0.00422191883161	-0.00447484716508	0.331163194444	0.668836805556	0
2L_0929_46400001_46450000	46400001	46450000	outside	2304	-0.00745273124991	-0.00699769061374	0.287760416667	0.712239583333	0
2L_0930_46450001_46500000	46450001	46500000	outside	2304	-0.00305293136614	-0.00290786274952	0.328993055556	0.671006944444	0
2L_0931_46500001_46550000	46500001	46550000	outside	2304	-0.00298050000016	-0.00285140758304	0.365451388889	0.634548611111	0
2L_0932_46550001_46600000	46550001	46600000	outside	2304	-0.00343477078608	-0.00372341533503	0.315972222222	0.684027777778	0
2L_0933_46600001_46650000	46600001	46650000	outside	2304	0.00102311183145	-8.48442562606e-05	0.497829861111	0.502170138889	0
2L_0934_46650001_46700000	46650001	46700000	outside	2304	-0.00289523836311	-0.00326564895529	0.3515625	0.6484375	0
2L_0935_46700001_46750000	46700001	46750000	outside	2304	-0.0088678790147	-0.0128862430889	0.261284722222	0.738715277778	0
2L_0936_46750001_46800000	46750001	46800000	outside	2304	-0.00426296349066	-0.0047870556933	0.290798611111	0.709201388889	0
2L_0937_46800001_46850000	46800001	46850000	outside	2304	-0.00205569997933	-0.00197791409837	0.398003472222	0.601996527778	0
2L_0938_46850001_46900000	46850001	46900000	outside	2304	-0.0126557683706	-0.0121006052455	0.110243055556	0.889756944444	0
2L_0939_46900001_46950000	46900001	46950000	outside	2304	-0.00403396955999	-0.00323227581576	0.375	0.625	0
2L_0940_46950001_47000000	46950001	47000000	outside	2304	-0.00415291188978	-0.00434955965526	0.313802083333	0.686197916667	0
2L_0941_47000001_47050000	47000001	47050000	outside	2304	-0.00530605657874	-0.00477772489362	0.275173611111	0.724826388889	0
2L_0942_47050001_47100000	47050001	47100000	outside	2304	-0.00892582846768	-0.00897026854975	0.106770833333	0.893229166667	0
2L_0943_47100001_47150000	47100001	47150000	outside	2304	-3.15478049982e-05	-0.000299834403244	0.486979166667	0.513020833333	0
2L_0944_47150001_47200000	47150001	47200000	outside	2304	0.000497097522482	0.000645551848561	0.532552083333	0.467447916667	0
2L_0945_47200001_47250000	47200001	47250000	outside	2304	-0.00253719435523	-0.00289900676399	0.361979166667	0.638020833333	0
2L_0946_47250001_47300000	47250001	47300000	outside	2304	-0.00339688521625	-0.00347993401544	0.339409722222	0.660590277778	0
2L_0947_47300001_47350000	47300001	47350000	outside	2304	-0.00226310749802	-0.00227748926148	0.390625	0.609375	0
2L_0948_47350001_47400000	47350001	47400000	outside	2304	-0.00110752166149	-0.0012378961737	0.432725694444	0.567274305556	0
2L_0949_47400001_47450000	47400001	47450000	outside	2304	-0.000234883841443	-0.00042748843631	0.484375	0.515625	0
2L_0950_47450001_47500000	47450001	47500000	outside	2304	-0.00434073091572	-0.00389460949572	0.304253472222	0.695746527778	0
2L_0951_47500001_47550000	47500001	47550000	outside	2304	-0.00475844220859	-0.004836658913	0.334635416667	0.665364583333	0
2L_0952_47550001_47600000	47550001	47600000	outside	2304	0.00132632536845	0.00147999416292	0.584201388889	0.415798611111	0
2L_0953_47600001_47650000	47600001	47650000	outside	2304	-0.00379564461329	-0.00347686813051	0.353298611111	0.646701388889	0
2L_0954_47650001_47700000	47650001	47700000	outside	2304	0.00142090655864	0.0019299796838	0.565538194444	0.434461805556	0
2L_0955_47700001_47750000	47700001	47750000	outside	2304	-0.00328224886296	-0.00373208027282	0.337239583333	0.662760416667	0
2L_0956_47750001_47800000	47750001	47800000	outside	2304	-0.00474031350907	-0.00388815765023	0.357204861111	0.642795138889	0
2L_0957_47800001_47850000	47800001	47850000	outside	2304	-0.0040827201041	-0.00356797361401	0.338541666667	0.661458333333	0
2L_0958_47850001_47900000	47850001	47900000	outside	2304	-0.00935510862843	-0.00894075839864	0.161458333333	0.838541666667	0
2L_0959_47900001_47950000	47900001	47950000	outside	2304	-0.00581723327091	-0.00582037324346	0.272569444444	0.727430555556	0
2L_0960_47950001_48000000	47950001	48000000	outside	2304	-0.0042317924504	-0.00445743130674	0.328125	0.671875	0
2L_0961_48000001_48050000	48000001	48050000	outside	2304	0.00180682284059	0.00140502525652	0.552083333333	0.447916666667	0
2L_0962_48050001_48100000	48050001	48100000	outside	2304	-0.0102945140301	-0.0101404458698	0.137586805556	0.862413194444	0
2L_0963_48100001_48150000	48100001	48150000	outside	2304	-0.00552325490932	-0.0049232604341	0.289930555556	0.710069444444	0
2L_0964_48150001_48200000	48150001	48200000	outside	2304	-0.00648591551712	-0.00648738910719	0.200086805556	0.799913194444	0
2L_0965_48200001_48250000	48200001	48250000	outside	2304	-0.00494006117806	-0.00514175231722	0.303385416667	0.696614583333	0
2L_0966_48250001_48300000	48250001	48300000	outside	2304	-0.00440207145364	-0.00422548990728	0.311631944444	0.688368055556	0
2L_0967_48300001_48350000	48300001	48350000	outside	2304	-0.00431246015797	-0.00479826888833	0.296006944444	0.703993055556	0
2L_0968_48350001_48400000	48350001	48400000	outside	2304	-0.00183219629535	-0.00168298040302	0.4140625	0.5859375	0
2L_0969_48400001_48450000	48400001	48450000	outside	2304	-0.00567580679933	-0.0057037534783	0.229166666667	0.770833333333	0
2L_0970_48450001_48500000	48450001	48500000	outside	2304	-0.00465344515701	-0.0047392375062	0.32421875	0.67578125	0
2L_0971_48500001_48550000	48500001	48550000	outside	2304	-0.0028939911575	-0.00257132658799	0.388020833333	0.611979166667	0
2L_0972_48550001_48600000	48550001	48600000	outside	2304	-0.00401054185354	-0.00429883063435	0.310763888889	0.689236111111	0
2L_0973_48600001_48650000	48600001	48650000	outside	2304	0.000571360651161	-7.90915615847e-05	0.494791666667	0.505208333333	0
2L_0974_48650001_48700000	48650001	48700000	outside	2304	-0.00154168203443	-0.00201507037122	0.405381944444	0.594618055556	0
2L_0975_48700001_48750000	48700001	48750000	outside	2304	-0.00244533785267	-0.00332203994661	0.341145833333	0.658854166667	0
2L_0976_48750001_48800000	48750001	48800000	outside	2304	-0.00568872915167	-0.00585301132297	0.21484375	0.78515625	0
2L_0977_48800001_48850000	48800001	48850000	outside	2304	-0.0013652915284	-0.0015135517579	0.433159722222	0.566840277778	0
2L_0978_48850001_48900000	48850001	48900000	outside	2304	-0.000802588943082	-0.000652666497685	0.466579861111	0.533420138889	0
2L_0979_48900001_48950000	48900001	48950000	outside	2304	-6.12015687652e-05	5.86137469056e-05	0.501302083333	0.498697916667	0
2L_0980_48950001_49000000	48950001	49000000	outside	2304	-0.0112249668696	-0.0114735672874	0.168402777778	0.831597222222	0
2L_0981_49000001_49050000	49000001	49050000	outside	2304	-0.00281444756609	-0.00249435635472	0.389756944444	0.610243055556	0
2L_0982_49050001_49100000	49050001	49100000	outside	2304	-0.00375180092471	-0.00307603145367	0.378472222222	0.621527777778	0
2L_0983_49100001_49150000	49100001	49150000	outside	2304	-0.0105266910954	-0.0103545936191	0.209635416667	0.790364583333	0
2L_0984_49150001_49200000	49150001	49200000	outside	2304	-0.0232906175048	-0.0189684061708	0.215711805556	0.784288194444	0
2L_0985_49200001_49250000	49200001	49250000	outside	2304	-0.00984189110578	-0.00749587781979	0.296440972222	0.703559027778	0
2L_0986_49250001_49300000	49250001	49300000	outside	2304	-0.00811182248851	-0.00714285714286	0.321614583333	0.677951388889	0.000434027777778
2L_0987_49300001_49350000	49300001	49350000	outside	2304	-0.021099955545	-0.0219981853009	0.187934027778	0.811197916667	0.000868055555556
2L_0988_49350001_49364325	49350001	49364325	outside	2304	-0.0150723682428	-0.0137313059283	0.253472222222	0.745659722222	0.000868055555556
