window_id	start	end	region_class	n_sites_raw	n_biallelic	n_post_filter_snps	mean_missingness	max_sample_missingness	mean_heterozygosity	callable	status	runtime_seconds	approx_dataset_bytes
2L_0001_1_50000	1	50000	outside	50000	1708	569	0.210618178605	0.444379391101	0.0557810182205	true	ok	0.49061947915	4753622.5
2L_0002_50001_100000	50001	100000	outside	50000	3034	1167	0.18431362794	0.363546473303	0.0797474916898	true	ok	0.49061947915	4753622.5
2L_0003_100001_150000	100001	150000	outside	50000	1591	443	0.280575880839	0.56002514142	0.0677667150204	false	low_signal	0.49061947915	4753622.5
2L_0004_150001_200000	150001	200000	outside	50000	3018	911	0.18914187829	0.34956925116	0.0509791827294	true	ok	0.49061947915	4753622.5
2L_0005_200001_250000	200001	250000	outside	50000	2489	857	0.154104474783	0.337886701487	0.0475768003728	true	ok	0.49061947915	4753622.5
2L_0006_250001_300000	250001	300000	outside	50000	2301	876	0.167146359663	0.384615384615	0.0611407023797	true	ok	0.49061947915	4753622.5
2L_0007_300001_350000	300001	350000	outside	50000	2707	1199	0.168947034592	0.329885482083	0.0840881642512	true	ok	0.49061947915	4753622.5
2L_0008_350001_400000	350001	400000	outside	50000	2650	1107	0.119273762905	0.236226415094	0.0705104367088	true	ok	0.49061947915	4753622.5
2L_0009_400001_450000	400001	450000	outside	50000	3200	1122	0.174557783019	0.351875	0.0579449266045	true	ok	0.49061947915	4753622.5
2L_0010_450001_500000	450001	500000	outside	50000	2947	864	0.199428904354	0.340006786563	0.0440412021561	true	ok	0.49061947915	4753622.5
2L_0011_500001_550000	500001	550000	outside	50000	2022	707	0.168588918127	0.35806132542	0.0541756922075	true	ok	0.49061947915	4753622.5
2L_0012_550001_600000	550001	600000	outside	50000	2985	1001	0.190354287159	0.412395309883	0.0527753923023	true	ok	0.49061947915	4753622.5
2L_0013_600001_650000	600001	650000	outside	50000	2883	934	0.187501227102	0.408255289629	0.0536693811468	true	ok	0.49061947915	4753622.5
2L_0014_650001_700000	650001	700000	outside	50000	3396	1076	0.226237304709	0.518551236749	0.0554183301261	false	low_signal	0.49061947915	4753622.5
2L_0015_700001_750000	700001	750000	outside	50000	2869	914	0.157092406137	0.285116765423	0.0442537255208	true	ok	0.49061947915	4753622.5
2L_0016_750001_800000	750001	800000	outside	50000	3216	1208	0.12578029663	0.323072139303	0.0478360367495	true	ok	0.49061947915	4753622.5
2L_0017_800001_850000	800001	850000	outside	50000	2315	786	0.190871673662	0.429373650108	0.0519863814013	true	ok	0.49061947915	4753622.5
2L_0018_850001_900000	850001	900000	outside	50000	3228	1229	0.161961375698	0.315365551425	0.0609938971229	true	ok	0.49061947915	4753622.5
2L_0019_900001_950000	900001	950000	outside	50000	3278	1284	0.153113380225	0.273032336791	0.0552901116677	true	ok	0.49061947915	4753622.5
2L_0020_950001_1000000	950001	1000000	outside	50000	2864	1220	0.0695820596606	0.155377094972	0.0511647666926	true	ok	0.49061947915	4753622.5
2L_0021_1000001_1050000	1000001	1050000	outside	50000	1516	364	0.2720914024	0.504617414248	0.0535512772287	false	low_signal	0.3702640182	4923908
2L_0022_1050001_1100000	1050001	1100000	outside	50000	3147	1041	0.175333201432	0.33428662218	0.0475910052564	true	ok	0.3702640182	4923908
2L_0023_1100001_1150000	1100001	1150000	outside	50000	1833	609	0.172528795973	0.276050190944	0.0562646166094	true	ok	0.3702640182	4923908
2L_0024_1150001_1200000	1150001	1200000	outside	50000	2245	784	0.211404798924	0.40846325167	0.0571666080506	true	ok	0.3702640182	4923908
2L_0025_1200001_1250000	1200001	1250000	outside	50000	2032	812	0.152911900163	0.305118110236	0.0563533125795	true	ok	0.3702640182	4923908
2L_0026_1250001_1300000	1250001	1300000	outside	50000	2962	1013	0.101416686838	0.225523295071	0.040279303867	true	ok	0.3702640182	4923908
2L_0027_1300001_1350000	1300001	1350000	outside	50000	2624	540	0.210703808099	0.315167682927	0.0372782843972	true	ok	0.3702640182	4923908
2L_0028_1350001_1400000	1350001	1400000	outside	50000	2273	669	0.230465928994	0.443906731192	0.053664850871	true	ok	0.3702640182	4923908
2L_0029_1400001_1450000	1400001	1450000	outside	50000	2521	707	0.212299701376	0.291154303848	0.0435166798104	true	ok	0.3702640182	4923908
2L_0030_1450001_1500000	1450001	1500000	outside	50000	2730	814	0.244598797429	0.402197802198	0.0582896458339	true	ok	0.3702640182	4923908
2L_0031_1500001_1550000	1500001	1550000	outside	50000	3129	1106	0.0487647509301	0.09364014062	0.0408431061807	true	ok	0.3702640182	4923908
2L_0032_1550001_1600000	1550001	1600000	outside	50000	3293	1158	0.122993886403	0.186759793501	0.0477581126726	true	ok	0.3702640182	4923908
2L_0033_1600001_1650000	1600001	1650000	outside	50000	3310	1009	0.225149632332	0.409667673716	0.0518053144219	true	ok	0.3702640182	4923908
2L_0034_1650001_1700000	1650001	1700000	outside	50000	3246	1206	0.143479928853	0.278496611214	0.0458148404522	true	ok	0.3702640182	4923908
2L_0035_1700001_1750000	1700001	1750000	outside	50000	3078	1134	0.192161045521	0.331384015595	0.069597681089	true	ok	0.3702640182	4923908
2L_0036_1750001_1800000	1750001	1800000	outside	50000	2905	899	0.208813691423	0.307056798623	0.054098427944	true	ok	0.3702640182	4923908
2L_0037_1800001_1850000	1800001	1850000	outside	50000	3254	1064	0.198635061637	0.380762138906	0.0494844614884	true	ok	0.3702640182	4923908
2L_0038_1850001_1900000	1850001	1900000	outside	50000	2793	1081	0.152922738112	0.343716433942	0.0559684828378	true	ok	0.3702640182	4923908
2L_0039_1900001_1950000	1900001	1950000	outside	50000	3634	1276	0.143030705808	0.276279581728	0.0486083342421	true	ok	0.3702640182	4923908
2L_0040_1950001_2000000	1950001	2000000	outside	50000	2860	1020	0.122951576725	0.234965034965	0.0559563121037	true	ok	0.3702640182	4923908
2L_0041_2000001_2050000	2000001	2050000	outside	50000	3463	1294	0.107682835801	0.186832226393	0.0426255533506	true	ok	0.49266175195	5186241.5
2L_0042_2050001_2100000	2050001	2100000	outside	50000	2719	901	0.143698779379	0.231702831924	0.0419857535312	true	ok	0.49266175195	5186241.5
2L_0043_2100001_2150000	2100001	2150000	outside	50000	3409	1190	0.124415393216	0.218245819889	0.0455062643017	true	ok	0.49266175195	5186241.5
2L_0044_2150001_2200000	2150001	2200000	outside	50000	2103	702	0.172027382266	0.25820256776	0.0528905022485	true	ok	0.49266175195	5186241.5
2L_0045_2200001_2250000	2200001	2250000	outside	50000	1736	397	0.325526041214	0.466013824885	0.0499701886975	true	ok	0.49266175195	5186241.5
2L_0046_2250001_2300000	2250001	2300000	outside	50000	3064	924	0.19092689295	0.328002610966	0.0429342324583	true	ok	0.49266175195	5186241.5
2L_0047_2300001_2350000	2300001	2350000	outside	50000	2174	582	0.246393917828	0.414903403864	0.0503501013451	true	ok	0.49266175195	5186241.5
2L_0048_2350001_2400000	2350001	2400000	outside	50000	3186	1103	0.0916332065996	0.158819836786	0.0364442416142	true	ok	0.49266175195	5186241.5
2L_0049_2400001_2450000	2400001	2450000	outside	50000	2899	900	0.069718250275	0.137288720248	0.0333928009235	true	ok	0.49266175195	5186241.5
2L_0050_2450001_2500000	2450001	2500000	outside	50000	3015	839	0.236208892644	0.388059701493	0.0497255223269	true	ok	0.49266175195	5186241.5
2L_0051_2500001_2550000	2500001	2550000	outside	50000	2748	769	0.175365960836	0.344978165939	0.0433294755335	true	ok	0.49266175195	5186241.5
2L_0052_2550001_2600000	2550001	2600000	outside	50000	3415	1230	0.0844277466228	0.200878477306	0.0401655864924	true	ok	0.49266175195	5186241.5
2L_0053_2600001_2650000	2600001	2650000	outside	50000	3672	1391	0.0810621942697	0.158496732026	0.0440617311563	true	ok	0.49266175195	5186241.5
2L_0054_2650001_2700000	2650001	2700000	outside	50000	3047	991	0.13436662105	0.223826714801	0.0382854526725	true	ok	0.49266175195	5186241.5
2L_0055_2700001_2750000	2700001	2750000	outside	50000	3165	1128	0.11426868163	0.223064770932	0.0401408024122	true	ok	0.49266175195	5186241.5
2L_0056_2750001_2800000	2750001	2800000	outside	50000	3382	1123	0.151668656483	0.264340626848	0.0518611074576	true	ok	0.49266175195	5186241.5
2L_0057_2800001_2850000	2800001	2850000	outside	50000	3337	1105	0.0864464183738	0.15433023674	0.0408239051321	true	ok	0.49266175195	5186241.5
2L_0058_2850001_2900000	2850001	2900000	outside	50000	2444	793	0.123042954637	0.290916530278	0.0411201295843	true	ok	0.49266175195	5186241.5
2L_0059_2900001_2950000	2900001	2950000	outside	50000	2993	959	0.0571017909714	0.111927831607	0.0376409865549	true	ok	0.49266175195	5186241.5
2L_0060_2950001_3000000	2950001	3000000	outside	50000	2825	866	0.0966438470529	0.155044247788	0.0362870134191	true	ok	0.49266175195	5186241.5
2L_0061_3000001_3050000	3000001	3050000	outside	50000	2868	895	0.0434199100024	0.0850767085077	0.0358105691728	true	ok	0.3237941235	5450874
2L_0062_3050001_3100000	3050001	3100000	outside	50000	3258	1059	0.0897587361155	0.141804788214	0.0400636233498	true	ok	0.3237941235	5450874
2L_0063_3100001_3150000	3100001	3150000	outside	50000	2792	881	0.093771963021	0.172994269341	0.0411856823266	true	ok	0.3237941235	5450874
2L_0064_3150001_3200000	3150001	3200000	outside	50000	3635	1198	0.0896161532273	0.125997248968	0.040395689606	true	ok	0.3237941235	5450874
2L_0065_3200001_3250000	3200001	3250000	outside	50000	3568	1137	0.0556572045012	0.0908071748879	0.0366952441216	true	ok	0.3237941235	5450874
2L_0066_3250001_3300000	3250001	3300000	outside	50000	3816	1417	0.062106918239	0.11713836478	0.0417582649312	true	ok	0.3237941235	5450874
2L_0067_3300001_3350000	3300001	3350000	outside	50000	3609	1190	0.124876488025	0.223884732613	0.039464487338	true	ok	0.3237941235	5450874
2L_0068_3350001_3400000	3350001	3400000	outside	50000	3535	1163	0.0951562541699	0.147666195191	0.037315589847	true	ok	0.3237941235	5450874
2L_0069_3400001_3450000	3400001	3450000	outside	50000	4088	1443	0.0310019200236	0.0508806262231	0.0373951521098	true	ok	0.3237941235	5450874
2L_0070_3450001_3500000	3450001	3500000	outside	50000	3888	1421	0.0515810621943	0.112654320988	0.0431550131757	true	ok	0.3237941235	5450874
2L_0071_3500001_3550000	3500001	3550000	outside	50000	3867	1619	0.0323052827261	0.0563744504784	0.0456713558211	true	ok	0.3237941235	5450874
2L_0072_3550001_3600000	3550001	3600000	outside	50000	4041	1518	0.117428434023	0.182628062361	0.0477296413664	true	ok	0.3237941235	5450874
2L_0073_3600001_3650000	3600001	3650000	outside	50000	4147	1639	0.0263705065267	0.0745116952014	0.0368653473212	true	ok	0.3237941235	5450874
2L_0074_3650001_3700000	3650001	3700000	outside	50000	3440	1337	0.0671347082054	0.106976744186	0.0430738476011	true	ok	0.3237941235	5450874
2L_0075_3700001_3750000	3700001	3750000	outside	50000	4226	1739	0.0412049397709	0.0726455276858	0.0469664585167	true	ok	0.3237941235	5450874
2L_0076_3750001_3800000	3750001	3800000	outside	50000	3934	1378	0.0625701432121	0.118962887646	0.0419787573674	true	ok	0.3237941235	5450874
2L_0077_3800001_3850000	3800001	3850000	outside	50000	3538	1230	0.13555254541	0.207744488412	0.0394210838022	true	ok	0.3237941235	5450874
2L_0078_3850001_3900000	3850001	3900000	outside	50000	4209	1488	0.038121366165	0.0784034212402	0.0333452950744	true	ok	0.3237941235	5450874
2L_0079_3900001_3950000	3900001	3950000	outside	50000	4188	1518	0.0481834892145	0.10100286533	0.0327875836019	true	ok	0.3237941235	5450874
2L_0080_3950001_4000000	3950001	4000000	outside	50000	3769	1456	0.0943896834654	0.156805518705	0.0391648516877	true	ok	0.3237941235	5450874
2L_0081_4000001_4050000	4000001	4050000	outside	50000	1930	510	0.265783556555	0.408808290155	0.0411168661705	true	ok	0.3545131652	5298975
2L_0082_4050001_4100000	4050001	4100000	outside	50000	3184	880	0.264387977624	0.47675879397	0.0551089128053	true	ok	0.3545131652	5298975
2L_0083_4100001_4150000	4100001	4150000	outside	50000	3861	1492	0.0403356252413	0.132608132608	0.0401417666858	true	ok	0.3545131652	5298975
2L_0084_4150001_4200000	4150001	4200000	outside	50000	4024	1453	0.0926610150418	0.221421471173	0.0416670973076	true	ok	0.3545131652	5298975
2L_0085_4200001_4250000	4200001	4250000	outside	50000	3313	1271	0.0383167510493	0.0956836703894	0.0372199619806	true	ok	0.3545131652	5298975
2L_0086_4250001_4300000	4250001	4300000	outside	50000	3676	1330	0.0862555690147	0.192328618063	0.0422361155581	true	ok	0.3545131652	5298975
2L_0087_4300001_4350000	4300001	4350000	outside	50000	3943	1507	0.0404011886362	0.0798884098402	0.043717836199	true	ok	0.3545131652	5298975
2L_0088_4350001_4400000	4350001	4400000	outside	50000	3278	1062	0.0589061438751	0.0967053081147	0.0389235474006	true	ok	0.3545131652	5298975
2L_0089_4400001_4450000	4400001	4450000	outside	50000	3852	1407	0.0132251807441	0.0259605399792	0.0369509967437	true	ok	0.3545131652	5298975
2L_0090_4450001_4500000	4450001	4500000	outside	50000	3511	1067	0.0290515522643	0.0501281686129	0.0353835850717	true	ok	0.3545131652	5298975
2L_0091_4500001_4550000	4500001	4550000	outside	50000	3817	1522	0.107320280177	0.173958606235	0.0525222880558	true	ok	0.3545131652	5298975
2L_0092_4550001_4600000	4550001	4600000	outside	50000	3928	1418	0.0699237213234	0.160641547862	0.0421273892587	true	ok	0.3545131652	5298975
2L_0093_4600001_4650000	4600001	4650000	outside	50000	3007	1002	0.179869612414	0.323245759894	0.0400826288206	true	ok	0.3545131652	5298975
2L_0094_4650001_4700000	4650001	4700000	outside	50000	3599	1213	0.0919490214787	0.189497082523	0.03834695857	true	ok	0.3545131652	5298975
2L_0095_4700001_4750000	4700001	4750000	outside	50000	3648	1281	0.113693727243	0.202028508772	0.0438837081733	true	ok	0.3545131652	5298975
2L_0096_4750001_4800000	4750001	4800000	outside	50000	4128	1585	0.0284847155185	0.0554748062016	0.041665098423	true	ok	0.3545131652	5298975
2L_0097_4800001_4850000	4800001	4850000	outside	50000	3927	1367	0.0487769721954	0.0855614973262	0.0374282120831	true	ok	0.3545131652	5298975
2L_0098_4850001_4900000	4850001	4900000	outside	50000	3806	1233	0.0794921623256	0.129532317394	0.0366161684161	true	ok	0.3545131652	5298975
2L_0099_4900001_4950000	4900001	4950000	outside	50000	4171	1513	0.10381655908	0.225605370415	0.0426372827629	true	ok	0.3545131652	5298975
2L_0100_4950001_5000000	4950001	5000000	outside	50000	3438	1183	0.0517194068513	0.0849331006399	0.0366977255628	true	ok	0.3545131652	5298975
2L_0101_5000001_5050000	5000001	5050000	outside	50000	3791	1414	0.0886060829273	0.136639409127	0.0385921799913	true	ok	0.38444227475	5120670.5
2L_0102_5050001_5100000	5050001	5100000	outside	50000	2703	702	0.305816737517	0.456899741028	0.0564918349288	true	ok	0.38444227475	5120670.5
2L_0103_5100001_5150000	5100001	5150000	outside	50000	3253	1023	0.267375833048	0.546572394713	0.0678800737861	false	low_signal	0.38444227475	5120670.5
2L_0104_5150001_5200000	5150001	5200000	outside	50000	1610	481	0.270842611039	0.568322981366	0.0761503720728	false	low_signal	0.38444227475	5120670.5
2L_0105_5200001_5250000	5200001	5250000	outside	50000	3609	1015	0.299053205561	0.494319756165	0.0784113369383	true	ok	0.38444227475	5120670.5
2L_0106_5250001_5300000	5250001	5300000	outside	50000	4179	1535	0.206937653226	0.495573103613	0.0697967014512	true	ok	0.38444227475	5120670.5
2L_0107_5300001_5350000	5300001	5350000	outside	50000	4595	1694	0.184334900528	0.384983677911	0.0613814732963	true	ok	0.38444227475	5120670.5
2L_0108_5350001_5400000	5350001	5400000	outside	50000	2214	432	0.35976035861	0.536585365854	0.064064850187	false	low_signal	0.38444227475	5120670.5
2L_0109_5400001_5450000	5400001	5450000	outside	50000	3167	1118	0.232092748926	0.444269024313	0.0586062966469	true	ok	0.38444227475	5120670.5
2L_0110_5450001_5500000	5450001	5500000	outside	50000	3780	1460	0.184591194969	0.274867724868	0.063479820518	true	ok	0.38444227475	5120670.5
2L_0111_5500001_5550000	5500001	5550000	outside	50000	4342	1971	0.0881430173036	0.1768770152	0.0580246089915	true	ok	0.38444227475	5120670.5
2L_0112_5550001_5600000	5550001	5600000	outside	50000	4692	2235	0.0984413453651	0.200980392157	0.0576504487145	true	ok	0.38444227475	5120670.5
2L_0113_5600001_5650000	5600001	5650000	outside	50000	3442	1453	0.101284904564	0.192620569436	0.0488688555587	true	ok	0.38444227475	5120670.5
2L_0114_5650001_5700000	5650001	5700000	outside	50000	3968	1625	0.0208888085819	0.0529233870968	0.0413965256834	true	ok	0.38444227475	5120670.5
2L_0115_5700001_5750000	5700001	5750000	outside	50000	3743	1341	0.01595430968	0.0288538605397	0.036600858545	true	ok	0.38444227475	5120670.5
2L_0116_5750001_5800000	5750001	5800000	outside	50000	4135	1590	0.0413816705072	0.0877871825877	0.0416020106052	true	ok	0.38444227475	5120670.5
2L_0117_5800001_5850000	5800001	5850000	outside	50000	4194	1635	0.107426602244	0.206962327134	0.0444247314809	true	ok	0.38444227475	5120670.5
2L_0118_5850001_5900000	5850001	5900000	outside	50000	3653	1456	0.0637315414056	0.125923898166	0.0460969824019	true	ok	0.38444227475	5120670.5
2L_0119_5900001_5950000	5900001	5950000	outside	50000	4003	1544	0.068114008833	0.11516362728	0.0409796265199	true	ok	0.38444227475	5120670.5
2L_0120_5950001_6000000	5950001	6000000	outside	50000	2837	1058	0.116100584593	0.167077899189	0.0454463372058	true	ok	0.38444227475	5120670.5
2L_0121_6000001_6050000	6000001	6050000	outside	50000	4344	1829	0.0817957538483	0.165976058932	0.0507332071902	true	ok	0.39455289925	5457600.5
2L_0122_6050001_6100000	6050001	6100000	outside	50000	4561	1764	0.129390691383	0.198202148652	0.0483666341973	true	ok	0.39455289925	5457600.5
2L_0123_6100001_6150000	6100001	6150000	outside	50000	4142	1555	0.0692036478595	0.113954611299	0.0452396566406	true	ok	0.39455289925	5457600.5
2L_0124_6150001_6200000	6150001	6200000	outside	50000	4442	1786	0.0270998105562	0.0511031067087	0.0447639338823	true	ok	0.39455289925	5457600.5
2L_0125_6200001_6250000	6200001	6250000	outside	50000	3998	1377	0.0166215183063	0.0377688844422	0.0344192117943	true	ok	0.39455289925	5457600.5
2L_0126_6250001_6300000	6250001	6300000	outside	50000	3749	1238	0.181683669104	0.300880234729	0.0486540342073	true	ok	0.39455289925	5457600.5
2L_0127_6300001_6350000	6300001	6350000	outside	50000	3470	1089	0.266461856343	0.440057636888	0.0523405359327	true	ok	0.39455289925	5457600.5
2L_0128_6350001_6400000	6350001	6400000	outside	50000	3587	1217	0.0741619369737	0.155561750767	0.0366963616117	true	ok	0.39455289925	5457600.5
2L_0129_6400001_6450000	6400001	6450000	outside	50000	4357	1691	0.041178584884	0.0929538673399	0.0429967662096	true	ok	0.39455289925	5457600.5
2L_0130_6450001_6500000	6450001	6500000	outside	50000	4193	1771	0.0576657411949	0.142857142857	0.0412675370319	true	ok	0.39455289925	5457600.5
2L_0131_6500001_6550000	6500001	6550000	outside	50000	4330	1828	0.0462939561637	0.116859122402	0.040568201548	true	ok	0.39455289925	5457600.5
2L_0132_6550001_6600000	6550001	6600000	outside	50000	3997	1462	0.160327793015	0.260695521641	0.0495960691939	true	ok	0.39455289925	5457600.5
2L_0133_6600001_6650000	6600001	6650000	outside	50000	4275	1733	0.0509279488028	0.104561403509	0.0442577056865	true	ok	0.39455289925	5457600.5
2L_0134_6650001_6700000	6650001	6700000	outside	50000	4190	1750	0.0351375692349	0.0868735083532	0.0379759832359	true	ok	0.39455289925	5457600.5
2L_0135_6700001_6750000	6700001	6750000	outside	50000	4323	1782	0.0437152745953	0.0677770067083	0.0376489596217	true	ok	0.39455289925	5457600.5
2L_0136_6750001_6800000	6750001	6800000	outside	50000	4215	1636	0.0520289173885	0.112930011862	0.0415682904256	true	ok	0.39455289925	5457600.5
2L_0137_6800001_6850000	6800001	6850000	outside	50000	4297	1687	0.0416877066492	0.0809867349313	0.0442159571495	true	ok	0.39455289925	5457600.5
2L_0138_6850001_6900000	6850001	6900000	outside	50000	4453	1628	0.00684295937867	0.0121266561868	0.0410078756282	true	ok	0.39455289925	5457600.5
2L_0139_6900001_6950000	6900001	6950000	outside	50000	4430	1642	0.0121299885004	0.0212189616253	0.0424890705435	true	ok	0.39455289925	5457600.5
2L_0140_6950001_7000000	6950001	7000000	outside	50000	3693	1442	0.0210035303915	0.0365556458164	0.0418801991462	true	ok	0.39455289925	5457600.5
2L_0141_7000001_7050000	7000001	7050000	outside	50000	4052	1662	0.0718582949953	0.144373149062	0.0375669763802	true	ok	0.38184973075	5362181
2L_0142_7050001_7100000	7050001	7100000	outside	50000	4222	1552	0.043071780342	0.0997157745144	0.0386170888441	true	ok	0.38184973075	5362181
2L_0143_7100001_7150000	7100001	7150000	outside	50000	3646	1274	0.11766319254	0.223258365332	0.0389557832505	true	ok	0.38184973075	5362181
2L_0144_7150001_7200000	7150001	7200000	outside	50000	4256	1528	0.118323521067	0.202067669173	0.0507849033076	true	ok	0.38184973075	5362181
2L_0145_7200001_7250000	7200001	7250000	outside	50000	3772	1521	0.052647111787	0.0888123011665	0.0501554984133	true	ok	0.38184973075	5362181
2L_0146_7250001_7300000	7250001	7300000	outside	50000	4038	1371	0.119118375433	0.170381376919	0.0421279326972	true	ok	0.38184973075	5362181
2L_0147_7300001_7350000	7300001	7350000	outside	50000	3953	1439	0.106921421037	0.15962560081	0.0447709344336	true	ok	0.38184973075	5362181
2L_0148_7350001_7400000	7350001	7400000	outside	50000	3102	895	0.209317178205	0.330109606705	0.0450947358704	true	ok	0.38184973075	5362181
2L_0149_7400001_7450000	7400001	7450000	outside	50000	2918	1002	0.170723033352	0.238519533927	0.044405111851	true	ok	0.38184973075	5362181
2L_0150_7450001_7500000	7450001	7500000	outside	50000	3482	1126	0.197349170397	0.448018380241	0.0511253932463	true	ok	0.38184973075	5362181
2L_0151_7500001_7550000	7500001	7550000	outside	50000	3730	1434	0.116449997471	0.191957104558	0.0483657661062	true	ok	0.38184973075	5362181
2L_0152_7550001_7600000	7550001	7600000	outside	50000	4313	1546	0.0640100792252	0.100857871551	0.0413167131713	true	ok	0.38184973075	5362181
2L_0153_7600001_7650000	7600001	7650000	outside	50000	3948	1403	0.00868842117337	0.0278622087133	0.0385872552139	true	ok	0.38184973075	5362181
2L_0154_7650001_7700000	7650001	7700000	outside	50000	3903	1266	0.00626030291165	0.0163976428388	0.0395302679457	true	ok	0.38184973075	5362181
2L_0155_7700001_7750000	7700001	7750000	outside	50000	3828	1491	0.0687190709962	0.129049111808	0.0457494892613	true	ok	0.38184973075	5362181
2L_0156_7750001_7800000	7750001	7800000	outside	50000	3817	1575	0.0620708745879	0.103222425989	0.0432740956236	true	ok	0.38184973075	5362181
2L_0157_7800001_7850000	7800001	7850000	outside	50000	4475	1657	0.0667228839465	0.125586592179	0.0438174836232	true	ok	0.38184973075	5362181
2L_0158_7850001_7900000	7850001	7900000	outside	50000	3748	1286	0.0231922434103	0.0400213447172	0.0396470776192	true	ok	0.38184973075	5362181
2L_0159_7900001_7950000	7900001	7950000	outside	50000	4025	1483	0.0227399507793	0.0489440993789	0.0439863004499	true	ok	0.38184973075	5362181
2L_0160_7950001_8000000	7950001	8000000	outside	50000	4562	1687	0.00864400751077	0.0188513809733	0.0429752686737	true	ok	0.38184973075	5362181
2L_0161_8000001_8050000	8000001	8050000	outside	50000	4076	1494	0.0644083174403	0.112855740922	0.0443660508426	true	ok	0.3369882612	5040849
2L_0162_8050001_8100000	8050001	8100000	outside	50000	4640	1837	0.0127643135979	0.0211206896552	0.048500500451	true	ok	0.3369882612	5040849
2L_0163_8100001_8150000	8100001	8150000	outside	50000	4196	1421	0.00712268647589	0.0135843660629	0.0391297259108	true	ok	0.3369882612	5040849
2L_0164_8150001_8200000	8150001	8200000	outside	50000	3132	1068	0.0456878478999	0.0814176245211	0.0417455748302	true	ok	0.3369882612	5040849
2L_0165_8200001_8250000	8200001	8250000	outside	50000	3596	1232	0.049997901232	0.0717463848721	0.0401692266057	true	ok	0.3369882612	5040849
2L_0166_8250001_8300000	8250001	8300000	outside	50000	4546	1698	0.0870306883929	0.131324241091	0.0477339988817	true	ok	0.3369882612	5040849
2L_0167_8300001_8350000	8300001	8350000	outside	50000	4022	1424	0.0568054943096	0.0989557434112	0.0378300680901	true	ok	0.3369882612	5040849
2L_0168_8350001_8400000	8350001	8400000	outside	50000	3980	1339	0.218336967858	0.38040201005	0.0479731204968	true	ok	0.3369882612	5040849
2L_0169_8400001_8450000	8400001	8450000	outside	50000	1900	610	0.264806355511	0.42	0.05860820704	true	ok	0.3369882612	5040849
2L_0170_8450001_8500000	8450001	8500000	outside	50000	2861	1045	0.208496831165	0.37818944425	0.0520171974204	true	ok	0.3369882612	5040849
2L_0171_8500001_8550000	8500001	8550000	outside	50000	2673	891	0.228073890548	0.50355405911	0.0447886757256	false	low_signal	0.3369882612	5040849
2L_0172_8550001_8600000	8550001	8600000	outside	50000	3216	1178	0.10891884915	0.226368159204	0.044336759216	true	ok	0.3369882612	5040849
2L_0173_8600001_8650000	8600001	8650000	outside	50000	4283	1657	0.0781721505381	0.134018211534	0.0455857474648	true	ok	0.3369882612	5040849
2L_0174_8650001_8700000	8650001	8700000	outside	50000	4287	1542	0.0511242853559	0.0786097504082	0.0442264430993	true	ok	0.3369882612	5040849
2L_0175_8700001_8750000	8700001	8750000	outside	50000	4476	1897	0.087742593623	0.134048257373	0.0525569166362	true	ok	0.3369882612	5040849
2L_0176_8750001_8800000	8750001	8800000	outside	50000	4365	1611	0.0882059262141	0.148453608247	0.0479522515988	true	ok	0.3369882612	5040849
2L_0177_8800001_8850000	8800001	8850000	outside	50000	3507	1301	0.0843488225705	0.153977758768	0.0468056853102	true	ok	0.3369882612	5040849
2L_0178_8850001_8900000	8850001	8900000	outside	50000	4205	1603	0.0331949835102	0.0604042806183	0.0410318053345	true	ok	0.3369882612	5040849
2L_0179_8900001_8950000	8900001	8950000	outside	50000	4186	1619	0.0425362168594	0.0774008600096	0.0441246392777	true	ok	0.3369882612	5040849
2L_0180_8950001_9000000	8950001	9000000	outside	50000	4026	1494	0.0486601242865	0.124689518132	0.0393310180054	true	ok	0.3369882612	5040849
2L_0181_9000001_9050000	9000001	9050000	outside	50000	4449	1865	0.0317137198522	0.0552933243425	0.0400098108348	true	ok	0.32667877145	5286528.5
2L_0182_9050001_9100000	9050001	9100000	outside	50000	4365	1848	0.0812595906546	0.150973654066	0.0445362415665	true	ok	0.32667877145	5286528.5
2L_0183_9100001_9150000	9100001	9150000	outside	50000	2842	986	0.18022784911	0.250527797326	0.0474412653164	true	ok	0.32667877145	5286528.5
2L_0184_9150001_9200000	9150001	9200000	outside	50000	4588	1961	0.0697636163248	0.10047951177	0.0461229000884	true	ok	0.32667877145	5286528.5
2L_0185_9200001_9250000	9200001	9250000	outside	50000	4394	1948	0.0679700449155	0.12426035503	0.0494533593178	true	ok	0.32667877145	5286528.5
2L_0186_9250001_9300000	9250001	9300000	outside	50000	3418	1113	0.222136966338	0.35283791691	0.0451271351827	true	ok	0.32667877145	5286528.5
2L_0187_9300001_9350000	9300001	9350000	outside	50000	4281	1788	0.0422533969757	0.0875963559916	0.0439610503161	true	ok	0.32667877145	5286528.5
2L_0188_9350001_9400000	9350001	9400000	outside	50000	4155	1791	0.0668210612356	0.120336943442	0.0446082725061	true	ok	0.32667877145	5286528.5
2L_0189_9400001_9450000	9400001	9450000	outside	50000	4068	1832	0.0504443331293	0.0946411012783	0.0462955726623	true	ok	0.32667877145	5286528.5
2L_0190_9450001_9500000	9450001	9500000	outside	50000	4758	2029	0.0682901488655	0.151744430433	0.0469285346431	true	ok	0.32667877145	5286528.5
2L_0191_9500001_9550000	9500001	9550000	outside	50000	3923	1723	0.0540162274732	0.110884527148	0.0457882534776	true	ok	0.32667877145	5286528.5
2L_0192_9550001_9600000	9550001	9600000	outside	50000	4527	1931	0.040599172262	0.0938811574994	0.0442851557409	true	ok	0.32667877145	5286528.5
2L_0193_9600001_9650000	9600001	9650000	outside	50000	4550	1846	0.0571967654987	0.118681318681	0.0412435069076	true	ok	0.32667877145	5286528.5
2L_0194_9650001_9700000	9650001	9700000	outside	50000	4510	1893	0.048073463582	0.0909090909091	0.04852794466	true	ok	0.32667877145	5286528.5
2L_0195_9700001_9750000	9700001	9750000	outside	50000	2438	939	0.0887752101166	0.156275635767	0.0423719456783	true	ok	0.32667877145	5286528.5
2L_0196_9750001_9800000	9750001	9800000	outside	50000	4390	1812	0.0382258133838	0.0740318906606	0.0451746389246	true	ok	0.32667877145	5286528.5
2L_0197_9800001_9850000	9800001	9850000	outside	50000	4034	1652	0.025836989364	0.0552801189886	0.0422752283006	true	ok	0.32667877145	5286528.5
2L_0198_9850001_9900000	9850001	9900000	outside	50000	4502	1815	0.0341399629515	0.0890715237672	0.0374728803263	true	ok	0.32667877145	5286528.5
2L_0199_9900001_9950000	9900001	9950000	outside	50000	4314	1778	0.0442482133641	0.0866944830783	0.040988445258	true	ok	0.32667877145	5286528.5
2L_0200_9950001_10000000	9950001	10000000	outside	50000	4907	2175	0.0477638798636	0.0894640309762	0.0515931822862	true	ok	0.32667877145	5286528.5
2L_0201_10000001_10050000	10000001	10050000	outside	50000	4550	1996	0.033236574746	0.0608791208791	0.0465352692646	true	ok	0.30195430225	5488796.5
2L_0202_10050001_10100000	10050001	10100000	outside	50000	4916	2246	0.0429287501727	0.0951993490643	0.0512786580206	true	ok	0.30195430225	5488796.5
2L_0203_10100001_10150000	10100001	10150000	outside	50000	3993	1525	0.0760103766497	0.146756824443	0.045227903837	true	ok	0.30195430225	5488796.5
2L_0204_10150001_10200000	10150001	10200000	outside	50000	4493	1791	0.0875281885029	0.157578455375	0.0499341881207	true	ok	0.30195430225	5488796.5
2L_0205_10200001_10250000	10200001	10250000	outside	50000	3779	1448	0.0159770729004	0.0344006350886	0.0455433387286	true	ok	0.30195430225	5488796.5
2L_0206_10250001_10300000	10250001	10300000	outside	50000	4377	1695	0.0164754872166	0.0351839159241	0.0427421228179	true	ok	0.30195430225	5488796.5
2L_0207_10300001_10350000	10300001	10350000	outside	50000	4011	1509	0.024385769323	0.0493642483171	0.0409066581806	true	ok	0.30195430225	5488796.5
2L_0208_10350001_10400000	10350001	10400000	outside	50000	4206	1801	0.0532931391812	0.104374702806	0.0507207232821	true	ok	0.30195430225	5488796.5
2L_0209_10400001_10450000	10400001	10450000	outside	50000	5382	2499	0.075566353253	0.12077294686	0.055178219962	true	ok	0.30195430225	5488796.5
2L_0210_10450001_10500000	10450001	10500000	outside	50000	4651	1976	0.0464700226772	0.0739625886906	0.0513299411184	true	ok	0.30195430225	5488796.5
2L_0211_10500001_10550000	10500001	10550000	outside	50000	4174	1779	0.0303270018353	0.063009103977	0.0499923081585	true	ok	0.30195430225	5488796.5
2L_0212_10550001_10600000	10550001	10600000	outside	50000	4677	1898	0.0708565803753	0.130853110969	0.05243642458	true	ok	0.30195430225	5488796.5
2L_0213_10600001_10650000	10600001	10650000	outside	50000	4984	2063	0.0549002089706	0.0985152487961	0.0511035449629	true	ok	0.30195430225	5488796.5
2L_0214_10650001_10700000	10650001	10700000	outside	50000	4857	1988	0.0188795785892	0.0300597076385	0.0496276147149	true	ok	0.30195430225	5488796.5
2L_0215_10700001_10750000	10700001	10750000	outside	50000	4562	1998	0.0303905106168	0.0469092503288	0.0483923254762	true	ok	0.30195430225	5488796.5
2L_0216_10750001_10800000	10750001	10800000	outside	50000	5212	2336	0.043824845422	0.0813507290867	0.0511755574906	true	ok	0.30195430225	5488796.5
2L_0217_10800001_10850000	10800001	10850000	outside	50000	4429	1871	0.034332039687	0.0480921201174	0.0484475776211	true	ok	0.30195430225	5488796.5
2L_0218_10850001_10900000	10850001	10900000	outside	50000	4860	2010	0.0137161270285	0.0329218106996	0.0484910272509	true	ok	0.30195430225	5488796.5
2L_0219_10900001_10950000	10900001	10950000	outside	50000	4760	2169	0.0635960044395	0.106092436975	0.0525957093754	true	ok	0.30195430225	5488796.5
2L_0220_10950001_11000000	10950001	11000000	outside	50000	3980	1681	0.0674504598464	0.121105527638	0.0474907478954	true	ok	0.30195430225	5488796.5
2L_0221_11000001_11050000	11000001	11050000	outside	50000	5105	2279	0.0703712601408	0.123408423115	0.0516052082298	true	ok	0.4322646573	5496023.5
2L_0222_11050001_11100000	11050001	11100000	outside	50000	4653	1923	0.0799930253965	0.119492800344	0.0458564363854	true	ok	0.4322646573	5496023.5
2L_0223_11100001_11150000	11100001	11150000	outside	50000	4960	2163	0.063405356056	0.131451612903	0.0480561467353	true	ok	0.4322646573	5496023.5
2L_0224_11150001_11200000	11150001	11200000	outside	50000	4657	1996	0.0287252705402	0.0665664590938	0.0443163378954	true	ok	0.4322646573	5496023.5
2L_0225_11200001_11250000	11200001	11250000	outside	50000	4985	2130	0.0480725194451	0.124172517553	0.0448104205102	true	ok	0.4322646573	5496023.5
2L_0226_11250001_11300000	11250001	11300000	outside	50000	4733	1939	0.0651945991413	0.114515106698	0.047135333376	true	ok	0.4322646573	5496023.5
2L_0227_11300001_11350000	11300001	11350000	outside	50000	5021	2225	0.0513428505935	0.0995817566222	0.0482432164785	true	ok	0.4322646573	5496023.5
2L_0228_11350001_11400000	11350001	11400000	outside	50000	4950	2181	0.0648256146369	0.120808080808	0.0490986088863	true	ok	0.4322646573	5496023.5
2L_0229_11400001_11450000	11400001	11450000	outside	50000	4027	1543	0.118736266053	0.20784703253	0.0518424788265	true	ok	0.4322646573	5496023.5
2L_0230_11450001_11500000	11450001	11500000	outside	50000	4649	1863	0.0903420090342	0.133362013336	0.0456149587083	true	ok	0.4322646573	5496023.5
2L_0231_11500001_11550000	11500001	11550000	outside	50000	4003	1662	0.0510183400186	0.0779415438421	0.0420940224005	true	ok	0.4322646573	5496023.5
2L_0232_11550001_11600000	11550001	11600000	outside	50000	3605	1514	0.0628424881585	0.128155339806	0.0474148041417	true	ok	0.4322646573	5496023.5
2L_0233_11600001_11650000	11600001	11650000	outside	50000	4627	2004	0.0656646182579	0.120380376054	0.0448352012849	true	ok	0.4322646573	5496023.5
2L_0234_11650001_11700000	11650001	11700000	outside	50000	4697	1975	0.0330078211303	0.0923994038748	0.041857064522	true	ok	0.4322646573	5496023.5
2L_0235_11700001_11750000	11700001	11750000	outside	50000	4870	2154	0.0438456472047	0.0979466119097	0.042983390939	true	ok	0.4322646573	5496023.5
2L_0236_11750001_11800000	11750001	11800000	outside	50000	5018	2045	0.0451845055912	0.0809087285771	0.0419986059534	true	ok	0.4322646573	5496023.5
2L_0237_11800001_11850000	11800001	11850000	outside	50000	4826	1969	0.0214013715018	0.0476585163697	0.0398994822296	true	ok	0.4322646573	5496023.5
2L_0238_11850001_11900000	11850001	11900000	outside	50000	5047	1923	0.0108041018202	0.0243709134139	0.0409749018333	true	ok	0.4322646573	5496023.5
2L_0239_11900001_11950000	11900001	11950000	outside	50000	4787	1798	0.0117535305919	0.0210988092751	0.0418818724599	true	ok	0.4322646573	5496023.5
2L_0240_11950001_12000000	11950001	12000000	outside	50000	4758	1886	0.0442591226693	0.0832282471627	0.046130291727	true	ok	0.4322646573	5496023.5
2L_0241_12000001_12050000	12000001	12050000	outside	50000	4549	2000	0.0227958041784	0.0558364475709	0.0458359684382	true	ok	0.33437190305	5478720.5
2L_0242_12050001_12100000	12050001	12100000	outside	50000	4714	1993	0.062487492095	0.136190072126	0.0490073859027	true	ok	0.33437190305	5478720.5
2L_0243_12100001_12150000	12100001	12150000	outside	50000	4497	1746	0.0320339345727	0.0664887702913	0.0464877376401	true	ok	0.33437190305	5478720.5
2L_0244_12150001_12200000	12150001	12200000	outside	50000	4689	1809	0.0685104037148	0.129451908723	0.0522741704861	true	ok	0.33437190305	5478720.5
2L_0245_12200001_12250000	12200001	12250000	outside	50000	4482	1893	0.0297331885193	0.0557786702365	0.0507542855655	true	ok	0.33437190305	5478720.5
2L_0246_12250001_12300000	12250001	12300000	outside	50000	4277	1882	0.0447148195041	0.113631049801	0.0469186543213	true	ok	0.33437190305	5478720.5
2L_0247_12300001_12350000	12300001	12350000	outside	50000	4896	2140	0.0717220064126	0.122344771242	0.0507063771136	true	ok	0.33437190305	5478720.5
2L_0248_12350001_12400000	12350001	12400000	outside	50000	4915	2138	0.0647689974856	0.10986775178	0.0522774943252	true	ok	0.33437190305	5478720.5
2L_0249_12400001_12450000	12400001	12450000	outside	50000	4745	2104	0.0467025866354	0.086406743941	0.0572536914991	true	ok	0.33437190305	5478720.5
2L_0250_12450001_12500000	12450001	12500000	outside	50000	4391	1802	0.082862458803	0.128216807105	0.0508529369047	true	ok	0.33437190305	5478720.5
2L_0251_12500001_12550000	12500001	12550000	outside	50000	4710	1902	0.0650362536554	0.0953290870488	0.0495340517149	true	ok	0.33437190305	5478720.5
2L_0252_12550001_12600000	12550001	12600000	outside	50000	5085	2293	0.0515018274244	0.127826941986	0.0516733496333	true	ok	0.33437190305	5478720.5
2L_0253_12600001_12650000	12600001	12650000	outside	50000	5006	1998	0.0277817562321	0.0519376747903	0.0476338162491	true	ok	0.33437190305	5478720.5
2L_0254_12650001_12700000	12650001	12700000	outside	50000	4829	2131	0.0412054529044	0.0681300476289	0.0575937992836	true	ok	0.33437190305	5478720.5
2L_0255_12700001_12750000	12700001	12750000	outside	50000	4761	1989	0.0353065195595	0.0703633690401	0.0528090903116	true	ok	0.33437190305	5478720.5
2L_0256_12750001_12800000	12750001	12800000	outside	50000	4940	2002	0.0382896646551	0.0900809716599	0.0486348021208	true	ok	0.33437190305	5478720.5
2L_0257_12800001_12850000	12800001	12850000	outside	50000	5294	2236	0.0276318509384	0.0619569323763	0.0487741405789	true	ok	0.33437190305	5478720.5
2L_0258_12850001_12900000	12850001	12900000	outside	50000	4371	1705	0.0888143553351	0.134980553649	0.0505902751459	true	ok	0.33437190305	5478720.5
2L_0259_12900001_12950000	12900001	12950000	outside	50000	3942	1312	0.0132439236859	0.0240994419077	0.0364572975228	true	ok	0.33437190305	5478720.5
2L_0260_12950001_13000000	12950001	13000000	outside	50000	4279	1511	0.0365144386583	0.105632157046	0.0424290408501	true	ok	0.33437190305	5478720.5
2L_0261_13000001_13050000	13000001	13050000	outside	50000	4255	1920	0.0807219031993	0.235252643948	0.0546811312473	true	ok	0.34570268465	5274681.5
2L_0262_13050001_13100000	13050001	13100000	outside	50000	4860	2249	0.056398012268	0.190329218107	0.0521326624234	true	ok	0.34570268465	5274681.5
2L_0263_13100001_13150000	13100001	13150000	outside	50000	4795	2040	0.054144450784	0.108446298227	0.0519937597504	true	ok	0.34570268465	5274681.5
2L_0264_13150001_13200000	13150001	13200000	outside	50000	4462	1842	0.0625449286639	0.104885701479	0.0474751347572	true	ok	0.34570268465	5274681.5
2L_0265_13200001_13250000	13200001	13250000	outside	50000	3338	1163	0.0646641871192	0.0973636908328	0.0375466840712	true	ok	0.34570268465	5274681.5
2L_0266_13250001_13300000	13250001	13300000	outside	50000	4726	1903	0.0286891463522	0.0448582310622	0.0390025154958	true	ok	0.34570268465	5274681.5
2L_0267_13300001_13350000	13300001	13350000	outside	50000	4180	1461	0.0437076825855	0.0897129186603	0.0382097358124	true	ok	0.34570268465	5274681.5
2L_0268_13350001_13400000	13350001	13400000	outside	50000	3390	1028	0.121227806534	0.190265486726	0.0419091893672	true	ok	0.34570268465	5274681.5
2L_0269_13400001_13450000	13400001	13450000	outside	50000	2828	1081	0.140074991327	0.294554455446	0.0571732265748	true	ok	0.34570268465	5274681.5
2L_0270_13450001_13500000	13450001	13500000	outside	50000	3607	1529	0.120938845327	0.284446908788	0.0569708005308	true	ok	0.34570268465	5274681.5
2L_0271_13500001_13550000	13500001	13550000	outside	50000	3936	1457	0.0538809633379	0.116361788618	0.0443790280086	true	ok	0.34570268465	5274681.5
2L_0272_13550001_13600000	13550001	13600000	outside	50000	4347	1630	0.0986279846001	0.143087186565	0.0536577614269	true	ok	0.34570268465	5274681.5
2L_0273_13600001_13650000	13600001	13650000	outside	50000	5151	2088	0.052438984187	0.0914385556203	0.0495231689262	true	ok	0.34570268465	5274681.5
2L_0274_13650001_13700000	13650001	13700000	outside	50000	4769	1840	0.0580755429128	0.104005032502	0.04742983392	true	ok	0.34570268465	5274681.5
2L_0275_13700001_13750000	13700001	13750000	outside	50000	4450	1647	0.0595632817469	0.0887640449438	0.0443593835944	true	ok	0.34570268465	5274681.5
2L_0276_13750001_13800000	13750001	13800000	outside	50000	4558	1623	0.0646427181733	0.102457218078	0.0450172155887	true	ok	0.34570268465	5274681.5
2L_0277_13800001_13850000	13800001	13850000	outside	50000	4859	1966	0.0310219899273	0.0611236880016	0.0494794380014	true	ok	0.34570268465	5274681.5
2L_0278_13850001_13900000	13850001	13900000	outside	50000	3932	1379	0.0840035317377	0.132502543235	0.050075959977	true	ok	0.34570268465	5274681.5
2L_0279_13900001_13950000	13900001	13950000	outside	50000	3544	1280	0.0806252395758	0.191027088036	0.0533331789123	true	ok	0.34570268465	5274681.5
2L_0280_13950001_14000000	13950001	14000000	outside	50000	4755	2038	0.0243715651846	0.0504731861199	0.0533974856938	true	ok	0.34570268465	5274681.5
2L_0281_14000001_14050000	14000001	14050000	outside	50000	4650	1977	0.0269993913573	0.0554838709677	0.0515521526631	true	ok	0.34181520355	5495814.5
2L_0282_14050001_14100000	14050001	14100000	outside	50000	4655	1902	0.0495754210324	0.0818474758324	0.0530953071425	true	ok	0.34181520355	5495814.5
2L_0283_14100001_14150000	14100001	14150000	outside	50000	4933	2204	0.0406083021928	0.0754105007095	0.0532946354532	true	ok	0.34181520355	5495814.5
2L_0284_14150001_14200000	14150001	14200000	outside	50000	4838	2161	0.0488935861536	0.079371641174	0.0567745215826	true	ok	0.34181520355	5495814.5
2L_0285_14200001_14250000	14200001	14250000	outside	50000	4550	1913	0.0621480406386	0.10967032967	0.0545270446536	true	ok	0.34181520355	5495814.5
2L_0286_14250001_14300000	14250001	14300000	outside	50000	4795	2187	0.0686524878509	0.161001042753	0.0636238423579	true	ok	0.34181520355	5495814.5
2L_0287_14300001_14350000	14300001	14350000	outside	50000	4598	1839	0.0203492905037	0.032187907786	0.0488784635684	true	ok	0.34181520355	5495814.5
2L_0288_14350001_14400000	14350001	14400000	outside	50000	5026	2036	0.0581429397323	0.0988857938719	0.051301367133	true	ok	0.34181520355	5495814.5
2L_0289_14400001_14450000	14400001	14450000	outside	50000	5126	2190	0.0328697943889	0.0819352321498	0.0509233181604	true	ok	0.34181520355	5495814.5
2L_0290_14450001_14500000	14450001	14500000	outside	50000	5157	2281	0.0473253061419	0.087260034904	0.0501102209796	true	ok	0.34181520355	5495814.5
2L_0291_14500001_14550000	14500001	14550000	outside	50000	4991	2260	0.0557116016377	0.103386094971	0.0518764062037	true	ok	0.34181520355	5495814.5
2L_0292_14550001_14600000	14550001	14600000	outside	50000	4858	2224	0.0693934144807	0.159530671058	0.0538590274908	true	ok	0.34181520355	5495814.5
2L_0293_14600001_14650000	14600001	14650000	outside	50000	4894	2101	0.0212774980531	0.0406620351451	0.0507005747194	true	ok	0.34181520355	5495814.5
2L_0294_14650001_14700000	14650001	14700000	outside	50000	5032	2147	0.0448450670426	0.0955882352941	0.0520813705169	true	ok	0.34181520355	5495814.5
2L_0295_14700001_14750000	14700001	14750000	outside	50000	4476	1866	0.0292250493196	0.0556300268097	0.0499185826874	true	ok	0.34181520355	5495814.5
2L_0296_14750001_14800000	14750001	14800000	outside	50000	4727	2025	0.040158702915	0.0810239052253	0.054397637959	true	ok	0.34181520355	5495814.5
2L_0297_14800001_14850000	14800001	14850000	outside	50000	4504	2021	0.0629335768625	0.109236234458	0.0566009057218	true	ok	0.34181520355	5495814.5
2L_0298_14850001_14900000	14850001	14900000	outside	50000	4991	2124	0.0366622184082	0.090362652775	0.0501913077602	true	ok	0.34181520355	5495814.5
2L_0299_14900001_14950000	14900001	14950000	outside	50000	5390	2500	0.0571113522596	0.0929499072356	0.0630357706373	true	ok	0.34181520355	5495814.5
2L_0300_14950001_15000000	14950001	15000000	outside	50000	4681	1988	0.102687298715	0.162785729545	0.0628792949326	true	ok	0.34181520355	5495814.5
2L_0301_15000001_15050000	15000001	15050000	outside	50000	5122	2390	0.0368849137645	0.0663803201874	0.0600184354358	true	ok	0.4527025346	5496045.5
2L_0302_15050001_15100000	15050001	15100000	outside	50000	5053	2116	0.0419478060857	0.0803483079359	0.0499191269609	true	ok	0.4527025346	5496045.5
2L_0303_15100001_15150000	15100001	15150000	outside	50000	5110	2195	0.0412694310084	0.0810176125245	0.0502747898156	true	ok	0.4527025346	5496045.5
2L_0304_15150001_15200000	15150001	15200000	outside	50000	4698	1673	0.13515586721	0.229246487867	0.05483396102	true	ok	0.4527025346	5496045.5
2L_0305_15200001_15250000	15200001	15250000	outside	50000	5138	2257	0.0163561183046	0.0367847411444	0.0580900470395	true	ok	0.4527025346	5496045.5
2L_0306_15250001_15300000	15250001	15300000	outside	50000	5011	2105	0.00863007044879	0.0195569746558	0.0535453167788	true	ok	0.4527025346	5496045.5
2L_0307_15300001_15350000	15300001	15350000	outside	50000	5098	2163	0.0440350266845	0.0696351510396	0.0559900269458	true	ok	0.4527025346	5496045.5
2L_0308_15350001_15400000	15350001	15400000	outside	50000	5024	2270	0.0232694387694	0.047173566879	0.055476091604	true	ok	0.4527025346	5496045.5
2L_0309_15400001_15450000	15400001	15450000	outside	50000	4918	2178	0.0394776216747	0.067710451403	0.0589301976322	true	ok	0.4527025346	5496045.5
2L_0310_15450001_15500000	15450001	15500000	outside	50000	4259	1644	0.0175566059887	0.027940831181	0.0474513446727	true	ok	0.4527025346	5496045.5
2L_0311_15500001_15550000	15500001	15550000	outside	50000	4950	1997	0.026498951782	0.0484848484848	0.0497850413864	true	ok	0.4527025346	5496045.5
2L_0312_15550001_15600000	15550001	15600000	outside	50000	5071	2219	0.0247764759286	0.0410175507789	0.0511247443763	true	ok	0.4527025346	5496045.5
2L_0313_15600001_15650000	15600001	15650000	outside	50000	5077	2140	0.0413667260044	0.0860744534174	0.0478891257996	true	ok	0.4527025346	5496045.5
2L_0314_15650001_15700000	15650001	15700000	outside	50000	4917	2181	0.0425286165441	0.0789099044133	0.0538438108674	true	ok	0.4527025346	5496045.5
2L_0315_15700001_15750000	15700001	15750000	outside	50000	5067	2319	0.0502437153464	0.0892046575883	0.0578535078296	true	ok	0.4527025346	5496045.5
2L_0316_15750001_15800000	15750001	15800000	outside	50000	5249	2282	0.0427682541508	0.0950657268051	0.0531395161078	true	ok	0.4527025346	5496045.5
2L_0317_15800001_15850000	15800001	15850000	outside	50000	5156	2243	0.07078033286	0.116563227308	0.0562329182518	true	ok	0.4527025346	5496045.5
2L_0318_15850001_15900000	15850001	15900000	outside	50000	4616	2016	0.0938613845198	0.16356152513	0.0547217899271	true	ok	0.4527025346	5496045.5
2L_0319_15900001_15950000	15900001	15950000	outside	50000	5309	2345	0.0371423392815	0.0755321152759	0.0504270538819	true	ok	0.4527025346	5496045.5
2L_0320_15950001_16000000	15950001	16000000	outside	50000	4904	2092	0.0423104743144	0.0909461663948	0.0516240483699	true	ok	0.4527025346	5496045.5
2L_0321_16000001_16050000	16000001	16050000	outside	50000	4816	1944	0.0277494828559	0.046511627907	0.0547256865392	true	ok	0.3661568185	5339015
2L_0322_16050001_16100000	16050001	16100000	outside	50000	3416	1355	0.0210828067695	0.0371779859485	0.0488458565375	true	ok	0.3661568185	5339015
2L_0323_16100001_16150000	16100001	16150000	outside	50000	2826	1039	0.101016170599	0.227176220807	0.0517051868576	true	ok	0.3661568185	5339015
2L_0324_16150001_16200000	16150001	16200000	outside	50000	5116	2298	0.0440091758007	0.0633307271306	0.0568138417916	true	ok	0.3661568185	5339015
2L_0325_16200001_16250000	16200001	16250000	outside	50000	4852	2172	0.0566426604862	0.109027205276	0.0584319221732	true	ok	0.3661568185	5339015
2L_0326_16250001_16300000	16250001	16300000	outside	50000	4493	1975	0.0692901746532	0.110393946138	0.0588731619057	true	ok	0.3661568185	5339015
2L_0327_16300001_16350000	16300001	16350000	outside	50000	4612	1963	0.0292591925903	0.0563746747615	0.0513941100116	true	ok	0.3661568185	5339015
2L_0328_16350001_16400000	16350001	16400000	outside	50000	5124	2196	0.0339357518448	0.0647931303669	0.0512242906585	true	ok	0.3661568185	5339015
2L_0329_16400001_16450000	16400001	16450000	outside	50000	5778	2658	0.0487143818126	0.0789200415369	0.0595401557072	true	ok	0.3661568185	5339015
2L_0330_16450001_16500000	16450001	16500000	outside	50000	5449	2504	0.071756285557	0.112681225913	0.0620612219014	true	ok	0.3661568185	5339015
2L_0331_16500001_16550000	16500001	16550000	outside	50000	4990	2152	0.0254698075396	0.0422845691383	0.0543001699427	true	ok	0.3661568185	5339015
2L_0332_16550001_16600000	16550001	16600000	outside	50000	5329	2460	0.0477628639307	0.0669919309439	0.0622390285075	true	ok	0.3661568185	5339015
2L_0333_16600001_16650000	16600001	16650000	outside	50000	4620	1989	0.024953034387	0.0467532467532	0.0547392670157	true	ok	0.3661568185	5339015
2L_0334_16650001_16700000	16650001	16700000	outside	50000	4455	1743	0.027744954789	0.0518518518519	0.0531834259727	true	ok	0.3661568185	5339015
2L_0335_16700001_16750000	16700001	16750000	outside	50000	5164	2351	0.041517472195	0.0772656855151	0.0562385401538	true	ok	0.3661568185	5339015
2L_0336_16750001_16800000	16750001	16800000	outside	50000	5208	2186	0.0447135031736	0.0850614439324	0.0505191859892	true	ok	0.3661568185	5339015
2L_0337_16800001_16850000	16800001	16850000	outside	50000	5185	2183	0.0374010662106	0.0595949855352	0.0499646538917	true	ok	0.3661568185	5339015
2L_0338_16850001_16900000	16850001	16900000	outside	50000	4563	1814	0.0485488279392	0.0736357659435	0.0499352449826	true	ok	0.3661568185	5339015
2L_0339_16900001_16950000	16900001	16950000	outside	50000	5144	1991	0.042823292937	0.0859253499222	0.0440915553137	true	ok	0.3661568185	5339015
2L_0340_16950001_17000000	16950001	17000000	outside	50000	4865	2108	0.0331361864686	0.0635149023638	0.0551662448205	true	ok	0.3661568185	5339015
2L_0341_17000001_17050000	17000001	17050000	outside	50000	4115	1552	0.08509135927	0.129526123937	0.0529325388274	true	ok	0.3513347618	5493372.5
2L_0342_17050001_17100000	17050001	17100000	outside	50000	3715	1417	0.0612153685975	0.110363391655	0.0520877289793	true	ok	0.3513347618	5493372.5
2L_0343_17100001_17150000	17100001	17150000	outside	50000	4572	1667	0.0155375625217	0.0229658792651	0.0467740650846	true	ok	0.3513347618	5493372.5
2L_0344_17150001_17200000	17150001	17200000	outside	50000	4959	1987	0.0238179486887	0.0352893728574	0.0493204504087	true	ok	0.3513347618	5493372.5
2L_0345_17200001_17250000	17200001	17250000	outside	50000	4854	1897	0.03170308868	0.0632468067573	0.0457516077493	true	ok	0.3513347618	5493372.5
2L_0346_17250001_17300000	17250001	17300000	outside	50000	5066	2149	0.0167412792646	0.0345440189499	0.0480221815661	true	ok	0.3513347618	5493372.5
2L_0347_17300001_17350000	17300001	17350000	outside	50000	4533	1816	0.0227305836861	0.0423560555923	0.0521193587407	true	ok	0.3513347618	5493372.5
2L_0348_17350001_17400000	17350001	17400000	outside	50000	4882	2055	0.0409552224962	0.0659565751741	0.0527545950215	true	ok	0.3513347618	5493372.5
2L_0349_17400001_17450000	17400001	17450000	outside	50000	5077	2094	0.0554628531929	0.0921804215088	0.0560952482127	true	ok	0.3513347618	5493372.5
2L_0350_17450001_17500000	17450001	17500000	outside	50000	5218	2377	0.0501565697838	0.0791490992718	0.0648081527925	true	ok	0.3513347618	5493372.5
2L_0351_17500001_17550000	17500001	17550000	outside	50000	4850	2272	0.0548842637619	0.0907216494845	0.0661515917379	true	ok	0.3513347618	5493372.5
2L_0352_17550001_17600000	17550001	17600000	outside	50000	5089	2154	0.0617684461862	0.151110237768	0.0534069399384	true	ok	0.3513347618	5493372.5
2L_0353_17600001_17650000	17600001	17650000	outside	50000	5214	2324	0.0573817950221	0.118335251247	0.0542257711576	true	ok	0.3513347618	5493372.5
2L_0354_17650001_17700000	17650001	17700000	outside	50000	5248	2303	0.0391415957202	0.0611661585366	0.0543185024153	true	ok	0.3513347618	5493372.5
2L_0355_17700001_17750000	17700001	17750000	outside	50000	4884	2120	0.0326827685318	0.0565110565111	0.0539274417713	true	ok	0.3513347618	5493372.5
2L_0356_17750001_17800000	17750001	17800000	outside	50000	5301	2136	0.0941367417326	0.144312393888	0.0563014479087	true	ok	0.3513347618	5493372.5
2L_0357_17800001_17850000	17800001	17850000	outside	50000	4843	2009	0.04113308841	0.0673136485649	0.0543025584976	true	ok	0.3513347618	5493372.5
2L_0358_17850001_17900000	17850001	17900000	outside	50000	4931	2039	0.110789269274	0.156357736767	0.0560869920693	true	ok	0.3513347618	5493372.5
2L_0359_17900001_17950000	17900001	17950000	outside	50000	4730	1933	0.0270134428976	0.0469344608879	0.0522429668987	true	ok	0.3513347618	5493372.5
2L_0360_17950001_18000000	17950001	18000000	outside	50000	5189	2201	0.0628579324187	0.0982848333012	0.0550614984674	true	ok	0.3513347618	5493372.5
2L_0361_18000001_18050000	18000001	18050000	outside	50000	4974	1942	0.0603705305324	0.0999195818255	0.052860839621	true	ok	0.4002829079	5492146
2L_0362_18050001_18100000	18050001	18100000	outside	50000	4266	1627	0.0778777344337	0.168073136428	0.0566166242985	true	ok	0.4002829079	5492146
2L_0363_18100001_18150000	18100001	18150000	outside	50000	4648	1819	0.0757274380541	0.124569707401	0.0520885945303	true	ok	0.4002829079	5492146
2L_0364_18150001_18200000	18150001	18200000	outside	50000	5047	2117	0.0277205588225	0.0422032890826	0.0546955505314	true	ok	0.4002829079	5492146
2L_0365_18200001_18250000	18200001	18250000	outside	50000	5046	2166	0.0547304421959	0.0949266745937	0.0584847370066	true	ok	0.4002829079	5492146
2L_0366_18250001_18300000	18250001	18300000	outside	50000	4653	1917	0.0554562080054	0.0896196002579	0.0569820506326	true	ok	0.4002829079	5492146
2L_0367_18300001_18350000	18300001	18350000	outside	50000	4889	2086	0.101737824998	0.161587236654	0.0590964748341	true	ok	0.4002829079	5492146
2L_0368_18350001_18400000	18350001	18400000	outside	50000	5272	2195	0.041865891717	0.0665781487102	0.0530110041163	true	ok	0.4002829079	5492146
2L_0369_18400001_18450000	18400001	18450000	outside	50000	5232	2210	0.0415512665166	0.0651758409786	0.0539706668071	true	ok	0.4002829079	5492146
2L_0370_18450001_18500000	18450001	18500000	outside	50000	5321	2188	0.102161957073	0.144521706446	0.0553313164983	true	ok	0.4002829079	5492146
2L_0371_18500001_18550000	18500001	18550000	outside	50000	3358	1362	0.0756964500433	0.131030375223	0.0514097093044	true	ok	0.4002829079	5492146
2L_0372_18550001_18600000	18550001	18600000	outside	50000	4996	2159	0.0607731468193	0.100680544436	0.0527712548654	true	ok	0.4002829079	5492146
2L_0373_18600001_18650000	18600001	18650000	outside	50000	4251	1820	0.0482239473065	0.0818630910374	0.0508911666775	true	ok	0.4002829079	5492146
2L_0374_18650001_18700000	18650001	18700000	outside	50000	4823	2006	0.0585676338613	0.100559817541	0.0524625178684	true	ok	0.4002829079	5492146
2L_0375_18700001_18750000	18700001	18750000	outside	50000	5151	2335	0.0560103735124	0.0966802562609	0.0521512385919	true	ok	0.4002829079	5492146
2L_0376_18750001_18800000	18750001	18800000	outside	50000	4742	2161	0.0717036836619	0.143188528047	0.0544223227106	true	ok	0.4002829079	5492146
2L_0377_18800001_18850000	18800001	18850000	outside	50000	5294	2317	0.057836924678	0.0914242538723	0.0509165739879	true	ok	0.4002829079	5492146
2L_0378_18850001_18900000	18850001	18900000	outside	50000	5254	2376	0.061868405743	0.123905595737	0.0563670885107	true	ok	0.4002829079	5492146
2L_0379_18900001_18950000	18900001	18950000	outside	50000	4619	1842	0.130249543518	0.194197878329	0.049835384955	true	ok	0.4002829079	5492146
2L_0380_18950001_19000000	18950001	19000000	outside	50000	4897	1920	0.0377319961008	0.0614662037982	0.0493337283982	true	ok	0.4002829079	5492146
2L_0381_19000001_19050000	19000001	19050000	outside	50000	5031	2037	0.07946580259	0.112303716955	0.0484897373846	true	ok	0.44480150135	5441964
2L_0382_19050001_19100000	19050001	19100000	outside	50000	4940	2112	0.0658582232068	0.104655870445	0.0520367818724	true	ok	0.44480150135	5441964
2L_0383_19100001_19150000	19100001	19150000	outside	50000	4879	1890	0.0963698871173	0.141422422628	0.050918614952	true	ok	0.44480150135	5441964
2L_0384_19150001_19200000	19150001	19200000	outside	50000	4454	1456	0.218023231185	0.34575662326	0.0597903518514	true	ok	0.44480150135	5441964
2L_0385_19200001_19250000	19200001	19250000	outside	50000	4890	2161	0.0248909981865	0.0376278118609	0.0572612268963	true	ok	0.44480150135	5441964
2L_0386_19250001_19300000	19250001	19300000	outside	50000	4954	2141	0.0300652798196	0.0557125555107	0.0536345359448	true	ok	0.44480150135	5441964
2L_0387_19300001_19350000	19300001	19350000	outside	50000	5207	2352	0.0554695964431	0.107547532168	0.0542386146097	true	ok	0.44480150135	5441964
2L_0388_19350001_19400000	19350001	19400000	outside	50000	4056	1759	0.0596181757285	0.103057199211	0.0525940876172	true	ok	0.44480150135	5441964
2L_0389_19400001_19450000	19400001	19450000	outside	50000	5207	2241	0.068605034587	0.112540810447	0.0554120402431	true	ok	0.44480150135	5441964
2L_0390_19450001_19500000	19450001	19500000	outside	50000	5451	2474	0.0585559859191	0.0904421207118	0.0559183193253	true	ok	0.44480150135	5441964
2L_0391_19500001_19550000	19500001	19550000	outside	50000	5197	2284	0.0326204159875	0.055031749086	0.0576755636953	true	ok	0.44480150135	5441964
2L_0392_19550001_19600000	19550001	19600000	outside	50000	4143	1675	0.0265690252711	0.0473087134926	0.0499426887179	true	ok	0.44480150135	5441964
2L_0393_19600001_19650000	19600001	19650000	outside	50000	5323	2416	0.059606052765	0.0978771369528	0.058054375563	true	ok	0.44480150135	5441964
2L_0394_19650001_19700000	19650001	19700000	outside	50000	5291	2357	0.0468292543764	0.0810810810811	0.0595231414451	true	ok	0.44480150135	5441964
2L_0395_19700001_19750000	19700001	19750000	outside	50000	5452	2374	0.0852932626421	0.141232575202	0.0597820740797	true	ok	0.44480150135	5441964
2L_0396_19750001_19800000	19750001	19800000	outside	50000	5359	2478	0.0493227756516	0.0798656465759	0.0586368316186	true	ok	0.44480150135	5441964
2L_0397_19800001_19850000	19800001	19850000	outside	50000	5549	2556	0.0386709146982	0.072625698324	0.057299698646	true	ok	0.44480150135	5441964
2L_0398_19850001_19900000	19850001	19900000	outside	50000	5671	2598	0.0372933461537	0.0641862105449	0.060189249155	true	ok	0.44480150135	5441964
2L_0399_19900001_19950000	19900001	19950000	outside	50000	5320	2383	0.0312526599518	0.0468045112782	0.0573022683673	true	ok	0.44480150135	5441964
2L_0400_19950001_20000000	19950001	20000000	outside	50000	5141	2284	0.050775673186	0.0890877261233	0.0573813592744	true	ok	0.44480150135	5441964
2L_0401_20000001_20050000	20000001	20050000	outside	50000	5244	2206	0.0671135385634	0.112700228833	0.0571237932883	true	ok	0.41796309155	5397282
2L_0402_20050001_20100000	20050001	20100000	outside	50000	5237	2146	0.0205540403731	0.0299789956082	0.0535099464422	true	ok	0.41796309155	5397282
2L_0403_20100001_20150000	20100001	20150000	outside	50000	5150	1977	0.0309543872504	0.0481553398058	0.0512739082272	true	ok	0.41796309155	5397282
2L_0404_20150001_20200000	20150001	20200000	outside	50000	4831	2029	0.0581113328621	0.0863175326019	0.0548506410575	true	ok	0.41796309155	5397282
2L_0405_20200001_20250000	20200001	20250000	outside	50000	5154	2365	0.0286899349104	0.0535506402794	0.0601074154339	true	ok	0.41796309155	5397282
2L_0406_20250001_20300000	20250001	20300000	outside	50000	5226	2410	0.0459386666089	0.0903176425564	0.0614484548957	true	ok	0.41796309155	5397282
2L_0407_20300001_20350000	20300001	20350000	outside	50000	4531	2021	0.0851992354555	0.125579342309	0.0569547939531	true	ok	0.41796309155	5397282
2L_0408_20350001_20400000	20350001	20400000	outside	50000	4599	1953	0.0455882533939	0.0743639921722	0.0576783373095	true	ok	0.41796309155	5397282
2L_0409_20400001_20450000	20400001	20450000	outside	50000	4907	1875	0.0585570863341	0.0929284695333	0.054218638959	true	ok	0.41796309155	5397282
2L_0410_20450001_20500000	20450001	20500000	outside	50000	5251	2237	0.0470602185388	0.0836031232146	0.0565296411092	true	ok	0.41796309155	5397282
2L_0411_20500001_20550000	20500001	20550000	boundary	50000	4773	1819	0.112871537619	0.19882673371	0.0533785469842	true	ok	0.41796309155	5397282
2L_0412_20550001_20600000	20550001	20600000	inside	50000	4352	1661	0.0916906562153	0.161534926471	0.0488432367415	true	ok	0.41796309155	5397282
2L_0413_20600001_20650000	20600001	20650000	inside	50000	5118	1969	0.138792423338	0.248339194998	0.0493394861433	true	ok	0.41796309155	5397282
2L_0414_20650001_20700000	20650001	20700000	inside	50000	5189	1897	0.13719151907	0.252649836192	0.0495855230164	true	ok	0.41796309155	5397282
2L_0415_20700001_20750000	20700001	20750000	inside	50000	5008	1916	0.0866538067394	0.145966453674	0.0463072963073	true	ok	0.41796309155	5397282
2L_0416_20750001_20800000	20750001	20800000	inside	50000	3077	1134	0.14232191365	0.285017874553	0.0475867048924	true	ok	0.41796309155	5397282
2L_0417_20800001_20850000	20800001	20850000	inside	50000	5105	1887	0.140561417774	0.234280117532	0.0491756044277	true	ok	0.41796309155	5397282
2L_0418_20850001_20900000	20850001	20900000	inside	50000	5429	2382	0.0619141785728	0.0981764597532	0.0465171419892	true	ok	0.41796309155	5397282
2L_0419_20900001_20950000	20900001	20950000	inside	50000	5639	2189	0.0888622698391	0.170065614471	0.0463113595217	true	ok	0.41796309155	5397282
2L_0420_20950001_21000000	20950001	21000000	inside	50000	5328	2237	0.0580202844354	0.108858858859	0.0463233082707	true	ok	0.41796309155	5397282
2L_0421_21000001_21050000	21000001	21050000	inside	50000	5496	2359	0.0855956991019	0.157933042213	0.0502374650373	true	ok	0.39397693485	5494687
2L_0422_21050001_21100000	21050001	21100000	inside	50000	4945	2002	0.0191540912299	0.02891809909	0.0431447299321	true	ok	0.39397693485	5494687
2L_0423_21100001_21150000	21100001	21150000	inside	50000	4806	1869	0.0306338774645	0.0518102372035	0.0425288054594	true	ok	0.39397693485	5494687
2L_0424_21150001_21200000	21150001	21200000	inside	50000	4219	1686	0.0772829115368	0.118748518606	0.048786871262	true	ok	0.39397693485	5494687
2L_0425_21200001_21250000	21200001	21250000	inside	50000	4732	1998	0.053322222045	0.0800929839391	0.0498140449746	true	ok	0.39397693485	5494687
2L_0426_21250001_21300000	21250001	21300000	inside	50000	4720	1866	0.054597057883	0.0872881355932	0.0429510109851	true	ok	0.39397693485	5494687
2L_0427_21300001_21350000	21300001	21350000	inside	50000	4892	1947	0.053668677394	0.091169255928	0.0422724067802	true	ok	0.39397693485	5494687
2L_0428_21350001_21400000	21350001	21400000	inside	50000	5437	2148	0.0933228299458	0.168291337134	0.0456426135516	true	ok	0.39397693485	5494687
2L_0429_21400001_21450000	21400001	21450000	inside	50000	5508	2238	0.0598717474411	0.102396514161	0.0445880063838	true	ok	0.39397693485	5494687
2L_0430_21450001_21500000	21450001	21500000	inside	50000	5470	2166	0.0745886654479	0.121389396709	0.04238014656	true	ok	0.39397693485	5494687
2L_0431_21500001_21550000	21500001	21550000	inside	50000	5297	2120	0.0507193463014	0.0911836888805	0.0432191878485	true	ok	0.39397693485	5494687
2L_0432_21550001_21600000	21550001	21600000	inside	50000	5653	2234	0.0850808887583	0.157969219883	0.0477239728876	true	ok	0.39397693485	5494687
2L_0433_21600001_21650000	21600001	21650000	inside	50000	5137	2138	0.0527177965261	0.10200506132	0.0474432743459	true	ok	0.39397693485	5494687
2L_0434_21650001_21700000	21650001	21700000	inside	50000	4958	1938	0.064504098579	0.119604679306	0.0445440640458	true	ok	0.39397693485	5494687
2L_0435_21700001_21750000	21700001	21750000	inside	50000	5315	2312	0.0279699675181	0.0460959548448	0.0447526806322	true	ok	0.39397693485	5494687
2L_0436_21750001_21800000	21750001	21800000	inside	50000	5357	2156	0.0812549969886	0.139817061788	0.0486867982105	true	ok	0.39397693485	5494687
2L_0437_21800001_21850000	21800001	21850000	inside	50000	4309	1727	0.0874694036615	0.167324205152	0.048641801143	true	ok	0.39397693485	5494687
2L_0438_21850001_21900000	21850001	21900000	inside	50000	5388	2266	0.0430236304296	0.0740534521158	0.0435710155958	true	ok	0.39397693485	5494687
2L_0439_21900001_21950000	21900001	21950000	inside	50000	5559	2439	0.022964629854	0.037416801583	0.044782030216	true	ok	0.39397693485	5494687
2L_0440_21950001_22000000	21950001	22000000	inside	50000	4713	1920	0.0638458859277	0.112667091025	0.0454411330776	true	ok	0.39397693485	5494687
2L_0441_22000001_22050000	22000001	22050000	inside	50000	4888	2039	0.078081091931	0.14259410802	0.0490127116515	true	ok	0.33833693915	5492756.5
2L_0442_22050001_22100000	22050001	22100000	inside	50000	5066	2093	0.059374743946	0.0994867745756	0.0525625999778	true	ok	0.33833693915	5492756.5
2L_0443_22100001_22150000	22100001	22150000	inside	50000	4994	2037	0.0407281190258	0.0714857829395	0.046155603343	true	ok	0.33833693915	5492756.5
2L_0444_22150001_22200000	22150001	22200000	inside	50000	5261	2165	0.0474118917058	0.0878160045619	0.0469178842903	true	ok	0.33833693915	5492756.5
2L_0445_22200001_22250000	22200001	22250000	inside	50000	5352	2191	0.0353562061088	0.0644618834081	0.0449772865982	true	ok	0.33833693915	5492756.5
2L_0446_22250001_22300000	22250001	22300000	inside	50000	4993	2080	0.0317349950308	0.0817144001602	0.0463839270034	true	ok	0.33833693915	5492756.5
2L_0447_22300001_22350000	22300001	22350000	inside	50000	5077	2435	0.0391183323981	0.0642111483159	0.0595231188722	true	ok	0.33833693915	5492756.5
2L_0448_22350001_22400000	22350001	22400000	inside	50000	5210	2347	0.0391554702495	0.0796545105566	0.0506071958932	true	ok	0.33833693915	5492756.5
2L_0449_22400001_22450000	22400001	22450000	inside	50000	4475	1993	0.0288478971224	0.0484916201117	0.0565832946213	true	ok	0.33833693915	5492756.5
2L_0450_22450001_22500000	22450001	22500000	inside	50000	4925	2208	0.0604080068959	0.104974619289	0.0558842357201	true	ok	0.33833693915	5492756.5
2L_0451_22500001_22550000	22500001	22550000	inside	50000	3003	1337	0.0520737124511	0.110889110889	0.0532905594846	true	ok	0.33833693915	5492756.5
2L_0452_22550001_22600000	22550001	22600000	inside	50000	4421	1933	0.061379436907	0.118977606876	0.059464104651	true	ok	0.33833693915	5492756.5
2L_0453_22600001_22650000	22600001	22650000	inside	50000	3448	1287	0.0734305914284	0.128770301624	0.0691510408977	true	ok	0.33833693915	5492756.5
2L_0454_22650001_22700000	22650001	22700000	inside	50000	3333	1273	0.0144240839178	0.028202820282	0.0669036938329	true	ok	0.33833693915	5492756.5
2L_0455_22700001_22750000	22700001	22750000	inside	50000	4500	1890	0.0800083857442	0.144222222222	0.060309546163	true	ok	0.33833693915	5492756.5
2L_0456_22750001_22800000	22750001	22800000	inside	50000	5036	2108	0.0798027784855	0.141382049245	0.0571194749357	true	ok	0.33833693915	5492756.5
2L_0457_22800001_22850000	22800001	22850000	inside	50000	5172	2283	0.0631666885552	0.110208816705	0.0540691040923	true	ok	0.33833693915	5492756.5
2L_0458_22850001_22900000	22850001	22900000	inside	50000	5115	2195	0.0395138235674	0.0631476050831	0.0511362108893	true	ok	0.33833693915	5492756.5
2L_0459_22900001_22950000	22900001	22950000	inside	50000	5293	2193	0.065205379836	0.112601549216	0.0516822568898	true	ok	0.33833693915	5492756.5
2L_0460_22950001_23000000	22950001	23000000	inside	50000	5407	2356	0.0330563804432	0.05067505086	0.0504731178139	true	ok	0.33833693915	5492756.5
2L_0461_23000001_23050000	23000001	23050000	inside	50000	5447	2243	0.0377808799027	0.0668257756563	0.0469357486392	true	ok	0.33447779725	5434891
2L_0462_23050001_23100000	23050001	23100000	inside	50000	5250	2120	0.0666019766397	0.115238095238	0.0506356894786	true	ok	0.33447779725	5434891
2L_0463_23100001_23150000	23100001	23150000	inside	50000	4871	2032	0.0498560986663	0.0798603982755	0.0515834189456	true	ok	0.33447779725	5434891
2L_0464_23150001_23200000	23150001	23200000	inside	50000	4563	1889	0.0598331948114	0.0802103879027	0.054268611816	true	ok	0.33447779725	5434891
2L_0465_23200001_23250000	23200001	23250000	inside	50000	4968	1900	0.055855588977	0.0921900161031	0.05092177299	true	ok	0.33447779725	5434891
2L_0466_23250001_23300000	23250001	23300000	inside	50000	5043	2064	0.0418364330905	0.0757485623637	0.0502309671726	true	ok	0.33447779725	5434891
2L_0467_23300001_23350000	23300001	23350000	inside	50000	5179	2042	0.086812854525	0.136705927785	0.0522943612412	true	ok	0.33447779725	5434891
2L_0468_23350001_23400000	23350001	23400000	inside	50000	5022	2026	0.0399788102162	0.0766626841896	0.0478700714216	true	ok	0.33447779725	5434891
2L_0469_23400001_23450000	23400001	23450000	inside	50000	5181	2113	0.0465707428813	0.070835745995	0.0507706117148	true	ok	0.33447779725	5434891
2L_0470_23450001_23500000	23450001	23500000	inside	50000	5100	1956	0.0883388827229	0.139803921569	0.0550234962787	true	ok	0.33447779725	5434891
2L_0471_23500001_23550000	23500001	23550000	inside	50000	4338	1766	0.0558774150334	0.100737667128	0.0508921208659	true	ok	0.33447779725	5434891
2L_0472_23550001_23600000	23550001	23600000	inside	50000	5106	2040	0.0599590566777	0.100274187231	0.0517862196924	true	ok	0.33447779725	5434891
2L_0473_23600001_23650000	23600001	23650000	inside	50000	4463	1607	0.0227488913033	0.0407797445664	0.0439699253325	true	ok	0.33447779725	5434891
2L_0474_23650001_23700000	23650001	23700000	inside	50000	4664	1804	0.0370926243568	0.0638936535163	0.0480877898354	true	ok	0.33447779725	5434891
2L_0475_23700001_23750000	23700001	23750000	inside	50000	4617	1916	0.0309193669008	0.0478665800303	0.0440888101714	true	ok	0.33447779725	5434891
2L_0476_23750001_23800000	23750001	23800000	inside	50000	5363	2259	0.0429779164717	0.0721611038598	0.0481834256662	true	ok	0.33447779725	5434891
2L_0477_23800001_23850000	23800001	23850000	inside	50000	4997	2075	0.0703365415476	0.122673604162	0.0545015900866	true	ok	0.33447779725	5434891
2L_0478_23850001_23900000	23850001	23900000	inside	50000	4513	1792	0.0509722437069	0.0881896742743	0.0480490931598	true	ok	0.33447779725	5434891
2L_0479_23900001_23950000	23900001	23950000	inside	50000	4680	1910	0.0245323334946	0.0540598290598	0.0464879833027	true	ok	0.33447779725	5434891
2L_0480_23950001_24000000	23950001	24000000	inside	50000	3620	1531	0.0433336808089	0.0618784530387	0.0538121233914	true	ok	0.33447779725	5434891
2L_0481_24000001_24050000	24000001	24050000	inside	50000	4701	1960	0.0155727605126	0.0233992767496	0.050078891684	true	ok	0.5181550748	5497805.5
2L_0482_24050001_24100000	24050001	24100000	inside	50000	4640	1832	0.0670949902407	0.100862068966	0.0508717635777	true	ok	0.5181550748	5497805.5
2L_0483_24100001_24150000	24100001	24150000	inside	50000	4920	1968	0.0503106304648	0.0776422764228	0.050645894662	true	ok	0.5181550748	5497805.5
2L_0484_24150001_24200000	24150001	24200000	inside	50000	5161	2064	0.0342042824815	0.0625847703933	0.0468398081589	true	ok	0.5181550748	5497805.5
2L_0485_24200001_24250000	24200001	24250000	inside	50000	4787	1808	0.0635644493144	0.119490286192	0.0455123240622	true	ok	0.5181550748	5497805.5
2L_0486_24250001_24300000	24250001	24300000	inside	50000	5282	2107	0.0415330099376	0.0679666792881	0.0491131824433	true	ok	0.5181550748	5497805.5
2L_0487_24300001_24350000	24300001	24350000	inside	50000	4900	2055	0.0310550635348	0.0487755102041	0.0516819997218	true	ok	0.5181550748	5497805.5
2L_0488_24350001_24400000	24350001	24400000	inside	50000	4986	2076	0.027673712811	0.0409145607702	0.0515051859347	true	ok	0.5181550748	5497805.5
2L_0489_24400001_24450000	24400001	24450000	inside	50000	4872	1935	0.053896737615	0.102216748768	0.0497464173001	true	ok	0.5181550748	5497805.5
2L_0490_24450001_24500000	24450001	24500000	inside	50000	4899	1978	0.0590840641332	0.087773014901	0.0497122461176	true	ok	0.5181550748	5497805.5
2L_0491_24500001_24550000	24500001	24550000	inside	50000	4836	2109	0.0288676124038	0.048593879239	0.0486322310563	true	ok	0.5181550748	5497805.5
2L_0492_24550001_24600000	24550001	24600000	inside	50000	4883	2133	0.027171666042	0.0518124104034	0.0539228731327	true	ok	0.5181550748	5497805.5
2L_0493_24600001_24650000	24600001	24650000	inside	50000	4887	2091	0.035156808012	0.0622058522611	0.055353034153	true	ok	0.5181550748	5497805.5
2L_0494_24650001_24700000	24650001	24700000	inside	50000	4826	1920	0.0686337370689	0.142768338168	0.0521444193046	true	ok	0.5181550748	5497805.5
2L_0495_24700001_24750000	24700001	24750000	inside	50000	4912	2054	0.0677509065208	0.105456026059	0.0533832170022	true	ok	0.5181550748	5497805.5
2L_0496_24750001_24800000	24750001	24800000	inside	50000	5001	2147	0.0445608991409	0.0709858028394	0.05007463217	true	ok	0.5181550748	5497805.5
2L_0497_24800001_24850000	24800001	24850000	inside	50000	5275	2247	0.0480515067513	0.0788625592417	0.049958480655	true	ok	0.5181550748	5497805.5
2L_0498_24850001_24900000	24850001	24900000	inside	50000	5327	2373	0.0705023536204	0.129153369626	0.051343997927	true	ok	0.5181550748	5497805.5
2L_0499_24900001_24950000	24900001	24950000	inside	50000	5006	2051	0.0845400613603	0.129644426688	0.0509452916571	true	ok	0.5181550748	5497805.5
2L_0500_24950001_25000000	24950001	25000000	inside	50000	5107	2047	0.0929726494527	0.138045819463	0.0482106343633	true	ok	0.5181550748	5497805.5
2L_0501_25000001_25050000	25000001	25050000	inside	50000	4977	2092	0.0452003745531	0.0884066706852	0.0460457877058	true	ok	0.3230656814	5498449
2L_0502_25050001_25100000	25050001	25100000	inside	50000	5144	2149	0.0681027905748	0.129471228616	0.050018696003	true	ok	0.3230656814	5498449
2L_0503_25100001_25150000	25100001	25150000	inside	50000	5049	2146	0.0602547861149	0.0990295107942	0.0484982483209	true	ok	0.3230656814	5498449
2L_0504_25150001_25200000	25150001	25200000	inside	50000	5476	2445	0.0888852901856	0.153579254931	0.0525997330116	true	ok	0.3230656814	5498449
2L_0505_25200001_25250000	25200001	25250000	inside	50000	5367	2399	0.136712474205	0.243897894541	0.0602818828569	true	ok	0.3230656814	5498449
2L_0506_25250001_25300000	25250001	25300000	inside	50000	5161	2341	0.0533719880234	0.0900988180585	0.0498428170885	true	ok	0.3230656814	5498449
2L_0507_25300001_25350000	25300001	25350000	inside	50000	4521	1683	0.117051245133	0.189559831896	0.0481315523288	true	ok	0.3230656814	5498449
2L_0508_25350001_25400000	25350001	25400000	inside	50000	4662	1856	0.0743020648681	0.138352638353	0.0407428943675	true	ok	0.3230656814	5498449
2L_0509_25400001_25450000	25400001	25450000	inside	50000	4612	1783	0.0509172135037	0.0915004336513	0.0440708651235	true	ok	0.3230656814	5498449
2L_0510_25450001_25500000	25450001	25500000	inside	50000	4507	1727	0.0459578601002	0.0734413135123	0.047908448263	true	ok	0.3230656814	5498449
2L_0511_25500001_25550000	25500001	25550000	inside	50000	4596	1789	0.0366109988998	0.0702785030461	0.050901265607	true	ok	0.3230656814	5498449
2L_0512_25550001_25600000	25550001	25600000	inside	50000	4564	1747	0.0655581829908	0.103856266433	0.0493023173505	true	ok	0.3230656814	5498449
2L_0513_25600001_25650000	25600001	25650000	inside	50000	4724	1759	0.0454323965939	0.0709144792549	0.0470884571773	true	ok	0.3230656814	5498449
2L_0514_25650001_25700000	25650001	25700000	inside	50000	4681	1896	0.0419076717199	0.059816278573	0.0484274030695	true	ok	0.3230656814	5498449
2L_0515_25700001_25750000	25700001	25750000	inside	50000	4866	2110	0.0478716391752	0.0760378133991	0.0488002541213	true	ok	0.3230656814	5498449
2L_0516_25750001_25800000	25750001	25800000	inside	50000	5142	2164	0.0389540814454	0.0637884091793	0.0513611545951	true	ok	0.3230656814	5498449
2L_0517_25800001_25850000	25800001	25850000	inside	50000	5286	2206	0.0563146510184	0.0947786606129	0.0496480458127	true	ok	0.3230656814	5498449
2L_0518_25850001_25900000	25850001	25900000	inside	50000	5366	2120	0.0853522176668	0.145732389117	0.0489881748704	true	ok	0.3230656814	5498449
2L_0519_25900001_25950000	25900001	25950000	inside	50000	5350	2115	0.0767554223241	0.123551401869	0.0513243641753	true	ok	0.3230656814	5498449
2L_0520_25950001_26000000	25950001	26000000	inside	50000	5051	2153	0.0328348953878	0.0572163927935	0.0518552563989	true	ok	0.3230656814	5498449
2L_0521_26000001_26050000	26000001	26050000	inside	50000	5226	2239	0.0579648925185	0.0922311519326	0.0540197682841	true	ok	0.3419033863	5493455
2L_0522_26050001_26100000	26050001	26100000	inside	50000	5179	2231	0.0555727593657	0.0942266846882	0.0504989719673	true	ok	0.3419033863	5493455
2L_0523_26100001_26150000	26100001	26150000	inside	50000	3995	1346	0.21153328453	0.327659574468	0.0545565632001	true	ok	0.3419033863	5493455
2L_0524_26150001_26200000	26150001	26200000	inside	50000	5264	2283	0.0542381143545	0.0839665653495	0.0520427499432	true	ok	0.3419033863	5493455
2L_0525_26200001_26250000	26200001	26250000	inside	50000	5549	2537	0.0291502463473	0.0439718868265	0.0537748140261	true	ok	0.3419033863	5493455
2L_0526_26250001_26300000	26250001	26300000	inside	50000	5177	2203	0.0607075562812	0.0932972764149	0.0523156555074	true	ok	0.3419033863	5493455
2L_0527_26300001_26350000	26300001	26350000	inside	50000	5609	2470	0.0693360064855	0.125869138884	0.0534653823216	true	ok	0.3419033863	5493455
2L_0528_26350001_26400000	26350001	26400000	inside	50000	5147	2216	0.0399463325403	0.0578978045463	0.0488136421606	true	ok	0.3419033863	5493455
2L_0529_26400001_26450000	26400001	26450000	inside	50000	4888	2101	0.0170923015162	0.0276186579378	0.0483631536782	true	ok	0.3419033863	5493455
2L_0530_26450001_26500000	26450001	26500000	inside	50000	4933	2059	0.0278830670609	0.0468274883438	0.0493864077212	true	ok	0.3419033863	5493455
2L_0531_26500001_26550000	26500001	26550000	inside	50000	5330	2124	0.0898792877624	0.18330206379	0.0557137300661	true	ok	0.3419033863	5493455
2L_0532_26550001_26600000	26550001	26600000	inside	50000	5273	2264	0.0605648569251	0.0881850938745	0.0568059327424	true	ok	0.3419033863	5493455
2L_0533_26600001_26650000	26600001	26650000	inside	50000	4904	2006	0.0788497645357	0.136215334421	0.0545447710698	true	ok	0.3419033863	5493455
2L_0534_26650001_26700000	26650001	26700000	inside	50000	4859	2072	0.0451797287275	0.0724428894834	0.0545768060775	true	ok	0.3419033863	5493455
2L_0535_26700001_26750000	26700001	26750000	inside	50000	4773	1919	0.0436772885215	0.0727006075843	0.0500289351852	true	ok	0.3419033863	5493455
2L_0536_26750001_26800000	26750001	26800000	inside	50000	4682	1925	0.0417979737735	0.0728321230243	0.0531429004012	true	ok	0.3419033863	5493455
2L_0537_26800001_26850000	26800001	26850000	inside	50000	5051	2137	0.0387668423589	0.0629578301326	0.0523967745069	true	ok	0.3419033863	5493455
2L_0538_26850001_26900000	26850001	26900000	inside	50000	5009	2077	0.0824666543618	0.119185466161	0.0517932212296	true	ok	0.3419033863	5493455
2L_0539_26900001_26950000	26900001	26950000	inside	50000	4734	1891	0.0409442730628	0.0557667934094	0.0508334406909	true	ok	0.3419033863	5493455
2L_0540_26950001_27000000	26950001	27000000	inside	50000	4849	1937	0.01707412927	0.0241286863271	0.0492777375311	true	ok	0.3419033863	5493455
2L_0541_27000001_27050000	27000001	27050000	inside	50000	4332	1625	0.049038310772	0.0752539242844	0.0499503061781	true	ok	0.3586503999	5496694.5
2L_0542_27050001_27100000	27050001	27100000	inside	50000	4567	1779	0.0351867994761	0.0507992117364	0.0475819366773	true	ok	0.3586503999	5496694.5
2L_0543_27100001_27150000	27100001	27150000	inside	50000	4883	2037	0.0464878148679	0.0956379275036	0.0503266225767	true	ok	0.3586503999	5496694.5
2L_0544_27150001_27200000	27150001	27200000	inside	50000	5312	2329	0.0362902080018	0.0602409638554	0.0504424680911	true	ok	0.3586503999	5496694.5
2L_0545_27200001_27250000	27200001	27250000	inside	50000	5069	2106	0.0841668000462	0.130992306175	0.048840659229	true	ok	0.3586503999	5496694.5
2L_0546_27250001_27300000	27250001	27300000	inside	50000	5454	2496	0.0452844026541	0.0718738540521	0.0468779441393	true	ok	0.3586503999	5496694.5
2L_0547_27300001_27350000	27300001	27350000	inside	50000	5313	2099	0.0999577398265	0.171277997365	0.0491394480789	true	ok	0.3586503999	5496694.5
2L_0548_27350001_27400000	27350001	27400000	inside	50000	4452	1999	0.0451906287613	0.0698562443845	0.0464328674215	true	ok	0.3586503999	5496694.5
2L_0549_27400001_27450000	27400001	27450000	inside	50000	5005	2098	0.058356737602	0.0987012987013	0.0495746341854	true	ok	0.3586503999	5496694.5
2L_0550_27450001_27500000	27450001	27500000	inside	50000	4743	1761	0.0717044780988	0.12376133249	0.0460373509775	true	ok	0.3586503999	5496694.5
2L_0551_27500001_27550000	27500001	27550000	inside	50000	4945	1837	0.0407310605338	0.0608695652174	0.0427508850086	true	ok	0.3586503999	5496694.5
2L_0552_27550001_27600000	27550001	27600000	inside	50000	5136	1923	0.0772350555458	0.114875389408	0.0467625326454	true	ok	0.3586503999	5496694.5
2L_0553_27600001_27650000	27600001	27650000	inside	50000	5371	2139	0.0670758054261	0.111711040775	0.049237674578	true	ok	0.3586503999	5496694.5
2L_0554_27650001_27700000	27650001	27700000	inside	50000	5294	2256	0.0395000392042	0.0595013222516	0.0484899758441	true	ok	0.3586503999	5496694.5
2L_0555_27700001_27750000	27700001	27750000	inside	50000	5366	2225	0.0190683478787	0.0316809541558	0.0469074289811	true	ok	0.3586503999	5496694.5
2L_0556_27750001_27800000	27750001	27800000	inside	50000	5463	2414	0.0272882064247	0.0463115504302	0.0504193326185	true	ok	0.3586503999	5496694.5
2L_0557_27800001_27850000	27800001	27850000	inside	50000	4839	2080	0.039810190005	0.0843149411035	0.0502848649988	true	ok	0.3586503999	5496694.5
2L_0558_27850001_27900000	27850001	27900000	inside	50000	5277	2208	0.0650169300024	0.0998673488725	0.048574171023	true	ok	0.3586503999	5496694.5
2L_0559_27900001_27950000	27900001	27950000	inside	50000	5246	2086	0.0441522381833	0.066526877621	0.0496647376224	true	ok	0.3586503999	5496694.5
2L_0560_27950001_28000000	27950001	28000000	inside	50000	5441	2222	0.036827303527	0.0602830362066	0.0474954365929	true	ok	0.3586503999	5496694.5
2L_0561_28000001_28050000	28000001	28050000	inside	50000	5323	2289	0.0363002846317	0.0569227879016	0.0479332641847	true	ok	0.31503400165	5492965.5
2L_0562_28050001_28100000	28050001	28100000	inside	50000	5474	2274	0.022321643998	0.0347095359883	0.0453981371146	true	ok	0.31503400165	5492965.5
2L_0563_28100001_28150000	28100001	28150000	inside	50000	5497	2242	0.0412094418568	0.0724031289794	0.0474090250058	true	ok	0.31503400165	5492965.5
2L_0564_28150001_28200000	28150001	28200000	inside	50000	5441	2308	0.0515408862827	0.0882190773755	0.0499616101788	true	ok	0.31503400165	5492965.5
2L_0565_28200001_28250000	28200001	28250000	inside	50000	4520	2030	0.0564075805644	0.087610619469	0.059722093193	true	ok	0.31503400165	5492965.5
2L_0566_28250001_28300000	28250001	28300000	inside	50000	4067	1742	0.092289063841	0.137939513155	0.055050138507	true	ok	0.31503400165	5492965.5
2L_0567_28300001_28350000	28300001	28350000	inside	50000	5446	2343	0.10781671159	0.19500550863	0.0562251959086	true	ok	0.31503400165	5492965.5
2L_0568_28350001_28400000	28350001	28400000	inside	50000	5225	2311	0.0585465378713	0.117129186603	0.0534612906195	true	ok	0.31503400165	5492965.5
2L_0569_28400001_28450000	28400001	28450000	inside	50000	5203	2332	0.0717111680852	0.105516048434	0.0540893180824	true	ok	0.31503400165	5492965.5
2L_0570_28450001_28500000	28450001	28500000	inside	50000	5149	2345	0.0367721154868	0.058652165469	0.055744078642	true	ok	0.31503400165	5492965.5
2L_0571_28500001_28550000	28500001	28550000	inside	50000	4501	1961	0.0193416138133	0.0562097311709	0.0542064384305	true	ok	0.31503400165	5492965.5
2L_0572_28550001_28600000	28550001	28600000	inside	50000	4385	1732	0.0145736967793	0.0253135689852	0.0465814914112	true	ok	0.31503400165	5492965.5
2L_0573_28600001_28650000	28600001	28650000	inside	50000	4361	1696	0.0256562239057	0.0394404952992	0.0455855383809	true	ok	0.31503400165	5492965.5
2L_0574_28650001_28700000	28650001	28700000	inside	50000	4406	1868	0.0303830968062	0.0485701316387	0.0492971120425	true	ok	0.31503400165	5492965.5
2L_0575_28700001_28750000	28700001	28750000	inside	50000	5277	2382	0.0406320057494	0.0712526056471	0.0542418109922	true	ok	0.31503400165	5492965.5
2L_0576_28750001_28800000	28750001	28800000	inside	50000	5185	2317	0.0696784992995	0.12594021215	0.0537634408602	true	ok	0.31503400165	5492965.5
2L_0577_28800001_28850000	28800001	28850000	inside	50000	5028	2181	0.029371369388	0.0489260143198	0.0490224505813	true	ok	0.31503400165	5492965.5
2L_0578_28850001_28900000	28850001	28900000	inside	50000	5146	2274	0.0419413503069	0.0658764088613	0.0501685808212	true	ok	0.31503400165	5492965.5
2L_0579_28900001_28950000	28900001	28950000	inside	50000	5463	2305	0.0700078400492	0.125755079627	0.0520260408736	true	ok	0.31503400165	5492965.5
2L_0580_28950001_29000000	28950001	29000000	inside	50000	5260	2048	0.0328359279719	0.0509505703422	0.0446507384303	true	ok	0.31503400165	5492965.5
2L_0581_29000001_29050000	29000001	29050000	inside	50000	4954	2039	0.0895483733366	0.162898667743	0.0523656138883	true	ok	0.410350496	5416994
2L_0582_29050001_29100000	29050001	29100000	inside	50000	5257	2157	0.108713987819	0.200304356097	0.0498044948073	true	ok	0.410350496	5416994
2L_0583_29100001_29150000	29100001	29150000	inside	50000	5657	2555	0.0464910730069	0.0742442990985	0.0475021162578	true	ok	0.410350496	5416994
2L_0584_29150001_29200000	29150001	29200000	inside	50000	5682	2515	0.0459278887981	0.0883491728265	0.0462140855855	true	ok	0.410350496	5416994
2L_0585_29200001_29250000	29200001	29250000	inside	50000	5585	2200	0.10934612591	0.190331244405	0.0478231514425	true	ok	0.410350496	5416994
2L_0586_29250001_29300000	29250001	29300000	inside	50000	5355	2253	0.0589750365555	0.110177404295	0.0476903664486	true	ok	0.410350496	5416994
2L_0587_29300001_29350000	29300001	29350000	inside	50000	5574	2415	0.0619182051438	0.102619303911	0.0466640204958	true	ok	0.410350496	5416994
2L_0588_29350001_29400000	29350001	29400000	inside	50000	5508	2400	0.0643420890369	0.12091503268	0.044636286753	true	ok	0.410350496	5416994
2L_0589_29400001_29450000	29400001	29450000	inside	50000	5501	2372	0.0637482721838	0.109252863116	0.0520832188506	true	ok	0.410350496	5416994
2L_0590_29450001_29500000	29450001	29500000	inside	50000	5094	2045	0.0598521382907	0.126226933647	0.0457129574546	true	ok	0.410350496	5416994
2L_0591_29500001_29550000	29500001	29550000	inside	50000	5454	2361	0.0547529595727	0.0960762742941	0.0485040349882	true	ok	0.410350496	5416994
2L_0592_29550001_29600000	29550001	29600000	inside	50000	5227	1890	0.124899379492	0.210637076717	0.0514499030648	true	ok	0.410350496	5416994
2L_0593_29600001_29650000	29600001	29650000	inside	50000	4355	1822	0.042804843706	0.0709529276693	0.0475117115894	true	ok	0.410350496	5416994
2L_0594_29650001_29700000	29650001	29700000	inside	50000	5125	2213	0.0481877588587	0.0809756097561	0.0485425627379	true	ok	0.410350496	5416994
2L_0595_29700001_29750000	29700001	29750000	inside	50000	4934	1928	0.0712384608913	0.117957032833	0.0478109958703	true	ok	0.410350496	5416994
2L_0596_29750001_29800000	29750001	29800000	inside	50000	5098	2063	0.0671073376907	0.109846998823	0.0497099919861	true	ok	0.410350496	5416994
2L_0597_29800001_29850000	29800001	29850000	inside	50000	4794	2028	0.0491219370125	0.0782227784731	0.0497804230943	true	ok	0.410350496	5416994
2L_0598_29850001_29900000	29850001	29900000	inside	50000	5229	2260	0.0632719557475	0.093134442532	0.0521413548432	true	ok	0.410350496	5416994
2L_0599_29900001_29950000	29900001	29950000	inside	50000	5167	2111	0.0720793424161	0.100445132572	0.052842840952	true	ok	0.410350496	5416994
2L_0600_29950001_30000000	29950001	30000000	inside	50000	3008	1169	0.0894219189081	0.125997340426	0.0565827179544	true	ok	0.410350496	5416994
2L_0601_30000001_30050000	30000001	30050000	inside	50000	2452	162	0.554102927145	0.799755301794	0.0593645917821	false	low_signal	0.3161275054	5200662.5
2L_0602_30050001_30100000	30050001	30100000	inside	50000	968	74	0.532823951349	0.955578512397	0.0792306408545	false	low_signal	0.3161275054	5200662.5
2L_0603_30100001_30150000	30100001	30150000	inside	50000	4653	1502	0.204700558374	0.320008596604	0.0613935797031	true	ok	0.3161275054	5200662.5
2L_0604_30150001_30200000	30150001	30200000	inside	50000	4761	1947	0.0898614132912	0.160680529301	0.0538409286853	true	ok	0.3161275054	5200662.5
2L_0605_30200001_30250000	30200001	30250000	inside	50000	5414	2293	0.0456398854124	0.0991872922054	0.0486368250769	true	ok	0.3161275054	5200662.5
2L_0606_30250001_30300000	30250001	30300000	inside	50000	5528	2190	0.0798337110559	0.1497829233	0.0481687277907	true	ok	0.3161275054	5200662.5
2L_0607_30300001_30350000	30300001	30350000	inside	50000	5230	2157	0.0552400880263	0.0938814531549	0.0477626986612	true	ok	0.3161275054	5200662.5
2L_0608_30350001_30400000	30350001	30400000	inside	50000	4050	1703	0.0790076869322	0.127407407407	0.0469470031514	true	ok	0.3161275054	5200662.5
2L_0609_30400001_30450000	30400001	30450000	inside	50000	4186	1837	0.0612463828214	0.120879120879	0.051980602103	true	ok	0.3161275054	5200662.5
2L_0610_30450001_30500000	30450001	30500000	inside	50000	4484	1774	0.0471024859879	0.085637823372	0.052654355333	true	ok	0.3161275054	5200662.5
2L_0611_30500001_30550000	30500001	30550000	inside	50000	5020	2117	0.0423776591746	0.0677290836653	0.0545283278058	true	ok	0.3161275054	5200662.5
2L_0612_30550001_30600000	30550001	30600000	inside	50000	4632	1932	0.0613329748754	0.104922279793	0.0562101033245	true	ok	0.3161275054	5200662.5
2L_0613_30600001_30650000	30600001	30650000	inside	50000	5122	2160	0.0408559451276	0.0761421319797	0.0491521843495	true	ok	0.3161275054	5200662.5
2L_0614_30650001_30700000	30650001	30700000	inside	50000	5294	2332	0.0313918925662	0.0608235738572	0.0539492372339	true	ok	0.3161275054	5200662.5
2L_0615_30700001_30750000	30700001	30750000	inside	50000	5167	2067	0.0500929337486	0.083413973292	0.0494823801671	true	ok	0.3161275054	5200662.5
2L_0616_30750001_30800000	30750001	30800000	inside	50000	5222	2129	0.0479755461292	0.0878973573344	0.0488712958465	true	ok	0.3161275054	5200662.5
2L_0617_30800001_30850000	30800001	30850000	inside	50000	5432	2332	0.0353565176314	0.060382916053	0.0502165873893	true	ok	0.3161275054	5200662.5
2L_0618_30850001_30900000	30850001	30900000	inside	50000	5397	2385	0.0293559314923	0.0502130813415	0.0499416518996	true	ok	0.3161275054	5200662.5
2L_0619_30900001_30950000	30900001	30950000	inside	50000	5134	2281	0.0228333492587	0.0344760420725	0.0508896569621	true	ok	0.3161275054	5200662.5
2L_0620_30950001_31000000	30950001	31000000	inside	50000	5205	2171	0.0180740579631	0.0278578290106	0.0492729225964	true	ok	0.3161275054	5200662.5
2L_0621_31000001_31050000	31000001	31050000	inside	50000	4983	2028	0.0423061049076	0.0818783865141	0.0518807872658	true	ok	0.4546139342	5476020
2L_0622_31050001_31100000	31050001	31100000	inside	50000	5187	2186	0.0629985704464	0.105648737228	0.0565429050592	true	ok	0.4546139342	5476020
2L_0623_31100001_31150000	31100001	31150000	inside	50000	5572	2662	0.0801243413835	0.124910265614	0.0583683656416	true	ok	0.4546139342	5476020
2L_0624_31150001_31200000	31150001	31200000	inside	50000	5302	2276	0.0631089727621	0.105431912486	0.0542974566228	true	ok	0.4546139342	5476020
2L_0625_31200001_31250000	31200001	31250000	inside	50000	5372	2340	0.0600668736566	0.106664184661	0.0564469721315	true	ok	0.4546139342	5476020
2L_0626_31250001_31300000	31250001	31300000	inside	50000	5256	2132	0.0474103271015	0.083904109589	0.0514431284175	true	ok	0.4546139342	5476020
2L_0627_31300001_31350000	31300001	31350000	inside	50000	5655	2646	0.0642543749896	0.110698496905	0.0563009659235	true	ok	0.4546139342	5476020
2L_0628_31350001_31400000	31350001	31400000	inside	50000	5634	2531	0.0573237955539	0.108271210508	0.0547276053786	true	ok	0.4546139342	5476020
2L_0629_31400001_31450000	31400001	31450000	inside	50000	4743	2185	0.0667358848591	0.127134724858	0.0536097151358	true	ok	0.4546139342	5476020
2L_0630_31450001_31500000	31450001	31500000	inside	50000	5560	2421	0.0807553956835	0.130395683453	0.0541156144904	true	ok	0.4546139342	5476020
2L_0631_31500001_31550000	31500001	31550000	inside	50000	5262	2441	0.0704947541289	0.11858608894	0.0619768078819	true	ok	0.4546139342	5476020
2L_0632_31550001_31600000	31550001	31600000	inside	50000	4805	2076	0.0868592071938	0.143392299688	0.0577092605732	true	ok	0.4546139342	5476020
2L_0633_31600001_31650000	31600001	31650000	inside	50000	5174	2197	0.077025183975	0.11577116351	0.0569932832872	true	ok	0.4546139342	5476020
2L_0634_31650001_31700000	31650001	31700000	inside	50000	4563	1918	0.088000694677	0.153626999781	0.0572233028197	true	ok	0.4546139342	5476020
2L_0635_31700001_31750000	31700001	31750000	inside	50000	5074	2167	0.0674284736838	0.0983445013796	0.0566651647401	true	ok	0.4546139342	5476020
2L_0636_31750001_31800000	31750001	31800000	inside	50000	5130	2164	0.074188090772	0.12007797271	0.0563962195941	true	ok	0.4546139342	5476020
2L_0637_31800001_31850000	31800001	31850000	inside	50000	5288	2167	0.0736948020438	0.123487140696	0.0507183852702	true	ok	0.4546139342	5476020
2L_0638_31850001_31900000	31850001	31900000	inside	50000	4447	1777	0.0709870126564	0.105689228694	0.0516121666058	true	ok	0.4546139342	5476020
2L_0639_31900001_31950000	31900001	31950000	inside	50000	4497	1827	0.0213433693741	0.0391372025795	0.0501256141374	true	ok	0.4546139342	5476020
2L_0640_31950001_32000000	31950001	32000000	inside	50000	4543	1820	0.0166833486309	0.0253136693815	0.0513004620674	true	ok	0.4546139342	5476020
2L_0641_32000001_32050000	32000001	32050000	inside	50000	5197	2230	0.0246041802056	0.045218395228	0.0503044695233	true	ok	0.35782849465	5466851.5
2L_0642_32050001_32100000	32050001	32100000	inside	50000	5698	2467	0.0720908362418	0.123903123903	0.0517801893492	true	ok	0.35782849465	5466851.5
2L_0643_32100001_32150000	32100001	32150000	inside	50000	5619	2576	0.0730103724896	0.125467164976	0.0533789266257	true	ok	0.35782849465	5466851.5
2L_0644_32150001_32200000	32150001	32200000	inside	50000	5567	2439	0.0639686020383	0.107059457518	0.0535888216615	true	ok	0.35782849465	5466851.5
2L_0645_32200001_32250000	32200001	32250000	inside	50000	5750	2634	0.0460836751436	0.0681739130435	0.0557023246854	true	ok	0.35782849465	5466851.5
2L_0646_32250001_32300000	32250001	32300000	inside	50000	4725	1993	0.0439133473096	0.0835978835979	0.0511803130795	true	ok	0.35782849465	5466851.5
2L_0647_32300001_32350000	32300001	32350000	inside	50000	5551	2377	0.0599993881776	0.0911547468925	0.0558378020691	true	ok	0.35782849465	5466851.5
2L_0648_32350001_32400000	32350001	32400000	inside	50000	4590	1805	0.0897233526534	0.128758169935	0.0573375541336	true	ok	0.35782849465	5466851.5
2L_0649_32400001_32450000	32400001	32450000	inside	50000	5264	2287	0.0726185697081	0.111132218845	0.0547593649027	true	ok	0.35782849465	5466851.5
2L_0650_32450001_32500000	32450001	32500000	inside	50000	4994	2189	0.0402369636016	0.0660792951542	0.053343673238	true	ok	0.35782849465	5466851.5
2L_0651_32500001_32550000	32500001	32550000	inside	50000	5530	2426	0.0413593094271	0.076130198915	0.0571915662994	true	ok	0.35782849465	5466851.5
2L_0652_32550001_32600000	32550001	32600000	inside	50000	4964	2245	0.0409324494854	0.0739323126511	0.0583458503585	true	ok	0.35782849465	5466851.5
2L_0653_32600001_32650000	32600001	32650000	inside	50000	5133	2173	0.0402648052373	0.0574712643678	0.0581282674888	true	ok	0.35782849465	5466851.5
2L_0654_32650001_32700000	32650001	32700000	inside	50000	4963	2142	0.0438566144184	0.0681039693734	0.0552041128734	true	ok	0.35782849465	5466851.5
2L_0655_32700001_32750000	32700001	32750000	inside	50000	4972	2263	0.0666638837869	0.106999195495	0.057036214825	true	ok	0.35782849465	5466851.5
2L_0656_32750001_32800000	32750001	32800000	inside	50000	5227	2316	0.0259321159004	0.0503156686436	0.0528151137496	true	ok	0.35782849465	5466851.5
2L_0657_32800001_32850000	32800001	32850000	inside	50000	5264	2301	0.062198916098	0.116641337386	0.0546669265668	true	ok	0.35782849465	5466851.5
2L_0658_32850001_32900000	32850001	32900000	inside	50000	5104	2258	0.0630618974389	0.0985501567398	0.0609462109346	true	ok	0.35782849465	5466851.5
2L_0659_32900001_32950000	32900001	32950000	inside	50000	5651	2530	0.0528475507758	0.10493717926	0.0537869040275	true	ok	0.35782849465	5466851.5
2L_0660_32950001_33000000	32950001	33000000	inside	50000	5498	2513	0.0598124875598	0.0962168061113	0.053963097476	true	ok	0.35782849465	5466851.5
2L_0661_33000001_33050000	33000001	33050000	inside	50000	5379	2304	0.0738125554655	0.123443019149	0.0552029207253	true	ok	0.4177962661	5488615
2L_0662_33050001_33100000	33050001	33100000	inside	50000	5430	2490	0.0713332638382	0.108287292818	0.0572324431922	true	ok	0.4177962661	5488615
2L_0663_33100001_33150000	33100001	33150000	inside	50000	5612	2578	0.0406104170309	0.0816108339273	0.0510378227974	true	ok	0.4177962661	5488615
2L_0664_33150001_33200000	33150001	33200000	inside	50000	5677	2575	0.0586078881684	0.097586753567	0.0569432332911	true	ok	0.4177962661	5488615
2L_0665_33200001_33250000	33200001	33250000	inside	50000	5309	2238	0.0374231013907	0.0568845356941	0.0480049622111	true	ok	0.4177962661	5488615
2L_0666_33250001_33300000	33250001	33300000	inside	50000	5114	2153	0.0802200396986	0.149198279233	0.0531249623946	true	ok	0.4177962661	5488615
2L_0667_33300001_33350000	33300001	33350000	inside	50000	4502	1970	0.0462603622709	0.0804087072412	0.0509869577445	true	ok	0.4177962661	5488615
2L_0668_33350001_33400000	33350001	33400000	inside	50000	5532	2440	0.043424876192	0.0768257411424	0.0517285640938	true	ok	0.4177962661	5488615
2L_0669_33400001_33450000	33400001	33450000	inside	50000	5112	2056	0.0771215342369	0.135758998435	0.0473562335777	true	ok	0.4177962661	5488615
2L_0670_33450001_33500000	33450001	33500000	inside	50000	5591	2417	0.0726673258573	0.122339474155	0.0491648167692	true	ok	0.4177962661	5488615
2L_0671_33500001_33550000	33500001	33550000	inside	50000	5134	2127	0.04682067754	0.0757693805999	0.0485653256838	true	ok	0.4177962661	5488615
2L_0672_33550001_33600000	33550001	33600000	inside	50000	5219	2137	0.0443481184496	0.0799003640544	0.0488613149731	true	ok	0.4177962661	5488615
2L_0673_33600001_33650000	33600001	33650000	inside	50000	5276	2244	0.0404394409716	0.0631159969674	0.0479725700656	true	ok	0.4177962661	5488615
2L_0674_33650001_33700000	33650001	33700000	inside	50000	5129	2135	0.0344250414771	0.051861961396	0.0461065456665	true	ok	0.4177962661	5488615
2L_0675_33700001_33750000	33700001	33750000	inside	50000	5288	2371	0.0507949647475	0.0826399394856	0.0510397401777	true	ok	0.4177962661	5488615
2L_0676_33750001_33800000	33750001	33800000	inside	50000	5099	1993	0.0859324987881	0.135909001765	0.0503270937237	true	ok	0.4177962661	5488615
2L_0677_33800001_33850000	33800001	33850000	inside	50000	5366	2205	0.053210641425	0.0786433097279	0.0522087905966	true	ok	0.4177962661	5488615
2L_0678_33850001_33900000	33850001	33900000	inside	50000	5515	2221	0.0753109016576	0.127651858568	0.0501476235931	true	ok	0.4177962661	5488615
2L_0679_33900001_33950000	33900001	33950000	inside	50000	5249	2231	0.0441377872515	0.0950657268051	0.0532269346189	true	ok	0.4177962661	5488615
2L_0680_33950001_34000000	33950001	34000000	inside	50000	5027	2121	0.0360506097263	0.061468072409	0.0502480278476	true	ok	0.4177962661	5488615
2L_0681_34000001_34050000	34000001	34050000	inside	50000	5294	2322	0.0337298900143	0.0672459387986	0.0521138397303	true	ok	0.33857845795	5490705
2L_0682_34050001_34100000	34050001	34100000	inside	50000	5034	2144	0.041765054235	0.0746920937624	0.0517916443387	true	ok	0.33857845795	5490705
2L_0683_34100001_34150000	34100001	34150000	inside	50000	5010	2265	0.102180544571	0.167664670659	0.0690022567303	true	ok	0.33857845795	5490705
2L_0684_34150001_34200000	34150001	34200000	inside	50000	5216	2235	0.0426119921287	0.0605828220859	0.0517176235888	true	ok	0.33857845795	5490705
2L_0685_34200001_34250000	34200001	34250000	inside	50000	4653	1921	0.069770365234	0.121856866538	0.0530463856183	true	ok	0.33857845795	5490705
2L_0686_34250001_34300000	34250001	34300000	inside	50000	4554	2009	0.0417961402375	0.082564778217	0.0528161401628	true	ok	0.33857845795	5490705
2L_0687_34300001_34350000	34300001	34350000	inside	50000	4490	1812	0.0557087027777	0.100890868597	0.0450263224647	true	ok	0.33857845795	5490705
2L_0688_34350001_34400000	34350001	34400000	inside	50000	5212	2170	0.0339021706077	0.067152724482	0.0433617740406	true	ok	0.33857845795	5490705
2L_0689_34400001_34450000	34400001	34450000	inside	50000	5362	2282	0.0504563912367	0.0926892950392	0.048060567655	true	ok	0.33857845795	5490705
2L_0690_34450001_34500000	34450001	34500000	inside	50000	5242	2086	0.0464175419147	0.0740175505532	0.0476767448005	true	ok	0.33857845795	5490705
2L_0691_34500001_34550000	34500001	34550000	inside	50000	5372	2330	0.0413921240815	0.105361131794	0.0505402464359	true	ok	0.33857845795	5490705
2L_0692_34550001_34600000	34550001	34600000	inside	50000	5386	2162	0.0248162601854	0.0508726327516	0.0457549914863	true	ok	0.33857845795	5490705
2L_0693_34600001_34650000	34600001	34650000	inside	50000	5366	2267	0.0337273820491	0.0557212076034	0.0510141699963	true	ok	0.33857845795	5490705
2L_0694_34650001_34700000	34650001	34700000	inside	50000	4847	1836	0.0520259565341	0.0967608830204	0.0484999548303	true	ok	0.33857845795	5490705
2L_0695_34700001_34750000	34700001	34750000	inside	50000	4755	1786	0.0364978275103	0.0567823343849	0.0467347838084	true	ok	0.33857845795	5490705
2L_0696_34750001_34800000	34750001	34800000	inside	50000	4618	1819	0.0280567426886	0.0463404071026	0.0469886963138	true	ok	0.33857845795	5490705
2L_0697_34800001_34850000	34800001	34850000	inside	50000	4874	2043	0.036690641912	0.056421830119	0.042637154201	true	ok	0.33857845795	5490705
2L_0698_34850001_34900000	34850001	34900000	inside	50000	4758	2017	0.0418282614385	0.0720891130727	0.0464229842815	true	ok	0.33857845795	5490705
2L_0699_34900001_34950000	34900001	34950000	inside	50000	5273	2179	0.0437687185341	0.068841266831	0.0462323705176	true	ok	0.33857845795	5490705
2L_0700_34950001_35000000	34950001	35000000	inside	50000	5279	2182	0.0286039022542	0.0519037696533	0.0445905572072	true	ok	0.33857845795	5490705
2L_0701_35000001_35050000	35000001	35050000	inside	50000	5383	2289	0.0249702943228	0.0362251532603	0.0483220993979	true	ok	0.30036987245	5491970
2L_0702_35050001_35100000	35050001	35100000	inside	50000	5310	2281	0.027104430942	0.0389830508475	0.0438674662712	true	ok	0.30036987245	5491970
2L_0703_35100001_35150000	35100001	35150000	inside	50000	5478	2274	0.0381526104418	0.0644395764878	0.0449227772267	true	ok	0.30036987245	5491970
2L_0704_35150001_35200000	35150001	35200000	inside	50000	5699	2500	0.0245888884842	0.0400070187752	0.0436935713801	true	ok	0.30036987245	5491970
2L_0705_35200001_35250000	35200001	35250000	inside	50000	5407	2341	0.0581845336758	0.0874791936379	0.0452209546605	true	ok	0.30036987245	5491970
2L_0706_35250001_35300000	35250001	35300000	inside	50000	5272	2264	0.0421199931285	0.0897192716237	0.0456197902461	true	ok	0.30036987245	5491970
2L_0707_35300001_35350000	35300001	35350000	inside	50000	5491	2255	0.0489686382176	0.100710253142	0.0455212232451	true	ok	0.30036987245	5491970
2L_0708_35350001_35400000	35350001	35400000	inside	50000	4795	1947	0.0395144313062	0.0656934306569	0.0442618182414	true	ok	0.30036987245	5491970
2L_0709_35400001_35450000	35400001	35450000	inside	50000	5225	2349	0.0246926063013	0.0478468899522	0.0478253303565	true	ok	0.30036987245	5491970
2L_0710_35450001_35500000	35450001	35500000	inside	50000	5215	2014	0.027410047215	0.0383509108341	0.0433042307277	true	ok	0.30036987245	5491970
2L_0711_35500001_35550000	35500001	35550000	inside	50000	5070	2061	0.0238212199025	0.0366863905325	0.0435936243133	true	ok	0.30036987245	5491970
2L_0712_35550001_35600000	35550001	35600000	inside	50000	4744	1854	0.0168912469375	0.0284569983137	0.0451362339948	true	ok	0.30036987245	5491970
2L_0713_35600001_35650000	35600001	35650000	inside	50000	4796	1957	0.0339984578344	0.0556713928274	0.047274237821	true	ok	0.30036987245	5491970
2L_0714_35650001_35700000	35650001	35700000	inside	50000	4634	1755	0.040964650125	0.066033664221	0.0447353114744	true	ok	0.30036987245	5491970
2L_0715_35700001_35750000	35700001	35750000	inside	50000	5111	2099	0.0354248882359	0.0540011739386	0.0460374989954	true	ok	0.30036987245	5491970
2L_0716_35750001_35800000	35750001	35800000	inside	50000	5175	2028	0.0541172181205	0.088309178744	0.0425043942151	true	ok	0.30036987245	5491970
2L_0717_35800001_35850000	35800001	35850000	inside	50000	5055	2052	0.0508631468936	0.0858555885262	0.043108601271	true	ok	0.30036987245	5491970
2L_0718_35850001_35900000	35850001	35900000	inside	50000	5288	2246	0.0186145919562	0.0310136157337	0.0431271746283	true	ok	0.30036987245	5491970
2L_0719_35900001_35950000	35900001	35950000	inside	50000	4866	2018	0.0243856098147	0.0312371557748	0.0437226013378	true	ok	0.30036987245	5491970
2L_0720_35950001_36000000	35950001	36000000	inside	50000	4161	1537	0.0262591086141	0.0478250420572	0.04057427052	true	ok	0.30036987245	5491970
2L_0721_36000001_36050000	36000001	36050000	inside	50000	5332	2234	0.0358497643279	0.0592648162041	0.0439652799442	true	ok	0.29935289475	5496760.5
2L_0722_36050001_36100000	36050001	36100000	inside	50000	5802	2322	0.0309164699225	0.0432609445019	0.0425806798009	true	ok	0.29935289475	5496760.5
2L_0723_36100001_36150000	36100001	36150000	inside	50000	5272	2188	0.0433690268274	0.0718892261002	0.0453014987018	true	ok	0.29935289475	5496760.5
2L_0724_36150001_36200000	36150001	36200000	inside	50000	5088	1935	0.033793906491	0.0583726415094	0.0399691423176	true	ok	0.29935289475	5496760.5
2L_0725_36200001_36250000	36200001	36250000	inside	50000	5401	2162	0.0327402682243	0.061099796334	0.0419783228174	true	ok	0.29935289475	5496760.5
2L_0726_36250001_36300000	36250001	36300000	inside	50000	5433	2349	0.0309395066487	0.0535615681944	0.0454200114679	true	ok	0.29935289475	5496760.5
2L_0727_36300001_36350000	36300001	36350000	inside	50000	5370	2281	0.0286251361512	0.0562383612663	0.0442120645439	true	ok	0.29935289475	5496760.5
2L_0728_36350001_36400000	36350001	36400000	inside	50000	5339	2245	0.0278124304247	0.0471998501592	0.0443080077209	true	ok	0.29935289475	5496760.5
2L_0729_36400001_36450000	36400001	36450000	inside	50000	5037	2102	0.0361513479497	0.0615445701807	0.0468384439004	true	ok	0.29935289475	5496760.5
2L_0730_36450001_36500000	36450001	36500000	inside	50000	4952	1897	0.0343867162496	0.0648222940226	0.0448603367386	true	ok	0.29935289475	5496760.5
2L_0731_36500001_36550000	36500001	36550000	inside	50000	5165	1995	0.0536192441871	0.0904162633107	0.0445097214234	true	ok	0.29935289475	5496760.5
2L_0732_36550001_36600000	36550001	36600000	inside	50000	4666	1602	0.042479114267	0.0574367766824	0.0403643688791	true	ok	0.29935289475	5496760.5
2L_0733_36600001_36650000	36600001	36650000	inside	50000	4798	1851	0.0728802095213	0.159858274281	0.0486339979895	true	ok	0.29935289475	5496760.5
2L_0734_36650001_36700000	36650001	36700000	inside	50000	4542	1712	0.0282728080889	0.0667107001321	0.0444681942544	true	ok	0.29935289475	5496760.5
2L_0735_36700001_36750000	36700001	36750000	inside	50000	4915	2054	0.0297702451103	0.0421159715158	0.053224657751	true	ok	0.29935289475	5496760.5
2L_0736_36750001_36800000	36750001	36800000	inside	50000	5129	2098	0.040792828055	0.0772080327549	0.0495881080584	true	ok	0.29935289475	5496760.5
2L_0737_36800001_36850000	36800001	36850000	inside	50000	5382	2292	0.0416938361975	0.0732069862505	0.0458015825691	true	ok	0.29935289475	5496760.5
2L_0738_36850001_36900000	36850001	36900000	inside	50000	4943	2067	0.0477328335477	0.0839571110662	0.0453033181815	true	ok	0.29935289475	5496760.5
2L_0739_36900001_36950000	36900001	36950000	inside	50000	5450	2360	0.0338791760429	0.0581651376147	0.0476163174039	true	ok	0.29935289475	5496760.5
2L_0740_36950001_37000000	36950001	37000000	inside	50000	5197	2066	0.026742569189	0.0513757937272	0.0446069197053	true	ok	0.29935289475	5496760.5
2L_0741_37000001_37050000	37000001	37050000	inside	50000	4541	1824	0.0483186730543	0.10900682669	0.0473358830618	true	ok	0.3476945074	5399559
2L_0742_37050001_37100000	37050001	37100000	inside	50000	3891	912	0.228669934973	0.445643793369	0.0450819156828	true	ok	0.3476945074	5399559
2L_0743_37100001_37150000	37100001	37150000	inside	50000	4077	1683	0.0616018992878	0.11331861663	0.0580016767766	true	ok	0.3476945074	5399559
2L_0744_37150001_37200000	37150001	37200000	inside	50000	5204	2237	0.0505960581846	0.0832052267487	0.0490649476623	true	ok	0.3476945074	5399559
2L_0745_37200001_37250000	37200001	37250000	inside	50000	5274	2373	0.0313141720509	0.0540386803185	0.0502864064941	true	ok	0.3476945074	5399559
2L_0746_37250001_37300000	37250001	37300000	inside	50000	5164	2368	0.0457338906508	0.0970178156468	0.0550397243228	true	ok	0.3476945074	5399559
2L_0747_37300001_37350000	37300001	37350000	inside	50000	3137	1458	0.148495437896	0.285623206886	0.080383126607	true	ok	0.3476945074	5399559
2L_0748_37350001_37400000	37350001	37400000	inside	50000	3491	888	0.34143322722	0.768834144944	0.0910956093558	false	low_signal	0.3476945074	5399559
2L_0749_37400001_37450000	37400001	37450000	inside	50000	3720	1513	0.0785504159059	0.132795698925	0.0568769162176	true	ok	0.3476945074	5399559
2L_0750_37450001_37500000	37450001	37500000	inside	50000	5363	2257	0.0523221655016	0.0755174342719	0.0460858234305	true	ok	0.3476945074	5399559
2L_0751_37500001_37550000	37500001	37550000	inside	50000	5532	2468	0.0543561303701	0.141178597252	0.0526799851402	true	ok	0.3476945074	5399559
2L_0752_37550001_37600000	37550001	37600000	inside	50000	5393	2223	0.0513803707811	0.113480437604	0.0456770043851	true	ok	0.3476945074	5399559
2L_0753_37600001_37650000	37600001	37650000	inside	50000	5115	2114	0.0547741566609	0.115933528837	0.0451402168229	true	ok	0.3476945074	5399559
2L_0754_37650001_37700000	37650001	37700000	inside	50000	5121	2089	0.0711609244951	0.123999218903	0.0462001039274	true	ok	0.3476945074	5399559
2L_0755_37700001_37750000	37700001	37750000	inside	50000	5256	2190	0.0624694868039	0.0939878234399	0.0508488853832	true	ok	0.3476945074	5399559
2L_0756_37750001_37800000	37750001	37800000	inside	50000	5264	2164	0.0378899753398	0.0568009118541	0.0442849106441	true	ok	0.3476945074	5399559
2L_0757_37800001_37850000	37800001	37850000	inside	50000	5068	2155	0.0315966999747	0.0538674033149	0.0397090540026	true	ok	0.3476945074	5399559
2L_0758_37850001_37900000	37850001	37900000	inside	50000	5232	2184	0.0601775719808	0.106842507645	0.0467865653143	true	ok	0.3476945074	5399559
2L_0759_37900001_37950000	37900001	37950000	inside	50000	5108	2134	0.0288928946085	0.0536413469068	0.0448189819781	true	ok	0.3476945074	5399559
2L_0760_37950001_38000000	37950001	38000000	inside	50000	4831	1999	0.036767261749	0.0604429724695	0.0398331096505	true	ok	0.3476945074	5399559
2L_0761_38000001_38050000	38000001	38050000	inside	50000	5087	2191	0.039649717556	0.0656575584824	0.0480532672128	true	ok	0.43433958045	5486420.5
2L_0762_38050001_38100000	38050001	38100000	inside	50000	5258	2310	0.0396807739509	0.0697984024344	0.0484201243573	true	ok	0.43433958045	5486420.5
2L_0763_38100001_38150000	38100001	38150000	inside	50000	4622	1778	0.0306858911033	0.0707485936824	0.0413646719927	true	ok	0.43433958045	5486420.5
2L_0764_38150001_38200000	38150001	38200000	inside	50000	4603	1799	0.0419414737722	0.0821203562894	0.044748788116	true	ok	0.43433958045	5486420.5
2L_0765_38200001_38250000	38200001	38250000	inside	50000	4711	1925	0.0502717445721	0.101040118871	0.0472860992447	true	ok	0.43433958045	5486420.5
2L_0766_38250001_38300000	38250001	38300000	inside	50000	4991	2108	0.0290825372463	0.0476858345021	0.0458902776155	true	ok	0.43433958045	5486420.5
2L_0767_38300001_38350000	38300001	38350000	inside	50000	5086	1998	0.056937653492	0.0900511207236	0.0432437748318	true	ok	0.43433958045	5486420.5
2L_0768_38350001_38400000	38350001	38400000	inside	50000	5347	2118	0.0304632116052	0.0454460445109	0.0434746213031	true	ok	0.43433958045	5486420.5
2L_0769_38400001_38450000	38400001	38450000	inside	50000	5561	2198	0.0253415803456	0.0377629922676	0.0445513534588	true	ok	0.43433958045	5486420.5
2L_0770_38450001_38500000	38450001	38500000	inside	50000	5329	2199	0.0365178783233	0.0564833927566	0.0439286646112	true	ok	0.43433958045	5486420.5
2L_0771_38500001_38550000	38500001	38550000	inside	50000	3871	1505	0.0289867081296	0.049082924309	0.0403883222231	true	ok	0.43433958045	5486420.5
2L_0772_38550001_38600000	38550001	38600000	inside	50000	5070	2057	0.0364779874214	0.058382642998	0.0432354349808	true	ok	0.43433958045	5486420.5
2L_0773_38600001_38650000	38600001	38650000	inside	50000	4660	1699	0.0371204146085	0.0532188841202	0.0419785376684	true	ok	0.43433958045	5486420.5
2L_0774_38650001_38700000	38650001	38700000	inside	50000	4756	1875	0.0521922655791	0.0965096719933	0.0451463300295	true	ok	0.43433958045	5486420.5
2L_0775_38700001_38750000	38700001	38750000	inside	50000	4382	1728	0.0369521972391	0.0524874486536	0.0437576006867	true	ok	0.43433958045	5486420.5
2L_0776_38750001_38800000	38750001	38800000	inside	50000	5195	2138	0.0240652296294	0.0429258902791	0.0411597676297	true	ok	0.43433958045	5486420.5
2L_0777_38800001_38850000	38800001	38850000	inside	50000	5366	2275	0.0319235718957	0.0480805068953	0.0453219719671	true	ok	0.43433958045	5486420.5
2L_0778_38850001_38900000	38850001	38900000	inside	50000	4901	2028	0.0457665551505	0.0805957967762	0.0483448651484	true	ok	0.43433958045	5486420.5
2L_0779_38900001_38950000	38900001	38950000	inside	50000	5161	2221	0.0294333773256	0.0530904863399	0.0461349545355	true	ok	0.43433958045	5486420.5
2L_0780_38950001_39000000	38950001	39000000	inside	50000	4965	2254	0.0209200250812	0.0378650553877	0.0445815867101	true	ok	0.43433958045	5486420.5
2L_0781_39000001_39050000	39000001	39050000	inside	50000	4797	2038	0.0306362860436	0.0550343964978	0.0467758427605	true	ok	0.31511131025	5465746
2L_0782_39050001_39100000	39050001	39100000	inside	50000	5185	2222	0.0466403449719	0.0777242044359	0.0488991862223	true	ok	0.31511131025	5465746
2L_0783_39100001_39150000	39100001	39150000	inside	50000	4051	1666	0.0339119621058	0.0491236731671	0.0467163560278	true	ok	0.31511131025	5465746
2L_0784_39150001_39200000	39150001	39200000	inside	50000	5346	2390	0.0611460517121	0.139356528245	0.0498735024228	true	ok	0.31511131025	5465746
2L_0785_39200001_39250000	39200001	39250000	inside	50000	5306	2315	0.0482970506867	0.110252544289	0.0512673930263	true	ok	0.31511131025	5465746
2L_0786_39250001_39300000	39250001	39300000	inside	50000	4877	1883	0.0364166031546	0.0670494156244	0.0452888367835	true	ok	0.31511131025	5465746
2L_0787_39300001_39350000	39300001	39350000	inside	50000	4860	2134	0.0254522866682	0.0409465020576	0.0510827649946	true	ok	0.31511131025	5465746
2L_0788_39350001_39400000	39350001	39400000	inside	50000	4801	1965	0.0382624689039	0.059779212664	0.0486153393512	true	ok	0.31511131025	5465746
2L_0789_39400001_39450000	39400001	39450000	inside	50000	4983	2150	0.0503068924911	0.0834838450732	0.0478802932862	true	ok	0.31511131025	5465746
2L_0790_39450001_39500000	39450001	39500000	inside	50000	4981	2171	0.0300159473925	0.0560128488255	0.0433594070348	true	ok	0.31511131025	5465746
2L_0791_39500001_39550000	39500001	39550000	inside	50000	5007	2285	0.0470925609807	0.0709007389654	0.0495740961902	true	ok	0.31511131025	5465746
2L_0792_39550001_39600000	39550001	39600000	inside	50000	4980	2119	0.03736076381	0.0632530120482	0.0480362406968	true	ok	0.31511131025	5465746
2L_0793_39600001_39650000	39600001	39650000	inside	50000	5277	2151	0.0934099920981	0.148190259617	0.0497483790563	true	ok	0.31511131025	5465746
2L_0794_39650001_39700000	39650001	39700000	inside	50000	5648	2434	0.039793682185	0.066395184136	0.0463761863676	true	ok	0.31511131025	5465746
2L_0795_39700001_39750000	39700001	39750000	inside	50000	5209	1999	0.0536009881301	0.0986753695527	0.0447797182322	true	ok	0.31511131025	5465746
2L_0796_39750001_39800000	39750001	39800000	inside	50000	5535	2249	0.0610591263145	0.111653116531	0.0438711457543	true	ok	0.31511131025	5465746
2L_0797_39800001_39850000	39800001	39850000	inside	50000	5316	2287	0.0325077729034	0.0528592927013	0.0463885189791	true	ok	0.31511131025	5465746
2L_0798_39850001_39900000	39850001	39900000	inside	50000	5159	2238	0.0329082351048	0.0558247722427	0.044579074156	true	ok	0.31511131025	5465746
2L_0799_39900001_39950000	39900001	39950000	inside	50000	5109	2226	0.0504880399739	0.0808377373263	0.0442463419757	true	ok	0.31511131025	5465746
2L_0800_39950001_40000000	39950001	40000000	inside	50000	4750	2204	0.0638291956306	0.112631578947	0.0503307436747	true	ok	0.31511131025	5465746
2L_0801_40000001_40050000	40000001	40050000	inside	50000	5377	2215	0.0704994368046	0.117723637716	0.0492204311224	true	ok	0.3514558882	5489748
2L_0802_40050001_40100000	40050001	40100000	inside	50000	4844	2122	0.0701509745571	0.138934764657	0.0520144770905	true	ok	0.3514558882	5489748
2L_0803_40100001_40150000	40100001	40150000	inside	50000	4058	1580	0.0505872397407	0.0754066042385	0.045936707249	true	ok	0.3514558882	5489748
2L_0804_40150001_40200000	40150001	40200000	inside	50000	4336	1507	0.0131979739609	0.0207564575646	0.0395149377136	true	ok	0.3514558882	5489748
2L_0805_40200001_40250000	40200001	40250000	inside	50000	4845	2033	0.0277430535273	0.044169246646	0.0491947080241	true	ok	0.3514558882	5489748
2L_0806_40250001_40300000	40250001	40300000	inside	50000	4622	1855	0.0530114383221	0.0936823885764	0.0503017501509	true	ok	0.3514558882	5489748
2L_0807_40300001_40350000	40300001	40350000	inside	50000	5566	2243	0.0748852534593	0.128278835789	0.0490313550037	true	ok	0.3514558882	5489748
2L_0808_40350001_40400000	40350001	40400000	inside	50000	5273	2149	0.104855994761	0.17466337948	0.0533168109048	true	ok	0.3514558882	5489748
2L_0809_40400001_40450000	40400001	40450000	inside	50000	5352	2351	0.0424810333644	0.0777279521674	0.0529185658638	true	ok	0.3514558882	5489748
2L_0810_40450001_40500000	40450001	40500000	inside	50000	5314	2466	0.0610242790493	0.0923974407226	0.0556465183112	true	ok	0.3514558882	5489748
2L_0811_40500001_40550000	40500001	40550000	inside	50000	5052	2013	0.0478532693945	0.0811559778306	0.0500033340786	true	ok	0.3514558882	5489748
2L_0812_40550001_40600000	40550001	40600000	inside	50000	4535	2029	0.0778265482307	0.126571113561	0.0538463967805	true	ok	0.3514558882	5489748
2L_0813_40600001_40650000	40600001	40650000	inside	50000	5037	2059	0.041253216762	0.068890212428	0.0457827371185	true	ok	0.3514558882	5489748
2L_0814_40650001_40700000	40650001	40700000	inside	50000	4911	1988	0.0288608937195	0.0437792710242	0.0441585466687	true	ok	0.3514558882	5489748
2L_0815_40700001_40750000	40700001	40750000	inside	50000	5237	2232	0.0451900663278	0.0775253007447	0.0482684195036	true	ok	0.3514558882	5489748
2L_0816_40750001_40800000	40750001	40800000	inside	50000	5200	2263	0.0604063860668	0.115384615385	0.0469816800025	true	ok	0.3514558882	5489748
2L_0817_40800001_40850000	40800001	40850000	inside	50000	5322	2272	0.0405756099636	0.0732807215333	0.0429863166569	true	ok	0.3514558882	5489748
2L_0818_40850001_40900000	40850001	40900000	inside	50000	5219	2175	0.0510688449678	0.0858401992719	0.043549818844	true	ok	0.3514558882	5489748
2L_0819_40900001_40950000	40900001	40950000	inside	50000	4770	2005	0.0359439895574	0.0559748427673	0.0488259212302	true	ok	0.3514558882	5489748
2L_0820_40950001_41000000	40950001	41000000	inside	50000	5535	2467	0.0368768215984	0.0641373080397	0.0505208167426	true	ok	0.3514558882	5489748
2L_0821_41000001_41050000	41000001	41050000	inside	50000	4952	2178	0.0617208217758	0.120557350565	0.0518807587195	true	ok	0.34698154765	5489610.5
2L_0822_41050001_41100000	41050001	41100000	inside	50000	3741	1592	0.0905821770993	0.124832932371	0.0428865361898	true	ok	0.34698154765	5489610.5
2L_0823_41100001_41150000	41100001	41150000	inside	50000	4321	1847	0.0772707226227	0.119416801666	0.0454057174766	true	ok	0.34698154765	5489610.5
2L_0824_41150001_41200000	41150001	41200000	inside	50000	5171	2307	0.0345285573025	0.0630438986656	0.0449395313681	true	ok	0.34698154765	5489610.5
2L_0825_41200001_41250000	41200001	41250000	inside	50000	5336	2376	0.0395745523465	0.0687781109445	0.0478322337418	true	ok	0.34698154765	5489610.5
2L_0826_41250001_41300000	41250001	41300000	inside	50000	4788	2147	0.0501489572989	0.146616541353	0.0531824857491	true	ok	0.34698154765	5489610.5
2L_0827_41300001_41350000	41300001	41350000	inside	50000	5362	2257	0.0423490249344	0.0798209623275	0.0432994918262	true	ok	0.34698154765	5489610.5
2L_0828_41350001_41400000	41350001	41400000	inside	50000	5440	2242	0.0385439789123	0.0617647058824	0.0421850819063	true	ok	0.34698154765	5489610.5
2L_0829_41400001_41450000	41400001	41450000	inside	50000	5664	2585	0.0486521959279	0.0948093220339	0.0447044158172	true	ok	0.34698154765	5489610.5
2L_0830_41450001_41500000	41450001	41500000	inside	50000	4783	1984	0.048568238928	0.0821660045996	0.0410304037946	true	ok	0.34698154765	5489610.5
2L_0831_41500001_41550000	41500001	41550000	inside	50000	5373	2172	0.0409595145539	0.070351758794	0.0408341114223	true	ok	0.34698154765	5489610.5
2L_0832_41550001_41600000	41550001	41600000	inside	50000	5341	2179	0.0738042837007	0.146040067403	0.0435576948749	true	ok	0.34698154765	5489610.5
2L_0833_41600001_41650000	41600001	41650000	inside	50000	5103	2064	0.0582602168905	0.100725063688	0.0417860872706	true	ok	0.34698154765	5489610.5
2L_0834_41650001_41700000	41650001	41700000	inside	50000	5673	2307	0.06588308073	0.126035607262	0.0435377056185	true	ok	0.34698154765	5489610.5
2L_0835_41700001_41750000	41700001	41750000	inside	50000	5271	2128	0.102189624252	0.176437108708	0.0455993461316	true	ok	0.34698154765	5489610.5
2L_0836_41750001_41800000	41750001	41800000	inside	50000	5699	2437	0.0726310805934	0.132654851728	0.0475172165121	true	ok	0.34698154765	5489610.5
2L_0837_41800001_41850000	41800001	41850000	inside	50000	5620	2369	0.0654434969449	0.122419928826	0.0457920658699	true	ok	0.34698154765	5489610.5
2L_0838_41850001_41900000	41850001	41900000	inside	50000	5501	2332	0.0359248575731	0.061806944192	0.047186022435	true	ok	0.34698154765	5489610.5
2L_0839_41900001_41950000	41900001	41950000	inside	50000	5359	2311	0.0625081418316	0.118119052062	0.0470757455694	true	ok	0.34698154765	5489610.5
2L_0840_41950001_42000000	41950001	42000000	inside	50000	4601	1959	0.0809627111415	0.155835687894	0.0468029092856	true	ok	0.34698154765	5489610.5
2L_0841_42000001_42050000	42000001	42050000	inside	50000	5238	2028	0.0278840404302	0.0582283314242	0.0400558781353	true	ok	0.29307759025	5497024.5
2L_0842_42050001_42100000	42050001	42100000	inside	50000	5111	2205	0.0429225901958	0.0937194286832	0.0440761255284	true	ok	0.29307759025	5497024.5
2L_0843_42100001_42150000	42100001	42150000	inside	50000	4746	2014	0.0735833154434	0.121576064054	0.0490496890945	true	ok	0.29307759025	5497024.5
2L_0844_42150001_42200000	42150001	42200000	boundary	50000	5311	2465	0.0731127634706	0.15552626624	0.0604554182972	true	ok	0.29307759025	5497024.5
2L_0845_42200001_42250000	42200001	42250000	outside	50000	5201	2312	0.0304585837992	0.0515285522015	0.0590255821176	true	ok	0.29307759025	5497024.5
2L_0846_42250001_42300000	42250001	42300000	outside	50000	5151	2225	0.0245858104123	0.0465928945836	0.0579553946622	true	ok	0.29307759025	5497024.5
2L_0847_42300001_42350000	42300001	42350000	outside	50000	4971	2126	0.0181315782482	0.0323878495273	0.0565395885359	true	ok	0.29307759025	5497024.5
2L_0848_42350001_42400000	42350001	42400000	outside	50000	4905	2031	0.0180716634932	0.0358817533129	0.0572537774174	true	ok	0.29307759025	5497024.5
2L_0849_42400001_42450000	42400001	42450000	outside	50000	5199	2159	0.0304993340519	0.045393344874	0.0536716290526	true	ok	0.29307759025	5497024.5
2L_0850_42450001_42500000	42450001	42500000	outside	50000	5329	2329	0.032428470774	0.0611747044474	0.0540804601907	true	ok	0.29307759025	5497024.5
2L_0851_42500001_42550000	42500001	42550000	outside	50000	5260	2272	0.0167766697755	0.0247148288973	0.0535090823523	true	ok	0.29307759025	5497024.5
2L_0852_42550001_42600000	42550001	42600000	outside	50000	5105	2172	0.0172269140502	0.0258570029383	0.0579419640171	true	ok	0.29307759025	5497024.5
2L_0853_42600001_42650000	42600001	42650000	outside	50000	5125	2056	0.0229065807639	0.032	0.0561410383455	true	ok	0.29307759025	5497024.5
2L_0854_42650001_42700000	42650001	42700000	outside	50000	5028	2069	0.0183838429324	0.0332140015911	0.0549534568114	true	ok	0.29307759025	5497024.5
2L_0855_42700001_42750000	42700001	42750000	outside	50000	4683	1868	0.0167083670764	0.0292547512278	0.0493255535706	true	ok	0.29307759025	5497024.5
2L_0856_42750001_42800000	42750001	42800000	outside	50000	4976	2069	0.0200623369532	0.0291398713826	0.0564741116791	true	ok	0.29307759025	5497024.5
2L_0857_42800001_42850000	42800001	42850000	outside	50000	5035	2079	0.0313128852748	0.0510427010924	0.0550408318794	true	ok	0.29307759025	5497024.5
2L_0858_42850001_42900000	42850001	42900000	outside	50000	5052	2159	0.0266100479541	0.0433491686461	0.0531057318585	true	ok	0.29307759025	5497024.5
2L_0859_42900001_42950000	42900001	42950000	outside	50000	5356	2201	0.0424105570195	0.0674010455564	0.0547807629061	true	ok	0.29307759025	5497024.5
2L_0860_42950001_43000000	42950001	43000000	outside	50000	4764	1820	0.0357318251667	0.0619227539882	0.048679508769	true	ok	0.29307759025	5497024.5
2L_0861_43000001_43050000	43000001	43050000	outside	50000	4808	1848	0.0387286911751	0.0528286189684	0.0515033373477	true	ok	0.40505363945	5495165.5
2L_0862_43050001_43100000	43050001	43100000	outside	50000	4996	2063	0.0231921386166	0.0438350680544	0.0528094275209	true	ok	0.40505363945	5495165.5
2L_0863_43100001_43150000	43100001	43150000	outside	50000	4794	1845	0.0444817027574	0.0750938673342	0.0490938298048	true	ok	0.40505363945	5495165.5
2L_0864_43150001_43200000	43150001	43200000	outside	50000	5271	2201	0.0261201375988	0.0409789413773	0.0538398770886	true	ok	0.40505363945	5495165.5
2L_0865_43200001_43250000	43200001	43250000	outside	50000	5144	2099	0.0191833680566	0.0316874027994	0.0502651438658	true	ok	0.40505363945	5495165.5
2L_0866_43250001_43300000	43250001	43300000	outside	50000	5243	2135	0.0216065265817	0.0368109860767	0.0526822988506	true	ok	0.40505363945	5495165.5
2L_0867_43300001_43350000	43300001	43350000	outside	50000	5101	2099	0.018623799255	0.0317584787297	0.0522768903731	true	ok	0.40505363945	5495165.5
2L_0868_43350001_43400000	43350001	43400000	outside	50000	5332	2127	0.0294094750103	0.0472618154539	0.0443370946279	true	ok	0.40505363945	5495165.5
2L_0869_43400001_43450000	43400001	43450000	outside	50000	4944	2023	0.0572830799292	0.0825242718447	0.0446033146845	true	ok	0.40505363945	5495165.5
2L_0870_43450001_43500000	43450001	43500000	outside	50000	5332	2202	0.0184645217908	0.0273818454614	0.044048194161	true	ok	0.40505363945	5495165.5
2L_0871_43500001_43550000	43500001	43550000	outside	50000	5210	2143	0.0163980733712	0.0289827255278	0.0487588456639	true	ok	0.40505363945	5495165.5
2L_0872_43550001_43600000	43550001	43600000	outside	50000	5321	2556	0.0340906270278	0.0629580905845	0.0679995154167	true	ok	0.40505363945	5495165.5
2L_0873_43600001_43650000	43600001	43650000	outside	50000	5096	2021	0.0243624300228	0.0496467817896	0.0518997525692	true	ok	0.40505363945	5495165.5
2L_0874_43650001_43700000	43650001	43700000	outside	50000	5099	2071	0.0161259884476	0.0298097666209	0.0521194934728	true	ok	0.40505363945	5495165.5
2L_0875_43700001_43750000	43700001	43750000	outside	50000	5418	2232	0.0169177514504	0.0258397932817	0.0508083713549	true	ok	0.40505363945	5495165.5
2L_0876_43750001_43800000	43750001	43800000	outside	50000	5171	1946	0.0310840938032	0.062463740089	0.0440567288284	true	ok	0.40505363945	5495165.5
2L_0877_43800001_43850000	43800001	43850000	outside	50000	4878	1938	0.0264800761215	0.0442804428044	0.051242013922	true	ok	0.40505363945	5495165.5
2L_0878_43850001_43900000	43850001	43900000	outside	50000	5033	2025	0.034931714833	0.0514603616134	0.0580971211703	true	ok	0.40505363945	5495165.5
2L_0879_43900001_43950000	43900001	43950000	outside	50000	4985	1915	0.021362199807	0.0272818455366	0.0537165311087	true	ok	0.40505363945	5495165.5
2L_0880_43950001_44000000	43950001	44000000	outside	50000	5334	1983	0.035581637201	0.0455568053993	0.0527356286426	true	ok	0.40505363945	5495165.5
2L_0881_44000001_44050000	44000001	44050000	outside	50000	5228	2011	0.0313226314042	0.040168324407	0.0523239134889	true	ok	0.3340520151	5475899
2L_0882_44050001_44100000	44050001	44100000	outside	50000	5016	1863	0.0204101591887	0.0420653907496	0.0514933454163	true	ok	0.3340520151	5475899
2L_0883_44100001_44150000	44100001	44150000	outside	50000	5285	2132	0.0172185430464	0.0251655629139	0.0519939552895	true	ok	0.3340520151	5475899
2L_0884_44150001_44200000	44150001	44200000	outside	50000	4864	2190	0.0836953823237	0.192639802632	0.0652369018187	true	ok	0.3340520151	5475899
2L_0885_44200001_44250000	44200001	44250000	outside	50000	5256	2023	0.0140827374286	0.0270167427702	0.0505561725136	true	ok	0.3340520151	5475899
2L_0886_44250001_44300000	44250001	44300000	outside	50000	3767	1449	0.0384070202503	0.058932837802	0.0527702973701	true	ok	0.3340520151	5475899
2L_0887_44300001_44350000	44300001	44350000	outside	50000	4799	1806	0.0411878260801	0.0741821212753	0.0568661300442	true	ok	0.3340520151	5475899
2L_0888_44350001_44400000	44350001	44400000	outside	50000	4301	1652	0.0202454014643	0.0444082771449	0.0540928995514	true	ok	0.3340520151	5475899
2L_0889_44400001_44450000	44400001	44450000	outside	50000	3797	1492	0.110568919852	0.233868843824	0.0548801609028	true	ok	0.3340520151	5475899
2L_0890_44450001_44500000	44450001	44500000	outside	50000	5015	2034	0.0119528207829	0.0207377866401	0.0547791849759	true	ok	0.3340520151	5475899
2L_0891_44500001_44550000	44500001	44550000	outside	50000	4852	1862	0.0164763800961	0.0228771640561	0.0517398851016	true	ok	0.3340520151	5475899
2L_0892_44550001_44600000	44550001	44600000	outside	50000	4768	1760	0.0141588577941	0.0192953020134	0.0470685516566	true	ok	0.3340520151	5475899
2L_0893_44600001_44650000	44600001	44650000	outside	50000	5180	1971	0.0260289939535	0.0372586872587	0.0527274359185	true	ok	0.3340520151	5475899
2L_0894_44650001_44700000	44650001	44700000	outside	50000	5320	2187	0.0239856717265	0.0383458646617	0.0560434888462	true	ok	0.3340520151	5475899
2L_0895_44700001_44750000	44700001	44750000	outside	50000	5088	2027	0.0440733653732	0.060141509434	0.0548803432398	true	ok	0.3340520151	5475899
2L_0896_44750001_44800000	44750001	44800000	outside	50000	4977	2020	0.0194555331885	0.0347598955194	0.0496116358463	true	ok	0.3340520151	5475899
2L_0897_44800001_44850000	44800001	44850000	outside	50000	3980	1588	0.0797003887361	0.116331658291	0.0578484299019	true	ok	0.3340520151	5475899
2L_0898_44850001_44900000	44850001	44900000	outside	50000	4662	1593	0.0851970568952	0.125268125268	0.0443072975424	true	ok	0.3340520151	5475899
2L_0899_44900001_44950000	44900001	44950000	outside	50000	4990	1883	0.0255038378644	0.0376753507014	0.0493937336308	true	ok	0.3340520151	5475899
2L_0900_44950001_45000000	44950001	45000000	outside	50000	4892	1882	0.0467224116386	0.06827473426	0.053511462118	true	ok	0.3340520151	5475899
2L_0901_45000001_45050000	45000001	45050000	outside	50000	4223	1435	0.11263565649	0.285105375326	0.0575250869799	true	ok	0.30409108785	5460653
2L_0902_45050001_45100000	45050001	45100000	outside	50000	4386	1845	0.0253379105043	0.0515275877793	0.0592493202924	true	ok	0.30409108785	5460653
2L_0903_45100001_45150000	45100001	45150000	outside	50000	4690	1876	0.0338013436859	0.0494669509595	0.0553279371107	true	ok	0.30409108785	5460653
2L_0904_45150001_45200000	45150001	45200000	outside	50000	5018	2086	0.0145965091708	0.020725388601	0.0554046216307	true	ok	0.30409108785	5460653
2L_0905_45200001_45250000	45200001	45250000	outside	50000	4811	1928	0.0223505096418	0.0411556848888	0.0546244444088	true	ok	0.30409108785	5460653
2L_0906_45250001_45300000	45250001	45300000	outside	50000	4894	1953	0.0216437532288	0.0279934613813	0.0537892878535	true	ok	0.30409108785	5460653
2L_0907_45300001_45350000	45300001	45350000	outside	50000	5032	2160	0.0383620301767	0.060413354531	0.0609127951182	true	ok	0.30409108785	5460653
2L_0908_45350001_45400000	45350001	45400000	outside	50000	5150	2090	0.0248507052574	0.0372815533981	0.0514376312616	true	ok	0.30409108785	5460653
2L_0909_45400001_45450000	45400001	45450000	outside	50000	5163	2045	0.0237137250173	0.0319581638582	0.0542092457421	true	ok	0.30409108785	5460653
2L_0910_45450001_45500000	45450001	45500000	outside	50000	5405	2214	0.0180999424013	0.0259019426457	0.0549594709898	true	ok	0.30409108785	5460653
2L_0911_45500001_45550000	45500001	45550000	outside	50000	5438	2107	0.0220357095769	0.0319970577418	0.0510318842842	true	ok	0.30409108785	5460653
2L_0912_45550001_45600000	45550001	45600000	outside	50000	4985	1855	0.0188565697091	0.0264794383149	0.0492278848713	true	ok	0.30409108785	5460653
2L_0913_45600001_45650000	45600001	45650000	outside	50000	4986	1912	0.0306518629521	0.042318491777	0.0513472153905	true	ok	0.30409108785	5460653
2L_0914_45650001_45700000	45650001	45700000	outside	50000	4106	1628	0.0159775386227	0.0265465172918	0.0559070892543	true	ok	0.30409108785	5460653
2L_0915_45700001_45750000	45700001	45750000	outside	50000	5341	2165	0.0290525765439	0.0376334019846	0.0546954873403	true	ok	0.30409108785	5460653
2L_0916_45750001_45800000	45750001	45800000	outside	50000	5271	1938	0.0239294394748	0.0362360083476	0.0472828757729	true	ok	0.30409108785	5460653
2L_0917_45800001_45850000	45800001	45850000	outside	50000	4687	1783	0.0189001292213	0.0283763601451	0.0497997669419	true	ok	0.30409108785	5460653
2L_0918_45850001_45900000	45850001	45900000	outside	50000	4993	1892	0.0264899160712	0.0388543961546	0.0496042605553	true	ok	0.30409108785	5460653
2L_0919_45900001_45950000	45900001	45950000	outside	50000	4801	1744	0.0256078725737	0.0404082482816	0.0492423478545	true	ok	0.30409108785	5460653
2L_0920_45950001_46000000	45950001	46000000	outside	50000	4664	1923	0.030110197741	0.0506003430532	0.0558333924229	true	ok	0.30409108785	5460653
2L_0921_46000001_46050000	46000001	46050000	outside	50000	4985	2054	0.0209837058345	0.0345035105316	0.058033487847	true	ok	0.2919378914	5487641.5
2L_0922_46050001_46100000	46050001	46100000	outside	50000	4831	1967	0.0227618017286	0.03125646864	0.0561796854705	true	ok	0.2919378914	5487641.5
2L_0923_46100001_46150000	46100001	46150000	outside	50000	4913	1987	0.0236185092304	0.0325666598819	0.0566750183882	true	ok	0.2919378914	5487641.5
2L_0924_46150001_46200000	46150001	46200000	outside	50000	4871	1980	0.0145257066272	0.0246355984397	0.0533620530397	true	ok	0.2919378914	5487641.5
2L_0925_46200001_46250000	46200001	46250000	outside	50000	5015	2028	0.0161327338739	0.0227318045862	0.0561017487104	true	ok	0.2919378914	5487641.5
2L_0926_46250001_46300000	46250001	46300000	outside	50000	4418	1648	0.0132989400138	0.0239927569036	0.0553107686981	true	ok	0.2919378914	5487641.5
2L_0927_46300001_46350000	46300001	46350000	outside	50000	4402	1749	0.0665006472187	0.111767378464	0.0563246415141	true	ok	0.2919378914	5487641.5
2L_0928_46350001_46400000	46350001	46400000	outside	50000	4482	1707	0.0399627861551	0.066265060241	0.0577409637233	true	ok	0.2919378914	5487641.5
2L_0929_46400001_46450000	46400001	46450000	outside	50000	3524	1391	0.0189214657443	0.0272417707151	0.0555670766981	true	ok	0.2919378914	5487641.5
2L_0930_46450001_46500000	46450001	46500000	outside	50000	5113	2033	0.0134285893523	0.0177977703892	0.0538657190948	true	ok	0.2919378914	5487641.5
2L_0931_46500001_46550000	46500001	46550000	outside	50000	5141	2044	0.026821006118	0.0486286714647	0.0527143476703	true	ok	0.2919378914	5487641.5
2L_0932_46550001_46600000	46550001	46600000	outside	50000	5016	1933	0.0241717071409	0.0356858054226	0.0559243240743	true	ok	0.2919378914	5487641.5
2L_0933_46600001_46650000	46600001	46650000	outside	50000	4861	1934	0.0510260719706	0.0740588356305	0.0592751352833	true	ok	0.2919378914	5487641.5
2L_0934_46650001_46700000	46650001	46700000	outside	50000	5182	2158	0.0169636550323	0.0237360092628	0.0590546952261	true	ok	0.2919378914	5487641.5
2L_0935_46700001_46750000	46700001	46750000	outside	50000	4531	1930	0.0487001494943	0.10041933348	0.0597510155484	true	ok	0.2919378914	5487641.5
2L_0936_46750001_46800000	46750001	46800000	outside	50000	4731	1779	0.0209537255277	0.0323398858592	0.0512446586201	true	ok	0.2919378914	5487641.5
2L_0937_46800001_46850000	46800001	46850000	outside	50000	4926	2109	0.0214571890393	0.0357287860333	0.0622289373562	true	ok	0.2919378914	5487641.5
2L_0938_46850001_46900000	46850001	46900000	outside	50000	4739	1761	0.0231917409532	0.0346064570585	0.0556733050191	true	ok	0.2919378914	5487641.5
2L_0939_46900001_46950000	46900001	46950000	outside	50000	4735	1925	0.0190631786575	0.0278775079197	0.0594789800586	true	ok	0.2919378914	5487641.5
2L_0940_46950001_47000000	46950001	47000000	outside	50000	4673	1839	0.0174385974829	0.0276053926814	0.0598890486953	true	ok	0.2919378914	5487641.5
2L_0941_47000001_47050000	47000001	47050000	outside	50000	4905	2042	0.0239686111592	0.0295616717635	0.0584115648671	true	ok	0.31811673615	5436117.5
2L_0942_47050001_47100000	47050001	47100000	outside	50000	4905	1898	0.0311234204604	0.0399592252803	0.0564409188721	true	ok	0.31811673615	5436117.5
2L_0943_47100001_47150000	47100001	47150000	outside	50000	4477	1641	0.0143753608591	0.0236765691311	0.0568606490785	true	ok	0.31811673615	5436117.5
2L_0944_47150001_47200000	47150001	47200000	outside	50000	4749	1854	0.0186772190372	0.0237944830491	0.0558349123063	true	ok	0.31811673615	5436117.5
2L_0945_47200001_47250000	47200001	47250000	outside	50000	4798	1801	0.0216009815411	0.0304293455607	0.0562296775335	true	ok	0.31811673615	5436117.5
2L_0946_47250001_47300000	47250001	47300000	outside	50000	4459	1664	0.0315325798576	0.0562906481274	0.0564063353359	true	ok	0.31811673615	5436117.5
2L_0947_47300001_47350000	47300001	47350000	outside	50000	4925	1855	0.0261086102864	0.0371573604061	0.0563038432792	true	ok	0.31811673615	5436117.5
2L_0948_47350001_47400000	47350001	47400000	outside	50000	4719	1773	0.0229021978593	0.0366603093876	0.0538794249915	true	ok	0.31811673615	5436117.5
2L_0949_47400001_47450000	47400001	47450000	outside	50000	4715	1810	0.0232657716241	0.03032873807	0.0563132730528	true	ok	0.31811673615	5436117.5
2L_0950_47450001_47500000	47450001	47500000	outside	50000	4866	1790	0.0225670613964	0.0341142622277	0.054126103825	true	ok	0.31811673615	5436117.5
2L_0951_47500001_47550000	47500001	47550000	outside	50000	5118	2014	0.0353727502636	0.0488472059398	0.0575902223887	true	ok	0.31811673615	5436117.5
2L_0952_47550001_47600000	47550001	47600000	outside	50000	4994	1941	0.016423481763	0.0224269122948	0.054902337373	true	ok	0.31811673615	5436117.5
2L_0953_47600001_47650000	47600001	47650000	outside	50000	4503	1609	0.0177659338219	0.0526315789474	0.0529820535025	true	ok	0.31811673615	5436117.5
2L_0954_47650001_47700000	47650001	47700000	outside	50000	3206	950	0.0258418766699	0.0642545227698	0.0466812060872	true	ok	0.31811673615	5436117.5
2L_0955_47700001_47750000	47700001	47750000	outside	50000	4448	1597	0.0251671304466	0.0368705035971	0.0510680515728	true	ok	0.31811673615	5436117.5
2L_0956_47750001_47800000	47750001	47800000	outside	50000	4440	1579	0.0194246132925	0.0263513513514	0.0532483347707	true	ok	0.31811673615	5436117.5
2L_0957_47800001_47850000	47800001	47850000	outside	50000	4674	1824	0.0239017931391	0.0376551133932	0.0603223311732	true	ok	0.31811673615	5436117.5
2L_0958_47850001_47900000	47850001	47900000	outside	50000	4866	1778	0.0143700222569	0.0250719276613	0.0503989110594	true	ok	0.31811673615	5436117.5
2L_0959_47900001_47950000	47900001	47950000	outside	50000	5257	2208	0.0146579044652	0.0241582651702	0.0586551175251	true	ok	0.31811673615	5436117.5
2L_0960_47950001_48000000	47950001	48000000	outside	50000	5336	2170	0.0315514412605	0.0462893553223	0.0568559796995	true	ok	0.31811673615	5436117.5
2L_0961_48000001_48050000	48000001	48050000	outside	50000	4616	1680	0.0160271083352	0.0227469670711	0.0525491531901	true	ok	0.3525776942	5498641.5
2L_0962_48050001_48100000	48050001	48100000	outside	50000	4833	1889	0.0223034249597	0.0328988206083	0.0583342650418	true	ok	0.3525776942	5498641.5
2L_0963_48100001_48150000	48100001	48150000	outside	50000	4451	1692	0.02105526424	0.0310042687037	0.0539889839609	true	ok	0.3525776942	5498641.5
2L_0964_48150001_48200000	48150001	48200000	outside	50000	4500	1709	0.0259077568134	0.109555555556	0.0534734268534	true	ok	0.3525776942	5498641.5
2L_0965_48200001_48250000	48200001	48250000	outside	50000	5033	1992	0.0307330111828	0.0391416650109	0.0571105894002	true	ok	0.3525776942	5498641.5
2L_0966_48250001_48300000	48250001	48300000	outside	50000	4913	1858	0.0165060736053	0.0232037451659	0.0530475495039	true	ok	0.3525776942	5498641.5
2L_0967_48300001_48350000	48300001	48350000	outside	50000	4824	1882	0.0158171407115	0.0225953565506	0.0556933250672	true	ok	0.3525776942	5498641.5
2L_0968_48350001_48400000	48350001	48400000	outside	50000	4723	1683	0.0203899823825	0.0281600677535	0.0499357706502	true	ok	0.3525776942	5498641.5
2L_0969_48400001_48450000	48400001	48450000	outside	50000	4643	1686	0.0218628976873	0.0277837604997	0.0493811773211	true	ok	0.3525776942	5498641.5
2L_0970_48450001_48500000	48450001	48500000	outside	50000	4458	1587	0.0182796245038	0.0291610587707	0.0518117738354	true	ok	0.3525776942	5498641.5
2L_0971_48500001_48550000	48500001	48550000	outside	50000	4451	1773	0.0205126683425	0.0298809256347	0.056460547727	true	ok	0.3525776942	5498641.5
2L_0972_48550001_48600000	48550001	48600000	outside	50000	4814	1752	0.0161321930533	0.0226422933112	0.0534247448471	true	ok	0.3525776942	5498641.5
2L_0973_48600001_48650000	48600001	48650000	outside	50000	4846	1748	0.0195453943731	0.0268262484523	0.0517159218166	true	ok	0.3525776942	5498641.5
2L_0974_48650001_48700000	48650001	48700000	outside	50000	4719	1807	0.0128824862959	0.0194956558593	0.0536363084027	true	ok	0.3525776942	5498641.5
2L_0975_48700001_48750000	48700001	48750000	outside	50000	5004	1841	0.0180497111745	0.0265787370104	0.0535010079677	true	ok	0.3525776942	5498641.5
2L_0976_48750001_48800000	48750001	48800000	outside	50000	4650	1694	0.0203083789815	0.0333333333333	0.0519248690178	true	ok	0.3525776942	5498641.5
2L_0977_48800001_48850000	48800001	48850000	outside	50000	4400	1594	0.031359348199	0.0436363636364	0.0519153382001	true	ok	0.3525776942	5498641.5
2L_0978_48850001_48900000	48850001	48900000	outside	50000	4637	1837	0.0170857052177	0.0288979943929	0.0563623417591	true	ok	0.3525776942	5498641.5
2L_0979_48900001_48950000	48900001	48950000	outside	50000	4568	1691	0.0137131150249	0.0201401050788	0.0538645805414	true	ok	0.3525776942	5498641.5
2L_0980_48950001_49000000	48950001	49000000	outside	50000	4384	1485	0.0369095165955	0.0583941605839	0.0485798298298	true	ok	0.3525776942	5498641.5
2L_0981_49000001_49050000	49000001	49050000	outside	50000	4527	1677	0.0295543302033	0.0622929092114	0.0528689228655	true	ok	0.516594611	5009468.75
2L_0982_49050001_49100000	49050001	49100000	outside	50000	3659	1209	0.0158719518169	0.0221371959552	0.0465341709938	true	ok	0.516594611	5009468.75
2L_0983_49100001_49150000	49100001	49150000	outside	50000	3478	1149	0.00825675133182	0.0152386428982	0.0432192635057	true	ok	0.516594611	5009468.75
2L_0984_49150001_49200000	49150001	49200000	outside	50000	2963	879	0.00627869510122	0.0310496118799	0.0398967017616	true	ok	0.516594611	5009468.75
2L_0985_49200001_49250000	49200001	49250000	outside	50000	2849	789	0.00708623350133	0.026325026325	0.0322156782968	true	ok	0.516594611	5009468.75
2L_0986_49250001_49300000	49250001	49300000	outside	50000	2931	842	0.0117739453982	0.0228590924599	0.0363354482327	true	ok	0.516594611	5009468.75
2L_0987_49300001_49350000	49300001	49350000	outside	50000	2693	546	0.00487637410757	0.0237653174898	0.0289932621292	true	ok	0.516594611	5009468.75
2L_0988_49350001_49364325	49350001	49364325	outside	14325	650	189	0.135732946299	0.246153846154	0.0430577013502	true	ok	0.516594611	5009468.75
