lg	boundary_side	boundary_bp	snp_position_bp	relative_position_bp	relative_position_kb	inside_inversion	side_class	linkage_score	log10_linkage_plus1	source
LG01	left	9114741	9064741	-50000	-50	false	outside	0	0	Matschiner_et_al_2022_Source_Data_Fig1_Linkage_per_SNP
LG01	left	9114741	9068348	-46393	-46.393	false	outside	32484	4.51168287	Matschiner_et_al_2022_Source_Data_Fig1_Linkage_per_SNP
LG01	left	9114741	9068405	-46336	-46.336	false	outside	49382	4.69357747	Matschiner_et_al_2022_Source_Data_Fig1_Linkage_per_SNP
LG01	left	9114741	9069727	-45014	-45.014	false	outside	52164	4.71737921	Matschiner_et_al_2022_Source_Data_Fig1_Linkage_per_SNP
LG01	left	9114741	9070396	-44345	-44.345	false	outside	30810	4.48870579	Matschiner_et_al_2022_Source_Data_Fig1_Linkage_per_SNP
LG01	left	9114741	9070654	-44087	-44.087	false	outside	29262	4.46631885	Matschiner_et_al_2022_Source_Data_Fig1_Linkage_per_SNP
LG01	left	9114741	9071445	-43296	-43.296	false	outside	45536	4.65836442	Matschiner_et_al_2022_Source_Data_Fig1_Linkage_per_SNP
LG01	left	9114741	9072325	-42416	-42.416	false	outside	20361	4.30882043	Matschiner_et_al_2022_Source_Data_Fig1_Linkage_per_SNP
LG01	left	9114741	9072806	-41935	-41.935	false	outside	24338	4.38630273	Matschiner_et_al_2022_Source_Data_Fig1_Linkage_per_SNP
LG01	left	9114741	9073365	-41376	-41.376	false	outside	20439	4.31048089	Matschiner_et_al_2022_Source_Data_Fig1_Linkage_per_SNP
LG01	left	9114741	9073508	-41233	-41.233	false	outside	20868	4.31950164	Matschiner_et_al_2022_Source_Data_Fig1_Linkage_per_SNP
LG01	left	9114741	9073604	-41137	-41.137	false	outside	21348	4.32937754	Matschiner_et_al_2022_Source_Data_Fig1_Linkage_per_SNP
LG01	left	9114741	9073673	-41068	-41.068	false	outside	21831	4.33909352	Matschiner_et_al_2022_Source_Data_Fig1_Linkage_per_SNP
LG01	left	9114741	9074243	-40498	-40.498	false	outside	32856	4.51662791	Matschiner_et_al_2022_Source_Data_Fig1_Linkage_per_SNP
LG01	left	9114741	9076675	-38066	-38.066	false	outside	2170	3.33665982	Matschiner_et_al_2022_Source_Data_Fig1_Linkage_per_SNP
LG01	left	9114741	9076676	-38065	-38.065	false	outside	2169	3.33645973	Matschiner_et_al_2022_Source_Data_Fig1_Linkage_per_SNP
LG01	left	9114741	9090211	-24530	-24.53	false	outside	11054	4.04355875	Matschiner_et_al_2022_Source_Data_Fig1_Linkage_per_SNP
LG01	left	9114741	9090419	-24322	-24.322	false	outside	10014	4.00065095	Matschiner_et_al_2022_Source_Data_Fig1_Linkage_per_SNP
LG01	left	9114741	9091031	-23710	-23.71	false	outside	8178	3.91270021	Matschiner_et_al_2022_Source_Data_Fig1_Linkage_per_SNP
LG01	left	9114741	9092075	-22666	-22.666	false	outside	7134	3.85339398	Matschiner_et_al_2022_Source_Data_Fig1_Linkage_per_SNP
LG01	left	9114741	9092321	-22420	-22.42	false	outside	7380	3.86811521	Matschiner_et_al_2022_Source_Data_Fig1_Linkage_per_SNP
LG01	left	9114741	9092389	-22352	-22.352	false	outside	7584	3.87995559	Matschiner_et_al_2022_Source_Data_Fig1_Linkage_per_SNP
LG01	left	9114741	9099079	-15662	-15.662	false	outside	1098	3.04099769	Matschiner_et_al_2022_Source_Data_Fig1_Linkage_per_SNP
LG01	left	9114741	9099116	-15625	-15.625	false	outside	1024	3.01072387	Matschiner_et_al_2022_Source_Data_Fig1_Linkage_per_SNP
LG01	left	9114741	9099574	-15167	-15.167	false	outside	1024	3.01072387	Matschiner_et_al_2022_Source_Data_Fig1_Linkage_per_SNP
LG01	left	9114741	9106281	-8460	-8.46	false	outside	200	2.30319606	Matschiner_et_al_2022_Source_Data_Fig1_Linkage_per_SNP
LG01	left	9114741	9106341	-8400	-8.4	false	outside	80	1.90848502	Matschiner_et_al_2022_Source_Data_Fig1_Linkage_per_SNP
LG01	left	9114741	9106350	-8391	-8.391	false	outside	80	1.90848502	Matschiner_et_al_2022_Source_Data_Fig1_Linkage_per_SNP
LG01	left	9114741	9110760	-3981	-3.981	false	outside	846	2.92788341	Matschiner_et_al_2022_Source_Data_Fig1_Linkage_per_SNP
LG01	left	9114741	9110761	-3980	-3.98	false	outside	844	2.92685671	Matschiner_et_al_2022_Source_Data_Fig1_Linkage_per_SNP
LG01	left	9114741	9110785	-3956	-3.956	false	outside	1886	3.2757719	Matschiner_et_al_2022_Source_Data_Fig1_Linkage_per_SNP
LG01	left	9114741	9111144	-3597	-3.597	false	outside	795	2.90091307	Matschiner_et_al_2022_Source_Data_Fig1_Linkage_per_SNP
LG01	left	9114741	9111468	-3273	-3.273	false	outside	795	2.90091307	Matschiner_et_al_2022_Source_Data_Fig1_Linkage_per_SNP
LG01	left	9114741	9114741	0	0	true	inside	52585524	7.72086621	Matschiner_et_al_2022_Source_Data_Fig1_Linkage_per_SNP
LG01	left	9114741	9117557	2816	2.816	true	inside	57363059	7.75863231	Matschiner_et_al_2022_Source_Data_Fig1_Linkage_per_SNP
LG01	left	9114741	9117702	2961	2.961	true	inside	37938212	7.57907687	Matschiner_et_al_2022_Source_Data_Fig1_Linkage_per_SNP
LG01	left	9114741	9117947	3206	3.206	true	inside	57141564	7.75695213	Matschiner_et_al_2022_Source_Data_Fig1_Linkage_per_SNP
LG01	left	9114741	9118068	3327	3.327	true	inside	56534514	7.75231367	Matschiner_et_al_2022_Source_Data_Fig1_Linkage_per_SNP
LG01	left	9114741	9118144	3403	3.403	true	inside	582328	5.76516842	Matschiner_et_al_2022_Source_Data_Fig1_Linkage_per_SNP
LG01	left	9114741	9118337	3596	3.596	true	inside	56606780	7.75286846	Matschiner_et_al_2022_Source_Data_Fig1_Linkage_per_SNP
LG01	left	9114741	9118367	3626	3.626	true	inside	56684822	7.75346679	Matschiner_et_al_2022_Source_Data_Fig1_Linkage_per_SNP
LG01	left	9114741	9118878	4137	4.137	true	inside	56906270	7.75516013	Matschiner_et_al_2022_Source_Data_Fig1_Linkage_per_SNP
LG01	left	9114741	9119003	4262	4.262	true	inside	58087663	7.76408391	Matschiner_et_al_2022_Source_Data_Fig1_Linkage_per_SNP
LG01	left	9114741	9119955	5214	5.214	true	inside	7683	3.88558736	Matschiner_et_al_2022_Source_Data_Fig1_Linkage_per_SNP
LG01	left	9114741	9119973	5232	5.232	true	inside	517026	5.71351322	Matschiner_et_al_2022_Source_Data_Fig1_Linkage_per_SNP
LG01	left	9114741	9120169	5428	5.428	true	inside	59691621	7.77591338	Matschiner_et_al_2022_Source_Data_Fig1_Linkage_per_SNP
LG01	left	9114741	9121268	6527	6.527	true	inside	57853639	7.76233069	Matschiner_et_al_2022_Source_Data_Fig1_Linkage_per_SNP
LG01	left	9114741	9123100	8359	8.359	true	inside	3191	3.50406288	Matschiner_et_al_2022_Source_Data_Fig1_Linkage_per_SNP
LG01	left	9114741	9123568	8827	8.827	true	inside	60527514	7.78195284	Matschiner_et_al_2022_Source_Data_Fig1_Linkage_per_SNP
LG01	left	9114741	9123593	8852	8.852	true	inside	61636852	7.78984046	Matschiner_et_al_2022_Source_Data_Fig1_Linkage_per_SNP
LG01	left	9114741	9125474	10733	10.733	true	inside	59873157	7.77723217	Matschiner_et_al_2022_Source_Data_Fig1_Linkage_per_SNP
LG01	left	9114741	9125827	11086	11.086	true	inside	7156	3.85473102	Matschiner_et_al_2022_Source_Data_Fig1_Linkage_per_SNP
LG01	left	9114741	9126270	11529	11.529	true	inside	59893614	7.77738053	Matschiner_et_al_2022_Source_Data_Fig1_Linkage_per_SNP
LG01	left	9114741	9126557	11816	11.816	true	inside	60172203	7.77939592	Matschiner_et_al_2022_Source_Data_Fig1_Linkage_per_SNP
LG01	left	9114741	9126832	12091	12.091	true	inside	59263563	7.77278777	Matschiner_et_al_2022_Source_Data_Fig1_Linkage_per_SNP
LG01	left	9114741	9126967	12226	12.226	true	inside	60222330	7.77975756	Matschiner_et_al_2022_Source_Data_Fig1_Linkage_per_SNP
LG01	left	9114741	9127044	12303	12.303	true	inside	60262332	7.78004594	Matschiner_et_al_2022_Source_Data_Fig1_Linkage_per_SNP
LG01	left	9114741	9127451	12710	12.71	true	inside	59785820	7.7765982	Matschiner_et_al_2022_Source_Data_Fig1_Linkage_per_SNP
LG01	left	9114741	9127536	12795	12.795	true	inside	60290687	7.78025024	Matschiner_et_al_2022_Source_Data_Fig1_Linkage_per_SNP
LG01	left	9114741	9127539	12798	12.798	true	inside	60289256	7.78023993	Matschiner_et_al_2022_Source_Data_Fig1_Linkage_per_SNP
LG01	left	9114741	9130902	16161	16.161	true	inside	59373672	7.77359392	Matschiner_et_al_2022_Source_Data_Fig1_Linkage_per_SNP
LG01	left	9114741	9130916	16175	16.175	true	inside	62063743	7.79283797	Matschiner_et_al_2022_Source_Data_Fig1_Linkage_per_SNP
LG01	left	9114741	9131156	16415	16.415	true	inside	58499241	7.76715024	Matschiner_et_al_2022_Source_Data_Fig1_Linkage_per_SNP
LG01	left	9114741	9131177	16436	16.436	true	inside	59408649	7.77384968	Matschiner_et_al_2022_Source_Data_Fig1_Linkage_per_SNP
LG01	left	9114741	9131206	16465	16.465	true	inside	59272387	7.77285242	Matschiner_et_al_2022_Source_Data_Fig1_Linkage_per_SNP
LG01	left	9114741	9131328	16587	16.587	true	inside	60177646	7.7794352	Matschiner_et_al_2022_Source_Data_Fig1_Linkage_per_SNP
LG01	left	9114741	9131352	16611	16.611	true	inside	59965555	7.77790186	Matschiner_et_al_2022_Source_Data_Fig1_Linkage_per_SNP
LG01	left	9114741	9131532	16791	16.791	true	inside	60137719	7.77914696	Matschiner_et_al_2022_Source_Data_Fig1_Linkage_per_SNP
LG01	left	9114741	9132834	18093	18.093	true	inside	63096518	7.8000054	Matschiner_et_al_2022_Source_Data_Fig1_Linkage_per_SNP
LG01	left	9114741	9132948	18207	18.207	true	inside	21021	4.32267403	Matschiner_et_al_2022_Source_Data_Fig1_Linkage_per_SNP
LG01	left	9114741	9133116	18375	18.375	true	inside	65047690	7.81323189	Matschiner_et_al_2022_Source_Data_Fig1_Linkage_per_SNP
LG01	left	9114741	9133162	18421	18.421	true	inside	64859892	7.81197623	Matschiner_et_al_2022_Source_Data_Fig1_Linkage_per_SNP
LG01	left	9114741	9133307	18566	18.566	true	inside	65346176	7.81522018	Matschiner_et_al_2022_Source_Data_Fig1_Linkage_per_SNP
LG01	left	9114741	9133525	18784	18.784	true	inside	63584618	7.80335207	Matschiner_et_al_2022_Source_Data_Fig1_Linkage_per_SNP
LG01	left	9114741	9133599	18858	18.858	true	inside	64531742	7.8097734	Matschiner_et_al_2022_Source_Data_Fig1_Linkage_per_SNP
LG01	left	9114741	9133609	18868	18.868	true	inside	63884069	7.80539258	Matschiner_et_al_2022_Source_Data_Fig1_Linkage_per_SNP
LG01	left	9114741	9133619	18878	18.878	true	inside	64119259	7.8069885	Matschiner_et_al_2022_Source_Data_Fig1_Linkage_per_SNP
LG01	left	9114741	9133653	18912	18.912	true	inside	64075577	7.80669253	Matschiner_et_al_2022_Source_Data_Fig1_Linkage_per_SNP
LG01	left	9114741	9133673	18932	18.932	true	inside	64466213	7.80933217	Matschiner_et_al_2022_Source_Data_Fig1_Linkage_per_SNP
LG01	left	9114741	9133675	18934	18.934	true	inside	64465279	7.80932587	Matschiner_et_al_2022_Source_Data_Fig1_Linkage_per_SNP
LG01	left	9114741	9133876	19135	19.135	true	inside	65036932	7.81316005	Matschiner_et_al_2022_Source_Data_Fig1_Linkage_per_SNP
LG01	left	9114741	9134007	19266	19.266	true	inside	5436	3.73535933	Matschiner_et_al_2022_Source_Data_Fig1_Linkage_per_SNP
LG01	left	9114741	9134063	19322	19.322	true	inside	5380	3.73086299	Matschiner_et_al_2022_Source_Data_Fig1_Linkage_per_SNP
LG01	left	9114741	9134115	19374	19.374	true	inside	65784396	7.8181229	Matschiner_et_al_2022_Source_Data_Fig1_Linkage_per_SNP
LG01	left	9114741	9134129	19388	19.388	true	inside	65666798	7.81734585	Matschiner_et_al_2022_Source_Data_Fig1_Linkage_per_SNP
LG01	left	9114741	9134178	19437	19.437	true	inside	65673188	7.81738811	Matschiner_et_al_2022_Source_Data_Fig1_Linkage_per_SNP
LG01	left	9114741	9134212	19471	19.471	true	inside	66260563	7.82125513	Matschiner_et_al_2022_Source_Data_Fig1_Linkage_per_SNP
LG01	left	9114741	9134213	19472	19.472	true	inside	66317857	7.82163049	Matschiner_et_al_2022_Source_Data_Fig1_Linkage_per_SNP
LG01	left	9114741	9134288	19547	19.547	true	inside	1128	3.05269394	Matschiner_et_al_2022_Source_Data_Fig1_Linkage_per_SNP
LG01	left	9114741	9135054	20313	20.313	true	inside	65931842	7.81909522	Matschiner_et_al_2022_Source_Data_Fig1_Linkage_per_SNP
LG01	left	9114741	9135066	20325	20.325	true	inside	2466	3.39216915	Matschiner_et_al_2022_Source_Data_Fig1_Linkage_per_SNP
LG01	left	9114741	9135098	20357	20.357	true	inside	2434	3.38649897	Matschiner_et_al_2022_Source_Data_Fig1_Linkage_per_SNP
LG01	left	9114741	9135130	20389	20.389	true	inside	2466	3.39216915	Matschiner_et_al_2022_Source_Data_Fig1_Linkage_per_SNP
LG01	left	9114741	9135140	20399	20.399	true	inside	66546607	7.82312592	Matschiner_et_al_2022_Source_Data_Fig1_Linkage_per_SNP
LG01	left	9114741	9135333	20592	20.592	true	inside	66406558	7.82221098	Matschiner_et_al_2022_Source_Data_Fig1_Linkage_per_SNP
LG01	left	9114741	9135385	20644	20.644	true	inside	66559181	7.82320798	Matschiner_et_al_2022_Source_Data_Fig1_Linkage_per_SNP
LG01	left	9114741	9135456	20715	20.715	true	inside	66908770	7.82548305	Matschiner_et_al_2022_Source_Data_Fig1_Linkage_per_SNP
LG01	left	9114741	9135466	20725	20.725	true	inside	66921894	7.82556823	Matschiner_et_al_2022_Source_Data_Fig1_Linkage_per_SNP
LG01	left	9114741	9135744	21003	21.003	true	inside	66362052	7.82191981	Matschiner_et_al_2022_Source_Data_Fig1_Linkage_per_SNP
LG01	left	9114741	9135855	21114	21.114	true	inside	66024043	7.81970212	Matschiner_et_al_2022_Source_Data_Fig1_Linkage_per_SNP
LG01	left	9114741	9135877	21136	21.136	true	inside	31591	4.49957712	Matschiner_et_al_2022_Source_Data_Fig1_Linkage_per_SNP
LG01	left	9114741	9135979	21238	21.238	true	inside	67516698	7.8294112	Matschiner_et_al_2022_Source_Data_Fig1_Linkage_per_SNP
LG01	left	9114741	9136805	22064	22.064	true	inside	66218215	7.82097748	Matschiner_et_al_2022_Source_Data_Fig1_Linkage_per_SNP
LG01	left	9114741	9136841	22100	22.1	true	inside	66599356	7.82347004	Matschiner_et_al_2022_Source_Data_Fig1_Linkage_per_SNP
LG01	left	9114741	9136931	22190	22.19	true	inside	66392683	7.82212023	Matschiner_et_al_2022_Source_Data_Fig1_Linkage_per_SNP
LG01	left	9114741	9136985	22244	22.244	true	inside	66647578	7.82378438	Matschiner_et_al_2022_Source_Data_Fig1_Linkage_per_SNP
LG01	left	9114741	9137025	22284	22.284	true	inside	66804628	7.82480656	Matschiner_et_al_2022_Source_Data_Fig1_Linkage_per_SNP
LG01	left	9114741	9137035	22294	22.294	true	inside	66960937	7.82582153	Matschiner_et_al_2022_Source_Data_Fig1_Linkage_per_SNP
LG01	left	9114741	9137191	22450	22.45	true	inside	66969205	7.82587515	Matschiner_et_al_2022_Source_Data_Fig1_Linkage_per_SNP
LG01	left	9114741	9137235	22494	22.494	true	inside	67706495	7.83063034	Matschiner_et_al_2022_Source_Data_Fig1_Linkage_per_SNP
LG01	left	9114741	9137356	22615	22.615	true	inside	120476	5.08090414	Matschiner_et_al_2022_Source_Data_Fig1_Linkage_per_SNP
LG01	left	9114741	9137359	22618	22.618	true	inside	66222513	7.82100566	Matschiner_et_al_2022_Source_Data_Fig1_Linkage_per_SNP
LG01	left	9114741	9137362	22621	22.621	true	inside	66279666	7.82138032	Matschiner_et_al_2022_Source_Data_Fig1_Linkage_per_SNP
LG01	left	9114741	9137414	22673	22.673	true	inside	65740842	7.81783527	Matschiner_et_al_2022_Source_Data_Fig1_Linkage_per_SNP
LG01	left	9114741	9137749	23008	23.008	true	inside	66425148	7.82233254	Matschiner_et_al_2022_Source_Data_Fig1_Linkage_per_SNP
LG01	left	9114741	9137774	23033	23.033	true	inside	15354	4.18624982	Matschiner_et_al_2022_Source_Data_Fig1_Linkage_per_SNP
LG01	left	9114741	9137945	23204	23.204	true	inside	67008989	7.82613307	Matschiner_et_al_2022_Source_Data_Fig1_Linkage_per_SNP
LG01	left	9114741	9138038	23297	23.297	true	inside	3304	3.51917146	Matschiner_et_al_2022_Source_Data_Fig1_Linkage_per_SNP
LG01	left	9114741	9138118	23377	23.377	true	inside	66482483	7.82270724	Matschiner_et_al_2022_Source_Data_Fig1_Linkage_per_SNP
LG01	left	9114741	9138163	23422	23.422	true	inside	66137528	7.82044796	Matschiner_et_al_2022_Source_Data_Fig1_Linkage_per_SNP
LG01	left	9114741	9138394	23653	23.653	true	inside	12254	4.08831332	Matschiner_et_al_2022_Source_Data_Fig1_Linkage_per_SNP
LG01	left	9114741	9138409	23668	23.668	true	inside	2963	3.4718782	Matschiner_et_al_2022_Source_Data_Fig1_Linkage_per_SNP
LG01	left	9114741	9138410	23669	23.669	true	inside	2961	3.47158505	Matschiner_et_al_2022_Source_Data_Fig1_Linkage_per_SNP
LG01	left	9114741	9138559	23818	23.818	true	inside	11759	4.07040732	Matschiner_et_al_2022_Source_Data_Fig1_Linkage_per_SNP
LG01	left	9114741	9139290	24549	24.549	true	inside	48897689	7.68928834	Matschiner_et_al_2022_Source_Data_Fig1_Linkage_per_SNP
LG01	left	9114741	9139376	24635	24.635	true	inside	11114	4.04590947	Matschiner_et_al_2022_Source_Data_Fig1_Linkage_per_SNP
LG01	left	9114741	9139377	24636	24.636	true	inside	2961	3.47158505	Matschiner_et_al_2022_Source_Data_Fig1_Linkage_per_SNP
LG01	left	9114741	9139387	24646	24.646	true	inside	53423339	7.72773104	Matschiner_et_al_2022_Source_Data_Fig1_Linkage_per_SNP
LG01	left	9114741	9139453	24712	24.712	true	inside	1889	3.2764618	Matschiner_et_al_2022_Source_Data_Fig1_Linkage_per_SNP
LG01	left	9114741	9139873	25132	25.132	true	inside	13577	4.1328358	Matschiner_et_al_2022_Source_Data_Fig1_Linkage_per_SNP
LG01	left	9114741	9139947	25206	25.206	true	inside	66617039	7.82358533	Matschiner_et_al_2022_Source_Data_Fig1_Linkage_per_SNP
LG01	left	9114741	9140099	25358	25.358	true	inside	15159	4.1806992	Matschiner_et_al_2022_Source_Data_Fig1_Linkage_per_SNP
LG01	left	9114741	9140248	25507	25.507	true	inside	59131892	7.77182178	Matschiner_et_al_2022_Source_Data_Fig1_Linkage_per_SNP
LG01	left	9114741	9142866	28125	28.125	true	inside	68591248	7.83626871	Matschiner_et_al_2022_Source_Data_Fig1_Linkage_per_SNP
LG01	left	9114741	9142913	28172	28.172	true	inside	68336980	7.83465579	Matschiner_et_al_2022_Source_Data_Fig1_Linkage_per_SNP
LG01	left	9114741	9142927	28186	28.186	true	inside	68678368	7.83681997	Matschiner_et_al_2022_Source_Data_Fig1_Linkage_per_SNP
LG01	left	9114741	9143002	28261	28.261	true	inside	68342422	7.83469037	Matschiner_et_al_2022_Source_Data_Fig1_Linkage_per_SNP
LG01	left	9114741	9143035	28294	28.294	true	inside	69082950	7.83937088	Matschiner_et_al_2022_Source_Data_Fig1_Linkage_per_SNP
LG01	left	9114741	9143109	28368	28.368	true	inside	308	2.48995848	Matschiner_et_al_2022_Source_Data_Fig1_Linkage_per_SNP
LG01	left	9114741	9143135	28394	28.394	true	inside	68818334	7.83770416	Matschiner_et_al_2022_Source_Data_Fig1_Linkage_per_SNP
LG01	left	9114741	9143245	28504	28.504	true	inside	69729652	7.8434175	Matschiner_et_al_2022_Source_Data_Fig1_Linkage_per_SNP
LG01	left	9114741	9143284	28543	28.543	true	inside	69694670	7.84319957	Matschiner_et_al_2022_Source_Data_Fig1_Linkage_per_SNP
LG01	left	9114741	9143429	28688	28.688	true	inside	69674315	7.84307271	Matschiner_et_al_2022_Source_Data_Fig1_Linkage_per_SNP
LG01	left	9114741	9143460	28719	28.719	true	inside	69936344	7.84470293	Matschiner_et_al_2022_Source_Data_Fig1_Linkage_per_SNP
LG01	left	9114741	9143484	28743	28.743	true	inside	69830296	7.84404389	Matschiner_et_al_2022_Source_Data_Fig1_Linkage_per_SNP
LG01	left	9114741	9143730	28989	28.989	true	inside	69381256	7.84124216	Matschiner_et_al_2022_Source_Data_Fig1_Linkage_per_SNP
LG01	left	9114741	9143742	29001	29.001	true	inside	69526215	7.84214859	Matschiner_et_al_2022_Source_Data_Fig1_Linkage_per_SNP
LG01	left	9114741	9144108	29367	29.367	true	inside	71051320	7.85157216	Matschiner_et_al_2022_Source_Data_Fig1_Linkage_per_SNP
LG01	left	9114741	9144336	29595	29.595	true	inside	69388519	7.84128762	Matschiner_et_al_2022_Source_Data_Fig1_Linkage_per_SNP
LG01	left	9114741	9144609	29868	29.868	true	inside	69007156	7.83889414	Matschiner_et_al_2022_Source_Data_Fig1_Linkage_per_SNP
LG01	left	9114741	9145038	30297	30.297	true	inside	837	2.92324402	Matschiner_et_al_2022_Source_Data_Fig1_Linkage_per_SNP
LG01	left	9114741	9145060	30319	30.319	true	inside	68746701	7.83725187	Matschiner_et_al_2022_Source_Data_Fig1_Linkage_per_SNP
LG01	left	9114741	9145141	30400	30.4	true	inside	69446579	7.84165086	Matschiner_et_al_2022_Source_Data_Fig1_Linkage_per_SNP
LG01	left	9114741	9145252	30511	30.511	true	inside	69656268	7.84296021	Matschiner_et_al_2022_Source_Data_Fig1_Linkage_per_SNP
LG01	left	9114741	9145341	30600	30.6	true	inside	534	2.72835378	Matschiner_et_al_2022_Source_Data_Fig1_Linkage_per_SNP
LG01	left	9114741	9145505	30764	30.764	true	inside	70339410	7.84719873	Matschiner_et_al_2022_Source_Data_Fig1_Linkage_per_SNP
LG01	left	9114741	9146469	31728	31.728	true	inside	69236979	7.84033812	Matschiner_et_al_2022_Source_Data_Fig1_Linkage_per_SNP
LG01	left	9114741	9146507	31766	31.766	true	inside	68836646	7.83781971	Matschiner_et_al_2022_Source_Data_Fig1_Linkage_per_SNP
LG01	left	9114741	9146508	31767	31.767	true	inside	68755365	7.8373066	Matschiner_et_al_2022_Source_Data_Fig1_Linkage_per_SNP
LG01	left	9114741	9146538	31797	31.797	true	inside	69047852	7.83915018	Matschiner_et_al_2022_Source_Data_Fig1_Linkage_per_SNP
LG01	left	9114741	9146955	32214	32.214	true	inside	68882997	7.83811204	Matschiner_et_al_2022_Source_Data_Fig1_Linkage_per_SNP
LG01	left	9114741	9147477	32736	32.736	true	inside	68975075	7.83869219	Matschiner_et_al_2022_Source_Data_Fig1_Linkage_per_SNP
LG01	left	9114741	9147478	32737	32.737	true	inside	68974684	7.83868973	Matschiner_et_al_2022_Source_Data_Fig1_Linkage_per_SNP
LG01	left	9114741	9147535	32794	32.794	true	inside	69225019	7.84026309	Matschiner_et_al_2022_Source_Data_Fig1_Linkage_per_SNP
LG01	left	9114741	9147656	32915	32.915	true	inside	46576485	7.66816672	Matschiner_et_al_2022_Source_Data_Fig1_Linkage_per_SNP
LG01	left	9114741	9147966	33225	33.225	true	inside	69914770	7.84456894	Matschiner_et_al_2022_Source_Data_Fig1_Linkage_per_SNP
LG01	left	9114741	9148049	33308	33.308	true	inside	70049236	7.84540341	Matschiner_et_al_2022_Source_Data_Fig1_Linkage_per_SNP
LG01	left	9114741	9148079	33338	33.338	true	inside	70409580	7.84763176	Matschiner_et_al_2022_Source_Data_Fig1_Linkage_per_SNP
LG01	left	9114741	9148083	33342	33.342	true	inside	70132894	7.84592177	Matschiner_et_al_2022_Source_Data_Fig1_Linkage_per_SNP
LG01	left	9114741	9148097	33356	33.356	true	inside	70215302	7.84643177	Matschiner_et_al_2022_Source_Data_Fig1_Linkage_per_SNP
LG01	left	9114741	9148207	33466	33.466	true	inside	70981489	7.85114511	Matschiner_et_al_2022_Source_Data_Fig1_Linkage_per_SNP
LG01	left	9114741	9148315	33574	33.574	true	inside	70946085	7.85092844	Matschiner_et_al_2022_Source_Data_Fig1_Linkage_per_SNP
LG01	left	9114741	9148498	33757	33.757	true	inside	71895244	7.85670017	Matschiner_et_al_2022_Source_Data_Fig1_Linkage_per_SNP
LG01	left	9114741	9148511	33770	33.77	true	inside	71982008	7.85722396	Matschiner_et_al_2022_Source_Data_Fig1_Linkage_per_SNP
LG01	left	9114741	9149791	35050	35.05	true	inside	27948855	7.44636404	Matschiner_et_al_2022_Source_Data_Fig1_Linkage_per_SNP
LG01	left	9114741	9150598	35857	35.857	true	inside	76493138	7.88362248	Matschiner_et_al_2022_Source_Data_Fig1_Linkage_per_SNP
LG01	left	9114741	9150680	35939	35.939	true	inside	76435156	7.88329316	Matschiner_et_al_2022_Source_Data_Fig1_Linkage_per_SNP
LG01	left	9114741	9150750	36009	36.009	true	inside	76920519	7.88604221	Matschiner_et_al_2022_Source_Data_Fig1_Linkage_per_SNP
LG01	left	9114741	9150813	36072	36.072	true	inside	76779938	7.88524776	Matschiner_et_al_2022_Source_Data_Fig1_Linkage_per_SNP
LG01	left	9114741	9150835	36094	36.094	true	inside	67337309	7.82825576	Matschiner_et_al_2022_Source_Data_Fig1_Linkage_per_SNP
LG01	left	9114741	9150871	36130	36.13	true	inside	76010550	7.88087388	Matschiner_et_al_2022_Source_Data_Fig1_Linkage_per_SNP
LG01	left	9114741	9150904	36163	36.163	true	inside	49216630	7.69211188	Matschiner_et_al_2022_Source_Data_Fig1_Linkage_per_SNP
LG01	left	9114741	9150919	36178	36.178	true	inside	76643873	7.88447745	Matschiner_et_al_2022_Source_Data_Fig1_Linkage_per_SNP
LG01	left	9114741	9150944	36203	36.203	true	inside	76472038	7.88350267	Matschiner_et_al_2022_Source_Data_Fig1_Linkage_per_SNP
LG01	left	9114741	9151065	36324	36.324	true	inside	64845886	7.81188244	Matschiner_et_al_2022_Source_Data_Fig1_Linkage_per_SNP
LG01	left	9114741	9151649	36908	36.908	true	inside	77412323	7.88881011	Matschiner_et_al_2022_Source_Data_Fig1_Linkage_per_SNP
LG01	left	9114741	9151826	37085	37.085	true	inside	77484637	7.88921561	Matschiner_et_al_2022_Source_Data_Fig1_Linkage_per_SNP
LG01	left	9114741	9152002	37261	37.261	true	inside	77151816	7.88734616	Matschiner_et_al_2022_Source_Data_Fig1_Linkage_per_SNP
LG01	left	9114741	9152181	37440	37.44	true	inside	77039983	7.88671618	Matschiner_et_al_2022_Source_Data_Fig1_Linkage_per_SNP
LG01	left	9114741	9152493	37752	37.752	true	inside	79355308	7.89957599	Matschiner_et_al_2022_Source_Data_Fig1_Linkage_per_SNP
LG01	left	9114741	9152592	37851	37.851	true	inside	51503654	7.71183805	Matschiner_et_al_2022_Source_Data_Fig1_Linkage_per_SNP
LG01	left	9114741	9152639	37898	37.898	true	inside	79479485	7.90025505	Matschiner_et_al_2022_Source_Data_Fig1_Linkage_per_SNP
LG01	left	9114741	9152777	38036	38.036	true	inside	79531305	7.90053811	Matschiner_et_al_2022_Source_Data_Fig1_Linkage_per_SNP
LG01	left	9114741	9152783	38042	38.042	true	inside	79133912	7.89836264	Matschiner_et_al_2022_Source_Data_Fig1_Linkage_per_SNP
LG01	left	9114741	9152791	38050	38.05	true	inside	79462646	7.90016303	Matschiner_et_al_2022_Source_Data_Fig1_Linkage_per_SNP
LG01	left	9114741	9152958	38217	38.217	true	inside	79649311	7.90118203	Matschiner_et_al_2022_Source_Data_Fig1_Linkage_per_SNP
LG01	left	9114741	9153045	38304	38.304	true	inside	79807426	7.90204331	Matschiner_et_al_2022_Source_Data_Fig1_Linkage_per_SNP
LG01	left	9114741	9153062	38321	38.321	true	inside	78664742	7.89578013	Matschiner_et_al_2022_Source_Data_Fig1_Linkage_per_SNP
LG01	left	9114741	9153156	38415	38.415	true	inside	79754302	7.90175412	Matschiner_et_al_2022_Source_Data_Fig1_Linkage_per_SNP
LG01	left	9114741	9153206	38465	38.465	true	inside	23878877	7.37801392	Matschiner_et_al_2022_Source_Data_Fig1_Linkage_per_SNP
LG01	left	9114741	9153213	38472	38.472	true	inside	79642018	7.90114226	Matschiner_et_al_2022_Source_Data_Fig1_Linkage_per_SNP
LG01	left	9114741	9153296	38555	38.555	true	inside	79673823	7.90131566	Matschiner_et_al_2022_Source_Data_Fig1_Linkage_per_SNP
LG01	left	9114741	9153540	38799	38.799	true	inside	79178501	7.89860728	Matschiner_et_al_2022_Source_Data_Fig1_Linkage_per_SNP
LG01	left	9114741	9153656	38915	38.915	true	inside	79093236	7.89813935	Matschiner_et_al_2022_Source_Data_Fig1_Linkage_per_SNP
LG01	left	9114741	9153987	39246	39.246	true	inside	3699468	6.56813939	Matschiner_et_al_2022_Source_Data_Fig1_Linkage_per_SNP
LG01	left	9114741	9154278	39537	39.537	true	inside	4001105	6.60218006	Matschiner_et_al_2022_Source_Data_Fig1_Linkage_per_SNP
LG01	left	9114741	9154355	39614	39.614	true	inside	79833084	7.90218291	Matschiner_et_al_2022_Source_Data_Fig1_Linkage_per_SNP
LG01	left	9114741	9155473	40732	40.732	true	inside	80521178	7.90591013	Matschiner_et_al_2022_Source_Data_Fig1_Linkage_per_SNP
LG01	left	9114741	9155862	41121	41.121	true	inside	80282747	7.90462223	Matschiner_et_al_2022_Source_Data_Fig1_Linkage_per_SNP
LG01	left	9114741	9156191	41450	41.45	true	inside	82283671	7.91531366	Matschiner_et_al_2022_Source_Data_Fig1_Linkage_per_SNP
LG01	left	9114741	9156280	41539	41.539	true	inside	1	0.301029996	Matschiner_et_al_2022_Source_Data_Fig1_Linkage_per_SNP
LG01	left	9114741	9157163	42422	42.422	true	inside	82447860	7.91617939	Matschiner_et_al_2022_Source_Data_Fig1_Linkage_per_SNP
LG01	left	9114741	9157186	42445	42.445	true	inside	82136553	7.91453648	Matschiner_et_al_2022_Source_Data_Fig1_Linkage_per_SNP
LG01	left	9114741	9157481	42740	42.74	true	inside	36949	4.56761444	Matschiner_et_al_2022_Source_Data_Fig1_Linkage_per_SNP
LG01	left	9114741	9157890	43149	43.149	true	inside	82987199	7.91901111	Matschiner_et_al_2022_Source_Data_Fig1_Linkage_per_SNP
LG01	left	9114741	9157891	43150	43.15	true	inside	82986832	7.91900919	Matschiner_et_al_2022_Source_Data_Fig1_Linkage_per_SNP
LG01	left	9114741	9157894	43153	43.153	true	inside	1328	3.12352498	Matschiner_et_al_2022_Source_Data_Fig1_Linkage_per_SNP
LG01	left	9114741	9158046	43305	43.305	true	inside	82432535	7.91609866	Matschiner_et_al_2022_Source_Data_Fig1_Linkage_per_SNP
LG01	left	9114741	9158069	43328	43.328	true	inside	330423	5.51907158	Matschiner_et_al_2022_Source_Data_Fig1_Linkage_per_SNP
LG01	left	9114741	9158231	43490	43.49	true	inside	991	2.99651167	Matschiner_et_al_2022_Source_Data_Fig1_Linkage_per_SNP
LG01	left	9114741	9158396	43655	43.655	true	inside	41263	4.61557132	Matschiner_et_al_2022_Source_Data_Fig1_Linkage_per_SNP
LG01	left	9114741	9158481	43740	43.74	true	inside	82739950	7.91771526	Matschiner_et_al_2022_Source_Data_Fig1_Linkage_per_SNP
LG01	left	9114741	9159927	45186	45.186	true	inside	84229976	7.92546668	Matschiner_et_al_2022_Source_Data_Fig1_Linkage_per_SNP
LG01	left	9114741	9160095	45354	45.354	true	inside	84026887	7.92441828	Matschiner_et_al_2022_Source_Data_Fig1_Linkage_per_SNP
LG01	left	9114741	9160135	45394	45.394	true	inside	84748140	7.92813018	Matschiner_et_al_2022_Source_Data_Fig1_Linkage_per_SNP
LG01	left	9114741	9161157	46416	46.416	true	inside	84800874	7.92840033	Matschiner_et_al_2022_Source_Data_Fig1_Linkage_per_SNP
LG01	left	9114741	9161381	46640	46.64	true	inside	222	2.34830486	Matschiner_et_al_2022_Source_Data_Fig1_Linkage_per_SNP
LG01	left	9114741	9161396	46655	46.655	true	inside	207	2.31806333	Matschiner_et_al_2022_Source_Data_Fig1_Linkage_per_SNP
LG01	left	9114741	9161604	46863	46.863	true	inside	85325185	7.93107724	Matschiner_et_al_2022_Source_Data_Fig1_Linkage_per_SNP
LG01	left	9114741	9161605	46864	46.864	true	inside	84906357	7.92894021	Matschiner_et_al_2022_Source_Data_Fig1_Linkage_per_SNP
LG01	left	9114741	9163217	48476	48.476	true	inside	87073961	7.93988831	Matschiner_et_al_2022_Source_Data_Fig1_Linkage_per_SNP
LG01	left	9114741	9163262	48521	48.521	true	inside	1429	3.15533604	Matschiner_et_al_2022_Source_Data_Fig1_Linkage_per_SNP
LG01	left	9114741	9163295	48554	48.554	true	inside	7473	3.87355309	Matschiner_et_al_2022_Source_Data_Fig1_Linkage_per_SNP
LG01	left	9114741	9164032	49291	49.291	true	inside	85795813	7.9334661	Matschiner_et_al_2022_Source_Data_Fig1_Linkage_per_SNP
LG01	left	9114741	9164156	49415	49.415	true	inside	86229914	7.93565796	Matschiner_et_al_2022_Source_Data_Fig1_Linkage_per_SNP
LG01	left	9114741	9164219	49478	49.478	true	inside	86612506	7.93758061	Matschiner_et_al_2022_Source_Data_Fig1_Linkage_per_SNP
LG01	left	9114741	9164741	50000	50	true	inside	0	0	Matschiner_et_al_2022_Source_Data_Fig1_Linkage_per_SNP
LG01	right	26192386	26142489	-49897	-49.897	true	inside	0	0	Matschiner_et_al_2022_Source_Data_Fig1_Linkage_per_SNP
LG01	right	26192386	26144221	-48165	-48.165	true	inside	23198702	7.3654637	Matschiner_et_al_2022_Source_Data_Fig1_Linkage_per_SNP
LG01	right	26192386	26144561	-47825	-47.825	true	inside	7084	3.85033985	Matschiner_et_al_2022_Source_Data_Fig1_Linkage_per_SNP
LG01	right	26192386	26144562	-47824	-47.824	true	inside	7083	3.85027855	Matschiner_et_al_2022_Source_Data_Fig1_Linkage_per_SNP
LG01	right	26192386	26151582	-40804	-40.804	true	inside	23640540	7.37365741	Matschiner_et_al_2022_Source_Data_Fig1_Linkage_per_SNP
LG01	right	26192386	26163042	-29344	-29.344	true	inside	20781441	7.31767568	Matschiner_et_al_2022_Source_Data_Fig1_Linkage_per_SNP
LG01	right	26192386	26163091	-29295	-29.295	true	inside	16437865	7.21584544	Matschiner_et_al_2022_Source_Data_Fig1_Linkage_per_SNP
LG01	right	26192386	26163212	-29174	-29.174	true	inside	20986360	7.32193714	Matschiner_et_al_2022_Source_Data_Fig1_Linkage_per_SNP
LG01	right	26192386	26169638	-22748	-22.748	true	inside	21119275	7.32467903	Matschiner_et_al_2022_Source_Data_Fig1_Linkage_per_SNP
LG01	right	26192386	26169685	-22701	-22.701	true	inside	20807172	7.31821308	Matschiner_et_al_2022_Source_Data_Fig1_Linkage_per_SNP
LG01	right	26192386	26175942	-16444	-16.444	true	inside	17820001	7.25090775	Matschiner_et_al_2022_Source_Data_Fig1_Linkage_per_SNP
LG01	right	26192386	26191673	-713	-0.713	true	inside	18704700	7.27195077	Matschiner_et_al_2022_Source_Data_Fig1_Linkage_per_SNP
LG01	right	26192386	26191890	-496	-0.496	true	inside	18521793	7.26768305	Matschiner_et_al_2022_Source_Data_Fig1_Linkage_per_SNP
LG01	right	26192386	26192089	-297	-0.297	true	inside	18748778	7.27297299	Matschiner_et_al_2022_Source_Data_Fig1_Linkage_per_SNP
LG01	right	26192386	26192386	0	0	true	inside	18814704	7.27449741	Matschiner_et_al_2022_Source_Data_Fig1_Linkage_per_SNP
LG01	right	26192386	26210211	17825	17.825	false	outside	95	1.98227123	Matschiner_et_al_2022_Source_Data_Fig1_Linkage_per_SNP
LG01	right	26192386	26213260	20874	20.874	false	outside	54	1.74036269	Matschiner_et_al_2022_Source_Data_Fig1_Linkage_per_SNP
LG01	right	26192386	26213271	20885	20.885	false	outside	17	1.25527251	Matschiner_et_al_2022_Source_Data_Fig1_Linkage_per_SNP
LG01	right	26192386	26214992	22606	22.606	false	outside	59	1.77815125	Matschiner_et_al_2022_Source_Data_Fig1_Linkage_per_SNP
LG01	right	26192386	26215035	22649	22.649	false	outside	43	1.64345268	Matschiner_et_al_2022_Source_Data_Fig1_Linkage_per_SNP
LG01	right	26192386	26215079	22693	22.693	false	outside	51	1.71600334	Matschiner_et_al_2022_Source_Data_Fig1_Linkage_per_SNP
LG01	right	26192386	26215954	23568	23.568	false	outside	408	2.61172331	Matschiner_et_al_2022_Source_Data_Fig1_Linkage_per_SNP
LG01	right	26192386	26216054	23668	23.668	false	outside	308	2.48995848	Matschiner_et_al_2022_Source_Data_Fig1_Linkage_per_SNP
LG01	right	26192386	26218069	25683	25.683	false	outside	37	1.5797836	Matschiner_et_al_2022_Source_Data_Fig1_Linkage_per_SNP
LG01	right	26192386	26218106	25720	25.72	false	outside	89	1.95424251	Matschiner_et_al_2022_Source_Data_Fig1_Linkage_per_SNP
LG01	right	26192386	26218158	25772	25.772	false	outside	76	1.88649073	Matschiner_et_al_2022_Source_Data_Fig1_Linkage_per_SNP
LG01	right	26192386	26218162	25776	25.776	false	outside	16	1.23044892	Matschiner_et_al_2022_Source_Data_Fig1_Linkage_per_SNP
LG01	right	26192386	26218166	25780	25.78	false	outside	16	1.23044892	Matschiner_et_al_2022_Source_Data_Fig1_Linkage_per_SNP
LG01	right	26192386	26219349	26963	26.963	false	outside	375	2.57518784	Matschiner_et_al_2022_Source_Data_Fig1_Linkage_per_SNP
LG01	right	26192386	26220167	27781	27.781	false	outside	2	0.477121255	Matschiner_et_al_2022_Source_Data_Fig1_Linkage_per_SNP
LG01	right	26192386	26221350	28964	28.964	false	outside	7	0.903089987	Matschiner_et_al_2022_Source_Data_Fig1_Linkage_per_SNP
LG01	right	26192386	26221376	28990	28.99	false	outside	8	0.954242509	Matschiner_et_al_2022_Source_Data_Fig1_Linkage_per_SNP
LG01	right	26192386	26221378	28992	28.992	false	outside	6	0.84509804	Matschiner_et_al_2022_Source_Data_Fig1_Linkage_per_SNP
LG01	right	26192386	26221394	29008	29.008	false	outside	3	0.602059991	Matschiner_et_al_2022_Source_Data_Fig1_Linkage_per_SNP
LG01	right	26192386	26228985	36599	36.599	false	outside	18	1.2787536	Matschiner_et_al_2022_Source_Data_Fig1_Linkage_per_SNP
LG01	right	26192386	26230044	37658	37.658	false	outside	1144	3.05880549	Matschiner_et_al_2022_Source_Data_Fig1_Linkage_per_SNP
LG01	right	26192386	26230960	38574	38.574	false	outside	11561	4.06303297	Matschiner_et_al_2022_Source_Data_Fig1_Linkage_per_SNP
LG01	right	26192386	26230970	38584	38.584	false	outside	2023	3.30621051	Matschiner_et_al_2022_Source_Data_Fig1_Linkage_per_SNP
LG01	right	26192386	26231529	39143	39.143	false	outside	5302	3.72452163	Matschiner_et_al_2022_Source_Data_Fig1_Linkage_per_SNP
LG01	right	26192386	26231673	39287	39.287	false	outside	2706	3.43248826	Matschiner_et_al_2022_Source_Data_Fig1_Linkage_per_SNP
LG01	right	26192386	26231674	39288	39.288	false	outside	3997	3.60184279	Matschiner_et_al_2022_Source_Data_Fig1_Linkage_per_SNP
LG01	right	26192386	26231685	39299	39.299	false	outside	2622	3.41879829	Matschiner_et_al_2022_Source_Data_Fig1_Linkage_per_SNP
LG01	right	26192386	26231688	39302	39.302	false	outside	2097	3.32180548	Matschiner_et_al_2022_Source_Data_Fig1_Linkage_per_SNP
LG01	right	26192386	26231770	39384	39.384	false	outside	3325	3.52192224	Matschiner_et_al_2022_Source_Data_Fig1_Linkage_per_SNP
LG01	right	26192386	26231771	39385	39.385	false	outside	3320	3.52126888	Matschiner_et_al_2022_Source_Data_Fig1_Linkage_per_SNP
LG01	right	26192386	26231787	39401	39.401	false	outside	3272	3.51494601	Matschiner_et_al_2022_Source_Data_Fig1_Linkage_per_SNP
LG01	right	26192386	26231802	39416	39.416	false	outside	3257	3.51295108	Matschiner_et_al_2022_Source_Data_Fig1_Linkage_per_SNP
LG01	right	26192386	26231973	39587	39.587	false	outside	2530	3.40329215	Matschiner_et_al_2022_Source_Data_Fig1_Linkage_per_SNP
LG01	right	26192386	26231990	39604	39.604	false	outside	2755	3.44027921	Matschiner_et_al_2022_Source_Data_Fig1_Linkage_per_SNP
LG01	right	26192386	26232001	39615	39.615	false	outside	3456	3.53869938	Matschiner_et_al_2022_Source_Data_Fig1_Linkage_per_SNP
LG01	right	26192386	26232023	39637	39.637	false	outside	3522	3.54691264	Matschiner_et_al_2022_Source_Data_Fig1_Linkage_per_SNP
LG01	right	26192386	26232059	39673	39.673	false	outside	3702	3.56855371	Matschiner_et_al_2022_Source_Data_Fig1_Linkage_per_SNP
LG01	right	26192386	26232092	39706	39.706	false	outside	1731	3.23854789	Matschiner_et_al_2022_Source_Data_Fig1_Linkage_per_SNP
LG01	right	26192386	26232094	39708	39.708	false	outside	3947	3.59637714	Matschiner_et_al_2022_Source_Data_Fig1_Linkage_per_SNP
LG01	right	26192386	26232198	39812	39.812	false	outside	1267	3.10311925	Matschiner_et_al_2022_Source_Data_Fig1_Linkage_per_SNP
LG01	right	26192386	26232219	39833	39.833	false	outside	2260	3.35430056	Matschiner_et_al_2022_Source_Data_Fig1_Linkage_per_SNP
LG01	right	26192386	26232267	39881	39.881	false	outside	5504	3.74075732	Matschiner_et_al_2022_Source_Data_Fig1_Linkage_per_SNP
LG01	right	26192386	26233841	41455	41.455	false	outside	429	2.63346846	Matschiner_et_al_2022_Source_Data_Fig1_Linkage_per_SNP
LG01	right	26192386	26240570	48184	48.184	false	outside	29967	4.47665776	Matschiner_et_al_2022_Source_Data_Fig1_Linkage_per_SNP
LG01	right	26192386	26242455	50069	50.069	false	outside	3852	3.58579901	Matschiner_et_al_2022_Source_Data_Fig1_Linkage_per_SNP
LG01	right	26192386	26242489	50103	50.103	false	outside	0	0	Matschiner_et_al_2022_Source_Data_Fig1_Linkage_per_SNP
LG02	left	18489307	18439307	-50000	-50	false	outside	0	0	Matschiner_et_al_2022_Source_Data_Fig1_Linkage_per_SNP
LG02	left	18489307	18441911	-47396	-47.396	false	outside	1005	3.00259798	Matschiner_et_al_2022_Source_Data_Fig1_Linkage_per_SNP
LG02	left	18489307	18446018	-43289	-43.289	false	outside	329	2.51851394	Matschiner_et_al_2022_Source_Data_Fig1_Linkage_per_SNP
LG02	left	18489307	18446347	-42960	-42.96	false	outside	503	2.70243054	Matschiner_et_al_2022_Source_Data_Fig1_Linkage_per_SNP
LG02	left	18489307	18448510	-40797	-40.797	false	outside	2680	3.42829681	Matschiner_et_al_2022_Source_Data_Fig1_Linkage_per_SNP
LG02	left	18489307	18449919	-39388	-39.388	false	outside	2089	3.32014629	Matschiner_et_al_2022_Source_Data_Fig1_Linkage_per_SNP
LG02	left	18489307	18450367	-38940	-38.94	false	outside	2626	3.41946007	Matschiner_et_al_2022_Source_Data_Fig1_Linkage_per_SNP
LG02	left	18489307	18450737	-38570	-38.57	false	outside	1271	3.10448711	Matschiner_et_al_2022_Source_Data_Fig1_Linkage_per_SNP
LG02	left	18489307	18455888	-33419	-33.419	false	outside	3	0.602059991	Matschiner_et_al_2022_Source_Data_Fig1_Linkage_per_SNP
LG02	left	18489307	18458048	-31259	-31.259	false	outside	15	1.20411998	Matschiner_et_al_2022_Source_Data_Fig1_Linkage_per_SNP
LG02	left	18489307	18459853	-29454	-29.454	false	outside	701	2.84633711	Matschiner_et_al_2022_Source_Data_Fig1_Linkage_per_SNP
LG02	left	18489307	18459984	-29323	-29.323	false	outside	439	2.64345268	Matschiner_et_al_2022_Source_Data_Fig1_Linkage_per_SNP
LG02	left	18489307	18460079	-29228	-29.228	false	outside	439	2.64345268	Matschiner_et_al_2022_Source_Data_Fig1_Linkage_per_SNP
LG02	left	18489307	18461896	-27411	-27.411	false	outside	508	2.70671778	Matschiner_et_al_2022_Source_Data_Fig1_Linkage_per_SNP
LG02	left	18489307	18462391	-26916	-26.916	false	outside	13	1.14612804	Matschiner_et_al_2022_Source_Data_Fig1_Linkage_per_SNP
LG02	left	18489307	18464210	-25097	-25.097	false	outside	1259	3.10037055	Matschiner_et_al_2022_Source_Data_Fig1_Linkage_per_SNP
LG02	left	18489307	18469430	-19877	-19.877	false	outside	2121	3.32674538	Matschiner_et_al_2022_Source_Data_Fig1_Linkage_per_SNP
LG02	left	18489307	18474741	-14566	-14.566	false	outside	4601	3.66294661	Matschiner_et_al_2022_Source_Data_Fig1_Linkage_per_SNP
LG02	left	18489307	18489307	0	0	true	inside	41915538	7.62237506	Matschiner_et_al_2022_Source_Data_Fig1_Linkage_per_SNP
LG02	left	18489307	18489668	361	0.361	true	inside	42519745	7.62859066	Matschiner_et_al_2022_Source_Data_Fig1_Linkage_per_SNP
LG02	left	18489307	18490526	1219	1.219	true	inside	41468106	7.61771421	Matschiner_et_al_2022_Source_Data_Fig1_Linkage_per_SNP
LG02	left	18489307	18492996	3689	3.689	true	inside	6	0.84509804	Matschiner_et_al_2022_Source_Data_Fig1_Linkage_per_SNP
LG02	left	18489307	18494027	4720	4.72	true	inside	59090	4.77152134	Matschiner_et_al_2022_Source_Data_Fig1_Linkage_per_SNP
LG02	left	18489307	18494781	5474	5.474	true	inside	42272070	7.62605353	Matschiner_et_al_2022_Source_Data_Fig1_Linkage_per_SNP
LG02	left	18489307	18494922	5615	5.615	true	inside	42164970	7.62495181	Matschiner_et_al_2022_Source_Data_Fig1_Linkage_per_SNP
LG02	left	18489307	18494987	5680	5.68	true	inside	41688618	7.62001751	Matschiner_et_al_2022_Source_Data_Fig1_Linkage_per_SNP
LG02	left	18489307	18495159	5852	5.852	true	inside	40525684	7.60773036	Matschiner_et_al_2022_Source_Data_Fig1_Linkage_per_SNP
LG02	left	18489307	18495666	6359	6.359	true	inside	42275628	7.62609008	Matschiner_et_al_2022_Source_Data_Fig1_Linkage_per_SNP
LG02	left	18489307	18496288	6981	6.981	true	inside	42686761	7.63029321	Matschiner_et_al_2022_Source_Data_Fig1_Linkage_per_SNP
LG02	left	18489307	18496449	7142	7.142	true	inside	43078896	7.63426458	Matschiner_et_al_2022_Source_Data_Fig1_Linkage_per_SNP
LG02	left	18489307	18496564	7257	7.257	true	inside	43453800	7.63802777	Matschiner_et_al_2022_Source_Data_Fig1_Linkage_per_SNP
LG02	left	18489307	18496584	7277	7.277	true	inside	43632740	7.6398125	Matschiner_et_al_2022_Source_Data_Fig1_Linkage_per_SNP
LG02	left	18489307	18496916	7609	7.609	true	inside	6632	3.82171	Matschiner_et_al_2022_Source_Data_Fig1_Linkage_per_SNP
LG02	left	18489307	18497193	7886	7.886	true	inside	44218525	7.64560426	Matschiner_et_al_2022_Source_Data_Fig1_Linkage_per_SNP
LG02	left	18489307	18497386	8079	8.079	true	inside	23809	4.3767594	Matschiner_et_al_2022_Source_Data_Fig1_Linkage_per_SNP
LG02	left	18489307	18497398	8091	8.091	true	inside	44382350	7.6472103	Matschiner_et_al_2022_Source_Data_Fig1_Linkage_per_SNP
LG02	left	18489307	18497538	8231	8.231	true	inside	44592057	7.64925752	Matschiner_et_al_2022_Source_Data_Fig1_Linkage_per_SNP
LG02	left	18489307	18497544	8237	8.237	true	inside	48539	4.68609977	Matschiner_et_al_2022_Source_Data_Fig1_Linkage_per_SNP
LG02	left	18489307	18497622	8315	8.315	true	inside	44747881	7.65077248	Matschiner_et_al_2022_Source_Data_Fig1_Linkage_per_SNP
LG02	left	18489307	18497703	8396	8.396	true	inside	44660123	7.64991992	Matschiner_et_al_2022_Source_Data_Fig1_Linkage_per_SNP
LG02	left	18489307	18499579	10272	10.272	true	inside	46624284	7.66861218	Matschiner_et_al_2022_Source_Data_Fig1_Linkage_per_SNP
LG02	left	18489307	18500092	10785	10.785	true	inside	45991	4.6626823	Matschiner_et_al_2022_Source_Data_Fig1_Linkage_per_SNP
LG02	left	18489307	18500141	10834	10.834	true	inside	46552040	7.66793873	Matschiner_et_al_2022_Source_Data_Fig1_Linkage_per_SNP
LG02	left	18489307	18500403	11096	11.096	true	inside	46330684	7.66586872	Matschiner_et_al_2022_Source_Data_Fig1_Linkage_per_SNP
LG02	left	18489307	18501159	11852	11.852	true	inside	46011769	7.66286894	Matschiner_et_al_2022_Source_Data_Fig1_Linkage_per_SNP
LG02	left	18489307	18501522	12215	12.215	true	inside	45639870	7.65934441	Matschiner_et_al_2022_Source_Data_Fig1_Linkage_per_SNP
LG02	left	18489307	18501892	12585	12.585	true	inside	45603657	7.65899968	Matschiner_et_al_2022_Source_Data_Fig1_Linkage_per_SNP
LG02	left	18489307	18502228	12921	12.921	true	inside	46283804	7.66542906	Matschiner_et_al_2022_Source_Data_Fig1_Linkage_per_SNP
LG02	left	18489307	18502247	12940	12.94	true	inside	46647563	7.66882897	Matschiner_et_al_2022_Source_Data_Fig1_Linkage_per_SNP
LG02	left	18489307	18502290	12983	12.983	true	inside	46631309	7.66867762	Matschiner_et_al_2022_Source_Data_Fig1_Linkage_per_SNP
LG02	left	18489307	18502554	13247	13.247	true	inside	46532045	7.66775215	Matschiner_et_al_2022_Source_Data_Fig1_Linkage_per_SNP
LG02	left	18489307	18502599	13292	13.292	true	inside	46465381	7.66712951	Matschiner_et_al_2022_Source_Data_Fig1_Linkage_per_SNP
LG02	left	18489307	18502611	13304	13.304	true	inside	46510751	7.66755336	Matschiner_et_al_2022_Source_Data_Fig1_Linkage_per_SNP
LG02	left	18489307	18502813	13506	13.506	true	inside	46315631	7.66572759	Matschiner_et_al_2022_Source_Data_Fig1_Linkage_per_SNP
LG02	left	18489307	18502898	13591	13.591	true	inside	46354897	7.66609563	Matschiner_et_al_2022_Source_Data_Fig1_Linkage_per_SNP
LG02	left	18489307	18502954	13647	13.647	true	inside	46584376	7.66824029	Matschiner_et_al_2022_Source_Data_Fig1_Linkage_per_SNP
LG02	left	18489307	18503121	13814	13.814	true	inside	46893369	7.67111144	Matschiner_et_al_2022_Source_Data_Fig1_Linkage_per_SNP
LG02	left	18489307	18503406	14099	14.099	true	inside	46789344	7.67014697	Matschiner_et_al_2022_Source_Data_Fig1_Linkage_per_SNP
LG02	left	18489307	18503438	14131	14.131	true	inside	46657973	7.66892588	Matschiner_et_al_2022_Source_Data_Fig1_Linkage_per_SNP
LG02	left	18489307	18503495	14188	14.188	true	inside	46687287	7.66919865	Matschiner_et_al_2022_Source_Data_Fig1_Linkage_per_SNP
LG02	left	18489307	18503636	14329	14.329	true	inside	46796244	7.67021101	Matschiner_et_al_2022_Source_Data_Fig1_Linkage_per_SNP
LG02	left	18489307	18504638	15331	15.331	true	inside	46348818	7.66603867	Matschiner_et_al_2022_Source_Data_Fig1_Linkage_per_SNP
LG02	left	18489307	18504642	15335	15.335	true	inside	46347398	7.66602537	Matschiner_et_al_2022_Source_Data_Fig1_Linkage_per_SNP
LG02	left	18489307	18504787	15480	15.48	true	inside	46227641	7.66490174	Matschiner_et_al_2022_Source_Data_Fig1_Linkage_per_SNP
LG02	left	18489307	18504976	15669	15.669	true	inside	46043274	7.66316621	Matschiner_et_al_2022_Source_Data_Fig1_Linkage_per_SNP
LG02	left	18489307	18504990	15683	15.683	true	inside	46224988	7.66487682	Matschiner_et_al_2022_Source_Data_Fig1_Linkage_per_SNP
LG02	left	18489307	18505139	15832	15.832	true	inside	46105065	7.66374865	Matschiner_et_al_2022_Source_Data_Fig1_Linkage_per_SNP
LG02	left	18489307	18505663	16356	16.356	true	inside	45933985	7.66213413	Matschiner_et_al_2022_Source_Data_Fig1_Linkage_per_SNP
LG02	left	18489307	18505823	16516	16.516	true	inside	45937625	7.66216855	Matschiner_et_al_2022_Source_Data_Fig1_Linkage_per_SNP
LG02	left	18489307	18505849	16542	16.542	true	inside	45861249	7.66144589	Matschiner_et_al_2022_Source_Data_Fig1_Linkage_per_SNP
LG02	left	18489307	18506229	16922	16.922	true	inside	45897104	7.66178529	Matschiner_et_al_2022_Source_Data_Fig1_Linkage_per_SNP
LG02	left	18489307	18506853	17546	17.546	true	inside	45523145	7.65823227	Matschiner_et_al_2022_Source_Data_Fig1_Linkage_per_SNP
LG02	left	18489307	18507020	17713	17.713	true	inside	45533706	7.65833301	Matschiner_et_al_2022_Source_Data_Fig1_Linkage_per_SNP
LG02	left	18489307	18507237	17930	17.93	true	inside	45461445	7.65764325	Matschiner_et_al_2022_Source_Data_Fig1_Linkage_per_SNP
LG02	left	18489307	18507269	17962	17.962	true	inside	45450853	7.65754205	Matschiner_et_al_2022_Source_Data_Fig1_Linkage_per_SNP
LG02	left	18489307	18507327	18020	18.02	true	inside	45365739	7.656728	Matschiner_et_al_2022_Source_Data_Fig1_Linkage_per_SNP
LG02	left	18489307	18507406	18099	18.099	true	inside	45632617	7.65927539	Matschiner_et_al_2022_Source_Data_Fig1_Linkage_per_SNP
LG02	left	18489307	18507536	18229	18.229	true	inside	45297865	7.65607774	Matschiner_et_al_2022_Source_Data_Fig1_Linkage_per_SNP
LG02	left	18489307	18510361	21054	21.054	true	inside	45086794	7.65404936	Matschiner_et_al_2022_Source_Data_Fig1_Linkage_per_SNP
LG02	left	18489307	18510367	21060	21.06	true	inside	45021240	7.65341746	Matschiner_et_al_2022_Source_Data_Fig1_Linkage_per_SNP
LG02	left	18489307	18513903	24596	24.596	true	inside	44308301	7.64648511	Matschiner_et_al_2022_Source_Data_Fig1_Linkage_per_SNP
LG02	left	18489307	18514181	24874	24.874	true	inside	44286591	7.64627226	Matschiner_et_al_2022_Source_Data_Fig1_Linkage_per_SNP
LG02	left	18489307	18515152	25845	25.845	true	inside	43500235	7.63849161	Matschiner_et_al_2022_Source_Data_Fig1_Linkage_per_SNP
LG02	left	18489307	18515213	25906	25.906	true	inside	43481264	7.63830217	Matschiner_et_al_2022_Source_Data_Fig1_Linkage_per_SNP
LG02	left	18489307	18515389	26082	26.082	true	inside	1106	3.04414762	Matschiner_et_al_2022_Source_Data_Fig1_Linkage_per_SNP
LG02	left	18489307	18515413	26106	26.106	true	inside	1289	3.11058971	Matschiner_et_al_2022_Source_Data_Fig1_Linkage_per_SNP
LG02	left	18489307	18515809	26502	26.502	true	inside	43283424	7.63632162	Matschiner_et_al_2022_Source_Data_Fig1_Linkage_per_SNP
LG02	left	18489307	18516344	27037	27.037	true	inside	43401869	7.63750844	Matschiner_et_al_2022_Source_Data_Fig1_Linkage_per_SNP
LG02	left	18489307	18516428	27121	27.121	true	inside	43299778	7.63648568	Matschiner_et_al_2022_Source_Data_Fig1_Linkage_per_SNP
LG02	left	18489307	18516497	27190	27.19	true	inside	42896309	7.63241994	Matschiner_et_al_2022_Source_Data_Fig1_Linkage_per_SNP
LG02	left	18489307	18516700	27393	27.393	true	inside	43068940	7.63416419	Matschiner_et_al_2022_Source_Data_Fig1_Linkage_per_SNP
LG02	left	18489307	18516961	27654	27.654	true	inside	43331830	7.63680704	Matschiner_et_al_2022_Source_Data_Fig1_Linkage_per_SNP
LG02	left	18489307	18517003	27696	27.696	true	inside	43101803	7.63449545	Matschiner_et_al_2022_Source_Data_Fig1_Linkage_per_SNP
LG02	left	18489307	18517012	27705	27.705	true	inside	2238	3.35005409	Matschiner_et_al_2022_Source_Data_Fig1_Linkage_per_SNP
LG02	left	18489307	18517175	27868	27.868	true	inside	43050326	7.63397645	Matschiner_et_al_2022_Source_Data_Fig1_Linkage_per_SNP
LG02	left	18489307	18517192	27885	27.885	true	inside	42983667	7.63330347	Matschiner_et_al_2022_Source_Data_Fig1_Linkage_per_SNP
LG02	left	18489307	18517238	27931	27.931	true	inside	43248790	7.63597397	Matschiner_et_al_2022_Source_Data_Fig1_Linkage_per_SNP
LG02	left	18489307	18517514	28207	28.207	true	inside	42806788	7.63151265	Matschiner_et_al_2022_Source_Data_Fig1_Linkage_per_SNP
LG02	left	18489307	18518586	29279	29.279	true	inside	43365658	7.63714595	Matschiner_et_al_2022_Source_Data_Fig1_Linkage_per_SNP
LG02	left	18489307	18518655	29348	29.348	true	inside	42228210	7.62560268	Matschiner_et_al_2022_Source_Data_Fig1_Linkage_per_SNP
LG02	left	18489307	18518675	29368	29.368	true	inside	42725979	7.63069203	Matschiner_et_al_2022_Source_Data_Fig1_Linkage_per_SNP
LG02	left	18489307	18518747	29440	29.44	true	inside	64646	4.81054838	Matschiner_et_al_2022_Source_Data_Fig1_Linkage_per_SNP
LG02	left	18489307	18518755	29448	29.448	true	inside	42679164	7.63021591	Matschiner_et_al_2022_Source_Data_Fig1_Linkage_per_SNP
LG02	left	18489307	18518809	29502	29.502	true	inside	42545526	7.62885391	Matschiner_et_al_2022_Source_Data_Fig1_Linkage_per_SNP
LG02	left	18489307	18518850	29543	29.543	true	inside	42441093	7.62778657	Matschiner_et_al_2022_Source_Data_Fig1_Linkage_per_SNP
LG02	left	18489307	18519549	30242	30.242	true	inside	42549695	7.62889646	Matschiner_et_al_2022_Source_Data_Fig1_Linkage_per_SNP
LG02	left	18489307	18519593	30286	30.286	true	inside	42591991	7.62932795	Matschiner_et_al_2022_Source_Data_Fig1_Linkage_per_SNP
LG02	left	18489307	18519716	30409	30.409	true	inside	42715409	7.63058458	Matschiner_et_al_2022_Source_Data_Fig1_Linkage_per_SNP
LG02	left	18489307	18520146	30839	30.839	true	inside	42759779	7.63103546	Matschiner_et_al_2022_Source_Data_Fig1_Linkage_per_SNP
LG02	left	18489307	18520611	31304	31.304	true	inside	42622559	7.62963953	Matschiner_et_al_2022_Source_Data_Fig1_Linkage_per_SNP
LG02	left	18489307	18520804	31497	31.497	true	inside	42622820	7.62964219	Matschiner_et_al_2022_Source_Data_Fig1_Linkage_per_SNP
LG02	left	18489307	18520891	31584	31.584	true	inside	42004528	7.62329612	Matschiner_et_al_2022_Source_Data_Fig1_Linkage_per_SNP
LG02	left	18489307	18521195	31888	31.888	true	inside	24354	4.38658813	Matschiner_et_al_2022_Source_Data_Fig1_Linkage_per_SNP
LG02	left	18489307	18522083	32776	32.776	true	inside	134	2.13033377	Matschiner_et_al_2022_Source_Data_Fig1_Linkage_per_SNP
LG02	left	18489307	18522339	33032	33.032	true	inside	2999886	6.4771049	Matschiner_et_al_2022_Source_Data_Fig1_Linkage_per_SNP
LG02	left	18489307	18522659	33352	33.352	true	inside	42477168	7.62815556	Matschiner_et_al_2022_Source_Data_Fig1_Linkage_per_SNP
LG02	left	18489307	18522665	33358	33.358	true	inside	42475572	7.62813925	Matschiner_et_al_2022_Source_Data_Fig1_Linkage_per_SNP
LG02	left	18489307	18522967	33660	33.66	true	inside	5530	3.74280366	Matschiner_et_al_2022_Source_Data_Fig1_Linkage_per_SNP
LG02	left	18489307	18523034	33727	33.727	true	inside	42531586	7.62871159	Matschiner_et_al_2022_Source_Data_Fig1_Linkage_per_SNP
LG02	left	18489307	18523317	34010	34.01	true	inside	42145917	7.62475552	Matschiner_et_al_2022_Source_Data_Fig1_Linkage_per_SNP
LG02	left	18489307	18523511	34204	34.204	true	inside	42047833	7.62374363	Matschiner_et_al_2022_Source_Data_Fig1_Linkage_per_SNP
LG02	left	18489307	18523759	34452	34.452	true	inside	42147478	7.6247716	Matschiner_et_al_2022_Source_Data_Fig1_Linkage_per_SNP
LG02	left	18489307	18525413	36106	36.106	true	inside	1	0.301029996	Matschiner_et_al_2022_Source_Data_Fig1_Linkage_per_SNP
LG02	left	18489307	18525540	36233	36.233	true	inside	42423704	7.62760859	Matschiner_et_al_2022_Source_Data_Fig1_Linkage_per_SNP
LG02	left	18489307	18526042	36735	36.735	true	inside	40096337	7.60310471	Matschiner_et_al_2022_Source_Data_Fig1_Linkage_per_SNP
LG02	left	18489307	18526147	36840	36.84	true	inside	41603409	7.61912893	Matschiner_et_al_2022_Source_Data_Fig1_Linkage_per_SNP
LG02	left	18489307	18526560	37253	37.253	true	inside	39906353	7.60104205	Matschiner_et_al_2022_Source_Data_Fig1_Linkage_per_SNP
LG02	left	18489307	18528497	39190	39.19	true	inside	50192	4.70064315	Matschiner_et_al_2022_Source_Data_Fig1_Linkage_per_SNP
LG02	left	18489307	18528532	39225	39.225	true	inside	39755860	7.59940116	Matschiner_et_al_2022_Source_Data_Fig1_Linkage_per_SNP
LG02	left	18489307	18528578	39271	39.271	true	inside	41421046	7.61722107	Matschiner_et_al_2022_Source_Data_Fig1_Linkage_per_SNP
LG02	left	18489307	18529134	39827	39.827	true	inside	39304987	7.59444767	Matschiner_et_al_2022_Source_Data_Fig1_Linkage_per_SNP
LG02	left	18489307	18530695	41388	41.388	true	inside	41277196	7.6157102	Matschiner_et_al_2022_Source_Data_Fig1_Linkage_per_SNP
LG02	left	18489307	18532249	42942	42.942	true	inside	39187577	7.59314842	Matschiner_et_al_2022_Source_Data_Fig1_Linkage_per_SNP
LG02	left	18489307	18533219	43912	43.912	true	inside	40398556	7.60636585	Matschiner_et_al_2022_Source_Data_Fig1_Linkage_per_SNP
LG02	left	18489307	18533231	43924	43.924	true	inside	40417000	7.60656409	Matschiner_et_al_2022_Source_Data_Fig1_Linkage_per_SNP
LG02	left	18489307	18533381	44074	44.074	true	inside	40553243	7.6080256	Matschiner_et_al_2022_Source_Data_Fig1_Linkage_per_SNP
LG02	left	18489307	18533399	44092	44.092	true	inside	40493746	7.60738797	Matschiner_et_al_2022_Source_Data_Fig1_Linkage_per_SNP
LG02	left	18489307	18533678	44371	44.371	true	inside	76110	4.88144743	Matschiner_et_al_2022_Source_Data_Fig1_Linkage_per_SNP
LG02	left	18489307	18533760	44453	44.453	true	inside	39648840	7.5982305	Matschiner_et_al_2022_Source_Data_Fig1_Linkage_per_SNP
LG02	left	18489307	18533816	44509	44.509	true	inside	40273211	7.60501627	Matschiner_et_al_2022_Source_Data_Fig1_Linkage_per_SNP
LG02	left	18489307	18535895	46588	46.588	true	inside	39690351	7.59868495	Matschiner_et_al_2022_Source_Data_Fig1_Linkage_per_SNP
LG02	left	18489307	18536597	47290	47.29	true	inside	40053950	7.60264536	Matschiner_et_al_2022_Source_Data_Fig1_Linkage_per_SNP
LG02	left	18489307	18537049	47742	47.742	true	inside	40093872	7.60307801	Matschiner_et_al_2022_Source_Data_Fig1_Linkage_per_SNP
LG02	left	18489307	18537528	48221	48.221	true	inside	9640	3.98412208	Matschiner_et_al_2022_Source_Data_Fig1_Linkage_per_SNP
LG02	left	18489307	18537558	48251	48.251	true	inside	37349033	7.57227937	Matschiner_et_al_2022_Source_Data_Fig1_Linkage_per_SNP
LG02	left	18489307	18537618	48311	48.311	true	inside	39990689	7.6019589	Matschiner_et_al_2022_Source_Data_Fig1_Linkage_per_SNP
LG02	left	18489307	18537643	48336	48.336	true	inside	39967763	7.60170985	Matschiner_et_al_2022_Source_Data_Fig1_Linkage_per_SNP
LG02	left	18489307	18537703	48396	48.396	true	inside	39884726	7.60080662	Matschiner_et_al_2022_Source_Data_Fig1_Linkage_per_SNP
LG02	left	18489307	18538409	49102	49.102	true	inside	40014880	7.60222153	Matschiner_et_al_2022_Source_Data_Fig1_Linkage_per_SNP
LG02	left	18489307	18538415	49108	49.108	true	inside	39638623	7.59811857	Matschiner_et_al_2022_Source_Data_Fig1_Linkage_per_SNP
LG02	left	18489307	18538420	49113	49.113	true	inside	39799843	7.59988137	Matschiner_et_al_2022_Source_Data_Fig1_Linkage_per_SNP
LG02	left	18489307	18538879	49572	49.572	true	inside	39325538	7.59467468	Matschiner_et_al_2022_Source_Data_Fig1_Linkage_per_SNP
LG02	left	18489307	18538951	49644	49.644	true	inside	39596179	7.59765329	Matschiner_et_al_2022_Source_Data_Fig1_Linkage_per_SNP
LG02	left	18489307	18539045	49738	49.738	true	inside	51415	4.71109829	Matschiner_et_al_2022_Source_Data_Fig1_Linkage_per_SNP
LG02	left	18489307	18539307	50000	50	true	inside	0	0	Matschiner_et_al_2022_Source_Data_Fig1_Linkage_per_SNP
LG02	right	24048607	24000282	-48325	-48.325	true	inside	0	0	Matschiner_et_al_2022_Source_Data_Fig1_Linkage_per_SNP
LG02	right	24048607	24000283	-48324	-48.324	true	inside	5035	3.70208572	Matschiner_et_al_2022_Source_Data_Fig1_Linkage_per_SNP
LG02	right	24048607	24000416	-48191	-48.191	true	inside	31496818	7.49826669	Matschiner_et_al_2022_Source_Data_Fig1_Linkage_per_SNP
LG02	right	24048607	24000450	-48157	-48.157	true	inside	31444625	7.49754643	Matschiner_et_al_2022_Source_Data_Fig1_Linkage_per_SNP
LG02	right	24048607	24000728	-47879	-47.879	true	inside	32177244	7.50754886	Matschiner_et_al_2022_Source_Data_Fig1_Linkage_per_SNP
LG02	right	24048607	24001005	-47602	-47.602	true	inside	31728746	7.50145292	Matschiner_et_al_2022_Source_Data_Fig1_Linkage_per_SNP
LG02	right	24048607	24001024	-47583	-47.583	true	inside	31981701	7.50490157	Matschiner_et_al_2022_Source_Data_Fig1_Linkage_per_SNP
LG02	right	24048607	24001092	-47515	-47.515	true	inside	31776542	7.50210665	Matschiner_et_al_2022_Source_Data_Fig1_Linkage_per_SNP
LG02	right	24048607	24001123	-47484	-47.484	true	inside	31680329	7.5007897	Matschiner_et_al_2022_Source_Data_Fig1_Linkage_per_SNP
LG02	right	24048607	24001146	-47461	-47.461	true	inside	31692308	7.50095388	Matschiner_et_al_2022_Source_Data_Fig1_Linkage_per_SNP
LG02	right	24048607	24001207	-47400	-47.4	true	inside	31778706	7.50213622	Matschiner_et_al_2022_Source_Data_Fig1_Linkage_per_SNP
LG02	right	24048607	24001248	-47359	-47.359	true	inside	31969311	7.50473329	Matschiner_et_al_2022_Source_Data_Fig1_Linkage_per_SNP
LG02	right	24048607	24001266	-47341	-47.341	true	inside	31849962	7.50310893	Matschiner_et_al_2022_Source_Data_Fig1_Linkage_per_SNP
LG02	right	24048607	24001290	-47317	-47.317	true	inside	31623803	7.50001411	Matschiner_et_al_2022_Source_Data_Fig1_Linkage_per_SNP
LG02	right	24048607	24001396	-47211	-47.211	true	inside	31771052	7.50203161	Matschiner_et_al_2022_Source_Data_Fig1_Linkage_per_SNP
LG02	right	24048607	24001491	-47116	-47.116	true	inside	32045426	7.50576606	Matschiner_et_al_2022_Source_Data_Fig1_Linkage_per_SNP
LG02	right	24048607	24002043	-46564	-46.564	true	inside	30765153	7.48805909	Matschiner_et_al_2022_Source_Data_Fig1_Linkage_per_SNP
LG02	right	24048607	24002424	-46183	-46.183	true	inside	31472078	7.49792543	Matschiner_et_al_2022_Source_Data_Fig1_Linkage_per_SNP
LG02	right	24048607	24002800	-45807	-45.807	true	inside	2518	3.40122817	Matschiner_et_al_2022_Source_Data_Fig1_Linkage_per_SNP
LG02	right	24048607	24003117	-45490	-45.49	true	inside	22389254	7.35003964	Matschiner_et_al_2022_Source_Data_Fig1_Linkage_per_SNP
LG02	right	24048607	24003146	-45461	-45.461	true	inside	31685983	7.5008672	Matschiner_et_al_2022_Source_Data_Fig1_Linkage_per_SNP
LG02	right	24048607	24005417	-43190	-43.19	true	inside	844733	5.92671997	Matschiner_et_al_2022_Source_Data_Fig1_Linkage_per_SNP
LG02	right	24048607	24005505	-43102	-43.102	true	inside	31837952	7.50294514	Matschiner_et_al_2022_Source_Data_Fig1_Linkage_per_SNP
LG02	right	24048607	24008008	-40599	-40.599	true	inside	758429	5.8799155	Matschiner_et_al_2022_Source_Data_Fig1_Linkage_per_SNP
LG02	right	24048607	24008079	-40528	-40.528	true	inside	3501	3.54431614	Matschiner_et_al_2022_Source_Data_Fig1_Linkage_per_SNP
LG02	right	24048607	24008174	-40433	-40.433	true	inside	27705301	7.44256289	Matschiner_et_al_2022_Source_Data_Fig1_Linkage_per_SNP
LG02	right	24048607	24008222	-40385	-40.385	true	inside	28194739	7.45016809	Matschiner_et_al_2022_Source_Data_Fig1_Linkage_per_SNP
LG02	right	24048607	24008416	-40191	-40.191	true	inside	32230840	7.50827164	Matschiner_et_al_2022_Source_Data_Fig1_Linkage_per_SNP
LG02	right	24048607	24010814	-37793	-37.793	true	inside	696373	5.84284255	Matschiner_et_al_2022_Source_Data_Fig1_Linkage_per_SNP
LG02	right	24048607	24011159	-37448	-37.448	true	inside	31744436	7.50166763	Matschiner_et_al_2022_Source_Data_Fig1_Linkage_per_SNP
LG02	right	24048607	24011448	-37159	-37.159	true	inside	1907	3.28057837	Matschiner_et_al_2022_Source_Data_Fig1_Linkage_per_SNP
LG02	right	24048607	24011638	-36969	-36.969	true	inside	5979496	6.77666465	Matschiner_et_al_2022_Source_Data_Fig1_Linkage_per_SNP
LG02	right	24048607	24011640	-36967	-36.967	true	inside	6409720	6.80683913	Matschiner_et_al_2022_Source_Data_Fig1_Linkage_per_SNP
LG02	right	24048607	24014474	-34133	-34.133	true	inside	31506752	7.49840365	Matschiner_et_al_2022_Source_Data_Fig1_Linkage_per_SNP
LG02	right	24048607	24015740	-32867	-32.867	true	inside	7	0.903089987	Matschiner_et_al_2022_Source_Data_Fig1_Linkage_per_SNP
LG02	right	24048607	24015741	-32866	-32.866	true	inside	6	0.84509804	Matschiner_et_al_2022_Source_Data_Fig1_Linkage_per_SNP
LG02	right	24048607	24022042	-26565	-26.565	true	inside	19165206	7.28251351	Matschiner_et_al_2022_Source_Data_Fig1_Linkage_per_SNP
LG02	right	24048607	24023213	-25394	-25.394	true	inside	3284919	6.5165248	Matschiner_et_al_2022_Source_Data_Fig1_Linkage_per_SNP
LG02	right	24048607	24023269	-25338	-25.338	true	inside	2454	3.3900515	Matschiner_et_al_2022_Source_Data_Fig1_Linkage_per_SNP
LG02	right	24048607	24023340	-25267	-25.267	true	inside	2523494	6.40200245	Matschiner_et_al_2022_Source_Data_Fig1_Linkage_per_SNP
LG02	right	24048607	24023344	-25263	-25.263	true	inside	2095227	6.32123129	Matschiner_et_al_2022_Source_Data_Fig1_Linkage_per_SNP
LG02	right	24048607	24028565	-20042	-20.042	true	inside	201	2.30535137	Matschiner_et_al_2022_Source_Data_Fig1_Linkage_per_SNP
LG02	right	24048607	24029053	-19554	-19.554	true	inside	27749085	7.44324868	Matschiner_et_al_2022_Source_Data_Fig1_Linkage_per_SNP
LG02	right	24048607	24029162	-19445	-19.445	true	inside	27914076	7.44582327	Matschiner_et_al_2022_Source_Data_Fig1_Linkage_per_SNP
LG02	right	24048607	24029165	-19442	-19.442	true	inside	27914727	7.4458334	Matschiner_et_al_2022_Source_Data_Fig1_Linkage_per_SNP
LG02	right	24048607	24029317	-19290	-19.29	true	inside	27700542	7.44248828	Matschiner_et_al_2022_Source_Data_Fig1_Linkage_per_SNP
LG02	right	24048607	24029366	-19241	-19.241	true	inside	27958633	7.44651595	Matschiner_et_al_2022_Source_Data_Fig1_Linkage_per_SNP
LG02	right	24048607	24032851	-15756	-15.756	true	inside	26200079	7.41830262	Matschiner_et_al_2022_Source_Data_Fig1_Linkage_per_SNP
LG02	right	24048607	24034286	-14321	-14.321	true	inside	25	1.41497335	Matschiner_et_al_2022_Source_Data_Fig1_Linkage_per_SNP
LG02	right	24048607	24039824	-8783	-8.783	true	inside	8	0.954242509	Matschiner_et_al_2022_Source_Data_Fig1_Linkage_per_SNP
LG02	right	24048607	24040894	-7713	-7.713	true	inside	27106383	7.43307159	Matschiner_et_al_2022_Source_Data_Fig1_Linkage_per_SNP
LG02	right	24048607	24040956	-7651	-7.651	true	inside	23844031	7.3773797	Matschiner_et_al_2022_Source_Data_Fig1_Linkage_per_SNP
LG02	right	24048607	24042132	-6475	-6.475	true	inside	2026	3.30685375	Matschiner_et_al_2022_Source_Data_Fig1_Linkage_per_SNP
LG02	right	24048607	24042776	-5831	-5.831	true	inside	1382	3.14082218	Matschiner_et_al_2022_Source_Data_Fig1_Linkage_per_SNP
LG02	right	24048607	24042848	-5759	-5.759	true	inside	19796110	7.29657988	Matschiner_et_al_2022_Source_Data_Fig1_Linkage_per_SNP
LG02	right	24048607	24042893	-5714	-5.714	true	inside	19629257	7.29290388	Matschiner_et_al_2022_Source_Data_Fig1_Linkage_per_SNP
LG02	right	24048607	24042906	-5701	-5.701	true	inside	19747305	7.29550786	Matschiner_et_al_2022_Source_Data_Fig1_Linkage_per_SNP
LG02	right	24048607	24042919	-5688	-5.688	true	inside	18923346	7.27699795	Matschiner_et_al_2022_Source_Data_Fig1_Linkage_per_SNP
LG02	right	24048607	24043028	-5579	-5.579	true	inside	20838342	7.31886318	Matschiner_et_al_2022_Source_Data_Fig1_Linkage_per_SNP
LG02	right	24048607	24043039	-5568	-5.568	true	inside	27951795	7.44640972	Matschiner_et_al_2022_Source_Data_Fig1_Linkage_per_SNP
LG02	right	24048607	24045935	-2672	-2.672	true	inside	1187547	6.07465117	Matschiner_et_al_2022_Source_Data_Fig1_Linkage_per_SNP
LG02	right	24048607	24048589	-18	-0.018	true	inside	478	2.68033551	Matschiner_et_al_2022_Source_Data_Fig1_Linkage_per_SNP
LG02	right	24048607	24048644	37	0.037	false	outside	423	2.62736586	Matschiner_et_al_2022_Source_Data_Fig1_Linkage_per_SNP
LG02	right	24048607	24048650	43	0.043	false	outside	1667150	6.22197494	Matschiner_et_al_2022_Source_Data_Fig1_Linkage_per_SNP
LG02	right	24048607	24048705	98	0.098	false	outside	300	2.4785665	Matschiner_et_al_2022_Source_Data_Fig1_Linkage_per_SNP
LG02	right	24048607	24048966	359	0.359	false	outside	40	1.61278386	Matschiner_et_al_2022_Source_Data_Fig1_Linkage_per_SNP
LG02	right	24048607	24048969	362	0.362	false	outside	37	1.5797836	Matschiner_et_al_2022_Source_Data_Fig1_Linkage_per_SNP
LG02	right	24048607	24050060	1453	1.453	false	outside	4	0.698970004	Matschiner_et_al_2022_Source_Data_Fig1_Linkage_per_SNP
LG02	right	24048607	24050268	1661	1.661	false	outside	6728245	6.82790186	Matschiner_et_al_2022_Source_Data_Fig1_Linkage_per_SNP
LG02	right	24048607	24050277	1670	1.67	false	outside	8965955	6.9525966	Matschiner_et_al_2022_Source_Data_Fig1_Linkage_per_SNP
LG02	right	24048607	24050282	1675	1.675	false	outside	8089303	6.90791116	Matschiner_et_al_2022_Source_Data_Fig1_Linkage_per_SNP
LG02	right	24048607	24050305	1698	1.698	false	outside	94352	4.97475571	Matschiner_et_al_2022_Source_Data_Fig1_Linkage_per_SNP
LG02	right	24048607	24050314	1707	1.707	false	outside	52499	4.7201593	Matschiner_et_al_2022_Source_Data_Fig1_Linkage_per_SNP
LG02	right	24048607	24052246	3639	3.639	false	outside	68	1.83884909	Matschiner_et_al_2022_Source_Data_Fig1_Linkage_per_SNP
LG02	right	24048607	24100282	51675	51.675	false	outside	0	0	Matschiner_et_al_2022_Source_Data_Fig1_Linkage_per_SNP
LG07	left	13610591	13556502	-54089	-54.089	false	outside	0	0	Matschiner_et_al_2022_Source_Data_Fig1_Linkage_per_SNP
LG07	left	13610591	13563519	-47072	-47.072	false	outside	856	2.93298082	Matschiner_et_al_2022_Source_Data_Fig1_Linkage_per_SNP
LG07	left	13610591	13568523	-42068	-42.068	false	outside	11	1.07918125	Matschiner_et_al_2022_Source_Data_Fig1_Linkage_per_SNP
LG07	left	13610591	13578682	-31909	-31.909	false	outside	88	1.94939001	Matschiner_et_al_2022_Source_Data_Fig1_Linkage_per_SNP
LG07	left	13610591	13578705	-31886	-31.886	false	outside	65	1.81954394	Matschiner_et_al_2022_Source_Data_Fig1_Linkage_per_SNP
LG07	left	13610591	13589565	-21026	-21.026	false	outside	26	1.43136376	Matschiner_et_al_2022_Source_Data_Fig1_Linkage_per_SNP
LG07	left	13610591	13605234	-5357	-5.357	false	outside	1	0.301029996	Matschiner_et_al_2022_Source_Data_Fig1_Linkage_per_SNP
LG07	left	13610591	13606502	-4089	-4.089	false	outside	31839336	7.50296402	Matschiner_et_al_2022_Source_Data_Fig1_Linkage_per_SNP
LG07	left	13610591	13607533	-3058	-3.058	false	outside	26389600	7.42143282	Matschiner_et_al_2022_Source_Data_Fig1_Linkage_per_SNP
LG07	left	13610591	13608332	-2259	-2.259	false	outside	64207485	7.80758567	Matschiner_et_al_2022_Source_Data_Fig1_Linkage_per_SNP
LG07	left	13610591	13610262	-329	-0.329	false	outside	3621	3.55894845	Matschiner_et_al_2022_Source_Data_Fig1_Linkage_per_SNP
LG07	left	13610591	13610591	0	0	true	inside	65480661	7.81611306	Matschiner_et_al_2022_Source_Data_Fig1_Linkage_per_SNP
LG07	left	13610591	13613069	2478	2.478	true	inside	62997842	7.79932568	Matschiner_et_al_2022_Source_Data_Fig1_Linkage_per_SNP
LG07	left	13610591	13613142	2551	2.551	true	inside	63392812	7.80204002	Matschiner_et_al_2022_Source_Data_Fig1_Linkage_per_SNP
LG07	left	13610591	13613515	2924	2.924	true	inside	5894	3.77048381	Matschiner_et_al_2022_Source_Data_Fig1_Linkage_per_SNP
LG07	left	13610591	13613664	3073	3.073	true	inside	64010863	7.80625369	Matschiner_et_al_2022_Source_Data_Fig1_Linkage_per_SNP
LG07	left	13610591	13613883	3292	3.292	true	inside	293959	5.46828824	Matschiner_et_al_2022_Source_Data_Fig1_Linkage_per_SNP
LG07	left	13610591	13614664	4073	4.073	true	inside	64015543	7.80628544	Matschiner_et_al_2022_Source_Data_Fig1_Linkage_per_SNP
LG07	left	13610591	13614906	4315	4.315	true	inside	63936074	7.80574597	Matschiner_et_al_2022_Source_Data_Fig1_Linkage_per_SNP
LG07	left	13610591	13615109	4518	4.518	true	inside	64859268	7.81197205	Matschiner_et_al_2022_Source_Data_Fig1_Linkage_per_SNP
LG07	left	13610591	13615127	4536	4.536	true	inside	4282	3.63174807	Matschiner_et_al_2022_Source_Data_Fig1_Linkage_per_SNP
LG07	left	13610591	13616808	6217	6.217	true	inside	53070340	7.72485188	Matschiner_et_al_2022_Source_Data_Fig1_Linkage_per_SNP
LG07	left	13610591	13617328	6737	6.737	true	inside	62063446	7.79283589	Matschiner_et_al_2022_Source_Data_Fig1_Linkage_per_SNP
LG07	left	13610591	13617797	7206	7.206	true	inside	22950	4.36080161	Matschiner_et_al_2022_Source_Data_Fig1_Linkage_per_SNP
LG07	left	13610591	13619006	8415	8.415	true	inside	2183	3.33925263	Matschiner_et_al_2022_Source_Data_Fig1_Linkage_per_SNP
LG07	left	13610591	13619018	8427	8.427	true	inside	1497997	6.17551123	Matschiner_et_al_2022_Source_Data_Fig1_Linkage_per_SNP
LG07	left	13610591	13620120	9529	9.529	true	inside	60441385	7.78133441	Matschiner_et_al_2022_Source_Data_Fig1_Linkage_per_SNP
LG07	left	13610591	13620185	9594	9.594	true	inside	21811785	7.33869123	Matschiner_et_al_2022_Source_Data_Fig1_Linkage_per_SNP
LG07	left	13610591	13620196	9605	9.605	true	inside	61089373	7.78596567	Matschiner_et_al_2022_Source_Data_Fig1_Linkage_per_SNP
LG07	left	13610591	13620205	9614	9.614	true	inside	15517143	7.19081179	Matschiner_et_al_2022_Source_Data_Fig1_Linkage_per_SNP
LG07	left	13610591	13620276	9685	9.685	true	inside	60591411	7.78241107	Matschiner_et_al_2022_Source_Data_Fig1_Linkage_per_SNP
LG07	left	13610591	13620670	10079	10.079	true	inside	60365537	7.78078908	Matschiner_et_al_2022_Source_Data_Fig1_Linkage_per_SNP
LG07	left	13610591	13621024	10433	10.433	true	inside	60526347	7.78194447	Matschiner_et_al_2022_Source_Data_Fig1_Linkage_per_SNP
LG07	left	13610591	13623537	12946	12.946	true	inside	1947511	6.28948014	Matschiner_et_al_2022_Source_Data_Fig1_Linkage_per_SNP
LG07	left	13610591	13625755	15164	15.164	true	inside	8040	3.90531006	Matschiner_et_al_2022_Source_Data_Fig1_Linkage_per_SNP
LG07	left	13610591	13625791	15200	15.2	true	inside	57069498	7.75640406	Matschiner_et_al_2022_Source_Data_Fig1_Linkage_per_SNP
LG07	left	13610591	13626193	15602	15.602	true	inside	61555830	7.7892692	Matschiner_et_al_2022_Source_Data_Fig1_Linkage_per_SNP
LG07	left	13610591	13626367	15776	15.776	true	inside	61624099	7.78975059	Matschiner_et_al_2022_Source_Data_Fig1_Linkage_per_SNP
LG07	left	13610591	13626462	15871	15.871	true	inside	61837190	7.79124975	Matschiner_et_al_2022_Source_Data_Fig1_Linkage_per_SNP
LG07	left	13610591	13626512	15921	15.921	true	inside	61548120	7.7892148	Matschiner_et_al_2022_Source_Data_Fig1_Linkage_per_SNP
LG07	left	13610591	13626741	16150	16.15	true	inside	61734575	7.79052847	Matschiner_et_al_2022_Source_Data_Fig1_Linkage_per_SNP
LG07	left	13610591	13626814	16223	16.223	true	inside	62071375	7.79289137	Matschiner_et_al_2022_Source_Data_Fig1_Linkage_per_SNP
LG07	left	13610591	13626909	16318	16.318	true	inside	61736038	7.79053876	Matschiner_et_al_2022_Source_Data_Fig1_Linkage_per_SNP
LG07	left	13610591	13627993	17402	17.402	true	inside	61146161	7.7863692	Matschiner_et_al_2022_Source_Data_Fig1_Linkage_per_SNP
LG07	left	13610591	13628090	17499	17.499	true	inside	10671	4.02824582	Matschiner_et_al_2022_Source_Data_Fig1_Linkage_per_SNP
LG07	left	13610591	13628306	17715	17.715	true	inside	61299438	7.7874565	Matschiner_et_al_2022_Source_Data_Fig1_Linkage_per_SNP
LG07	left	13610591	13628334	17743	17.743	true	inside	61003589	7.78535539	Matschiner_et_al_2022_Source_Data_Fig1_Linkage_per_SNP
LG07	left	13610591	13628508	17917	17.917	true	inside	61557079	7.78927801	Matschiner_et_al_2022_Source_Data_Fig1_Linkage_per_SNP
LG07	left	13610591	13628870	18279	18.279	true	inside	60947120	7.7849532	Matschiner_et_al_2022_Source_Data_Fig1_Linkage_per_SNP
LG07	left	13610591	13629373	18782	18.782	true	inside	60977981	7.78517305	Matschiner_et_al_2022_Source_Data_Fig1_Linkage_per_SNP
LG07	left	13610591	13629379	18788	18.788	true	inside	60975239	7.78515352	Matschiner_et_al_2022_Source_Data_Fig1_Linkage_per_SNP
LG07	left	13610591	13629705	19114	19.114	true	inside	5014	3.70027094	Matschiner_et_al_2022_Source_Data_Fig1_Linkage_per_SNP
LG07	left	13610591	13629856	19265	19.265	true	inside	61364434	7.78791674	Matschiner_et_al_2022_Source_Data_Fig1_Linkage_per_SNP
LG07	left	13610591	13630040	19449	19.449	true	inside	5014	3.70027094	Matschiner_et_al_2022_Source_Data_Fig1_Linkage_per_SNP
LG07	left	13610591	13630517	19926	19.926	true	inside	4679	3.67024585	Matschiner_et_al_2022_Source_Data_Fig1_Linkage_per_SNP
LG07	left	13610591	13632034	21443	21.443	true	inside	60729704	7.78340117	Matschiner_et_al_2022_Source_Data_Fig1_Linkage_per_SNP
LG07	left	13610591	13633795	23204	23.204	true	inside	60135138	7.77912832	Matschiner_et_al_2022_Source_Data_Fig1_Linkage_per_SNP
LG07	left	13610591	13634070	23479	23.479	true	inside	60307329	7.7803701	Matschiner_et_al_2022_Source_Data_Fig1_Linkage_per_SNP
LG07	left	13610591	13634242	23651	23.651	true	inside	60608538	7.78253382	Matschiner_et_al_2022_Source_Data_Fig1_Linkage_per_SNP
LG07	left	13610591	13634333	23742	23.742	true	inside	60484569	7.7816446	Matschiner_et_al_2022_Source_Data_Fig1_Linkage_per_SNP
LG07	left	13610591	13634366	23775	23.775	true	inside	2886332	6.46034643	Matschiner_et_al_2022_Source_Data_Fig1_Linkage_per_SNP
LG07	left	13610591	13634713	24122	24.122	true	inside	60477481	7.7815937	Matschiner_et_al_2022_Source_Data_Fig1_Linkage_per_SNP
LG07	left	13610591	13634726	24135	24.135	true	inside	59889731	7.77735237	Matschiner_et_al_2022_Source_Data_Fig1_Linkage_per_SNP
LG07	left	13610591	13634730	24139	24.139	true	inside	59872247	7.77722556	Matschiner_et_al_2022_Source_Data_Fig1_Linkage_per_SNP
LG07	left	13610591	13634862	24271	24.271	true	inside	59429670	7.77400333	Matschiner_et_al_2022_Source_Data_Fig1_Linkage_per_SNP
LG07	left	13610591	13635055	24464	24.464	true	inside	59294646	7.77301549	Matschiner_et_al_2022_Source_Data_Fig1_Linkage_per_SNP
LG07	left	13610591	13635108	24517	24.517	true	inside	83073	4.91946512	Matschiner_et_al_2022_Source_Data_Fig1_Linkage_per_SNP
LG07	left	13610591	13635133	24542	24.542	true	inside	60452703	7.78141573	Matschiner_et_al_2022_Source_Data_Fig1_Linkage_per_SNP
LG07	left	13610591	13635374	24783	24.783	true	inside	58159934	7.76462391	Matschiner_et_al_2022_Source_Data_Fig1_Linkage_per_SNP
LG07	left	13610591	13636187	25596	25.596	true	inside	52860018	7.72312731	Matschiner_et_al_2022_Source_Data_Fig1_Linkage_per_SNP
LG07	left	13610591	13636460	25869	25.869	true	inside	56995344	7.75583939	Matschiner_et_al_2022_Source_Data_Fig1_Linkage_per_SNP
LG07	left	13610591	13636819	26228	26.228	true	inside	56874048	7.75491415	Matschiner_et_al_2022_Source_Data_Fig1_Linkage_per_SNP
LG07	left	13610591	13637886	27295	27.295	true	inside	58252231	7.76531257	Matschiner_et_al_2022_Source_Data_Fig1_Linkage_per_SNP
LG07	left	13610591	13638336	27745	27.745	true	inside	62642091	7.79686625	Matschiner_et_al_2022_Source_Data_Fig1_Linkage_per_SNP
LG07	left	13610591	13638544	27953	27.953	true	inside	62891419	7.7985914	Matschiner_et_al_2022_Source_Data_Fig1_Linkage_per_SNP
LG07	left	13610591	13638684	28093	28.093	true	inside	62864446	7.7984051	Matschiner_et_al_2022_Source_Data_Fig1_Linkage_per_SNP
LG07	left	13610591	13638932	28341	28.341	true	inside	63335008	7.80164384	Matschiner_et_al_2022_Source_Data_Fig1_Linkage_per_SNP
LG07	left	13610591	13639234	28643	28.643	true	inside	59937689	7.7777	Matschiner_et_al_2022_Source_Data_Fig1_Linkage_per_SNP
LG07	left	13610591	13639251	28660	28.66	true	inside	300420	5.47773029	Matschiner_et_al_2022_Source_Data_Fig1_Linkage_per_SNP
LG07	left	13610591	13639680	29089	29.089	true	inside	63141376	7.80031405	Matschiner_et_al_2022_Source_Data_Fig1_Linkage_per_SNP
LG07	left	13610591	13640106	29515	29.515	true	inside	62745890	7.79758529	Matschiner_et_al_2022_Source_Data_Fig1_Linkage_per_SNP
LG07	left	13610591	13640444	29853	29.853	true	inside	60558719	7.78217669	Matschiner_et_al_2022_Source_Data_Fig1_Linkage_per_SNP
LG07	left	13610591	13640456	29865	29.865	true	inside	63492530	7.80272264	Matschiner_et_al_2022_Source_Data_Fig1_Linkage_per_SNP
LG07	left	13610591	13640640	30049	30.049	true	inside	62717209	7.79738673	Matschiner_et_al_2022_Source_Data_Fig1_Linkage_per_SNP
LG07	left	13610591	13640830	30239	30.239	true	inside	63448462	7.80242111	Matschiner_et_al_2022_Source_Data_Fig1_Linkage_per_SNP
LG07	left	13610591	13640890	30299	30.299	true	inside	63892943	7.8054529	Matschiner_et_al_2022_Source_Data_Fig1_Linkage_per_SNP
LG07	left	13610591	13641065	30474	30.474	true	inside	64669429	7.81069903	Matschiner_et_al_2022_Source_Data_Fig1_Linkage_per_SNP
LG07	left	13610591	13641805	31214	31.214	true	inside	64345942	7.80852117	Matschiner_et_al_2022_Source_Data_Fig1_Linkage_per_SNP
LG07	left	13610591	13642104	31513	31.513	true	inside	64928509	7.81243544	Matschiner_et_al_2022_Source_Data_Fig1_Linkage_per_SNP
LG07	left	13610591	13642107	31516	31.516	true	inside	64927216	7.81242679	Matschiner_et_al_2022_Source_Data_Fig1_Linkage_per_SNP
LG07	left	13610591	13642831	32240	32.24	true	inside	64516392	7.80967008	Matschiner_et_al_2022_Source_Data_Fig1_Linkage_per_SNP
LG07	left	13610591	13642878	32287	32.287	true	inside	64270750	7.80801337	Matschiner_et_al_2022_Source_Data_Fig1_Linkage_per_SNP
LG07	left	13610591	13646325	35734	35.734	true	inside	66787114	7.82469268	Matschiner_et_al_2022_Source_Data_Fig1_Linkage_per_SNP
LG07	left	13610591	13646336	35745	35.745	true	inside	66622442	7.82362055	Matschiner_et_al_2022_Source_Data_Fig1_Linkage_per_SNP
LG07	left	13610591	13646538	35947	35.947	true	inside	65114767	7.8136795	Matschiner_et_al_2022_Source_Data_Fig1_Linkage_per_SNP
LG07	left	13610591	13646573	35982	35.982	true	inside	66847475	7.82508501	Matschiner_et_al_2022_Source_Data_Fig1_Linkage_per_SNP
LG07	left	13610591	13646610	36019	36.019	true	inside	66831417	7.82498068	Matschiner_et_al_2022_Source_Data_Fig1_Linkage_per_SNP
LG07	left	13610591	13647426	36835	36.835	true	inside	2131	3.3287872	Matschiner_et_al_2022_Source_Data_Fig1_Linkage_per_SNP
LG07	left	13610591	13647470	36879	36.879	true	inside	64677045	7.81075018	Matschiner_et_al_2022_Source_Data_Fig1_Linkage_per_SNP
LG07	left	13610591	13647610	37019	37.019	true	inside	67318705	7.82813576	Matschiner_et_al_2022_Source_Data_Fig1_Linkage_per_SNP
LG07	left	13610591	13647912	37321	37.321	true	inside	66796738	7.82475526	Matschiner_et_al_2022_Source_Data_Fig1_Linkage_per_SNP
LG07	left	13610591	13647916	37325	37.325	true	inside	64568676	7.81002189	Matschiner_et_al_2022_Source_Data_Fig1_Linkage_per_SNP
LG07	left	13610591	13647938	37347	37.347	true	inside	67142919	7.82700022	Matschiner_et_al_2022_Source_Data_Fig1_Linkage_per_SNP
LG07	left	13610591	13649074	38483	38.483	true	inside	68039484	7.83276102	Matschiner_et_al_2022_Source_Data_Fig1_Linkage_per_SNP
LG07	left	13610591	13649075	38484	38.484	true	inside	68039051	7.83275825	Matschiner_et_al_2022_Source_Data_Fig1_Linkage_per_SNP
LG07	left	13610591	13649151	38560	38.56	true	inside	68498574	7.83568154	Matschiner_et_al_2022_Source_Data_Fig1_Linkage_per_SNP
LG07	left	13610591	13649644	39053	39.053	true	inside	67780799	7.83110669	Matschiner_et_al_2022_Source_Data_Fig1_Linkage_per_SNP
LG07	left	13610591	13649733	39142	39.142	true	inside	67700952	7.83059478	Matschiner_et_al_2022_Source_Data_Fig1_Linkage_per_SNP
LG07	left	13610591	13649764	39173	39.173	true	inside	67581141	7.82982553	Matschiner_et_al_2022_Source_Data_Fig1_Linkage_per_SNP
LG07	left	13610591	13650367	39776	39.776	true	inside	67743963	7.83087061	Matschiner_et_al_2022_Source_Data_Fig1_Linkage_per_SNP
LG07	left	13610591	13650553	39962	39.962	true	inside	67635681	7.83017587	Matschiner_et_al_2022_Source_Data_Fig1_Linkage_per_SNP
LG07	left	13610591	13650606	40015	40.015	true	inside	67642500	7.83021966	Matschiner_et_al_2022_Source_Data_Fig1_Linkage_per_SNP
LG07	left	13610591	13656502	45911	45.911	true	inside	0	0	Matschiner_et_al_2022_Source_Data_Fig1_Linkage_per_SNP
LG07	right	23019113	22966726	-52387	-52.387	true	inside	0	0	Matschiner_et_al_2022_Source_Data_Fig1_Linkage_per_SNP
LG07	right	23019113	22966994	-52119	-52.119	true	inside	57697067	7.76115374	Matschiner_et_al_2022_Source_Data_Fig1_Linkage_per_SNP
LG07	right	23019113	22967148	-51965	-51.965	true	inside	57839741	7.76222635	Matschiner_et_al_2022_Source_Data_Fig1_Linkage_per_SNP
LG07	right	23019113	22967221	-51892	-51.892	true	inside	58230715	7.76515213	Matschiner_et_al_2022_Source_Data_Fig1_Linkage_per_SNP
LG07	right	23019113	22967226	-51887	-51.887	true	inside	57287526	7.75806007	Matschiner_et_al_2022_Source_Data_Fig1_Linkage_per_SNP
LG07	right	23019113	22967453	-51660	-51.66	true	inside	135	2.13353891	Matschiner_et_al_2022_Source_Data_Fig1_Linkage_per_SNP
LG07	right	23019113	22967515	-51598	-51.598	true	inside	73	1.86923172	Matschiner_et_al_2022_Source_Data_Fig1_Linkage_per_SNP
LG07	right	23019113	22968045	-51068	-51.068	true	inside	57684650	7.76106027	Matschiner_et_al_2022_Source_Data_Fig1_Linkage_per_SNP
LG07	right	23019113	22968160	-50953	-50.953	true	inside	192	2.28555731	Matschiner_et_al_2022_Source_Data_Fig1_Linkage_per_SNP
LG07	right	23019113	22968291	-50822	-50.822	true	inside	58004219	7.76345959	Matschiner_et_al_2022_Source_Data_Fig1_Linkage_per_SNP
LG07	right	23019113	22968298	-50815	-50.815	true	inside	20498	4.31173268	Matschiner_et_al_2022_Source_Data_Fig1_Linkage_per_SNP
LG07	right	23019113	22968333	-50780	-50.78	true	inside	56589214	7.75273367	Matschiner_et_al_2022_Source_Data_Fig1_Linkage_per_SNP
LG07	right	23019113	22968403	-50710	-50.71	true	inside	20110059	7.30341337	Matschiner_et_al_2022_Source_Data_Fig1_Linkage_per_SNP
LG07	right	23019113	22968684	-50429	-50.429	true	inside	24929317	7.3967104	Matschiner_et_al_2022_Source_Data_Fig1_Linkage_per_SNP
LG07	right	23019113	22968685	-50428	-50.428	true	inside	24929470	7.39671306	Matschiner_et_al_2022_Source_Data_Fig1_Linkage_per_SNP
LG07	right	23019113	22969962	-49151	-49.151	true	inside	10205	4.00885556	Matschiner_et_al_2022_Source_Data_Fig1_Linkage_per_SNP
LG07	right	23019113	22970660	-48453	-48.453	true	inside	58259581	7.76536736	Matschiner_et_al_2022_Source_Data_Fig1_Linkage_per_SNP
LG07	right	23019113	22970673	-48440	-48.44	true	inside	14795	4.17014432	Matschiner_et_al_2022_Source_Data_Fig1_Linkage_per_SNP
LG07	right	23019113	22970778	-48335	-48.335	true	inside	832	2.920645	Matschiner_et_al_2022_Source_Data_Fig1_Linkage_per_SNP
LG07	right	23019113	22970782	-48331	-48.331	true	inside	12615	4.10092168	Matschiner_et_al_2022_Source_Data_Fig1_Linkage_per_SNP
LG07	right	23019113	22970854	-48259	-48.259	true	inside	4151	3.61825734	Matschiner_et_al_2022_Source_Data_Fig1_Linkage_per_SNP
LG07	right	23019113	22970964	-48149	-48.149	true	inside	57594963	7.76038451	Matschiner_et_al_2022_Source_Data_Fig1_Linkage_per_SNP
LG07	right	23019113	22971024	-48089	-48.089	true	inside	58862949	7.76984202	Matschiner_et_al_2022_Source_Data_Fig1_Linkage_per_SNP
LG07	right	23019113	22971077	-48036	-48.036	true	inside	58416822	7.76653793	Matschiner_et_al_2022_Source_Data_Fig1_Linkage_per_SNP
LG07	right	23019113	22971124	-47989	-47.989	true	inside	55625201	7.7452716	Matschiner_et_al_2022_Source_Data_Fig1_Linkage_per_SNP
LG07	right	23019113	22971543	-47570	-47.57	true	inside	5046	3.7030333	Matschiner_et_al_2022_Source_Data_Fig1_Linkage_per_SNP
LG07	right	23019113	22972002	-47111	-47.111	true	inside	3261	3.51348396	Matschiner_et_al_2022_Source_Data_Fig1_Linkage_per_SNP
LG07	right	23019113	22972218	-46895	-46.895	true	inside	2787	3.44529277	Matschiner_et_al_2022_Source_Data_Fig1_Linkage_per_SNP
LG07	right	23019113	22972239	-46874	-46.874	true	inside	57922554	7.76284771	Matschiner_et_al_2022_Source_Data_Fig1_Linkage_per_SNP
LG07	right	23019113	22972309	-46804	-46.804	true	inside	13609	4.13385813	Matschiner_et_al_2022_Source_Data_Fig1_Linkage_per_SNP
LG07	right	23019113	22972531	-46582	-46.582	true	inside	13165	4.11945385	Matschiner_et_al_2022_Source_Data_Fig1_Linkage_per_SNP
LG07	right	23019113	22972750	-46363	-46.363	true	inside	58232425	7.76516488	Matschiner_et_al_2022_Source_Data_Fig1_Linkage_per_SNP
LG07	right	23019113	22972809	-46304	-46.304	true	inside	57897522	7.76265998	Matschiner_et_al_2022_Source_Data_Fig1_Linkage_per_SNP
LG07	right	23019113	22972930	-46183	-46.183	true	inside	13165	4.11945385	Matschiner_et_al_2022_Source_Data_Fig1_Linkage_per_SNP
LG07	right	23019113	22973382	-45731	-45.731	true	inside	52964259	7.72398291	Matschiner_et_al_2022_Source_Data_Fig1_Linkage_per_SNP
LG07	right	23019113	22975263	-43850	-43.85	true	inside	17345	4.23919934	Matschiner_et_al_2022_Source_Data_Fig1_Linkage_per_SNP
LG07	right	23019113	22975598	-43515	-43.515	true	inside	56854311	7.75476341	Matschiner_et_al_2022_Source_Data_Fig1_Linkage_per_SNP
LG07	right	23019113	22975998	-43115	-43.115	true	inside	54257255	7.73445783	Matschiner_et_al_2022_Source_Data_Fig1_Linkage_per_SNP
LG07	right	23019113	22976991	-42122	-42.122	true	inside	55771824	7.74641486	Matschiner_et_al_2022_Source_Data_Fig1_Linkage_per_SNP
LG07	right	23019113	22977884	-41229	-41.229	true	inside	15971	4.2033593	Matschiner_et_al_2022_Source_Data_Fig1_Linkage_per_SNP
LG07	right	23019113	22978461	-40652	-40.652	true	inside	40559609	7.60809377	Matschiner_et_al_2022_Source_Data_Fig1_Linkage_per_SNP
LG07	right	23019113	22978492	-40621	-40.621	true	inside	53936870	7.73188575	Matschiner_et_al_2022_Source_Data_Fig1_Linkage_per_SNP
LG07	right	23019113	22978637	-40476	-40.476	true	inside	16	1.23044892	Matschiner_et_al_2022_Source_Data_Fig1_Linkage_per_SNP
LG07	right	23019113	22979249	-39864	-39.864	true	inside	54540592	7.73671986	Matschiner_et_al_2022_Source_Data_Fig1_Linkage_per_SNP
LG07	right	23019113	22979252	-39861	-39.861	true	inside	436	2.64048144	Matschiner_et_al_2022_Source_Data_Fig1_Linkage_per_SNP
LG07	right	23019113	22979259	-39854	-39.854	true	inside	47010278	7.67219283	Matschiner_et_al_2022_Source_Data_Fig1_Linkage_per_SNP
LG07	right	23019113	22979311	-39802	-39.802	true	inside	53818671	7.73093298	Matschiner_et_al_2022_Source_Data_Fig1_Linkage_per_SNP
LG07	right	23019113	22979688	-39425	-39.425	true	inside	1321	3.12123146	Matschiner_et_al_2022_Source_Data_Fig1_Linkage_per_SNP
LG07	right	23019113	22982206	-36907	-36.907	true	inside	54508903	7.73646745	Matschiner_et_al_2022_Source_Data_Fig1_Linkage_per_SNP
LG07	right	23019113	22983286	-35827	-35.827	true	inside	54046645	7.73276875	Matschiner_et_al_2022_Source_Data_Fig1_Linkage_per_SNP
LG07	right	23019113	22984531	-34582	-34.582	true	inside	53570584	7.72892639	Matschiner_et_al_2022_Source_Data_Fig1_Linkage_per_SNP
LG07	right	23019113	22984875	-34238	-34.238	true	inside	55144502	7.74150223	Matschiner_et_al_2022_Source_Data_Fig1_Linkage_per_SNP
LG07	right	23019113	22985898	-33215	-33.215	true	inside	54630463	7.73743489	Matschiner_et_al_2022_Source_Data_Fig1_Linkage_per_SNP
LG07	right	23019113	22985949	-33164	-33.164	true	inside	54579877	7.73703256	Matschiner_et_al_2022_Source_Data_Fig1_Linkage_per_SNP
LG07	right	23019113	22985959	-33154	-33.154	true	inside	54345451	7.73516321	Matschiner_et_al_2022_Source_Data_Fig1_Linkage_per_SNP
LG07	right	23019113	22985967	-33146	-33.146	true	inside	54519602	7.73655268	Matschiner_et_al_2022_Source_Data_Fig1_Linkage_per_SNP
LG07	right	23019113	22986711	-32402	-32.402	true	inside	55830805	7.7468739	Matschiner_et_al_2022_Source_Data_Fig1_Linkage_per_SNP
LG07	right	23019113	22989468	-29645	-29.645	true	inside	54932062	7.73982591	Matschiner_et_al_2022_Source_Data_Fig1_Linkage_per_SNP
LG07	right	23019113	22989925	-29188	-29.188	true	inside	49382322	7.69357152	Matschiner_et_al_2022_Source_Data_Fig1_Linkage_per_SNP
LG07	right	23019113	22990028	-29085	-29.085	true	inside	51563474	7.71234218	Matschiner_et_al_2022_Source_Data_Fig1_Linkage_per_SNP
LG07	right	23019113	22990048	-29065	-29.065	true	inside	53431691	7.72779893	Matschiner_et_al_2022_Source_Data_Fig1_Linkage_per_SNP
LG07	right	23019113	22991862	-27251	-27.251	true	inside	54464145	7.7361107	Matschiner_et_al_2022_Source_Data_Fig1_Linkage_per_SNP
LG07	right	23019113	22992023	-27090	-27.09	true	inside	54822453	7.73895847	Matschiner_et_al_2022_Source_Data_Fig1_Linkage_per_SNP
LG07	right	23019113	22992030	-27083	-27.083	true	inside	54801381	7.73879151	Matschiner_et_al_2022_Source_Data_Fig1_Linkage_per_SNP
LG07	right	23019113	22992054	-27059	-27.059	true	inside	54946477	7.73993986	Matschiner_et_al_2022_Source_Data_Fig1_Linkage_per_SNP
LG07	right	23019113	22992135	-26978	-26.978	true	inside	54269771	7.734558	Matschiner_et_al_2022_Source_Data_Fig1_Linkage_per_SNP
LG07	right	23019113	22992140	-26973	-26.973	true	inside	54271606	7.73457268	Matschiner_et_al_2022_Source_Data_Fig1_Linkage_per_SNP
LG07	right	23019113	22992279	-26834	-26.834	true	inside	54148494	7.73358639	Matschiner_et_al_2022_Source_Data_Fig1_Linkage_per_SNP
LG07	right	23019113	22992288	-26825	-26.825	true	inside	52688261	7.72171387	Matschiner_et_al_2022_Source_Data_Fig1_Linkage_per_SNP
LG07	right	23019113	22992681	-26432	-26.432	true	inside	52950083	7.72386665	Matschiner_et_al_2022_Source_Data_Fig1_Linkage_per_SNP
LG07	right	23019113	22992690	-26423	-26.423	true	inside	53139550	7.72541788	Matschiner_et_al_2022_Source_Data_Fig1_Linkage_per_SNP
LG07	right	23019113	22992798	-26315	-26.315	true	inside	54617918	7.73733515	Matschiner_et_al_2022_Source_Data_Fig1_Linkage_per_SNP
LG07	right	23019113	22992948	-26165	-26.165	true	inside	54809141	7.738853	Matschiner_et_al_2022_Source_Data_Fig1_Linkage_per_SNP
LG07	right	23019113	22993004	-26109	-26.109	true	inside	54855134	7.73921729	Matschiner_et_al_2022_Source_Data_Fig1_Linkage_per_SNP
LG07	right	23019113	22993042	-26071	-26.071	true	inside	55355294	7.74315917	Matschiner_et_al_2022_Source_Data_Fig1_Linkage_per_SNP
LG07	right	23019113	22993048	-26065	-26.065	true	inside	47784637	7.6792883	Matschiner_et_al_2022_Source_Data_Fig1_Linkage_per_SNP
LG07	right	23019113	22993061	-26052	-26.052	true	inside	55450260	7.74390359	Matschiner_et_al_2022_Source_Data_Fig1_Linkage_per_SNP
LG07	right	23019113	22993133	-25980	-25.98	true	inside	54051021	7.73280391	Matschiner_et_al_2022_Source_Data_Fig1_Linkage_per_SNP
LG07	right	23019113	22993166	-25947	-25.947	true	inside	54498198	7.73638215	Matschiner_et_al_2022_Source_Data_Fig1_Linkage_per_SNP
LG07	right	23019113	22993182	-25931	-25.931	true	inside	54122414	7.73337717	Matschiner_et_al_2022_Source_Data_Fig1_Linkage_per_SNP
LG07	right	23019113	22993205	-25908	-25.908	true	inside	54209654	7.73407664	Matschiner_et_al_2022_Source_Data_Fig1_Linkage_per_SNP
LG07	right	23019113	22993262	-25851	-25.851	true	inside	54068127	7.73294133	Matschiner_et_al_2022_Source_Data_Fig1_Linkage_per_SNP
LG07	right	23019113	22993439	-25674	-25.674	true	inside	55338781	7.7430296	Matschiner_et_al_2022_Source_Data_Fig1_Linkage_per_SNP
LG07	right	23019113	22993620	-25493	-25.493	true	inside	53967957	7.73213599	Matschiner_et_al_2022_Source_Data_Fig1_Linkage_per_SNP
LG07	right	23019113	22993767	-25346	-25.346	true	inside	54506922	7.73645167	Matschiner_et_al_2022_Source_Data_Fig1_Linkage_per_SNP
LG07	right	23019113	22994127	-24986	-24.986	true	inside	54204037	7.73403164	Matschiner_et_al_2022_Source_Data_Fig1_Linkage_per_SNP
LG07	right	23019113	22994219	-24894	-24.894	true	inside	54775149	7.73858358	Matschiner_et_al_2022_Source_Data_Fig1_Linkage_per_SNP
LG07	right	23019113	22994410	-24703	-24.703	true	inside	54452387	7.73601693	Matschiner_et_al_2022_Source_Data_Fig1_Linkage_per_SNP
LG07	right	23019113	22994425	-24688	-24.688	true	inside	452	2.6560982	Matschiner_et_al_2022_Source_Data_Fig1_Linkage_per_SNP
LG07	right	23019113	22994576	-24537	-24.537	true	inside	54547589	7.73677557	Matschiner_et_al_2022_Source_Data_Fig1_Linkage_per_SNP
LG07	right	23019113	22994588	-24525	-24.525	true	inside	54793817	7.73873156	Matschiner_et_al_2022_Source_Data_Fig1_Linkage_per_SNP
LG07	right	23019113	22994696	-24417	-24.417	true	inside	34859420	7.54232017	Matschiner_et_al_2022_Source_Data_Fig1_Linkage_per_SNP
LG07	right	23019113	22994914	-24199	-24.199	true	inside	55508708	7.74436113	Matschiner_et_al_2022_Source_Data_Fig1_Linkage_per_SNP
LG07	right	23019113	22994977	-24136	-24.136	true	inside	54705448	7.73803059	Matschiner_et_al_2022_Source_Data_Fig1_Linkage_per_SNP
LG07	right	23019113	22995026	-24087	-24.087	true	inside	54659128	7.73766271	Matschiner_et_al_2022_Source_Data_Fig1_Linkage_per_SNP
LG07	right	23019113	22995031	-24082	-24.082	true	inside	54908266	7.73963774	Matschiner_et_al_2022_Source_Data_Fig1_Linkage_per_SNP
LG07	right	23019113	22995410	-23703	-23.703	true	inside	54785106	7.73866251	Matschiner_et_al_2022_Source_Data_Fig1_Linkage_per_SNP
LG07	right	23019113	22995478	-23635	-23.635	true	inside	54605270	7.73723457	Matschiner_et_al_2022_Source_Data_Fig1_Linkage_per_SNP
LG07	right	23019113	22995489	-23624	-23.624	true	inside	54582881	7.73705646	Matschiner_et_al_2022_Source_Data_Fig1_Linkage_per_SNP
LG07	right	23019113	22995549	-23564	-23.564	true	inside	54439145	7.7359113	Matschiner_et_al_2022_Source_Data_Fig1_Linkage_per_SNP
LG07	right	23019113	22995660	-23453	-23.453	true	inside	54421744	7.73577246	Matschiner_et_al_2022_Source_Data_Fig1_Linkage_per_SNP
LG07	right	23019113	22995812	-23301	-23.301	true	inside	54969658	7.74012304	Matschiner_et_al_2022_Source_Data_Fig1_Linkage_per_SNP
LG07	right	23019113	22995824	-23289	-23.289	true	inside	54570429	7.73695738	Matschiner_et_al_2022_Source_Data_Fig1_Linkage_per_SNP
LG07	right	23019113	22995889	-23224	-23.224	true	inside	54239831	7.73431834	Matschiner_et_al_2022_Source_Data_Fig1_Linkage_per_SNP
LG07	right	23019113	22995933	-23180	-23.18	true	inside	54248879	7.73439078	Matschiner_et_al_2022_Source_Data_Fig1_Linkage_per_SNP
LG07	right	23019113	22995980	-23133	-23.133	true	inside	54365574	7.73532399	Matschiner_et_al_2022_Source_Data_Fig1_Linkage_per_SNP
LG07	right	23019113	22996151	-22962	-22.962	true	inside	48690303	7.68744249	Matschiner_et_al_2022_Source_Data_Fig1_Linkage_per_SNP
LG07	right	23019113	22996512	-22601	-22.601	true	inside	54009471	7.73246993	Matschiner_et_al_2022_Source_Data_Fig1_Linkage_per_SNP
LG07	right	23019113	22996618	-22495	-22.495	true	inside	54066156	7.7329255	Matschiner_et_al_2022_Source_Data_Fig1_Linkage_per_SNP
LG07	right	23019113	22996934	-22179	-22.179	true	inside	55712415	7.74595199	Matschiner_et_al_2022_Source_Data_Fig1_Linkage_per_SNP
LG07	right	23019113	22997876	-21237	-21.237	true	inside	55900593	7.74741642	Matschiner_et_al_2022_Source_Data_Fig1_Linkage_per_SNP
LG07	right	23019113	22997895	-21218	-21.218	true	inside	54890262	7.73949531	Matschiner_et_al_2022_Source_Data_Fig1_Linkage_per_SNP
LG07	right	23019113	22997915	-21198	-21.198	true	inside	55117379	7.74128857	Matschiner_et_al_2022_Source_Data_Fig1_Linkage_per_SNP
LG07	right	23019113	22997981	-21132	-21.132	true	inside	52828014	7.72286429	Matschiner_et_al_2022_Source_Data_Fig1_Linkage_per_SNP
LG07	right	23019113	22998035	-21078	-21.078	true	inside	54087690	7.73309844	Matschiner_et_al_2022_Source_Data_Fig1_Linkage_per_SNP
LG07	right	23019113	22998211	-20902	-20.902	true	inside	55408992	7.74358026	Matschiner_et_al_2022_Source_Data_Fig1_Linkage_per_SNP
LG07	right	23019113	22999153	-19960	-19.96	true	inside	54667344	7.73772798	Matschiner_et_al_2022_Source_Data_Fig1_Linkage_per_SNP
LG07	right	23019113	22999201	-19912	-19.912	true	inside	55150573	7.74155004	Matschiner_et_al_2022_Source_Data_Fig1_Linkage_per_SNP
LG07	right	23019113	23002227	-16886	-16.886	true	inside	56366654	7.75102226	Matschiner_et_al_2022_Source_Data_Fig1_Linkage_per_SNP
LG07	right	23019113	23016479	-2634	-2.634	true	inside	947	2.97680834	Matschiner_et_al_2022_Source_Data_Fig1_Linkage_per_SNP
LG07	right	23019113	23016726	-2387	-2.387	true	inside	41335869	7.61632708	Matschiner_et_al_2022_Source_Data_Fig1_Linkage_per_SNP
LG07	right	23019113	23016895	-2218	-2.218	true	inside	531	2.72591163	Matschiner_et_al_2022_Source_Data_Fig1_Linkage_per_SNP
LG07	right	23019113	23017075	-2038	-2.038	true	inside	125	2.10037055	Matschiner_et_al_2022_Source_Data_Fig1_Linkage_per_SNP
LG07	right	23019113	23017131	-1982	-1.982	true	inside	69	1.84509804	Matschiner_et_al_2022_Source_Data_Fig1_Linkage_per_SNP
LG07	right	23019113	23020968	1855	1.855	false	outside	157	2.19865709	Matschiner_et_al_2022_Source_Data_Fig1_Linkage_per_SNP
LG07	right	23019113	23023925	4812	4.812	false	outside	13	1.14612804	Matschiner_et_al_2022_Source_Data_Fig1_Linkage_per_SNP
LG07	right	23019113	23033791	14678	14.678	false	outside	5098	3.70748501	Matschiner_et_al_2022_Source_Data_Fig1_Linkage_per_SNP
LG07	right	23019113	23034184	15071	15.071	false	outside	5	0.77815125	Matschiner_et_al_2022_Source_Data_Fig1_Linkage_per_SNP
LG07	right	23019113	23034185	15072	15.072	false	outside	4	0.698970004	Matschiner_et_al_2022_Source_Data_Fig1_Linkage_per_SNP
LG07	right	23019113	23035284	16171	16.171	false	outside	35	1.5563025	Matschiner_et_al_2022_Source_Data_Fig1_Linkage_per_SNP
LG07	right	23019113	23036322	17209	17.209	false	outside	2730	3.4363217	Matschiner_et_al_2022_Source_Data_Fig1_Linkage_per_SNP
LG07	right	23019113	23036358	17245	17.245	false	outside	2730	3.4363217	Matschiner_et_al_2022_Source_Data_Fig1_Linkage_per_SNP
LG07	right	23019113	23051585	32472	32.472	false	outside	7	0.903089987	Matschiner_et_al_2022_Source_Data_Fig1_Linkage_per_SNP
LG07	right	23019113	23063086	43973	43.973	false	outside	19	1.30103	Matschiner_et_al_2022_Source_Data_Fig1_Linkage_per_SNP
LG07	right	23019113	23063087	43974	43.974	false	outside	18	1.2787536	Matschiner_et_al_2022_Source_Data_Fig1_Linkage_per_SNP
LG07	right	23019113	23066726	47613	47.613	false	outside	0	0	Matschiner_et_al_2022_Source_Data_Fig1_Linkage_per_SNP
LG12	left	638100	539105	-98995	-98.995	false	outside	0	0	Matschiner_et_al_2022_Source_Data_Fig1_Linkage_per_SNP
LG12	left	638100	552712	-85388	-85.388	false	outside	705	2.8488047	Matschiner_et_al_2022_Source_Data_Fig1_Linkage_per_SNP
LG12	left	638100	555982	-82118	-82.118	false	outside	873	2.94151143	Matschiner_et_al_2022_Source_Data_Fig1_Linkage_per_SNP
LG12	left	638100	560770	-77330	-77.33	false	outside	723	2.85973857	Matschiner_et_al_2022_Source_Data_Fig1_Linkage_per_SNP
LG12	left	638100	580441	-57659	-57.659	false	outside	12425	4.09433135	Matschiner_et_al_2022_Source_Data_Fig1_Linkage_per_SNP
LG12	left	638100	583539	-54561	-54.561	false	outside	4457	3.64914006	Matschiner_et_al_2022_Source_Data_Fig1_Linkage_per_SNP
LG12	left	638100	583661	-54439	-54.439	false	outside	993	2.99738638	Matschiner_et_al_2022_Source_Data_Fig1_Linkage_per_SNP
LG12	left	638100	583664	-54436	-54.436	false	outside	990	2.99607365	Matschiner_et_al_2022_Source_Data_Fig1_Linkage_per_SNP
LG12	left	638100	583905	-54195	-54.195	false	outside	7094	3.8509524	Matschiner_et_al_2022_Source_Data_Fig1_Linkage_per_SNP
LG12	left	638100	589105	-48995	-48.995	false	outside	693730	5.8411911	Matschiner_et_al_2022_Source_Data_Fig1_Linkage_per_SNP
LG12	left	638100	589219	-48881	-48.881	false	outside	485659	5.68633234	Matschiner_et_al_2022_Source_Data_Fig1_Linkage_per_SNP
LG12	left	638100	589407	-48693	-48.693	false	outside	678669	5.83165865	Matschiner_et_al_2022_Source_Data_Fig1_Linkage_per_SNP
LG12	left	638100	592596	-45504	-45.504	false	outside	303358	5.48195688	Matschiner_et_al_2022_Source_Data_Fig1_Linkage_per_SNP
LG12	left	638100	594323	-43777	-43.777	false	outside	189297	5.27714603	Matschiner_et_al_2022_Source_Data_Fig1_Linkage_per_SNP
LG12	left	638100	594414	-43686	-43.686	false	outside	214660	5.33175315	Matschiner_et_al_2022_Source_Data_Fig1_Linkage_per_SNP
LG12	left	638100	594470	-43630	-43.63	false	outside	235894	5.37271874	Matschiner_et_al_2022_Source_Data_Fig1_Linkage_per_SNP
LG12	left	638100	596709	-41391	-41.391	false	outside	125340	5.09809316	Matschiner_et_al_2022_Source_Data_Fig1_Linkage_per_SNP
LG12	left	638100	598194	-39906	-39.906	false	outside	85245	4.93067401	Matschiner_et_al_2022_Source_Data_Fig1_Linkage_per_SNP
LG12	left	638100	598240	-39860	-39.86	false	outside	99462	4.99766155	Matschiner_et_al_2022_Source_Data_Fig1_Linkage_per_SNP
LG12	left	638100	598252	-39848	-39.848	false	outside	98249	4.99233256	Matschiner_et_al_2022_Source_Data_Fig1_Linkage_per_SNP
LG12	left	638100	598254	-39846	-39.846	false	outside	51712	4.71359973	Matschiner_et_al_2022_Source_Data_Fig1_Linkage_per_SNP
LG12	left	638100	598263	-39837	-39.837	false	outside	51415	4.71109829	Matschiner_et_al_2022_Source_Data_Fig1_Linkage_per_SNP
LG12	left	638100	598281	-39819	-39.819	false	outside	50857	4.70635928	Matschiner_et_al_2022_Source_Data_Fig1_Linkage_per_SNP
LG12	left	638100	598297	-39803	-39.803	false	outside	44027	4.64372896	Matschiner_et_al_2022_Source_Data_Fig1_Linkage_per_SNP
LG12	left	638100	598425	-39675	-39.675	false	outside	79470	4.90020868	Matschiner_et_al_2022_Source_Data_Fig1_Linkage_per_SNP
LG12	left	638100	598433	-39667	-39.667	false	outside	25994	4.41488982	Matschiner_et_al_2022_Source_Data_Fig1_Linkage_per_SNP
LG12	left	638100	598467	-39633	-39.633	false	outside	39777	4.59964294	Matschiner_et_al_2022_Source_Data_Fig1_Linkage_per_SNP
LG12	left	638100	598495	-39605	-39.605	false	outside	45103	4.65421506	Matschiner_et_al_2022_Source_Data_Fig1_Linkage_per_SNP
LG12	left	638100	598518	-39582	-39.582	false	outside	44574	4.64909135	Matschiner_et_al_2022_Source_Data_Fig1_Linkage_per_SNP
LG12	left	638100	598519	-39581	-39.581	false	outside	44553	4.6488867	Matschiner_et_al_2022_Source_Data_Fig1_Linkage_per_SNP
LG12	left	638100	598521	-39579	-39.579	false	outside	38597	4.5865648	Matschiner_et_al_2022_Source_Data_Fig1_Linkage_per_SNP
LG12	left	638100	598568	-39532	-39.532	false	outside	43716	4.64065035	Matschiner_et_al_2022_Source_Data_Fig1_Linkage_per_SNP
LG12	left	638100	598569	-39531	-39.531	false	outside	43701	4.64050131	Matschiner_et_al_2022_Source_Data_Fig1_Linkage_per_SNP
LG12	left	638100	598589	-39511	-39.511	false	outside	43441	4.63790981	Matschiner_et_al_2022_Source_Data_Fig1_Linkage_per_SNP
LG12	left	638100	598617	-39483	-39.483	false	outside	37407	4.57296449	Matschiner_et_al_2022_Source_Data_Fig1_Linkage_per_SNP
LG12	left	638100	598626	-39474	-39.474	false	outside	39002	4.59109801	Matschiner_et_al_2022_Source_Data_Fig1_Linkage_per_SNP
LG12	left	638100	598632	-39468	-39.468	false	outside	37314	4.57188345	Matschiner_et_al_2022_Source_Data_Fig1_Linkage_per_SNP
LG12	left	638100	598643	-39457	-39.457	false	outside	74456	4.87190553	Matschiner_et_al_2022_Source_Data_Fig1_Linkage_per_SNP
LG12	left	638100	598705	-39395	-39.395	false	outside	73154	4.86424401	Matschiner_et_al_2022_Source_Data_Fig1_Linkage_per_SNP
LG12	left	638100	598734	-39366	-39.366	false	outside	42500	4.62839915	Matschiner_et_al_2022_Source_Data_Fig1_Linkage_per_SNP
LG12	left	638100	598771	-39329	-39.329	false	outside	17875	4.25227035	Matschiner_et_al_2022_Source_Data_Fig1_Linkage_per_SNP
LG12	left	638100	598778	-39322	-39.322	false	outside	17129	4.23375736	Matschiner_et_al_2022_Source_Data_Fig1_Linkage_per_SNP
LG12	left	638100	598812	-39288	-39.288	false	outside	95101	4.97818965	Matschiner_et_al_2022_Source_Data_Fig1_Linkage_per_SNP
LG12	left	638100	598818	-39282	-39.282	false	outside	34761	4.54110476	Matschiner_et_al_2022_Source_Data_Fig1_Linkage_per_SNP
LG12	left	638100	598866	-39234	-39.234	false	outside	28268	4.45131045	Matschiner_et_al_2022_Source_Data_Fig1_Linkage_per_SNP
LG12	left	638100	598923	-39177	-39.177	false	outside	26546	4.42401545	Matschiner_et_al_2022_Source_Data_Fig1_Linkage_per_SNP
LG12	left	638100	598946	-39154	-39.154	false	outside	26025	4.41540743	Matschiner_et_al_2022_Source_Data_Fig1_Linkage_per_SNP
LG12	left	638100	598965	-39135	-39.135	false	outside	68214	4.83387988	Matschiner_et_al_2022_Source_Data_Fig1_Linkage_per_SNP
LG12	left	638100	599002	-39098	-39.098	false	outside	16081	4.20634006	Matschiner_et_al_2022_Source_Data_Fig1_Linkage_per_SNP
LG12	left	638100	599007	-39093	-39.093	false	outside	16101	4.20687982	Matschiner_et_al_2022_Source_Data_Fig1_Linkage_per_SNP
LG12	left	638100	599025	-39075	-39.075	false	outside	15436	4.1885629	Matschiner_et_al_2022_Source_Data_Fig1_Linkage_per_SNP
LG12	left	638100	599029	-39071	-39.071	false	outside	42037	4.62364205	Matschiner_et_al_2022_Source_Data_Fig1_Linkage_per_SNP
LG12	left	638100	599105	-38995	-38.995	false	outside	42113	4.62442649	Matschiner_et_al_2022_Source_Data_Fig1_Linkage_per_SNP
LG12	left	638100	599124	-38976	-38.976	false	outside	42170	4.6250139	Matschiner_et_al_2022_Source_Data_Fig1_Linkage_per_SNP
LG12	left	638100	599134	-38966	-38.966	false	outside	11935	4.07685881	Matschiner_et_al_2022_Source_Data_Fig1_Linkage_per_SNP
LG12	left	638100	599138	-38962	-38.962	false	outside	42240	4.62573419	Matschiner_et_al_2022_Source_Data_Fig1_Linkage_per_SNP
LG12	left	638100	599163	-38937	-38.937	false	outside	26501	4.42327865	Matschiner_et_al_2022_Source_Data_Fig1_Linkage_per_SNP
LG12	left	638100	599166	-38934	-38.934	false	outside	26551	4.42409724	Matschiner_et_al_2022_Source_Data_Fig1_Linkage_per_SNP
LG12	left	638100	599171	-38929	-38.929	false	outside	25096	4.39962181	Matschiner_et_al_2022_Source_Data_Fig1_Linkage_per_SNP
LG12	left	638100	599193	-38907	-38.907	false	outside	42625	4.62967458	Matschiner_et_al_2022_Source_Data_Fig1_Linkage_per_SNP
LG12	left	638100	599196	-38904	-38.904	false	outside	42652	4.62994958	Matschiner_et_al_2022_Source_Data_Fig1_Linkage_per_SNP
LG12	left	638100	599352	-38748	-38.748	false	outside	68892	4.8381751	Matschiner_et_al_2022_Source_Data_Fig1_Linkage_per_SNP
LG12	left	638100	599391	-38709	-38.709	false	outside	20603	4.31395154	Matschiner_et_al_2022_Source_Data_Fig1_Linkage_per_SNP
LG12	left	638100	599401	-38699	-38.699	false	outside	41538	4.61845604	Matschiner_et_al_2022_Source_Data_Fig1_Linkage_per_SNP
LG12	left	638100	599402	-38698	-38.698	false	outside	41552	4.61860238	Matschiner_et_al_2022_Source_Data_Fig1_Linkage_per_SNP
LG12	left	638100	599419	-38681	-38.681	false	outside	60496	4.78173384	Matschiner_et_al_2022_Source_Data_Fig1_Linkage_per_SNP
LG12	left	638100	599460	-38640	-38.64	false	outside	59881	4.7772963	Matschiner_et_al_2022_Source_Data_Fig1_Linkage_per_SNP
LG12	left	638100	599468	-38632	-38.632	false	outside	89071	4.9497412	Matschiner_et_al_2022_Source_Data_Fig1_Linkage_per_SNP
LG12	left	638100	599469	-38631	-38.631	false	outside	42624	4.62966439	Matschiner_et_al_2022_Source_Data_Fig1_Linkage_per_SNP
LG12	left	638100	599472	-38628	-38.628	false	outside	89838	4.95346491	Matschiner_et_al_2022_Source_Data_Fig1_Linkage_per_SNP
LG12	left	638100	599556	-38544	-38.544	false	outside	58633	4.76814952	Matschiner_et_al_2022_Source_Data_Fig1_Linkage_per_SNP
LG12	left	638100	599569	-38531	-38.531	false	outside	88265	4.94579345	Matschiner_et_al_2022_Source_Data_Fig1_Linkage_per_SNP
LG12	left	638100	599654	-38446	-38.446	false	outside	57555	4.7600906	Matschiner_et_al_2022_Source_Data_Fig1_Linkage_per_SNP
LG12	left	638100	599809	-38291	-38.291	false	outside	40628	4.60883613	Matschiner_et_al_2022_Source_Data_Fig1_Linkage_per_SNP
LG12	left	638100	599853	-38247	-38.247	false	outside	94472	4.97530771	Matschiner_et_al_2022_Source_Data_Fig1_Linkage_per_SNP
LG12	left	638100	599854	-38246	-38.246	false	outside	94466	4.97528012	Matschiner_et_al_2022_Source_Data_Fig1_Linkage_per_SNP
LG12	left	638100	599907	-38193	-38.193	false	outside	53371	4.72731348	Matschiner_et_al_2022_Source_Data_Fig1_Linkage_per_SNP
LG12	left	638100	599909	-38191	-38.191	false	outside	55482	4.74415994	Matschiner_et_al_2022_Source_Data_Fig1_Linkage_per_SNP
LG12	left	638100	600104	-37996	-37.996	false	outside	54897	4.73955652	Matschiner_et_al_2022_Source_Data_Fig1_Linkage_per_SNP
LG12	left	638100	600189	-37911	-37.911	false	outside	61607	4.78963711	Matschiner_et_al_2022_Source_Data_Fig1_Linkage_per_SNP
LG12	left	638100	600190	-37910	-37.91	false	outside	37644	4.5757073	Matschiner_et_al_2022_Source_Data_Fig1_Linkage_per_SNP
LG12	left	638100	600196	-37904	-37.904	false	outside	58874	4.76993092	Matschiner_et_al_2022_Source_Data_Fig1_Linkage_per_SNP
LG12	left	638100	600198	-37902	-37.902	false	outside	54803	4.73881226	Matschiner_et_al_2022_Source_Data_Fig1_Linkage_per_SNP
LG12	left	638100	600205	-37895	-37.895	false	outside	54810	4.73886773	Matschiner_et_al_2022_Source_Data_Fig1_Linkage_per_SNP
LG12	left	638100	600227	-37873	-37.873	false	outside	54876	4.73939036	Matschiner_et_al_2022_Source_Data_Fig1_Linkage_per_SNP
LG12	left	638100	600275	-37825	-37.825	false	outside	88971	4.94925335	Matschiner_et_al_2022_Source_Data_Fig1_Linkage_per_SNP
LG12	left	638100	600287	-37813	-37.813	false	outside	55176	4.74175808	Matschiner_et_al_2022_Source_Data_Fig1_Linkage_per_SNP
LG12	left	638100	600294	-37806	-37.806	false	outside	61128	4.78624729	Matschiner_et_al_2022_Source_Data_Fig1_Linkage_per_SNP
LG12	left	638100	600295	-37805	-37.805	false	outside	61153	4.78642487	Matschiner_et_al_2022_Source_Data_Fig1_Linkage_per_SNP
LG12	left	638100	600383	-37717	-37.717	false	outside	55848	4.7470154	Matschiner_et_al_2022_Source_Data_Fig1_Linkage_per_SNP
LG12	left	638100	600427	-37673	-37.673	false	outside	56192	4.74968222	Matschiner_et_al_2022_Source_Data_Fig1_Linkage_per_SNP
LG12	left	638100	600479	-37621	-37.621	false	outside	56712	4.75368262	Matschiner_et_al_2022_Source_Data_Fig1_Linkage_per_SNP
LG12	left	638100	600488	-37612	-37.612	false	outside	56811	4.75444008	Matschiner_et_al_2022_Source_Data_Fig1_Linkage_per_SNP
LG12	left	638100	601928	-36172	-36.172	false	outside	80818	4.90751347	Matschiner_et_al_2022_Source_Data_Fig1_Linkage_per_SNP
LG12	left	638100	601936	-36164	-36.164	false	outside	80834	4.90759944	Matschiner_et_al_2022_Source_Data_Fig1_Linkage_per_SNP
LG12	left	638100	601938	-36162	-36.162	false	outside	75661	4.87887782	Matschiner_et_al_2022_Source_Data_Fig1_Linkage_per_SNP
LG12	left	638100	601939	-36161	-36.161	false	outside	75676	4.87896391	Matschiner_et_al_2022_Source_Data_Fig1_Linkage_per_SNP
LG12	left	638100	602451	-35649	-35.649	false	outside	84380	4.92624467	Matschiner_et_al_2022_Source_Data_Fig1_Linkage_per_SNP
LG12	left	638100	602453	-35647	-35.647	false	outside	113521	5.05508003	Matschiner_et_al_2022_Source_Data_Fig1_Linkage_per_SNP
LG12	left	638100	602670	-35430	-35.43	false	outside	119380	5.07693521	Matschiner_et_al_2022_Source_Data_Fig1_Linkage_per_SNP
LG12	left	638100	602676	-35424	-35.424	false	outside	119362	5.07686973	Matschiner_et_al_2022_Source_Data_Fig1_Linkage_per_SNP
LG12	left	638100	602728	-35372	-35.372	false	outside	89643	4.95252123	Matschiner_et_al_2022_Source_Data_Fig1_Linkage_per_SNP
LG12	left	638100	602770	-35330	-35.33	false	outside	97646	4.98965891	Matschiner_et_al_2022_Source_Data_Fig1_Linkage_per_SNP
LG12	left	638100	602787	-35313	-35.313	false	outside	90882	4.95848265	Matschiner_et_al_2022_Source_Data_Fig1_Linkage_per_SNP
LG12	left	638100	605598	-32502	-32.502	false	outside	70680	4.84930269	Matschiner_et_al_2022_Source_Data_Fig1_Linkage_per_SNP
LG12	left	638100	605628	-32472	-32.472	false	outside	100863	5.00373619	Matschiner_et_al_2022_Source_Data_Fig1_Linkage_per_SNP
LG12	left	638100	605633	-32467	-32.467	false	outside	100908	5.0039299	Matschiner_et_al_2022_Source_Data_Fig1_Linkage_per_SNP
LG12	left	638100	605652	-32448	-32.448	false	outside	95892	4.98178691	Matschiner_et_al_2022_Source_Data_Fig1_Linkage_per_SNP
LG12	left	638100	605678	-32422	-32.422	false	outside	71094	4.85183906	Matschiner_et_al_2022_Source_Data_Fig1_Linkage_per_SNP
LG12	left	638100	605682	-32418	-32.418	false	outside	157467	5.19719231	Matschiner_et_al_2022_Source_Data_Fig1_Linkage_per_SNP
LG12	left	638100	605690	-32410	-32.41	false	outside	157667	5.19774356	Matschiner_et_al_2022_Source_Data_Fig1_Linkage_per_SNP
LG12	left	638100	605691	-32409	-32.409	false	outside	157694	5.19781792	Matschiner_et_al_2022_Source_Data_Fig1_Linkage_per_SNP
LG12	left	638100	605706	-32394	-32.394	false	outside	95978	4.98217622	Matschiner_et_al_2022_Source_Data_Fig1_Linkage_per_SNP
LG12	left	638100	605753	-32347	-32.347	false	outside	91404	4.96096995	Matschiner_et_al_2022_Source_Data_Fig1_Linkage_per_SNP
LG12	left	638100	605868	-32232	-32.232	false	outside	139773	5.14542639	Matschiner_et_al_2022_Source_Data_Fig1_Linkage_per_SNP
LG12	left	638100	605919	-32181	-32.181	false	outside	82031	4.9139833	Matschiner_et_al_2022_Source_Data_Fig1_Linkage_per_SNP
LG12	left	638100	606122	-31978	-31.978	false	outside	109	2.04139269	Matschiner_et_al_2022_Source_Data_Fig1_Linkage_per_SNP
LG12	left	638100	616858	-21242	-21.242	false	outside	563	2.7512791	Matschiner_et_al_2022_Source_Data_Fig1_Linkage_per_SNP
LG12	left	638100	617179	-20921	-20.921	false	outside	1154963	6.06256845	Matschiner_et_al_2022_Source_Data_Fig1_Linkage_per_SNP
LG12	left	638100	622116	-15984	-15.984	false	outside	30373	4.48250199	Matschiner_et_al_2022_Source_Data_Fig1_Linkage_per_SNP
LG12	left	638100	622890	-15210	-15.21	false	outside	21085	4.3239942	Matschiner_et_al_2022_Source_Data_Fig1_Linkage_per_SNP
LG12	left	638100	622939	-15161	-15.161	false	outside	8537	3.93135615	Matschiner_et_al_2022_Source_Data_Fig1_Linkage_per_SNP
LG12	left	638100	622954	-15146	-15.146	false	outside	357765	5.55359907	Matschiner_et_al_2022_Source_Data_Fig1_Linkage_per_SNP
LG12	left	638100	623017	-15083	-15.083	false	outside	19815	4.29701599	Matschiner_et_al_2022_Source_Data_Fig1_Linkage_per_SNP
LG12	left	638100	623122	-14978	-14.978	false	outside	18411	4.26510097	Matschiner_et_al_2022_Source_Data_Fig1_Linkage_per_SNP
LG12	left	638100	623127	-14973	-14.973	false	outside	18386	4.26451088	Matschiner_et_al_2022_Source_Data_Fig1_Linkage_per_SNP
LG12	left	638100	623686	-14414	-14.414	false	outside	8137	3.91051769	Matschiner_et_al_2022_Source_Data_Fig1_Linkage_per_SNP
LG12	left	638100	623692	-14408	-14.408	false	outside	15051	4.17759421	Matschiner_et_al_2022_Source_Data_Fig1_Linkage_per_SNP
LG12	left	638100	623891	-14209	-14.209	false	outside	525619	5.72067188	Matschiner_et_al_2022_Source_Data_Fig1_Linkage_per_SNP
LG12	left	638100	624045	-14055	-14.055	false	outside	127687	5.10615008	Matschiner_et_al_2022_Source_Data_Fig1_Linkage_per_SNP
LG12	left	638100	625042	-13058	-13.058	false	outside	16697	4.22266446	Matschiner_et_al_2022_Source_Data_Fig1_Linkage_per_SNP
LG12	left	638100	625073	-13027	-13.027	false	outside	3949	3.5965971	Matschiner_et_al_2022_Source_Data_Fig1_Linkage_per_SNP
LG12	left	638100	625149	-12951	-12.951	false	outside	16911	4.22819497	Matschiner_et_al_2022_Source_Data_Fig1_Linkage_per_SNP
LG12	left	638100	625266	-12834	-12.834	false	outside	15799	4.19865709	Matschiner_et_al_2022_Source_Data_Fig1_Linkage_per_SNP
LG12	left	638100	625338	-12762	-12.762	false	outside	14513	4.16178712	Matschiner_et_al_2022_Source_Data_Fig1_Linkage_per_SNP
LG12	left	638100	625561	-12539	-12.539	false	outside	1	0.301029996	Matschiner_et_al_2022_Source_Data_Fig1_Linkage_per_SNP
LG12	left	638100	625688	-12412	-12.412	false	outside	18609	4.26974637	Matschiner_et_al_2022_Source_Data_Fig1_Linkage_per_SNP
LG12	left	638100	625752	-12348	-12.348	false	outside	225146	5.35246616	Matschiner_et_al_2022_Source_Data_Fig1_Linkage_per_SNP
LG12	left	638100	625901	-12199	-12.199	false	outside	20526	4.31232548	Matschiner_et_al_2022_Source_Data_Fig1_Linkage_per_SNP
LG12	left	638100	625996	-12104	-12.104	false	outside	229769	5.36129332	Matschiner_et_al_2022_Source_Data_Fig1_Linkage_per_SNP
LG12	left	638100	626238	-11862	-11.862	false	outside	22850	4.35890521	Matschiner_et_al_2022_Source_Data_Fig1_Linkage_per_SNP
LG12	left	638100	626371	-11729	-11.729	false	outside	18610	4.26976971	Matschiner_et_al_2022_Source_Data_Fig1_Linkage_per_SNP
LG12	left	638100	629702	-8398	-8.398	false	outside	574667	5.75941701	Matschiner_et_al_2022_Source_Data_Fig1_Linkage_per_SNP
LG12	left	638100	630132	-7968	-7.968	false	outside	581813	5.76478417	Matschiner_et_al_2022_Source_Data_Fig1_Linkage_per_SNP
LG12	left	638100	634288	-3812	-3.812	false	outside	12771	4.10625891	Matschiner_et_al_2022_Source_Data_Fig1_Linkage_per_SNP
LG12	left	638100	638684	584	0.584	true	inside	11002	4.04151111	Matschiner_et_al_2022_Source_Data_Fig1_Linkage_per_SNP
LG12	left	638100	639105	1005	1.005	true	inside	0	0	Matschiner_et_al_2022_Source_Data_Fig1_Linkage_per_SNP
