lg	quartet_id	taxon1	taxon2	taxon3	taxon4	arrangement_split	baseline_split	arrangement_equals_baseline	informative_for_competing_predictions	baseline_tree_source	notes
LG01	LG01_SQ0001	Gadmor_avc_spc	Gadmor_avo_spc	Gadmor_bat_spc	Gadmor_ico_spc	Gadmor_avc_spc,Gadmor_bat_spc|Gadmor_avo_spc,Gadmor_ico_spc	Gadmor_avc_spc,Gadmor_ico_spc|Gadmor_avo_spc,Gadmor_bat_spc	false	true	data/atlantic_cod/raw/nature_source_data/41559_2022_1661_MOESM4_ESM_source_data_fig2.txt	Baseline split induced from Source Data Fig. 2 maximum-credibility population tree.
LG01	LG01_SQ0002	Gadmor_avc_spc	Gadmor_avo_spc	Gadmor_bat_spc	Gadmor_lfo_spc	Gadmor_avc_spc,Gadmor_bat_spc|Gadmor_avo_spc,Gadmor_lfo_spc	Gadmor_avc_spc,Gadmor_lfo_spc|Gadmor_avo_spc,Gadmor_bat_spc	false	true	data/atlantic_cod/raw/nature_source_data/41559_2022_1661_MOESM4_ESM_source_data_fig2.txt	Baseline split induced from Source Data Fig. 2 maximum-credibility population tree.
LG01	LG01_SQ0003	Gadmor_avc_spc	Gadmor_avo_spc	Gadmor_bat_spc	Gadmor_two_spc	Gadmor_avc_spc,Gadmor_bat_spc|Gadmor_avo_spc,Gadmor_two_spc	Gadmor_avc_spc,Gadmor_avo_spc|Gadmor_bat_spc,Gadmor_two_spc	false	true	data/atlantic_cod/raw/nature_source_data/41559_2022_1661_MOESM4_ESM_source_data_fig2.txt	Baseline split induced from Source Data Fig. 2 maximum-credibility population tree.
LG01	LG01_SQ0004	Gadmor_avc_spc	Gadmor_avo_spc	Gadmor_bor_spc	Gadmor_ico_spc	Gadmor_avc_spc,Gadmor_bor_spc|Gadmor_avo_spc,Gadmor_ico_spc	Gadmor_avc_spc,Gadmor_avo_spc|Gadmor_bor_spc,Gadmor_ico_spc	false	true	data/atlantic_cod/raw/nature_source_data/41559_2022_1661_MOESM4_ESM_source_data_fig2.txt	Baseline split induced from Source Data Fig. 2 maximum-credibility population tree.
LG01	LG01_SQ0005	Gadmor_avc_spc	Gadmor_avo_spc	Gadmor_bor_spc	Gadmor_lfo_spc	Gadmor_avc_spc,Gadmor_bor_spc|Gadmor_avo_spc,Gadmor_lfo_spc	Gadmor_avc_spc,Gadmor_lfo_spc|Gadmor_avo_spc,Gadmor_bor_spc	false	true	data/atlantic_cod/raw/nature_source_data/41559_2022_1661_MOESM4_ESM_source_data_fig2.txt	Baseline split induced from Source Data Fig. 2 maximum-credibility population tree.
LG01	LG01_SQ0006	Gadmor_avc_spc	Gadmor_avo_spc	Gadmor_bor_spc	Gadmor_two_spc	Gadmor_avc_spc,Gadmor_bor_spc|Gadmor_avo_spc,Gadmor_two_spc	Gadmor_avc_spc,Gadmor_bor_spc|Gadmor_avo_spc,Gadmor_two_spc	true	false	data/atlantic_cod/raw/nature_source_data/41559_2022_1661_MOESM4_ESM_source_data_fig2.txt	Baseline split induced from Source Data Fig. 2 maximum-credibility population tree.
LG01	LG01_SQ0007	Gadmor_avc_spc	Gadmor_avo_spc	Gadmor_icc_spc	Gadmor_ico_spc	Gadmor_avc_spc,Gadmor_icc_spc|Gadmor_avo_spc,Gadmor_ico_spc	Gadmor_avc_spc,Gadmor_avo_spc|Gadmor_icc_spc,Gadmor_ico_spc	false	true	data/atlantic_cod/raw/nature_source_data/41559_2022_1661_MOESM4_ESM_source_data_fig2.txt	Baseline split induced from Source Data Fig. 2 maximum-credibility population tree.
LG01	LG01_SQ0008	Gadmor_avc_spc	Gadmor_avo_spc	Gadmor_icc_spc	Gadmor_lfo_spc	Gadmor_avc_spc,Gadmor_icc_spc|Gadmor_avo_spc,Gadmor_lfo_spc	Gadmor_avc_spc,Gadmor_lfo_spc|Gadmor_avo_spc,Gadmor_icc_spc	false	true	data/atlantic_cod/raw/nature_source_data/41559_2022_1661_MOESM4_ESM_source_data_fig2.txt	Baseline split induced from Source Data Fig. 2 maximum-credibility population tree.
LG01	LG01_SQ0009	Gadmor_avc_spc	Gadmor_avo_spc	Gadmor_icc_spc	Gadmor_two_spc	Gadmor_avc_spc,Gadmor_icc_spc|Gadmor_avo_spc,Gadmor_two_spc	Gadmor_avc_spc,Gadmor_icc_spc|Gadmor_avo_spc,Gadmor_two_spc	true	false	data/atlantic_cod/raw/nature_source_data/41559_2022_1661_MOESM4_ESM_source_data_fig2.txt	Baseline split induced from Source Data Fig. 2 maximum-credibility population tree.
LG01	LG01_SQ0010	Gadmor_avc_spc	Gadmor_avo_spc	Gadmor_ico_spc	Gadmor_kie_spc	Gadmor_avc_spc,Gadmor_kie_spc|Gadmor_avo_spc,Gadmor_ico_spc	Gadmor_avc_spc,Gadmor_avo_spc|Gadmor_ico_spc,Gadmor_kie_spc	false	true	data/atlantic_cod/raw/nature_source_data/41559_2022_1661_MOESM4_ESM_source_data_fig2.txt	Baseline split induced from Source Data Fig. 2 maximum-credibility population tree.
LG01	LG01_SQ0011	Gadmor_avc_spc	Gadmor_avo_spc	Gadmor_ico_spc	Gadmor_lfc_spc	Gadmor_avc_spc,Gadmor_lfc_spc|Gadmor_avo_spc,Gadmor_ico_spc	Gadmor_avc_spc,Gadmor_avo_spc|Gadmor_ico_spc,Gadmor_lfc_spc	false	true	data/atlantic_cod/raw/nature_source_data/41559_2022_1661_MOESM4_ESM_source_data_fig2.txt	Baseline split induced from Source Data Fig. 2 maximum-credibility population tree.
LG01	LG01_SQ0012	Gadmor_avc_spc	Gadmor_avo_spc	Gadmor_ico_spc	Gadmor_low_spc	Gadmor_avc_spc,Gadmor_low_spc|Gadmor_avo_spc,Gadmor_ico_spc	Gadmor_avc_spc,Gadmor_avo_spc|Gadmor_ico_spc,Gadmor_low_spc	false	true	data/atlantic_cod/raw/nature_source_data/41559_2022_1661_MOESM4_ESM_source_data_fig2.txt	Baseline split induced from Source Data Fig. 2 maximum-credibility population tree.
LG01	LG01_SQ0013	Gadmor_avc_spc	Gadmor_avo_spc	Gadmor_ico_spc	Gadmor_twc_spc	Gadmor_avc_spc,Gadmor_twc_spc|Gadmor_avo_spc,Gadmor_ico_spc	Gadmor_avc_spc,Gadmor_ico_spc|Gadmor_avo_spc,Gadmor_twc_spc	false	true	data/atlantic_cod/raw/nature_source_data/41559_2022_1661_MOESM4_ESM_source_data_fig2.txt	Baseline split induced from Source Data Fig. 2 maximum-credibility population tree.
LG01	LG01_SQ0014	Gadmor_avc_spc	Gadmor_avo_spc	Gadmor_kie_spc	Gadmor_lfo_spc	Gadmor_avc_spc,Gadmor_kie_spc|Gadmor_avo_spc,Gadmor_lfo_spc	Gadmor_avc_spc,Gadmor_lfo_spc|Gadmor_avo_spc,Gadmor_kie_spc	false	true	data/atlantic_cod/raw/nature_source_data/41559_2022_1661_MOESM4_ESM_source_data_fig2.txt	Baseline split induced from Source Data Fig. 2 maximum-credibility population tree.
LG01	LG01_SQ0015	Gadmor_avc_spc	Gadmor_avo_spc	Gadmor_kie_spc	Gadmor_two_spc	Gadmor_avc_spc,Gadmor_kie_spc|Gadmor_avo_spc,Gadmor_two_spc	Gadmor_avc_spc,Gadmor_kie_spc|Gadmor_avo_spc,Gadmor_two_spc	true	false	data/atlantic_cod/raw/nature_source_data/41559_2022_1661_MOESM4_ESM_source_data_fig2.txt	Baseline split induced from Source Data Fig. 2 maximum-credibility population tree.
LG01	LG01_SQ0016	Gadmor_avc_spc	Gadmor_avo_spc	Gadmor_lfc_spc	Gadmor_lfo_spc	Gadmor_avc_spc,Gadmor_lfc_spc|Gadmor_avo_spc,Gadmor_lfo_spc	Gadmor_avc_spc,Gadmor_lfo_spc|Gadmor_avo_spc,Gadmor_lfc_spc	false	true	data/atlantic_cod/raw/nature_source_data/41559_2022_1661_MOESM4_ESM_source_data_fig2.txt	Baseline split induced from Source Data Fig. 2 maximum-credibility population tree.
LG01	LG01_SQ0017	Gadmor_avc_spc	Gadmor_avo_spc	Gadmor_lfc_spc	Gadmor_two_spc	Gadmor_avc_spc,Gadmor_lfc_spc|Gadmor_avo_spc,Gadmor_two_spc	Gadmor_avc_spc,Gadmor_lfc_spc|Gadmor_avo_spc,Gadmor_two_spc	true	false	data/atlantic_cod/raw/nature_source_data/41559_2022_1661_MOESM4_ESM_source_data_fig2.txt	Baseline split induced from Source Data Fig. 2 maximum-credibility population tree.
LG01	LG01_SQ0018	Gadmor_avc_spc	Gadmor_avo_spc	Gadmor_lfo_spc	Gadmor_low_spc	Gadmor_avc_spc,Gadmor_low_spc|Gadmor_avo_spc,Gadmor_lfo_spc	Gadmor_avc_spc,Gadmor_lfo_spc|Gadmor_avo_spc,Gadmor_low_spc	false	true	data/atlantic_cod/raw/nature_source_data/41559_2022_1661_MOESM4_ESM_source_data_fig2.txt	Baseline split induced from Source Data Fig. 2 maximum-credibility population tree.
LG01	LG01_SQ0019	Gadmor_avc_spc	Gadmor_avo_spc	Gadmor_lfo_spc	Gadmor_twc_spc	Gadmor_avc_spc,Gadmor_twc_spc|Gadmor_avo_spc,Gadmor_lfo_spc	Gadmor_avc_spc,Gadmor_lfo_spc|Gadmor_avo_spc,Gadmor_twc_spc	false	true	data/atlantic_cod/raw/nature_source_data/41559_2022_1661_MOESM4_ESM_source_data_fig2.txt	Baseline split induced from Source Data Fig. 2 maximum-credibility population tree.
LG01	LG01_SQ0020	Gadmor_avc_spc	Gadmor_avo_spc	Gadmor_low_spc	Gadmor_two_spc	Gadmor_avc_spc,Gadmor_low_spc|Gadmor_avo_spc,Gadmor_two_spc	Gadmor_avc_spc,Gadmor_low_spc|Gadmor_avo_spc,Gadmor_two_spc	true	false	data/atlantic_cod/raw/nature_source_data/41559_2022_1661_MOESM4_ESM_source_data_fig2.txt	Baseline split induced from Source Data Fig. 2 maximum-credibility population tree.
LG01	LG01_SQ0021	Gadmor_avc_spc	Gadmor_avo_spc	Gadmor_twc_spc	Gadmor_two_spc	Gadmor_avc_spc,Gadmor_twc_spc|Gadmor_avo_spc,Gadmor_two_spc	Gadmor_avc_spc,Gadmor_avo_spc|Gadmor_twc_spc,Gadmor_two_spc	false	true	data/atlantic_cod/raw/nature_source_data/41559_2022_1661_MOESM4_ESM_source_data_fig2.txt	Baseline split induced from Source Data Fig. 2 maximum-credibility population tree.
LG01	LG01_SQ0022	Gadmor_avc_spc	Gadmor_bat_spc	Gadmor_ico_spc	Gadmor_lfo_spc	Gadmor_avc_spc,Gadmor_bat_spc|Gadmor_ico_spc,Gadmor_lfo_spc	Gadmor_avc_spc,Gadmor_lfo_spc|Gadmor_bat_spc,Gadmor_ico_spc	false	true	data/atlantic_cod/raw/nature_source_data/41559_2022_1661_MOESM4_ESM_source_data_fig2.txt	Baseline split induced from Source Data Fig. 2 maximum-credibility population tree.
LG01	LG01_SQ0023	Gadmor_avc_spc	Gadmor_bat_spc	Gadmor_ico_spc	Gadmor_two_spc	Gadmor_avc_spc,Gadmor_bat_spc|Gadmor_ico_spc,Gadmor_two_spc	Gadmor_avc_spc,Gadmor_ico_spc|Gadmor_bat_spc,Gadmor_two_spc	false	true	data/atlantic_cod/raw/nature_source_data/41559_2022_1661_MOESM4_ESM_source_data_fig2.txt	Baseline split induced from Source Data Fig. 2 maximum-credibility population tree.
LG01	LG01_SQ0024	Gadmor_avc_spc	Gadmor_bat_spc	Gadmor_lfo_spc	Gadmor_two_spc	Gadmor_avc_spc,Gadmor_bat_spc|Gadmor_lfo_spc,Gadmor_two_spc	Gadmor_avc_spc,Gadmor_lfo_spc|Gadmor_bat_spc,Gadmor_two_spc	false	true	data/atlantic_cod/raw/nature_source_data/41559_2022_1661_MOESM4_ESM_source_data_fig2.txt	Baseline split induced from Source Data Fig. 2 maximum-credibility population tree.
LG01	LG01_SQ0025	Gadmor_avc_spc	Gadmor_bor_spc	Gadmor_ico_spc	Gadmor_lfo_spc	Gadmor_avc_spc,Gadmor_bor_spc|Gadmor_ico_spc,Gadmor_lfo_spc	Gadmor_avc_spc,Gadmor_lfo_spc|Gadmor_bor_spc,Gadmor_ico_spc	false	true	data/atlantic_cod/raw/nature_source_data/41559_2022_1661_MOESM4_ESM_source_data_fig2.txt	Baseline split induced from Source Data Fig. 2 maximum-credibility population tree.
LG01	LG01_SQ0026	Gadmor_avc_spc	Gadmor_bor_spc	Gadmor_ico_spc	Gadmor_two_spc	Gadmor_avc_spc,Gadmor_bor_spc|Gadmor_ico_spc,Gadmor_two_spc	Gadmor_avc_spc,Gadmor_two_spc|Gadmor_bor_spc,Gadmor_ico_spc	false	true	data/atlantic_cod/raw/nature_source_data/41559_2022_1661_MOESM4_ESM_source_data_fig2.txt	Baseline split induced from Source Data Fig. 2 maximum-credibility population tree.
LG01	LG01_SQ0027	Gadmor_avc_spc	Gadmor_bor_spc	Gadmor_lfo_spc	Gadmor_two_spc	Gadmor_avc_spc,Gadmor_bor_spc|Gadmor_lfo_spc,Gadmor_two_spc	Gadmor_avc_spc,Gadmor_lfo_spc|Gadmor_bor_spc,Gadmor_two_spc	false	true	data/atlantic_cod/raw/nature_source_data/41559_2022_1661_MOESM4_ESM_source_data_fig2.txt	Baseline split induced from Source Data Fig. 2 maximum-credibility population tree.
LG01	LG01_SQ0028	Gadmor_avc_spc	Gadmor_icc_spc	Gadmor_ico_spc	Gadmor_lfo_spc	Gadmor_avc_spc,Gadmor_icc_spc|Gadmor_ico_spc,Gadmor_lfo_spc	Gadmor_avc_spc,Gadmor_lfo_spc|Gadmor_icc_spc,Gadmor_ico_spc	false	true	data/atlantic_cod/raw/nature_source_data/41559_2022_1661_MOESM4_ESM_source_data_fig2.txt	Baseline split induced from Source Data Fig. 2 maximum-credibility population tree.
LG01	LG01_SQ0029	Gadmor_avc_spc	Gadmor_icc_spc	Gadmor_ico_spc	Gadmor_two_spc	Gadmor_avc_spc,Gadmor_icc_spc|Gadmor_ico_spc,Gadmor_two_spc	Gadmor_avc_spc,Gadmor_two_spc|Gadmor_icc_spc,Gadmor_ico_spc	false	true	data/atlantic_cod/raw/nature_source_data/41559_2022_1661_MOESM4_ESM_source_data_fig2.txt	Baseline split induced from Source Data Fig. 2 maximum-credibility population tree.
LG01	LG01_SQ0030	Gadmor_avc_spc	Gadmor_icc_spc	Gadmor_lfo_spc	Gadmor_two_spc	Gadmor_avc_spc,Gadmor_icc_spc|Gadmor_lfo_spc,Gadmor_two_spc	Gadmor_avc_spc,Gadmor_lfo_spc|Gadmor_icc_spc,Gadmor_two_spc	false	true	data/atlantic_cod/raw/nature_source_data/41559_2022_1661_MOESM4_ESM_source_data_fig2.txt	Baseline split induced from Source Data Fig. 2 maximum-credibility population tree.
LG01	LG01_SQ0031	Gadmor_avc_spc	Gadmor_ico_spc	Gadmor_kie_spc	Gadmor_lfo_spc	Gadmor_avc_spc,Gadmor_kie_spc|Gadmor_ico_spc,Gadmor_lfo_spc	Gadmor_avc_spc,Gadmor_lfo_spc|Gadmor_ico_spc,Gadmor_kie_spc	false	true	data/atlantic_cod/raw/nature_source_data/41559_2022_1661_MOESM4_ESM_source_data_fig2.txt	Baseline split induced from Source Data Fig. 2 maximum-credibility population tree.
LG01	LG01_SQ0032	Gadmor_avc_spc	Gadmor_ico_spc	Gadmor_kie_spc	Gadmor_two_spc	Gadmor_avc_spc,Gadmor_kie_spc|Gadmor_ico_spc,Gadmor_two_spc	Gadmor_avc_spc,Gadmor_two_spc|Gadmor_ico_spc,Gadmor_kie_spc	false	true	data/atlantic_cod/raw/nature_source_data/41559_2022_1661_MOESM4_ESM_source_data_fig2.txt	Baseline split induced from Source Data Fig. 2 maximum-credibility population tree.
LG01	LG01_SQ0033	Gadmor_avc_spc	Gadmor_ico_spc	Gadmor_lfc_spc	Gadmor_lfo_spc	Gadmor_avc_spc,Gadmor_lfc_spc|Gadmor_ico_spc,Gadmor_lfo_spc	Gadmor_avc_spc,Gadmor_lfo_spc|Gadmor_ico_spc,Gadmor_lfc_spc	false	true	data/atlantic_cod/raw/nature_source_data/41559_2022_1661_MOESM4_ESM_source_data_fig2.txt	Baseline split induced from Source Data Fig. 2 maximum-credibility population tree.
LG01	LG01_SQ0034	Gadmor_avc_spc	Gadmor_ico_spc	Gadmor_lfc_spc	Gadmor_two_spc	Gadmor_avc_spc,Gadmor_lfc_spc|Gadmor_ico_spc,Gadmor_two_spc	Gadmor_avc_spc,Gadmor_two_spc|Gadmor_ico_spc,Gadmor_lfc_spc	false	true	data/atlantic_cod/raw/nature_source_data/41559_2022_1661_MOESM4_ESM_source_data_fig2.txt	Baseline split induced from Source Data Fig. 2 maximum-credibility population tree.
LG01	LG01_SQ0035	Gadmor_avc_spc	Gadmor_ico_spc	Gadmor_lfo_spc	Gadmor_low_spc	Gadmor_avc_spc,Gadmor_low_spc|Gadmor_ico_spc,Gadmor_lfo_spc	Gadmor_avc_spc,Gadmor_lfo_spc|Gadmor_ico_spc,Gadmor_low_spc	false	true	data/atlantic_cod/raw/nature_source_data/41559_2022_1661_MOESM4_ESM_source_data_fig2.txt	Baseline split induced from Source Data Fig. 2 maximum-credibility population tree.
LG01	LG01_SQ0036	Gadmor_avc_spc	Gadmor_ico_spc	Gadmor_lfo_spc	Gadmor_twc_spc	Gadmor_avc_spc,Gadmor_twc_spc|Gadmor_ico_spc,Gadmor_lfo_spc	Gadmor_avc_spc,Gadmor_lfo_spc|Gadmor_ico_spc,Gadmor_twc_spc	false	true	data/atlantic_cod/raw/nature_source_data/41559_2022_1661_MOESM4_ESM_source_data_fig2.txt	Baseline split induced from Source Data Fig. 2 maximum-credibility population tree.
LG01	LG01_SQ0037	Gadmor_avc_spc	Gadmor_ico_spc	Gadmor_low_spc	Gadmor_two_spc	Gadmor_avc_spc,Gadmor_low_spc|Gadmor_ico_spc,Gadmor_two_spc	Gadmor_avc_spc,Gadmor_two_spc|Gadmor_ico_spc,Gadmor_low_spc	false	true	data/atlantic_cod/raw/nature_source_data/41559_2022_1661_MOESM4_ESM_source_data_fig2.txt	Baseline split induced from Source Data Fig. 2 maximum-credibility population tree.
LG01	LG01_SQ0038	Gadmor_avc_spc	Gadmor_ico_spc	Gadmor_twc_spc	Gadmor_two_spc	Gadmor_avc_spc,Gadmor_twc_spc|Gadmor_ico_spc,Gadmor_two_spc	Gadmor_avc_spc,Gadmor_ico_spc|Gadmor_twc_spc,Gadmor_two_spc	false	true	data/atlantic_cod/raw/nature_source_data/41559_2022_1661_MOESM4_ESM_source_data_fig2.txt	Baseline split induced from Source Data Fig. 2 maximum-credibility population tree.
LG01	LG01_SQ0039	Gadmor_avc_spc	Gadmor_kie_spc	Gadmor_lfo_spc	Gadmor_two_spc	Gadmor_avc_spc,Gadmor_kie_spc|Gadmor_lfo_spc,Gadmor_two_spc	Gadmor_avc_spc,Gadmor_lfo_spc|Gadmor_kie_spc,Gadmor_two_spc	false	true	data/atlantic_cod/raw/nature_source_data/41559_2022_1661_MOESM4_ESM_source_data_fig2.txt	Baseline split induced from Source Data Fig. 2 maximum-credibility population tree.
LG01	LG01_SQ0040	Gadmor_avc_spc	Gadmor_lfc_spc	Gadmor_lfo_spc	Gadmor_two_spc	Gadmor_avc_spc,Gadmor_lfc_spc|Gadmor_lfo_spc,Gadmor_two_spc	Gadmor_avc_spc,Gadmor_lfo_spc|Gadmor_lfc_spc,Gadmor_two_spc	false	true	data/atlantic_cod/raw/nature_source_data/41559_2022_1661_MOESM4_ESM_source_data_fig2.txt	Baseline split induced from Source Data Fig. 2 maximum-credibility population tree.
LG01	LG01_SQ0041	Gadmor_avc_spc	Gadmor_lfo_spc	Gadmor_low_spc	Gadmor_two_spc	Gadmor_avc_spc,Gadmor_low_spc|Gadmor_lfo_spc,Gadmor_two_spc	Gadmor_avc_spc,Gadmor_lfo_spc|Gadmor_low_spc,Gadmor_two_spc	false	true	data/atlantic_cod/raw/nature_source_data/41559_2022_1661_MOESM4_ESM_source_data_fig2.txt	Baseline split induced from Source Data Fig. 2 maximum-credibility population tree.
LG01	LG01_SQ0042	Gadmor_avc_spc	Gadmor_lfo_spc	Gadmor_twc_spc	Gadmor_two_spc	Gadmor_avc_spc,Gadmor_twc_spc|Gadmor_lfo_spc,Gadmor_two_spc	Gadmor_avc_spc,Gadmor_lfo_spc|Gadmor_twc_spc,Gadmor_two_spc	false	true	data/atlantic_cod/raw/nature_source_data/41559_2022_1661_MOESM4_ESM_source_data_fig2.txt	Baseline split induced from Source Data Fig. 2 maximum-credibility population tree.
LG01	LG01_SQ0043	Gadmor_avo_spc	Gadmor_bat_spc	Gadmor_bor_spc	Gadmor_ico_spc	Gadmor_avo_spc,Gadmor_ico_spc|Gadmor_bat_spc,Gadmor_bor_spc	Gadmor_avo_spc,Gadmor_bat_spc|Gadmor_bor_spc,Gadmor_ico_spc	false	true	data/atlantic_cod/raw/nature_source_data/41559_2022_1661_MOESM4_ESM_source_data_fig2.txt	Baseline split induced from Source Data Fig. 2 maximum-credibility population tree.
LG01	LG01_SQ0044	Gadmor_avo_spc	Gadmor_bat_spc	Gadmor_bor_spc	Gadmor_lfo_spc	Gadmor_avo_spc,Gadmor_lfo_spc|Gadmor_bat_spc,Gadmor_bor_spc	Gadmor_avo_spc,Gadmor_bat_spc|Gadmor_bor_spc,Gadmor_lfo_spc	false	true	data/atlantic_cod/raw/nature_source_data/41559_2022_1661_MOESM4_ESM_source_data_fig2.txt	Baseline split induced from Source Data Fig. 2 maximum-credibility population tree.
LG01	LG01_SQ0045	Gadmor_avo_spc	Gadmor_bat_spc	Gadmor_bor_spc	Gadmor_two_spc	Gadmor_avo_spc,Gadmor_two_spc|Gadmor_bat_spc,Gadmor_bor_spc	Gadmor_avo_spc,Gadmor_bor_spc|Gadmor_bat_spc,Gadmor_two_spc	false	true	data/atlantic_cod/raw/nature_source_data/41559_2022_1661_MOESM4_ESM_source_data_fig2.txt	Baseline split induced from Source Data Fig. 2 maximum-credibility population tree.
LG01	LG01_SQ0046	Gadmor_avo_spc	Gadmor_bat_spc	Gadmor_icc_spc	Gadmor_ico_spc	Gadmor_avo_spc,Gadmor_ico_spc|Gadmor_bat_spc,Gadmor_icc_spc	Gadmor_avo_spc,Gadmor_bat_spc|Gadmor_icc_spc,Gadmor_ico_spc	false	true	data/atlantic_cod/raw/nature_source_data/41559_2022_1661_MOESM4_ESM_source_data_fig2.txt	Baseline split induced from Source Data Fig. 2 maximum-credibility population tree.
LG01	LG01_SQ0047	Gadmor_avo_spc	Gadmor_bat_spc	Gadmor_icc_spc	Gadmor_lfo_spc	Gadmor_avo_spc,Gadmor_lfo_spc|Gadmor_bat_spc,Gadmor_icc_spc	Gadmor_avo_spc,Gadmor_bat_spc|Gadmor_icc_spc,Gadmor_lfo_spc	false	true	data/atlantic_cod/raw/nature_source_data/41559_2022_1661_MOESM4_ESM_source_data_fig2.txt	Baseline split induced from Source Data Fig. 2 maximum-credibility population tree.
LG01	LG01_SQ0048	Gadmor_avo_spc	Gadmor_bat_spc	Gadmor_icc_spc	Gadmor_two_spc	Gadmor_avo_spc,Gadmor_two_spc|Gadmor_bat_spc,Gadmor_icc_spc	Gadmor_avo_spc,Gadmor_icc_spc|Gadmor_bat_spc,Gadmor_two_spc	false	true	data/atlantic_cod/raw/nature_source_data/41559_2022_1661_MOESM4_ESM_source_data_fig2.txt	Baseline split induced from Source Data Fig. 2 maximum-credibility population tree.
LG01	LG01_SQ0049	Gadmor_avo_spc	Gadmor_bat_spc	Gadmor_ico_spc	Gadmor_kie_spc	Gadmor_avo_spc,Gadmor_ico_spc|Gadmor_bat_spc,Gadmor_kie_spc	Gadmor_avo_spc,Gadmor_bat_spc|Gadmor_ico_spc,Gadmor_kie_spc	false	true	data/atlantic_cod/raw/nature_source_data/41559_2022_1661_MOESM4_ESM_source_data_fig2.txt	Baseline split induced from Source Data Fig. 2 maximum-credibility population tree.
LG01	LG01_SQ0050	Gadmor_avo_spc	Gadmor_bat_spc	Gadmor_ico_spc	Gadmor_lfc_spc	Gadmor_avo_spc,Gadmor_ico_spc|Gadmor_bat_spc,Gadmor_lfc_spc	Gadmor_avo_spc,Gadmor_bat_spc|Gadmor_ico_spc,Gadmor_lfc_spc	false	true	data/atlantic_cod/raw/nature_source_data/41559_2022_1661_MOESM4_ESM_source_data_fig2.txt	Baseline split induced from Source Data Fig. 2 maximum-credibility population tree.
LG01	LG01_SQ0051	Gadmor_avo_spc	Gadmor_bat_spc	Gadmor_ico_spc	Gadmor_low_spc	Gadmor_avo_spc,Gadmor_ico_spc|Gadmor_bat_spc,Gadmor_low_spc	Gadmor_avo_spc,Gadmor_bat_spc|Gadmor_ico_spc,Gadmor_low_spc	false	true	data/atlantic_cod/raw/nature_source_data/41559_2022_1661_MOESM4_ESM_source_data_fig2.txt	Baseline split induced from Source Data Fig. 2 maximum-credibility population tree.
LG01	LG01_SQ0052	Gadmor_avo_spc	Gadmor_bat_spc	Gadmor_ico_spc	Gadmor_twc_spc	Gadmor_avo_spc,Gadmor_ico_spc|Gadmor_bat_spc,Gadmor_twc_spc	Gadmor_avo_spc,Gadmor_ico_spc|Gadmor_bat_spc,Gadmor_twc_spc	true	false	data/atlantic_cod/raw/nature_source_data/41559_2022_1661_MOESM4_ESM_source_data_fig2.txt	Baseline split induced from Source Data Fig. 2 maximum-credibility population tree.
LG01	LG01_SQ0053	Gadmor_avo_spc	Gadmor_bat_spc	Gadmor_kie_spc	Gadmor_lfo_spc	Gadmor_avo_spc,Gadmor_lfo_spc|Gadmor_bat_spc,Gadmor_kie_spc	Gadmor_avo_spc,Gadmor_bat_spc|Gadmor_kie_spc,Gadmor_lfo_spc	false	true	data/atlantic_cod/raw/nature_source_data/41559_2022_1661_MOESM4_ESM_source_data_fig2.txt	Baseline split induced from Source Data Fig. 2 maximum-credibility population tree.
LG01	LG01_SQ0054	Gadmor_avo_spc	Gadmor_bat_spc	Gadmor_kie_spc	Gadmor_two_spc	Gadmor_avo_spc,Gadmor_two_spc|Gadmor_bat_spc,Gadmor_kie_spc	Gadmor_avo_spc,Gadmor_kie_spc|Gadmor_bat_spc,Gadmor_two_spc	false	true	data/atlantic_cod/raw/nature_source_data/41559_2022_1661_MOESM4_ESM_source_data_fig2.txt	Baseline split induced from Source Data Fig. 2 maximum-credibility population tree.
LG01	LG01_SQ0055	Gadmor_avo_spc	Gadmor_bat_spc	Gadmor_lfc_spc	Gadmor_lfo_spc	Gadmor_avo_spc,Gadmor_lfo_spc|Gadmor_bat_spc,Gadmor_lfc_spc	Gadmor_avo_spc,Gadmor_bat_spc|Gadmor_lfc_spc,Gadmor_lfo_spc	false	true	data/atlantic_cod/raw/nature_source_data/41559_2022_1661_MOESM4_ESM_source_data_fig2.txt	Baseline split induced from Source Data Fig. 2 maximum-credibility population tree.
LG01	LG01_SQ0056	Gadmor_avo_spc	Gadmor_bat_spc	Gadmor_lfc_spc	Gadmor_two_spc	Gadmor_avo_spc,Gadmor_two_spc|Gadmor_bat_spc,Gadmor_lfc_spc	Gadmor_avo_spc,Gadmor_lfc_spc|Gadmor_bat_spc,Gadmor_two_spc	false	true	data/atlantic_cod/raw/nature_source_data/41559_2022_1661_MOESM4_ESM_source_data_fig2.txt	Baseline split induced from Source Data Fig. 2 maximum-credibility population tree.
LG01	LG01_SQ0057	Gadmor_avo_spc	Gadmor_bat_spc	Gadmor_lfo_spc	Gadmor_low_spc	Gadmor_avo_spc,Gadmor_lfo_spc|Gadmor_bat_spc,Gadmor_low_spc	Gadmor_avo_spc,Gadmor_bat_spc|Gadmor_lfo_spc,Gadmor_low_spc	false	true	data/atlantic_cod/raw/nature_source_data/41559_2022_1661_MOESM4_ESM_source_data_fig2.txt	Baseline split induced from Source Data Fig. 2 maximum-credibility population tree.
LG01	LG01_SQ0058	Gadmor_avo_spc	Gadmor_bat_spc	Gadmor_lfo_spc	Gadmor_twc_spc	Gadmor_avo_spc,Gadmor_lfo_spc|Gadmor_bat_spc,Gadmor_twc_spc	Gadmor_avo_spc,Gadmor_lfo_spc|Gadmor_bat_spc,Gadmor_twc_spc	true	false	data/atlantic_cod/raw/nature_source_data/41559_2022_1661_MOESM4_ESM_source_data_fig2.txt	Baseline split induced from Source Data Fig. 2 maximum-credibility population tree.
LG01	LG01_SQ0059	Gadmor_avo_spc	Gadmor_bat_spc	Gadmor_low_spc	Gadmor_two_spc	Gadmor_avo_spc,Gadmor_two_spc|Gadmor_bat_spc,Gadmor_low_spc	Gadmor_avo_spc,Gadmor_low_spc|Gadmor_bat_spc,Gadmor_two_spc	false	true	data/atlantic_cod/raw/nature_source_data/41559_2022_1661_MOESM4_ESM_source_data_fig2.txt	Baseline split induced from Source Data Fig. 2 maximum-credibility population tree.
LG01	LG01_SQ0060	Gadmor_avo_spc	Gadmor_bat_spc	Gadmor_twc_spc	Gadmor_two_spc	Gadmor_avo_spc,Gadmor_two_spc|Gadmor_bat_spc,Gadmor_twc_spc	Gadmor_avo_spc,Gadmor_bat_spc|Gadmor_twc_spc,Gadmor_two_spc	false	true	data/atlantic_cod/raw/nature_source_data/41559_2022_1661_MOESM4_ESM_source_data_fig2.txt	Baseline split induced from Source Data Fig. 2 maximum-credibility population tree.
LG01	LG01_SQ0061	Gadmor_avo_spc	Gadmor_bor_spc	Gadmor_icc_spc	Gadmor_ico_spc	Gadmor_avo_spc,Gadmor_ico_spc|Gadmor_bor_spc,Gadmor_icc_spc	Gadmor_avo_spc,Gadmor_bor_spc|Gadmor_icc_spc,Gadmor_ico_spc	false	true	data/atlantic_cod/raw/nature_source_data/41559_2022_1661_MOESM4_ESM_source_data_fig2.txt	Baseline split induced from Source Data Fig. 2 maximum-credibility population tree.
LG01	LG01_SQ0062	Gadmor_avo_spc	Gadmor_bor_spc	Gadmor_icc_spc	Gadmor_lfo_spc	Gadmor_avo_spc,Gadmor_lfo_spc|Gadmor_bor_spc,Gadmor_icc_spc	Gadmor_avo_spc,Gadmor_lfo_spc|Gadmor_bor_spc,Gadmor_icc_spc	true	false	data/atlantic_cod/raw/nature_source_data/41559_2022_1661_MOESM4_ESM_source_data_fig2.txt	Baseline split induced from Source Data Fig. 2 maximum-credibility population tree.
LG01	LG01_SQ0063	Gadmor_avo_spc	Gadmor_bor_spc	Gadmor_icc_spc	Gadmor_two_spc	Gadmor_avo_spc,Gadmor_two_spc|Gadmor_bor_spc,Gadmor_icc_spc	Gadmor_avo_spc,Gadmor_two_spc|Gadmor_bor_spc,Gadmor_icc_spc	true	false	data/atlantic_cod/raw/nature_source_data/41559_2022_1661_MOESM4_ESM_source_data_fig2.txt	Baseline split induced from Source Data Fig. 2 maximum-credibility population tree.
LG01	LG01_SQ0064	Gadmor_avo_spc	Gadmor_bor_spc	Gadmor_ico_spc	Gadmor_kie_spc	Gadmor_avo_spc,Gadmor_ico_spc|Gadmor_bor_spc,Gadmor_kie_spc	Gadmor_avo_spc,Gadmor_ico_spc|Gadmor_bor_spc,Gadmor_kie_spc	true	false	data/atlantic_cod/raw/nature_source_data/41559_2022_1661_MOESM4_ESM_source_data_fig2.txt	Baseline split induced from Source Data Fig. 2 maximum-credibility population tree.
LG01	LG01_SQ0065	Gadmor_avo_spc	Gadmor_bor_spc	Gadmor_ico_spc	Gadmor_lfc_spc	Gadmor_avo_spc,Gadmor_ico_spc|Gadmor_bor_spc,Gadmor_lfc_spc	Gadmor_avo_spc,Gadmor_ico_spc|Gadmor_bor_spc,Gadmor_lfc_spc	true	false	data/atlantic_cod/raw/nature_source_data/41559_2022_1661_MOESM4_ESM_source_data_fig2.txt	Baseline split induced from Source Data Fig. 2 maximum-credibility population tree.
LG01	LG01_SQ0066	Gadmor_avo_spc	Gadmor_bor_spc	Gadmor_ico_spc	Gadmor_low_spc	Gadmor_avo_spc,Gadmor_ico_spc|Gadmor_bor_spc,Gadmor_low_spc	Gadmor_avo_spc,Gadmor_ico_spc|Gadmor_bor_spc,Gadmor_low_spc	true	false	data/atlantic_cod/raw/nature_source_data/41559_2022_1661_MOESM4_ESM_source_data_fig2.txt	Baseline split induced from Source Data Fig. 2 maximum-credibility population tree.
LG01	LG01_SQ0067	Gadmor_avo_spc	Gadmor_bor_spc	Gadmor_ico_spc	Gadmor_twc_spc	Gadmor_avo_spc,Gadmor_ico_spc|Gadmor_bor_spc,Gadmor_twc_spc	Gadmor_avo_spc,Gadmor_twc_spc|Gadmor_bor_spc,Gadmor_ico_spc	false	true	data/atlantic_cod/raw/nature_source_data/41559_2022_1661_MOESM4_ESM_source_data_fig2.txt	Baseline split induced from Source Data Fig. 2 maximum-credibility population tree.
LG01	LG01_SQ0068	Gadmor_avo_spc	Gadmor_bor_spc	Gadmor_kie_spc	Gadmor_lfo_spc	Gadmor_avo_spc,Gadmor_lfo_spc|Gadmor_bor_spc,Gadmor_kie_spc	Gadmor_avo_spc,Gadmor_lfo_spc|Gadmor_bor_spc,Gadmor_kie_spc	true	false	data/atlantic_cod/raw/nature_source_data/41559_2022_1661_MOESM4_ESM_source_data_fig2.txt	Baseline split induced from Source Data Fig. 2 maximum-credibility population tree.
LG01	LG01_SQ0069	Gadmor_avo_spc	Gadmor_bor_spc	Gadmor_kie_spc	Gadmor_two_spc	Gadmor_avo_spc,Gadmor_two_spc|Gadmor_bor_spc,Gadmor_kie_spc	Gadmor_avo_spc,Gadmor_two_spc|Gadmor_bor_spc,Gadmor_kie_spc	true	false	data/atlantic_cod/raw/nature_source_data/41559_2022_1661_MOESM4_ESM_source_data_fig2.txt	Baseline split induced from Source Data Fig. 2 maximum-credibility population tree.
LG01	LG01_SQ0070	Gadmor_avo_spc	Gadmor_bor_spc	Gadmor_lfc_spc	Gadmor_lfo_spc	Gadmor_avo_spc,Gadmor_lfo_spc|Gadmor_bor_spc,Gadmor_lfc_spc	Gadmor_avo_spc,Gadmor_lfo_spc|Gadmor_bor_spc,Gadmor_lfc_spc	true	false	data/atlantic_cod/raw/nature_source_data/41559_2022_1661_MOESM4_ESM_source_data_fig2.txt	Baseline split induced from Source Data Fig. 2 maximum-credibility population tree.
LG01	LG01_SQ0071	Gadmor_avo_spc	Gadmor_bor_spc	Gadmor_lfc_spc	Gadmor_two_spc	Gadmor_avo_spc,Gadmor_two_spc|Gadmor_bor_spc,Gadmor_lfc_spc	Gadmor_avo_spc,Gadmor_two_spc|Gadmor_bor_spc,Gadmor_lfc_spc	true	false	data/atlantic_cod/raw/nature_source_data/41559_2022_1661_MOESM4_ESM_source_data_fig2.txt	Baseline split induced from Source Data Fig. 2 maximum-credibility population tree.
LG01	LG01_SQ0072	Gadmor_avo_spc	Gadmor_bor_spc	Gadmor_lfo_spc	Gadmor_low_spc	Gadmor_avo_spc,Gadmor_lfo_spc|Gadmor_bor_spc,Gadmor_low_spc	Gadmor_avo_spc,Gadmor_lfo_spc|Gadmor_bor_spc,Gadmor_low_spc	true	false	data/atlantic_cod/raw/nature_source_data/41559_2022_1661_MOESM4_ESM_source_data_fig2.txt	Baseline split induced from Source Data Fig. 2 maximum-credibility population tree.
LG01	LG01_SQ0073	Gadmor_avo_spc	Gadmor_bor_spc	Gadmor_lfo_spc	Gadmor_twc_spc	Gadmor_avo_spc,Gadmor_lfo_spc|Gadmor_bor_spc,Gadmor_twc_spc	Gadmor_avo_spc,Gadmor_twc_spc|Gadmor_bor_spc,Gadmor_lfo_spc	false	true	data/atlantic_cod/raw/nature_source_data/41559_2022_1661_MOESM4_ESM_source_data_fig2.txt	Baseline split induced from Source Data Fig. 2 maximum-credibility population tree.
LG01	LG01_SQ0074	Gadmor_avo_spc	Gadmor_bor_spc	Gadmor_low_spc	Gadmor_two_spc	Gadmor_avo_spc,Gadmor_two_spc|Gadmor_bor_spc,Gadmor_low_spc	Gadmor_avo_spc,Gadmor_two_spc|Gadmor_bor_spc,Gadmor_low_spc	true	false	data/atlantic_cod/raw/nature_source_data/41559_2022_1661_MOESM4_ESM_source_data_fig2.txt	Baseline split induced from Source Data Fig. 2 maximum-credibility population tree.
LG01	LG01_SQ0075	Gadmor_avo_spc	Gadmor_bor_spc	Gadmor_twc_spc	Gadmor_two_spc	Gadmor_avo_spc,Gadmor_two_spc|Gadmor_bor_spc,Gadmor_twc_spc	Gadmor_avo_spc,Gadmor_bor_spc|Gadmor_twc_spc,Gadmor_two_spc	false	true	data/atlantic_cod/raw/nature_source_data/41559_2022_1661_MOESM4_ESM_source_data_fig2.txt	Baseline split induced from Source Data Fig. 2 maximum-credibility population tree.
LG01	LG01_SQ0076	Gadmor_avo_spc	Gadmor_icc_spc	Gadmor_ico_spc	Gadmor_kie_spc	Gadmor_avo_spc,Gadmor_ico_spc|Gadmor_icc_spc,Gadmor_kie_spc	Gadmor_avo_spc,Gadmor_kie_spc|Gadmor_icc_spc,Gadmor_ico_spc	false	true	data/atlantic_cod/raw/nature_source_data/41559_2022_1661_MOESM4_ESM_source_data_fig2.txt	Baseline split induced from Source Data Fig. 2 maximum-credibility population tree.
LG01	LG01_SQ0077	Gadmor_avo_spc	Gadmor_icc_spc	Gadmor_ico_spc	Gadmor_lfc_spc	Gadmor_avo_spc,Gadmor_ico_spc|Gadmor_icc_spc,Gadmor_lfc_spc	Gadmor_avo_spc,Gadmor_lfc_spc|Gadmor_icc_spc,Gadmor_ico_spc	false	true	data/atlantic_cod/raw/nature_source_data/41559_2022_1661_MOESM4_ESM_source_data_fig2.txt	Baseline split induced from Source Data Fig. 2 maximum-credibility population tree.
LG01	LG01_SQ0078	Gadmor_avo_spc	Gadmor_icc_spc	Gadmor_ico_spc	Gadmor_low_spc	Gadmor_avo_spc,Gadmor_ico_spc|Gadmor_icc_spc,Gadmor_low_spc	Gadmor_avo_spc,Gadmor_low_spc|Gadmor_icc_spc,Gadmor_ico_spc	false	true	data/atlantic_cod/raw/nature_source_data/41559_2022_1661_MOESM4_ESM_source_data_fig2.txt	Baseline split induced from Source Data Fig. 2 maximum-credibility population tree.
LG01	LG01_SQ0079	Gadmor_avo_spc	Gadmor_icc_spc	Gadmor_ico_spc	Gadmor_twc_spc	Gadmor_avo_spc,Gadmor_ico_spc|Gadmor_icc_spc,Gadmor_twc_spc	Gadmor_avo_spc,Gadmor_twc_spc|Gadmor_icc_spc,Gadmor_ico_spc	false	true	data/atlantic_cod/raw/nature_source_data/41559_2022_1661_MOESM4_ESM_source_data_fig2.txt	Baseline split induced from Source Data Fig. 2 maximum-credibility population tree.
LG01	LG01_SQ0080	Gadmor_avo_spc	Gadmor_icc_spc	Gadmor_kie_spc	Gadmor_lfo_spc	Gadmor_avo_spc,Gadmor_lfo_spc|Gadmor_icc_spc,Gadmor_kie_spc	Gadmor_avo_spc,Gadmor_lfo_spc|Gadmor_icc_spc,Gadmor_kie_spc	true	false	data/atlantic_cod/raw/nature_source_data/41559_2022_1661_MOESM4_ESM_source_data_fig2.txt	Baseline split induced from Source Data Fig. 2 maximum-credibility population tree.
LG01	LG01_SQ0081	Gadmor_avo_spc	Gadmor_icc_spc	Gadmor_kie_spc	Gadmor_two_spc	Gadmor_avo_spc,Gadmor_two_spc|Gadmor_icc_spc,Gadmor_kie_spc	Gadmor_avo_spc,Gadmor_two_spc|Gadmor_icc_spc,Gadmor_kie_spc	true	false	data/atlantic_cod/raw/nature_source_data/41559_2022_1661_MOESM4_ESM_source_data_fig2.txt	Baseline split induced from Source Data Fig. 2 maximum-credibility population tree.
LG01	LG01_SQ0082	Gadmor_avo_spc	Gadmor_icc_spc	Gadmor_lfc_spc	Gadmor_lfo_spc	Gadmor_avo_spc,Gadmor_lfo_spc|Gadmor_icc_spc,Gadmor_lfc_spc	Gadmor_avo_spc,Gadmor_lfo_spc|Gadmor_icc_spc,Gadmor_lfc_spc	true	false	data/atlantic_cod/raw/nature_source_data/41559_2022_1661_MOESM4_ESM_source_data_fig2.txt	Baseline split induced from Source Data Fig. 2 maximum-credibility population tree.
LG01	LG01_SQ0083	Gadmor_avo_spc	Gadmor_icc_spc	Gadmor_lfc_spc	Gadmor_two_spc	Gadmor_avo_spc,Gadmor_two_spc|Gadmor_icc_spc,Gadmor_lfc_spc	Gadmor_avo_spc,Gadmor_two_spc|Gadmor_icc_spc,Gadmor_lfc_spc	true	false	data/atlantic_cod/raw/nature_source_data/41559_2022_1661_MOESM4_ESM_source_data_fig2.txt	Baseline split induced from Source Data Fig. 2 maximum-credibility population tree.
LG01	LG01_SQ0084	Gadmor_avo_spc	Gadmor_icc_spc	Gadmor_lfo_spc	Gadmor_low_spc	Gadmor_avo_spc,Gadmor_lfo_spc|Gadmor_icc_spc,Gadmor_low_spc	Gadmor_avo_spc,Gadmor_lfo_spc|Gadmor_icc_spc,Gadmor_low_spc	true	false	data/atlantic_cod/raw/nature_source_data/41559_2022_1661_MOESM4_ESM_source_data_fig2.txt	Baseline split induced from Source Data Fig. 2 maximum-credibility population tree.
LG01	LG01_SQ0085	Gadmor_avo_spc	Gadmor_icc_spc	Gadmor_lfo_spc	Gadmor_twc_spc	Gadmor_avo_spc,Gadmor_lfo_spc|Gadmor_icc_spc,Gadmor_twc_spc	Gadmor_avo_spc,Gadmor_twc_spc|Gadmor_icc_spc,Gadmor_lfo_spc	false	true	data/atlantic_cod/raw/nature_source_data/41559_2022_1661_MOESM4_ESM_source_data_fig2.txt	Baseline split induced from Source Data Fig. 2 maximum-credibility population tree.
LG01	LG01_SQ0086	Gadmor_avo_spc	Gadmor_icc_spc	Gadmor_low_spc	Gadmor_two_spc	Gadmor_avo_spc,Gadmor_two_spc|Gadmor_icc_spc,Gadmor_low_spc	Gadmor_avo_spc,Gadmor_two_spc|Gadmor_icc_spc,Gadmor_low_spc	true	false	data/atlantic_cod/raw/nature_source_data/41559_2022_1661_MOESM4_ESM_source_data_fig2.txt	Baseline split induced from Source Data Fig. 2 maximum-credibility population tree.
LG01	LG01_SQ0087	Gadmor_avo_spc	Gadmor_icc_spc	Gadmor_twc_spc	Gadmor_two_spc	Gadmor_avo_spc,Gadmor_two_spc|Gadmor_icc_spc,Gadmor_twc_spc	Gadmor_avo_spc,Gadmor_icc_spc|Gadmor_twc_spc,Gadmor_two_spc	false	true	data/atlantic_cod/raw/nature_source_data/41559_2022_1661_MOESM4_ESM_source_data_fig2.txt	Baseline split induced from Source Data Fig. 2 maximum-credibility population tree.
LG01	LG01_SQ0088	Gadmor_avo_spc	Gadmor_ico_spc	Gadmor_kie_spc	Gadmor_lfc_spc	Gadmor_avo_spc,Gadmor_ico_spc|Gadmor_kie_spc,Gadmor_lfc_spc	Gadmor_avo_spc,Gadmor_ico_spc|Gadmor_kie_spc,Gadmor_lfc_spc	true	false	data/atlantic_cod/raw/nature_source_data/41559_2022_1661_MOESM4_ESM_source_data_fig2.txt	Baseline split induced from Source Data Fig. 2 maximum-credibility population tree.
LG01	LG01_SQ0089	Gadmor_avo_spc	Gadmor_ico_spc	Gadmor_kie_spc	Gadmor_low_spc	Gadmor_avo_spc,Gadmor_ico_spc|Gadmor_kie_spc,Gadmor_low_spc	Gadmor_avo_spc,Gadmor_ico_spc|Gadmor_kie_spc,Gadmor_low_spc	true	false	data/atlantic_cod/raw/nature_source_data/41559_2022_1661_MOESM4_ESM_source_data_fig2.txt	Baseline split induced from Source Data Fig. 2 maximum-credibility population tree.
LG01	LG01_SQ0090	Gadmor_avo_spc	Gadmor_ico_spc	Gadmor_kie_spc	Gadmor_twc_spc	Gadmor_avo_spc,Gadmor_ico_spc|Gadmor_kie_spc,Gadmor_twc_spc	Gadmor_avo_spc,Gadmor_twc_spc|Gadmor_ico_spc,Gadmor_kie_spc	false	true	data/atlantic_cod/raw/nature_source_data/41559_2022_1661_MOESM4_ESM_source_data_fig2.txt	Baseline split induced from Source Data Fig. 2 maximum-credibility population tree.
LG01	LG01_SQ0091	Gadmor_avo_spc	Gadmor_ico_spc	Gadmor_lfc_spc	Gadmor_low_spc	Gadmor_avo_spc,Gadmor_ico_spc|Gadmor_lfc_spc,Gadmor_low_spc	Gadmor_avo_spc,Gadmor_ico_spc|Gadmor_lfc_spc,Gadmor_low_spc	true	false	data/atlantic_cod/raw/nature_source_data/41559_2022_1661_MOESM4_ESM_source_data_fig2.txt	Baseline split induced from Source Data Fig. 2 maximum-credibility population tree.
LG01	LG01_SQ0092	Gadmor_avo_spc	Gadmor_ico_spc	Gadmor_lfc_spc	Gadmor_twc_spc	Gadmor_avo_spc,Gadmor_ico_spc|Gadmor_lfc_spc,Gadmor_twc_spc	Gadmor_avo_spc,Gadmor_twc_spc|Gadmor_ico_spc,Gadmor_lfc_spc	false	true	data/atlantic_cod/raw/nature_source_data/41559_2022_1661_MOESM4_ESM_source_data_fig2.txt	Baseline split induced from Source Data Fig. 2 maximum-credibility population tree.
LG01	LG01_SQ0093	Gadmor_avo_spc	Gadmor_ico_spc	Gadmor_low_spc	Gadmor_twc_spc	Gadmor_avo_spc,Gadmor_ico_spc|Gadmor_low_spc,Gadmor_twc_spc	Gadmor_avo_spc,Gadmor_twc_spc|Gadmor_ico_spc,Gadmor_low_spc	false	true	data/atlantic_cod/raw/nature_source_data/41559_2022_1661_MOESM4_ESM_source_data_fig2.txt	Baseline split induced from Source Data Fig. 2 maximum-credibility population tree.
LG01	LG01_SQ0094	Gadmor_avo_spc	Gadmor_kie_spc	Gadmor_lfc_spc	Gadmor_lfo_spc	Gadmor_avo_spc,Gadmor_lfo_spc|Gadmor_kie_spc,Gadmor_lfc_spc	Gadmor_avo_spc,Gadmor_lfo_spc|Gadmor_kie_spc,Gadmor_lfc_spc	true	false	data/atlantic_cod/raw/nature_source_data/41559_2022_1661_MOESM4_ESM_source_data_fig2.txt	Baseline split induced from Source Data Fig. 2 maximum-credibility population tree.
LG01	LG01_SQ0095	Gadmor_avo_spc	Gadmor_kie_spc	Gadmor_lfc_spc	Gadmor_two_spc	Gadmor_avo_spc,Gadmor_two_spc|Gadmor_kie_spc,Gadmor_lfc_spc	Gadmor_avo_spc,Gadmor_two_spc|Gadmor_kie_spc,Gadmor_lfc_spc	true	false	data/atlantic_cod/raw/nature_source_data/41559_2022_1661_MOESM4_ESM_source_data_fig2.txt	Baseline split induced from Source Data Fig. 2 maximum-credibility population tree.
LG01	LG01_SQ0096	Gadmor_avo_spc	Gadmor_kie_spc	Gadmor_lfo_spc	Gadmor_low_spc	Gadmor_avo_spc,Gadmor_lfo_spc|Gadmor_kie_spc,Gadmor_low_spc	Gadmor_avo_spc,Gadmor_lfo_spc|Gadmor_kie_spc,Gadmor_low_spc	true	false	data/atlantic_cod/raw/nature_source_data/41559_2022_1661_MOESM4_ESM_source_data_fig2.txt	Baseline split induced from Source Data Fig. 2 maximum-credibility population tree.
LG01	LG01_SQ0097	Gadmor_avo_spc	Gadmor_kie_spc	Gadmor_lfo_spc	Gadmor_twc_spc	Gadmor_avo_spc,Gadmor_lfo_spc|Gadmor_kie_spc,Gadmor_twc_spc	Gadmor_avo_spc,Gadmor_twc_spc|Gadmor_kie_spc,Gadmor_lfo_spc	false	true	data/atlantic_cod/raw/nature_source_data/41559_2022_1661_MOESM4_ESM_source_data_fig2.txt	Baseline split induced from Source Data Fig. 2 maximum-credibility population tree.
LG01	LG01_SQ0098	Gadmor_avo_spc	Gadmor_kie_spc	Gadmor_low_spc	Gadmor_two_spc	Gadmor_avo_spc,Gadmor_two_spc|Gadmor_kie_spc,Gadmor_low_spc	Gadmor_avo_spc,Gadmor_two_spc|Gadmor_kie_spc,Gadmor_low_spc	true	false	data/atlantic_cod/raw/nature_source_data/41559_2022_1661_MOESM4_ESM_source_data_fig2.txt	Baseline split induced from Source Data Fig. 2 maximum-credibility population tree.
LG01	LG01_SQ0099	Gadmor_avo_spc	Gadmor_kie_spc	Gadmor_twc_spc	Gadmor_two_spc	Gadmor_avo_spc,Gadmor_two_spc|Gadmor_kie_spc,Gadmor_twc_spc	Gadmor_avo_spc,Gadmor_kie_spc|Gadmor_twc_spc,Gadmor_two_spc	false	true	data/atlantic_cod/raw/nature_source_data/41559_2022_1661_MOESM4_ESM_source_data_fig2.txt	Baseline split induced from Source Data Fig. 2 maximum-credibility population tree.
LG01	LG01_SQ0100	Gadmor_avo_spc	Gadmor_lfc_spc	Gadmor_lfo_spc	Gadmor_low_spc	Gadmor_avo_spc,Gadmor_lfo_spc|Gadmor_lfc_spc,Gadmor_low_spc	Gadmor_avo_spc,Gadmor_lfo_spc|Gadmor_lfc_spc,Gadmor_low_spc	true	false	data/atlantic_cod/raw/nature_source_data/41559_2022_1661_MOESM4_ESM_source_data_fig2.txt	Baseline split induced from Source Data Fig. 2 maximum-credibility population tree.
LG01	LG01_SQ0101	Gadmor_avo_spc	Gadmor_lfc_spc	Gadmor_lfo_spc	Gadmor_twc_spc	Gadmor_avo_spc,Gadmor_lfo_spc|Gadmor_lfc_spc,Gadmor_twc_spc	Gadmor_avo_spc,Gadmor_twc_spc|Gadmor_lfc_spc,Gadmor_lfo_spc	false	true	data/atlantic_cod/raw/nature_source_data/41559_2022_1661_MOESM4_ESM_source_data_fig2.txt	Baseline split induced from Source Data Fig. 2 maximum-credibility population tree.
LG01	LG01_SQ0102	Gadmor_avo_spc	Gadmor_lfc_spc	Gadmor_low_spc	Gadmor_two_spc	Gadmor_avo_spc,Gadmor_two_spc|Gadmor_lfc_spc,Gadmor_low_spc	Gadmor_avo_spc,Gadmor_two_spc|Gadmor_lfc_spc,Gadmor_low_spc	true	false	data/atlantic_cod/raw/nature_source_data/41559_2022_1661_MOESM4_ESM_source_data_fig2.txt	Baseline split induced from Source Data Fig. 2 maximum-credibility population tree.
LG01	LG01_SQ0103	Gadmor_avo_spc	Gadmor_lfc_spc	Gadmor_twc_spc	Gadmor_two_spc	Gadmor_avo_spc,Gadmor_two_spc|Gadmor_lfc_spc,Gadmor_twc_spc	Gadmor_avo_spc,Gadmor_lfc_spc|Gadmor_twc_spc,Gadmor_two_spc	false	true	data/atlantic_cod/raw/nature_source_data/41559_2022_1661_MOESM4_ESM_source_data_fig2.txt	Baseline split induced from Source Data Fig. 2 maximum-credibility population tree.
LG01	LG01_SQ0104	Gadmor_avo_spc	Gadmor_lfo_spc	Gadmor_low_spc	Gadmor_twc_spc	Gadmor_avo_spc,Gadmor_lfo_spc|Gadmor_low_spc,Gadmor_twc_spc	Gadmor_avo_spc,Gadmor_twc_spc|Gadmor_lfo_spc,Gadmor_low_spc	false	true	data/atlantic_cod/raw/nature_source_data/41559_2022_1661_MOESM4_ESM_source_data_fig2.txt	Baseline split induced from Source Data Fig. 2 maximum-credibility population tree.
LG01	LG01_SQ0105	Gadmor_avo_spc	Gadmor_low_spc	Gadmor_twc_spc	Gadmor_two_spc	Gadmor_avo_spc,Gadmor_two_spc|Gadmor_low_spc,Gadmor_twc_spc	Gadmor_avo_spc,Gadmor_low_spc|Gadmor_twc_spc,Gadmor_two_spc	false	true	data/atlantic_cod/raw/nature_source_data/41559_2022_1661_MOESM4_ESM_source_data_fig2.txt	Baseline split induced from Source Data Fig. 2 maximum-credibility population tree.
LG01	LG01_SQ0106	Gadmor_bat_spc	Gadmor_bor_spc	Gadmor_ico_spc	Gadmor_lfo_spc	Gadmor_bat_spc,Gadmor_bor_spc|Gadmor_ico_spc,Gadmor_lfo_spc	Gadmor_bat_spc,Gadmor_lfo_spc|Gadmor_bor_spc,Gadmor_ico_spc	false	true	data/atlantic_cod/raw/nature_source_data/41559_2022_1661_MOESM4_ESM_source_data_fig2.txt	Baseline split induced from Source Data Fig. 2 maximum-credibility population tree.
LG01	LG01_SQ0107	Gadmor_bat_spc	Gadmor_bor_spc	Gadmor_ico_spc	Gadmor_two_spc	Gadmor_bat_spc,Gadmor_bor_spc|Gadmor_ico_spc,Gadmor_two_spc	Gadmor_bat_spc,Gadmor_two_spc|Gadmor_bor_spc,Gadmor_ico_spc	false	true	data/atlantic_cod/raw/nature_source_data/41559_2022_1661_MOESM4_ESM_source_data_fig2.txt	Baseline split induced from Source Data Fig. 2 maximum-credibility population tree.
LG01	LG01_SQ0108	Gadmor_bat_spc	Gadmor_bor_spc	Gadmor_lfo_spc	Gadmor_two_spc	Gadmor_bat_spc,Gadmor_bor_spc|Gadmor_lfo_spc,Gadmor_two_spc	Gadmor_bat_spc,Gadmor_two_spc|Gadmor_bor_spc,Gadmor_lfo_spc	false	true	data/atlantic_cod/raw/nature_source_data/41559_2022_1661_MOESM4_ESM_source_data_fig2.txt	Baseline split induced from Source Data Fig. 2 maximum-credibility population tree.
LG01	LG01_SQ0109	Gadmor_bat_spc	Gadmor_icc_spc	Gadmor_ico_spc	Gadmor_lfo_spc	Gadmor_bat_spc,Gadmor_icc_spc|Gadmor_ico_spc,Gadmor_lfo_spc	Gadmor_bat_spc,Gadmor_lfo_spc|Gadmor_icc_spc,Gadmor_ico_spc	false	true	data/atlantic_cod/raw/nature_source_data/41559_2022_1661_MOESM4_ESM_source_data_fig2.txt	Baseline split induced from Source Data Fig. 2 maximum-credibility population tree.
LG01	LG01_SQ0110	Gadmor_bat_spc	Gadmor_icc_spc	Gadmor_ico_spc	Gadmor_two_spc	Gadmor_bat_spc,Gadmor_icc_spc|Gadmor_ico_spc,Gadmor_two_spc	Gadmor_bat_spc,Gadmor_two_spc|Gadmor_icc_spc,Gadmor_ico_spc	false	true	data/atlantic_cod/raw/nature_source_data/41559_2022_1661_MOESM4_ESM_source_data_fig2.txt	Baseline split induced from Source Data Fig. 2 maximum-credibility population tree.
LG01	LG01_SQ0111	Gadmor_bat_spc	Gadmor_icc_spc	Gadmor_lfo_spc	Gadmor_two_spc	Gadmor_bat_spc,Gadmor_icc_spc|Gadmor_lfo_spc,Gadmor_two_spc	Gadmor_bat_spc,Gadmor_two_spc|Gadmor_icc_spc,Gadmor_lfo_spc	false	true	data/atlantic_cod/raw/nature_source_data/41559_2022_1661_MOESM4_ESM_source_data_fig2.txt	Baseline split induced from Source Data Fig. 2 maximum-credibility population tree.
LG01	LG01_SQ0112	Gadmor_bat_spc	Gadmor_ico_spc	Gadmor_kie_spc	Gadmor_lfo_spc	Gadmor_bat_spc,Gadmor_kie_spc|Gadmor_ico_spc,Gadmor_lfo_spc	Gadmor_bat_spc,Gadmor_lfo_spc|Gadmor_ico_spc,Gadmor_kie_spc	false	true	data/atlantic_cod/raw/nature_source_data/41559_2022_1661_MOESM4_ESM_source_data_fig2.txt	Baseline split induced from Source Data Fig. 2 maximum-credibility population tree.
LG01	LG01_SQ0113	Gadmor_bat_spc	Gadmor_ico_spc	Gadmor_kie_spc	Gadmor_two_spc	Gadmor_bat_spc,Gadmor_kie_spc|Gadmor_ico_spc,Gadmor_two_spc	Gadmor_bat_spc,Gadmor_two_spc|Gadmor_ico_spc,Gadmor_kie_spc	false	true	data/atlantic_cod/raw/nature_source_data/41559_2022_1661_MOESM4_ESM_source_data_fig2.txt	Baseline split induced from Source Data Fig. 2 maximum-credibility population tree.
LG01	LG01_SQ0114	Gadmor_bat_spc	Gadmor_ico_spc	Gadmor_lfc_spc	Gadmor_lfo_spc	Gadmor_bat_spc,Gadmor_lfc_spc|Gadmor_ico_spc,Gadmor_lfo_spc	Gadmor_bat_spc,Gadmor_lfo_spc|Gadmor_ico_spc,Gadmor_lfc_spc	false	true	data/atlantic_cod/raw/nature_source_data/41559_2022_1661_MOESM4_ESM_source_data_fig2.txt	Baseline split induced from Source Data Fig. 2 maximum-credibility population tree.
LG01	LG01_SQ0115	Gadmor_bat_spc	Gadmor_ico_spc	Gadmor_lfc_spc	Gadmor_two_spc	Gadmor_bat_spc,Gadmor_lfc_spc|Gadmor_ico_spc,Gadmor_two_spc	Gadmor_bat_spc,Gadmor_two_spc|Gadmor_ico_spc,Gadmor_lfc_spc	false	true	data/atlantic_cod/raw/nature_source_data/41559_2022_1661_MOESM4_ESM_source_data_fig2.txt	Baseline split induced from Source Data Fig. 2 maximum-credibility population tree.
LG01	LG01_SQ0116	Gadmor_bat_spc	Gadmor_ico_spc	Gadmor_lfo_spc	Gadmor_low_spc	Gadmor_bat_spc,Gadmor_low_spc|Gadmor_ico_spc,Gadmor_lfo_spc	Gadmor_bat_spc,Gadmor_lfo_spc|Gadmor_ico_spc,Gadmor_low_spc	false	true	data/atlantic_cod/raw/nature_source_data/41559_2022_1661_MOESM4_ESM_source_data_fig2.txt	Baseline split induced from Source Data Fig. 2 maximum-credibility population tree.
LG01	LG01_SQ0117	Gadmor_bat_spc	Gadmor_ico_spc	Gadmor_lfo_spc	Gadmor_twc_spc	Gadmor_bat_spc,Gadmor_twc_spc|Gadmor_ico_spc,Gadmor_lfo_spc	Gadmor_bat_spc,Gadmor_twc_spc|Gadmor_ico_spc,Gadmor_lfo_spc	true	false	data/atlantic_cod/raw/nature_source_data/41559_2022_1661_MOESM4_ESM_source_data_fig2.txt	Baseline split induced from Source Data Fig. 2 maximum-credibility population tree.
LG01	LG01_SQ0118	Gadmor_bat_spc	Gadmor_ico_spc	Gadmor_low_spc	Gadmor_two_spc	Gadmor_bat_spc,Gadmor_low_spc|Gadmor_ico_spc,Gadmor_two_spc	Gadmor_bat_spc,Gadmor_two_spc|Gadmor_ico_spc,Gadmor_low_spc	false	true	data/atlantic_cod/raw/nature_source_data/41559_2022_1661_MOESM4_ESM_source_data_fig2.txt	Baseline split induced from Source Data Fig. 2 maximum-credibility population tree.
LG01	LG01_SQ0119	Gadmor_bat_spc	Gadmor_ico_spc	Gadmor_twc_spc	Gadmor_two_spc	Gadmor_bat_spc,Gadmor_twc_spc|Gadmor_ico_spc,Gadmor_two_spc	Gadmor_bat_spc,Gadmor_ico_spc|Gadmor_twc_spc,Gadmor_two_spc	false	true	data/atlantic_cod/raw/nature_source_data/41559_2022_1661_MOESM4_ESM_source_data_fig2.txt	Baseline split induced from Source Data Fig. 2 maximum-credibility population tree.
LG01	LG01_SQ0120	Gadmor_bat_spc	Gadmor_kie_spc	Gadmor_lfo_spc	Gadmor_two_spc	Gadmor_bat_spc,Gadmor_kie_spc|Gadmor_lfo_spc,Gadmor_two_spc	Gadmor_bat_spc,Gadmor_two_spc|Gadmor_kie_spc,Gadmor_lfo_spc	false	true	data/atlantic_cod/raw/nature_source_data/41559_2022_1661_MOESM4_ESM_source_data_fig2.txt	Baseline split induced from Source Data Fig. 2 maximum-credibility population tree.
LG01	LG01_SQ0121	Gadmor_bat_spc	Gadmor_lfc_spc	Gadmor_lfo_spc	Gadmor_two_spc	Gadmor_bat_spc,Gadmor_lfc_spc|Gadmor_lfo_spc,Gadmor_two_spc	Gadmor_bat_spc,Gadmor_two_spc|Gadmor_lfc_spc,Gadmor_lfo_spc	false	true	data/atlantic_cod/raw/nature_source_data/41559_2022_1661_MOESM4_ESM_source_data_fig2.txt	Baseline split induced from Source Data Fig. 2 maximum-credibility population tree.
LG01	LG01_SQ0122	Gadmor_bat_spc	Gadmor_lfo_spc	Gadmor_low_spc	Gadmor_two_spc	Gadmor_bat_spc,Gadmor_low_spc|Gadmor_lfo_spc,Gadmor_two_spc	Gadmor_bat_spc,Gadmor_two_spc|Gadmor_lfo_spc,Gadmor_low_spc	false	true	data/atlantic_cod/raw/nature_source_data/41559_2022_1661_MOESM4_ESM_source_data_fig2.txt	Baseline split induced from Source Data Fig. 2 maximum-credibility population tree.
LG01	LG01_SQ0123	Gadmor_bat_spc	Gadmor_lfo_spc	Gadmor_twc_spc	Gadmor_two_spc	Gadmor_bat_spc,Gadmor_twc_spc|Gadmor_lfo_spc,Gadmor_two_spc	Gadmor_bat_spc,Gadmor_lfo_spc|Gadmor_twc_spc,Gadmor_two_spc	false	true	data/atlantic_cod/raw/nature_source_data/41559_2022_1661_MOESM4_ESM_source_data_fig2.txt	Baseline split induced from Source Data Fig. 2 maximum-credibility population tree.
LG01	LG01_SQ0124	Gadmor_bor_spc	Gadmor_icc_spc	Gadmor_ico_spc	Gadmor_lfo_spc	Gadmor_bor_spc,Gadmor_icc_spc|Gadmor_ico_spc,Gadmor_lfo_spc	Gadmor_bor_spc,Gadmor_lfo_spc|Gadmor_icc_spc,Gadmor_ico_spc	false	true	data/atlantic_cod/raw/nature_source_data/41559_2022_1661_MOESM4_ESM_source_data_fig2.txt	Baseline split induced from Source Data Fig. 2 maximum-credibility population tree.
LG01	LG01_SQ0125	Gadmor_bor_spc	Gadmor_icc_spc	Gadmor_ico_spc	Gadmor_two_spc	Gadmor_bor_spc,Gadmor_icc_spc|Gadmor_ico_spc,Gadmor_two_spc	Gadmor_bor_spc,Gadmor_two_spc|Gadmor_icc_spc,Gadmor_ico_spc	false	true	data/atlantic_cod/raw/nature_source_data/41559_2022_1661_MOESM4_ESM_source_data_fig2.txt	Baseline split induced from Source Data Fig. 2 maximum-credibility population tree.
LG01	LG01_SQ0126	Gadmor_bor_spc	Gadmor_icc_spc	Gadmor_lfo_spc	Gadmor_two_spc	Gadmor_bor_spc,Gadmor_icc_spc|Gadmor_lfo_spc,Gadmor_two_spc	Gadmor_bor_spc,Gadmor_icc_spc|Gadmor_lfo_spc,Gadmor_two_spc	true	false	data/atlantic_cod/raw/nature_source_data/41559_2022_1661_MOESM4_ESM_source_data_fig2.txt	Baseline split induced from Source Data Fig. 2 maximum-credibility population tree.
LG01	LG01_SQ0127	Gadmor_bor_spc	Gadmor_ico_spc	Gadmor_kie_spc	Gadmor_lfo_spc	Gadmor_bor_spc,Gadmor_kie_spc|Gadmor_ico_spc,Gadmor_lfo_spc	Gadmor_bor_spc,Gadmor_kie_spc|Gadmor_ico_spc,Gadmor_lfo_spc	true	false	data/atlantic_cod/raw/nature_source_data/41559_2022_1661_MOESM4_ESM_source_data_fig2.txt	Baseline split induced from Source Data Fig. 2 maximum-credibility population tree.
LG01	LG01_SQ0128	Gadmor_bor_spc	Gadmor_ico_spc	Gadmor_kie_spc	Gadmor_two_spc	Gadmor_bor_spc,Gadmor_kie_spc|Gadmor_ico_spc,Gadmor_two_spc	Gadmor_bor_spc,Gadmor_kie_spc|Gadmor_ico_spc,Gadmor_two_spc	true	false	data/atlantic_cod/raw/nature_source_data/41559_2022_1661_MOESM4_ESM_source_data_fig2.txt	Baseline split induced from Source Data Fig. 2 maximum-credibility population tree.
LG01	LG01_SQ0129	Gadmor_bor_spc	Gadmor_ico_spc	Gadmor_lfc_spc	Gadmor_lfo_spc	Gadmor_bor_spc,Gadmor_lfc_spc|Gadmor_ico_spc,Gadmor_lfo_spc	Gadmor_bor_spc,Gadmor_lfc_spc|Gadmor_ico_spc,Gadmor_lfo_spc	true	false	data/atlantic_cod/raw/nature_source_data/41559_2022_1661_MOESM4_ESM_source_data_fig2.txt	Baseline split induced from Source Data Fig. 2 maximum-credibility population tree.
LG01	LG01_SQ0130	Gadmor_bor_spc	Gadmor_ico_spc	Gadmor_lfc_spc	Gadmor_two_spc	Gadmor_bor_spc,Gadmor_lfc_spc|Gadmor_ico_spc,Gadmor_two_spc	Gadmor_bor_spc,Gadmor_lfc_spc|Gadmor_ico_spc,Gadmor_two_spc	true	false	data/atlantic_cod/raw/nature_source_data/41559_2022_1661_MOESM4_ESM_source_data_fig2.txt	Baseline split induced from Source Data Fig. 2 maximum-credibility population tree.
LG01	LG01_SQ0131	Gadmor_bor_spc	Gadmor_ico_spc	Gadmor_lfo_spc	Gadmor_low_spc	Gadmor_bor_spc,Gadmor_low_spc|Gadmor_ico_spc,Gadmor_lfo_spc	Gadmor_bor_spc,Gadmor_low_spc|Gadmor_ico_spc,Gadmor_lfo_spc	true	false	data/atlantic_cod/raw/nature_source_data/41559_2022_1661_MOESM4_ESM_source_data_fig2.txt	Baseline split induced from Source Data Fig. 2 maximum-credibility population tree.
LG01	LG01_SQ0132	Gadmor_bor_spc	Gadmor_ico_spc	Gadmor_lfo_spc	Gadmor_twc_spc	Gadmor_bor_spc,Gadmor_twc_spc|Gadmor_ico_spc,Gadmor_lfo_spc	Gadmor_bor_spc,Gadmor_ico_spc|Gadmor_lfo_spc,Gadmor_twc_spc	false	true	data/atlantic_cod/raw/nature_source_data/41559_2022_1661_MOESM4_ESM_source_data_fig2.txt	Baseline split induced from Source Data Fig. 2 maximum-credibility population tree.
LG01	LG01_SQ0133	Gadmor_bor_spc	Gadmor_ico_spc	Gadmor_low_spc	Gadmor_two_spc	Gadmor_bor_spc,Gadmor_low_spc|Gadmor_ico_spc,Gadmor_two_spc	Gadmor_bor_spc,Gadmor_low_spc|Gadmor_ico_spc,Gadmor_two_spc	true	false	data/atlantic_cod/raw/nature_source_data/41559_2022_1661_MOESM4_ESM_source_data_fig2.txt	Baseline split induced from Source Data Fig. 2 maximum-credibility population tree.
LG01	LG01_SQ0134	Gadmor_bor_spc	Gadmor_ico_spc	Gadmor_twc_spc	Gadmor_two_spc	Gadmor_bor_spc,Gadmor_twc_spc|Gadmor_ico_spc,Gadmor_two_spc	Gadmor_bor_spc,Gadmor_ico_spc|Gadmor_twc_spc,Gadmor_two_spc	false	true	data/atlantic_cod/raw/nature_source_data/41559_2022_1661_MOESM4_ESM_source_data_fig2.txt	Baseline split induced from Source Data Fig. 2 maximum-credibility population tree.
LG01	LG01_SQ0135	Gadmor_bor_spc	Gadmor_kie_spc	Gadmor_lfo_spc	Gadmor_two_spc	Gadmor_bor_spc,Gadmor_kie_spc|Gadmor_lfo_spc,Gadmor_two_spc	Gadmor_bor_spc,Gadmor_kie_spc|Gadmor_lfo_spc,Gadmor_two_spc	true	false	data/atlantic_cod/raw/nature_source_data/41559_2022_1661_MOESM4_ESM_source_data_fig2.txt	Baseline split induced from Source Data Fig. 2 maximum-credibility population tree.
LG01	LG01_SQ0136	Gadmor_bor_spc	Gadmor_lfc_spc	Gadmor_lfo_spc	Gadmor_two_spc	Gadmor_bor_spc,Gadmor_lfc_spc|Gadmor_lfo_spc,Gadmor_two_spc	Gadmor_bor_spc,Gadmor_lfc_spc|Gadmor_lfo_spc,Gadmor_two_spc	true	false	data/atlantic_cod/raw/nature_source_data/41559_2022_1661_MOESM4_ESM_source_data_fig2.txt	Baseline split induced from Source Data Fig. 2 maximum-credibility population tree.
LG01	LG01_SQ0137	Gadmor_bor_spc	Gadmor_lfo_spc	Gadmor_low_spc	Gadmor_two_spc	Gadmor_bor_spc,Gadmor_low_spc|Gadmor_lfo_spc,Gadmor_two_spc	Gadmor_bor_spc,Gadmor_low_spc|Gadmor_lfo_spc,Gadmor_two_spc	true	false	data/atlantic_cod/raw/nature_source_data/41559_2022_1661_MOESM4_ESM_source_data_fig2.txt	Baseline split induced from Source Data Fig. 2 maximum-credibility population tree.
LG01	LG01_SQ0138	Gadmor_bor_spc	Gadmor_lfo_spc	Gadmor_twc_spc	Gadmor_two_spc	Gadmor_bor_spc,Gadmor_twc_spc|Gadmor_lfo_spc,Gadmor_two_spc	Gadmor_bor_spc,Gadmor_lfo_spc|Gadmor_twc_spc,Gadmor_two_spc	false	true	data/atlantic_cod/raw/nature_source_data/41559_2022_1661_MOESM4_ESM_source_data_fig2.txt	Baseline split induced from Source Data Fig. 2 maximum-credibility population tree.
LG01	LG01_SQ0139	Gadmor_icc_spc	Gadmor_ico_spc	Gadmor_kie_spc	Gadmor_lfo_spc	Gadmor_icc_spc,Gadmor_kie_spc|Gadmor_ico_spc,Gadmor_lfo_spc	Gadmor_icc_spc,Gadmor_ico_spc|Gadmor_kie_spc,Gadmor_lfo_spc	false	true	data/atlantic_cod/raw/nature_source_data/41559_2022_1661_MOESM4_ESM_source_data_fig2.txt	Baseline split induced from Source Data Fig. 2 maximum-credibility population tree.
LG01	LG01_SQ0140	Gadmor_icc_spc	Gadmor_ico_spc	Gadmor_kie_spc	Gadmor_two_spc	Gadmor_icc_spc,Gadmor_kie_spc|Gadmor_ico_spc,Gadmor_two_spc	Gadmor_icc_spc,Gadmor_ico_spc|Gadmor_kie_spc,Gadmor_two_spc	false	true	data/atlantic_cod/raw/nature_source_data/41559_2022_1661_MOESM4_ESM_source_data_fig2.txt	Baseline split induced from Source Data Fig. 2 maximum-credibility population tree.
LG01	LG01_SQ0141	Gadmor_icc_spc	Gadmor_ico_spc	Gadmor_lfc_spc	Gadmor_lfo_spc	Gadmor_icc_spc,Gadmor_lfc_spc|Gadmor_ico_spc,Gadmor_lfo_spc	Gadmor_icc_spc,Gadmor_ico_spc|Gadmor_lfc_spc,Gadmor_lfo_spc	false	true	data/atlantic_cod/raw/nature_source_data/41559_2022_1661_MOESM4_ESM_source_data_fig2.txt	Baseline split induced from Source Data Fig. 2 maximum-credibility population tree.
LG01	LG01_SQ0142	Gadmor_icc_spc	Gadmor_ico_spc	Gadmor_lfc_spc	Gadmor_two_spc	Gadmor_icc_spc,Gadmor_lfc_spc|Gadmor_ico_spc,Gadmor_two_spc	Gadmor_icc_spc,Gadmor_ico_spc|Gadmor_lfc_spc,Gadmor_two_spc	false	true	data/atlantic_cod/raw/nature_source_data/41559_2022_1661_MOESM4_ESM_source_data_fig2.txt	Baseline split induced from Source Data Fig. 2 maximum-credibility population tree.
LG01	LG01_SQ0143	Gadmor_icc_spc	Gadmor_ico_spc	Gadmor_lfo_spc	Gadmor_low_spc	Gadmor_icc_spc,Gadmor_low_spc|Gadmor_ico_spc,Gadmor_lfo_spc	Gadmor_icc_spc,Gadmor_ico_spc|Gadmor_lfo_spc,Gadmor_low_spc	false	true	data/atlantic_cod/raw/nature_source_data/41559_2022_1661_MOESM4_ESM_source_data_fig2.txt	Baseline split induced from Source Data Fig. 2 maximum-credibility population tree.
LG01	LG01_SQ0144	Gadmor_icc_spc	Gadmor_ico_spc	Gadmor_lfo_spc	Gadmor_twc_spc	Gadmor_icc_spc,Gadmor_twc_spc|Gadmor_ico_spc,Gadmor_lfo_spc	Gadmor_icc_spc,Gadmor_ico_spc|Gadmor_lfo_spc,Gadmor_twc_spc	false	true	data/atlantic_cod/raw/nature_source_data/41559_2022_1661_MOESM4_ESM_source_data_fig2.txt	Baseline split induced from Source Data Fig. 2 maximum-credibility population tree.
LG01	LG01_SQ0145	Gadmor_icc_spc	Gadmor_ico_spc	Gadmor_low_spc	Gadmor_two_spc	Gadmor_icc_spc,Gadmor_low_spc|Gadmor_ico_spc,Gadmor_two_spc	Gadmor_icc_spc,Gadmor_ico_spc|Gadmor_low_spc,Gadmor_two_spc	false	true	data/atlantic_cod/raw/nature_source_data/41559_2022_1661_MOESM4_ESM_source_data_fig2.txt	Baseline split induced from Source Data Fig. 2 maximum-credibility population tree.
LG01	LG01_SQ0146	Gadmor_icc_spc	Gadmor_ico_spc	Gadmor_twc_spc	Gadmor_two_spc	Gadmor_icc_spc,Gadmor_twc_spc|Gadmor_ico_spc,Gadmor_two_spc	Gadmor_icc_spc,Gadmor_ico_spc|Gadmor_twc_spc,Gadmor_two_spc	false	true	data/atlantic_cod/raw/nature_source_data/41559_2022_1661_MOESM4_ESM_source_data_fig2.txt	Baseline split induced from Source Data Fig. 2 maximum-credibility population tree.
LG01	LG01_SQ0147	Gadmor_icc_spc	Gadmor_kie_spc	Gadmor_lfo_spc	Gadmor_two_spc	Gadmor_icc_spc,Gadmor_kie_spc|Gadmor_lfo_spc,Gadmor_two_spc	Gadmor_icc_spc,Gadmor_kie_spc|Gadmor_lfo_spc,Gadmor_two_spc	true	false	data/atlantic_cod/raw/nature_source_data/41559_2022_1661_MOESM4_ESM_source_data_fig2.txt	Baseline split induced from Source Data Fig. 2 maximum-credibility population tree.
LG01	LG01_SQ0148	Gadmor_icc_spc	Gadmor_lfc_spc	Gadmor_lfo_spc	Gadmor_two_spc	Gadmor_icc_spc,Gadmor_lfc_spc|Gadmor_lfo_spc,Gadmor_two_spc	Gadmor_icc_spc,Gadmor_lfc_spc|Gadmor_lfo_spc,Gadmor_two_spc	true	false	data/atlantic_cod/raw/nature_source_data/41559_2022_1661_MOESM4_ESM_source_data_fig2.txt	Baseline split induced from Source Data Fig. 2 maximum-credibility population tree.
LG01	LG01_SQ0149	Gadmor_icc_spc	Gadmor_lfo_spc	Gadmor_low_spc	Gadmor_two_spc	Gadmor_icc_spc,Gadmor_low_spc|Gadmor_lfo_spc,Gadmor_two_spc	Gadmor_icc_spc,Gadmor_low_spc|Gadmor_lfo_spc,Gadmor_two_spc	true	false	data/atlantic_cod/raw/nature_source_data/41559_2022_1661_MOESM4_ESM_source_data_fig2.txt	Baseline split induced from Source Data Fig. 2 maximum-credibility population tree.
LG01	LG01_SQ0150	Gadmor_icc_spc	Gadmor_lfo_spc	Gadmor_twc_spc	Gadmor_two_spc	Gadmor_icc_spc,Gadmor_twc_spc|Gadmor_lfo_spc,Gadmor_two_spc	Gadmor_icc_spc,Gadmor_lfo_spc|Gadmor_twc_spc,Gadmor_two_spc	false	true	data/atlantic_cod/raw/nature_source_data/41559_2022_1661_MOESM4_ESM_source_data_fig2.txt	Baseline split induced from Source Data Fig. 2 maximum-credibility population tree.
LG01	LG01_SQ0151	Gadmor_ico_spc	Gadmor_kie_spc	Gadmor_lfc_spc	Gadmor_lfo_spc	Gadmor_ico_spc,Gadmor_lfo_spc|Gadmor_kie_spc,Gadmor_lfc_spc	Gadmor_ico_spc,Gadmor_lfo_spc|Gadmor_kie_spc,Gadmor_lfc_spc	true	false	data/atlantic_cod/raw/nature_source_data/41559_2022_1661_MOESM4_ESM_source_data_fig2.txt	Baseline split induced from Source Data Fig. 2 maximum-credibility population tree.
LG01	LG01_SQ0152	Gadmor_ico_spc	Gadmor_kie_spc	Gadmor_lfc_spc	Gadmor_two_spc	Gadmor_ico_spc,Gadmor_two_spc|Gadmor_kie_spc,Gadmor_lfc_spc	Gadmor_ico_spc,Gadmor_two_spc|Gadmor_kie_spc,Gadmor_lfc_spc	true	false	data/atlantic_cod/raw/nature_source_data/41559_2022_1661_MOESM4_ESM_source_data_fig2.txt	Baseline split induced from Source Data Fig. 2 maximum-credibility population tree.
LG01	LG01_SQ0153	Gadmor_ico_spc	Gadmor_kie_spc	Gadmor_lfo_spc	Gadmor_low_spc	Gadmor_ico_spc,Gadmor_lfo_spc|Gadmor_kie_spc,Gadmor_low_spc	Gadmor_ico_spc,Gadmor_lfo_spc|Gadmor_kie_spc,Gadmor_low_spc	true	false	data/atlantic_cod/raw/nature_source_data/41559_2022_1661_MOESM4_ESM_source_data_fig2.txt	Baseline split induced from Source Data Fig. 2 maximum-credibility population tree.
LG01	LG01_SQ0154	Gadmor_ico_spc	Gadmor_kie_spc	Gadmor_lfo_spc	Gadmor_twc_spc	Gadmor_ico_spc,Gadmor_lfo_spc|Gadmor_kie_spc,Gadmor_twc_spc	Gadmor_ico_spc,Gadmor_kie_spc|Gadmor_lfo_spc,Gadmor_twc_spc	false	true	data/atlantic_cod/raw/nature_source_data/41559_2022_1661_MOESM4_ESM_source_data_fig2.txt	Baseline split induced from Source Data Fig. 2 maximum-credibility population tree.
LG01	LG01_SQ0155	Gadmor_ico_spc	Gadmor_kie_spc	Gadmor_low_spc	Gadmor_two_spc	Gadmor_ico_spc,Gadmor_two_spc|Gadmor_kie_spc,Gadmor_low_spc	Gadmor_ico_spc,Gadmor_two_spc|Gadmor_kie_spc,Gadmor_low_spc	true	false	data/atlantic_cod/raw/nature_source_data/41559_2022_1661_MOESM4_ESM_source_data_fig2.txt	Baseline split induced from Source Data Fig. 2 maximum-credibility population tree.
LG01	LG01_SQ0156	Gadmor_ico_spc	Gadmor_kie_spc	Gadmor_twc_spc	Gadmor_two_spc	Gadmor_ico_spc,Gadmor_two_spc|Gadmor_kie_spc,Gadmor_twc_spc	Gadmor_ico_spc,Gadmor_kie_spc|Gadmor_twc_spc,Gadmor_two_spc	false	true	data/atlantic_cod/raw/nature_source_data/41559_2022_1661_MOESM4_ESM_source_data_fig2.txt	Baseline split induced from Source Data Fig. 2 maximum-credibility population tree.
LG01	LG01_SQ0157	Gadmor_ico_spc	Gadmor_lfc_spc	Gadmor_lfo_spc	Gadmor_low_spc	Gadmor_ico_spc,Gadmor_lfo_spc|Gadmor_lfc_spc,Gadmor_low_spc	Gadmor_ico_spc,Gadmor_lfo_spc|Gadmor_lfc_spc,Gadmor_low_spc	true	false	data/atlantic_cod/raw/nature_source_data/41559_2022_1661_MOESM4_ESM_source_data_fig2.txt	Baseline split induced from Source Data Fig. 2 maximum-credibility population tree.
LG01	LG01_SQ0158	Gadmor_ico_spc	Gadmor_lfc_spc	Gadmor_lfo_spc	Gadmor_twc_spc	Gadmor_ico_spc,Gadmor_lfo_spc|Gadmor_lfc_spc,Gadmor_twc_spc	Gadmor_ico_spc,Gadmor_lfc_spc|Gadmor_lfo_spc,Gadmor_twc_spc	false	true	data/atlantic_cod/raw/nature_source_data/41559_2022_1661_MOESM4_ESM_source_data_fig2.txt	Baseline split induced from Source Data Fig. 2 maximum-credibility population tree.
LG01	LG01_SQ0159	Gadmor_ico_spc	Gadmor_lfc_spc	Gadmor_low_spc	Gadmor_two_spc	Gadmor_ico_spc,Gadmor_two_spc|Gadmor_lfc_spc,Gadmor_low_spc	Gadmor_ico_spc,Gadmor_two_spc|Gadmor_lfc_spc,Gadmor_low_spc	true	false	data/atlantic_cod/raw/nature_source_data/41559_2022_1661_MOESM4_ESM_source_data_fig2.txt	Baseline split induced from Source Data Fig. 2 maximum-credibility population tree.
LG01	LG01_SQ0160	Gadmor_ico_spc	Gadmor_lfc_spc	Gadmor_twc_spc	Gadmor_two_spc	Gadmor_ico_spc,Gadmor_two_spc|Gadmor_lfc_spc,Gadmor_twc_spc	Gadmor_ico_spc,Gadmor_lfc_spc|Gadmor_twc_spc,Gadmor_two_spc	false	true	data/atlantic_cod/raw/nature_source_data/41559_2022_1661_MOESM4_ESM_source_data_fig2.txt	Baseline split induced from Source Data Fig. 2 maximum-credibility population tree.
LG01	LG01_SQ0161	Gadmor_ico_spc	Gadmor_lfo_spc	Gadmor_low_spc	Gadmor_twc_spc	Gadmor_ico_spc,Gadmor_lfo_spc|Gadmor_low_spc,Gadmor_twc_spc	Gadmor_ico_spc,Gadmor_low_spc|Gadmor_lfo_spc,Gadmor_twc_spc	false	true	data/atlantic_cod/raw/nature_source_data/41559_2022_1661_MOESM4_ESM_source_data_fig2.txt	Baseline split induced from Source Data Fig. 2 maximum-credibility population tree.
LG01	LG01_SQ0162	Gadmor_ico_spc	Gadmor_low_spc	Gadmor_twc_spc	Gadmor_two_spc	Gadmor_ico_spc,Gadmor_two_spc|Gadmor_low_spc,Gadmor_twc_spc	Gadmor_ico_spc,Gadmor_low_spc|Gadmor_twc_spc,Gadmor_two_spc	false	true	data/atlantic_cod/raw/nature_source_data/41559_2022_1661_MOESM4_ESM_source_data_fig2.txt	Baseline split induced from Source Data Fig. 2 maximum-credibility population tree.
LG01	LG01_SQ0163	Gadmor_kie_spc	Gadmor_lfc_spc	Gadmor_lfo_spc	Gadmor_two_spc	Gadmor_kie_spc,Gadmor_lfc_spc|Gadmor_lfo_spc,Gadmor_two_spc	Gadmor_kie_spc,Gadmor_lfc_spc|Gadmor_lfo_spc,Gadmor_two_spc	true	false	data/atlantic_cod/raw/nature_source_data/41559_2022_1661_MOESM4_ESM_source_data_fig2.txt	Baseline split induced from Source Data Fig. 2 maximum-credibility population tree.
LG01	LG01_SQ0164	Gadmor_kie_spc	Gadmor_lfo_spc	Gadmor_low_spc	Gadmor_two_spc	Gadmor_kie_spc,Gadmor_low_spc|Gadmor_lfo_spc,Gadmor_two_spc	Gadmor_kie_spc,Gadmor_low_spc|Gadmor_lfo_spc,Gadmor_two_spc	true	false	data/atlantic_cod/raw/nature_source_data/41559_2022_1661_MOESM4_ESM_source_data_fig2.txt	Baseline split induced from Source Data Fig. 2 maximum-credibility population tree.
LG01	LG01_SQ0165	Gadmor_kie_spc	Gadmor_lfo_spc	Gadmor_twc_spc	Gadmor_two_spc	Gadmor_kie_spc,Gadmor_twc_spc|Gadmor_lfo_spc,Gadmor_two_spc	Gadmor_kie_spc,Gadmor_lfo_spc|Gadmor_twc_spc,Gadmor_two_spc	false	true	data/atlantic_cod/raw/nature_source_data/41559_2022_1661_MOESM4_ESM_source_data_fig2.txt	Baseline split induced from Source Data Fig. 2 maximum-credibility population tree.
LG01	LG01_SQ0166	Gadmor_lfc_spc	Gadmor_lfo_spc	Gadmor_low_spc	Gadmor_two_spc	Gadmor_lfc_spc,Gadmor_low_spc|Gadmor_lfo_spc,Gadmor_two_spc	Gadmor_lfc_spc,Gadmor_low_spc|Gadmor_lfo_spc,Gadmor_two_spc	true	false	data/atlantic_cod/raw/nature_source_data/41559_2022_1661_MOESM4_ESM_source_data_fig2.txt	Baseline split induced from Source Data Fig. 2 maximum-credibility population tree.
LG01	LG01_SQ0167	Gadmor_lfc_spc	Gadmor_lfo_spc	Gadmor_twc_spc	Gadmor_two_spc	Gadmor_lfc_spc,Gadmor_twc_spc|Gadmor_lfo_spc,Gadmor_two_spc	Gadmor_lfc_spc,Gadmor_lfo_spc|Gadmor_twc_spc,Gadmor_two_spc	false	true	data/atlantic_cod/raw/nature_source_data/41559_2022_1661_MOESM4_ESM_source_data_fig2.txt	Baseline split induced from Source Data Fig. 2 maximum-credibility population tree.
LG01	LG01_SQ0168	Gadmor_lfo_spc	Gadmor_low_spc	Gadmor_twc_spc	Gadmor_two_spc	Gadmor_lfo_spc,Gadmor_two_spc|Gadmor_low_spc,Gadmor_twc_spc	Gadmor_lfo_spc,Gadmor_low_spc|Gadmor_twc_spc,Gadmor_two_spc	false	true	data/atlantic_cod/raw/nature_source_data/41559_2022_1661_MOESM4_ESM_source_data_fig2.txt	Baseline split induced from Source Data Fig. 2 maximum-credibility population tree.
LG02	LG02_SQ0001	Gadmor_avc_spc	Gadmor_avo_spc	Gadmor_bat_spc	Gadmor_kie_spc	Gadmor_avc_spc,Gadmor_kie_spc|Gadmor_avo_spc,Gadmor_bat_spc	Gadmor_avc_spc,Gadmor_kie_spc|Gadmor_avo_spc,Gadmor_bat_spc	true	false	data/atlantic_cod/raw/nature_source_data/41559_2022_1661_MOESM4_ESM_source_data_fig2.txt	Baseline split induced from Source Data Fig. 2 maximum-credibility population tree.
LG02	LG02_SQ0002	Gadmor_avc_spc	Gadmor_avo_spc	Gadmor_bat_spc	Gadmor_lfc_spc	Gadmor_avc_spc,Gadmor_lfc_spc|Gadmor_avo_spc,Gadmor_bat_spc	Gadmor_avc_spc,Gadmor_lfc_spc|Gadmor_avo_spc,Gadmor_bat_spc	true	false	data/atlantic_cod/raw/nature_source_data/41559_2022_1661_MOESM4_ESM_source_data_fig2.txt	Baseline split induced from Source Data Fig. 2 maximum-credibility population tree.
LG02	LG02_SQ0003	Gadmor_avc_spc	Gadmor_avo_spc	Gadmor_bat_spc	Gadmor_low_spc	Gadmor_avc_spc,Gadmor_low_spc|Gadmor_avo_spc,Gadmor_bat_spc	Gadmor_avc_spc,Gadmor_low_spc|Gadmor_avo_spc,Gadmor_bat_spc	true	false	data/atlantic_cod/raw/nature_source_data/41559_2022_1661_MOESM4_ESM_source_data_fig2.txt	Baseline split induced from Source Data Fig. 2 maximum-credibility population tree.
LG02	LG02_SQ0004	Gadmor_avc_spc	Gadmor_avo_spc	Gadmor_bor_spc	Gadmor_kie_spc	Gadmor_avc_spc,Gadmor_kie_spc|Gadmor_avo_spc,Gadmor_bor_spc	Gadmor_avc_spc,Gadmor_avo_spc|Gadmor_bor_spc,Gadmor_kie_spc	false	true	data/atlantic_cod/raw/nature_source_data/41559_2022_1661_MOESM4_ESM_source_data_fig2.txt	Baseline split induced from Source Data Fig. 2 maximum-credibility population tree.
LG02	LG02_SQ0005	Gadmor_avc_spc	Gadmor_avo_spc	Gadmor_bor_spc	Gadmor_lfc_spc	Gadmor_avc_spc,Gadmor_lfc_spc|Gadmor_avo_spc,Gadmor_bor_spc	Gadmor_avc_spc,Gadmor_avo_spc|Gadmor_bor_spc,Gadmor_lfc_spc	false	true	data/atlantic_cod/raw/nature_source_data/41559_2022_1661_MOESM4_ESM_source_data_fig2.txt	Baseline split induced from Source Data Fig. 2 maximum-credibility population tree.
LG02	LG02_SQ0006	Gadmor_avc_spc	Gadmor_avo_spc	Gadmor_bor_spc	Gadmor_low_spc	Gadmor_avc_spc,Gadmor_low_spc|Gadmor_avo_spc,Gadmor_bor_spc	Gadmor_avc_spc,Gadmor_avo_spc|Gadmor_bor_spc,Gadmor_low_spc	false	true	data/atlantic_cod/raw/nature_source_data/41559_2022_1661_MOESM4_ESM_source_data_fig2.txt	Baseline split induced from Source Data Fig. 2 maximum-credibility population tree.
LG02	LG02_SQ0007	Gadmor_avc_spc	Gadmor_avo_spc	Gadmor_icc_spc	Gadmor_kie_spc	Gadmor_avc_spc,Gadmor_kie_spc|Gadmor_avo_spc,Gadmor_icc_spc	Gadmor_avc_spc,Gadmor_avo_spc|Gadmor_icc_spc,Gadmor_kie_spc	false	true	data/atlantic_cod/raw/nature_source_data/41559_2022_1661_MOESM4_ESM_source_data_fig2.txt	Baseline split induced from Source Data Fig. 2 maximum-credibility population tree.
LG02	LG02_SQ0008	Gadmor_avc_spc	Gadmor_avo_spc	Gadmor_icc_spc	Gadmor_lfc_spc	Gadmor_avc_spc,Gadmor_lfc_spc|Gadmor_avo_spc,Gadmor_icc_spc	Gadmor_avc_spc,Gadmor_avo_spc|Gadmor_icc_spc,Gadmor_lfc_spc	false	true	data/atlantic_cod/raw/nature_source_data/41559_2022_1661_MOESM4_ESM_source_data_fig2.txt	Baseline split induced from Source Data Fig. 2 maximum-credibility population tree.
LG02	LG02_SQ0009	Gadmor_avc_spc	Gadmor_avo_spc	Gadmor_icc_spc	Gadmor_low_spc	Gadmor_avc_spc,Gadmor_low_spc|Gadmor_avo_spc,Gadmor_icc_spc	Gadmor_avc_spc,Gadmor_avo_spc|Gadmor_icc_spc,Gadmor_low_spc	false	true	data/atlantic_cod/raw/nature_source_data/41559_2022_1661_MOESM4_ESM_source_data_fig2.txt	Baseline split induced from Source Data Fig. 2 maximum-credibility population tree.
LG02	LG02_SQ0010	Gadmor_avc_spc	Gadmor_avo_spc	Gadmor_ico_spc	Gadmor_kie_spc	Gadmor_avc_spc,Gadmor_kie_spc|Gadmor_avo_spc,Gadmor_ico_spc	Gadmor_avc_spc,Gadmor_avo_spc|Gadmor_ico_spc,Gadmor_kie_spc	false	true	data/atlantic_cod/raw/nature_source_data/41559_2022_1661_MOESM4_ESM_source_data_fig2.txt	Baseline split induced from Source Data Fig. 2 maximum-credibility population tree.
LG02	LG02_SQ0011	Gadmor_avc_spc	Gadmor_avo_spc	Gadmor_ico_spc	Gadmor_lfc_spc	Gadmor_avc_spc,Gadmor_lfc_spc|Gadmor_avo_spc,Gadmor_ico_spc	Gadmor_avc_spc,Gadmor_avo_spc|Gadmor_ico_spc,Gadmor_lfc_spc	false	true	data/atlantic_cod/raw/nature_source_data/41559_2022_1661_MOESM4_ESM_source_data_fig2.txt	Baseline split induced from Source Data Fig. 2 maximum-credibility population tree.
LG02	LG02_SQ0012	Gadmor_avc_spc	Gadmor_avo_spc	Gadmor_ico_spc	Gadmor_low_spc	Gadmor_avc_spc,Gadmor_low_spc|Gadmor_avo_spc,Gadmor_ico_spc	Gadmor_avc_spc,Gadmor_avo_spc|Gadmor_ico_spc,Gadmor_low_spc	false	true	data/atlantic_cod/raw/nature_source_data/41559_2022_1661_MOESM4_ESM_source_data_fig2.txt	Baseline split induced from Source Data Fig. 2 maximum-credibility population tree.
LG02	LG02_SQ0013	Gadmor_avc_spc	Gadmor_avo_spc	Gadmor_kie_spc	Gadmor_lfo_spc	Gadmor_avc_spc,Gadmor_kie_spc|Gadmor_avo_spc,Gadmor_lfo_spc	Gadmor_avc_spc,Gadmor_lfo_spc|Gadmor_avo_spc,Gadmor_kie_spc	false	true	data/atlantic_cod/raw/nature_source_data/41559_2022_1661_MOESM4_ESM_source_data_fig2.txt	Baseline split induced from Source Data Fig. 2 maximum-credibility population tree.
LG02	LG02_SQ0014	Gadmor_avc_spc	Gadmor_avo_spc	Gadmor_kie_spc	Gadmor_twc_spc	Gadmor_avc_spc,Gadmor_kie_spc|Gadmor_avo_spc,Gadmor_twc_spc	Gadmor_avc_spc,Gadmor_kie_spc|Gadmor_avo_spc,Gadmor_twc_spc	true	false	data/atlantic_cod/raw/nature_source_data/41559_2022_1661_MOESM4_ESM_source_data_fig2.txt	Baseline split induced from Source Data Fig. 2 maximum-credibility population tree.
LG02	LG02_SQ0015	Gadmor_avc_spc	Gadmor_avo_spc	Gadmor_kie_spc	Gadmor_two_spc	Gadmor_avc_spc,Gadmor_kie_spc|Gadmor_avo_spc,Gadmor_two_spc	Gadmor_avc_spc,Gadmor_kie_spc|Gadmor_avo_spc,Gadmor_two_spc	true	false	data/atlantic_cod/raw/nature_source_data/41559_2022_1661_MOESM4_ESM_source_data_fig2.txt	Baseline split induced from Source Data Fig. 2 maximum-credibility population tree.
LG02	LG02_SQ0016	Gadmor_avc_spc	Gadmor_avo_spc	Gadmor_lfc_spc	Gadmor_lfo_spc	Gadmor_avc_spc,Gadmor_lfc_spc|Gadmor_avo_spc,Gadmor_lfo_spc	Gadmor_avc_spc,Gadmor_lfo_spc|Gadmor_avo_spc,Gadmor_lfc_spc	false	true	data/atlantic_cod/raw/nature_source_data/41559_2022_1661_MOESM4_ESM_source_data_fig2.txt	Baseline split induced from Source Data Fig. 2 maximum-credibility population tree.
LG02	LG02_SQ0017	Gadmor_avc_spc	Gadmor_avo_spc	Gadmor_lfc_spc	Gadmor_twc_spc	Gadmor_avc_spc,Gadmor_lfc_spc|Gadmor_avo_spc,Gadmor_twc_spc	Gadmor_avc_spc,Gadmor_lfc_spc|Gadmor_avo_spc,Gadmor_twc_spc	true	false	data/atlantic_cod/raw/nature_source_data/41559_2022_1661_MOESM4_ESM_source_data_fig2.txt	Baseline split induced from Source Data Fig. 2 maximum-credibility population tree.
LG02	LG02_SQ0018	Gadmor_avc_spc	Gadmor_avo_spc	Gadmor_lfc_spc	Gadmor_two_spc	Gadmor_avc_spc,Gadmor_lfc_spc|Gadmor_avo_spc,Gadmor_two_spc	Gadmor_avc_spc,Gadmor_lfc_spc|Gadmor_avo_spc,Gadmor_two_spc	true	false	data/atlantic_cod/raw/nature_source_data/41559_2022_1661_MOESM4_ESM_source_data_fig2.txt	Baseline split induced from Source Data Fig. 2 maximum-credibility population tree.
LG02	LG02_SQ0019	Gadmor_avc_spc	Gadmor_avo_spc	Gadmor_lfo_spc	Gadmor_low_spc	Gadmor_avc_spc,Gadmor_low_spc|Gadmor_avo_spc,Gadmor_lfo_spc	Gadmor_avc_spc,Gadmor_lfo_spc|Gadmor_avo_spc,Gadmor_low_spc	false	true	data/atlantic_cod/raw/nature_source_data/41559_2022_1661_MOESM4_ESM_source_data_fig2.txt	Baseline split induced from Source Data Fig. 2 maximum-credibility population tree.
LG02	LG02_SQ0020	Gadmor_avc_spc	Gadmor_avo_spc	Gadmor_low_spc	Gadmor_twc_spc	Gadmor_avc_spc,Gadmor_low_spc|Gadmor_avo_spc,Gadmor_twc_spc	Gadmor_avc_spc,Gadmor_low_spc|Gadmor_avo_spc,Gadmor_twc_spc	true	false	data/atlantic_cod/raw/nature_source_data/41559_2022_1661_MOESM4_ESM_source_data_fig2.txt	Baseline split induced from Source Data Fig. 2 maximum-credibility population tree.
LG02	LG02_SQ0021	Gadmor_avc_spc	Gadmor_avo_spc	Gadmor_low_spc	Gadmor_two_spc	Gadmor_avc_spc,Gadmor_low_spc|Gadmor_avo_spc,Gadmor_two_spc	Gadmor_avc_spc,Gadmor_low_spc|Gadmor_avo_spc,Gadmor_two_spc	true	false	data/atlantic_cod/raw/nature_source_data/41559_2022_1661_MOESM4_ESM_source_data_fig2.txt	Baseline split induced from Source Data Fig. 2 maximum-credibility population tree.
LG02	LG02_SQ0022	Gadmor_avc_spc	Gadmor_bat_spc	Gadmor_bor_spc	Gadmor_kie_spc	Gadmor_avc_spc,Gadmor_kie_spc|Gadmor_bat_spc,Gadmor_bor_spc	Gadmor_avc_spc,Gadmor_bat_spc|Gadmor_bor_spc,Gadmor_kie_spc	false	true	data/atlantic_cod/raw/nature_source_data/41559_2022_1661_MOESM4_ESM_source_data_fig2.txt	Baseline split induced from Source Data Fig. 2 maximum-credibility population tree.
LG02	LG02_SQ0023	Gadmor_avc_spc	Gadmor_bat_spc	Gadmor_bor_spc	Gadmor_lfc_spc	Gadmor_avc_spc,Gadmor_lfc_spc|Gadmor_bat_spc,Gadmor_bor_spc	Gadmor_avc_spc,Gadmor_bat_spc|Gadmor_bor_spc,Gadmor_lfc_spc	false	true	data/atlantic_cod/raw/nature_source_data/41559_2022_1661_MOESM4_ESM_source_data_fig2.txt	Baseline split induced from Source Data Fig. 2 maximum-credibility population tree.
LG02	LG02_SQ0024	Gadmor_avc_spc	Gadmor_bat_spc	Gadmor_bor_spc	Gadmor_low_spc	Gadmor_avc_spc,Gadmor_low_spc|Gadmor_bat_spc,Gadmor_bor_spc	Gadmor_avc_spc,Gadmor_bat_spc|Gadmor_bor_spc,Gadmor_low_spc	false	true	data/atlantic_cod/raw/nature_source_data/41559_2022_1661_MOESM4_ESM_source_data_fig2.txt	Baseline split induced from Source Data Fig. 2 maximum-credibility population tree.
LG02	LG02_SQ0025	Gadmor_avc_spc	Gadmor_bat_spc	Gadmor_icc_spc	Gadmor_kie_spc	Gadmor_avc_spc,Gadmor_kie_spc|Gadmor_bat_spc,Gadmor_icc_spc	Gadmor_avc_spc,Gadmor_bat_spc|Gadmor_icc_spc,Gadmor_kie_spc	false	true	data/atlantic_cod/raw/nature_source_data/41559_2022_1661_MOESM4_ESM_source_data_fig2.txt	Baseline split induced from Source Data Fig. 2 maximum-credibility population tree.
LG02	LG02_SQ0026	Gadmor_avc_spc	Gadmor_bat_spc	Gadmor_icc_spc	Gadmor_lfc_spc	Gadmor_avc_spc,Gadmor_lfc_spc|Gadmor_bat_spc,Gadmor_icc_spc	Gadmor_avc_spc,Gadmor_bat_spc|Gadmor_icc_spc,Gadmor_lfc_spc	false	true	data/atlantic_cod/raw/nature_source_data/41559_2022_1661_MOESM4_ESM_source_data_fig2.txt	Baseline split induced from Source Data Fig. 2 maximum-credibility population tree.
LG02	LG02_SQ0027	Gadmor_avc_spc	Gadmor_bat_spc	Gadmor_icc_spc	Gadmor_low_spc	Gadmor_avc_spc,Gadmor_low_spc|Gadmor_bat_spc,Gadmor_icc_spc	Gadmor_avc_spc,Gadmor_bat_spc|Gadmor_icc_spc,Gadmor_low_spc	false	true	data/atlantic_cod/raw/nature_source_data/41559_2022_1661_MOESM4_ESM_source_data_fig2.txt	Baseline split induced from Source Data Fig. 2 maximum-credibility population tree.
LG02	LG02_SQ0028	Gadmor_avc_spc	Gadmor_bat_spc	Gadmor_ico_spc	Gadmor_kie_spc	Gadmor_avc_spc,Gadmor_kie_spc|Gadmor_bat_spc,Gadmor_ico_spc	Gadmor_avc_spc,Gadmor_bat_spc|Gadmor_ico_spc,Gadmor_kie_spc	false	true	data/atlantic_cod/raw/nature_source_data/41559_2022_1661_MOESM4_ESM_source_data_fig2.txt	Baseline split induced from Source Data Fig. 2 maximum-credibility population tree.
LG02	LG02_SQ0029	Gadmor_avc_spc	Gadmor_bat_spc	Gadmor_ico_spc	Gadmor_lfc_spc	Gadmor_avc_spc,Gadmor_lfc_spc|Gadmor_bat_spc,Gadmor_ico_spc	Gadmor_avc_spc,Gadmor_bat_spc|Gadmor_ico_spc,Gadmor_lfc_spc	false	true	data/atlantic_cod/raw/nature_source_data/41559_2022_1661_MOESM4_ESM_source_data_fig2.txt	Baseline split induced from Source Data Fig. 2 maximum-credibility population tree.
LG02	LG02_SQ0030	Gadmor_avc_spc	Gadmor_bat_spc	Gadmor_ico_spc	Gadmor_low_spc	Gadmor_avc_spc,Gadmor_low_spc|Gadmor_bat_spc,Gadmor_ico_spc	Gadmor_avc_spc,Gadmor_bat_spc|Gadmor_ico_spc,Gadmor_low_spc	false	true	data/atlantic_cod/raw/nature_source_data/41559_2022_1661_MOESM4_ESM_source_data_fig2.txt	Baseline split induced from Source Data Fig. 2 maximum-credibility population tree.
LG02	LG02_SQ0031	Gadmor_avc_spc	Gadmor_bat_spc	Gadmor_kie_spc	Gadmor_lfo_spc	Gadmor_avc_spc,Gadmor_kie_spc|Gadmor_bat_spc,Gadmor_lfo_spc	Gadmor_avc_spc,Gadmor_lfo_spc|Gadmor_bat_spc,Gadmor_kie_spc	false	true	data/atlantic_cod/raw/nature_source_data/41559_2022_1661_MOESM4_ESM_source_data_fig2.txt	Baseline split induced from Source Data Fig. 2 maximum-credibility population tree.
LG02	LG02_SQ0032	Gadmor_avc_spc	Gadmor_bat_spc	Gadmor_kie_spc	Gadmor_twc_spc	Gadmor_avc_spc,Gadmor_kie_spc|Gadmor_bat_spc,Gadmor_twc_spc	Gadmor_avc_spc,Gadmor_kie_spc|Gadmor_bat_spc,Gadmor_twc_spc	true	false	data/atlantic_cod/raw/nature_source_data/41559_2022_1661_MOESM4_ESM_source_data_fig2.txt	Baseline split induced from Source Data Fig. 2 maximum-credibility population tree.
LG02	LG02_SQ0033	Gadmor_avc_spc	Gadmor_bat_spc	Gadmor_kie_spc	Gadmor_two_spc	Gadmor_avc_spc,Gadmor_kie_spc|Gadmor_bat_spc,Gadmor_two_spc	Gadmor_avc_spc,Gadmor_kie_spc|Gadmor_bat_spc,Gadmor_two_spc	true	false	data/atlantic_cod/raw/nature_source_data/41559_2022_1661_MOESM4_ESM_source_data_fig2.txt	Baseline split induced from Source Data Fig. 2 maximum-credibility population tree.
LG02	LG02_SQ0034	Gadmor_avc_spc	Gadmor_bat_spc	Gadmor_lfc_spc	Gadmor_lfo_spc	Gadmor_avc_spc,Gadmor_lfc_spc|Gadmor_bat_spc,Gadmor_lfo_spc	Gadmor_avc_spc,Gadmor_lfo_spc|Gadmor_bat_spc,Gadmor_lfc_spc	false	true	data/atlantic_cod/raw/nature_source_data/41559_2022_1661_MOESM4_ESM_source_data_fig2.txt	Baseline split induced from Source Data Fig. 2 maximum-credibility population tree.
LG02	LG02_SQ0035	Gadmor_avc_spc	Gadmor_bat_spc	Gadmor_lfc_spc	Gadmor_twc_spc	Gadmor_avc_spc,Gadmor_lfc_spc|Gadmor_bat_spc,Gadmor_twc_spc	Gadmor_avc_spc,Gadmor_lfc_spc|Gadmor_bat_spc,Gadmor_twc_spc	true	false	data/atlantic_cod/raw/nature_source_data/41559_2022_1661_MOESM4_ESM_source_data_fig2.txt	Baseline split induced from Source Data Fig. 2 maximum-credibility population tree.
LG02	LG02_SQ0036	Gadmor_avc_spc	Gadmor_bat_spc	Gadmor_lfc_spc	Gadmor_two_spc	Gadmor_avc_spc,Gadmor_lfc_spc|Gadmor_bat_spc,Gadmor_two_spc	Gadmor_avc_spc,Gadmor_lfc_spc|Gadmor_bat_spc,Gadmor_two_spc	true	false	data/atlantic_cod/raw/nature_source_data/41559_2022_1661_MOESM4_ESM_source_data_fig2.txt	Baseline split induced from Source Data Fig. 2 maximum-credibility population tree.
LG02	LG02_SQ0037	Gadmor_avc_spc	Gadmor_bat_spc	Gadmor_lfo_spc	Gadmor_low_spc	Gadmor_avc_spc,Gadmor_low_spc|Gadmor_bat_spc,Gadmor_lfo_spc	Gadmor_avc_spc,Gadmor_lfo_spc|Gadmor_bat_spc,Gadmor_low_spc	false	true	data/atlantic_cod/raw/nature_source_data/41559_2022_1661_MOESM4_ESM_source_data_fig2.txt	Baseline split induced from Source Data Fig. 2 maximum-credibility population tree.
LG02	LG02_SQ0038	Gadmor_avc_spc	Gadmor_bat_spc	Gadmor_low_spc	Gadmor_twc_spc	Gadmor_avc_spc,Gadmor_low_spc|Gadmor_bat_spc,Gadmor_twc_spc	Gadmor_avc_spc,Gadmor_low_spc|Gadmor_bat_spc,Gadmor_twc_spc	true	false	data/atlantic_cod/raw/nature_source_data/41559_2022_1661_MOESM4_ESM_source_data_fig2.txt	Baseline split induced from Source Data Fig. 2 maximum-credibility population tree.
LG02	LG02_SQ0039	Gadmor_avc_spc	Gadmor_bat_spc	Gadmor_low_spc	Gadmor_two_spc	Gadmor_avc_spc,Gadmor_low_spc|Gadmor_bat_spc,Gadmor_two_spc	Gadmor_avc_spc,Gadmor_low_spc|Gadmor_bat_spc,Gadmor_two_spc	true	false	data/atlantic_cod/raw/nature_source_data/41559_2022_1661_MOESM4_ESM_source_data_fig2.txt	Baseline split induced from Source Data Fig. 2 maximum-credibility population tree.
LG02	LG02_SQ0040	Gadmor_avc_spc	Gadmor_bor_spc	Gadmor_icc_spc	Gadmor_kie_spc	Gadmor_avc_spc,Gadmor_kie_spc|Gadmor_bor_spc,Gadmor_icc_spc	Gadmor_avc_spc,Gadmor_icc_spc|Gadmor_bor_spc,Gadmor_kie_spc	false	true	data/atlantic_cod/raw/nature_source_data/41559_2022_1661_MOESM4_ESM_source_data_fig2.txt	Baseline split induced from Source Data Fig. 2 maximum-credibility population tree.
LG02	LG02_SQ0041	Gadmor_avc_spc	Gadmor_bor_spc	Gadmor_icc_spc	Gadmor_lfc_spc	Gadmor_avc_spc,Gadmor_lfc_spc|Gadmor_bor_spc,Gadmor_icc_spc	Gadmor_avc_spc,Gadmor_icc_spc|Gadmor_bor_spc,Gadmor_lfc_spc	false	true	data/atlantic_cod/raw/nature_source_data/41559_2022_1661_MOESM4_ESM_source_data_fig2.txt	Baseline split induced from Source Data Fig. 2 maximum-credibility population tree.
LG02	LG02_SQ0042	Gadmor_avc_spc	Gadmor_bor_spc	Gadmor_icc_spc	Gadmor_low_spc	Gadmor_avc_spc,Gadmor_low_spc|Gadmor_bor_spc,Gadmor_icc_spc	Gadmor_avc_spc,Gadmor_icc_spc|Gadmor_bor_spc,Gadmor_low_spc	false	true	data/atlantic_cod/raw/nature_source_data/41559_2022_1661_MOESM4_ESM_source_data_fig2.txt	Baseline split induced from Source Data Fig. 2 maximum-credibility population tree.
LG02	LG02_SQ0043	Gadmor_avc_spc	Gadmor_bor_spc	Gadmor_ico_spc	Gadmor_kie_spc	Gadmor_avc_spc,Gadmor_kie_spc|Gadmor_bor_spc,Gadmor_ico_spc	Gadmor_avc_spc,Gadmor_ico_spc|Gadmor_bor_spc,Gadmor_kie_spc	false	true	data/atlantic_cod/raw/nature_source_data/41559_2022_1661_MOESM4_ESM_source_data_fig2.txt	Baseline split induced from Source Data Fig. 2 maximum-credibility population tree.
LG02	LG02_SQ0044	Gadmor_avc_spc	Gadmor_bor_spc	Gadmor_ico_spc	Gadmor_lfc_spc	Gadmor_avc_spc,Gadmor_lfc_spc|Gadmor_bor_spc,Gadmor_ico_spc	Gadmor_avc_spc,Gadmor_ico_spc|Gadmor_bor_spc,Gadmor_lfc_spc	false	true	data/atlantic_cod/raw/nature_source_data/41559_2022_1661_MOESM4_ESM_source_data_fig2.txt	Baseline split induced from Source Data Fig. 2 maximum-credibility population tree.
LG02	LG02_SQ0045	Gadmor_avc_spc	Gadmor_bor_spc	Gadmor_ico_spc	Gadmor_low_spc	Gadmor_avc_spc,Gadmor_low_spc|Gadmor_bor_spc,Gadmor_ico_spc	Gadmor_avc_spc,Gadmor_ico_spc|Gadmor_bor_spc,Gadmor_low_spc	false	true	data/atlantic_cod/raw/nature_source_data/41559_2022_1661_MOESM4_ESM_source_data_fig2.txt	Baseline split induced from Source Data Fig. 2 maximum-credibility population tree.
LG02	LG02_SQ0046	Gadmor_avc_spc	Gadmor_bor_spc	Gadmor_kie_spc	Gadmor_lfo_spc	Gadmor_avc_spc,Gadmor_kie_spc|Gadmor_bor_spc,Gadmor_lfo_spc	Gadmor_avc_spc,Gadmor_lfo_spc|Gadmor_bor_spc,Gadmor_kie_spc	false	true	data/atlantic_cod/raw/nature_source_data/41559_2022_1661_MOESM4_ESM_source_data_fig2.txt	Baseline split induced from Source Data Fig. 2 maximum-credibility population tree.
LG02	LG02_SQ0047	Gadmor_avc_spc	Gadmor_bor_spc	Gadmor_kie_spc	Gadmor_twc_spc	Gadmor_avc_spc,Gadmor_kie_spc|Gadmor_bor_spc,Gadmor_twc_spc	Gadmor_avc_spc,Gadmor_twc_spc|Gadmor_bor_spc,Gadmor_kie_spc	false	true	data/atlantic_cod/raw/nature_source_data/41559_2022_1661_MOESM4_ESM_source_data_fig2.txt	Baseline split induced from Source Data Fig. 2 maximum-credibility population tree.
LG02	LG02_SQ0048	Gadmor_avc_spc	Gadmor_bor_spc	Gadmor_kie_spc	Gadmor_two_spc	Gadmor_avc_spc,Gadmor_kie_spc|Gadmor_bor_spc,Gadmor_two_spc	Gadmor_avc_spc,Gadmor_two_spc|Gadmor_bor_spc,Gadmor_kie_spc	false	true	data/atlantic_cod/raw/nature_source_data/41559_2022_1661_MOESM4_ESM_source_data_fig2.txt	Baseline split induced from Source Data Fig. 2 maximum-credibility population tree.
LG02	LG02_SQ0049	Gadmor_avc_spc	Gadmor_bor_spc	Gadmor_lfc_spc	Gadmor_lfo_spc	Gadmor_avc_spc,Gadmor_lfc_spc|Gadmor_bor_spc,Gadmor_lfo_spc	Gadmor_avc_spc,Gadmor_lfo_spc|Gadmor_bor_spc,Gadmor_lfc_spc	false	true	data/atlantic_cod/raw/nature_source_data/41559_2022_1661_MOESM4_ESM_source_data_fig2.txt	Baseline split induced from Source Data Fig. 2 maximum-credibility population tree.
LG02	LG02_SQ0050	Gadmor_avc_spc	Gadmor_bor_spc	Gadmor_lfc_spc	Gadmor_twc_spc	Gadmor_avc_spc,Gadmor_lfc_spc|Gadmor_bor_spc,Gadmor_twc_spc	Gadmor_avc_spc,Gadmor_twc_spc|Gadmor_bor_spc,Gadmor_lfc_spc	false	true	data/atlantic_cod/raw/nature_source_data/41559_2022_1661_MOESM4_ESM_source_data_fig2.txt	Baseline split induced from Source Data Fig. 2 maximum-credibility population tree.
LG02	LG02_SQ0051	Gadmor_avc_spc	Gadmor_bor_spc	Gadmor_lfc_spc	Gadmor_two_spc	Gadmor_avc_spc,Gadmor_lfc_spc|Gadmor_bor_spc,Gadmor_two_spc	Gadmor_avc_spc,Gadmor_two_spc|Gadmor_bor_spc,Gadmor_lfc_spc	false	true	data/atlantic_cod/raw/nature_source_data/41559_2022_1661_MOESM4_ESM_source_data_fig2.txt	Baseline split induced from Source Data Fig. 2 maximum-credibility population tree.
LG02	LG02_SQ0052	Gadmor_avc_spc	Gadmor_bor_spc	Gadmor_lfo_spc	Gadmor_low_spc	Gadmor_avc_spc,Gadmor_low_spc|Gadmor_bor_spc,Gadmor_lfo_spc	Gadmor_avc_spc,Gadmor_lfo_spc|Gadmor_bor_spc,Gadmor_low_spc	false	true	data/atlantic_cod/raw/nature_source_data/41559_2022_1661_MOESM4_ESM_source_data_fig2.txt	Baseline split induced from Source Data Fig. 2 maximum-credibility population tree.
LG02	LG02_SQ0053	Gadmor_avc_spc	Gadmor_bor_spc	Gadmor_low_spc	Gadmor_twc_spc	Gadmor_avc_spc,Gadmor_low_spc|Gadmor_bor_spc,Gadmor_twc_spc	Gadmor_avc_spc,Gadmor_twc_spc|Gadmor_bor_spc,Gadmor_low_spc	false	true	data/atlantic_cod/raw/nature_source_data/41559_2022_1661_MOESM4_ESM_source_data_fig2.txt	Baseline split induced from Source Data Fig. 2 maximum-credibility population tree.
LG02	LG02_SQ0054	Gadmor_avc_spc	Gadmor_bor_spc	Gadmor_low_spc	Gadmor_two_spc	Gadmor_avc_spc,Gadmor_low_spc|Gadmor_bor_spc,Gadmor_two_spc	Gadmor_avc_spc,Gadmor_two_spc|Gadmor_bor_spc,Gadmor_low_spc	false	true	data/atlantic_cod/raw/nature_source_data/41559_2022_1661_MOESM4_ESM_source_data_fig2.txt	Baseline split induced from Source Data Fig. 2 maximum-credibility population tree.
LG02	LG02_SQ0055	Gadmor_avc_spc	Gadmor_icc_spc	Gadmor_ico_spc	Gadmor_kie_spc	Gadmor_avc_spc,Gadmor_kie_spc|Gadmor_icc_spc,Gadmor_ico_spc	Gadmor_avc_spc,Gadmor_kie_spc|Gadmor_icc_spc,Gadmor_ico_spc	true	false	data/atlantic_cod/raw/nature_source_data/41559_2022_1661_MOESM4_ESM_source_data_fig2.txt	Baseline split induced from Source Data Fig. 2 maximum-credibility population tree.
LG02	LG02_SQ0056	Gadmor_avc_spc	Gadmor_icc_spc	Gadmor_ico_spc	Gadmor_lfc_spc	Gadmor_avc_spc,Gadmor_lfc_spc|Gadmor_icc_spc,Gadmor_ico_spc	Gadmor_avc_spc,Gadmor_lfc_spc|Gadmor_icc_spc,Gadmor_ico_spc	true	false	data/atlantic_cod/raw/nature_source_data/41559_2022_1661_MOESM4_ESM_source_data_fig2.txt	Baseline split induced from Source Data Fig. 2 maximum-credibility population tree.
LG02	LG02_SQ0057	Gadmor_avc_spc	Gadmor_icc_spc	Gadmor_ico_spc	Gadmor_low_spc	Gadmor_avc_spc,Gadmor_low_spc|Gadmor_icc_spc,Gadmor_ico_spc	Gadmor_avc_spc,Gadmor_low_spc|Gadmor_icc_spc,Gadmor_ico_spc	true	false	data/atlantic_cod/raw/nature_source_data/41559_2022_1661_MOESM4_ESM_source_data_fig2.txt	Baseline split induced from Source Data Fig. 2 maximum-credibility population tree.
LG02	LG02_SQ0058	Gadmor_avc_spc	Gadmor_icc_spc	Gadmor_kie_spc	Gadmor_lfo_spc	Gadmor_avc_spc,Gadmor_kie_spc|Gadmor_icc_spc,Gadmor_lfo_spc	Gadmor_avc_spc,Gadmor_lfo_spc|Gadmor_icc_spc,Gadmor_kie_spc	false	true	data/atlantic_cod/raw/nature_source_data/41559_2022_1661_MOESM4_ESM_source_data_fig2.txt	Baseline split induced from Source Data Fig. 2 maximum-credibility population tree.
LG02	LG02_SQ0059	Gadmor_avc_spc	Gadmor_icc_spc	Gadmor_kie_spc	Gadmor_twc_spc	Gadmor_avc_spc,Gadmor_kie_spc|Gadmor_icc_spc,Gadmor_twc_spc	Gadmor_avc_spc,Gadmor_twc_spc|Gadmor_icc_spc,Gadmor_kie_spc	false	true	data/atlantic_cod/raw/nature_source_data/41559_2022_1661_MOESM4_ESM_source_data_fig2.txt	Baseline split induced from Source Data Fig. 2 maximum-credibility population tree.
LG02	LG02_SQ0060	Gadmor_avc_spc	Gadmor_icc_spc	Gadmor_kie_spc	Gadmor_two_spc	Gadmor_avc_spc,Gadmor_kie_spc|Gadmor_icc_spc,Gadmor_two_spc	Gadmor_avc_spc,Gadmor_two_spc|Gadmor_icc_spc,Gadmor_kie_spc	false	true	data/atlantic_cod/raw/nature_source_data/41559_2022_1661_MOESM4_ESM_source_data_fig2.txt	Baseline split induced from Source Data Fig. 2 maximum-credibility population tree.
LG02	LG02_SQ0061	Gadmor_avc_spc	Gadmor_icc_spc	Gadmor_lfc_spc	Gadmor_lfo_spc	Gadmor_avc_spc,Gadmor_lfc_spc|Gadmor_icc_spc,Gadmor_lfo_spc	Gadmor_avc_spc,Gadmor_lfo_spc|Gadmor_icc_spc,Gadmor_lfc_spc	false	true	data/atlantic_cod/raw/nature_source_data/41559_2022_1661_MOESM4_ESM_source_data_fig2.txt	Baseline split induced from Source Data Fig. 2 maximum-credibility population tree.
LG02	LG02_SQ0062	Gadmor_avc_spc	Gadmor_icc_spc	Gadmor_lfc_spc	Gadmor_twc_spc	Gadmor_avc_spc,Gadmor_lfc_spc|Gadmor_icc_spc,Gadmor_twc_spc	Gadmor_avc_spc,Gadmor_twc_spc|Gadmor_icc_spc,Gadmor_lfc_spc	false	true	data/atlantic_cod/raw/nature_source_data/41559_2022_1661_MOESM4_ESM_source_data_fig2.txt	Baseline split induced from Source Data Fig. 2 maximum-credibility population tree.
LG02	LG02_SQ0063	Gadmor_avc_spc	Gadmor_icc_spc	Gadmor_lfc_spc	Gadmor_two_spc	Gadmor_avc_spc,Gadmor_lfc_spc|Gadmor_icc_spc,Gadmor_two_spc	Gadmor_avc_spc,Gadmor_two_spc|Gadmor_icc_spc,Gadmor_lfc_spc	false	true	data/atlantic_cod/raw/nature_source_data/41559_2022_1661_MOESM4_ESM_source_data_fig2.txt	Baseline split induced from Source Data Fig. 2 maximum-credibility population tree.
LG02	LG02_SQ0064	Gadmor_avc_spc	Gadmor_icc_spc	Gadmor_lfo_spc	Gadmor_low_spc	Gadmor_avc_spc,Gadmor_low_spc|Gadmor_icc_spc,Gadmor_lfo_spc	Gadmor_avc_spc,Gadmor_lfo_spc|Gadmor_icc_spc,Gadmor_low_spc	false	true	data/atlantic_cod/raw/nature_source_data/41559_2022_1661_MOESM4_ESM_source_data_fig2.txt	Baseline split induced from Source Data Fig. 2 maximum-credibility population tree.
LG02	LG02_SQ0065	Gadmor_avc_spc	Gadmor_icc_spc	Gadmor_low_spc	Gadmor_twc_spc	Gadmor_avc_spc,Gadmor_low_spc|Gadmor_icc_spc,Gadmor_twc_spc	Gadmor_avc_spc,Gadmor_twc_spc|Gadmor_icc_spc,Gadmor_low_spc	false	true	data/atlantic_cod/raw/nature_source_data/41559_2022_1661_MOESM4_ESM_source_data_fig2.txt	Baseline split induced from Source Data Fig. 2 maximum-credibility population tree.
LG02	LG02_SQ0066	Gadmor_avc_spc	Gadmor_icc_spc	Gadmor_low_spc	Gadmor_two_spc	Gadmor_avc_spc,Gadmor_low_spc|Gadmor_icc_spc,Gadmor_two_spc	Gadmor_avc_spc,Gadmor_two_spc|Gadmor_icc_spc,Gadmor_low_spc	false	true	data/atlantic_cod/raw/nature_source_data/41559_2022_1661_MOESM4_ESM_source_data_fig2.txt	Baseline split induced from Source Data Fig. 2 maximum-credibility population tree.
LG02	LG02_SQ0067	Gadmor_avc_spc	Gadmor_ico_spc	Gadmor_kie_spc	Gadmor_lfo_spc	Gadmor_avc_spc,Gadmor_kie_spc|Gadmor_ico_spc,Gadmor_lfo_spc	Gadmor_avc_spc,Gadmor_lfo_spc|Gadmor_ico_spc,Gadmor_kie_spc	false	true	data/atlantic_cod/raw/nature_source_data/41559_2022_1661_MOESM4_ESM_source_data_fig2.txt	Baseline split induced from Source Data Fig. 2 maximum-credibility population tree.
LG02	LG02_SQ0068	Gadmor_avc_spc	Gadmor_ico_spc	Gadmor_kie_spc	Gadmor_twc_spc	Gadmor_avc_spc,Gadmor_kie_spc|Gadmor_ico_spc,Gadmor_twc_spc	Gadmor_avc_spc,Gadmor_twc_spc|Gadmor_ico_spc,Gadmor_kie_spc	false	true	data/atlantic_cod/raw/nature_source_data/41559_2022_1661_MOESM4_ESM_source_data_fig2.txt	Baseline split induced from Source Data Fig. 2 maximum-credibility population tree.
LG02	LG02_SQ0069	Gadmor_avc_spc	Gadmor_ico_spc	Gadmor_kie_spc	Gadmor_two_spc	Gadmor_avc_spc,Gadmor_kie_spc|Gadmor_ico_spc,Gadmor_two_spc	Gadmor_avc_spc,Gadmor_two_spc|Gadmor_ico_spc,Gadmor_kie_spc	false	true	data/atlantic_cod/raw/nature_source_data/41559_2022_1661_MOESM4_ESM_source_data_fig2.txt	Baseline split induced from Source Data Fig. 2 maximum-credibility population tree.
LG02	LG02_SQ0070	Gadmor_avc_spc	Gadmor_ico_spc	Gadmor_lfc_spc	Gadmor_lfo_spc	Gadmor_avc_spc,Gadmor_lfc_spc|Gadmor_ico_spc,Gadmor_lfo_spc	Gadmor_avc_spc,Gadmor_lfo_spc|Gadmor_ico_spc,Gadmor_lfc_spc	false	true	data/atlantic_cod/raw/nature_source_data/41559_2022_1661_MOESM4_ESM_source_data_fig2.txt	Baseline split induced from Source Data Fig. 2 maximum-credibility population tree.
LG02	LG02_SQ0071	Gadmor_avc_spc	Gadmor_ico_spc	Gadmor_lfc_spc	Gadmor_twc_spc	Gadmor_avc_spc,Gadmor_lfc_spc|Gadmor_ico_spc,Gadmor_twc_spc	Gadmor_avc_spc,Gadmor_twc_spc|Gadmor_ico_spc,Gadmor_lfc_spc	false	true	data/atlantic_cod/raw/nature_source_data/41559_2022_1661_MOESM4_ESM_source_data_fig2.txt	Baseline split induced from Source Data Fig. 2 maximum-credibility population tree.
LG02	LG02_SQ0072	Gadmor_avc_spc	Gadmor_ico_spc	Gadmor_lfc_spc	Gadmor_two_spc	Gadmor_avc_spc,Gadmor_lfc_spc|Gadmor_ico_spc,Gadmor_two_spc	Gadmor_avc_spc,Gadmor_two_spc|Gadmor_ico_spc,Gadmor_lfc_spc	false	true	data/atlantic_cod/raw/nature_source_data/41559_2022_1661_MOESM4_ESM_source_data_fig2.txt	Baseline split induced from Source Data Fig. 2 maximum-credibility population tree.
LG02	LG02_SQ0073	Gadmor_avc_spc	Gadmor_ico_spc	Gadmor_lfo_spc	Gadmor_low_spc	Gadmor_avc_spc,Gadmor_low_spc|Gadmor_ico_spc,Gadmor_lfo_spc	Gadmor_avc_spc,Gadmor_lfo_spc|Gadmor_ico_spc,Gadmor_low_spc	false	true	data/atlantic_cod/raw/nature_source_data/41559_2022_1661_MOESM4_ESM_source_data_fig2.txt	Baseline split induced from Source Data Fig. 2 maximum-credibility population tree.
LG02	LG02_SQ0074	Gadmor_avc_spc	Gadmor_ico_spc	Gadmor_low_spc	Gadmor_twc_spc	Gadmor_avc_spc,Gadmor_low_spc|Gadmor_ico_spc,Gadmor_twc_spc	Gadmor_avc_spc,Gadmor_twc_spc|Gadmor_ico_spc,Gadmor_low_spc	false	true	data/atlantic_cod/raw/nature_source_data/41559_2022_1661_MOESM4_ESM_source_data_fig2.txt	Baseline split induced from Source Data Fig. 2 maximum-credibility population tree.
LG02	LG02_SQ0075	Gadmor_avc_spc	Gadmor_ico_spc	Gadmor_low_spc	Gadmor_two_spc	Gadmor_avc_spc,Gadmor_low_spc|Gadmor_ico_spc,Gadmor_two_spc	Gadmor_avc_spc,Gadmor_two_spc|Gadmor_ico_spc,Gadmor_low_spc	false	true	data/atlantic_cod/raw/nature_source_data/41559_2022_1661_MOESM4_ESM_source_data_fig2.txt	Baseline split induced from Source Data Fig. 2 maximum-credibility population tree.
LG02	LG02_SQ0076	Gadmor_avc_spc	Gadmor_kie_spc	Gadmor_lfo_spc	Gadmor_twc_spc	Gadmor_avc_spc,Gadmor_kie_spc|Gadmor_lfo_spc,Gadmor_twc_spc	Gadmor_avc_spc,Gadmor_lfo_spc|Gadmor_kie_spc,Gadmor_twc_spc	false	true	data/atlantic_cod/raw/nature_source_data/41559_2022_1661_MOESM4_ESM_source_data_fig2.txt	Baseline split induced from Source Data Fig. 2 maximum-credibility population tree.
LG02	LG02_SQ0077	Gadmor_avc_spc	Gadmor_kie_spc	Gadmor_lfo_spc	Gadmor_two_spc	Gadmor_avc_spc,Gadmor_kie_spc|Gadmor_lfo_spc,Gadmor_two_spc	Gadmor_avc_spc,Gadmor_lfo_spc|Gadmor_kie_spc,Gadmor_two_spc	false	true	data/atlantic_cod/raw/nature_source_data/41559_2022_1661_MOESM4_ESM_source_data_fig2.txt	Baseline split induced from Source Data Fig. 2 maximum-credibility population tree.
LG02	LG02_SQ0078	Gadmor_avc_spc	Gadmor_kie_spc	Gadmor_twc_spc	Gadmor_two_spc	Gadmor_avc_spc,Gadmor_kie_spc|Gadmor_twc_spc,Gadmor_two_spc	Gadmor_avc_spc,Gadmor_kie_spc|Gadmor_twc_spc,Gadmor_two_spc	true	false	data/atlantic_cod/raw/nature_source_data/41559_2022_1661_MOESM4_ESM_source_data_fig2.txt	Baseline split induced from Source Data Fig. 2 maximum-credibility population tree.
LG02	LG02_SQ0079	Gadmor_avc_spc	Gadmor_lfc_spc	Gadmor_lfo_spc	Gadmor_twc_spc	Gadmor_avc_spc,Gadmor_lfc_spc|Gadmor_lfo_spc,Gadmor_twc_spc	Gadmor_avc_spc,Gadmor_lfo_spc|Gadmor_lfc_spc,Gadmor_twc_spc	false	true	data/atlantic_cod/raw/nature_source_data/41559_2022_1661_MOESM4_ESM_source_data_fig2.txt	Baseline split induced from Source Data Fig. 2 maximum-credibility population tree.
LG02	LG02_SQ0080	Gadmor_avc_spc	Gadmor_lfc_spc	Gadmor_lfo_spc	Gadmor_two_spc	Gadmor_avc_spc,Gadmor_lfc_spc|Gadmor_lfo_spc,Gadmor_two_spc	Gadmor_avc_spc,Gadmor_lfo_spc|Gadmor_lfc_spc,Gadmor_two_spc	false	true	data/atlantic_cod/raw/nature_source_data/41559_2022_1661_MOESM4_ESM_source_data_fig2.txt	Baseline split induced from Source Data Fig. 2 maximum-credibility population tree.
LG02	LG02_SQ0081	Gadmor_avc_spc	Gadmor_lfc_spc	Gadmor_twc_spc	Gadmor_two_spc	Gadmor_avc_spc,Gadmor_lfc_spc|Gadmor_twc_spc,Gadmor_two_spc	Gadmor_avc_spc,Gadmor_lfc_spc|Gadmor_twc_spc,Gadmor_two_spc	true	false	data/atlantic_cod/raw/nature_source_data/41559_2022_1661_MOESM4_ESM_source_data_fig2.txt	Baseline split induced from Source Data Fig. 2 maximum-credibility population tree.
LG02	LG02_SQ0082	Gadmor_avc_spc	Gadmor_lfo_spc	Gadmor_low_spc	Gadmor_twc_spc	Gadmor_avc_spc,Gadmor_low_spc|Gadmor_lfo_spc,Gadmor_twc_spc	Gadmor_avc_spc,Gadmor_lfo_spc|Gadmor_low_spc,Gadmor_twc_spc	false	true	data/atlantic_cod/raw/nature_source_data/41559_2022_1661_MOESM4_ESM_source_data_fig2.txt	Baseline split induced from Source Data Fig. 2 maximum-credibility population tree.
LG02	LG02_SQ0083	Gadmor_avc_spc	Gadmor_lfo_spc	Gadmor_low_spc	Gadmor_two_spc	Gadmor_avc_spc,Gadmor_low_spc|Gadmor_lfo_spc,Gadmor_two_spc	Gadmor_avc_spc,Gadmor_lfo_spc|Gadmor_low_spc,Gadmor_two_spc	false	true	data/atlantic_cod/raw/nature_source_data/41559_2022_1661_MOESM4_ESM_source_data_fig2.txt	Baseline split induced from Source Data Fig. 2 maximum-credibility population tree.
LG02	LG02_SQ0084	Gadmor_avc_spc	Gadmor_low_spc	Gadmor_twc_spc	Gadmor_two_spc	Gadmor_avc_spc,Gadmor_low_spc|Gadmor_twc_spc,Gadmor_two_spc	Gadmor_avc_spc,Gadmor_low_spc|Gadmor_twc_spc,Gadmor_two_spc	true	false	data/atlantic_cod/raw/nature_source_data/41559_2022_1661_MOESM4_ESM_source_data_fig2.txt	Baseline split induced from Source Data Fig. 2 maximum-credibility population tree.
LG02	LG02_SQ0085	Gadmor_avo_spc	Gadmor_bat_spc	Gadmor_kie_spc	Gadmor_lfc_spc	Gadmor_avo_spc,Gadmor_bat_spc|Gadmor_kie_spc,Gadmor_lfc_spc	Gadmor_avo_spc,Gadmor_bat_spc|Gadmor_kie_spc,Gadmor_lfc_spc	true	false	data/atlantic_cod/raw/nature_source_data/41559_2022_1661_MOESM4_ESM_source_data_fig2.txt	Baseline split induced from Source Data Fig. 2 maximum-credibility population tree.
LG02	LG02_SQ0086	Gadmor_avo_spc	Gadmor_bat_spc	Gadmor_kie_spc	Gadmor_low_spc	Gadmor_avo_spc,Gadmor_bat_spc|Gadmor_kie_spc,Gadmor_low_spc	Gadmor_avo_spc,Gadmor_bat_spc|Gadmor_kie_spc,Gadmor_low_spc	true	false	data/atlantic_cod/raw/nature_source_data/41559_2022_1661_MOESM4_ESM_source_data_fig2.txt	Baseline split induced from Source Data Fig. 2 maximum-credibility population tree.
LG02	LG02_SQ0087	Gadmor_avo_spc	Gadmor_bat_spc	Gadmor_lfc_spc	Gadmor_low_spc	Gadmor_avo_spc,Gadmor_bat_spc|Gadmor_lfc_spc,Gadmor_low_spc	Gadmor_avo_spc,Gadmor_bat_spc|Gadmor_lfc_spc,Gadmor_low_spc	true	false	data/atlantic_cod/raw/nature_source_data/41559_2022_1661_MOESM4_ESM_source_data_fig2.txt	Baseline split induced from Source Data Fig. 2 maximum-credibility population tree.
LG02	LG02_SQ0088	Gadmor_avo_spc	Gadmor_bor_spc	Gadmor_kie_spc	Gadmor_lfc_spc	Gadmor_avo_spc,Gadmor_bor_spc|Gadmor_kie_spc,Gadmor_lfc_spc	Gadmor_avo_spc,Gadmor_lfc_spc|Gadmor_bor_spc,Gadmor_kie_spc	false	true	data/atlantic_cod/raw/nature_source_data/41559_2022_1661_MOESM4_ESM_source_data_fig2.txt	Baseline split induced from Source Data Fig. 2 maximum-credibility population tree.
LG02	LG02_SQ0089	Gadmor_avo_spc	Gadmor_bor_spc	Gadmor_kie_spc	Gadmor_low_spc	Gadmor_avo_spc,Gadmor_bor_spc|Gadmor_kie_spc,Gadmor_low_spc	Gadmor_avo_spc,Gadmor_low_spc|Gadmor_bor_spc,Gadmor_kie_spc	false	true	data/atlantic_cod/raw/nature_source_data/41559_2022_1661_MOESM4_ESM_source_data_fig2.txt	Baseline split induced from Source Data Fig. 2 maximum-credibility population tree.
LG02	LG02_SQ0090	Gadmor_avo_spc	Gadmor_bor_spc	Gadmor_lfc_spc	Gadmor_low_spc	Gadmor_avo_spc,Gadmor_bor_spc|Gadmor_lfc_spc,Gadmor_low_spc	Gadmor_avo_spc,Gadmor_bor_spc|Gadmor_lfc_spc,Gadmor_low_spc	true	false	data/atlantic_cod/raw/nature_source_data/41559_2022_1661_MOESM4_ESM_source_data_fig2.txt	Baseline split induced from Source Data Fig. 2 maximum-credibility population tree.
LG02	LG02_SQ0091	Gadmor_avo_spc	Gadmor_icc_spc	Gadmor_kie_spc	Gadmor_lfc_spc	Gadmor_avo_spc,Gadmor_icc_spc|Gadmor_kie_spc,Gadmor_lfc_spc	Gadmor_avo_spc,Gadmor_icc_spc|Gadmor_kie_spc,Gadmor_lfc_spc	true	false	data/atlantic_cod/raw/nature_source_data/41559_2022_1661_MOESM4_ESM_source_data_fig2.txt	Baseline split induced from Source Data Fig. 2 maximum-credibility population tree.
LG02	LG02_SQ0092	Gadmor_avo_spc	Gadmor_icc_spc	Gadmor_kie_spc	Gadmor_low_spc	Gadmor_avo_spc,Gadmor_icc_spc|Gadmor_kie_spc,Gadmor_low_spc	Gadmor_avo_spc,Gadmor_icc_spc|Gadmor_kie_spc,Gadmor_low_spc	true	false	data/atlantic_cod/raw/nature_source_data/41559_2022_1661_MOESM4_ESM_source_data_fig2.txt	Baseline split induced from Source Data Fig. 2 maximum-credibility population tree.
LG02	LG02_SQ0093	Gadmor_avo_spc	Gadmor_icc_spc	Gadmor_lfc_spc	Gadmor_low_spc	Gadmor_avo_spc,Gadmor_icc_spc|Gadmor_lfc_spc,Gadmor_low_spc	Gadmor_avo_spc,Gadmor_icc_spc|Gadmor_lfc_spc,Gadmor_low_spc	true	false	data/atlantic_cod/raw/nature_source_data/41559_2022_1661_MOESM4_ESM_source_data_fig2.txt	Baseline split induced from Source Data Fig. 2 maximum-credibility population tree.
LG02	LG02_SQ0094	Gadmor_avo_spc	Gadmor_ico_spc	Gadmor_kie_spc	Gadmor_lfc_spc	Gadmor_avo_spc,Gadmor_ico_spc|Gadmor_kie_spc,Gadmor_lfc_spc	Gadmor_avo_spc,Gadmor_ico_spc|Gadmor_kie_spc,Gadmor_lfc_spc	true	false	data/atlantic_cod/raw/nature_source_data/41559_2022_1661_MOESM4_ESM_source_data_fig2.txt	Baseline split induced from Source Data Fig. 2 maximum-credibility population tree.
LG02	LG02_SQ0095	Gadmor_avo_spc	Gadmor_ico_spc	Gadmor_kie_spc	Gadmor_low_spc	Gadmor_avo_spc,Gadmor_ico_spc|Gadmor_kie_spc,Gadmor_low_spc	Gadmor_avo_spc,Gadmor_ico_spc|Gadmor_kie_spc,Gadmor_low_spc	true	false	data/atlantic_cod/raw/nature_source_data/41559_2022_1661_MOESM4_ESM_source_data_fig2.txt	Baseline split induced from Source Data Fig. 2 maximum-credibility population tree.
LG02	LG02_SQ0096	Gadmor_avo_spc	Gadmor_ico_spc	Gadmor_lfc_spc	Gadmor_low_spc	Gadmor_avo_spc,Gadmor_ico_spc|Gadmor_lfc_spc,Gadmor_low_spc	Gadmor_avo_spc,Gadmor_ico_spc|Gadmor_lfc_spc,Gadmor_low_spc	true	false	data/atlantic_cod/raw/nature_source_data/41559_2022_1661_MOESM4_ESM_source_data_fig2.txt	Baseline split induced from Source Data Fig. 2 maximum-credibility population tree.
LG02	LG02_SQ0097	Gadmor_avo_spc	Gadmor_kie_spc	Gadmor_lfc_spc	Gadmor_lfo_spc	Gadmor_avo_spc,Gadmor_lfo_spc|Gadmor_kie_spc,Gadmor_lfc_spc	Gadmor_avo_spc,Gadmor_lfo_spc|Gadmor_kie_spc,Gadmor_lfc_spc	true	false	data/atlantic_cod/raw/nature_source_data/41559_2022_1661_MOESM4_ESM_source_data_fig2.txt	Baseline split induced from Source Data Fig. 2 maximum-credibility population tree.
LG02	LG02_SQ0098	Gadmor_avo_spc	Gadmor_kie_spc	Gadmor_lfc_spc	Gadmor_twc_spc	Gadmor_avo_spc,Gadmor_twc_spc|Gadmor_kie_spc,Gadmor_lfc_spc	Gadmor_avo_spc,Gadmor_twc_spc|Gadmor_kie_spc,Gadmor_lfc_spc	true	false	data/atlantic_cod/raw/nature_source_data/41559_2022_1661_MOESM4_ESM_source_data_fig2.txt	Baseline split induced from Source Data Fig. 2 maximum-credibility population tree.
LG02	LG02_SQ0099	Gadmor_avo_spc	Gadmor_kie_spc	Gadmor_lfc_spc	Gadmor_two_spc	Gadmor_avo_spc,Gadmor_two_spc|Gadmor_kie_spc,Gadmor_lfc_spc	Gadmor_avo_spc,Gadmor_two_spc|Gadmor_kie_spc,Gadmor_lfc_spc	true	false	data/atlantic_cod/raw/nature_source_data/41559_2022_1661_MOESM4_ESM_source_data_fig2.txt	Baseline split induced from Source Data Fig. 2 maximum-credibility population tree.
LG02	LG02_SQ0100	Gadmor_avo_spc	Gadmor_kie_spc	Gadmor_lfo_spc	Gadmor_low_spc	Gadmor_avo_spc,Gadmor_lfo_spc|Gadmor_kie_spc,Gadmor_low_spc	Gadmor_avo_spc,Gadmor_lfo_spc|Gadmor_kie_spc,Gadmor_low_spc	true	false	data/atlantic_cod/raw/nature_source_data/41559_2022_1661_MOESM4_ESM_source_data_fig2.txt	Baseline split induced from Source Data Fig. 2 maximum-credibility population tree.
LG02	LG02_SQ0101	Gadmor_avo_spc	Gadmor_kie_spc	Gadmor_low_spc	Gadmor_twc_spc	Gadmor_avo_spc,Gadmor_twc_spc|Gadmor_kie_spc,Gadmor_low_spc	Gadmor_avo_spc,Gadmor_twc_spc|Gadmor_kie_spc,Gadmor_low_spc	true	false	data/atlantic_cod/raw/nature_source_data/41559_2022_1661_MOESM4_ESM_source_data_fig2.txt	Baseline split induced from Source Data Fig. 2 maximum-credibility population tree.
LG02	LG02_SQ0102	Gadmor_avo_spc	Gadmor_kie_spc	Gadmor_low_spc	Gadmor_two_spc	Gadmor_avo_spc,Gadmor_two_spc|Gadmor_kie_spc,Gadmor_low_spc	Gadmor_avo_spc,Gadmor_two_spc|Gadmor_kie_spc,Gadmor_low_spc	true	false	data/atlantic_cod/raw/nature_source_data/41559_2022_1661_MOESM4_ESM_source_data_fig2.txt	Baseline split induced from Source Data Fig. 2 maximum-credibility population tree.
LG02	LG02_SQ0103	Gadmor_avo_spc	Gadmor_lfc_spc	Gadmor_lfo_spc	Gadmor_low_spc	Gadmor_avo_spc,Gadmor_lfo_spc|Gadmor_lfc_spc,Gadmor_low_spc	Gadmor_avo_spc,Gadmor_lfo_spc|Gadmor_lfc_spc,Gadmor_low_spc	true	false	data/atlantic_cod/raw/nature_source_data/41559_2022_1661_MOESM4_ESM_source_data_fig2.txt	Baseline split induced from Source Data Fig. 2 maximum-credibility population tree.
LG02	LG02_SQ0104	Gadmor_avo_spc	Gadmor_lfc_spc	Gadmor_low_spc	Gadmor_twc_spc	Gadmor_avo_spc,Gadmor_twc_spc|Gadmor_lfc_spc,Gadmor_low_spc	Gadmor_avo_spc,Gadmor_twc_spc|Gadmor_lfc_spc,Gadmor_low_spc	true	false	data/atlantic_cod/raw/nature_source_data/41559_2022_1661_MOESM4_ESM_source_data_fig2.txt	Baseline split induced from Source Data Fig. 2 maximum-credibility population tree.
LG02	LG02_SQ0105	Gadmor_avo_spc	Gadmor_lfc_spc	Gadmor_low_spc	Gadmor_two_spc	Gadmor_avo_spc,Gadmor_two_spc|Gadmor_lfc_spc,Gadmor_low_spc	Gadmor_avo_spc,Gadmor_two_spc|Gadmor_lfc_spc,Gadmor_low_spc	true	false	data/atlantic_cod/raw/nature_source_data/41559_2022_1661_MOESM4_ESM_source_data_fig2.txt	Baseline split induced from Source Data Fig. 2 maximum-credibility population tree.
LG02	LG02_SQ0106	Gadmor_bat_spc	Gadmor_bor_spc	Gadmor_kie_spc	Gadmor_lfc_spc	Gadmor_bat_spc,Gadmor_bor_spc|Gadmor_kie_spc,Gadmor_lfc_spc	Gadmor_bat_spc,Gadmor_lfc_spc|Gadmor_bor_spc,Gadmor_kie_spc	false	true	data/atlantic_cod/raw/nature_source_data/41559_2022_1661_MOESM4_ESM_source_data_fig2.txt	Baseline split induced from Source Data Fig. 2 maximum-credibility population tree.
LG02	LG02_SQ0107	Gadmor_bat_spc	Gadmor_bor_spc	Gadmor_kie_spc	Gadmor_low_spc	Gadmor_bat_spc,Gadmor_bor_spc|Gadmor_kie_spc,Gadmor_low_spc	Gadmor_bat_spc,Gadmor_low_spc|Gadmor_bor_spc,Gadmor_kie_spc	false	true	data/atlantic_cod/raw/nature_source_data/41559_2022_1661_MOESM4_ESM_source_data_fig2.txt	Baseline split induced from Source Data Fig. 2 maximum-credibility population tree.
LG02	LG02_SQ0108	Gadmor_bat_spc	Gadmor_bor_spc	Gadmor_lfc_spc	Gadmor_low_spc	Gadmor_bat_spc,Gadmor_bor_spc|Gadmor_lfc_spc,Gadmor_low_spc	Gadmor_bat_spc,Gadmor_bor_spc|Gadmor_lfc_spc,Gadmor_low_spc	true	false	data/atlantic_cod/raw/nature_source_data/41559_2022_1661_MOESM4_ESM_source_data_fig2.txt	Baseline split induced from Source Data Fig. 2 maximum-credibility population tree.
LG02	LG02_SQ0109	Gadmor_bat_spc	Gadmor_icc_spc	Gadmor_kie_spc	Gadmor_lfc_spc	Gadmor_bat_spc,Gadmor_icc_spc|Gadmor_kie_spc,Gadmor_lfc_spc	Gadmor_bat_spc,Gadmor_icc_spc|Gadmor_kie_spc,Gadmor_lfc_spc	true	false	data/atlantic_cod/raw/nature_source_data/41559_2022_1661_MOESM4_ESM_source_data_fig2.txt	Baseline split induced from Source Data Fig. 2 maximum-credibility population tree.
LG02	LG02_SQ0110	Gadmor_bat_spc	Gadmor_icc_spc	Gadmor_kie_spc	Gadmor_low_spc	Gadmor_bat_spc,Gadmor_icc_spc|Gadmor_kie_spc,Gadmor_low_spc	Gadmor_bat_spc,Gadmor_icc_spc|Gadmor_kie_spc,Gadmor_low_spc	true	false	data/atlantic_cod/raw/nature_source_data/41559_2022_1661_MOESM4_ESM_source_data_fig2.txt	Baseline split induced from Source Data Fig. 2 maximum-credibility population tree.
LG02	LG02_SQ0111	Gadmor_bat_spc	Gadmor_icc_spc	Gadmor_lfc_spc	Gadmor_low_spc	Gadmor_bat_spc,Gadmor_icc_spc|Gadmor_lfc_spc,Gadmor_low_spc	Gadmor_bat_spc,Gadmor_icc_spc|Gadmor_lfc_spc,Gadmor_low_spc	true	false	data/atlantic_cod/raw/nature_source_data/41559_2022_1661_MOESM4_ESM_source_data_fig2.txt	Baseline split induced from Source Data Fig. 2 maximum-credibility population tree.
LG02	LG02_SQ0112	Gadmor_bat_spc	Gadmor_ico_spc	Gadmor_kie_spc	Gadmor_lfc_spc	Gadmor_bat_spc,Gadmor_ico_spc|Gadmor_kie_spc,Gadmor_lfc_spc	Gadmor_bat_spc,Gadmor_ico_spc|Gadmor_kie_spc,Gadmor_lfc_spc	true	false	data/atlantic_cod/raw/nature_source_data/41559_2022_1661_MOESM4_ESM_source_data_fig2.txt	Baseline split induced from Source Data Fig. 2 maximum-credibility population tree.
LG02	LG02_SQ0113	Gadmor_bat_spc	Gadmor_ico_spc	Gadmor_kie_spc	Gadmor_low_spc	Gadmor_bat_spc,Gadmor_ico_spc|Gadmor_kie_spc,Gadmor_low_spc	Gadmor_bat_spc,Gadmor_ico_spc|Gadmor_kie_spc,Gadmor_low_spc	true	false	data/atlantic_cod/raw/nature_source_data/41559_2022_1661_MOESM4_ESM_source_data_fig2.txt	Baseline split induced from Source Data Fig. 2 maximum-credibility population tree.
LG02	LG02_SQ0114	Gadmor_bat_spc	Gadmor_ico_spc	Gadmor_lfc_spc	Gadmor_low_spc	Gadmor_bat_spc,Gadmor_ico_spc|Gadmor_lfc_spc,Gadmor_low_spc	Gadmor_bat_spc,Gadmor_ico_spc|Gadmor_lfc_spc,Gadmor_low_spc	true	false	data/atlantic_cod/raw/nature_source_data/41559_2022_1661_MOESM4_ESM_source_data_fig2.txt	Baseline split induced from Source Data Fig. 2 maximum-credibility population tree.
LG02	LG02_SQ0115	Gadmor_bat_spc	Gadmor_kie_spc	Gadmor_lfc_spc	Gadmor_lfo_spc	Gadmor_bat_spc,Gadmor_lfo_spc|Gadmor_kie_spc,Gadmor_lfc_spc	Gadmor_bat_spc,Gadmor_lfo_spc|Gadmor_kie_spc,Gadmor_lfc_spc	true	false	data/atlantic_cod/raw/nature_source_data/41559_2022_1661_MOESM4_ESM_source_data_fig2.txt	Baseline split induced from Source Data Fig. 2 maximum-credibility population tree.
LG02	LG02_SQ0116	Gadmor_bat_spc	Gadmor_kie_spc	Gadmor_lfc_spc	Gadmor_twc_spc	Gadmor_bat_spc,Gadmor_twc_spc|Gadmor_kie_spc,Gadmor_lfc_spc	Gadmor_bat_spc,Gadmor_twc_spc|Gadmor_kie_spc,Gadmor_lfc_spc	true	false	data/atlantic_cod/raw/nature_source_data/41559_2022_1661_MOESM4_ESM_source_data_fig2.txt	Baseline split induced from Source Data Fig. 2 maximum-credibility population tree.
LG02	LG02_SQ0117	Gadmor_bat_spc	Gadmor_kie_spc	Gadmor_lfc_spc	Gadmor_two_spc	Gadmor_bat_spc,Gadmor_two_spc|Gadmor_kie_spc,Gadmor_lfc_spc	Gadmor_bat_spc,Gadmor_two_spc|Gadmor_kie_spc,Gadmor_lfc_spc	true	false	data/atlantic_cod/raw/nature_source_data/41559_2022_1661_MOESM4_ESM_source_data_fig2.txt	Baseline split induced from Source Data Fig. 2 maximum-credibility population tree.
LG02	LG02_SQ0118	Gadmor_bat_spc	Gadmor_kie_spc	Gadmor_lfo_spc	Gadmor_low_spc	Gadmor_bat_spc,Gadmor_lfo_spc|Gadmor_kie_spc,Gadmor_low_spc	Gadmor_bat_spc,Gadmor_lfo_spc|Gadmor_kie_spc,Gadmor_low_spc	true	false	data/atlantic_cod/raw/nature_source_data/41559_2022_1661_MOESM4_ESM_source_data_fig2.txt	Baseline split induced from Source Data Fig. 2 maximum-credibility population tree.
LG02	LG02_SQ0119	Gadmor_bat_spc	Gadmor_kie_spc	Gadmor_low_spc	Gadmor_twc_spc	Gadmor_bat_spc,Gadmor_twc_spc|Gadmor_kie_spc,Gadmor_low_spc	Gadmor_bat_spc,Gadmor_twc_spc|Gadmor_kie_spc,Gadmor_low_spc	true	false	data/atlantic_cod/raw/nature_source_data/41559_2022_1661_MOESM4_ESM_source_data_fig2.txt	Baseline split induced from Source Data Fig. 2 maximum-credibility population tree.
LG02	LG02_SQ0120	Gadmor_bat_spc	Gadmor_kie_spc	Gadmor_low_spc	Gadmor_two_spc	Gadmor_bat_spc,Gadmor_two_spc|Gadmor_kie_spc,Gadmor_low_spc	Gadmor_bat_spc,Gadmor_two_spc|Gadmor_kie_spc,Gadmor_low_spc	true	false	data/atlantic_cod/raw/nature_source_data/41559_2022_1661_MOESM4_ESM_source_data_fig2.txt	Baseline split induced from Source Data Fig. 2 maximum-credibility population tree.
LG02	LG02_SQ0121	Gadmor_bat_spc	Gadmor_lfc_spc	Gadmor_lfo_spc	Gadmor_low_spc	Gadmor_bat_spc,Gadmor_lfo_spc|Gadmor_lfc_spc,Gadmor_low_spc	Gadmor_bat_spc,Gadmor_lfo_spc|Gadmor_lfc_spc,Gadmor_low_spc	true	false	data/atlantic_cod/raw/nature_source_data/41559_2022_1661_MOESM4_ESM_source_data_fig2.txt	Baseline split induced from Source Data Fig. 2 maximum-credibility population tree.
LG02	LG02_SQ0122	Gadmor_bat_spc	Gadmor_lfc_spc	Gadmor_low_spc	Gadmor_twc_spc	Gadmor_bat_spc,Gadmor_twc_spc|Gadmor_lfc_spc,Gadmor_low_spc	Gadmor_bat_spc,Gadmor_twc_spc|Gadmor_lfc_spc,Gadmor_low_spc	true	false	data/atlantic_cod/raw/nature_source_data/41559_2022_1661_MOESM4_ESM_source_data_fig2.txt	Baseline split induced from Source Data Fig. 2 maximum-credibility population tree.
LG02	LG02_SQ0123	Gadmor_bat_spc	Gadmor_lfc_spc	Gadmor_low_spc	Gadmor_two_spc	Gadmor_bat_spc,Gadmor_two_spc|Gadmor_lfc_spc,Gadmor_low_spc	Gadmor_bat_spc,Gadmor_two_spc|Gadmor_lfc_spc,Gadmor_low_spc	true	false	data/atlantic_cod/raw/nature_source_data/41559_2022_1661_MOESM4_ESM_source_data_fig2.txt	Baseline split induced from Source Data Fig. 2 maximum-credibility population tree.
LG02	LG02_SQ0124	Gadmor_bor_spc	Gadmor_icc_spc	Gadmor_kie_spc	Gadmor_lfc_spc	Gadmor_bor_spc,Gadmor_icc_spc|Gadmor_kie_spc,Gadmor_lfc_spc	Gadmor_bor_spc,Gadmor_kie_spc|Gadmor_icc_spc,Gadmor_lfc_spc	false	true	data/atlantic_cod/raw/nature_source_data/41559_2022_1661_MOESM4_ESM_source_data_fig2.txt	Baseline split induced from Source Data Fig. 2 maximum-credibility population tree.
LG02	LG02_SQ0125	Gadmor_bor_spc	Gadmor_icc_spc	Gadmor_kie_spc	Gadmor_low_spc	Gadmor_bor_spc,Gadmor_icc_spc|Gadmor_kie_spc,Gadmor_low_spc	Gadmor_bor_spc,Gadmor_kie_spc|Gadmor_icc_spc,Gadmor_low_spc	false	true	data/atlantic_cod/raw/nature_source_data/41559_2022_1661_MOESM4_ESM_source_data_fig2.txt	Baseline split induced from Source Data Fig. 2 maximum-credibility population tree.
LG02	LG02_SQ0126	Gadmor_bor_spc	Gadmor_icc_spc	Gadmor_lfc_spc	Gadmor_low_spc	Gadmor_bor_spc,Gadmor_icc_spc|Gadmor_lfc_spc,Gadmor_low_spc	Gadmor_bor_spc,Gadmor_icc_spc|Gadmor_lfc_spc,Gadmor_low_spc	true	false	data/atlantic_cod/raw/nature_source_data/41559_2022_1661_MOESM4_ESM_source_data_fig2.txt	Baseline split induced from Source Data Fig. 2 maximum-credibility population tree.
LG02	LG02_SQ0127	Gadmor_bor_spc	Gadmor_ico_spc	Gadmor_kie_spc	Gadmor_lfc_spc	Gadmor_bor_spc,Gadmor_ico_spc|Gadmor_kie_spc,Gadmor_lfc_spc	Gadmor_bor_spc,Gadmor_kie_spc|Gadmor_ico_spc,Gadmor_lfc_spc	false	true	data/atlantic_cod/raw/nature_source_data/41559_2022_1661_MOESM4_ESM_source_data_fig2.txt	Baseline split induced from Source Data Fig. 2 maximum-credibility population tree.
LG02	LG02_SQ0128	Gadmor_bor_spc	Gadmor_ico_spc	Gadmor_kie_spc	Gadmor_low_spc	Gadmor_bor_spc,Gadmor_ico_spc|Gadmor_kie_spc,Gadmor_low_spc	Gadmor_bor_spc,Gadmor_kie_spc|Gadmor_ico_spc,Gadmor_low_spc	false	true	data/atlantic_cod/raw/nature_source_data/41559_2022_1661_MOESM4_ESM_source_data_fig2.txt	Baseline split induced from Source Data Fig. 2 maximum-credibility population tree.
LG02	LG02_SQ0129	Gadmor_bor_spc	Gadmor_ico_spc	Gadmor_lfc_spc	Gadmor_low_spc	Gadmor_bor_spc,Gadmor_ico_spc|Gadmor_lfc_spc,Gadmor_low_spc	Gadmor_bor_spc,Gadmor_ico_spc|Gadmor_lfc_spc,Gadmor_low_spc	true	false	data/atlantic_cod/raw/nature_source_data/41559_2022_1661_MOESM4_ESM_source_data_fig2.txt	Baseline split induced from Source Data Fig. 2 maximum-credibility population tree.
LG02	LG02_SQ0130	Gadmor_bor_spc	Gadmor_kie_spc	Gadmor_lfc_spc	Gadmor_lfo_spc	Gadmor_bor_spc,Gadmor_lfo_spc|Gadmor_kie_spc,Gadmor_lfc_spc	Gadmor_bor_spc,Gadmor_kie_spc|Gadmor_lfc_spc,Gadmor_lfo_spc	false	true	data/atlantic_cod/raw/nature_source_data/41559_2022_1661_MOESM4_ESM_source_data_fig2.txt	Baseline split induced from Source Data Fig. 2 maximum-credibility population tree.
LG02	LG02_SQ0131	Gadmor_bor_spc	Gadmor_kie_spc	Gadmor_lfc_spc	Gadmor_twc_spc	Gadmor_bor_spc,Gadmor_twc_spc|Gadmor_kie_spc,Gadmor_lfc_spc	Gadmor_bor_spc,Gadmor_kie_spc|Gadmor_lfc_spc,Gadmor_twc_spc	false	true	data/atlantic_cod/raw/nature_source_data/41559_2022_1661_MOESM4_ESM_source_data_fig2.txt	Baseline split induced from Source Data Fig. 2 maximum-credibility population tree.
LG02	LG02_SQ0132	Gadmor_bor_spc	Gadmor_kie_spc	Gadmor_lfc_spc	Gadmor_two_spc	Gadmor_bor_spc,Gadmor_two_spc|Gadmor_kie_spc,Gadmor_lfc_spc	Gadmor_bor_spc,Gadmor_kie_spc|Gadmor_lfc_spc,Gadmor_two_spc	false	true	data/atlantic_cod/raw/nature_source_data/41559_2022_1661_MOESM4_ESM_source_data_fig2.txt	Baseline split induced from Source Data Fig. 2 maximum-credibility population tree.
LG02	LG02_SQ0133	Gadmor_bor_spc	Gadmor_kie_spc	Gadmor_lfo_spc	Gadmor_low_spc	Gadmor_bor_spc,Gadmor_lfo_spc|Gadmor_kie_spc,Gadmor_low_spc	Gadmor_bor_spc,Gadmor_kie_spc|Gadmor_lfo_spc,Gadmor_low_spc	false	true	data/atlantic_cod/raw/nature_source_data/41559_2022_1661_MOESM4_ESM_source_data_fig2.txt	Baseline split induced from Source Data Fig. 2 maximum-credibility population tree.
LG02	LG02_SQ0134	Gadmor_bor_spc	Gadmor_kie_spc	Gadmor_low_spc	Gadmor_twc_spc	Gadmor_bor_spc,Gadmor_twc_spc|Gadmor_kie_spc,Gadmor_low_spc	Gadmor_bor_spc,Gadmor_kie_spc|Gadmor_low_spc,Gadmor_twc_spc	false	true	data/atlantic_cod/raw/nature_source_data/41559_2022_1661_MOESM4_ESM_source_data_fig2.txt	Baseline split induced from Source Data Fig. 2 maximum-credibility population tree.
LG02	LG02_SQ0135	Gadmor_bor_spc	Gadmor_kie_spc	Gadmor_low_spc	Gadmor_two_spc	Gadmor_bor_spc,Gadmor_two_spc|Gadmor_kie_spc,Gadmor_low_spc	Gadmor_bor_spc,Gadmor_kie_spc|Gadmor_low_spc,Gadmor_two_spc	false	true	data/atlantic_cod/raw/nature_source_data/41559_2022_1661_MOESM4_ESM_source_data_fig2.txt	Baseline split induced from Source Data Fig. 2 maximum-credibility population tree.
LG02	LG02_SQ0136	Gadmor_bor_spc	Gadmor_lfc_spc	Gadmor_lfo_spc	Gadmor_low_spc	Gadmor_bor_spc,Gadmor_lfo_spc|Gadmor_lfc_spc,Gadmor_low_spc	Gadmor_bor_spc,Gadmor_lfo_spc|Gadmor_lfc_spc,Gadmor_low_spc	true	false	data/atlantic_cod/raw/nature_source_data/41559_2022_1661_MOESM4_ESM_source_data_fig2.txt	Baseline split induced from Source Data Fig. 2 maximum-credibility population tree.
LG02	LG02_SQ0137	Gadmor_bor_spc	Gadmor_lfc_spc	Gadmor_low_spc	Gadmor_twc_spc	Gadmor_bor_spc,Gadmor_twc_spc|Gadmor_lfc_spc,Gadmor_low_spc	Gadmor_bor_spc,Gadmor_twc_spc|Gadmor_lfc_spc,Gadmor_low_spc	true	false	data/atlantic_cod/raw/nature_source_data/41559_2022_1661_MOESM4_ESM_source_data_fig2.txt	Baseline split induced from Source Data Fig. 2 maximum-credibility population tree.
LG02	LG02_SQ0138	Gadmor_bor_spc	Gadmor_lfc_spc	Gadmor_low_spc	Gadmor_two_spc	Gadmor_bor_spc,Gadmor_two_spc|Gadmor_lfc_spc,Gadmor_low_spc	Gadmor_bor_spc,Gadmor_two_spc|Gadmor_lfc_spc,Gadmor_low_spc	true	false	data/atlantic_cod/raw/nature_source_data/41559_2022_1661_MOESM4_ESM_source_data_fig2.txt	Baseline split induced from Source Data Fig. 2 maximum-credibility population tree.
LG02	LG02_SQ0139	Gadmor_icc_spc	Gadmor_ico_spc	Gadmor_kie_spc	Gadmor_lfc_spc	Gadmor_icc_spc,Gadmor_ico_spc|Gadmor_kie_spc,Gadmor_lfc_spc	Gadmor_icc_spc,Gadmor_ico_spc|Gadmor_kie_spc,Gadmor_lfc_spc	true	false	data/atlantic_cod/raw/nature_source_data/41559_2022_1661_MOESM4_ESM_source_data_fig2.txt	Baseline split induced from Source Data Fig. 2 maximum-credibility population tree.
LG02	LG02_SQ0140	Gadmor_icc_spc	Gadmor_ico_spc	Gadmor_kie_spc	Gadmor_low_spc	Gadmor_icc_spc,Gadmor_ico_spc|Gadmor_kie_spc,Gadmor_low_spc	Gadmor_icc_spc,Gadmor_ico_spc|Gadmor_kie_spc,Gadmor_low_spc	true	false	data/atlantic_cod/raw/nature_source_data/41559_2022_1661_MOESM4_ESM_source_data_fig2.txt	Baseline split induced from Source Data Fig. 2 maximum-credibility population tree.
LG02	LG02_SQ0141	Gadmor_icc_spc	Gadmor_ico_spc	Gadmor_lfc_spc	Gadmor_low_spc	Gadmor_icc_spc,Gadmor_ico_spc|Gadmor_lfc_spc,Gadmor_low_spc	Gadmor_icc_spc,Gadmor_ico_spc|Gadmor_lfc_spc,Gadmor_low_spc	true	false	data/atlantic_cod/raw/nature_source_data/41559_2022_1661_MOESM4_ESM_source_data_fig2.txt	Baseline split induced from Source Data Fig. 2 maximum-credibility population tree.
LG02	LG02_SQ0142	Gadmor_icc_spc	Gadmor_kie_spc	Gadmor_lfc_spc	Gadmor_lfo_spc	Gadmor_icc_spc,Gadmor_lfo_spc|Gadmor_kie_spc,Gadmor_lfc_spc	Gadmor_icc_spc,Gadmor_lfo_spc|Gadmor_kie_spc,Gadmor_lfc_spc	true	false	data/atlantic_cod/raw/nature_source_data/41559_2022_1661_MOESM4_ESM_source_data_fig2.txt	Baseline split induced from Source Data Fig. 2 maximum-credibility population tree.
LG02	LG02_SQ0143	Gadmor_icc_spc	Gadmor_kie_spc	Gadmor_lfc_spc	Gadmor_twc_spc	Gadmor_icc_spc,Gadmor_twc_spc|Gadmor_kie_spc,Gadmor_lfc_spc	Gadmor_icc_spc,Gadmor_twc_spc|Gadmor_kie_spc,Gadmor_lfc_spc	true	false	data/atlantic_cod/raw/nature_source_data/41559_2022_1661_MOESM4_ESM_source_data_fig2.txt	Baseline split induced from Source Data Fig. 2 maximum-credibility population tree.
LG02	LG02_SQ0144	Gadmor_icc_spc	Gadmor_kie_spc	Gadmor_lfc_spc	Gadmor_two_spc	Gadmor_icc_spc,Gadmor_two_spc|Gadmor_kie_spc,Gadmor_lfc_spc	Gadmor_icc_spc,Gadmor_two_spc|Gadmor_kie_spc,Gadmor_lfc_spc	true	false	data/atlantic_cod/raw/nature_source_data/41559_2022_1661_MOESM4_ESM_source_data_fig2.txt	Baseline split induced from Source Data Fig. 2 maximum-credibility population tree.
LG02	LG02_SQ0145	Gadmor_icc_spc	Gadmor_kie_spc	Gadmor_lfo_spc	Gadmor_low_spc	Gadmor_icc_spc,Gadmor_lfo_spc|Gadmor_kie_spc,Gadmor_low_spc	Gadmor_icc_spc,Gadmor_lfo_spc|Gadmor_kie_spc,Gadmor_low_spc	true	false	data/atlantic_cod/raw/nature_source_data/41559_2022_1661_MOESM4_ESM_source_data_fig2.txt	Baseline split induced from Source Data Fig. 2 maximum-credibility population tree.
LG02	LG02_SQ0146	Gadmor_icc_spc	Gadmor_kie_spc	Gadmor_low_spc	Gadmor_twc_spc	Gadmor_icc_spc,Gadmor_twc_spc|Gadmor_kie_spc,Gadmor_low_spc	Gadmor_icc_spc,Gadmor_twc_spc|Gadmor_kie_spc,Gadmor_low_spc	true	false	data/atlantic_cod/raw/nature_source_data/41559_2022_1661_MOESM4_ESM_source_data_fig2.txt	Baseline split induced from Source Data Fig. 2 maximum-credibility population tree.
LG02	LG02_SQ0147	Gadmor_icc_spc	Gadmor_kie_spc	Gadmor_low_spc	Gadmor_two_spc	Gadmor_icc_spc,Gadmor_two_spc|Gadmor_kie_spc,Gadmor_low_spc	Gadmor_icc_spc,Gadmor_two_spc|Gadmor_kie_spc,Gadmor_low_spc	true	false	data/atlantic_cod/raw/nature_source_data/41559_2022_1661_MOESM4_ESM_source_data_fig2.txt	Baseline split induced from Source Data Fig. 2 maximum-credibility population tree.
LG02	LG02_SQ0148	Gadmor_icc_spc	Gadmor_lfc_spc	Gadmor_lfo_spc	Gadmor_low_spc	Gadmor_icc_spc,Gadmor_lfo_spc|Gadmor_lfc_spc,Gadmor_low_spc	Gadmor_icc_spc,Gadmor_lfo_spc|Gadmor_lfc_spc,Gadmor_low_spc	true	false	data/atlantic_cod/raw/nature_source_data/41559_2022_1661_MOESM4_ESM_source_data_fig2.txt	Baseline split induced from Source Data Fig. 2 maximum-credibility population tree.
LG02	LG02_SQ0149	Gadmor_icc_spc	Gadmor_lfc_spc	Gadmor_low_spc	Gadmor_twc_spc	Gadmor_icc_spc,Gadmor_twc_spc|Gadmor_lfc_spc,Gadmor_low_spc	Gadmor_icc_spc,Gadmor_twc_spc|Gadmor_lfc_spc,Gadmor_low_spc	true	false	data/atlantic_cod/raw/nature_source_data/41559_2022_1661_MOESM4_ESM_source_data_fig2.txt	Baseline split induced from Source Data Fig. 2 maximum-credibility population tree.
LG02	LG02_SQ0150	Gadmor_icc_spc	Gadmor_lfc_spc	Gadmor_low_spc	Gadmor_two_spc	Gadmor_icc_spc,Gadmor_two_spc|Gadmor_lfc_spc,Gadmor_low_spc	Gadmor_icc_spc,Gadmor_two_spc|Gadmor_lfc_spc,Gadmor_low_spc	true	false	data/atlantic_cod/raw/nature_source_data/41559_2022_1661_MOESM4_ESM_source_data_fig2.txt	Baseline split induced from Source Data Fig. 2 maximum-credibility population tree.
LG02	LG02_SQ0151	Gadmor_ico_spc	Gadmor_kie_spc	Gadmor_lfc_spc	Gadmor_lfo_spc	Gadmor_ico_spc,Gadmor_lfo_spc|Gadmor_kie_spc,Gadmor_lfc_spc	Gadmor_ico_spc,Gadmor_lfo_spc|Gadmor_kie_spc,Gadmor_lfc_spc	true	false	data/atlantic_cod/raw/nature_source_data/41559_2022_1661_MOESM4_ESM_source_data_fig2.txt	Baseline split induced from Source Data Fig. 2 maximum-credibility population tree.
LG02	LG02_SQ0152	Gadmor_ico_spc	Gadmor_kie_spc	Gadmor_lfc_spc	Gadmor_twc_spc	Gadmor_ico_spc,Gadmor_twc_spc|Gadmor_kie_spc,Gadmor_lfc_spc	Gadmor_ico_spc,Gadmor_twc_spc|Gadmor_kie_spc,Gadmor_lfc_spc	true	false	data/atlantic_cod/raw/nature_source_data/41559_2022_1661_MOESM4_ESM_source_data_fig2.txt	Baseline split induced from Source Data Fig. 2 maximum-credibility population tree.
LG02	LG02_SQ0153	Gadmor_ico_spc	Gadmor_kie_spc	Gadmor_lfc_spc	Gadmor_two_spc	Gadmor_ico_spc,Gadmor_two_spc|Gadmor_kie_spc,Gadmor_lfc_spc	Gadmor_ico_spc,Gadmor_two_spc|Gadmor_kie_spc,Gadmor_lfc_spc	true	false	data/atlantic_cod/raw/nature_source_data/41559_2022_1661_MOESM4_ESM_source_data_fig2.txt	Baseline split induced from Source Data Fig. 2 maximum-credibility population tree.
LG02	LG02_SQ0154	Gadmor_ico_spc	Gadmor_kie_spc	Gadmor_lfo_spc	Gadmor_low_spc	Gadmor_ico_spc,Gadmor_lfo_spc|Gadmor_kie_spc,Gadmor_low_spc	Gadmor_ico_spc,Gadmor_lfo_spc|Gadmor_kie_spc,Gadmor_low_spc	true	false	data/atlantic_cod/raw/nature_source_data/41559_2022_1661_MOESM4_ESM_source_data_fig2.txt	Baseline split induced from Source Data Fig. 2 maximum-credibility population tree.
LG02	LG02_SQ0155	Gadmor_ico_spc	Gadmor_kie_spc	Gadmor_low_spc	Gadmor_twc_spc	Gadmor_ico_spc,Gadmor_twc_spc|Gadmor_kie_spc,Gadmor_low_spc	Gadmor_ico_spc,Gadmor_twc_spc|Gadmor_kie_spc,Gadmor_low_spc	true	false	data/atlantic_cod/raw/nature_source_data/41559_2022_1661_MOESM4_ESM_source_data_fig2.txt	Baseline split induced from Source Data Fig. 2 maximum-credibility population tree.
LG02	LG02_SQ0156	Gadmor_ico_spc	Gadmor_kie_spc	Gadmor_low_spc	Gadmor_two_spc	Gadmor_ico_spc,Gadmor_two_spc|Gadmor_kie_spc,Gadmor_low_spc	Gadmor_ico_spc,Gadmor_two_spc|Gadmor_kie_spc,Gadmor_low_spc	true	false	data/atlantic_cod/raw/nature_source_data/41559_2022_1661_MOESM4_ESM_source_data_fig2.txt	Baseline split induced from Source Data Fig. 2 maximum-credibility population tree.
LG02	LG02_SQ0157	Gadmor_ico_spc	Gadmor_lfc_spc	Gadmor_lfo_spc	Gadmor_low_spc	Gadmor_ico_spc,Gadmor_lfo_spc|Gadmor_lfc_spc,Gadmor_low_spc	Gadmor_ico_spc,Gadmor_lfo_spc|Gadmor_lfc_spc,Gadmor_low_spc	true	false	data/atlantic_cod/raw/nature_source_data/41559_2022_1661_MOESM4_ESM_source_data_fig2.txt	Baseline split induced from Source Data Fig. 2 maximum-credibility population tree.
LG02	LG02_SQ0158	Gadmor_ico_spc	Gadmor_lfc_spc	Gadmor_low_spc	Gadmor_twc_spc	Gadmor_ico_spc,Gadmor_twc_spc|Gadmor_lfc_spc,Gadmor_low_spc	Gadmor_ico_spc,Gadmor_twc_spc|Gadmor_lfc_spc,Gadmor_low_spc	true	false	data/atlantic_cod/raw/nature_source_data/41559_2022_1661_MOESM4_ESM_source_data_fig2.txt	Baseline split induced from Source Data Fig. 2 maximum-credibility population tree.
LG02	LG02_SQ0159	Gadmor_ico_spc	Gadmor_lfc_spc	Gadmor_low_spc	Gadmor_two_spc	Gadmor_ico_spc,Gadmor_two_spc|Gadmor_lfc_spc,Gadmor_low_spc	Gadmor_ico_spc,Gadmor_two_spc|Gadmor_lfc_spc,Gadmor_low_spc	true	false	data/atlantic_cod/raw/nature_source_data/41559_2022_1661_MOESM4_ESM_source_data_fig2.txt	Baseline split induced from Source Data Fig. 2 maximum-credibility population tree.
LG02	LG02_SQ0160	Gadmor_kie_spc	Gadmor_lfc_spc	Gadmor_lfo_spc	Gadmor_twc_spc	Gadmor_kie_spc,Gadmor_lfc_spc|Gadmor_lfo_spc,Gadmor_twc_spc	Gadmor_kie_spc,Gadmor_lfc_spc|Gadmor_lfo_spc,Gadmor_twc_spc	true	false	data/atlantic_cod/raw/nature_source_data/41559_2022_1661_MOESM4_ESM_source_data_fig2.txt	Baseline split induced from Source Data Fig. 2 maximum-credibility population tree.
LG02	LG02_SQ0161	Gadmor_kie_spc	Gadmor_lfc_spc	Gadmor_lfo_spc	Gadmor_two_spc	Gadmor_kie_spc,Gadmor_lfc_spc|Gadmor_lfo_spc,Gadmor_two_spc	Gadmor_kie_spc,Gadmor_lfc_spc|Gadmor_lfo_spc,Gadmor_two_spc	true	false	data/atlantic_cod/raw/nature_source_data/41559_2022_1661_MOESM4_ESM_source_data_fig2.txt	Baseline split induced from Source Data Fig. 2 maximum-credibility population tree.
LG02	LG02_SQ0162	Gadmor_kie_spc	Gadmor_lfc_spc	Gadmor_twc_spc	Gadmor_two_spc	Gadmor_kie_spc,Gadmor_lfc_spc|Gadmor_twc_spc,Gadmor_two_spc	Gadmor_kie_spc,Gadmor_lfc_spc|Gadmor_twc_spc,Gadmor_two_spc	true	false	data/atlantic_cod/raw/nature_source_data/41559_2022_1661_MOESM4_ESM_source_data_fig2.txt	Baseline split induced from Source Data Fig. 2 maximum-credibility population tree.
LG02	LG02_SQ0163	Gadmor_kie_spc	Gadmor_lfo_spc	Gadmor_low_spc	Gadmor_twc_spc	Gadmor_kie_spc,Gadmor_low_spc|Gadmor_lfo_spc,Gadmor_twc_spc	Gadmor_kie_spc,Gadmor_low_spc|Gadmor_lfo_spc,Gadmor_twc_spc	true	false	data/atlantic_cod/raw/nature_source_data/41559_2022_1661_MOESM4_ESM_source_data_fig2.txt	Baseline split induced from Source Data Fig. 2 maximum-credibility population tree.
LG02	LG02_SQ0164	Gadmor_kie_spc	Gadmor_lfo_spc	Gadmor_low_spc	Gadmor_two_spc	Gadmor_kie_spc,Gadmor_low_spc|Gadmor_lfo_spc,Gadmor_two_spc	Gadmor_kie_spc,Gadmor_low_spc|Gadmor_lfo_spc,Gadmor_two_spc	true	false	data/atlantic_cod/raw/nature_source_data/41559_2022_1661_MOESM4_ESM_source_data_fig2.txt	Baseline split induced from Source Data Fig. 2 maximum-credibility population tree.
LG02	LG02_SQ0165	Gadmor_kie_spc	Gadmor_low_spc	Gadmor_twc_spc	Gadmor_two_spc	Gadmor_kie_spc,Gadmor_low_spc|Gadmor_twc_spc,Gadmor_two_spc	Gadmor_kie_spc,Gadmor_low_spc|Gadmor_twc_spc,Gadmor_two_spc	true	false	data/atlantic_cod/raw/nature_source_data/41559_2022_1661_MOESM4_ESM_source_data_fig2.txt	Baseline split induced from Source Data Fig. 2 maximum-credibility population tree.
LG02	LG02_SQ0166	Gadmor_lfc_spc	Gadmor_lfo_spc	Gadmor_low_spc	Gadmor_twc_spc	Gadmor_lfc_spc,Gadmor_low_spc|Gadmor_lfo_spc,Gadmor_twc_spc	Gadmor_lfc_spc,Gadmor_low_spc|Gadmor_lfo_spc,Gadmor_twc_spc	true	false	data/atlantic_cod/raw/nature_source_data/41559_2022_1661_MOESM4_ESM_source_data_fig2.txt	Baseline split induced from Source Data Fig. 2 maximum-credibility population tree.
LG02	LG02_SQ0167	Gadmor_lfc_spc	Gadmor_lfo_spc	Gadmor_low_spc	Gadmor_two_spc	Gadmor_lfc_spc,Gadmor_low_spc|Gadmor_lfo_spc,Gadmor_two_spc	Gadmor_lfc_spc,Gadmor_low_spc|Gadmor_lfo_spc,Gadmor_two_spc	true	false	data/atlantic_cod/raw/nature_source_data/41559_2022_1661_MOESM4_ESM_source_data_fig2.txt	Baseline split induced from Source Data Fig. 2 maximum-credibility population tree.
LG02	LG02_SQ0168	Gadmor_lfc_spc	Gadmor_low_spc	Gadmor_twc_spc	Gadmor_two_spc	Gadmor_lfc_spc,Gadmor_low_spc|Gadmor_twc_spc,Gadmor_two_spc	Gadmor_lfc_spc,Gadmor_low_spc|Gadmor_twc_spc,Gadmor_two_spc	true	false	data/atlantic_cod/raw/nature_source_data/41559_2022_1661_MOESM4_ESM_source_data_fig2.txt	Baseline split induced from Source Data Fig. 2 maximum-credibility population tree.
LG07	LG07_SQ0001	Gadmor_avc_spc	Gadmor_avo_spc	Gadmor_bat_spc	Gadmor_icc_spc	Gadmor_avc_spc,Gadmor_avo_spc|Gadmor_bat_spc,Gadmor_icc_spc	Gadmor_avc_spc,Gadmor_icc_spc|Gadmor_avo_spc,Gadmor_bat_spc	false	true	data/atlantic_cod/raw/nature_source_data/41559_2022_1661_MOESM4_ESM_source_data_fig2.txt	Baseline split induced from Source Data Fig. 2 maximum-credibility population tree.
LG07	LG07_SQ0002	Gadmor_avc_spc	Gadmor_avo_spc	Gadmor_bat_spc	Gadmor_ico_spc	Gadmor_avc_spc,Gadmor_avo_spc|Gadmor_bat_spc,Gadmor_ico_spc	Gadmor_avc_spc,Gadmor_ico_spc|Gadmor_avo_spc,Gadmor_bat_spc	false	true	data/atlantic_cod/raw/nature_source_data/41559_2022_1661_MOESM4_ESM_source_data_fig2.txt	Baseline split induced from Source Data Fig. 2 maximum-credibility population tree.
LG07	LG07_SQ0003	Gadmor_avc_spc	Gadmor_avo_spc	Gadmor_bat_spc	Gadmor_lfc_spc	Gadmor_avc_spc,Gadmor_avo_spc|Gadmor_bat_spc,Gadmor_lfc_spc	Gadmor_avc_spc,Gadmor_lfc_spc|Gadmor_avo_spc,Gadmor_bat_spc	false	true	data/atlantic_cod/raw/nature_source_data/41559_2022_1661_MOESM4_ESM_source_data_fig2.txt	Baseline split induced from Source Data Fig. 2 maximum-credibility population tree.
LG07	LG07_SQ0004	Gadmor_avc_spc	Gadmor_avo_spc	Gadmor_bat_spc	Gadmor_lfo_spc	Gadmor_avc_spc,Gadmor_avo_spc|Gadmor_bat_spc,Gadmor_lfo_spc	Gadmor_avc_spc,Gadmor_lfo_spc|Gadmor_avo_spc,Gadmor_bat_spc	false	true	data/atlantic_cod/raw/nature_source_data/41559_2022_1661_MOESM4_ESM_source_data_fig2.txt	Baseline split induced from Source Data Fig. 2 maximum-credibility population tree.
LG07	LG07_SQ0005	Gadmor_avc_spc	Gadmor_avo_spc	Gadmor_bat_spc	Gadmor_twc_spc	Gadmor_avc_spc,Gadmor_avo_spc|Gadmor_bat_spc,Gadmor_twc_spc	Gadmor_avc_spc,Gadmor_avo_spc|Gadmor_bat_spc,Gadmor_twc_spc	true	false	data/atlantic_cod/raw/nature_source_data/41559_2022_1661_MOESM4_ESM_source_data_fig2.txt	Baseline split induced from Source Data Fig. 2 maximum-credibility population tree.
LG07	LG07_SQ0006	Gadmor_avc_spc	Gadmor_avo_spc	Gadmor_bat_spc	Gadmor_two_spc	Gadmor_avc_spc,Gadmor_avo_spc|Gadmor_bat_spc,Gadmor_two_spc	Gadmor_avc_spc,Gadmor_avo_spc|Gadmor_bat_spc,Gadmor_two_spc	true	false	data/atlantic_cod/raw/nature_source_data/41559_2022_1661_MOESM4_ESM_source_data_fig2.txt	Baseline split induced from Source Data Fig. 2 maximum-credibility population tree.
LG07	LG07_SQ0007	Gadmor_avc_spc	Gadmor_avo_spc	Gadmor_icc_spc	Gadmor_ico_spc	Gadmor_avc_spc,Gadmor_avo_spc|Gadmor_icc_spc,Gadmor_ico_spc	Gadmor_avc_spc,Gadmor_avo_spc|Gadmor_icc_spc,Gadmor_ico_spc	true	false	data/atlantic_cod/raw/nature_source_data/41559_2022_1661_MOESM4_ESM_source_data_fig2.txt	Baseline split induced from Source Data Fig. 2 maximum-credibility population tree.
LG07	LG07_SQ0008	Gadmor_avc_spc	Gadmor_avo_spc	Gadmor_icc_spc	Gadmor_lfc_spc	Gadmor_avc_spc,Gadmor_avo_spc|Gadmor_icc_spc,Gadmor_lfc_spc	Gadmor_avc_spc,Gadmor_avo_spc|Gadmor_icc_spc,Gadmor_lfc_spc	true	false	data/atlantic_cod/raw/nature_source_data/41559_2022_1661_MOESM4_ESM_source_data_fig2.txt	Baseline split induced from Source Data Fig. 2 maximum-credibility population tree.
LG07	LG07_SQ0009	Gadmor_avc_spc	Gadmor_avo_spc	Gadmor_icc_spc	Gadmor_lfo_spc	Gadmor_avc_spc,Gadmor_avo_spc|Gadmor_icc_spc,Gadmor_lfo_spc	Gadmor_avc_spc,Gadmor_lfo_spc|Gadmor_avo_spc,Gadmor_icc_spc	false	true	data/atlantic_cod/raw/nature_source_data/41559_2022_1661_MOESM4_ESM_source_data_fig2.txt	Baseline split induced from Source Data Fig. 2 maximum-credibility population tree.
LG07	LG07_SQ0010	Gadmor_avc_spc	Gadmor_avo_spc	Gadmor_icc_spc	Gadmor_twc_spc	Gadmor_avc_spc,Gadmor_avo_spc|Gadmor_icc_spc,Gadmor_twc_spc	Gadmor_avc_spc,Gadmor_icc_spc|Gadmor_avo_spc,Gadmor_twc_spc	false	true	data/atlantic_cod/raw/nature_source_data/41559_2022_1661_MOESM4_ESM_source_data_fig2.txt	Baseline split induced from Source Data Fig. 2 maximum-credibility population tree.
LG07	LG07_SQ0011	Gadmor_avc_spc	Gadmor_avo_spc	Gadmor_icc_spc	Gadmor_two_spc	Gadmor_avc_spc,Gadmor_avo_spc|Gadmor_icc_spc,Gadmor_two_spc	Gadmor_avc_spc,Gadmor_icc_spc|Gadmor_avo_spc,Gadmor_two_spc	false	true	data/atlantic_cod/raw/nature_source_data/41559_2022_1661_MOESM4_ESM_source_data_fig2.txt	Baseline split induced from Source Data Fig. 2 maximum-credibility population tree.
LG07	LG07_SQ0012	Gadmor_avc_spc	Gadmor_avo_spc	Gadmor_ico_spc	Gadmor_lfc_spc	Gadmor_avc_spc,Gadmor_avo_spc|Gadmor_ico_spc,Gadmor_lfc_spc	Gadmor_avc_spc,Gadmor_avo_spc|Gadmor_ico_spc,Gadmor_lfc_spc	true	false	data/atlantic_cod/raw/nature_source_data/41559_2022_1661_MOESM4_ESM_source_data_fig2.txt	Baseline split induced from Source Data Fig. 2 maximum-credibility population tree.
LG07	LG07_SQ0013	Gadmor_avc_spc	Gadmor_avo_spc	Gadmor_ico_spc	Gadmor_lfo_spc	Gadmor_avc_spc,Gadmor_avo_spc|Gadmor_ico_spc,Gadmor_lfo_spc	Gadmor_avc_spc,Gadmor_lfo_spc|Gadmor_avo_spc,Gadmor_ico_spc	false	true	data/atlantic_cod/raw/nature_source_data/41559_2022_1661_MOESM4_ESM_source_data_fig2.txt	Baseline split induced from Source Data Fig. 2 maximum-credibility population tree.
LG07	LG07_SQ0014	Gadmor_avc_spc	Gadmor_avo_spc	Gadmor_ico_spc	Gadmor_twc_spc	Gadmor_avc_spc,Gadmor_avo_spc|Gadmor_ico_spc,Gadmor_twc_spc	Gadmor_avc_spc,Gadmor_ico_spc|Gadmor_avo_spc,Gadmor_twc_spc	false	true	data/atlantic_cod/raw/nature_source_data/41559_2022_1661_MOESM4_ESM_source_data_fig2.txt	Baseline split induced from Source Data Fig. 2 maximum-credibility population tree.
LG07	LG07_SQ0015	Gadmor_avc_spc	Gadmor_avo_spc	Gadmor_ico_spc	Gadmor_two_spc	Gadmor_avc_spc,Gadmor_avo_spc|Gadmor_ico_spc,Gadmor_two_spc	Gadmor_avc_spc,Gadmor_ico_spc|Gadmor_avo_spc,Gadmor_two_spc	false	true	data/atlantic_cod/raw/nature_source_data/41559_2022_1661_MOESM4_ESM_source_data_fig2.txt	Baseline split induced from Source Data Fig. 2 maximum-credibility population tree.
LG07	LG07_SQ0016	Gadmor_avc_spc	Gadmor_avo_spc	Gadmor_lfc_spc	Gadmor_lfo_spc	Gadmor_avc_spc,Gadmor_avo_spc|Gadmor_lfc_spc,Gadmor_lfo_spc	Gadmor_avc_spc,Gadmor_lfo_spc|Gadmor_avo_spc,Gadmor_lfc_spc	false	true	data/atlantic_cod/raw/nature_source_data/41559_2022_1661_MOESM4_ESM_source_data_fig2.txt	Baseline split induced from Source Data Fig. 2 maximum-credibility population tree.
LG07	LG07_SQ0017	Gadmor_avc_spc	Gadmor_avo_spc	Gadmor_lfc_spc	Gadmor_twc_spc	Gadmor_avc_spc,Gadmor_avo_spc|Gadmor_lfc_spc,Gadmor_twc_spc	Gadmor_avc_spc,Gadmor_lfc_spc|Gadmor_avo_spc,Gadmor_twc_spc	false	true	data/atlantic_cod/raw/nature_source_data/41559_2022_1661_MOESM4_ESM_source_data_fig2.txt	Baseline split induced from Source Data Fig. 2 maximum-credibility population tree.
LG07	LG07_SQ0018	Gadmor_avc_spc	Gadmor_avo_spc	Gadmor_lfc_spc	Gadmor_two_spc	Gadmor_avc_spc,Gadmor_avo_spc|Gadmor_lfc_spc,Gadmor_two_spc	Gadmor_avc_spc,Gadmor_lfc_spc|Gadmor_avo_spc,Gadmor_two_spc	false	true	data/atlantic_cod/raw/nature_source_data/41559_2022_1661_MOESM4_ESM_source_data_fig2.txt	Baseline split induced from Source Data Fig. 2 maximum-credibility population tree.
LG07	LG07_SQ0019	Gadmor_avc_spc	Gadmor_avo_spc	Gadmor_lfo_spc	Gadmor_twc_spc	Gadmor_avc_spc,Gadmor_avo_spc|Gadmor_lfo_spc,Gadmor_twc_spc	Gadmor_avc_spc,Gadmor_lfo_spc|Gadmor_avo_spc,Gadmor_twc_spc	false	true	data/atlantic_cod/raw/nature_source_data/41559_2022_1661_MOESM4_ESM_source_data_fig2.txt	Baseline split induced from Source Data Fig. 2 maximum-credibility population tree.
LG07	LG07_SQ0020	Gadmor_avc_spc	Gadmor_avo_spc	Gadmor_lfo_spc	Gadmor_two_spc	Gadmor_avc_spc,Gadmor_avo_spc|Gadmor_lfo_spc,Gadmor_two_spc	Gadmor_avc_spc,Gadmor_lfo_spc|Gadmor_avo_spc,Gadmor_two_spc	false	true	data/atlantic_cod/raw/nature_source_data/41559_2022_1661_MOESM4_ESM_source_data_fig2.txt	Baseline split induced from Source Data Fig. 2 maximum-credibility population tree.
LG07	LG07_SQ0021	Gadmor_avc_spc	Gadmor_avo_spc	Gadmor_twc_spc	Gadmor_two_spc	Gadmor_avc_spc,Gadmor_avo_spc|Gadmor_twc_spc,Gadmor_two_spc	Gadmor_avc_spc,Gadmor_avo_spc|Gadmor_twc_spc,Gadmor_two_spc	true	false	data/atlantic_cod/raw/nature_source_data/41559_2022_1661_MOESM4_ESM_source_data_fig2.txt	Baseline split induced from Source Data Fig. 2 maximum-credibility population tree.
LG07	LG07_SQ0022	Gadmor_avc_spc	Gadmor_bat_spc	Gadmor_bor_spc	Gadmor_icc_spc	Gadmor_avc_spc,Gadmor_bor_spc|Gadmor_bat_spc,Gadmor_icc_spc	Gadmor_avc_spc,Gadmor_bat_spc|Gadmor_bor_spc,Gadmor_icc_spc	false	true	data/atlantic_cod/raw/nature_source_data/41559_2022_1661_MOESM4_ESM_source_data_fig2.txt	Baseline split induced from Source Data Fig. 2 maximum-credibility population tree.
LG07	LG07_SQ0023	Gadmor_avc_spc	Gadmor_bat_spc	Gadmor_bor_spc	Gadmor_ico_spc	Gadmor_avc_spc,Gadmor_bor_spc|Gadmor_bat_spc,Gadmor_ico_spc	Gadmor_avc_spc,Gadmor_bat_spc|Gadmor_bor_spc,Gadmor_ico_spc	false	true	data/atlantic_cod/raw/nature_source_data/41559_2022_1661_MOESM4_ESM_source_data_fig2.txt	Baseline split induced from Source Data Fig. 2 maximum-credibility population tree.
LG07	LG07_SQ0024	Gadmor_avc_spc	Gadmor_bat_spc	Gadmor_bor_spc	Gadmor_lfc_spc	Gadmor_avc_spc,Gadmor_bor_spc|Gadmor_bat_spc,Gadmor_lfc_spc	Gadmor_avc_spc,Gadmor_bat_spc|Gadmor_bor_spc,Gadmor_lfc_spc	false	true	data/atlantic_cod/raw/nature_source_data/41559_2022_1661_MOESM4_ESM_source_data_fig2.txt	Baseline split induced from Source Data Fig. 2 maximum-credibility population tree.
LG07	LG07_SQ0025	Gadmor_avc_spc	Gadmor_bat_spc	Gadmor_bor_spc	Gadmor_lfo_spc	Gadmor_avc_spc,Gadmor_bor_spc|Gadmor_bat_spc,Gadmor_lfo_spc	Gadmor_avc_spc,Gadmor_lfo_spc|Gadmor_bat_spc,Gadmor_bor_spc	false	true	data/atlantic_cod/raw/nature_source_data/41559_2022_1661_MOESM4_ESM_source_data_fig2.txt	Baseline split induced from Source Data Fig. 2 maximum-credibility population tree.
LG07	LG07_SQ0026	Gadmor_avc_spc	Gadmor_bat_spc	Gadmor_bor_spc	Gadmor_twc_spc	Gadmor_avc_spc,Gadmor_bor_spc|Gadmor_bat_spc,Gadmor_twc_spc	Gadmor_avc_spc,Gadmor_bor_spc|Gadmor_bat_spc,Gadmor_twc_spc	true	false	data/atlantic_cod/raw/nature_source_data/41559_2022_1661_MOESM4_ESM_source_data_fig2.txt	Baseline split induced from Source Data Fig. 2 maximum-credibility population tree.
LG07	LG07_SQ0027	Gadmor_avc_spc	Gadmor_bat_spc	Gadmor_bor_spc	Gadmor_two_spc	Gadmor_avc_spc,Gadmor_bor_spc|Gadmor_bat_spc,Gadmor_two_spc	Gadmor_avc_spc,Gadmor_bor_spc|Gadmor_bat_spc,Gadmor_two_spc	true	false	data/atlantic_cod/raw/nature_source_data/41559_2022_1661_MOESM4_ESM_source_data_fig2.txt	Baseline split induced from Source Data Fig. 2 maximum-credibility population tree.
LG07	LG07_SQ0028	Gadmor_avc_spc	Gadmor_bat_spc	Gadmor_icc_spc	Gadmor_kie_spc	Gadmor_avc_spc,Gadmor_kie_spc|Gadmor_bat_spc,Gadmor_icc_spc	Gadmor_avc_spc,Gadmor_bat_spc|Gadmor_icc_spc,Gadmor_kie_spc	false	true	data/atlantic_cod/raw/nature_source_data/41559_2022_1661_MOESM4_ESM_source_data_fig2.txt	Baseline split induced from Source Data Fig. 2 maximum-credibility population tree.
LG07	LG07_SQ0029	Gadmor_avc_spc	Gadmor_bat_spc	Gadmor_icc_spc	Gadmor_low_spc	Gadmor_avc_spc,Gadmor_low_spc|Gadmor_bat_spc,Gadmor_icc_spc	Gadmor_avc_spc,Gadmor_bat_spc|Gadmor_icc_spc,Gadmor_low_spc	false	true	data/atlantic_cod/raw/nature_source_data/41559_2022_1661_MOESM4_ESM_source_data_fig2.txt	Baseline split induced from Source Data Fig. 2 maximum-credibility population tree.
LG07	LG07_SQ0030	Gadmor_avc_spc	Gadmor_bat_spc	Gadmor_ico_spc	Gadmor_kie_spc	Gadmor_avc_spc,Gadmor_kie_spc|Gadmor_bat_spc,Gadmor_ico_spc	Gadmor_avc_spc,Gadmor_bat_spc|Gadmor_ico_spc,Gadmor_kie_spc	false	true	data/atlantic_cod/raw/nature_source_data/41559_2022_1661_MOESM4_ESM_source_data_fig2.txt	Baseline split induced from Source Data Fig. 2 maximum-credibility population tree.
LG07	LG07_SQ0031	Gadmor_avc_spc	Gadmor_bat_spc	Gadmor_ico_spc	Gadmor_low_spc	Gadmor_avc_spc,Gadmor_low_spc|Gadmor_bat_spc,Gadmor_ico_spc	Gadmor_avc_spc,Gadmor_bat_spc|Gadmor_ico_spc,Gadmor_low_spc	false	true	data/atlantic_cod/raw/nature_source_data/41559_2022_1661_MOESM4_ESM_source_data_fig2.txt	Baseline split induced from Source Data Fig. 2 maximum-credibility population tree.
LG07	LG07_SQ0032	Gadmor_avc_spc	Gadmor_bat_spc	Gadmor_kie_spc	Gadmor_lfc_spc	Gadmor_avc_spc,Gadmor_kie_spc|Gadmor_bat_spc,Gadmor_lfc_spc	Gadmor_avc_spc,Gadmor_bat_spc|Gadmor_kie_spc,Gadmor_lfc_spc	false	true	data/atlantic_cod/raw/nature_source_data/41559_2022_1661_MOESM4_ESM_source_data_fig2.txt	Baseline split induced from Source Data Fig. 2 maximum-credibility population tree.
LG07	LG07_SQ0033	Gadmor_avc_spc	Gadmor_bat_spc	Gadmor_kie_spc	Gadmor_lfo_spc	Gadmor_avc_spc,Gadmor_kie_spc|Gadmor_bat_spc,Gadmor_lfo_spc	Gadmor_avc_spc,Gadmor_lfo_spc|Gadmor_bat_spc,Gadmor_kie_spc	false	true	data/atlantic_cod/raw/nature_source_data/41559_2022_1661_MOESM4_ESM_source_data_fig2.txt	Baseline split induced from Source Data Fig. 2 maximum-credibility population tree.
LG07	LG07_SQ0034	Gadmor_avc_spc	Gadmor_bat_spc	Gadmor_kie_spc	Gadmor_twc_spc	Gadmor_avc_spc,Gadmor_kie_spc|Gadmor_bat_spc,Gadmor_twc_spc	Gadmor_avc_spc,Gadmor_kie_spc|Gadmor_bat_spc,Gadmor_twc_spc	true	false	data/atlantic_cod/raw/nature_source_data/41559_2022_1661_MOESM4_ESM_source_data_fig2.txt	Baseline split induced from Source Data Fig. 2 maximum-credibility population tree.
LG07	LG07_SQ0035	Gadmor_avc_spc	Gadmor_bat_spc	Gadmor_kie_spc	Gadmor_two_spc	Gadmor_avc_spc,Gadmor_kie_spc|Gadmor_bat_spc,Gadmor_two_spc	Gadmor_avc_spc,Gadmor_kie_spc|Gadmor_bat_spc,Gadmor_two_spc	true	false	data/atlantic_cod/raw/nature_source_data/41559_2022_1661_MOESM4_ESM_source_data_fig2.txt	Baseline split induced from Source Data Fig. 2 maximum-credibility population tree.
LG07	LG07_SQ0036	Gadmor_avc_spc	Gadmor_bat_spc	Gadmor_lfc_spc	Gadmor_low_spc	Gadmor_avc_spc,Gadmor_low_spc|Gadmor_bat_spc,Gadmor_lfc_spc	Gadmor_avc_spc,Gadmor_bat_spc|Gadmor_lfc_spc,Gadmor_low_spc	false	true	data/atlantic_cod/raw/nature_source_data/41559_2022_1661_MOESM4_ESM_source_data_fig2.txt	Baseline split induced from Source Data Fig. 2 maximum-credibility population tree.
LG07	LG07_SQ0037	Gadmor_avc_spc	Gadmor_bat_spc	Gadmor_lfo_spc	Gadmor_low_spc	Gadmor_avc_spc,Gadmor_low_spc|Gadmor_bat_spc,Gadmor_lfo_spc	Gadmor_avc_spc,Gadmor_lfo_spc|Gadmor_bat_spc,Gadmor_low_spc	false	true	data/atlantic_cod/raw/nature_source_data/41559_2022_1661_MOESM4_ESM_source_data_fig2.txt	Baseline split induced from Source Data Fig. 2 maximum-credibility population tree.
LG07	LG07_SQ0038	Gadmor_avc_spc	Gadmor_bat_spc	Gadmor_low_spc	Gadmor_twc_spc	Gadmor_avc_spc,Gadmor_low_spc|Gadmor_bat_spc,Gadmor_twc_spc	Gadmor_avc_spc,Gadmor_low_spc|Gadmor_bat_spc,Gadmor_twc_spc	true	false	data/atlantic_cod/raw/nature_source_data/41559_2022_1661_MOESM4_ESM_source_data_fig2.txt	Baseline split induced from Source Data Fig. 2 maximum-credibility population tree.
LG07	LG07_SQ0039	Gadmor_avc_spc	Gadmor_bat_spc	Gadmor_low_spc	Gadmor_two_spc	Gadmor_avc_spc,Gadmor_low_spc|Gadmor_bat_spc,Gadmor_two_spc	Gadmor_avc_spc,Gadmor_low_spc|Gadmor_bat_spc,Gadmor_two_spc	true	false	data/atlantic_cod/raw/nature_source_data/41559_2022_1661_MOESM4_ESM_source_data_fig2.txt	Baseline split induced from Source Data Fig. 2 maximum-credibility population tree.
LG07	LG07_SQ0040	Gadmor_avc_spc	Gadmor_bor_spc	Gadmor_icc_spc	Gadmor_ico_spc	Gadmor_avc_spc,Gadmor_bor_spc|Gadmor_icc_spc,Gadmor_ico_spc	Gadmor_avc_spc,Gadmor_bor_spc|Gadmor_icc_spc,Gadmor_ico_spc	true	false	data/atlantic_cod/raw/nature_source_data/41559_2022_1661_MOESM4_ESM_source_data_fig2.txt	Baseline split induced from Source Data Fig. 2 maximum-credibility population tree.
LG07	LG07_SQ0041	Gadmor_avc_spc	Gadmor_bor_spc	Gadmor_icc_spc	Gadmor_lfc_spc	Gadmor_avc_spc,Gadmor_bor_spc|Gadmor_icc_spc,Gadmor_lfc_spc	Gadmor_avc_spc,Gadmor_icc_spc|Gadmor_bor_spc,Gadmor_lfc_spc	false	true	data/atlantic_cod/raw/nature_source_data/41559_2022_1661_MOESM4_ESM_source_data_fig2.txt	Baseline split induced from Source Data Fig. 2 maximum-credibility population tree.
LG07	LG07_SQ0042	Gadmor_avc_spc	Gadmor_bor_spc	Gadmor_icc_spc	Gadmor_lfo_spc	Gadmor_avc_spc,Gadmor_bor_spc|Gadmor_icc_spc,Gadmor_lfo_spc	Gadmor_avc_spc,Gadmor_lfo_spc|Gadmor_bor_spc,Gadmor_icc_spc	false	true	data/atlantic_cod/raw/nature_source_data/41559_2022_1661_MOESM4_ESM_source_data_fig2.txt	Baseline split induced from Source Data Fig. 2 maximum-credibility population tree.
LG07	LG07_SQ0043	Gadmor_avc_spc	Gadmor_bor_spc	Gadmor_icc_spc	Gadmor_twc_spc	Gadmor_avc_spc,Gadmor_bor_spc|Gadmor_icc_spc,Gadmor_twc_spc	Gadmor_avc_spc,Gadmor_twc_spc|Gadmor_bor_spc,Gadmor_icc_spc	false	true	data/atlantic_cod/raw/nature_source_data/41559_2022_1661_MOESM4_ESM_source_data_fig2.txt	Baseline split induced from Source Data Fig. 2 maximum-credibility population tree.
LG07	LG07_SQ0044	Gadmor_avc_spc	Gadmor_bor_spc	Gadmor_icc_spc	Gadmor_two_spc	Gadmor_avc_spc,Gadmor_bor_spc|Gadmor_icc_spc,Gadmor_two_spc	Gadmor_avc_spc,Gadmor_two_spc|Gadmor_bor_spc,Gadmor_icc_spc	false	true	data/atlantic_cod/raw/nature_source_data/41559_2022_1661_MOESM4_ESM_source_data_fig2.txt	Baseline split induced from Source Data Fig. 2 maximum-credibility population tree.
LG07	LG07_SQ0045	Gadmor_avc_spc	Gadmor_bor_spc	Gadmor_ico_spc	Gadmor_lfc_spc	Gadmor_avc_spc,Gadmor_bor_spc|Gadmor_ico_spc,Gadmor_lfc_spc	Gadmor_avc_spc,Gadmor_ico_spc|Gadmor_bor_spc,Gadmor_lfc_spc	false	true	data/atlantic_cod/raw/nature_source_data/41559_2022_1661_MOESM4_ESM_source_data_fig2.txt	Baseline split induced from Source Data Fig. 2 maximum-credibility population tree.
LG07	LG07_SQ0046	Gadmor_avc_spc	Gadmor_bor_spc	Gadmor_ico_spc	Gadmor_lfo_spc	Gadmor_avc_spc,Gadmor_bor_spc|Gadmor_ico_spc,Gadmor_lfo_spc	Gadmor_avc_spc,Gadmor_lfo_spc|Gadmor_bor_spc,Gadmor_ico_spc	false	true	data/atlantic_cod/raw/nature_source_data/41559_2022_1661_MOESM4_ESM_source_data_fig2.txt	Baseline split induced from Source Data Fig. 2 maximum-credibility population tree.
LG07	LG07_SQ0047	Gadmor_avc_spc	Gadmor_bor_spc	Gadmor_ico_spc	Gadmor_twc_spc	Gadmor_avc_spc,Gadmor_bor_spc|Gadmor_ico_spc,Gadmor_twc_spc	Gadmor_avc_spc,Gadmor_twc_spc|Gadmor_bor_spc,Gadmor_ico_spc	false	true	data/atlantic_cod/raw/nature_source_data/41559_2022_1661_MOESM4_ESM_source_data_fig2.txt	Baseline split induced from Source Data Fig. 2 maximum-credibility population tree.
LG07	LG07_SQ0048	Gadmor_avc_spc	Gadmor_bor_spc	Gadmor_ico_spc	Gadmor_two_spc	Gadmor_avc_spc,Gadmor_bor_spc|Gadmor_ico_spc,Gadmor_two_spc	Gadmor_avc_spc,Gadmor_two_spc|Gadmor_bor_spc,Gadmor_ico_spc	false	true	data/atlantic_cod/raw/nature_source_data/41559_2022_1661_MOESM4_ESM_source_data_fig2.txt	Baseline split induced from Source Data Fig. 2 maximum-credibility population tree.
LG07	LG07_SQ0049	Gadmor_avc_spc	Gadmor_bor_spc	Gadmor_lfc_spc	Gadmor_lfo_spc	Gadmor_avc_spc,Gadmor_bor_spc|Gadmor_lfc_spc,Gadmor_lfo_spc	Gadmor_avc_spc,Gadmor_lfo_spc|Gadmor_bor_spc,Gadmor_lfc_spc	false	true	data/atlantic_cod/raw/nature_source_data/41559_2022_1661_MOESM4_ESM_source_data_fig2.txt	Baseline split induced from Source Data Fig. 2 maximum-credibility population tree.
LG07	LG07_SQ0050	Gadmor_avc_spc	Gadmor_bor_spc	Gadmor_lfc_spc	Gadmor_twc_spc	Gadmor_avc_spc,Gadmor_bor_spc|Gadmor_lfc_spc,Gadmor_twc_spc	Gadmor_avc_spc,Gadmor_twc_spc|Gadmor_bor_spc,Gadmor_lfc_spc	false	true	data/atlantic_cod/raw/nature_source_data/41559_2022_1661_MOESM4_ESM_source_data_fig2.txt	Baseline split induced from Source Data Fig. 2 maximum-credibility population tree.
LG07	LG07_SQ0051	Gadmor_avc_spc	Gadmor_bor_spc	Gadmor_lfc_spc	Gadmor_two_spc	Gadmor_avc_spc,Gadmor_bor_spc|Gadmor_lfc_spc,Gadmor_two_spc	Gadmor_avc_spc,Gadmor_two_spc|Gadmor_bor_spc,Gadmor_lfc_spc	false	true	data/atlantic_cod/raw/nature_source_data/41559_2022_1661_MOESM4_ESM_source_data_fig2.txt	Baseline split induced from Source Data Fig. 2 maximum-credibility population tree.
LG07	LG07_SQ0052	Gadmor_avc_spc	Gadmor_bor_spc	Gadmor_lfo_spc	Gadmor_twc_spc	Gadmor_avc_spc,Gadmor_bor_spc|Gadmor_lfo_spc,Gadmor_twc_spc	Gadmor_avc_spc,Gadmor_lfo_spc|Gadmor_bor_spc,Gadmor_twc_spc	false	true	data/atlantic_cod/raw/nature_source_data/41559_2022_1661_MOESM4_ESM_source_data_fig2.txt	Baseline split induced from Source Data Fig. 2 maximum-credibility population tree.
LG07	LG07_SQ0053	Gadmor_avc_spc	Gadmor_bor_spc	Gadmor_lfo_spc	Gadmor_two_spc	Gadmor_avc_spc,Gadmor_bor_spc|Gadmor_lfo_spc,Gadmor_two_spc	Gadmor_avc_spc,Gadmor_lfo_spc|Gadmor_bor_spc,Gadmor_two_spc	false	true	data/atlantic_cod/raw/nature_source_data/41559_2022_1661_MOESM4_ESM_source_data_fig2.txt	Baseline split induced from Source Data Fig. 2 maximum-credibility population tree.
LG07	LG07_SQ0054	Gadmor_avc_spc	Gadmor_bor_spc	Gadmor_twc_spc	Gadmor_two_spc	Gadmor_avc_spc,Gadmor_bor_spc|Gadmor_twc_spc,Gadmor_two_spc	Gadmor_avc_spc,Gadmor_bor_spc|Gadmor_twc_spc,Gadmor_two_spc	true	false	data/atlantic_cod/raw/nature_source_data/41559_2022_1661_MOESM4_ESM_source_data_fig2.txt	Baseline split induced from Source Data Fig. 2 maximum-credibility population tree.
LG07	LG07_SQ0055	Gadmor_avc_spc	Gadmor_icc_spc	Gadmor_ico_spc	Gadmor_kie_spc	Gadmor_avc_spc,Gadmor_kie_spc|Gadmor_icc_spc,Gadmor_ico_spc	Gadmor_avc_spc,Gadmor_kie_spc|Gadmor_icc_spc,Gadmor_ico_spc	true	false	data/atlantic_cod/raw/nature_source_data/41559_2022_1661_MOESM4_ESM_source_data_fig2.txt	Baseline split induced from Source Data Fig. 2 maximum-credibility population tree.
LG07	LG07_SQ0056	Gadmor_avc_spc	Gadmor_icc_spc	Gadmor_ico_spc	Gadmor_low_spc	Gadmor_avc_spc,Gadmor_low_spc|Gadmor_icc_spc,Gadmor_ico_spc	Gadmor_avc_spc,Gadmor_low_spc|Gadmor_icc_spc,Gadmor_ico_spc	true	false	data/atlantic_cod/raw/nature_source_data/41559_2022_1661_MOESM4_ESM_source_data_fig2.txt	Baseline split induced from Source Data Fig. 2 maximum-credibility population tree.
LG07	LG07_SQ0057	Gadmor_avc_spc	Gadmor_icc_spc	Gadmor_kie_spc	Gadmor_lfc_spc	Gadmor_avc_spc,Gadmor_kie_spc|Gadmor_icc_spc,Gadmor_lfc_spc	Gadmor_avc_spc,Gadmor_icc_spc|Gadmor_kie_spc,Gadmor_lfc_spc	false	true	data/atlantic_cod/raw/nature_source_data/41559_2022_1661_MOESM4_ESM_source_data_fig2.txt	Baseline split induced from Source Data Fig. 2 maximum-credibility population tree.
LG07	LG07_SQ0058	Gadmor_avc_spc	Gadmor_icc_spc	Gadmor_kie_spc	Gadmor_lfo_spc	Gadmor_avc_spc,Gadmor_kie_spc|Gadmor_icc_spc,Gadmor_lfo_spc	Gadmor_avc_spc,Gadmor_lfo_spc|Gadmor_icc_spc,Gadmor_kie_spc	false	true	data/atlantic_cod/raw/nature_source_data/41559_2022_1661_MOESM4_ESM_source_data_fig2.txt	Baseline split induced from Source Data Fig. 2 maximum-credibility population tree.
LG07	LG07_SQ0059	Gadmor_avc_spc	Gadmor_icc_spc	Gadmor_kie_spc	Gadmor_twc_spc	Gadmor_avc_spc,Gadmor_kie_spc|Gadmor_icc_spc,Gadmor_twc_spc	Gadmor_avc_spc,Gadmor_twc_spc|Gadmor_icc_spc,Gadmor_kie_spc	false	true	data/atlantic_cod/raw/nature_source_data/41559_2022_1661_MOESM4_ESM_source_data_fig2.txt	Baseline split induced from Source Data Fig. 2 maximum-credibility population tree.
LG07	LG07_SQ0060	Gadmor_avc_spc	Gadmor_icc_spc	Gadmor_kie_spc	Gadmor_two_spc	Gadmor_avc_spc,Gadmor_kie_spc|Gadmor_icc_spc,Gadmor_two_spc	Gadmor_avc_spc,Gadmor_two_spc|Gadmor_icc_spc,Gadmor_kie_spc	false	true	data/atlantic_cod/raw/nature_source_data/41559_2022_1661_MOESM4_ESM_source_data_fig2.txt	Baseline split induced from Source Data Fig. 2 maximum-credibility population tree.
LG07	LG07_SQ0061	Gadmor_avc_spc	Gadmor_icc_spc	Gadmor_lfc_spc	Gadmor_low_spc	Gadmor_avc_spc,Gadmor_low_spc|Gadmor_icc_spc,Gadmor_lfc_spc	Gadmor_avc_spc,Gadmor_icc_spc|Gadmor_lfc_spc,Gadmor_low_spc	false	true	data/atlantic_cod/raw/nature_source_data/41559_2022_1661_MOESM4_ESM_source_data_fig2.txt	Baseline split induced from Source Data Fig. 2 maximum-credibility population tree.
LG07	LG07_SQ0062	Gadmor_avc_spc	Gadmor_icc_spc	Gadmor_lfo_spc	Gadmor_low_spc	Gadmor_avc_spc,Gadmor_low_spc|Gadmor_icc_spc,Gadmor_lfo_spc	Gadmor_avc_spc,Gadmor_lfo_spc|Gadmor_icc_spc,Gadmor_low_spc	false	true	data/atlantic_cod/raw/nature_source_data/41559_2022_1661_MOESM4_ESM_source_data_fig2.txt	Baseline split induced from Source Data Fig. 2 maximum-credibility population tree.
LG07	LG07_SQ0063	Gadmor_avc_spc	Gadmor_icc_spc	Gadmor_low_spc	Gadmor_twc_spc	Gadmor_avc_spc,Gadmor_low_spc|Gadmor_icc_spc,Gadmor_twc_spc	Gadmor_avc_spc,Gadmor_twc_spc|Gadmor_icc_spc,Gadmor_low_spc	false	true	data/atlantic_cod/raw/nature_source_data/41559_2022_1661_MOESM4_ESM_source_data_fig2.txt	Baseline split induced from Source Data Fig. 2 maximum-credibility population tree.
LG07	LG07_SQ0064	Gadmor_avc_spc	Gadmor_icc_spc	Gadmor_low_spc	Gadmor_two_spc	Gadmor_avc_spc,Gadmor_low_spc|Gadmor_icc_spc,Gadmor_two_spc	Gadmor_avc_spc,Gadmor_two_spc|Gadmor_icc_spc,Gadmor_low_spc	false	true	data/atlantic_cod/raw/nature_source_data/41559_2022_1661_MOESM4_ESM_source_data_fig2.txt	Baseline split induced from Source Data Fig. 2 maximum-credibility population tree.
LG07	LG07_SQ0065	Gadmor_avc_spc	Gadmor_ico_spc	Gadmor_kie_spc	Gadmor_lfc_spc	Gadmor_avc_spc,Gadmor_kie_spc|Gadmor_ico_spc,Gadmor_lfc_spc	Gadmor_avc_spc,Gadmor_ico_spc|Gadmor_kie_spc,Gadmor_lfc_spc	false	true	data/atlantic_cod/raw/nature_source_data/41559_2022_1661_MOESM4_ESM_source_data_fig2.txt	Baseline split induced from Source Data Fig. 2 maximum-credibility population tree.
LG07	LG07_SQ0066	Gadmor_avc_spc	Gadmor_ico_spc	Gadmor_kie_spc	Gadmor_lfo_spc	Gadmor_avc_spc,Gadmor_kie_spc|Gadmor_ico_spc,Gadmor_lfo_spc	Gadmor_avc_spc,Gadmor_lfo_spc|Gadmor_ico_spc,Gadmor_kie_spc	false	true	data/atlantic_cod/raw/nature_source_data/41559_2022_1661_MOESM4_ESM_source_data_fig2.txt	Baseline split induced from Source Data Fig. 2 maximum-credibility population tree.
LG07	LG07_SQ0067	Gadmor_avc_spc	Gadmor_ico_spc	Gadmor_kie_spc	Gadmor_twc_spc	Gadmor_avc_spc,Gadmor_kie_spc|Gadmor_ico_spc,Gadmor_twc_spc	Gadmor_avc_spc,Gadmor_twc_spc|Gadmor_ico_spc,Gadmor_kie_spc	false	true	data/atlantic_cod/raw/nature_source_data/41559_2022_1661_MOESM4_ESM_source_data_fig2.txt	Baseline split induced from Source Data Fig. 2 maximum-credibility population tree.
LG07	LG07_SQ0068	Gadmor_avc_spc	Gadmor_ico_spc	Gadmor_kie_spc	Gadmor_two_spc	Gadmor_avc_spc,Gadmor_kie_spc|Gadmor_ico_spc,Gadmor_two_spc	Gadmor_avc_spc,Gadmor_two_spc|Gadmor_ico_spc,Gadmor_kie_spc	false	true	data/atlantic_cod/raw/nature_source_data/41559_2022_1661_MOESM4_ESM_source_data_fig2.txt	Baseline split induced from Source Data Fig. 2 maximum-credibility population tree.
LG07	LG07_SQ0069	Gadmor_avc_spc	Gadmor_ico_spc	Gadmor_lfc_spc	Gadmor_low_spc	Gadmor_avc_spc,Gadmor_low_spc|Gadmor_ico_spc,Gadmor_lfc_spc	Gadmor_avc_spc,Gadmor_ico_spc|Gadmor_lfc_spc,Gadmor_low_spc	false	true	data/atlantic_cod/raw/nature_source_data/41559_2022_1661_MOESM4_ESM_source_data_fig2.txt	Baseline split induced from Source Data Fig. 2 maximum-credibility population tree.
LG07	LG07_SQ0070	Gadmor_avc_spc	Gadmor_ico_spc	Gadmor_lfo_spc	Gadmor_low_spc	Gadmor_avc_spc,Gadmor_low_spc|Gadmor_ico_spc,Gadmor_lfo_spc	Gadmor_avc_spc,Gadmor_lfo_spc|Gadmor_ico_spc,Gadmor_low_spc	false	true	data/atlantic_cod/raw/nature_source_data/41559_2022_1661_MOESM4_ESM_source_data_fig2.txt	Baseline split induced from Source Data Fig. 2 maximum-credibility population tree.
LG07	LG07_SQ0071	Gadmor_avc_spc	Gadmor_ico_spc	Gadmor_low_spc	Gadmor_twc_spc	Gadmor_avc_spc,Gadmor_low_spc|Gadmor_ico_spc,Gadmor_twc_spc	Gadmor_avc_spc,Gadmor_twc_spc|Gadmor_ico_spc,Gadmor_low_spc	false	true	data/atlantic_cod/raw/nature_source_data/41559_2022_1661_MOESM4_ESM_source_data_fig2.txt	Baseline split induced from Source Data Fig. 2 maximum-credibility population tree.
LG07	LG07_SQ0072	Gadmor_avc_spc	Gadmor_ico_spc	Gadmor_low_spc	Gadmor_two_spc	Gadmor_avc_spc,Gadmor_low_spc|Gadmor_ico_spc,Gadmor_two_spc	Gadmor_avc_spc,Gadmor_two_spc|Gadmor_ico_spc,Gadmor_low_spc	false	true	data/atlantic_cod/raw/nature_source_data/41559_2022_1661_MOESM4_ESM_source_data_fig2.txt	Baseline split induced from Source Data Fig. 2 maximum-credibility population tree.
LG07	LG07_SQ0073	Gadmor_avc_spc	Gadmor_kie_spc	Gadmor_lfc_spc	Gadmor_lfo_spc	Gadmor_avc_spc,Gadmor_kie_spc|Gadmor_lfc_spc,Gadmor_lfo_spc	Gadmor_avc_spc,Gadmor_lfo_spc|Gadmor_kie_spc,Gadmor_lfc_spc	false	true	data/atlantic_cod/raw/nature_source_data/41559_2022_1661_MOESM4_ESM_source_data_fig2.txt	Baseline split induced from Source Data Fig. 2 maximum-credibility population tree.
LG07	LG07_SQ0074	Gadmor_avc_spc	Gadmor_kie_spc	Gadmor_lfc_spc	Gadmor_twc_spc	Gadmor_avc_spc,Gadmor_kie_spc|Gadmor_lfc_spc,Gadmor_twc_spc	Gadmor_avc_spc,Gadmor_twc_spc|Gadmor_kie_spc,Gadmor_lfc_spc	false	true	data/atlantic_cod/raw/nature_source_data/41559_2022_1661_MOESM4_ESM_source_data_fig2.txt	Baseline split induced from Source Data Fig. 2 maximum-credibility population tree.
LG07	LG07_SQ0075	Gadmor_avc_spc	Gadmor_kie_spc	Gadmor_lfc_spc	Gadmor_two_spc	Gadmor_avc_spc,Gadmor_kie_spc|Gadmor_lfc_spc,Gadmor_two_spc	Gadmor_avc_spc,Gadmor_two_spc|Gadmor_kie_spc,Gadmor_lfc_spc	false	true	data/atlantic_cod/raw/nature_source_data/41559_2022_1661_MOESM4_ESM_source_data_fig2.txt	Baseline split induced from Source Data Fig. 2 maximum-credibility population tree.
LG07	LG07_SQ0076	Gadmor_avc_spc	Gadmor_kie_spc	Gadmor_lfo_spc	Gadmor_twc_spc	Gadmor_avc_spc,Gadmor_kie_spc|Gadmor_lfo_spc,Gadmor_twc_spc	Gadmor_avc_spc,Gadmor_lfo_spc|Gadmor_kie_spc,Gadmor_twc_spc	false	true	data/atlantic_cod/raw/nature_source_data/41559_2022_1661_MOESM4_ESM_source_data_fig2.txt	Baseline split induced from Source Data Fig. 2 maximum-credibility population tree.
LG07	LG07_SQ0077	Gadmor_avc_spc	Gadmor_kie_spc	Gadmor_lfo_spc	Gadmor_two_spc	Gadmor_avc_spc,Gadmor_kie_spc|Gadmor_lfo_spc,Gadmor_two_spc	Gadmor_avc_spc,Gadmor_lfo_spc|Gadmor_kie_spc,Gadmor_two_spc	false	true	data/atlantic_cod/raw/nature_source_data/41559_2022_1661_MOESM4_ESM_source_data_fig2.txt	Baseline split induced from Source Data Fig. 2 maximum-credibility population tree.
LG07	LG07_SQ0078	Gadmor_avc_spc	Gadmor_kie_spc	Gadmor_twc_spc	Gadmor_two_spc	Gadmor_avc_spc,Gadmor_kie_spc|Gadmor_twc_spc,Gadmor_two_spc	Gadmor_avc_spc,Gadmor_kie_spc|Gadmor_twc_spc,Gadmor_two_spc	true	false	data/atlantic_cod/raw/nature_source_data/41559_2022_1661_MOESM4_ESM_source_data_fig2.txt	Baseline split induced from Source Data Fig. 2 maximum-credibility population tree.
LG07	LG07_SQ0079	Gadmor_avc_spc	Gadmor_lfc_spc	Gadmor_lfo_spc	Gadmor_low_spc	Gadmor_avc_spc,Gadmor_low_spc|Gadmor_lfc_spc,Gadmor_lfo_spc	Gadmor_avc_spc,Gadmor_lfo_spc|Gadmor_lfc_spc,Gadmor_low_spc	false	true	data/atlantic_cod/raw/nature_source_data/41559_2022_1661_MOESM4_ESM_source_data_fig2.txt	Baseline split induced from Source Data Fig. 2 maximum-credibility population tree.
LG07	LG07_SQ0080	Gadmor_avc_spc	Gadmor_lfc_spc	Gadmor_low_spc	Gadmor_twc_spc	Gadmor_avc_spc,Gadmor_low_spc|Gadmor_lfc_spc,Gadmor_twc_spc	Gadmor_avc_spc,Gadmor_twc_spc|Gadmor_lfc_spc,Gadmor_low_spc	false	true	data/atlantic_cod/raw/nature_source_data/41559_2022_1661_MOESM4_ESM_source_data_fig2.txt	Baseline split induced from Source Data Fig. 2 maximum-credibility population tree.
LG07	LG07_SQ0081	Gadmor_avc_spc	Gadmor_lfc_spc	Gadmor_low_spc	Gadmor_two_spc	Gadmor_avc_spc,Gadmor_low_spc|Gadmor_lfc_spc,Gadmor_two_spc	Gadmor_avc_spc,Gadmor_two_spc|Gadmor_lfc_spc,Gadmor_low_spc	false	true	data/atlantic_cod/raw/nature_source_data/41559_2022_1661_MOESM4_ESM_source_data_fig2.txt	Baseline split induced from Source Data Fig. 2 maximum-credibility population tree.
LG07	LG07_SQ0082	Gadmor_avc_spc	Gadmor_lfo_spc	Gadmor_low_spc	Gadmor_twc_spc	Gadmor_avc_spc,Gadmor_low_spc|Gadmor_lfo_spc,Gadmor_twc_spc	Gadmor_avc_spc,Gadmor_lfo_spc|Gadmor_low_spc,Gadmor_twc_spc	false	true	data/atlantic_cod/raw/nature_source_data/41559_2022_1661_MOESM4_ESM_source_data_fig2.txt	Baseline split induced from Source Data Fig. 2 maximum-credibility population tree.
LG07	LG07_SQ0083	Gadmor_avc_spc	Gadmor_lfo_spc	Gadmor_low_spc	Gadmor_two_spc	Gadmor_avc_spc,Gadmor_low_spc|Gadmor_lfo_spc,Gadmor_two_spc	Gadmor_avc_spc,Gadmor_lfo_spc|Gadmor_low_spc,Gadmor_two_spc	false	true	data/atlantic_cod/raw/nature_source_data/41559_2022_1661_MOESM4_ESM_source_data_fig2.txt	Baseline split induced from Source Data Fig. 2 maximum-credibility population tree.
LG07	LG07_SQ0084	Gadmor_avc_spc	Gadmor_low_spc	Gadmor_twc_spc	Gadmor_two_spc	Gadmor_avc_spc,Gadmor_low_spc|Gadmor_twc_spc,Gadmor_two_spc	Gadmor_avc_spc,Gadmor_low_spc|Gadmor_twc_spc,Gadmor_two_spc	true	false	data/atlantic_cod/raw/nature_source_data/41559_2022_1661_MOESM4_ESM_source_data_fig2.txt	Baseline split induced from Source Data Fig. 2 maximum-credibility population tree.
LG07	LG07_SQ0085	Gadmor_avo_spc	Gadmor_bat_spc	Gadmor_bor_spc	Gadmor_icc_spc	Gadmor_avo_spc,Gadmor_bor_spc|Gadmor_bat_spc,Gadmor_icc_spc	Gadmor_avo_spc,Gadmor_bat_spc|Gadmor_bor_spc,Gadmor_icc_spc	false	true	data/atlantic_cod/raw/nature_source_data/41559_2022_1661_MOESM4_ESM_source_data_fig2.txt	Baseline split induced from Source Data Fig. 2 maximum-credibility population tree.
LG07	LG07_SQ0086	Gadmor_avo_spc	Gadmor_bat_spc	Gadmor_bor_spc	Gadmor_ico_spc	Gadmor_avo_spc,Gadmor_bor_spc|Gadmor_bat_spc,Gadmor_ico_spc	Gadmor_avo_spc,Gadmor_bat_spc|Gadmor_bor_spc,Gadmor_ico_spc	false	true	data/atlantic_cod/raw/nature_source_data/41559_2022_1661_MOESM4_ESM_source_data_fig2.txt	Baseline split induced from Source Data Fig. 2 maximum-credibility population tree.
LG07	LG07_SQ0087	Gadmor_avo_spc	Gadmor_bat_spc	Gadmor_bor_spc	Gadmor_lfc_spc	Gadmor_avo_spc,Gadmor_bor_spc|Gadmor_bat_spc,Gadmor_lfc_spc	Gadmor_avo_spc,Gadmor_bat_spc|Gadmor_bor_spc,Gadmor_lfc_spc	false	true	data/atlantic_cod/raw/nature_source_data/41559_2022_1661_MOESM4_ESM_source_data_fig2.txt	Baseline split induced from Source Data Fig. 2 maximum-credibility population tree.
LG07	LG07_SQ0088	Gadmor_avo_spc	Gadmor_bat_spc	Gadmor_bor_spc	Gadmor_lfo_spc	Gadmor_avo_spc,Gadmor_bor_spc|Gadmor_bat_spc,Gadmor_lfo_spc	Gadmor_avo_spc,Gadmor_bat_spc|Gadmor_bor_spc,Gadmor_lfo_spc	false	true	data/atlantic_cod/raw/nature_source_data/41559_2022_1661_MOESM4_ESM_source_data_fig2.txt	Baseline split induced from Source Data Fig. 2 maximum-credibility population tree.
LG07	LG07_SQ0089	Gadmor_avo_spc	Gadmor_bat_spc	Gadmor_bor_spc	Gadmor_twc_spc	Gadmor_avo_spc,Gadmor_bor_spc|Gadmor_bat_spc,Gadmor_twc_spc	Gadmor_avo_spc,Gadmor_bor_spc|Gadmor_bat_spc,Gadmor_twc_spc	true	false	data/atlantic_cod/raw/nature_source_data/41559_2022_1661_MOESM4_ESM_source_data_fig2.txt	Baseline split induced from Source Data Fig. 2 maximum-credibility population tree.
LG07	LG07_SQ0090	Gadmor_avo_spc	Gadmor_bat_spc	Gadmor_bor_spc	Gadmor_two_spc	Gadmor_avo_spc,Gadmor_bor_spc|Gadmor_bat_spc,Gadmor_two_spc	Gadmor_avo_spc,Gadmor_bor_spc|Gadmor_bat_spc,Gadmor_two_spc	true	false	data/atlantic_cod/raw/nature_source_data/41559_2022_1661_MOESM4_ESM_source_data_fig2.txt	Baseline split induced from Source Data Fig. 2 maximum-credibility population tree.
LG07	LG07_SQ0091	Gadmor_avo_spc	Gadmor_bat_spc	Gadmor_icc_spc	Gadmor_kie_spc	Gadmor_avo_spc,Gadmor_kie_spc|Gadmor_bat_spc,Gadmor_icc_spc	Gadmor_avo_spc,Gadmor_bat_spc|Gadmor_icc_spc,Gadmor_kie_spc	false	true	data/atlantic_cod/raw/nature_source_data/41559_2022_1661_MOESM4_ESM_source_data_fig2.txt	Baseline split induced from Source Data Fig. 2 maximum-credibility population tree.
LG07	LG07_SQ0092	Gadmor_avo_spc	Gadmor_bat_spc	Gadmor_icc_spc	Gadmor_low_spc	Gadmor_avo_spc,Gadmor_low_spc|Gadmor_bat_spc,Gadmor_icc_spc	Gadmor_avo_spc,Gadmor_bat_spc|Gadmor_icc_spc,Gadmor_low_spc	false	true	data/atlantic_cod/raw/nature_source_data/41559_2022_1661_MOESM4_ESM_source_data_fig2.txt	Baseline split induced from Source Data Fig. 2 maximum-credibility population tree.
LG07	LG07_SQ0093	Gadmor_avo_spc	Gadmor_bat_spc	Gadmor_ico_spc	Gadmor_kie_spc	Gadmor_avo_spc,Gadmor_kie_spc|Gadmor_bat_spc,Gadmor_ico_spc	Gadmor_avo_spc,Gadmor_bat_spc|Gadmor_ico_spc,Gadmor_kie_spc	false	true	data/atlantic_cod/raw/nature_source_data/41559_2022_1661_MOESM4_ESM_source_data_fig2.txt	Baseline split induced from Source Data Fig. 2 maximum-credibility population tree.
LG07	LG07_SQ0094	Gadmor_avo_spc	Gadmor_bat_spc	Gadmor_ico_spc	Gadmor_low_spc	Gadmor_avo_spc,Gadmor_low_spc|Gadmor_bat_spc,Gadmor_ico_spc	Gadmor_avo_spc,Gadmor_bat_spc|Gadmor_ico_spc,Gadmor_low_spc	false	true	data/atlantic_cod/raw/nature_source_data/41559_2022_1661_MOESM4_ESM_source_data_fig2.txt	Baseline split induced from Source Data Fig. 2 maximum-credibility population tree.
LG07	LG07_SQ0095	Gadmor_avo_spc	Gadmor_bat_spc	Gadmor_kie_spc	Gadmor_lfc_spc	Gadmor_avo_spc,Gadmor_kie_spc|Gadmor_bat_spc,Gadmor_lfc_spc	Gadmor_avo_spc,Gadmor_bat_spc|Gadmor_kie_spc,Gadmor_lfc_spc	false	true	data/atlantic_cod/raw/nature_source_data/41559_2022_1661_MOESM4_ESM_source_data_fig2.txt	Baseline split induced from Source Data Fig. 2 maximum-credibility population tree.
LG07	LG07_SQ0096	Gadmor_avo_spc	Gadmor_bat_spc	Gadmor_kie_spc	Gadmor_lfo_spc	Gadmor_avo_spc,Gadmor_kie_spc|Gadmor_bat_spc,Gadmor_lfo_spc	Gadmor_avo_spc,Gadmor_bat_spc|Gadmor_kie_spc,Gadmor_lfo_spc	false	true	data/atlantic_cod/raw/nature_source_data/41559_2022_1661_MOESM4_ESM_source_data_fig2.txt	Baseline split induced from Source Data Fig. 2 maximum-credibility population tree.
LG07	LG07_SQ0097	Gadmor_avo_spc	Gadmor_bat_spc	Gadmor_kie_spc	Gadmor_twc_spc	Gadmor_avo_spc,Gadmor_kie_spc|Gadmor_bat_spc,Gadmor_twc_spc	Gadmor_avo_spc,Gadmor_kie_spc|Gadmor_bat_spc,Gadmor_twc_spc	true	false	data/atlantic_cod/raw/nature_source_data/41559_2022_1661_MOESM4_ESM_source_data_fig2.txt	Baseline split induced from Source Data Fig. 2 maximum-credibility population tree.
LG07	LG07_SQ0098	Gadmor_avo_spc	Gadmor_bat_spc	Gadmor_kie_spc	Gadmor_two_spc	Gadmor_avo_spc,Gadmor_kie_spc|Gadmor_bat_spc,Gadmor_two_spc	Gadmor_avo_spc,Gadmor_kie_spc|Gadmor_bat_spc,Gadmor_two_spc	true	false	data/atlantic_cod/raw/nature_source_data/41559_2022_1661_MOESM4_ESM_source_data_fig2.txt	Baseline split induced from Source Data Fig. 2 maximum-credibility population tree.
LG07	LG07_SQ0099	Gadmor_avo_spc	Gadmor_bat_spc	Gadmor_lfc_spc	Gadmor_low_spc	Gadmor_avo_spc,Gadmor_low_spc|Gadmor_bat_spc,Gadmor_lfc_spc	Gadmor_avo_spc,Gadmor_bat_spc|Gadmor_lfc_spc,Gadmor_low_spc	false	true	data/atlantic_cod/raw/nature_source_data/41559_2022_1661_MOESM4_ESM_source_data_fig2.txt	Baseline split induced from Source Data Fig. 2 maximum-credibility population tree.
LG07	LG07_SQ0100	Gadmor_avo_spc	Gadmor_bat_spc	Gadmor_lfo_spc	Gadmor_low_spc	Gadmor_avo_spc,Gadmor_low_spc|Gadmor_bat_spc,Gadmor_lfo_spc	Gadmor_avo_spc,Gadmor_bat_spc|Gadmor_lfo_spc,Gadmor_low_spc	false	true	data/atlantic_cod/raw/nature_source_data/41559_2022_1661_MOESM4_ESM_source_data_fig2.txt	Baseline split induced from Source Data Fig. 2 maximum-credibility population tree.
LG07	LG07_SQ0101	Gadmor_avo_spc	Gadmor_bat_spc	Gadmor_low_spc	Gadmor_twc_spc	Gadmor_avo_spc,Gadmor_low_spc|Gadmor_bat_spc,Gadmor_twc_spc	Gadmor_avo_spc,Gadmor_low_spc|Gadmor_bat_spc,Gadmor_twc_spc	true	false	data/atlantic_cod/raw/nature_source_data/41559_2022_1661_MOESM4_ESM_source_data_fig2.txt	Baseline split induced from Source Data Fig. 2 maximum-credibility population tree.
LG07	LG07_SQ0102	Gadmor_avo_spc	Gadmor_bat_spc	Gadmor_low_spc	Gadmor_two_spc	Gadmor_avo_spc,Gadmor_low_spc|Gadmor_bat_spc,Gadmor_two_spc	Gadmor_avo_spc,Gadmor_low_spc|Gadmor_bat_spc,Gadmor_two_spc	true	false	data/atlantic_cod/raw/nature_source_data/41559_2022_1661_MOESM4_ESM_source_data_fig2.txt	Baseline split induced from Source Data Fig. 2 maximum-credibility population tree.
LG07	LG07_SQ0103	Gadmor_avo_spc	Gadmor_bor_spc	Gadmor_icc_spc	Gadmor_ico_spc	Gadmor_avo_spc,Gadmor_bor_spc|Gadmor_icc_spc,Gadmor_ico_spc	Gadmor_avo_spc,Gadmor_bor_spc|Gadmor_icc_spc,Gadmor_ico_spc	true	false	data/atlantic_cod/raw/nature_source_data/41559_2022_1661_MOESM4_ESM_source_data_fig2.txt	Baseline split induced from Source Data Fig. 2 maximum-credibility population tree.
LG07	LG07_SQ0104	Gadmor_avo_spc	Gadmor_bor_spc	Gadmor_icc_spc	Gadmor_lfc_spc	Gadmor_avo_spc,Gadmor_bor_spc|Gadmor_icc_spc,Gadmor_lfc_spc	Gadmor_avo_spc,Gadmor_icc_spc|Gadmor_bor_spc,Gadmor_lfc_spc	false	true	data/atlantic_cod/raw/nature_source_data/41559_2022_1661_MOESM4_ESM_source_data_fig2.txt	Baseline split induced from Source Data Fig. 2 maximum-credibility population tree.
LG07	LG07_SQ0105	Gadmor_avo_spc	Gadmor_bor_spc	Gadmor_icc_spc	Gadmor_lfo_spc	Gadmor_avo_spc,Gadmor_bor_spc|Gadmor_icc_spc,Gadmor_lfo_spc	Gadmor_avo_spc,Gadmor_lfo_spc|Gadmor_bor_spc,Gadmor_icc_spc	false	true	data/atlantic_cod/raw/nature_source_data/41559_2022_1661_MOESM4_ESM_source_data_fig2.txt	Baseline split induced from Source Data Fig. 2 maximum-credibility population tree.
LG07	LG07_SQ0106	Gadmor_avo_spc	Gadmor_bor_spc	Gadmor_icc_spc	Gadmor_twc_spc	Gadmor_avo_spc,Gadmor_bor_spc|Gadmor_icc_spc,Gadmor_twc_spc	Gadmor_avo_spc,Gadmor_twc_spc|Gadmor_bor_spc,Gadmor_icc_spc	false	true	data/atlantic_cod/raw/nature_source_data/41559_2022_1661_MOESM4_ESM_source_data_fig2.txt	Baseline split induced from Source Data Fig. 2 maximum-credibility population tree.
LG07	LG07_SQ0107	Gadmor_avo_spc	Gadmor_bor_spc	Gadmor_icc_spc	Gadmor_two_spc	Gadmor_avo_spc,Gadmor_bor_spc|Gadmor_icc_spc,Gadmor_two_spc	Gadmor_avo_spc,Gadmor_two_spc|Gadmor_bor_spc,Gadmor_icc_spc	false	true	data/atlantic_cod/raw/nature_source_data/41559_2022_1661_MOESM4_ESM_source_data_fig2.txt	Baseline split induced from Source Data Fig. 2 maximum-credibility population tree.
LG07	LG07_SQ0108	Gadmor_avo_spc	Gadmor_bor_spc	Gadmor_ico_spc	Gadmor_lfc_spc	Gadmor_avo_spc,Gadmor_bor_spc|Gadmor_ico_spc,Gadmor_lfc_spc	Gadmor_avo_spc,Gadmor_ico_spc|Gadmor_bor_spc,Gadmor_lfc_spc	false	true	data/atlantic_cod/raw/nature_source_data/41559_2022_1661_MOESM4_ESM_source_data_fig2.txt	Baseline split induced from Source Data Fig. 2 maximum-credibility population tree.
LG07	LG07_SQ0109	Gadmor_avo_spc	Gadmor_bor_spc	Gadmor_ico_spc	Gadmor_lfo_spc	Gadmor_avo_spc,Gadmor_bor_spc|Gadmor_ico_spc,Gadmor_lfo_spc	Gadmor_avo_spc,Gadmor_lfo_spc|Gadmor_bor_spc,Gadmor_ico_spc	false	true	data/atlantic_cod/raw/nature_source_data/41559_2022_1661_MOESM4_ESM_source_data_fig2.txt	Baseline split induced from Source Data Fig. 2 maximum-credibility population tree.
LG07	LG07_SQ0110	Gadmor_avo_spc	Gadmor_bor_spc	Gadmor_ico_spc	Gadmor_twc_spc	Gadmor_avo_spc,Gadmor_bor_spc|Gadmor_ico_spc,Gadmor_twc_spc	Gadmor_avo_spc,Gadmor_twc_spc|Gadmor_bor_spc,Gadmor_ico_spc	false	true	data/atlantic_cod/raw/nature_source_data/41559_2022_1661_MOESM4_ESM_source_data_fig2.txt	Baseline split induced from Source Data Fig. 2 maximum-credibility population tree.
LG07	LG07_SQ0111	Gadmor_avo_spc	Gadmor_bor_spc	Gadmor_ico_spc	Gadmor_two_spc	Gadmor_avo_spc,Gadmor_bor_spc|Gadmor_ico_spc,Gadmor_two_spc	Gadmor_avo_spc,Gadmor_two_spc|Gadmor_bor_spc,Gadmor_ico_spc	false	true	data/atlantic_cod/raw/nature_source_data/41559_2022_1661_MOESM4_ESM_source_data_fig2.txt	Baseline split induced from Source Data Fig. 2 maximum-credibility population tree.
LG07	LG07_SQ0112	Gadmor_avo_spc	Gadmor_bor_spc	Gadmor_lfc_spc	Gadmor_lfo_spc	Gadmor_avo_spc,Gadmor_bor_spc|Gadmor_lfc_spc,Gadmor_lfo_spc	Gadmor_avo_spc,Gadmor_lfo_spc|Gadmor_bor_spc,Gadmor_lfc_spc	false	true	data/atlantic_cod/raw/nature_source_data/41559_2022_1661_MOESM4_ESM_source_data_fig2.txt	Baseline split induced from Source Data Fig. 2 maximum-credibility population tree.
LG07	LG07_SQ0113	Gadmor_avo_spc	Gadmor_bor_spc	Gadmor_lfc_spc	Gadmor_twc_spc	Gadmor_avo_spc,Gadmor_bor_spc|Gadmor_lfc_spc,Gadmor_twc_spc	Gadmor_avo_spc,Gadmor_twc_spc|Gadmor_bor_spc,Gadmor_lfc_spc	false	true	data/atlantic_cod/raw/nature_source_data/41559_2022_1661_MOESM4_ESM_source_data_fig2.txt	Baseline split induced from Source Data Fig. 2 maximum-credibility population tree.
LG07	LG07_SQ0114	Gadmor_avo_spc	Gadmor_bor_spc	Gadmor_lfc_spc	Gadmor_two_spc	Gadmor_avo_spc,Gadmor_bor_spc|Gadmor_lfc_spc,Gadmor_two_spc	Gadmor_avo_spc,Gadmor_two_spc|Gadmor_bor_spc,Gadmor_lfc_spc	false	true	data/atlantic_cod/raw/nature_source_data/41559_2022_1661_MOESM4_ESM_source_data_fig2.txt	Baseline split induced from Source Data Fig. 2 maximum-credibility population tree.
LG07	LG07_SQ0115	Gadmor_avo_spc	Gadmor_bor_spc	Gadmor_lfo_spc	Gadmor_twc_spc	Gadmor_avo_spc,Gadmor_bor_spc|Gadmor_lfo_spc,Gadmor_twc_spc	Gadmor_avo_spc,Gadmor_twc_spc|Gadmor_bor_spc,Gadmor_lfo_spc	false	true	data/atlantic_cod/raw/nature_source_data/41559_2022_1661_MOESM4_ESM_source_data_fig2.txt	Baseline split induced from Source Data Fig. 2 maximum-credibility population tree.
LG07	LG07_SQ0116	Gadmor_avo_spc	Gadmor_bor_spc	Gadmor_lfo_spc	Gadmor_two_spc	Gadmor_avo_spc,Gadmor_bor_spc|Gadmor_lfo_spc,Gadmor_two_spc	Gadmor_avo_spc,Gadmor_two_spc|Gadmor_bor_spc,Gadmor_lfo_spc	false	true	data/atlantic_cod/raw/nature_source_data/41559_2022_1661_MOESM4_ESM_source_data_fig2.txt	Baseline split induced from Source Data Fig. 2 maximum-credibility population tree.
LG07	LG07_SQ0117	Gadmor_avo_spc	Gadmor_bor_spc	Gadmor_twc_spc	Gadmor_two_spc	Gadmor_avo_spc,Gadmor_bor_spc|Gadmor_twc_spc,Gadmor_two_spc	Gadmor_avo_spc,Gadmor_bor_spc|Gadmor_twc_spc,Gadmor_two_spc	true	false	data/atlantic_cod/raw/nature_source_data/41559_2022_1661_MOESM4_ESM_source_data_fig2.txt	Baseline split induced from Source Data Fig. 2 maximum-credibility population tree.
LG07	LG07_SQ0118	Gadmor_avo_spc	Gadmor_icc_spc	Gadmor_ico_spc	Gadmor_kie_spc	Gadmor_avo_spc,Gadmor_kie_spc|Gadmor_icc_spc,Gadmor_ico_spc	Gadmor_avo_spc,Gadmor_kie_spc|Gadmor_icc_spc,Gadmor_ico_spc	true	false	data/atlantic_cod/raw/nature_source_data/41559_2022_1661_MOESM4_ESM_source_data_fig2.txt	Baseline split induced from Source Data Fig. 2 maximum-credibility population tree.
LG07	LG07_SQ0119	Gadmor_avo_spc	Gadmor_icc_spc	Gadmor_ico_spc	Gadmor_low_spc	Gadmor_avo_spc,Gadmor_low_spc|Gadmor_icc_spc,Gadmor_ico_spc	Gadmor_avo_spc,Gadmor_low_spc|Gadmor_icc_spc,Gadmor_ico_spc	true	false	data/atlantic_cod/raw/nature_source_data/41559_2022_1661_MOESM4_ESM_source_data_fig2.txt	Baseline split induced from Source Data Fig. 2 maximum-credibility population tree.
LG07	LG07_SQ0120	Gadmor_avo_spc	Gadmor_icc_spc	Gadmor_kie_spc	Gadmor_lfc_spc	Gadmor_avo_spc,Gadmor_kie_spc|Gadmor_icc_spc,Gadmor_lfc_spc	Gadmor_avo_spc,Gadmor_icc_spc|Gadmor_kie_spc,Gadmor_lfc_spc	false	true	data/atlantic_cod/raw/nature_source_data/41559_2022_1661_MOESM4_ESM_source_data_fig2.txt	Baseline split induced from Source Data Fig. 2 maximum-credibility population tree.
LG07	LG07_SQ0121	Gadmor_avo_spc	Gadmor_icc_spc	Gadmor_kie_spc	Gadmor_lfo_spc	Gadmor_avo_spc,Gadmor_kie_spc|Gadmor_icc_spc,Gadmor_lfo_spc	Gadmor_avo_spc,Gadmor_lfo_spc|Gadmor_icc_spc,Gadmor_kie_spc	false	true	data/atlantic_cod/raw/nature_source_data/41559_2022_1661_MOESM4_ESM_source_data_fig2.txt	Baseline split induced from Source Data Fig. 2 maximum-credibility population tree.
LG07	LG07_SQ0122	Gadmor_avo_spc	Gadmor_icc_spc	Gadmor_kie_spc	Gadmor_twc_spc	Gadmor_avo_spc,Gadmor_kie_spc|Gadmor_icc_spc,Gadmor_twc_spc	Gadmor_avo_spc,Gadmor_twc_spc|Gadmor_icc_spc,Gadmor_kie_spc	false	true	data/atlantic_cod/raw/nature_source_data/41559_2022_1661_MOESM4_ESM_source_data_fig2.txt	Baseline split induced from Source Data Fig. 2 maximum-credibility population tree.
LG07	LG07_SQ0123	Gadmor_avo_spc	Gadmor_icc_spc	Gadmor_kie_spc	Gadmor_two_spc	Gadmor_avo_spc,Gadmor_kie_spc|Gadmor_icc_spc,Gadmor_two_spc	Gadmor_avo_spc,Gadmor_two_spc|Gadmor_icc_spc,Gadmor_kie_spc	false	true	data/atlantic_cod/raw/nature_source_data/41559_2022_1661_MOESM4_ESM_source_data_fig2.txt	Baseline split induced from Source Data Fig. 2 maximum-credibility population tree.
LG07	LG07_SQ0124	Gadmor_avo_spc	Gadmor_icc_spc	Gadmor_lfc_spc	Gadmor_low_spc	Gadmor_avo_spc,Gadmor_low_spc|Gadmor_icc_spc,Gadmor_lfc_spc	Gadmor_avo_spc,Gadmor_icc_spc|Gadmor_lfc_spc,Gadmor_low_spc	false	true	data/atlantic_cod/raw/nature_source_data/41559_2022_1661_MOESM4_ESM_source_data_fig2.txt	Baseline split induced from Source Data Fig. 2 maximum-credibility population tree.
LG07	LG07_SQ0125	Gadmor_avo_spc	Gadmor_icc_spc	Gadmor_lfo_spc	Gadmor_low_spc	Gadmor_avo_spc,Gadmor_low_spc|Gadmor_icc_spc,Gadmor_lfo_spc	Gadmor_avo_spc,Gadmor_lfo_spc|Gadmor_icc_spc,Gadmor_low_spc	false	true	data/atlantic_cod/raw/nature_source_data/41559_2022_1661_MOESM4_ESM_source_data_fig2.txt	Baseline split induced from Source Data Fig. 2 maximum-credibility population tree.
LG07	LG07_SQ0126	Gadmor_avo_spc	Gadmor_icc_spc	Gadmor_low_spc	Gadmor_twc_spc	Gadmor_avo_spc,Gadmor_low_spc|Gadmor_icc_spc,Gadmor_twc_spc	Gadmor_avo_spc,Gadmor_twc_spc|Gadmor_icc_spc,Gadmor_low_spc	false	true	data/atlantic_cod/raw/nature_source_data/41559_2022_1661_MOESM4_ESM_source_data_fig2.txt	Baseline split induced from Source Data Fig. 2 maximum-credibility population tree.
LG07	LG07_SQ0127	Gadmor_avo_spc	Gadmor_icc_spc	Gadmor_low_spc	Gadmor_two_spc	Gadmor_avo_spc,Gadmor_low_spc|Gadmor_icc_spc,Gadmor_two_spc	Gadmor_avo_spc,Gadmor_two_spc|Gadmor_icc_spc,Gadmor_low_spc	false	true	data/atlantic_cod/raw/nature_source_data/41559_2022_1661_MOESM4_ESM_source_data_fig2.txt	Baseline split induced from Source Data Fig. 2 maximum-credibility population tree.
LG07	LG07_SQ0128	Gadmor_avo_spc	Gadmor_ico_spc	Gadmor_kie_spc	Gadmor_lfc_spc	Gadmor_avo_spc,Gadmor_kie_spc|Gadmor_ico_spc,Gadmor_lfc_spc	Gadmor_avo_spc,Gadmor_ico_spc|Gadmor_kie_spc,Gadmor_lfc_spc	false	true	data/atlantic_cod/raw/nature_source_data/41559_2022_1661_MOESM4_ESM_source_data_fig2.txt	Baseline split induced from Source Data Fig. 2 maximum-credibility population tree.
LG07	LG07_SQ0129	Gadmor_avo_spc	Gadmor_ico_spc	Gadmor_kie_spc	Gadmor_lfo_spc	Gadmor_avo_spc,Gadmor_kie_spc|Gadmor_ico_spc,Gadmor_lfo_spc	Gadmor_avo_spc,Gadmor_lfo_spc|Gadmor_ico_spc,Gadmor_kie_spc	false	true	data/atlantic_cod/raw/nature_source_data/41559_2022_1661_MOESM4_ESM_source_data_fig2.txt	Baseline split induced from Source Data Fig. 2 maximum-credibility population tree.
LG07	LG07_SQ0130	Gadmor_avo_spc	Gadmor_ico_spc	Gadmor_kie_spc	Gadmor_twc_spc	Gadmor_avo_spc,Gadmor_kie_spc|Gadmor_ico_spc,Gadmor_twc_spc	Gadmor_avo_spc,Gadmor_twc_spc|Gadmor_ico_spc,Gadmor_kie_spc	false	true	data/atlantic_cod/raw/nature_source_data/41559_2022_1661_MOESM4_ESM_source_data_fig2.txt	Baseline split induced from Source Data Fig. 2 maximum-credibility population tree.
LG07	LG07_SQ0131	Gadmor_avo_spc	Gadmor_ico_spc	Gadmor_kie_spc	Gadmor_two_spc	Gadmor_avo_spc,Gadmor_kie_spc|Gadmor_ico_spc,Gadmor_two_spc	Gadmor_avo_spc,Gadmor_two_spc|Gadmor_ico_spc,Gadmor_kie_spc	false	true	data/atlantic_cod/raw/nature_source_data/41559_2022_1661_MOESM4_ESM_source_data_fig2.txt	Baseline split induced from Source Data Fig. 2 maximum-credibility population tree.
LG07	LG07_SQ0132	Gadmor_avo_spc	Gadmor_ico_spc	Gadmor_lfc_spc	Gadmor_low_spc	Gadmor_avo_spc,Gadmor_low_spc|Gadmor_ico_spc,Gadmor_lfc_spc	Gadmor_avo_spc,Gadmor_ico_spc|Gadmor_lfc_spc,Gadmor_low_spc	false	true	data/atlantic_cod/raw/nature_source_data/41559_2022_1661_MOESM4_ESM_source_data_fig2.txt	Baseline split induced from Source Data Fig. 2 maximum-credibility population tree.
LG07	LG07_SQ0133	Gadmor_avo_spc	Gadmor_ico_spc	Gadmor_lfo_spc	Gadmor_low_spc	Gadmor_avo_spc,Gadmor_low_spc|Gadmor_ico_spc,Gadmor_lfo_spc	Gadmor_avo_spc,Gadmor_lfo_spc|Gadmor_ico_spc,Gadmor_low_spc	false	true	data/atlantic_cod/raw/nature_source_data/41559_2022_1661_MOESM4_ESM_source_data_fig2.txt	Baseline split induced from Source Data Fig. 2 maximum-credibility population tree.
LG07	LG07_SQ0134	Gadmor_avo_spc	Gadmor_ico_spc	Gadmor_low_spc	Gadmor_twc_spc	Gadmor_avo_spc,Gadmor_low_spc|Gadmor_ico_spc,Gadmor_twc_spc	Gadmor_avo_spc,Gadmor_twc_spc|Gadmor_ico_spc,Gadmor_low_spc	false	true	data/atlantic_cod/raw/nature_source_data/41559_2022_1661_MOESM4_ESM_source_data_fig2.txt	Baseline split induced from Source Data Fig. 2 maximum-credibility population tree.
LG07	LG07_SQ0135	Gadmor_avo_spc	Gadmor_ico_spc	Gadmor_low_spc	Gadmor_two_spc	Gadmor_avo_spc,Gadmor_low_spc|Gadmor_ico_spc,Gadmor_two_spc	Gadmor_avo_spc,Gadmor_two_spc|Gadmor_ico_spc,Gadmor_low_spc	false	true	data/atlantic_cod/raw/nature_source_data/41559_2022_1661_MOESM4_ESM_source_data_fig2.txt	Baseline split induced from Source Data Fig. 2 maximum-credibility population tree.
LG07	LG07_SQ0136	Gadmor_avo_spc	Gadmor_kie_spc	Gadmor_lfc_spc	Gadmor_lfo_spc	Gadmor_avo_spc,Gadmor_kie_spc|Gadmor_lfc_spc,Gadmor_lfo_spc	Gadmor_avo_spc,Gadmor_lfo_spc|Gadmor_kie_spc,Gadmor_lfc_spc	false	true	data/atlantic_cod/raw/nature_source_data/41559_2022_1661_MOESM4_ESM_source_data_fig2.txt	Baseline split induced from Source Data Fig. 2 maximum-credibility population tree.
LG07	LG07_SQ0137	Gadmor_avo_spc	Gadmor_kie_spc	Gadmor_lfc_spc	Gadmor_twc_spc	Gadmor_avo_spc,Gadmor_kie_spc|Gadmor_lfc_spc,Gadmor_twc_spc	Gadmor_avo_spc,Gadmor_twc_spc|Gadmor_kie_spc,Gadmor_lfc_spc	false	true	data/atlantic_cod/raw/nature_source_data/41559_2022_1661_MOESM4_ESM_source_data_fig2.txt	Baseline split induced from Source Data Fig. 2 maximum-credibility population tree.
LG07	LG07_SQ0138	Gadmor_avo_spc	Gadmor_kie_spc	Gadmor_lfc_spc	Gadmor_two_spc	Gadmor_avo_spc,Gadmor_kie_spc|Gadmor_lfc_spc,Gadmor_two_spc	Gadmor_avo_spc,Gadmor_two_spc|Gadmor_kie_spc,Gadmor_lfc_spc	false	true	data/atlantic_cod/raw/nature_source_data/41559_2022_1661_MOESM4_ESM_source_data_fig2.txt	Baseline split induced from Source Data Fig. 2 maximum-credibility population tree.
LG07	LG07_SQ0139	Gadmor_avo_spc	Gadmor_kie_spc	Gadmor_lfo_spc	Gadmor_twc_spc	Gadmor_avo_spc,Gadmor_kie_spc|Gadmor_lfo_spc,Gadmor_twc_spc	Gadmor_avo_spc,Gadmor_twc_spc|Gadmor_kie_spc,Gadmor_lfo_spc	false	true	data/atlantic_cod/raw/nature_source_data/41559_2022_1661_MOESM4_ESM_source_data_fig2.txt	Baseline split induced from Source Data Fig. 2 maximum-credibility population tree.
LG07	LG07_SQ0140	Gadmor_avo_spc	Gadmor_kie_spc	Gadmor_lfo_spc	Gadmor_two_spc	Gadmor_avo_spc,Gadmor_kie_spc|Gadmor_lfo_spc,Gadmor_two_spc	Gadmor_avo_spc,Gadmor_two_spc|Gadmor_kie_spc,Gadmor_lfo_spc	false	true	data/atlantic_cod/raw/nature_source_data/41559_2022_1661_MOESM4_ESM_source_data_fig2.txt	Baseline split induced from Source Data Fig. 2 maximum-credibility population tree.
LG07	LG07_SQ0141	Gadmor_avo_spc	Gadmor_kie_spc	Gadmor_twc_spc	Gadmor_two_spc	Gadmor_avo_spc,Gadmor_kie_spc|Gadmor_twc_spc,Gadmor_two_spc	Gadmor_avo_spc,Gadmor_kie_spc|Gadmor_twc_spc,Gadmor_two_spc	true	false	data/atlantic_cod/raw/nature_source_data/41559_2022_1661_MOESM4_ESM_source_data_fig2.txt	Baseline split induced from Source Data Fig. 2 maximum-credibility population tree.
LG07	LG07_SQ0142	Gadmor_avo_spc	Gadmor_lfc_spc	Gadmor_lfo_spc	Gadmor_low_spc	Gadmor_avo_spc,Gadmor_low_spc|Gadmor_lfc_spc,Gadmor_lfo_spc	Gadmor_avo_spc,Gadmor_lfo_spc|Gadmor_lfc_spc,Gadmor_low_spc	false	true	data/atlantic_cod/raw/nature_source_data/41559_2022_1661_MOESM4_ESM_source_data_fig2.txt	Baseline split induced from Source Data Fig. 2 maximum-credibility population tree.
LG07	LG07_SQ0143	Gadmor_avo_spc	Gadmor_lfc_spc	Gadmor_low_spc	Gadmor_twc_spc	Gadmor_avo_spc,Gadmor_low_spc|Gadmor_lfc_spc,Gadmor_twc_spc	Gadmor_avo_spc,Gadmor_twc_spc|Gadmor_lfc_spc,Gadmor_low_spc	false	true	data/atlantic_cod/raw/nature_source_data/41559_2022_1661_MOESM4_ESM_source_data_fig2.txt	Baseline split induced from Source Data Fig. 2 maximum-credibility population tree.
LG07	LG07_SQ0144	Gadmor_avo_spc	Gadmor_lfc_spc	Gadmor_low_spc	Gadmor_two_spc	Gadmor_avo_spc,Gadmor_low_spc|Gadmor_lfc_spc,Gadmor_two_spc	Gadmor_avo_spc,Gadmor_two_spc|Gadmor_lfc_spc,Gadmor_low_spc	false	true	data/atlantic_cod/raw/nature_source_data/41559_2022_1661_MOESM4_ESM_source_data_fig2.txt	Baseline split induced from Source Data Fig. 2 maximum-credibility population tree.
LG07	LG07_SQ0145	Gadmor_avo_spc	Gadmor_lfo_spc	Gadmor_low_spc	Gadmor_twc_spc	Gadmor_avo_spc,Gadmor_low_spc|Gadmor_lfo_spc,Gadmor_twc_spc	Gadmor_avo_spc,Gadmor_twc_spc|Gadmor_lfo_spc,Gadmor_low_spc	false	true	data/atlantic_cod/raw/nature_source_data/41559_2022_1661_MOESM4_ESM_source_data_fig2.txt	Baseline split induced from Source Data Fig. 2 maximum-credibility population tree.
LG07	LG07_SQ0146	Gadmor_avo_spc	Gadmor_lfo_spc	Gadmor_low_spc	Gadmor_two_spc	Gadmor_avo_spc,Gadmor_low_spc|Gadmor_lfo_spc,Gadmor_two_spc	Gadmor_avo_spc,Gadmor_two_spc|Gadmor_lfo_spc,Gadmor_low_spc	false	true	data/atlantic_cod/raw/nature_source_data/41559_2022_1661_MOESM4_ESM_source_data_fig2.txt	Baseline split induced from Source Data Fig. 2 maximum-credibility population tree.
LG07	LG07_SQ0147	Gadmor_avo_spc	Gadmor_low_spc	Gadmor_twc_spc	Gadmor_two_spc	Gadmor_avo_spc,Gadmor_low_spc|Gadmor_twc_spc,Gadmor_two_spc	Gadmor_avo_spc,Gadmor_low_spc|Gadmor_twc_spc,Gadmor_two_spc	true	false	data/atlantic_cod/raw/nature_source_data/41559_2022_1661_MOESM4_ESM_source_data_fig2.txt	Baseline split induced from Source Data Fig. 2 maximum-credibility population tree.
LG07	LG07_SQ0148	Gadmor_bat_spc	Gadmor_bor_spc	Gadmor_icc_spc	Gadmor_kie_spc	Gadmor_bat_spc,Gadmor_icc_spc|Gadmor_bor_spc,Gadmor_kie_spc	Gadmor_bat_spc,Gadmor_icc_spc|Gadmor_bor_spc,Gadmor_kie_spc	true	false	data/atlantic_cod/raw/nature_source_data/41559_2022_1661_MOESM4_ESM_source_data_fig2.txt	Baseline split induced from Source Data Fig. 2 maximum-credibility population tree.
LG07	LG07_SQ0149	Gadmor_bat_spc	Gadmor_bor_spc	Gadmor_icc_spc	Gadmor_low_spc	Gadmor_bat_spc,Gadmor_icc_spc|Gadmor_bor_spc,Gadmor_low_spc	Gadmor_bat_spc,Gadmor_icc_spc|Gadmor_bor_spc,Gadmor_low_spc	true	false	data/atlantic_cod/raw/nature_source_data/41559_2022_1661_MOESM4_ESM_source_data_fig2.txt	Baseline split induced from Source Data Fig. 2 maximum-credibility population tree.
LG07	LG07_SQ0150	Gadmor_bat_spc	Gadmor_bor_spc	Gadmor_ico_spc	Gadmor_kie_spc	Gadmor_bat_spc,Gadmor_ico_spc|Gadmor_bor_spc,Gadmor_kie_spc	Gadmor_bat_spc,Gadmor_ico_spc|Gadmor_bor_spc,Gadmor_kie_spc	true	false	data/atlantic_cod/raw/nature_source_data/41559_2022_1661_MOESM4_ESM_source_data_fig2.txt	Baseline split induced from Source Data Fig. 2 maximum-credibility population tree.
LG07	LG07_SQ0151	Gadmor_bat_spc	Gadmor_bor_spc	Gadmor_ico_spc	Gadmor_low_spc	Gadmor_bat_spc,Gadmor_ico_spc|Gadmor_bor_spc,Gadmor_low_spc	Gadmor_bat_spc,Gadmor_ico_spc|Gadmor_bor_spc,Gadmor_low_spc	true	false	data/atlantic_cod/raw/nature_source_data/41559_2022_1661_MOESM4_ESM_source_data_fig2.txt	Baseline split induced from Source Data Fig. 2 maximum-credibility population tree.
LG07	LG07_SQ0152	Gadmor_bat_spc	Gadmor_bor_spc	Gadmor_kie_spc	Gadmor_lfc_spc	Gadmor_bat_spc,Gadmor_lfc_spc|Gadmor_bor_spc,Gadmor_kie_spc	Gadmor_bat_spc,Gadmor_lfc_spc|Gadmor_bor_spc,Gadmor_kie_spc	true	false	data/atlantic_cod/raw/nature_source_data/41559_2022_1661_MOESM4_ESM_source_data_fig2.txt	Baseline split induced from Source Data Fig. 2 maximum-credibility population tree.
LG07	LG07_SQ0153	Gadmor_bat_spc	Gadmor_bor_spc	Gadmor_kie_spc	Gadmor_lfo_spc	Gadmor_bat_spc,Gadmor_lfo_spc|Gadmor_bor_spc,Gadmor_kie_spc	Gadmor_bat_spc,Gadmor_lfo_spc|Gadmor_bor_spc,Gadmor_kie_spc	true	false	data/atlantic_cod/raw/nature_source_data/41559_2022_1661_MOESM4_ESM_source_data_fig2.txt	Baseline split induced from Source Data Fig. 2 maximum-credibility population tree.
LG07	LG07_SQ0154	Gadmor_bat_spc	Gadmor_bor_spc	Gadmor_kie_spc	Gadmor_twc_spc	Gadmor_bat_spc,Gadmor_twc_spc|Gadmor_bor_spc,Gadmor_kie_spc	Gadmor_bat_spc,Gadmor_twc_spc|Gadmor_bor_spc,Gadmor_kie_spc	true	false	data/atlantic_cod/raw/nature_source_data/41559_2022_1661_MOESM4_ESM_source_data_fig2.txt	Baseline split induced from Source Data Fig. 2 maximum-credibility population tree.
LG07	LG07_SQ0155	Gadmor_bat_spc	Gadmor_bor_spc	Gadmor_kie_spc	Gadmor_two_spc	Gadmor_bat_spc,Gadmor_two_spc|Gadmor_bor_spc,Gadmor_kie_spc	Gadmor_bat_spc,Gadmor_two_spc|Gadmor_bor_spc,Gadmor_kie_spc	true	false	data/atlantic_cod/raw/nature_source_data/41559_2022_1661_MOESM4_ESM_source_data_fig2.txt	Baseline split induced from Source Data Fig. 2 maximum-credibility population tree.
LG07	LG07_SQ0156	Gadmor_bat_spc	Gadmor_bor_spc	Gadmor_lfc_spc	Gadmor_low_spc	Gadmor_bat_spc,Gadmor_lfc_spc|Gadmor_bor_spc,Gadmor_low_spc	Gadmor_bat_spc,Gadmor_bor_spc|Gadmor_lfc_spc,Gadmor_low_spc	false	true	data/atlantic_cod/raw/nature_source_data/41559_2022_1661_MOESM4_ESM_source_data_fig2.txt	Baseline split induced from Source Data Fig. 2 maximum-credibility population tree.
LG07	LG07_SQ0157	Gadmor_bat_spc	Gadmor_bor_spc	Gadmor_lfo_spc	Gadmor_low_spc	Gadmor_bat_spc,Gadmor_lfo_spc|Gadmor_bor_spc,Gadmor_low_spc	Gadmor_bat_spc,Gadmor_lfo_spc|Gadmor_bor_spc,Gadmor_low_spc	true	false	data/atlantic_cod/raw/nature_source_data/41559_2022_1661_MOESM4_ESM_source_data_fig2.txt	Baseline split induced from Source Data Fig. 2 maximum-credibility population tree.
LG07	LG07_SQ0158	Gadmor_bat_spc	Gadmor_bor_spc	Gadmor_low_spc	Gadmor_twc_spc	Gadmor_bat_spc,Gadmor_twc_spc|Gadmor_bor_spc,Gadmor_low_spc	Gadmor_bat_spc,Gadmor_twc_spc|Gadmor_bor_spc,Gadmor_low_spc	true	false	data/atlantic_cod/raw/nature_source_data/41559_2022_1661_MOESM4_ESM_source_data_fig2.txt	Baseline split induced from Source Data Fig. 2 maximum-credibility population tree.
LG07	LG07_SQ0159	Gadmor_bat_spc	Gadmor_bor_spc	Gadmor_low_spc	Gadmor_two_spc	Gadmor_bat_spc,Gadmor_two_spc|Gadmor_bor_spc,Gadmor_low_spc	Gadmor_bat_spc,Gadmor_two_spc|Gadmor_bor_spc,Gadmor_low_spc	true	false	data/atlantic_cod/raw/nature_source_data/41559_2022_1661_MOESM4_ESM_source_data_fig2.txt	Baseline split induced from Source Data Fig. 2 maximum-credibility population tree.
LG07	LG07_SQ0160	Gadmor_bat_spc	Gadmor_icc_spc	Gadmor_kie_spc	Gadmor_low_spc	Gadmor_bat_spc,Gadmor_icc_spc|Gadmor_kie_spc,Gadmor_low_spc	Gadmor_bat_spc,Gadmor_icc_spc|Gadmor_kie_spc,Gadmor_low_spc	true	false	data/atlantic_cod/raw/nature_source_data/41559_2022_1661_MOESM4_ESM_source_data_fig2.txt	Baseline split induced from Source Data Fig. 2 maximum-credibility population tree.
LG07	LG07_SQ0161	Gadmor_bat_spc	Gadmor_ico_spc	Gadmor_kie_spc	Gadmor_low_spc	Gadmor_bat_spc,Gadmor_ico_spc|Gadmor_kie_spc,Gadmor_low_spc	Gadmor_bat_spc,Gadmor_ico_spc|Gadmor_kie_spc,Gadmor_low_spc	true	false	data/atlantic_cod/raw/nature_source_data/41559_2022_1661_MOESM4_ESM_source_data_fig2.txt	Baseline split induced from Source Data Fig. 2 maximum-credibility population tree.
LG07	LG07_SQ0162	Gadmor_bat_spc	Gadmor_kie_spc	Gadmor_lfc_spc	Gadmor_low_spc	Gadmor_bat_spc,Gadmor_lfc_spc|Gadmor_kie_spc,Gadmor_low_spc	Gadmor_bat_spc,Gadmor_kie_spc|Gadmor_lfc_spc,Gadmor_low_spc	false	true	data/atlantic_cod/raw/nature_source_data/41559_2022_1661_MOESM4_ESM_source_data_fig2.txt	Baseline split induced from Source Data Fig. 2 maximum-credibility population tree.
LG07	LG07_SQ0163	Gadmor_bat_spc	Gadmor_kie_spc	Gadmor_lfo_spc	Gadmor_low_spc	Gadmor_bat_spc,Gadmor_lfo_spc|Gadmor_kie_spc,Gadmor_low_spc	Gadmor_bat_spc,Gadmor_lfo_spc|Gadmor_kie_spc,Gadmor_low_spc	true	false	data/atlantic_cod/raw/nature_source_data/41559_2022_1661_MOESM4_ESM_source_data_fig2.txt	Baseline split induced from Source Data Fig. 2 maximum-credibility population tree.
LG07	LG07_SQ0164	Gadmor_bat_spc	Gadmor_kie_spc	Gadmor_low_spc	Gadmor_twc_spc	Gadmor_bat_spc,Gadmor_twc_spc|Gadmor_kie_spc,Gadmor_low_spc	Gadmor_bat_spc,Gadmor_twc_spc|Gadmor_kie_spc,Gadmor_low_spc	true	false	data/atlantic_cod/raw/nature_source_data/41559_2022_1661_MOESM4_ESM_source_data_fig2.txt	Baseline split induced from Source Data Fig. 2 maximum-credibility population tree.
LG07	LG07_SQ0165	Gadmor_bat_spc	Gadmor_kie_spc	Gadmor_low_spc	Gadmor_two_spc	Gadmor_bat_spc,Gadmor_two_spc|Gadmor_kie_spc,Gadmor_low_spc	Gadmor_bat_spc,Gadmor_two_spc|Gadmor_kie_spc,Gadmor_low_spc	true	false	data/atlantic_cod/raw/nature_source_data/41559_2022_1661_MOESM4_ESM_source_data_fig2.txt	Baseline split induced from Source Data Fig. 2 maximum-credibility population tree.
LG07	LG07_SQ0166	Gadmor_bor_spc	Gadmor_icc_spc	Gadmor_ico_spc	Gadmor_kie_spc	Gadmor_bor_spc,Gadmor_kie_spc|Gadmor_icc_spc,Gadmor_ico_spc	Gadmor_bor_spc,Gadmor_kie_spc|Gadmor_icc_spc,Gadmor_ico_spc	true	false	data/atlantic_cod/raw/nature_source_data/41559_2022_1661_MOESM4_ESM_source_data_fig2.txt	Baseline split induced from Source Data Fig. 2 maximum-credibility population tree.
LG07	LG07_SQ0167	Gadmor_bor_spc	Gadmor_icc_spc	Gadmor_ico_spc	Gadmor_low_spc	Gadmor_bor_spc,Gadmor_low_spc|Gadmor_icc_spc,Gadmor_ico_spc	Gadmor_bor_spc,Gadmor_low_spc|Gadmor_icc_spc,Gadmor_ico_spc	true	false	data/atlantic_cod/raw/nature_source_data/41559_2022_1661_MOESM4_ESM_source_data_fig2.txt	Baseline split induced from Source Data Fig. 2 maximum-credibility population tree.
LG07	LG07_SQ0168	Gadmor_bor_spc	Gadmor_icc_spc	Gadmor_kie_spc	Gadmor_lfc_spc	Gadmor_bor_spc,Gadmor_kie_spc|Gadmor_icc_spc,Gadmor_lfc_spc	Gadmor_bor_spc,Gadmor_kie_spc|Gadmor_icc_spc,Gadmor_lfc_spc	true	false	data/atlantic_cod/raw/nature_source_data/41559_2022_1661_MOESM4_ESM_source_data_fig2.txt	Baseline split induced from Source Data Fig. 2 maximum-credibility population tree.
LG07	LG07_SQ0169	Gadmor_bor_spc	Gadmor_icc_spc	Gadmor_kie_spc	Gadmor_lfo_spc	Gadmor_bor_spc,Gadmor_kie_spc|Gadmor_icc_spc,Gadmor_lfo_spc	Gadmor_bor_spc,Gadmor_kie_spc|Gadmor_icc_spc,Gadmor_lfo_spc	true	false	data/atlantic_cod/raw/nature_source_data/41559_2022_1661_MOESM4_ESM_source_data_fig2.txt	Baseline split induced from Source Data Fig. 2 maximum-credibility population tree.
LG07	LG07_SQ0170	Gadmor_bor_spc	Gadmor_icc_spc	Gadmor_kie_spc	Gadmor_twc_spc	Gadmor_bor_spc,Gadmor_kie_spc|Gadmor_icc_spc,Gadmor_twc_spc	Gadmor_bor_spc,Gadmor_kie_spc|Gadmor_icc_spc,Gadmor_twc_spc	true	false	data/atlantic_cod/raw/nature_source_data/41559_2022_1661_MOESM4_ESM_source_data_fig2.txt	Baseline split induced from Source Data Fig. 2 maximum-credibility population tree.
LG07	LG07_SQ0171	Gadmor_bor_spc	Gadmor_icc_spc	Gadmor_kie_spc	Gadmor_two_spc	Gadmor_bor_spc,Gadmor_kie_spc|Gadmor_icc_spc,Gadmor_two_spc	Gadmor_bor_spc,Gadmor_kie_spc|Gadmor_icc_spc,Gadmor_two_spc	true	false	data/atlantic_cod/raw/nature_source_data/41559_2022_1661_MOESM4_ESM_source_data_fig2.txt	Baseline split induced from Source Data Fig. 2 maximum-credibility population tree.
LG07	LG07_SQ0172	Gadmor_bor_spc	Gadmor_icc_spc	Gadmor_lfc_spc	Gadmor_low_spc	Gadmor_bor_spc,Gadmor_low_spc|Gadmor_icc_spc,Gadmor_lfc_spc	Gadmor_bor_spc,Gadmor_icc_spc|Gadmor_lfc_spc,Gadmor_low_spc	false	true	data/atlantic_cod/raw/nature_source_data/41559_2022_1661_MOESM4_ESM_source_data_fig2.txt	Baseline split induced from Source Data Fig. 2 maximum-credibility population tree.
LG07	LG07_SQ0173	Gadmor_bor_spc	Gadmor_icc_spc	Gadmor_lfo_spc	Gadmor_low_spc	Gadmor_bor_spc,Gadmor_low_spc|Gadmor_icc_spc,Gadmor_lfo_spc	Gadmor_bor_spc,Gadmor_low_spc|Gadmor_icc_spc,Gadmor_lfo_spc	true	false	data/atlantic_cod/raw/nature_source_data/41559_2022_1661_MOESM4_ESM_source_data_fig2.txt	Baseline split induced from Source Data Fig. 2 maximum-credibility population tree.
LG07	LG07_SQ0174	Gadmor_bor_spc	Gadmor_icc_spc	Gadmor_low_spc	Gadmor_twc_spc	Gadmor_bor_spc,Gadmor_low_spc|Gadmor_icc_spc,Gadmor_twc_spc	Gadmor_bor_spc,Gadmor_low_spc|Gadmor_icc_spc,Gadmor_twc_spc	true	false	data/atlantic_cod/raw/nature_source_data/41559_2022_1661_MOESM4_ESM_source_data_fig2.txt	Baseline split induced from Source Data Fig. 2 maximum-credibility population tree.
LG07	LG07_SQ0175	Gadmor_bor_spc	Gadmor_icc_spc	Gadmor_low_spc	Gadmor_two_spc	Gadmor_bor_spc,Gadmor_low_spc|Gadmor_icc_spc,Gadmor_two_spc	Gadmor_bor_spc,Gadmor_low_spc|Gadmor_icc_spc,Gadmor_two_spc	true	false	data/atlantic_cod/raw/nature_source_data/41559_2022_1661_MOESM4_ESM_source_data_fig2.txt	Baseline split induced from Source Data Fig. 2 maximum-credibility population tree.
LG07	LG07_SQ0176	Gadmor_bor_spc	Gadmor_ico_spc	Gadmor_kie_spc	Gadmor_lfc_spc	Gadmor_bor_spc,Gadmor_kie_spc|Gadmor_ico_spc,Gadmor_lfc_spc	Gadmor_bor_spc,Gadmor_kie_spc|Gadmor_ico_spc,Gadmor_lfc_spc	true	false	data/atlantic_cod/raw/nature_source_data/41559_2022_1661_MOESM4_ESM_source_data_fig2.txt	Baseline split induced from Source Data Fig. 2 maximum-credibility population tree.
LG07	LG07_SQ0177	Gadmor_bor_spc	Gadmor_ico_spc	Gadmor_kie_spc	Gadmor_lfo_spc	Gadmor_bor_spc,Gadmor_kie_spc|Gadmor_ico_spc,Gadmor_lfo_spc	Gadmor_bor_spc,Gadmor_kie_spc|Gadmor_ico_spc,Gadmor_lfo_spc	true	false	data/atlantic_cod/raw/nature_source_data/41559_2022_1661_MOESM4_ESM_source_data_fig2.txt	Baseline split induced from Source Data Fig. 2 maximum-credibility population tree.
LG07	LG07_SQ0178	Gadmor_bor_spc	Gadmor_ico_spc	Gadmor_kie_spc	Gadmor_twc_spc	Gadmor_bor_spc,Gadmor_kie_spc|Gadmor_ico_spc,Gadmor_twc_spc	Gadmor_bor_spc,Gadmor_kie_spc|Gadmor_ico_spc,Gadmor_twc_spc	true	false	data/atlantic_cod/raw/nature_source_data/41559_2022_1661_MOESM4_ESM_source_data_fig2.txt	Baseline split induced from Source Data Fig. 2 maximum-credibility population tree.
LG07	LG07_SQ0179	Gadmor_bor_spc	Gadmor_ico_spc	Gadmor_kie_spc	Gadmor_two_spc	Gadmor_bor_spc,Gadmor_kie_spc|Gadmor_ico_spc,Gadmor_two_spc	Gadmor_bor_spc,Gadmor_kie_spc|Gadmor_ico_spc,Gadmor_two_spc	true	false	data/atlantic_cod/raw/nature_source_data/41559_2022_1661_MOESM4_ESM_source_data_fig2.txt	Baseline split induced from Source Data Fig. 2 maximum-credibility population tree.
LG07	LG07_SQ0180	Gadmor_bor_spc	Gadmor_ico_spc	Gadmor_lfc_spc	Gadmor_low_spc	Gadmor_bor_spc,Gadmor_low_spc|Gadmor_ico_spc,Gadmor_lfc_spc	Gadmor_bor_spc,Gadmor_ico_spc|Gadmor_lfc_spc,Gadmor_low_spc	false	true	data/atlantic_cod/raw/nature_source_data/41559_2022_1661_MOESM4_ESM_source_data_fig2.txt	Baseline split induced from Source Data Fig. 2 maximum-credibility population tree.
LG07	LG07_SQ0181	Gadmor_bor_spc	Gadmor_ico_spc	Gadmor_lfo_spc	Gadmor_low_spc	Gadmor_bor_spc,Gadmor_low_spc|Gadmor_ico_spc,Gadmor_lfo_spc	Gadmor_bor_spc,Gadmor_low_spc|Gadmor_ico_spc,Gadmor_lfo_spc	true	false	data/atlantic_cod/raw/nature_source_data/41559_2022_1661_MOESM4_ESM_source_data_fig2.txt	Baseline split induced from Source Data Fig. 2 maximum-credibility population tree.
LG07	LG07_SQ0182	Gadmor_bor_spc	Gadmor_ico_spc	Gadmor_low_spc	Gadmor_twc_spc	Gadmor_bor_spc,Gadmor_low_spc|Gadmor_ico_spc,Gadmor_twc_spc	Gadmor_bor_spc,Gadmor_low_spc|Gadmor_ico_spc,Gadmor_twc_spc	true	false	data/atlantic_cod/raw/nature_source_data/41559_2022_1661_MOESM4_ESM_source_data_fig2.txt	Baseline split induced from Source Data Fig. 2 maximum-credibility population tree.
LG07	LG07_SQ0183	Gadmor_bor_spc	Gadmor_ico_spc	Gadmor_low_spc	Gadmor_two_spc	Gadmor_bor_spc,Gadmor_low_spc|Gadmor_ico_spc,Gadmor_two_spc	Gadmor_bor_spc,Gadmor_low_spc|Gadmor_ico_spc,Gadmor_two_spc	true	false	data/atlantic_cod/raw/nature_source_data/41559_2022_1661_MOESM4_ESM_source_data_fig2.txt	Baseline split induced from Source Data Fig. 2 maximum-credibility population tree.
LG07	LG07_SQ0184	Gadmor_bor_spc	Gadmor_kie_spc	Gadmor_lfc_spc	Gadmor_lfo_spc	Gadmor_bor_spc,Gadmor_kie_spc|Gadmor_lfc_spc,Gadmor_lfo_spc	Gadmor_bor_spc,Gadmor_kie_spc|Gadmor_lfc_spc,Gadmor_lfo_spc	true	false	data/atlantic_cod/raw/nature_source_data/41559_2022_1661_MOESM4_ESM_source_data_fig2.txt	Baseline split induced from Source Data Fig. 2 maximum-credibility population tree.
LG07	LG07_SQ0185	Gadmor_bor_spc	Gadmor_kie_spc	Gadmor_lfc_spc	Gadmor_twc_spc	Gadmor_bor_spc,Gadmor_kie_spc|Gadmor_lfc_spc,Gadmor_twc_spc	Gadmor_bor_spc,Gadmor_kie_spc|Gadmor_lfc_spc,Gadmor_twc_spc	true	false	data/atlantic_cod/raw/nature_source_data/41559_2022_1661_MOESM4_ESM_source_data_fig2.txt	Baseline split induced from Source Data Fig. 2 maximum-credibility population tree.
LG07	LG07_SQ0186	Gadmor_bor_spc	Gadmor_kie_spc	Gadmor_lfc_spc	Gadmor_two_spc	Gadmor_bor_spc,Gadmor_kie_spc|Gadmor_lfc_spc,Gadmor_two_spc	Gadmor_bor_spc,Gadmor_kie_spc|Gadmor_lfc_spc,Gadmor_two_spc	true	false	data/atlantic_cod/raw/nature_source_data/41559_2022_1661_MOESM4_ESM_source_data_fig2.txt	Baseline split induced from Source Data Fig. 2 maximum-credibility population tree.
LG07	LG07_SQ0187	Gadmor_bor_spc	Gadmor_kie_spc	Gadmor_lfo_spc	Gadmor_twc_spc	Gadmor_bor_spc,Gadmor_kie_spc|Gadmor_lfo_spc,Gadmor_twc_spc	Gadmor_bor_spc,Gadmor_kie_spc|Gadmor_lfo_spc,Gadmor_twc_spc	true	false	data/atlantic_cod/raw/nature_source_data/41559_2022_1661_MOESM4_ESM_source_data_fig2.txt	Baseline split induced from Source Data Fig. 2 maximum-credibility population tree.
LG07	LG07_SQ0188	Gadmor_bor_spc	Gadmor_kie_spc	Gadmor_lfo_spc	Gadmor_two_spc	Gadmor_bor_spc,Gadmor_kie_spc|Gadmor_lfo_spc,Gadmor_two_spc	Gadmor_bor_spc,Gadmor_kie_spc|Gadmor_lfo_spc,Gadmor_two_spc	true	false	data/atlantic_cod/raw/nature_source_data/41559_2022_1661_MOESM4_ESM_source_data_fig2.txt	Baseline split induced from Source Data Fig. 2 maximum-credibility population tree.
LG07	LG07_SQ0189	Gadmor_bor_spc	Gadmor_kie_spc	Gadmor_twc_spc	Gadmor_two_spc	Gadmor_bor_spc,Gadmor_kie_spc|Gadmor_twc_spc,Gadmor_two_spc	Gadmor_bor_spc,Gadmor_kie_spc|Gadmor_twc_spc,Gadmor_two_spc	true	false	data/atlantic_cod/raw/nature_source_data/41559_2022_1661_MOESM4_ESM_source_data_fig2.txt	Baseline split induced from Source Data Fig. 2 maximum-credibility population tree.
LG07	LG07_SQ0190	Gadmor_bor_spc	Gadmor_lfc_spc	Gadmor_lfo_spc	Gadmor_low_spc	Gadmor_bor_spc,Gadmor_low_spc|Gadmor_lfc_spc,Gadmor_lfo_spc	Gadmor_bor_spc,Gadmor_lfo_spc|Gadmor_lfc_spc,Gadmor_low_spc	false	true	data/atlantic_cod/raw/nature_source_data/41559_2022_1661_MOESM4_ESM_source_data_fig2.txt	Baseline split induced from Source Data Fig. 2 maximum-credibility population tree.
LG07	LG07_SQ0191	Gadmor_bor_spc	Gadmor_lfc_spc	Gadmor_low_spc	Gadmor_twc_spc	Gadmor_bor_spc,Gadmor_low_spc|Gadmor_lfc_spc,Gadmor_twc_spc	Gadmor_bor_spc,Gadmor_twc_spc|Gadmor_lfc_spc,Gadmor_low_spc	false	true	data/atlantic_cod/raw/nature_source_data/41559_2022_1661_MOESM4_ESM_source_data_fig2.txt	Baseline split induced from Source Data Fig. 2 maximum-credibility population tree.
LG07	LG07_SQ0192	Gadmor_bor_spc	Gadmor_lfc_spc	Gadmor_low_spc	Gadmor_two_spc	Gadmor_bor_spc,Gadmor_low_spc|Gadmor_lfc_spc,Gadmor_two_spc	Gadmor_bor_spc,Gadmor_two_spc|Gadmor_lfc_spc,Gadmor_low_spc	false	true	data/atlantic_cod/raw/nature_source_data/41559_2022_1661_MOESM4_ESM_source_data_fig2.txt	Baseline split induced from Source Data Fig. 2 maximum-credibility population tree.
LG07	LG07_SQ0193	Gadmor_bor_spc	Gadmor_lfo_spc	Gadmor_low_spc	Gadmor_twc_spc	Gadmor_bor_spc,Gadmor_low_spc|Gadmor_lfo_spc,Gadmor_twc_spc	Gadmor_bor_spc,Gadmor_low_spc|Gadmor_lfo_spc,Gadmor_twc_spc	true	false	data/atlantic_cod/raw/nature_source_data/41559_2022_1661_MOESM4_ESM_source_data_fig2.txt	Baseline split induced from Source Data Fig. 2 maximum-credibility population tree.
LG07	LG07_SQ0194	Gadmor_bor_spc	Gadmor_lfo_spc	Gadmor_low_spc	Gadmor_two_spc	Gadmor_bor_spc,Gadmor_low_spc|Gadmor_lfo_spc,Gadmor_two_spc	Gadmor_bor_spc,Gadmor_low_spc|Gadmor_lfo_spc,Gadmor_two_spc	true	false	data/atlantic_cod/raw/nature_source_data/41559_2022_1661_MOESM4_ESM_source_data_fig2.txt	Baseline split induced from Source Data Fig. 2 maximum-credibility population tree.
LG07	LG07_SQ0195	Gadmor_bor_spc	Gadmor_low_spc	Gadmor_twc_spc	Gadmor_two_spc	Gadmor_bor_spc,Gadmor_low_spc|Gadmor_twc_spc,Gadmor_two_spc	Gadmor_bor_spc,Gadmor_low_spc|Gadmor_twc_spc,Gadmor_two_spc	true	false	data/atlantic_cod/raw/nature_source_data/41559_2022_1661_MOESM4_ESM_source_data_fig2.txt	Baseline split induced from Source Data Fig. 2 maximum-credibility population tree.
LG07	LG07_SQ0196	Gadmor_icc_spc	Gadmor_ico_spc	Gadmor_kie_spc	Gadmor_low_spc	Gadmor_icc_spc,Gadmor_ico_spc|Gadmor_kie_spc,Gadmor_low_spc	Gadmor_icc_spc,Gadmor_ico_spc|Gadmor_kie_spc,Gadmor_low_spc	true	false	data/atlantic_cod/raw/nature_source_data/41559_2022_1661_MOESM4_ESM_source_data_fig2.txt	Baseline split induced from Source Data Fig. 2 maximum-credibility population tree.
LG07	LG07_SQ0197	Gadmor_icc_spc	Gadmor_kie_spc	Gadmor_lfc_spc	Gadmor_low_spc	Gadmor_icc_spc,Gadmor_lfc_spc|Gadmor_kie_spc,Gadmor_low_spc	Gadmor_icc_spc,Gadmor_kie_spc|Gadmor_lfc_spc,Gadmor_low_spc	false	true	data/atlantic_cod/raw/nature_source_data/41559_2022_1661_MOESM4_ESM_source_data_fig2.txt	Baseline split induced from Source Data Fig. 2 maximum-credibility population tree.
LG07	LG07_SQ0198	Gadmor_icc_spc	Gadmor_kie_spc	Gadmor_lfo_spc	Gadmor_low_spc	Gadmor_icc_spc,Gadmor_lfo_spc|Gadmor_kie_spc,Gadmor_low_spc	Gadmor_icc_spc,Gadmor_lfo_spc|Gadmor_kie_spc,Gadmor_low_spc	true	false	data/atlantic_cod/raw/nature_source_data/41559_2022_1661_MOESM4_ESM_source_data_fig2.txt	Baseline split induced from Source Data Fig. 2 maximum-credibility population tree.
LG07	LG07_SQ0199	Gadmor_icc_spc	Gadmor_kie_spc	Gadmor_low_spc	Gadmor_twc_spc	Gadmor_icc_spc,Gadmor_twc_spc|Gadmor_kie_spc,Gadmor_low_spc	Gadmor_icc_spc,Gadmor_twc_spc|Gadmor_kie_spc,Gadmor_low_spc	true	false	data/atlantic_cod/raw/nature_source_data/41559_2022_1661_MOESM4_ESM_source_data_fig2.txt	Baseline split induced from Source Data Fig. 2 maximum-credibility population tree.
LG07	LG07_SQ0200	Gadmor_icc_spc	Gadmor_kie_spc	Gadmor_low_spc	Gadmor_two_spc	Gadmor_icc_spc,Gadmor_two_spc|Gadmor_kie_spc,Gadmor_low_spc	Gadmor_icc_spc,Gadmor_two_spc|Gadmor_kie_spc,Gadmor_low_spc	true	false	data/atlantic_cod/raw/nature_source_data/41559_2022_1661_MOESM4_ESM_source_data_fig2.txt	Baseline split induced from Source Data Fig. 2 maximum-credibility population tree.
LG07	LG07_SQ0201	Gadmor_ico_spc	Gadmor_kie_spc	Gadmor_lfc_spc	Gadmor_low_spc	Gadmor_ico_spc,Gadmor_lfc_spc|Gadmor_kie_spc,Gadmor_low_spc	Gadmor_ico_spc,Gadmor_kie_spc|Gadmor_lfc_spc,Gadmor_low_spc	false	true	data/atlantic_cod/raw/nature_source_data/41559_2022_1661_MOESM4_ESM_source_data_fig2.txt	Baseline split induced from Source Data Fig. 2 maximum-credibility population tree.
LG07	LG07_SQ0202	Gadmor_ico_spc	Gadmor_kie_spc	Gadmor_lfo_spc	Gadmor_low_spc	Gadmor_ico_spc,Gadmor_lfo_spc|Gadmor_kie_spc,Gadmor_low_spc	Gadmor_ico_spc,Gadmor_lfo_spc|Gadmor_kie_spc,Gadmor_low_spc	true	false	data/atlantic_cod/raw/nature_source_data/41559_2022_1661_MOESM4_ESM_source_data_fig2.txt	Baseline split induced from Source Data Fig. 2 maximum-credibility population tree.
LG07	LG07_SQ0203	Gadmor_ico_spc	Gadmor_kie_spc	Gadmor_low_spc	Gadmor_twc_spc	Gadmor_ico_spc,Gadmor_twc_spc|Gadmor_kie_spc,Gadmor_low_spc	Gadmor_ico_spc,Gadmor_twc_spc|Gadmor_kie_spc,Gadmor_low_spc	true	false	data/atlantic_cod/raw/nature_source_data/41559_2022_1661_MOESM4_ESM_source_data_fig2.txt	Baseline split induced from Source Data Fig. 2 maximum-credibility population tree.
LG07	LG07_SQ0204	Gadmor_ico_spc	Gadmor_kie_spc	Gadmor_low_spc	Gadmor_two_spc	Gadmor_ico_spc,Gadmor_two_spc|Gadmor_kie_spc,Gadmor_low_spc	Gadmor_ico_spc,Gadmor_two_spc|Gadmor_kie_spc,Gadmor_low_spc	true	false	data/atlantic_cod/raw/nature_source_data/41559_2022_1661_MOESM4_ESM_source_data_fig2.txt	Baseline split induced from Source Data Fig. 2 maximum-credibility population tree.
LG07	LG07_SQ0205	Gadmor_kie_spc	Gadmor_lfc_spc	Gadmor_lfo_spc	Gadmor_low_spc	Gadmor_kie_spc,Gadmor_low_spc|Gadmor_lfc_spc,Gadmor_lfo_spc	Gadmor_kie_spc,Gadmor_lfo_spc|Gadmor_lfc_spc,Gadmor_low_spc	false	true	data/atlantic_cod/raw/nature_source_data/41559_2022_1661_MOESM4_ESM_source_data_fig2.txt	Baseline split induced from Source Data Fig. 2 maximum-credibility population tree.
LG07	LG07_SQ0206	Gadmor_kie_spc	Gadmor_lfc_spc	Gadmor_low_spc	Gadmor_twc_spc	Gadmor_kie_spc,Gadmor_low_spc|Gadmor_lfc_spc,Gadmor_twc_spc	Gadmor_kie_spc,Gadmor_twc_spc|Gadmor_lfc_spc,Gadmor_low_spc	false	true	data/atlantic_cod/raw/nature_source_data/41559_2022_1661_MOESM4_ESM_source_data_fig2.txt	Baseline split induced from Source Data Fig. 2 maximum-credibility population tree.
LG07	LG07_SQ0207	Gadmor_kie_spc	Gadmor_lfc_spc	Gadmor_low_spc	Gadmor_two_spc	Gadmor_kie_spc,Gadmor_low_spc|Gadmor_lfc_spc,Gadmor_two_spc	Gadmor_kie_spc,Gadmor_two_spc|Gadmor_lfc_spc,Gadmor_low_spc	false	true	data/atlantic_cod/raw/nature_source_data/41559_2022_1661_MOESM4_ESM_source_data_fig2.txt	Baseline split induced from Source Data Fig. 2 maximum-credibility population tree.
LG07	LG07_SQ0208	Gadmor_kie_spc	Gadmor_lfo_spc	Gadmor_low_spc	Gadmor_twc_spc	Gadmor_kie_spc,Gadmor_low_spc|Gadmor_lfo_spc,Gadmor_twc_spc	Gadmor_kie_spc,Gadmor_low_spc|Gadmor_lfo_spc,Gadmor_twc_spc	true	false	data/atlantic_cod/raw/nature_source_data/41559_2022_1661_MOESM4_ESM_source_data_fig2.txt	Baseline split induced from Source Data Fig. 2 maximum-credibility population tree.
LG07	LG07_SQ0209	Gadmor_kie_spc	Gadmor_lfo_spc	Gadmor_low_spc	Gadmor_two_spc	Gadmor_kie_spc,Gadmor_low_spc|Gadmor_lfo_spc,Gadmor_two_spc	Gadmor_kie_spc,Gadmor_low_spc|Gadmor_lfo_spc,Gadmor_two_spc	true	false	data/atlantic_cod/raw/nature_source_data/41559_2022_1661_MOESM4_ESM_source_data_fig2.txt	Baseline split induced from Source Data Fig. 2 maximum-credibility population tree.
LG07	LG07_SQ0210	Gadmor_kie_spc	Gadmor_low_spc	Gadmor_twc_spc	Gadmor_two_spc	Gadmor_kie_spc,Gadmor_low_spc|Gadmor_twc_spc,Gadmor_two_spc	Gadmor_kie_spc,Gadmor_low_spc|Gadmor_twc_spc,Gadmor_two_spc	true	false	data/atlantic_cod/raw/nature_source_data/41559_2022_1661_MOESM4_ESM_source_data_fig2.txt	Baseline split induced from Source Data Fig. 2 maximum-credibility population tree.
LG12	LG12_SQ0001	Gadmor_avc_spc	Gadmor_avo_spc	Gadmor_kie_spc	Gadmor_lfc_spc	Gadmor_avc_spc,Gadmor_avo_spc|Gadmor_kie_spc,Gadmor_lfc_spc	Gadmor_avc_spc,Gadmor_avo_spc|Gadmor_kie_spc,Gadmor_lfc_spc	true	false	data/atlantic_cod/raw/nature_source_data/41559_2022_1661_MOESM4_ESM_source_data_fig2.txt	Baseline split induced from Source Data Fig. 2 maximum-credibility population tree.
LG12	LG12_SQ0002	Gadmor_avc_spc	Gadmor_avo_spc	Gadmor_kie_spc	Gadmor_low_spc	Gadmor_avc_spc,Gadmor_avo_spc|Gadmor_kie_spc,Gadmor_low_spc	Gadmor_avc_spc,Gadmor_avo_spc|Gadmor_kie_spc,Gadmor_low_spc	true	false	data/atlantic_cod/raw/nature_source_data/41559_2022_1661_MOESM4_ESM_source_data_fig2.txt	Baseline split induced from Source Data Fig. 2 maximum-credibility population tree.
LG12	LG12_SQ0003	Gadmor_avc_spc	Gadmor_avo_spc	Gadmor_lfc_spc	Gadmor_low_spc	Gadmor_avc_spc,Gadmor_avo_spc|Gadmor_lfc_spc,Gadmor_low_spc	Gadmor_avc_spc,Gadmor_avo_spc|Gadmor_lfc_spc,Gadmor_low_spc	true	false	data/atlantic_cod/raw/nature_source_data/41559_2022_1661_MOESM4_ESM_source_data_fig2.txt	Baseline split induced from Source Data Fig. 2 maximum-credibility population tree.
LG12	LG12_SQ0004	Gadmor_avc_spc	Gadmor_bat_spc	Gadmor_kie_spc	Gadmor_lfc_spc	Gadmor_avc_spc,Gadmor_bat_spc|Gadmor_kie_spc,Gadmor_lfc_spc	Gadmor_avc_spc,Gadmor_bat_spc|Gadmor_kie_spc,Gadmor_lfc_spc	true	false	data/atlantic_cod/raw/nature_source_data/41559_2022_1661_MOESM4_ESM_source_data_fig2.txt	Baseline split induced from Source Data Fig. 2 maximum-credibility population tree.
LG12	LG12_SQ0005	Gadmor_avc_spc	Gadmor_bat_spc	Gadmor_kie_spc	Gadmor_low_spc	Gadmor_avc_spc,Gadmor_bat_spc|Gadmor_kie_spc,Gadmor_low_spc	Gadmor_avc_spc,Gadmor_bat_spc|Gadmor_kie_spc,Gadmor_low_spc	true	false	data/atlantic_cod/raw/nature_source_data/41559_2022_1661_MOESM4_ESM_source_data_fig2.txt	Baseline split induced from Source Data Fig. 2 maximum-credibility population tree.
LG12	LG12_SQ0006	Gadmor_avc_spc	Gadmor_bat_spc	Gadmor_lfc_spc	Gadmor_low_spc	Gadmor_avc_spc,Gadmor_bat_spc|Gadmor_lfc_spc,Gadmor_low_spc	Gadmor_avc_spc,Gadmor_bat_spc|Gadmor_lfc_spc,Gadmor_low_spc	true	false	data/atlantic_cod/raw/nature_source_data/41559_2022_1661_MOESM4_ESM_source_data_fig2.txt	Baseline split induced from Source Data Fig. 2 maximum-credibility population tree.
LG12	LG12_SQ0007	Gadmor_avc_spc	Gadmor_bor_spc	Gadmor_kie_spc	Gadmor_lfc_spc	Gadmor_avc_spc,Gadmor_bor_spc|Gadmor_kie_spc,Gadmor_lfc_spc	Gadmor_avc_spc,Gadmor_lfc_spc|Gadmor_bor_spc,Gadmor_kie_spc	false	true	data/atlantic_cod/raw/nature_source_data/41559_2022_1661_MOESM4_ESM_source_data_fig2.txt	Baseline split induced from Source Data Fig. 2 maximum-credibility population tree.
LG12	LG12_SQ0008	Gadmor_avc_spc	Gadmor_bor_spc	Gadmor_kie_spc	Gadmor_low_spc	Gadmor_avc_spc,Gadmor_bor_spc|Gadmor_kie_spc,Gadmor_low_spc	Gadmor_avc_spc,Gadmor_low_spc|Gadmor_bor_spc,Gadmor_kie_spc	false	true	data/atlantic_cod/raw/nature_source_data/41559_2022_1661_MOESM4_ESM_source_data_fig2.txt	Baseline split induced from Source Data Fig. 2 maximum-credibility population tree.
LG12	LG12_SQ0009	Gadmor_avc_spc	Gadmor_bor_spc	Gadmor_lfc_spc	Gadmor_low_spc	Gadmor_avc_spc,Gadmor_bor_spc|Gadmor_lfc_spc,Gadmor_low_spc	Gadmor_avc_spc,Gadmor_bor_spc|Gadmor_lfc_spc,Gadmor_low_spc	true	false	data/atlantic_cod/raw/nature_source_data/41559_2022_1661_MOESM4_ESM_source_data_fig2.txt	Baseline split induced from Source Data Fig. 2 maximum-credibility population tree.
LG12	LG12_SQ0010	Gadmor_avc_spc	Gadmor_icc_spc	Gadmor_kie_spc	Gadmor_lfc_spc	Gadmor_avc_spc,Gadmor_icc_spc|Gadmor_kie_spc,Gadmor_lfc_spc	Gadmor_avc_spc,Gadmor_icc_spc|Gadmor_kie_spc,Gadmor_lfc_spc	true	false	data/atlantic_cod/raw/nature_source_data/41559_2022_1661_MOESM4_ESM_source_data_fig2.txt	Baseline split induced from Source Data Fig. 2 maximum-credibility population tree.
LG12	LG12_SQ0011	Gadmor_avc_spc	Gadmor_icc_spc	Gadmor_kie_spc	Gadmor_low_spc	Gadmor_avc_spc,Gadmor_icc_spc|Gadmor_kie_spc,Gadmor_low_spc	Gadmor_avc_spc,Gadmor_icc_spc|Gadmor_kie_spc,Gadmor_low_spc	true	false	data/atlantic_cod/raw/nature_source_data/41559_2022_1661_MOESM4_ESM_source_data_fig2.txt	Baseline split induced from Source Data Fig. 2 maximum-credibility population tree.
LG12	LG12_SQ0012	Gadmor_avc_spc	Gadmor_icc_spc	Gadmor_lfc_spc	Gadmor_low_spc	Gadmor_avc_spc,Gadmor_icc_spc|Gadmor_lfc_spc,Gadmor_low_spc	Gadmor_avc_spc,Gadmor_icc_spc|Gadmor_lfc_spc,Gadmor_low_spc	true	false	data/atlantic_cod/raw/nature_source_data/41559_2022_1661_MOESM4_ESM_source_data_fig2.txt	Baseline split induced from Source Data Fig. 2 maximum-credibility population tree.
LG12	LG12_SQ0013	Gadmor_avc_spc	Gadmor_ico_spc	Gadmor_kie_spc	Gadmor_lfc_spc	Gadmor_avc_spc,Gadmor_ico_spc|Gadmor_kie_spc,Gadmor_lfc_spc	Gadmor_avc_spc,Gadmor_ico_spc|Gadmor_kie_spc,Gadmor_lfc_spc	true	false	data/atlantic_cod/raw/nature_source_data/41559_2022_1661_MOESM4_ESM_source_data_fig2.txt	Baseline split induced from Source Data Fig. 2 maximum-credibility population tree.
LG12	LG12_SQ0014	Gadmor_avc_spc	Gadmor_ico_spc	Gadmor_kie_spc	Gadmor_low_spc	Gadmor_avc_spc,Gadmor_ico_spc|Gadmor_kie_spc,Gadmor_low_spc	Gadmor_avc_spc,Gadmor_ico_spc|Gadmor_kie_spc,Gadmor_low_spc	true	false	data/atlantic_cod/raw/nature_source_data/41559_2022_1661_MOESM4_ESM_source_data_fig2.txt	Baseline split induced from Source Data Fig. 2 maximum-credibility population tree.
LG12	LG12_SQ0015	Gadmor_avc_spc	Gadmor_ico_spc	Gadmor_lfc_spc	Gadmor_low_spc	Gadmor_avc_spc,Gadmor_ico_spc|Gadmor_lfc_spc,Gadmor_low_spc	Gadmor_avc_spc,Gadmor_ico_spc|Gadmor_lfc_spc,Gadmor_low_spc	true	false	data/atlantic_cod/raw/nature_source_data/41559_2022_1661_MOESM4_ESM_source_data_fig2.txt	Baseline split induced from Source Data Fig. 2 maximum-credibility population tree.
LG12	LG12_SQ0016	Gadmor_avc_spc	Gadmor_kie_spc	Gadmor_lfc_spc	Gadmor_lfo_spc	Gadmor_avc_spc,Gadmor_lfo_spc|Gadmor_kie_spc,Gadmor_lfc_spc	Gadmor_avc_spc,Gadmor_lfo_spc|Gadmor_kie_spc,Gadmor_lfc_spc	true	false	data/atlantic_cod/raw/nature_source_data/41559_2022_1661_MOESM4_ESM_source_data_fig2.txt	Baseline split induced from Source Data Fig. 2 maximum-credibility population tree.
LG12	LG12_SQ0017	Gadmor_avc_spc	Gadmor_kie_spc	Gadmor_lfc_spc	Gadmor_twc_spc	Gadmor_avc_spc,Gadmor_twc_spc|Gadmor_kie_spc,Gadmor_lfc_spc	Gadmor_avc_spc,Gadmor_twc_spc|Gadmor_kie_spc,Gadmor_lfc_spc	true	false	data/atlantic_cod/raw/nature_source_data/41559_2022_1661_MOESM4_ESM_source_data_fig2.txt	Baseline split induced from Source Data Fig. 2 maximum-credibility population tree.
LG12	LG12_SQ0018	Gadmor_avc_spc	Gadmor_kie_spc	Gadmor_lfc_spc	Gadmor_two_spc	Gadmor_avc_spc,Gadmor_two_spc|Gadmor_kie_spc,Gadmor_lfc_spc	Gadmor_avc_spc,Gadmor_two_spc|Gadmor_kie_spc,Gadmor_lfc_spc	true	false	data/atlantic_cod/raw/nature_source_data/41559_2022_1661_MOESM4_ESM_source_data_fig2.txt	Baseline split induced from Source Data Fig. 2 maximum-credibility population tree.
LG12	LG12_SQ0019	Gadmor_avc_spc	Gadmor_kie_spc	Gadmor_lfo_spc	Gadmor_low_spc	Gadmor_avc_spc,Gadmor_lfo_spc|Gadmor_kie_spc,Gadmor_low_spc	Gadmor_avc_spc,Gadmor_lfo_spc|Gadmor_kie_spc,Gadmor_low_spc	true	false	data/atlantic_cod/raw/nature_source_data/41559_2022_1661_MOESM4_ESM_source_data_fig2.txt	Baseline split induced from Source Data Fig. 2 maximum-credibility population tree.
LG12	LG12_SQ0020	Gadmor_avc_spc	Gadmor_kie_spc	Gadmor_low_spc	Gadmor_twc_spc	Gadmor_avc_spc,Gadmor_twc_spc|Gadmor_kie_spc,Gadmor_low_spc	Gadmor_avc_spc,Gadmor_twc_spc|Gadmor_kie_spc,Gadmor_low_spc	true	false	data/atlantic_cod/raw/nature_source_data/41559_2022_1661_MOESM4_ESM_source_data_fig2.txt	Baseline split induced from Source Data Fig. 2 maximum-credibility population tree.
LG12	LG12_SQ0021	Gadmor_avc_spc	Gadmor_kie_spc	Gadmor_low_spc	Gadmor_two_spc	Gadmor_avc_spc,Gadmor_two_spc|Gadmor_kie_spc,Gadmor_low_spc	Gadmor_avc_spc,Gadmor_two_spc|Gadmor_kie_spc,Gadmor_low_spc	true	false	data/atlantic_cod/raw/nature_source_data/41559_2022_1661_MOESM4_ESM_source_data_fig2.txt	Baseline split induced from Source Data Fig. 2 maximum-credibility population tree.
LG12	LG12_SQ0022	Gadmor_avc_spc	Gadmor_lfc_spc	Gadmor_lfo_spc	Gadmor_low_spc	Gadmor_avc_spc,Gadmor_lfo_spc|Gadmor_lfc_spc,Gadmor_low_spc	Gadmor_avc_spc,Gadmor_lfo_spc|Gadmor_lfc_spc,Gadmor_low_spc	true	false	data/atlantic_cod/raw/nature_source_data/41559_2022_1661_MOESM4_ESM_source_data_fig2.txt	Baseline split induced from Source Data Fig. 2 maximum-credibility population tree.
LG12	LG12_SQ0023	Gadmor_avc_spc	Gadmor_lfc_spc	Gadmor_low_spc	Gadmor_twc_spc	Gadmor_avc_spc,Gadmor_twc_spc|Gadmor_lfc_spc,Gadmor_low_spc	Gadmor_avc_spc,Gadmor_twc_spc|Gadmor_lfc_spc,Gadmor_low_spc	true	false	data/atlantic_cod/raw/nature_source_data/41559_2022_1661_MOESM4_ESM_source_data_fig2.txt	Baseline split induced from Source Data Fig. 2 maximum-credibility population tree.
LG12	LG12_SQ0024	Gadmor_avc_spc	Gadmor_lfc_spc	Gadmor_low_spc	Gadmor_two_spc	Gadmor_avc_spc,Gadmor_two_spc|Gadmor_lfc_spc,Gadmor_low_spc	Gadmor_avc_spc,Gadmor_two_spc|Gadmor_lfc_spc,Gadmor_low_spc	true	false	data/atlantic_cod/raw/nature_source_data/41559_2022_1661_MOESM4_ESM_source_data_fig2.txt	Baseline split induced from Source Data Fig. 2 maximum-credibility population tree.
LG12	LG12_SQ0025	Gadmor_avo_spc	Gadmor_bat_spc	Gadmor_kie_spc	Gadmor_lfc_spc	Gadmor_avo_spc,Gadmor_bat_spc|Gadmor_kie_spc,Gadmor_lfc_spc	Gadmor_avo_spc,Gadmor_bat_spc|Gadmor_kie_spc,Gadmor_lfc_spc	true	false	data/atlantic_cod/raw/nature_source_data/41559_2022_1661_MOESM4_ESM_source_data_fig2.txt	Baseline split induced from Source Data Fig. 2 maximum-credibility population tree.
LG12	LG12_SQ0026	Gadmor_avo_spc	Gadmor_bat_spc	Gadmor_kie_spc	Gadmor_low_spc	Gadmor_avo_spc,Gadmor_bat_spc|Gadmor_kie_spc,Gadmor_low_spc	Gadmor_avo_spc,Gadmor_bat_spc|Gadmor_kie_spc,Gadmor_low_spc	true	false	data/atlantic_cod/raw/nature_source_data/41559_2022_1661_MOESM4_ESM_source_data_fig2.txt	Baseline split induced from Source Data Fig. 2 maximum-credibility population tree.
LG12	LG12_SQ0027	Gadmor_avo_spc	Gadmor_bat_spc	Gadmor_lfc_spc	Gadmor_low_spc	Gadmor_avo_spc,Gadmor_bat_spc|Gadmor_lfc_spc,Gadmor_low_spc	Gadmor_avo_spc,Gadmor_bat_spc|Gadmor_lfc_spc,Gadmor_low_spc	true	false	data/atlantic_cod/raw/nature_source_data/41559_2022_1661_MOESM4_ESM_source_data_fig2.txt	Baseline split induced from Source Data Fig. 2 maximum-credibility population tree.
LG12	LG12_SQ0028	Gadmor_avo_spc	Gadmor_bor_spc	Gadmor_kie_spc	Gadmor_lfc_spc	Gadmor_avo_spc,Gadmor_bor_spc|Gadmor_kie_spc,Gadmor_lfc_spc	Gadmor_avo_spc,Gadmor_lfc_spc|Gadmor_bor_spc,Gadmor_kie_spc	false	true	data/atlantic_cod/raw/nature_source_data/41559_2022_1661_MOESM4_ESM_source_data_fig2.txt	Baseline split induced from Source Data Fig. 2 maximum-credibility population tree.
LG12	LG12_SQ0029	Gadmor_avo_spc	Gadmor_bor_spc	Gadmor_kie_spc	Gadmor_low_spc	Gadmor_avo_spc,Gadmor_bor_spc|Gadmor_kie_spc,Gadmor_low_spc	Gadmor_avo_spc,Gadmor_low_spc|Gadmor_bor_spc,Gadmor_kie_spc	false	true	data/atlantic_cod/raw/nature_source_data/41559_2022_1661_MOESM4_ESM_source_data_fig2.txt	Baseline split induced from Source Data Fig. 2 maximum-credibility population tree.
LG12	LG12_SQ0030	Gadmor_avo_spc	Gadmor_bor_spc	Gadmor_lfc_spc	Gadmor_low_spc	Gadmor_avo_spc,Gadmor_bor_spc|Gadmor_lfc_spc,Gadmor_low_spc	Gadmor_avo_spc,Gadmor_bor_spc|Gadmor_lfc_spc,Gadmor_low_spc	true	false	data/atlantic_cod/raw/nature_source_data/41559_2022_1661_MOESM4_ESM_source_data_fig2.txt	Baseline split induced from Source Data Fig. 2 maximum-credibility population tree.
LG12	LG12_SQ0031	Gadmor_avo_spc	Gadmor_icc_spc	Gadmor_kie_spc	Gadmor_lfc_spc	Gadmor_avo_spc,Gadmor_icc_spc|Gadmor_kie_spc,Gadmor_lfc_spc	Gadmor_avo_spc,Gadmor_icc_spc|Gadmor_kie_spc,Gadmor_lfc_spc	true	false	data/atlantic_cod/raw/nature_source_data/41559_2022_1661_MOESM4_ESM_source_data_fig2.txt	Baseline split induced from Source Data Fig. 2 maximum-credibility population tree.
LG12	LG12_SQ0032	Gadmor_avo_spc	Gadmor_icc_spc	Gadmor_kie_spc	Gadmor_low_spc	Gadmor_avo_spc,Gadmor_icc_spc|Gadmor_kie_spc,Gadmor_low_spc	Gadmor_avo_spc,Gadmor_icc_spc|Gadmor_kie_spc,Gadmor_low_spc	true	false	data/atlantic_cod/raw/nature_source_data/41559_2022_1661_MOESM4_ESM_source_data_fig2.txt	Baseline split induced from Source Data Fig. 2 maximum-credibility population tree.
LG12	LG12_SQ0033	Gadmor_avo_spc	Gadmor_icc_spc	Gadmor_lfc_spc	Gadmor_low_spc	Gadmor_avo_spc,Gadmor_icc_spc|Gadmor_lfc_spc,Gadmor_low_spc	Gadmor_avo_spc,Gadmor_icc_spc|Gadmor_lfc_spc,Gadmor_low_spc	true	false	data/atlantic_cod/raw/nature_source_data/41559_2022_1661_MOESM4_ESM_source_data_fig2.txt	Baseline split induced from Source Data Fig. 2 maximum-credibility population tree.
LG12	LG12_SQ0034	Gadmor_avo_spc	Gadmor_ico_spc	Gadmor_kie_spc	Gadmor_lfc_spc	Gadmor_avo_spc,Gadmor_ico_spc|Gadmor_kie_spc,Gadmor_lfc_spc	Gadmor_avo_spc,Gadmor_ico_spc|Gadmor_kie_spc,Gadmor_lfc_spc	true	false	data/atlantic_cod/raw/nature_source_data/41559_2022_1661_MOESM4_ESM_source_data_fig2.txt	Baseline split induced from Source Data Fig. 2 maximum-credibility population tree.
LG12	LG12_SQ0035	Gadmor_avo_spc	Gadmor_ico_spc	Gadmor_kie_spc	Gadmor_low_spc	Gadmor_avo_spc,Gadmor_ico_spc|Gadmor_kie_spc,Gadmor_low_spc	Gadmor_avo_spc,Gadmor_ico_spc|Gadmor_kie_spc,Gadmor_low_spc	true	false	data/atlantic_cod/raw/nature_source_data/41559_2022_1661_MOESM4_ESM_source_data_fig2.txt	Baseline split induced from Source Data Fig. 2 maximum-credibility population tree.
LG12	LG12_SQ0036	Gadmor_avo_spc	Gadmor_ico_spc	Gadmor_lfc_spc	Gadmor_low_spc	Gadmor_avo_spc,Gadmor_ico_spc|Gadmor_lfc_spc,Gadmor_low_spc	Gadmor_avo_spc,Gadmor_ico_spc|Gadmor_lfc_spc,Gadmor_low_spc	true	false	data/atlantic_cod/raw/nature_source_data/41559_2022_1661_MOESM4_ESM_source_data_fig2.txt	Baseline split induced from Source Data Fig. 2 maximum-credibility population tree.
LG12	LG12_SQ0037	Gadmor_avo_spc	Gadmor_kie_spc	Gadmor_lfc_spc	Gadmor_lfo_spc	Gadmor_avo_spc,Gadmor_lfo_spc|Gadmor_kie_spc,Gadmor_lfc_spc	Gadmor_avo_spc,Gadmor_lfo_spc|Gadmor_kie_spc,Gadmor_lfc_spc	true	false	data/atlantic_cod/raw/nature_source_data/41559_2022_1661_MOESM4_ESM_source_data_fig2.txt	Baseline split induced from Source Data Fig. 2 maximum-credibility population tree.
LG12	LG12_SQ0038	Gadmor_avo_spc	Gadmor_kie_spc	Gadmor_lfc_spc	Gadmor_twc_spc	Gadmor_avo_spc,Gadmor_twc_spc|Gadmor_kie_spc,Gadmor_lfc_spc	Gadmor_avo_spc,Gadmor_twc_spc|Gadmor_kie_spc,Gadmor_lfc_spc	true	false	data/atlantic_cod/raw/nature_source_data/41559_2022_1661_MOESM4_ESM_source_data_fig2.txt	Baseline split induced from Source Data Fig. 2 maximum-credibility population tree.
LG12	LG12_SQ0039	Gadmor_avo_spc	Gadmor_kie_spc	Gadmor_lfc_spc	Gadmor_two_spc	Gadmor_avo_spc,Gadmor_two_spc|Gadmor_kie_spc,Gadmor_lfc_spc	Gadmor_avo_spc,Gadmor_two_spc|Gadmor_kie_spc,Gadmor_lfc_spc	true	false	data/atlantic_cod/raw/nature_source_data/41559_2022_1661_MOESM4_ESM_source_data_fig2.txt	Baseline split induced from Source Data Fig. 2 maximum-credibility population tree.
LG12	LG12_SQ0040	Gadmor_avo_spc	Gadmor_kie_spc	Gadmor_lfo_spc	Gadmor_low_spc	Gadmor_avo_spc,Gadmor_lfo_spc|Gadmor_kie_spc,Gadmor_low_spc	Gadmor_avo_spc,Gadmor_lfo_spc|Gadmor_kie_spc,Gadmor_low_spc	true	false	data/atlantic_cod/raw/nature_source_data/41559_2022_1661_MOESM4_ESM_source_data_fig2.txt	Baseline split induced from Source Data Fig. 2 maximum-credibility population tree.
LG12	LG12_SQ0041	Gadmor_avo_spc	Gadmor_kie_spc	Gadmor_low_spc	Gadmor_twc_spc	Gadmor_avo_spc,Gadmor_twc_spc|Gadmor_kie_spc,Gadmor_low_spc	Gadmor_avo_spc,Gadmor_twc_spc|Gadmor_kie_spc,Gadmor_low_spc	true	false	data/atlantic_cod/raw/nature_source_data/41559_2022_1661_MOESM4_ESM_source_data_fig2.txt	Baseline split induced from Source Data Fig. 2 maximum-credibility population tree.
LG12	LG12_SQ0042	Gadmor_avo_spc	Gadmor_kie_spc	Gadmor_low_spc	Gadmor_two_spc	Gadmor_avo_spc,Gadmor_two_spc|Gadmor_kie_spc,Gadmor_low_spc	Gadmor_avo_spc,Gadmor_two_spc|Gadmor_kie_spc,Gadmor_low_spc	true	false	data/atlantic_cod/raw/nature_source_data/41559_2022_1661_MOESM4_ESM_source_data_fig2.txt	Baseline split induced from Source Data Fig. 2 maximum-credibility population tree.
LG12	LG12_SQ0043	Gadmor_avo_spc	Gadmor_lfc_spc	Gadmor_lfo_spc	Gadmor_low_spc	Gadmor_avo_spc,Gadmor_lfo_spc|Gadmor_lfc_spc,Gadmor_low_spc	Gadmor_avo_spc,Gadmor_lfo_spc|Gadmor_lfc_spc,Gadmor_low_spc	true	false	data/atlantic_cod/raw/nature_source_data/41559_2022_1661_MOESM4_ESM_source_data_fig2.txt	Baseline split induced from Source Data Fig. 2 maximum-credibility population tree.
LG12	LG12_SQ0044	Gadmor_avo_spc	Gadmor_lfc_spc	Gadmor_low_spc	Gadmor_twc_spc	Gadmor_avo_spc,Gadmor_twc_spc|Gadmor_lfc_spc,Gadmor_low_spc	Gadmor_avo_spc,Gadmor_twc_spc|Gadmor_lfc_spc,Gadmor_low_spc	true	false	data/atlantic_cod/raw/nature_source_data/41559_2022_1661_MOESM4_ESM_source_data_fig2.txt	Baseline split induced from Source Data Fig. 2 maximum-credibility population tree.
LG12	LG12_SQ0045	Gadmor_avo_spc	Gadmor_lfc_spc	Gadmor_low_spc	Gadmor_two_spc	Gadmor_avo_spc,Gadmor_two_spc|Gadmor_lfc_spc,Gadmor_low_spc	Gadmor_avo_spc,Gadmor_two_spc|Gadmor_lfc_spc,Gadmor_low_spc	true	false	data/atlantic_cod/raw/nature_source_data/41559_2022_1661_MOESM4_ESM_source_data_fig2.txt	Baseline split induced from Source Data Fig. 2 maximum-credibility population tree.
LG12	LG12_SQ0046	Gadmor_bat_spc	Gadmor_bor_spc	Gadmor_kie_spc	Gadmor_lfc_spc	Gadmor_bat_spc,Gadmor_bor_spc|Gadmor_kie_spc,Gadmor_lfc_spc	Gadmor_bat_spc,Gadmor_lfc_spc|Gadmor_bor_spc,Gadmor_kie_spc	false	true	data/atlantic_cod/raw/nature_source_data/41559_2022_1661_MOESM4_ESM_source_data_fig2.txt	Baseline split induced from Source Data Fig. 2 maximum-credibility population tree.
LG12	LG12_SQ0047	Gadmor_bat_spc	Gadmor_bor_spc	Gadmor_kie_spc	Gadmor_low_spc	Gadmor_bat_spc,Gadmor_bor_spc|Gadmor_kie_spc,Gadmor_low_spc	Gadmor_bat_spc,Gadmor_low_spc|Gadmor_bor_spc,Gadmor_kie_spc	false	true	data/atlantic_cod/raw/nature_source_data/41559_2022_1661_MOESM4_ESM_source_data_fig2.txt	Baseline split induced from Source Data Fig. 2 maximum-credibility population tree.
LG12	LG12_SQ0048	Gadmor_bat_spc	Gadmor_bor_spc	Gadmor_lfc_spc	Gadmor_low_spc	Gadmor_bat_spc,Gadmor_bor_spc|Gadmor_lfc_spc,Gadmor_low_spc	Gadmor_bat_spc,Gadmor_bor_spc|Gadmor_lfc_spc,Gadmor_low_spc	true	false	data/atlantic_cod/raw/nature_source_data/41559_2022_1661_MOESM4_ESM_source_data_fig2.txt	Baseline split induced from Source Data Fig. 2 maximum-credibility population tree.
LG12	LG12_SQ0049	Gadmor_bat_spc	Gadmor_icc_spc	Gadmor_kie_spc	Gadmor_lfc_spc	Gadmor_bat_spc,Gadmor_icc_spc|Gadmor_kie_spc,Gadmor_lfc_spc	Gadmor_bat_spc,Gadmor_icc_spc|Gadmor_kie_spc,Gadmor_lfc_spc	true	false	data/atlantic_cod/raw/nature_source_data/41559_2022_1661_MOESM4_ESM_source_data_fig2.txt	Baseline split induced from Source Data Fig. 2 maximum-credibility population tree.
LG12	LG12_SQ0050	Gadmor_bat_spc	Gadmor_icc_spc	Gadmor_kie_spc	Gadmor_low_spc	Gadmor_bat_spc,Gadmor_icc_spc|Gadmor_kie_spc,Gadmor_low_spc	Gadmor_bat_spc,Gadmor_icc_spc|Gadmor_kie_spc,Gadmor_low_spc	true	false	data/atlantic_cod/raw/nature_source_data/41559_2022_1661_MOESM4_ESM_source_data_fig2.txt	Baseline split induced from Source Data Fig. 2 maximum-credibility population tree.
LG12	LG12_SQ0051	Gadmor_bat_spc	Gadmor_icc_spc	Gadmor_lfc_spc	Gadmor_low_spc	Gadmor_bat_spc,Gadmor_icc_spc|Gadmor_lfc_spc,Gadmor_low_spc	Gadmor_bat_spc,Gadmor_icc_spc|Gadmor_lfc_spc,Gadmor_low_spc	true	false	data/atlantic_cod/raw/nature_source_data/41559_2022_1661_MOESM4_ESM_source_data_fig2.txt	Baseline split induced from Source Data Fig. 2 maximum-credibility population tree.
LG12	LG12_SQ0052	Gadmor_bat_spc	Gadmor_ico_spc	Gadmor_kie_spc	Gadmor_lfc_spc	Gadmor_bat_spc,Gadmor_ico_spc|Gadmor_kie_spc,Gadmor_lfc_spc	Gadmor_bat_spc,Gadmor_ico_spc|Gadmor_kie_spc,Gadmor_lfc_spc	true	false	data/atlantic_cod/raw/nature_source_data/41559_2022_1661_MOESM4_ESM_source_data_fig2.txt	Baseline split induced from Source Data Fig. 2 maximum-credibility population tree.
LG12	LG12_SQ0053	Gadmor_bat_spc	Gadmor_ico_spc	Gadmor_kie_spc	Gadmor_low_spc	Gadmor_bat_spc,Gadmor_ico_spc|Gadmor_kie_spc,Gadmor_low_spc	Gadmor_bat_spc,Gadmor_ico_spc|Gadmor_kie_spc,Gadmor_low_spc	true	false	data/atlantic_cod/raw/nature_source_data/41559_2022_1661_MOESM4_ESM_source_data_fig2.txt	Baseline split induced from Source Data Fig. 2 maximum-credibility population tree.
LG12	LG12_SQ0054	Gadmor_bat_spc	Gadmor_ico_spc	Gadmor_lfc_spc	Gadmor_low_spc	Gadmor_bat_spc,Gadmor_ico_spc|Gadmor_lfc_spc,Gadmor_low_spc	Gadmor_bat_spc,Gadmor_ico_spc|Gadmor_lfc_spc,Gadmor_low_spc	true	false	data/atlantic_cod/raw/nature_source_data/41559_2022_1661_MOESM4_ESM_source_data_fig2.txt	Baseline split induced from Source Data Fig. 2 maximum-credibility population tree.
LG12	LG12_SQ0055	Gadmor_bat_spc	Gadmor_kie_spc	Gadmor_lfc_spc	Gadmor_lfo_spc	Gadmor_bat_spc,Gadmor_lfo_spc|Gadmor_kie_spc,Gadmor_lfc_spc	Gadmor_bat_spc,Gadmor_lfo_spc|Gadmor_kie_spc,Gadmor_lfc_spc	true	false	data/atlantic_cod/raw/nature_source_data/41559_2022_1661_MOESM4_ESM_source_data_fig2.txt	Baseline split induced from Source Data Fig. 2 maximum-credibility population tree.
LG12	LG12_SQ0056	Gadmor_bat_spc	Gadmor_kie_spc	Gadmor_lfc_spc	Gadmor_twc_spc	Gadmor_bat_spc,Gadmor_twc_spc|Gadmor_kie_spc,Gadmor_lfc_spc	Gadmor_bat_spc,Gadmor_twc_spc|Gadmor_kie_spc,Gadmor_lfc_spc	true	false	data/atlantic_cod/raw/nature_source_data/41559_2022_1661_MOESM4_ESM_source_data_fig2.txt	Baseline split induced from Source Data Fig. 2 maximum-credibility population tree.
LG12	LG12_SQ0057	Gadmor_bat_spc	Gadmor_kie_spc	Gadmor_lfc_spc	Gadmor_two_spc	Gadmor_bat_spc,Gadmor_two_spc|Gadmor_kie_spc,Gadmor_lfc_spc	Gadmor_bat_spc,Gadmor_two_spc|Gadmor_kie_spc,Gadmor_lfc_spc	true	false	data/atlantic_cod/raw/nature_source_data/41559_2022_1661_MOESM4_ESM_source_data_fig2.txt	Baseline split induced from Source Data Fig. 2 maximum-credibility population tree.
LG12	LG12_SQ0058	Gadmor_bat_spc	Gadmor_kie_spc	Gadmor_lfo_spc	Gadmor_low_spc	Gadmor_bat_spc,Gadmor_lfo_spc|Gadmor_kie_spc,Gadmor_low_spc	Gadmor_bat_spc,Gadmor_lfo_spc|Gadmor_kie_spc,Gadmor_low_spc	true	false	data/atlantic_cod/raw/nature_source_data/41559_2022_1661_MOESM4_ESM_source_data_fig2.txt	Baseline split induced from Source Data Fig. 2 maximum-credibility population tree.
LG12	LG12_SQ0059	Gadmor_bat_spc	Gadmor_kie_spc	Gadmor_low_spc	Gadmor_twc_spc	Gadmor_bat_spc,Gadmor_twc_spc|Gadmor_kie_spc,Gadmor_low_spc	Gadmor_bat_spc,Gadmor_twc_spc|Gadmor_kie_spc,Gadmor_low_spc	true	false	data/atlantic_cod/raw/nature_source_data/41559_2022_1661_MOESM4_ESM_source_data_fig2.txt	Baseline split induced from Source Data Fig. 2 maximum-credibility population tree.
LG12	LG12_SQ0060	Gadmor_bat_spc	Gadmor_kie_spc	Gadmor_low_spc	Gadmor_two_spc	Gadmor_bat_spc,Gadmor_two_spc|Gadmor_kie_spc,Gadmor_low_spc	Gadmor_bat_spc,Gadmor_two_spc|Gadmor_kie_spc,Gadmor_low_spc	true	false	data/atlantic_cod/raw/nature_source_data/41559_2022_1661_MOESM4_ESM_source_data_fig2.txt	Baseline split induced from Source Data Fig. 2 maximum-credibility population tree.
LG12	LG12_SQ0061	Gadmor_bat_spc	Gadmor_lfc_spc	Gadmor_lfo_spc	Gadmor_low_spc	Gadmor_bat_spc,Gadmor_lfo_spc|Gadmor_lfc_spc,Gadmor_low_spc	Gadmor_bat_spc,Gadmor_lfo_spc|Gadmor_lfc_spc,Gadmor_low_spc	true	false	data/atlantic_cod/raw/nature_source_data/41559_2022_1661_MOESM4_ESM_source_data_fig2.txt	Baseline split induced from Source Data Fig. 2 maximum-credibility population tree.
LG12	LG12_SQ0062	Gadmor_bat_spc	Gadmor_lfc_spc	Gadmor_low_spc	Gadmor_twc_spc	Gadmor_bat_spc,Gadmor_twc_spc|Gadmor_lfc_spc,Gadmor_low_spc	Gadmor_bat_spc,Gadmor_twc_spc|Gadmor_lfc_spc,Gadmor_low_spc	true	false	data/atlantic_cod/raw/nature_source_data/41559_2022_1661_MOESM4_ESM_source_data_fig2.txt	Baseline split induced from Source Data Fig. 2 maximum-credibility population tree.
LG12	LG12_SQ0063	Gadmor_bat_spc	Gadmor_lfc_spc	Gadmor_low_spc	Gadmor_two_spc	Gadmor_bat_spc,Gadmor_two_spc|Gadmor_lfc_spc,Gadmor_low_spc	Gadmor_bat_spc,Gadmor_two_spc|Gadmor_lfc_spc,Gadmor_low_spc	true	false	data/atlantic_cod/raw/nature_source_data/41559_2022_1661_MOESM4_ESM_source_data_fig2.txt	Baseline split induced from Source Data Fig. 2 maximum-credibility population tree.
LG12	LG12_SQ0064	Gadmor_bor_spc	Gadmor_icc_spc	Gadmor_kie_spc	Gadmor_lfc_spc	Gadmor_bor_spc,Gadmor_icc_spc|Gadmor_kie_spc,Gadmor_lfc_spc	Gadmor_bor_spc,Gadmor_kie_spc|Gadmor_icc_spc,Gadmor_lfc_spc	false	true	data/atlantic_cod/raw/nature_source_data/41559_2022_1661_MOESM4_ESM_source_data_fig2.txt	Baseline split induced from Source Data Fig. 2 maximum-credibility population tree.
LG12	LG12_SQ0065	Gadmor_bor_spc	Gadmor_icc_spc	Gadmor_kie_spc	Gadmor_low_spc	Gadmor_bor_spc,Gadmor_icc_spc|Gadmor_kie_spc,Gadmor_low_spc	Gadmor_bor_spc,Gadmor_kie_spc|Gadmor_icc_spc,Gadmor_low_spc	false	true	data/atlantic_cod/raw/nature_source_data/41559_2022_1661_MOESM4_ESM_source_data_fig2.txt	Baseline split induced from Source Data Fig. 2 maximum-credibility population tree.
LG12	LG12_SQ0066	Gadmor_bor_spc	Gadmor_icc_spc	Gadmor_lfc_spc	Gadmor_low_spc	Gadmor_bor_spc,Gadmor_icc_spc|Gadmor_lfc_spc,Gadmor_low_spc	Gadmor_bor_spc,Gadmor_icc_spc|Gadmor_lfc_spc,Gadmor_low_spc	true	false	data/atlantic_cod/raw/nature_source_data/41559_2022_1661_MOESM4_ESM_source_data_fig2.txt	Baseline split induced from Source Data Fig. 2 maximum-credibility population tree.
LG12	LG12_SQ0067	Gadmor_bor_spc	Gadmor_ico_spc	Gadmor_kie_spc	Gadmor_lfc_spc	Gadmor_bor_spc,Gadmor_ico_spc|Gadmor_kie_spc,Gadmor_lfc_spc	Gadmor_bor_spc,Gadmor_kie_spc|Gadmor_ico_spc,Gadmor_lfc_spc	false	true	data/atlantic_cod/raw/nature_source_data/41559_2022_1661_MOESM4_ESM_source_data_fig2.txt	Baseline split induced from Source Data Fig. 2 maximum-credibility population tree.
LG12	LG12_SQ0068	Gadmor_bor_spc	Gadmor_ico_spc	Gadmor_kie_spc	Gadmor_low_spc	Gadmor_bor_spc,Gadmor_ico_spc|Gadmor_kie_spc,Gadmor_low_spc	Gadmor_bor_spc,Gadmor_kie_spc|Gadmor_ico_spc,Gadmor_low_spc	false	true	data/atlantic_cod/raw/nature_source_data/41559_2022_1661_MOESM4_ESM_source_data_fig2.txt	Baseline split induced from Source Data Fig. 2 maximum-credibility population tree.
LG12	LG12_SQ0069	Gadmor_bor_spc	Gadmor_ico_spc	Gadmor_lfc_spc	Gadmor_low_spc	Gadmor_bor_spc,Gadmor_ico_spc|Gadmor_lfc_spc,Gadmor_low_spc	Gadmor_bor_spc,Gadmor_ico_spc|Gadmor_lfc_spc,Gadmor_low_spc	true	false	data/atlantic_cod/raw/nature_source_data/41559_2022_1661_MOESM4_ESM_source_data_fig2.txt	Baseline split induced from Source Data Fig. 2 maximum-credibility population tree.
LG12	LG12_SQ0070	Gadmor_bor_spc	Gadmor_kie_spc	Gadmor_lfc_spc	Gadmor_lfo_spc	Gadmor_bor_spc,Gadmor_lfo_spc|Gadmor_kie_spc,Gadmor_lfc_spc	Gadmor_bor_spc,Gadmor_kie_spc|Gadmor_lfc_spc,Gadmor_lfo_spc	false	true	data/atlantic_cod/raw/nature_source_data/41559_2022_1661_MOESM4_ESM_source_data_fig2.txt	Baseline split induced from Source Data Fig. 2 maximum-credibility population tree.
LG12	LG12_SQ0071	Gadmor_bor_spc	Gadmor_kie_spc	Gadmor_lfc_spc	Gadmor_twc_spc	Gadmor_bor_spc,Gadmor_twc_spc|Gadmor_kie_spc,Gadmor_lfc_spc	Gadmor_bor_spc,Gadmor_kie_spc|Gadmor_lfc_spc,Gadmor_twc_spc	false	true	data/atlantic_cod/raw/nature_source_data/41559_2022_1661_MOESM4_ESM_source_data_fig2.txt	Baseline split induced from Source Data Fig. 2 maximum-credibility population tree.
LG12	LG12_SQ0072	Gadmor_bor_spc	Gadmor_kie_spc	Gadmor_lfc_spc	Gadmor_two_spc	Gadmor_bor_spc,Gadmor_two_spc|Gadmor_kie_spc,Gadmor_lfc_spc	Gadmor_bor_spc,Gadmor_kie_spc|Gadmor_lfc_spc,Gadmor_two_spc	false	true	data/atlantic_cod/raw/nature_source_data/41559_2022_1661_MOESM4_ESM_source_data_fig2.txt	Baseline split induced from Source Data Fig. 2 maximum-credibility population tree.
LG12	LG12_SQ0073	Gadmor_bor_spc	Gadmor_kie_spc	Gadmor_lfo_spc	Gadmor_low_spc	Gadmor_bor_spc,Gadmor_lfo_spc|Gadmor_kie_spc,Gadmor_low_spc	Gadmor_bor_spc,Gadmor_kie_spc|Gadmor_lfo_spc,Gadmor_low_spc	false	true	data/atlantic_cod/raw/nature_source_data/41559_2022_1661_MOESM4_ESM_source_data_fig2.txt	Baseline split induced from Source Data Fig. 2 maximum-credibility population tree.
LG12	LG12_SQ0074	Gadmor_bor_spc	Gadmor_kie_spc	Gadmor_low_spc	Gadmor_twc_spc	Gadmor_bor_spc,Gadmor_twc_spc|Gadmor_kie_spc,Gadmor_low_spc	Gadmor_bor_spc,Gadmor_kie_spc|Gadmor_low_spc,Gadmor_twc_spc	false	true	data/atlantic_cod/raw/nature_source_data/41559_2022_1661_MOESM4_ESM_source_data_fig2.txt	Baseline split induced from Source Data Fig. 2 maximum-credibility population tree.
LG12	LG12_SQ0075	Gadmor_bor_spc	Gadmor_kie_spc	Gadmor_low_spc	Gadmor_two_spc	Gadmor_bor_spc,Gadmor_two_spc|Gadmor_kie_spc,Gadmor_low_spc	Gadmor_bor_spc,Gadmor_kie_spc|Gadmor_low_spc,Gadmor_two_spc	false	true	data/atlantic_cod/raw/nature_source_data/41559_2022_1661_MOESM4_ESM_source_data_fig2.txt	Baseline split induced from Source Data Fig. 2 maximum-credibility population tree.
LG12	LG12_SQ0076	Gadmor_bor_spc	Gadmor_lfc_spc	Gadmor_lfo_spc	Gadmor_low_spc	Gadmor_bor_spc,Gadmor_lfo_spc|Gadmor_lfc_spc,Gadmor_low_spc	Gadmor_bor_spc,Gadmor_lfo_spc|Gadmor_lfc_spc,Gadmor_low_spc	true	false	data/atlantic_cod/raw/nature_source_data/41559_2022_1661_MOESM4_ESM_source_data_fig2.txt	Baseline split induced from Source Data Fig. 2 maximum-credibility population tree.
LG12	LG12_SQ0077	Gadmor_bor_spc	Gadmor_lfc_spc	Gadmor_low_spc	Gadmor_twc_spc	Gadmor_bor_spc,Gadmor_twc_spc|Gadmor_lfc_spc,Gadmor_low_spc	Gadmor_bor_spc,Gadmor_twc_spc|Gadmor_lfc_spc,Gadmor_low_spc	true	false	data/atlantic_cod/raw/nature_source_data/41559_2022_1661_MOESM4_ESM_source_data_fig2.txt	Baseline split induced from Source Data Fig. 2 maximum-credibility population tree.
LG12	LG12_SQ0078	Gadmor_bor_spc	Gadmor_lfc_spc	Gadmor_low_spc	Gadmor_two_spc	Gadmor_bor_spc,Gadmor_two_spc|Gadmor_lfc_spc,Gadmor_low_spc	Gadmor_bor_spc,Gadmor_two_spc|Gadmor_lfc_spc,Gadmor_low_spc	true	false	data/atlantic_cod/raw/nature_source_data/41559_2022_1661_MOESM4_ESM_source_data_fig2.txt	Baseline split induced from Source Data Fig. 2 maximum-credibility population tree.
LG12	LG12_SQ0079	Gadmor_icc_spc	Gadmor_ico_spc	Gadmor_kie_spc	Gadmor_lfc_spc	Gadmor_icc_spc,Gadmor_ico_spc|Gadmor_kie_spc,Gadmor_lfc_spc	Gadmor_icc_spc,Gadmor_ico_spc|Gadmor_kie_spc,Gadmor_lfc_spc	true	false	data/atlantic_cod/raw/nature_source_data/41559_2022_1661_MOESM4_ESM_source_data_fig2.txt	Baseline split induced from Source Data Fig. 2 maximum-credibility population tree.
LG12	LG12_SQ0080	Gadmor_icc_spc	Gadmor_ico_spc	Gadmor_kie_spc	Gadmor_low_spc	Gadmor_icc_spc,Gadmor_ico_spc|Gadmor_kie_spc,Gadmor_low_spc	Gadmor_icc_spc,Gadmor_ico_spc|Gadmor_kie_spc,Gadmor_low_spc	true	false	data/atlantic_cod/raw/nature_source_data/41559_2022_1661_MOESM4_ESM_source_data_fig2.txt	Baseline split induced from Source Data Fig. 2 maximum-credibility population tree.
LG12	LG12_SQ0081	Gadmor_icc_spc	Gadmor_ico_spc	Gadmor_lfc_spc	Gadmor_low_spc	Gadmor_icc_spc,Gadmor_ico_spc|Gadmor_lfc_spc,Gadmor_low_spc	Gadmor_icc_spc,Gadmor_ico_spc|Gadmor_lfc_spc,Gadmor_low_spc	true	false	data/atlantic_cod/raw/nature_source_data/41559_2022_1661_MOESM4_ESM_source_data_fig2.txt	Baseline split induced from Source Data Fig. 2 maximum-credibility population tree.
LG12	LG12_SQ0082	Gadmor_icc_spc	Gadmor_kie_spc	Gadmor_lfc_spc	Gadmor_lfo_spc	Gadmor_icc_spc,Gadmor_lfo_spc|Gadmor_kie_spc,Gadmor_lfc_spc	Gadmor_icc_spc,Gadmor_lfo_spc|Gadmor_kie_spc,Gadmor_lfc_spc	true	false	data/atlantic_cod/raw/nature_source_data/41559_2022_1661_MOESM4_ESM_source_data_fig2.txt	Baseline split induced from Source Data Fig. 2 maximum-credibility population tree.
LG12	LG12_SQ0083	Gadmor_icc_spc	Gadmor_kie_spc	Gadmor_lfc_spc	Gadmor_twc_spc	Gadmor_icc_spc,Gadmor_twc_spc|Gadmor_kie_spc,Gadmor_lfc_spc	Gadmor_icc_spc,Gadmor_twc_spc|Gadmor_kie_spc,Gadmor_lfc_spc	true	false	data/atlantic_cod/raw/nature_source_data/41559_2022_1661_MOESM4_ESM_source_data_fig2.txt	Baseline split induced from Source Data Fig. 2 maximum-credibility population tree.
LG12	LG12_SQ0084	Gadmor_icc_spc	Gadmor_kie_spc	Gadmor_lfc_spc	Gadmor_two_spc	Gadmor_icc_spc,Gadmor_two_spc|Gadmor_kie_spc,Gadmor_lfc_spc	Gadmor_icc_spc,Gadmor_two_spc|Gadmor_kie_spc,Gadmor_lfc_spc	true	false	data/atlantic_cod/raw/nature_source_data/41559_2022_1661_MOESM4_ESM_source_data_fig2.txt	Baseline split induced from Source Data Fig. 2 maximum-credibility population tree.
LG12	LG12_SQ0085	Gadmor_icc_spc	Gadmor_kie_spc	Gadmor_lfo_spc	Gadmor_low_spc	Gadmor_icc_spc,Gadmor_lfo_spc|Gadmor_kie_spc,Gadmor_low_spc	Gadmor_icc_spc,Gadmor_lfo_spc|Gadmor_kie_spc,Gadmor_low_spc	true	false	data/atlantic_cod/raw/nature_source_data/41559_2022_1661_MOESM4_ESM_source_data_fig2.txt	Baseline split induced from Source Data Fig. 2 maximum-credibility population tree.
LG12	LG12_SQ0086	Gadmor_icc_spc	Gadmor_kie_spc	Gadmor_low_spc	Gadmor_twc_spc	Gadmor_icc_spc,Gadmor_twc_spc|Gadmor_kie_spc,Gadmor_low_spc	Gadmor_icc_spc,Gadmor_twc_spc|Gadmor_kie_spc,Gadmor_low_spc	true	false	data/atlantic_cod/raw/nature_source_data/41559_2022_1661_MOESM4_ESM_source_data_fig2.txt	Baseline split induced from Source Data Fig. 2 maximum-credibility population tree.
LG12	LG12_SQ0087	Gadmor_icc_spc	Gadmor_kie_spc	Gadmor_low_spc	Gadmor_two_spc	Gadmor_icc_spc,Gadmor_two_spc|Gadmor_kie_spc,Gadmor_low_spc	Gadmor_icc_spc,Gadmor_two_spc|Gadmor_kie_spc,Gadmor_low_spc	true	false	data/atlantic_cod/raw/nature_source_data/41559_2022_1661_MOESM4_ESM_source_data_fig2.txt	Baseline split induced from Source Data Fig. 2 maximum-credibility population tree.
LG12	LG12_SQ0088	Gadmor_icc_spc	Gadmor_lfc_spc	Gadmor_lfo_spc	Gadmor_low_spc	Gadmor_icc_spc,Gadmor_lfo_spc|Gadmor_lfc_spc,Gadmor_low_spc	Gadmor_icc_spc,Gadmor_lfo_spc|Gadmor_lfc_spc,Gadmor_low_spc	true	false	data/atlantic_cod/raw/nature_source_data/41559_2022_1661_MOESM4_ESM_source_data_fig2.txt	Baseline split induced from Source Data Fig. 2 maximum-credibility population tree.
LG12	LG12_SQ0089	Gadmor_icc_spc	Gadmor_lfc_spc	Gadmor_low_spc	Gadmor_twc_spc	Gadmor_icc_spc,Gadmor_twc_spc|Gadmor_lfc_spc,Gadmor_low_spc	Gadmor_icc_spc,Gadmor_twc_spc|Gadmor_lfc_spc,Gadmor_low_spc	true	false	data/atlantic_cod/raw/nature_source_data/41559_2022_1661_MOESM4_ESM_source_data_fig2.txt	Baseline split induced from Source Data Fig. 2 maximum-credibility population tree.
LG12	LG12_SQ0090	Gadmor_icc_spc	Gadmor_lfc_spc	Gadmor_low_spc	Gadmor_two_spc	Gadmor_icc_spc,Gadmor_two_spc|Gadmor_lfc_spc,Gadmor_low_spc	Gadmor_icc_spc,Gadmor_two_spc|Gadmor_lfc_spc,Gadmor_low_spc	true	false	data/atlantic_cod/raw/nature_source_data/41559_2022_1661_MOESM4_ESM_source_data_fig2.txt	Baseline split induced from Source Data Fig. 2 maximum-credibility population tree.
LG12	LG12_SQ0091	Gadmor_ico_spc	Gadmor_kie_spc	Gadmor_lfc_spc	Gadmor_lfo_spc	Gadmor_ico_spc,Gadmor_lfo_spc|Gadmor_kie_spc,Gadmor_lfc_spc	Gadmor_ico_spc,Gadmor_lfo_spc|Gadmor_kie_spc,Gadmor_lfc_spc	true	false	data/atlantic_cod/raw/nature_source_data/41559_2022_1661_MOESM4_ESM_source_data_fig2.txt	Baseline split induced from Source Data Fig. 2 maximum-credibility population tree.
LG12	LG12_SQ0092	Gadmor_ico_spc	Gadmor_kie_spc	Gadmor_lfc_spc	Gadmor_twc_spc	Gadmor_ico_spc,Gadmor_twc_spc|Gadmor_kie_spc,Gadmor_lfc_spc	Gadmor_ico_spc,Gadmor_twc_spc|Gadmor_kie_spc,Gadmor_lfc_spc	true	false	data/atlantic_cod/raw/nature_source_data/41559_2022_1661_MOESM4_ESM_source_data_fig2.txt	Baseline split induced from Source Data Fig. 2 maximum-credibility population tree.
LG12	LG12_SQ0093	Gadmor_ico_spc	Gadmor_kie_spc	Gadmor_lfc_spc	Gadmor_two_spc	Gadmor_ico_spc,Gadmor_two_spc|Gadmor_kie_spc,Gadmor_lfc_spc	Gadmor_ico_spc,Gadmor_two_spc|Gadmor_kie_spc,Gadmor_lfc_spc	true	false	data/atlantic_cod/raw/nature_source_data/41559_2022_1661_MOESM4_ESM_source_data_fig2.txt	Baseline split induced from Source Data Fig. 2 maximum-credibility population tree.
LG12	LG12_SQ0094	Gadmor_ico_spc	Gadmor_kie_spc	Gadmor_lfo_spc	Gadmor_low_spc	Gadmor_ico_spc,Gadmor_lfo_spc|Gadmor_kie_spc,Gadmor_low_spc	Gadmor_ico_spc,Gadmor_lfo_spc|Gadmor_kie_spc,Gadmor_low_spc	true	false	data/atlantic_cod/raw/nature_source_data/41559_2022_1661_MOESM4_ESM_source_data_fig2.txt	Baseline split induced from Source Data Fig. 2 maximum-credibility population tree.
LG12	LG12_SQ0095	Gadmor_ico_spc	Gadmor_kie_spc	Gadmor_low_spc	Gadmor_twc_spc	Gadmor_ico_spc,Gadmor_twc_spc|Gadmor_kie_spc,Gadmor_low_spc	Gadmor_ico_spc,Gadmor_twc_spc|Gadmor_kie_spc,Gadmor_low_spc	true	false	data/atlantic_cod/raw/nature_source_data/41559_2022_1661_MOESM4_ESM_source_data_fig2.txt	Baseline split induced from Source Data Fig. 2 maximum-credibility population tree.
LG12	LG12_SQ0096	Gadmor_ico_spc	Gadmor_kie_spc	Gadmor_low_spc	Gadmor_two_spc	Gadmor_ico_spc,Gadmor_two_spc|Gadmor_kie_spc,Gadmor_low_spc	Gadmor_ico_spc,Gadmor_two_spc|Gadmor_kie_spc,Gadmor_low_spc	true	false	data/atlantic_cod/raw/nature_source_data/41559_2022_1661_MOESM4_ESM_source_data_fig2.txt	Baseline split induced from Source Data Fig. 2 maximum-credibility population tree.
LG12	LG12_SQ0097	Gadmor_ico_spc	Gadmor_lfc_spc	Gadmor_lfo_spc	Gadmor_low_spc	Gadmor_ico_spc,Gadmor_lfo_spc|Gadmor_lfc_spc,Gadmor_low_spc	Gadmor_ico_spc,Gadmor_lfo_spc|Gadmor_lfc_spc,Gadmor_low_spc	true	false	data/atlantic_cod/raw/nature_source_data/41559_2022_1661_MOESM4_ESM_source_data_fig2.txt	Baseline split induced from Source Data Fig. 2 maximum-credibility population tree.
LG12	LG12_SQ0098	Gadmor_ico_spc	Gadmor_lfc_spc	Gadmor_low_spc	Gadmor_twc_spc	Gadmor_ico_spc,Gadmor_twc_spc|Gadmor_lfc_spc,Gadmor_low_spc	Gadmor_ico_spc,Gadmor_twc_spc|Gadmor_lfc_spc,Gadmor_low_spc	true	false	data/atlantic_cod/raw/nature_source_data/41559_2022_1661_MOESM4_ESM_source_data_fig2.txt	Baseline split induced from Source Data Fig. 2 maximum-credibility population tree.
LG12	LG12_SQ0099	Gadmor_ico_spc	Gadmor_lfc_spc	Gadmor_low_spc	Gadmor_two_spc	Gadmor_ico_spc,Gadmor_two_spc|Gadmor_lfc_spc,Gadmor_low_spc	Gadmor_ico_spc,Gadmor_two_spc|Gadmor_lfc_spc,Gadmor_low_spc	true	false	data/atlantic_cod/raw/nature_source_data/41559_2022_1661_MOESM4_ESM_source_data_fig2.txt	Baseline split induced from Source Data Fig. 2 maximum-credibility population tree.
LG12	LG12_SQ0100	Gadmor_kie_spc	Gadmor_lfc_spc	Gadmor_lfo_spc	Gadmor_twc_spc	Gadmor_kie_spc,Gadmor_lfc_spc|Gadmor_lfo_spc,Gadmor_twc_spc	Gadmor_kie_spc,Gadmor_lfc_spc|Gadmor_lfo_spc,Gadmor_twc_spc	true	false	data/atlantic_cod/raw/nature_source_data/41559_2022_1661_MOESM4_ESM_source_data_fig2.txt	Baseline split induced from Source Data Fig. 2 maximum-credibility population tree.
LG12	LG12_SQ0101	Gadmor_kie_spc	Gadmor_lfc_spc	Gadmor_lfo_spc	Gadmor_two_spc	Gadmor_kie_spc,Gadmor_lfc_spc|Gadmor_lfo_spc,Gadmor_two_spc	Gadmor_kie_spc,Gadmor_lfc_spc|Gadmor_lfo_spc,Gadmor_two_spc	true	false	data/atlantic_cod/raw/nature_source_data/41559_2022_1661_MOESM4_ESM_source_data_fig2.txt	Baseline split induced from Source Data Fig. 2 maximum-credibility population tree.
LG12	LG12_SQ0102	Gadmor_kie_spc	Gadmor_lfc_spc	Gadmor_twc_spc	Gadmor_two_spc	Gadmor_kie_spc,Gadmor_lfc_spc|Gadmor_twc_spc,Gadmor_two_spc	Gadmor_kie_spc,Gadmor_lfc_spc|Gadmor_twc_spc,Gadmor_two_spc	true	false	data/atlantic_cod/raw/nature_source_data/41559_2022_1661_MOESM4_ESM_source_data_fig2.txt	Baseline split induced from Source Data Fig. 2 maximum-credibility population tree.
LG12	LG12_SQ0103	Gadmor_kie_spc	Gadmor_lfo_spc	Gadmor_low_spc	Gadmor_twc_spc	Gadmor_kie_spc,Gadmor_low_spc|Gadmor_lfo_spc,Gadmor_twc_spc	Gadmor_kie_spc,Gadmor_low_spc|Gadmor_lfo_spc,Gadmor_twc_spc	true	false	data/atlantic_cod/raw/nature_source_data/41559_2022_1661_MOESM4_ESM_source_data_fig2.txt	Baseline split induced from Source Data Fig. 2 maximum-credibility population tree.
LG12	LG12_SQ0104	Gadmor_kie_spc	Gadmor_lfo_spc	Gadmor_low_spc	Gadmor_two_spc	Gadmor_kie_spc,Gadmor_low_spc|Gadmor_lfo_spc,Gadmor_two_spc	Gadmor_kie_spc,Gadmor_low_spc|Gadmor_lfo_spc,Gadmor_two_spc	true	false	data/atlantic_cod/raw/nature_source_data/41559_2022_1661_MOESM4_ESM_source_data_fig2.txt	Baseline split induced from Source Data Fig. 2 maximum-credibility population tree.
LG12	LG12_SQ0105	Gadmor_kie_spc	Gadmor_low_spc	Gadmor_twc_spc	Gadmor_two_spc	Gadmor_kie_spc,Gadmor_low_spc|Gadmor_twc_spc,Gadmor_two_spc	Gadmor_kie_spc,Gadmor_low_spc|Gadmor_twc_spc,Gadmor_two_spc	true	false	data/atlantic_cod/raw/nature_source_data/41559_2022_1661_MOESM4_ESM_source_data_fig2.txt	Baseline split induced from Source Data Fig. 2 maximum-credibility population tree.
LG12	LG12_SQ0106	Gadmor_lfc_spc	Gadmor_lfo_spc	Gadmor_low_spc	Gadmor_twc_spc	Gadmor_lfc_spc,Gadmor_low_spc|Gadmor_lfo_spc,Gadmor_twc_spc	Gadmor_lfc_spc,Gadmor_low_spc|Gadmor_lfo_spc,Gadmor_twc_spc	true	false	data/atlantic_cod/raw/nature_source_data/41559_2022_1661_MOESM4_ESM_source_data_fig2.txt	Baseline split induced from Source Data Fig. 2 maximum-credibility population tree.
LG12	LG12_SQ0107	Gadmor_lfc_spc	Gadmor_lfo_spc	Gadmor_low_spc	Gadmor_two_spc	Gadmor_lfc_spc,Gadmor_low_spc|Gadmor_lfo_spc,Gadmor_two_spc	Gadmor_lfc_spc,Gadmor_low_spc|Gadmor_lfo_spc,Gadmor_two_spc	true	false	data/atlantic_cod/raw/nature_source_data/41559_2022_1661_MOESM4_ESM_source_data_fig2.txt	Baseline split induced from Source Data Fig. 2 maximum-credibility population tree.
LG12	LG12_SQ0108	Gadmor_lfc_spc	Gadmor_low_spc	Gadmor_twc_spc	Gadmor_two_spc	Gadmor_lfc_spc,Gadmor_low_spc|Gadmor_twc_spc,Gadmor_two_spc	Gadmor_lfc_spc,Gadmor_low_spc|Gadmor_twc_spc,Gadmor_two_spc	true	false	data/atlantic_cod/raw/nature_source_data/41559_2022_1661_MOESM4_ESM_source_data_fig2.txt	Baseline split induced from Source Data Fig. 2 maximum-credibility population tree.
