summary_type	lg	population	n_candidate_quartets	n_informative_quartets	arrangement_split	baseline_split	n_quartets
population_counts	LG01	Gadmor_avc_spc	42	37			
population_counts	LG01	Gadmor_avo_spc	84	51			
population_counts	LG01	Gadmor_bat_spc	42	39			
population_counts	LG01	Gadmor_bor_spc	42	20			
population_counts	LG01	Gadmor_icc_spc	42	29			
population_counts	LG01	Gadmor_ico_spc	84	64			
population_counts	LG01	Gadmor_kie_spc	42	20			
population_counts	LG01	Gadmor_lfc_spc	42	20			
population_counts	LG01	Gadmor_lfo_spc	84	56			
population_counts	LG01	Gadmor_low_spc	42	20			
population_counts	LG01	Gadmor_twc_spc	42	39			
population_counts	LG01	Gadmor_two_spc	84	53			
split_pattern_counts	LG01				Gadmor_avc_spc,Gadmor_bat_spc|Gadmor_avo_spc,Gadmor_ico_spc	Gadmor_avc_spc,Gadmor_ico_spc|Gadmor_avo_spc,Gadmor_bat_spc	1
split_pattern_counts	LG01				Gadmor_avc_spc,Gadmor_bat_spc|Gadmor_avo_spc,Gadmor_lfo_spc	Gadmor_avc_spc,Gadmor_lfo_spc|Gadmor_avo_spc,Gadmor_bat_spc	1
split_pattern_counts	LG01				Gadmor_avc_spc,Gadmor_bat_spc|Gadmor_avo_spc,Gadmor_two_spc	Gadmor_avc_spc,Gadmor_avo_spc|Gadmor_bat_spc,Gadmor_two_spc	1
split_pattern_counts	LG01				Gadmor_avc_spc,Gadmor_bat_spc|Gadmor_ico_spc,Gadmor_lfo_spc	Gadmor_avc_spc,Gadmor_lfo_spc|Gadmor_bat_spc,Gadmor_ico_spc	1
split_pattern_counts	LG01				Gadmor_avc_spc,Gadmor_bat_spc|Gadmor_ico_spc,Gadmor_two_spc	Gadmor_avc_spc,Gadmor_ico_spc|Gadmor_bat_spc,Gadmor_two_spc	1
split_pattern_counts	LG01				Gadmor_avc_spc,Gadmor_bat_spc|Gadmor_lfo_spc,Gadmor_two_spc	Gadmor_avc_spc,Gadmor_lfo_spc|Gadmor_bat_spc,Gadmor_two_spc	1
split_pattern_counts	LG01				Gadmor_avc_spc,Gadmor_bor_spc|Gadmor_avo_spc,Gadmor_ico_spc	Gadmor_avc_spc,Gadmor_avo_spc|Gadmor_bor_spc,Gadmor_ico_spc	1
split_pattern_counts	LG01				Gadmor_avc_spc,Gadmor_bor_spc|Gadmor_avo_spc,Gadmor_lfo_spc	Gadmor_avc_spc,Gadmor_lfo_spc|Gadmor_avo_spc,Gadmor_bor_spc	1
split_pattern_counts	LG01				Gadmor_avc_spc,Gadmor_bor_spc|Gadmor_avo_spc,Gadmor_two_spc	Gadmor_avc_spc,Gadmor_bor_spc|Gadmor_avo_spc,Gadmor_two_spc	1
split_pattern_counts	LG01				Gadmor_avc_spc,Gadmor_bor_spc|Gadmor_ico_spc,Gadmor_lfo_spc	Gadmor_avc_spc,Gadmor_lfo_spc|Gadmor_bor_spc,Gadmor_ico_spc	1
split_pattern_counts	LG01				Gadmor_avc_spc,Gadmor_bor_spc|Gadmor_ico_spc,Gadmor_two_spc	Gadmor_avc_spc,Gadmor_two_spc|Gadmor_bor_spc,Gadmor_ico_spc	1
split_pattern_counts	LG01				Gadmor_avc_spc,Gadmor_bor_spc|Gadmor_lfo_spc,Gadmor_two_spc	Gadmor_avc_spc,Gadmor_lfo_spc|Gadmor_bor_spc,Gadmor_two_spc	1
split_pattern_counts	LG01				Gadmor_avc_spc,Gadmor_icc_spc|Gadmor_avo_spc,Gadmor_ico_spc	Gadmor_avc_spc,Gadmor_avo_spc|Gadmor_icc_spc,Gadmor_ico_spc	1
split_pattern_counts	LG01				Gadmor_avc_spc,Gadmor_icc_spc|Gadmor_avo_spc,Gadmor_lfo_spc	Gadmor_avc_spc,Gadmor_lfo_spc|Gadmor_avo_spc,Gadmor_icc_spc	1
split_pattern_counts	LG01				Gadmor_avc_spc,Gadmor_icc_spc|Gadmor_avo_spc,Gadmor_two_spc	Gadmor_avc_spc,Gadmor_icc_spc|Gadmor_avo_spc,Gadmor_two_spc	1
split_pattern_counts	LG01				Gadmor_avc_spc,Gadmor_icc_spc|Gadmor_ico_spc,Gadmor_lfo_spc	Gadmor_avc_spc,Gadmor_lfo_spc|Gadmor_icc_spc,Gadmor_ico_spc	1
split_pattern_counts	LG01				Gadmor_avc_spc,Gadmor_icc_spc|Gadmor_ico_spc,Gadmor_two_spc	Gadmor_avc_spc,Gadmor_two_spc|Gadmor_icc_spc,Gadmor_ico_spc	1
split_pattern_counts	LG01				Gadmor_avc_spc,Gadmor_icc_spc|Gadmor_lfo_spc,Gadmor_two_spc	Gadmor_avc_spc,Gadmor_lfo_spc|Gadmor_icc_spc,Gadmor_two_spc	1
split_pattern_counts	LG01				Gadmor_avc_spc,Gadmor_kie_spc|Gadmor_avo_spc,Gadmor_ico_spc	Gadmor_avc_spc,Gadmor_avo_spc|Gadmor_ico_spc,Gadmor_kie_spc	1
split_pattern_counts	LG01				Gadmor_avc_spc,Gadmor_kie_spc|Gadmor_avo_spc,Gadmor_lfo_spc	Gadmor_avc_spc,Gadmor_lfo_spc|Gadmor_avo_spc,Gadmor_kie_spc	1
split_pattern_counts	LG01				Gadmor_avc_spc,Gadmor_kie_spc|Gadmor_avo_spc,Gadmor_two_spc	Gadmor_avc_spc,Gadmor_kie_spc|Gadmor_avo_spc,Gadmor_two_spc	1
split_pattern_counts	LG01				Gadmor_avc_spc,Gadmor_kie_spc|Gadmor_ico_spc,Gadmor_lfo_spc	Gadmor_avc_spc,Gadmor_lfo_spc|Gadmor_ico_spc,Gadmor_kie_spc	1
split_pattern_counts	LG01				Gadmor_avc_spc,Gadmor_kie_spc|Gadmor_ico_spc,Gadmor_two_spc	Gadmor_avc_spc,Gadmor_two_spc|Gadmor_ico_spc,Gadmor_kie_spc	1
split_pattern_counts	LG01				Gadmor_avc_spc,Gadmor_kie_spc|Gadmor_lfo_spc,Gadmor_two_spc	Gadmor_avc_spc,Gadmor_lfo_spc|Gadmor_kie_spc,Gadmor_two_spc	1
split_pattern_counts	LG01				Gadmor_avc_spc,Gadmor_lfc_spc|Gadmor_avo_spc,Gadmor_ico_spc	Gadmor_avc_spc,Gadmor_avo_spc|Gadmor_ico_spc,Gadmor_lfc_spc	1
split_pattern_counts	LG01				Gadmor_avc_spc,Gadmor_lfc_spc|Gadmor_avo_spc,Gadmor_lfo_spc	Gadmor_avc_spc,Gadmor_lfo_spc|Gadmor_avo_spc,Gadmor_lfc_spc	1
split_pattern_counts	LG01				Gadmor_avc_spc,Gadmor_lfc_spc|Gadmor_avo_spc,Gadmor_two_spc	Gadmor_avc_spc,Gadmor_lfc_spc|Gadmor_avo_spc,Gadmor_two_spc	1
split_pattern_counts	LG01				Gadmor_avc_spc,Gadmor_lfc_spc|Gadmor_ico_spc,Gadmor_lfo_spc	Gadmor_avc_spc,Gadmor_lfo_spc|Gadmor_ico_spc,Gadmor_lfc_spc	1
split_pattern_counts	LG01				Gadmor_avc_spc,Gadmor_lfc_spc|Gadmor_ico_spc,Gadmor_two_spc	Gadmor_avc_spc,Gadmor_two_spc|Gadmor_ico_spc,Gadmor_lfc_spc	1
split_pattern_counts	LG01				Gadmor_avc_spc,Gadmor_lfc_spc|Gadmor_lfo_spc,Gadmor_two_spc	Gadmor_avc_spc,Gadmor_lfo_spc|Gadmor_lfc_spc,Gadmor_two_spc	1
split_pattern_counts	LG01				Gadmor_avc_spc,Gadmor_low_spc|Gadmor_avo_spc,Gadmor_ico_spc	Gadmor_avc_spc,Gadmor_avo_spc|Gadmor_ico_spc,Gadmor_low_spc	1
split_pattern_counts	LG01				Gadmor_avc_spc,Gadmor_low_spc|Gadmor_avo_spc,Gadmor_lfo_spc	Gadmor_avc_spc,Gadmor_lfo_spc|Gadmor_avo_spc,Gadmor_low_spc	1
split_pattern_counts	LG01				Gadmor_avc_spc,Gadmor_low_spc|Gadmor_avo_spc,Gadmor_two_spc	Gadmor_avc_spc,Gadmor_low_spc|Gadmor_avo_spc,Gadmor_two_spc	1
split_pattern_counts	LG01				Gadmor_avc_spc,Gadmor_low_spc|Gadmor_ico_spc,Gadmor_lfo_spc	Gadmor_avc_spc,Gadmor_lfo_spc|Gadmor_ico_spc,Gadmor_low_spc	1
split_pattern_counts	LG01				Gadmor_avc_spc,Gadmor_low_spc|Gadmor_ico_spc,Gadmor_two_spc	Gadmor_avc_spc,Gadmor_two_spc|Gadmor_ico_spc,Gadmor_low_spc	1
split_pattern_counts	LG01				Gadmor_avc_spc,Gadmor_low_spc|Gadmor_lfo_spc,Gadmor_two_spc	Gadmor_avc_spc,Gadmor_lfo_spc|Gadmor_low_spc,Gadmor_two_spc	1
split_pattern_counts	LG01				Gadmor_avc_spc,Gadmor_twc_spc|Gadmor_avo_spc,Gadmor_ico_spc	Gadmor_avc_spc,Gadmor_ico_spc|Gadmor_avo_spc,Gadmor_twc_spc	1
split_pattern_counts	LG01				Gadmor_avc_spc,Gadmor_twc_spc|Gadmor_avo_spc,Gadmor_lfo_spc	Gadmor_avc_spc,Gadmor_lfo_spc|Gadmor_avo_spc,Gadmor_twc_spc	1
split_pattern_counts	LG01				Gadmor_avc_spc,Gadmor_twc_spc|Gadmor_avo_spc,Gadmor_two_spc	Gadmor_avc_spc,Gadmor_avo_spc|Gadmor_twc_spc,Gadmor_two_spc	1
split_pattern_counts	LG01				Gadmor_avc_spc,Gadmor_twc_spc|Gadmor_ico_spc,Gadmor_lfo_spc	Gadmor_avc_spc,Gadmor_lfo_spc|Gadmor_ico_spc,Gadmor_twc_spc	1
split_pattern_counts	LG01				Gadmor_avc_spc,Gadmor_twc_spc|Gadmor_ico_spc,Gadmor_two_spc	Gadmor_avc_spc,Gadmor_ico_spc|Gadmor_twc_spc,Gadmor_two_spc	1
split_pattern_counts	LG01				Gadmor_avc_spc,Gadmor_twc_spc|Gadmor_lfo_spc,Gadmor_two_spc	Gadmor_avc_spc,Gadmor_lfo_spc|Gadmor_twc_spc,Gadmor_two_spc	1
split_pattern_counts	LG01				Gadmor_avo_spc,Gadmor_ico_spc|Gadmor_bat_spc,Gadmor_bor_spc	Gadmor_avo_spc,Gadmor_bat_spc|Gadmor_bor_spc,Gadmor_ico_spc	1
split_pattern_counts	LG01				Gadmor_avo_spc,Gadmor_ico_spc|Gadmor_bat_spc,Gadmor_icc_spc	Gadmor_avo_spc,Gadmor_bat_spc|Gadmor_icc_spc,Gadmor_ico_spc	1
split_pattern_counts	LG01				Gadmor_avo_spc,Gadmor_ico_spc|Gadmor_bat_spc,Gadmor_kie_spc	Gadmor_avo_spc,Gadmor_bat_spc|Gadmor_ico_spc,Gadmor_kie_spc	1
split_pattern_counts	LG01				Gadmor_avo_spc,Gadmor_ico_spc|Gadmor_bat_spc,Gadmor_lfc_spc	Gadmor_avo_spc,Gadmor_bat_spc|Gadmor_ico_spc,Gadmor_lfc_spc	1
split_pattern_counts	LG01				Gadmor_avo_spc,Gadmor_ico_spc|Gadmor_bat_spc,Gadmor_low_spc	Gadmor_avo_spc,Gadmor_bat_spc|Gadmor_ico_spc,Gadmor_low_spc	1
split_pattern_counts	LG01				Gadmor_avo_spc,Gadmor_ico_spc|Gadmor_bat_spc,Gadmor_twc_spc	Gadmor_avo_spc,Gadmor_ico_spc|Gadmor_bat_spc,Gadmor_twc_spc	1
split_pattern_counts	LG01				Gadmor_avo_spc,Gadmor_ico_spc|Gadmor_bor_spc,Gadmor_icc_spc	Gadmor_avo_spc,Gadmor_bor_spc|Gadmor_icc_spc,Gadmor_ico_spc	1
split_pattern_counts	LG01				Gadmor_avo_spc,Gadmor_ico_spc|Gadmor_bor_spc,Gadmor_kie_spc	Gadmor_avo_spc,Gadmor_ico_spc|Gadmor_bor_spc,Gadmor_kie_spc	1
split_pattern_counts	LG01				Gadmor_avo_spc,Gadmor_ico_spc|Gadmor_bor_spc,Gadmor_lfc_spc	Gadmor_avo_spc,Gadmor_ico_spc|Gadmor_bor_spc,Gadmor_lfc_spc	1
split_pattern_counts	LG01				Gadmor_avo_spc,Gadmor_ico_spc|Gadmor_bor_spc,Gadmor_low_spc	Gadmor_avo_spc,Gadmor_ico_spc|Gadmor_bor_spc,Gadmor_low_spc	1
split_pattern_counts	LG01				Gadmor_avo_spc,Gadmor_ico_spc|Gadmor_bor_spc,Gadmor_twc_spc	Gadmor_avo_spc,Gadmor_twc_spc|Gadmor_bor_spc,Gadmor_ico_spc	1
split_pattern_counts	LG01				Gadmor_avo_spc,Gadmor_ico_spc|Gadmor_icc_spc,Gadmor_kie_spc	Gadmor_avo_spc,Gadmor_kie_spc|Gadmor_icc_spc,Gadmor_ico_spc	1
split_pattern_counts	LG01				Gadmor_avo_spc,Gadmor_ico_spc|Gadmor_icc_spc,Gadmor_lfc_spc	Gadmor_avo_spc,Gadmor_lfc_spc|Gadmor_icc_spc,Gadmor_ico_spc	1
split_pattern_counts	LG01				Gadmor_avo_spc,Gadmor_ico_spc|Gadmor_icc_spc,Gadmor_low_spc	Gadmor_avo_spc,Gadmor_low_spc|Gadmor_icc_spc,Gadmor_ico_spc	1
split_pattern_counts	LG01				Gadmor_avo_spc,Gadmor_ico_spc|Gadmor_icc_spc,Gadmor_twc_spc	Gadmor_avo_spc,Gadmor_twc_spc|Gadmor_icc_spc,Gadmor_ico_spc	1
split_pattern_counts	LG01				Gadmor_avo_spc,Gadmor_ico_spc|Gadmor_kie_spc,Gadmor_lfc_spc	Gadmor_avo_spc,Gadmor_ico_spc|Gadmor_kie_spc,Gadmor_lfc_spc	1
split_pattern_counts	LG01				Gadmor_avo_spc,Gadmor_ico_spc|Gadmor_kie_spc,Gadmor_low_spc	Gadmor_avo_spc,Gadmor_ico_spc|Gadmor_kie_spc,Gadmor_low_spc	1
split_pattern_counts	LG01				Gadmor_avo_spc,Gadmor_ico_spc|Gadmor_kie_spc,Gadmor_twc_spc	Gadmor_avo_spc,Gadmor_twc_spc|Gadmor_ico_spc,Gadmor_kie_spc	1
split_pattern_counts	LG01				Gadmor_avo_spc,Gadmor_ico_spc|Gadmor_lfc_spc,Gadmor_low_spc	Gadmor_avo_spc,Gadmor_ico_spc|Gadmor_lfc_spc,Gadmor_low_spc	1
split_pattern_counts	LG01				Gadmor_avo_spc,Gadmor_ico_spc|Gadmor_lfc_spc,Gadmor_twc_spc	Gadmor_avo_spc,Gadmor_twc_spc|Gadmor_ico_spc,Gadmor_lfc_spc	1
split_pattern_counts	LG01				Gadmor_avo_spc,Gadmor_ico_spc|Gadmor_low_spc,Gadmor_twc_spc	Gadmor_avo_spc,Gadmor_twc_spc|Gadmor_ico_spc,Gadmor_low_spc	1
split_pattern_counts	LG01				Gadmor_avo_spc,Gadmor_lfo_spc|Gadmor_bat_spc,Gadmor_bor_spc	Gadmor_avo_spc,Gadmor_bat_spc|Gadmor_bor_spc,Gadmor_lfo_spc	1
split_pattern_counts	LG01				Gadmor_avo_spc,Gadmor_lfo_spc|Gadmor_bat_spc,Gadmor_icc_spc	Gadmor_avo_spc,Gadmor_bat_spc|Gadmor_icc_spc,Gadmor_lfo_spc	1
split_pattern_counts	LG01				Gadmor_avo_spc,Gadmor_lfo_spc|Gadmor_bat_spc,Gadmor_kie_spc	Gadmor_avo_spc,Gadmor_bat_spc|Gadmor_kie_spc,Gadmor_lfo_spc	1
split_pattern_counts	LG01				Gadmor_avo_spc,Gadmor_lfo_spc|Gadmor_bat_spc,Gadmor_lfc_spc	Gadmor_avo_spc,Gadmor_bat_spc|Gadmor_lfc_spc,Gadmor_lfo_spc	1
split_pattern_counts	LG01				Gadmor_avo_spc,Gadmor_lfo_spc|Gadmor_bat_spc,Gadmor_low_spc	Gadmor_avo_spc,Gadmor_bat_spc|Gadmor_lfo_spc,Gadmor_low_spc	1
split_pattern_counts	LG01				Gadmor_avo_spc,Gadmor_lfo_spc|Gadmor_bat_spc,Gadmor_twc_spc	Gadmor_avo_spc,Gadmor_lfo_spc|Gadmor_bat_spc,Gadmor_twc_spc	1
split_pattern_counts	LG01				Gadmor_avo_spc,Gadmor_lfo_spc|Gadmor_bor_spc,Gadmor_icc_spc	Gadmor_avo_spc,Gadmor_lfo_spc|Gadmor_bor_spc,Gadmor_icc_spc	1
split_pattern_counts	LG01				Gadmor_avo_spc,Gadmor_lfo_spc|Gadmor_bor_spc,Gadmor_kie_spc	Gadmor_avo_spc,Gadmor_lfo_spc|Gadmor_bor_spc,Gadmor_kie_spc	1
split_pattern_counts	LG01				Gadmor_avo_spc,Gadmor_lfo_spc|Gadmor_bor_spc,Gadmor_lfc_spc	Gadmor_avo_spc,Gadmor_lfo_spc|Gadmor_bor_spc,Gadmor_lfc_spc	1
split_pattern_counts	LG01				Gadmor_avo_spc,Gadmor_lfo_spc|Gadmor_bor_spc,Gadmor_low_spc	Gadmor_avo_spc,Gadmor_lfo_spc|Gadmor_bor_spc,Gadmor_low_spc	1
split_pattern_counts	LG01				Gadmor_avo_spc,Gadmor_lfo_spc|Gadmor_bor_spc,Gadmor_twc_spc	Gadmor_avo_spc,Gadmor_twc_spc|Gadmor_bor_spc,Gadmor_lfo_spc	1
split_pattern_counts	LG01				Gadmor_avo_spc,Gadmor_lfo_spc|Gadmor_icc_spc,Gadmor_kie_spc	Gadmor_avo_spc,Gadmor_lfo_spc|Gadmor_icc_spc,Gadmor_kie_spc	1
split_pattern_counts	LG01				Gadmor_avo_spc,Gadmor_lfo_spc|Gadmor_icc_spc,Gadmor_lfc_spc	Gadmor_avo_spc,Gadmor_lfo_spc|Gadmor_icc_spc,Gadmor_lfc_spc	1
split_pattern_counts	LG01				Gadmor_avo_spc,Gadmor_lfo_spc|Gadmor_icc_spc,Gadmor_low_spc	Gadmor_avo_spc,Gadmor_lfo_spc|Gadmor_icc_spc,Gadmor_low_spc	1
split_pattern_counts	LG01				Gadmor_avo_spc,Gadmor_lfo_spc|Gadmor_icc_spc,Gadmor_twc_spc	Gadmor_avo_spc,Gadmor_twc_spc|Gadmor_icc_spc,Gadmor_lfo_spc	1
split_pattern_counts	LG01				Gadmor_avo_spc,Gadmor_lfo_spc|Gadmor_kie_spc,Gadmor_lfc_spc	Gadmor_avo_spc,Gadmor_lfo_spc|Gadmor_kie_spc,Gadmor_lfc_spc	1
split_pattern_counts	LG01				Gadmor_avo_spc,Gadmor_lfo_spc|Gadmor_kie_spc,Gadmor_low_spc	Gadmor_avo_spc,Gadmor_lfo_spc|Gadmor_kie_spc,Gadmor_low_spc	1
split_pattern_counts	LG01				Gadmor_avo_spc,Gadmor_lfo_spc|Gadmor_kie_spc,Gadmor_twc_spc	Gadmor_avo_spc,Gadmor_twc_spc|Gadmor_kie_spc,Gadmor_lfo_spc	1
split_pattern_counts	LG01				Gadmor_avo_spc,Gadmor_lfo_spc|Gadmor_lfc_spc,Gadmor_low_spc	Gadmor_avo_spc,Gadmor_lfo_spc|Gadmor_lfc_spc,Gadmor_low_spc	1
split_pattern_counts	LG01				Gadmor_avo_spc,Gadmor_lfo_spc|Gadmor_lfc_spc,Gadmor_twc_spc	Gadmor_avo_spc,Gadmor_twc_spc|Gadmor_lfc_spc,Gadmor_lfo_spc	1
split_pattern_counts	LG01				Gadmor_avo_spc,Gadmor_lfo_spc|Gadmor_low_spc,Gadmor_twc_spc	Gadmor_avo_spc,Gadmor_twc_spc|Gadmor_lfo_spc,Gadmor_low_spc	1
split_pattern_counts	LG01				Gadmor_avo_spc,Gadmor_two_spc|Gadmor_bat_spc,Gadmor_bor_spc	Gadmor_avo_spc,Gadmor_bor_spc|Gadmor_bat_spc,Gadmor_two_spc	1
split_pattern_counts	LG01				Gadmor_avo_spc,Gadmor_two_spc|Gadmor_bat_spc,Gadmor_icc_spc	Gadmor_avo_spc,Gadmor_icc_spc|Gadmor_bat_spc,Gadmor_two_spc	1
split_pattern_counts	LG01				Gadmor_avo_spc,Gadmor_two_spc|Gadmor_bat_spc,Gadmor_kie_spc	Gadmor_avo_spc,Gadmor_kie_spc|Gadmor_bat_spc,Gadmor_two_spc	1
split_pattern_counts	LG01				Gadmor_avo_spc,Gadmor_two_spc|Gadmor_bat_spc,Gadmor_lfc_spc	Gadmor_avo_spc,Gadmor_lfc_spc|Gadmor_bat_spc,Gadmor_two_spc	1
split_pattern_counts	LG01				Gadmor_avo_spc,Gadmor_two_spc|Gadmor_bat_spc,Gadmor_low_spc	Gadmor_avo_spc,Gadmor_low_spc|Gadmor_bat_spc,Gadmor_two_spc	1
split_pattern_counts	LG01				Gadmor_avo_spc,Gadmor_two_spc|Gadmor_bat_spc,Gadmor_twc_spc	Gadmor_avo_spc,Gadmor_bat_spc|Gadmor_twc_spc,Gadmor_two_spc	1
split_pattern_counts	LG01				Gadmor_avo_spc,Gadmor_two_spc|Gadmor_bor_spc,Gadmor_icc_spc	Gadmor_avo_spc,Gadmor_two_spc|Gadmor_bor_spc,Gadmor_icc_spc	1
split_pattern_counts	LG01				Gadmor_avo_spc,Gadmor_two_spc|Gadmor_bor_spc,Gadmor_kie_spc	Gadmor_avo_spc,Gadmor_two_spc|Gadmor_bor_spc,Gadmor_kie_spc	1
split_pattern_counts	LG01				Gadmor_avo_spc,Gadmor_two_spc|Gadmor_bor_spc,Gadmor_lfc_spc	Gadmor_avo_spc,Gadmor_two_spc|Gadmor_bor_spc,Gadmor_lfc_spc	1
split_pattern_counts	LG01				Gadmor_avo_spc,Gadmor_two_spc|Gadmor_bor_spc,Gadmor_low_spc	Gadmor_avo_spc,Gadmor_two_spc|Gadmor_bor_spc,Gadmor_low_spc	1
split_pattern_counts	LG01				Gadmor_avo_spc,Gadmor_two_spc|Gadmor_bor_spc,Gadmor_twc_spc	Gadmor_avo_spc,Gadmor_bor_spc|Gadmor_twc_spc,Gadmor_two_spc	1
split_pattern_counts	LG01				Gadmor_avo_spc,Gadmor_two_spc|Gadmor_icc_spc,Gadmor_kie_spc	Gadmor_avo_spc,Gadmor_two_spc|Gadmor_icc_spc,Gadmor_kie_spc	1
split_pattern_counts	LG01				Gadmor_avo_spc,Gadmor_two_spc|Gadmor_icc_spc,Gadmor_lfc_spc	Gadmor_avo_spc,Gadmor_two_spc|Gadmor_icc_spc,Gadmor_lfc_spc	1
split_pattern_counts	LG01				Gadmor_avo_spc,Gadmor_two_spc|Gadmor_icc_spc,Gadmor_low_spc	Gadmor_avo_spc,Gadmor_two_spc|Gadmor_icc_spc,Gadmor_low_spc	1
split_pattern_counts	LG01				Gadmor_avo_spc,Gadmor_two_spc|Gadmor_icc_spc,Gadmor_twc_spc	Gadmor_avo_spc,Gadmor_icc_spc|Gadmor_twc_spc,Gadmor_two_spc	1
split_pattern_counts	LG01				Gadmor_avo_spc,Gadmor_two_spc|Gadmor_kie_spc,Gadmor_lfc_spc	Gadmor_avo_spc,Gadmor_two_spc|Gadmor_kie_spc,Gadmor_lfc_spc	1
split_pattern_counts	LG01				Gadmor_avo_spc,Gadmor_two_spc|Gadmor_kie_spc,Gadmor_low_spc	Gadmor_avo_spc,Gadmor_two_spc|Gadmor_kie_spc,Gadmor_low_spc	1
split_pattern_counts	LG01				Gadmor_avo_spc,Gadmor_two_spc|Gadmor_kie_spc,Gadmor_twc_spc	Gadmor_avo_spc,Gadmor_kie_spc|Gadmor_twc_spc,Gadmor_two_spc	1
split_pattern_counts	LG01				Gadmor_avo_spc,Gadmor_two_spc|Gadmor_lfc_spc,Gadmor_low_spc	Gadmor_avo_spc,Gadmor_two_spc|Gadmor_lfc_spc,Gadmor_low_spc	1
split_pattern_counts	LG01				Gadmor_avo_spc,Gadmor_two_spc|Gadmor_lfc_spc,Gadmor_twc_spc	Gadmor_avo_spc,Gadmor_lfc_spc|Gadmor_twc_spc,Gadmor_two_spc	1
split_pattern_counts	LG01				Gadmor_avo_spc,Gadmor_two_spc|Gadmor_low_spc,Gadmor_twc_spc	Gadmor_avo_spc,Gadmor_low_spc|Gadmor_twc_spc,Gadmor_two_spc	1
split_pattern_counts	LG01				Gadmor_bat_spc,Gadmor_bor_spc|Gadmor_ico_spc,Gadmor_lfo_spc	Gadmor_bat_spc,Gadmor_lfo_spc|Gadmor_bor_spc,Gadmor_ico_spc	1
split_pattern_counts	LG01				Gadmor_bat_spc,Gadmor_bor_spc|Gadmor_ico_spc,Gadmor_two_spc	Gadmor_bat_spc,Gadmor_two_spc|Gadmor_bor_spc,Gadmor_ico_spc	1
split_pattern_counts	LG01				Gadmor_bat_spc,Gadmor_bor_spc|Gadmor_lfo_spc,Gadmor_two_spc	Gadmor_bat_spc,Gadmor_two_spc|Gadmor_bor_spc,Gadmor_lfo_spc	1
split_pattern_counts	LG01				Gadmor_bat_spc,Gadmor_icc_spc|Gadmor_ico_spc,Gadmor_lfo_spc	Gadmor_bat_spc,Gadmor_lfo_spc|Gadmor_icc_spc,Gadmor_ico_spc	1
split_pattern_counts	LG01				Gadmor_bat_spc,Gadmor_icc_spc|Gadmor_ico_spc,Gadmor_two_spc	Gadmor_bat_spc,Gadmor_two_spc|Gadmor_icc_spc,Gadmor_ico_spc	1
split_pattern_counts	LG01				Gadmor_bat_spc,Gadmor_icc_spc|Gadmor_lfo_spc,Gadmor_two_spc	Gadmor_bat_spc,Gadmor_two_spc|Gadmor_icc_spc,Gadmor_lfo_spc	1
split_pattern_counts	LG01				Gadmor_bat_spc,Gadmor_kie_spc|Gadmor_ico_spc,Gadmor_lfo_spc	Gadmor_bat_spc,Gadmor_lfo_spc|Gadmor_ico_spc,Gadmor_kie_spc	1
split_pattern_counts	LG01				Gadmor_bat_spc,Gadmor_kie_spc|Gadmor_ico_spc,Gadmor_two_spc	Gadmor_bat_spc,Gadmor_two_spc|Gadmor_ico_spc,Gadmor_kie_spc	1
split_pattern_counts	LG01				Gadmor_bat_spc,Gadmor_kie_spc|Gadmor_lfo_spc,Gadmor_two_spc	Gadmor_bat_spc,Gadmor_two_spc|Gadmor_kie_spc,Gadmor_lfo_spc	1
split_pattern_counts	LG01				Gadmor_bat_spc,Gadmor_lfc_spc|Gadmor_ico_spc,Gadmor_lfo_spc	Gadmor_bat_spc,Gadmor_lfo_spc|Gadmor_ico_spc,Gadmor_lfc_spc	1
split_pattern_counts	LG01				Gadmor_bat_spc,Gadmor_lfc_spc|Gadmor_ico_spc,Gadmor_two_spc	Gadmor_bat_spc,Gadmor_two_spc|Gadmor_ico_spc,Gadmor_lfc_spc	1
split_pattern_counts	LG01				Gadmor_bat_spc,Gadmor_lfc_spc|Gadmor_lfo_spc,Gadmor_two_spc	Gadmor_bat_spc,Gadmor_two_spc|Gadmor_lfc_spc,Gadmor_lfo_spc	1
split_pattern_counts	LG01				Gadmor_bat_spc,Gadmor_low_spc|Gadmor_ico_spc,Gadmor_lfo_spc	Gadmor_bat_spc,Gadmor_lfo_spc|Gadmor_ico_spc,Gadmor_low_spc	1
split_pattern_counts	LG01				Gadmor_bat_spc,Gadmor_low_spc|Gadmor_ico_spc,Gadmor_two_spc	Gadmor_bat_spc,Gadmor_two_spc|Gadmor_ico_spc,Gadmor_low_spc	1
split_pattern_counts	LG01				Gadmor_bat_spc,Gadmor_low_spc|Gadmor_lfo_spc,Gadmor_two_spc	Gadmor_bat_spc,Gadmor_two_spc|Gadmor_lfo_spc,Gadmor_low_spc	1
split_pattern_counts	LG01				Gadmor_bat_spc,Gadmor_twc_spc|Gadmor_ico_spc,Gadmor_lfo_spc	Gadmor_bat_spc,Gadmor_twc_spc|Gadmor_ico_spc,Gadmor_lfo_spc	1
split_pattern_counts	LG01				Gadmor_bat_spc,Gadmor_twc_spc|Gadmor_ico_spc,Gadmor_two_spc	Gadmor_bat_spc,Gadmor_ico_spc|Gadmor_twc_spc,Gadmor_two_spc	1
split_pattern_counts	LG01				Gadmor_bat_spc,Gadmor_twc_spc|Gadmor_lfo_spc,Gadmor_two_spc	Gadmor_bat_spc,Gadmor_lfo_spc|Gadmor_twc_spc,Gadmor_two_spc	1
split_pattern_counts	LG01				Gadmor_bor_spc,Gadmor_icc_spc|Gadmor_ico_spc,Gadmor_lfo_spc	Gadmor_bor_spc,Gadmor_lfo_spc|Gadmor_icc_spc,Gadmor_ico_spc	1
split_pattern_counts	LG01				Gadmor_bor_spc,Gadmor_icc_spc|Gadmor_ico_spc,Gadmor_two_spc	Gadmor_bor_spc,Gadmor_two_spc|Gadmor_icc_spc,Gadmor_ico_spc	1
split_pattern_counts	LG01				Gadmor_bor_spc,Gadmor_icc_spc|Gadmor_lfo_spc,Gadmor_two_spc	Gadmor_bor_spc,Gadmor_icc_spc|Gadmor_lfo_spc,Gadmor_two_spc	1
split_pattern_counts	LG01				Gadmor_bor_spc,Gadmor_kie_spc|Gadmor_ico_spc,Gadmor_lfo_spc	Gadmor_bor_spc,Gadmor_kie_spc|Gadmor_ico_spc,Gadmor_lfo_spc	1
split_pattern_counts	LG01				Gadmor_bor_spc,Gadmor_kie_spc|Gadmor_ico_spc,Gadmor_two_spc	Gadmor_bor_spc,Gadmor_kie_spc|Gadmor_ico_spc,Gadmor_two_spc	1
split_pattern_counts	LG01				Gadmor_bor_spc,Gadmor_kie_spc|Gadmor_lfo_spc,Gadmor_two_spc	Gadmor_bor_spc,Gadmor_kie_spc|Gadmor_lfo_spc,Gadmor_two_spc	1
split_pattern_counts	LG01				Gadmor_bor_spc,Gadmor_lfc_spc|Gadmor_ico_spc,Gadmor_lfo_spc	Gadmor_bor_spc,Gadmor_lfc_spc|Gadmor_ico_spc,Gadmor_lfo_spc	1
split_pattern_counts	LG01				Gadmor_bor_spc,Gadmor_lfc_spc|Gadmor_ico_spc,Gadmor_two_spc	Gadmor_bor_spc,Gadmor_lfc_spc|Gadmor_ico_spc,Gadmor_two_spc	1
split_pattern_counts	LG01				Gadmor_bor_spc,Gadmor_lfc_spc|Gadmor_lfo_spc,Gadmor_two_spc	Gadmor_bor_spc,Gadmor_lfc_spc|Gadmor_lfo_spc,Gadmor_two_spc	1
split_pattern_counts	LG01				Gadmor_bor_spc,Gadmor_low_spc|Gadmor_ico_spc,Gadmor_lfo_spc	Gadmor_bor_spc,Gadmor_low_spc|Gadmor_ico_spc,Gadmor_lfo_spc	1
split_pattern_counts	LG01				Gadmor_bor_spc,Gadmor_low_spc|Gadmor_ico_spc,Gadmor_two_spc	Gadmor_bor_spc,Gadmor_low_spc|Gadmor_ico_spc,Gadmor_two_spc	1
split_pattern_counts	LG01				Gadmor_bor_spc,Gadmor_low_spc|Gadmor_lfo_spc,Gadmor_two_spc	Gadmor_bor_spc,Gadmor_low_spc|Gadmor_lfo_spc,Gadmor_two_spc	1
split_pattern_counts	LG01				Gadmor_bor_spc,Gadmor_twc_spc|Gadmor_ico_spc,Gadmor_lfo_spc	Gadmor_bor_spc,Gadmor_ico_spc|Gadmor_lfo_spc,Gadmor_twc_spc	1
split_pattern_counts	LG01				Gadmor_bor_spc,Gadmor_twc_spc|Gadmor_ico_spc,Gadmor_two_spc	Gadmor_bor_spc,Gadmor_ico_spc|Gadmor_twc_spc,Gadmor_two_spc	1
split_pattern_counts	LG01				Gadmor_bor_spc,Gadmor_twc_spc|Gadmor_lfo_spc,Gadmor_two_spc	Gadmor_bor_spc,Gadmor_lfo_spc|Gadmor_twc_spc,Gadmor_two_spc	1
split_pattern_counts	LG01				Gadmor_icc_spc,Gadmor_kie_spc|Gadmor_ico_spc,Gadmor_lfo_spc	Gadmor_icc_spc,Gadmor_ico_spc|Gadmor_kie_spc,Gadmor_lfo_spc	1
split_pattern_counts	LG01				Gadmor_icc_spc,Gadmor_kie_spc|Gadmor_ico_spc,Gadmor_two_spc	Gadmor_icc_spc,Gadmor_ico_spc|Gadmor_kie_spc,Gadmor_two_spc	1
split_pattern_counts	LG01				Gadmor_icc_spc,Gadmor_kie_spc|Gadmor_lfo_spc,Gadmor_two_spc	Gadmor_icc_spc,Gadmor_kie_spc|Gadmor_lfo_spc,Gadmor_two_spc	1
split_pattern_counts	LG01				Gadmor_icc_spc,Gadmor_lfc_spc|Gadmor_ico_spc,Gadmor_lfo_spc	Gadmor_icc_spc,Gadmor_ico_spc|Gadmor_lfc_spc,Gadmor_lfo_spc	1
split_pattern_counts	LG01				Gadmor_icc_spc,Gadmor_lfc_spc|Gadmor_ico_spc,Gadmor_two_spc	Gadmor_icc_spc,Gadmor_ico_spc|Gadmor_lfc_spc,Gadmor_two_spc	1
split_pattern_counts	LG01				Gadmor_icc_spc,Gadmor_lfc_spc|Gadmor_lfo_spc,Gadmor_two_spc	Gadmor_icc_spc,Gadmor_lfc_spc|Gadmor_lfo_spc,Gadmor_two_spc	1
split_pattern_counts	LG01				Gadmor_icc_spc,Gadmor_low_spc|Gadmor_ico_spc,Gadmor_lfo_spc	Gadmor_icc_spc,Gadmor_ico_spc|Gadmor_lfo_spc,Gadmor_low_spc	1
split_pattern_counts	LG01				Gadmor_icc_spc,Gadmor_low_spc|Gadmor_ico_spc,Gadmor_two_spc	Gadmor_icc_spc,Gadmor_ico_spc|Gadmor_low_spc,Gadmor_two_spc	1
split_pattern_counts	LG01				Gadmor_icc_spc,Gadmor_low_spc|Gadmor_lfo_spc,Gadmor_two_spc	Gadmor_icc_spc,Gadmor_low_spc|Gadmor_lfo_spc,Gadmor_two_spc	1
split_pattern_counts	LG01				Gadmor_icc_spc,Gadmor_twc_spc|Gadmor_ico_spc,Gadmor_lfo_spc	Gadmor_icc_spc,Gadmor_ico_spc|Gadmor_lfo_spc,Gadmor_twc_spc	1
split_pattern_counts	LG01				Gadmor_icc_spc,Gadmor_twc_spc|Gadmor_ico_spc,Gadmor_two_spc	Gadmor_icc_spc,Gadmor_ico_spc|Gadmor_twc_spc,Gadmor_two_spc	1
split_pattern_counts	LG01				Gadmor_icc_spc,Gadmor_twc_spc|Gadmor_lfo_spc,Gadmor_two_spc	Gadmor_icc_spc,Gadmor_lfo_spc|Gadmor_twc_spc,Gadmor_two_spc	1
split_pattern_counts	LG01				Gadmor_ico_spc,Gadmor_lfo_spc|Gadmor_kie_spc,Gadmor_lfc_spc	Gadmor_ico_spc,Gadmor_lfo_spc|Gadmor_kie_spc,Gadmor_lfc_spc	1
split_pattern_counts	LG01				Gadmor_ico_spc,Gadmor_lfo_spc|Gadmor_kie_spc,Gadmor_low_spc	Gadmor_ico_spc,Gadmor_lfo_spc|Gadmor_kie_spc,Gadmor_low_spc	1
split_pattern_counts	LG01				Gadmor_ico_spc,Gadmor_lfo_spc|Gadmor_kie_spc,Gadmor_twc_spc	Gadmor_ico_spc,Gadmor_kie_spc|Gadmor_lfo_spc,Gadmor_twc_spc	1
split_pattern_counts	LG01				Gadmor_ico_spc,Gadmor_lfo_spc|Gadmor_lfc_spc,Gadmor_low_spc	Gadmor_ico_spc,Gadmor_lfo_spc|Gadmor_lfc_spc,Gadmor_low_spc	1
split_pattern_counts	LG01				Gadmor_ico_spc,Gadmor_lfo_spc|Gadmor_lfc_spc,Gadmor_twc_spc	Gadmor_ico_spc,Gadmor_lfc_spc|Gadmor_lfo_spc,Gadmor_twc_spc	1
split_pattern_counts	LG01				Gadmor_ico_spc,Gadmor_lfo_spc|Gadmor_low_spc,Gadmor_twc_spc	Gadmor_ico_spc,Gadmor_low_spc|Gadmor_lfo_spc,Gadmor_twc_spc	1
split_pattern_counts	LG01				Gadmor_ico_spc,Gadmor_two_spc|Gadmor_kie_spc,Gadmor_lfc_spc	Gadmor_ico_spc,Gadmor_two_spc|Gadmor_kie_spc,Gadmor_lfc_spc	1
split_pattern_counts	LG01				Gadmor_ico_spc,Gadmor_two_spc|Gadmor_kie_spc,Gadmor_low_spc	Gadmor_ico_spc,Gadmor_two_spc|Gadmor_kie_spc,Gadmor_low_spc	1
split_pattern_counts	LG01				Gadmor_ico_spc,Gadmor_two_spc|Gadmor_kie_spc,Gadmor_twc_spc	Gadmor_ico_spc,Gadmor_kie_spc|Gadmor_twc_spc,Gadmor_two_spc	1
split_pattern_counts	LG01				Gadmor_ico_spc,Gadmor_two_spc|Gadmor_lfc_spc,Gadmor_low_spc	Gadmor_ico_spc,Gadmor_two_spc|Gadmor_lfc_spc,Gadmor_low_spc	1
split_pattern_counts	LG01				Gadmor_ico_spc,Gadmor_two_spc|Gadmor_lfc_spc,Gadmor_twc_spc	Gadmor_ico_spc,Gadmor_lfc_spc|Gadmor_twc_spc,Gadmor_two_spc	1
split_pattern_counts	LG01				Gadmor_ico_spc,Gadmor_two_spc|Gadmor_low_spc,Gadmor_twc_spc	Gadmor_ico_spc,Gadmor_low_spc|Gadmor_twc_spc,Gadmor_two_spc	1
split_pattern_counts	LG01				Gadmor_kie_spc,Gadmor_lfc_spc|Gadmor_lfo_spc,Gadmor_two_spc	Gadmor_kie_spc,Gadmor_lfc_spc|Gadmor_lfo_spc,Gadmor_two_spc	1
split_pattern_counts	LG01				Gadmor_kie_spc,Gadmor_low_spc|Gadmor_lfo_spc,Gadmor_two_spc	Gadmor_kie_spc,Gadmor_low_spc|Gadmor_lfo_spc,Gadmor_two_spc	1
split_pattern_counts	LG01				Gadmor_kie_spc,Gadmor_twc_spc|Gadmor_lfo_spc,Gadmor_two_spc	Gadmor_kie_spc,Gadmor_lfo_spc|Gadmor_twc_spc,Gadmor_two_spc	1
split_pattern_counts	LG01				Gadmor_lfc_spc,Gadmor_low_spc|Gadmor_lfo_spc,Gadmor_two_spc	Gadmor_lfc_spc,Gadmor_low_spc|Gadmor_lfo_spc,Gadmor_two_spc	1
split_pattern_counts	LG01				Gadmor_lfc_spc,Gadmor_twc_spc|Gadmor_lfo_spc,Gadmor_two_spc	Gadmor_lfc_spc,Gadmor_lfo_spc|Gadmor_twc_spc,Gadmor_two_spc	1
split_pattern_counts	LG01				Gadmor_lfo_spc,Gadmor_two_spc|Gadmor_low_spc,Gadmor_twc_spc	Gadmor_lfo_spc,Gadmor_low_spc|Gadmor_twc_spc,Gadmor_two_spc	1
population_counts	LG02	Gadmor_avc_spc	84	63			
population_counts	LG02	Gadmor_avo_spc	42	14			
population_counts	LG02	Gadmor_bat_spc	42	14			
population_counts	LG02	Gadmor_bor_spc	42	35			
population_counts	LG02	Gadmor_icc_spc	42	20			
population_counts	LG02	Gadmor_ico_spc	42	20			
population_counts	LG02	Gadmor_kie_spc	84	35			
population_counts	LG02	Gadmor_lfc_spc	84	28			
population_counts	LG02	Gadmor_lfo_spc	42	23			
population_counts	LG02	Gadmor_low_spc	84	28			
population_counts	LG02	Gadmor_twc_spc	42	14			
population_counts	LG02	Gadmor_two_spc	42	14			
split_pattern_counts	LG02				Gadmor_avc_spc,Gadmor_kie_spc|Gadmor_avo_spc,Gadmor_bat_spc	Gadmor_avc_spc,Gadmor_kie_spc|Gadmor_avo_spc,Gadmor_bat_spc	1
split_pattern_counts	LG02				Gadmor_avc_spc,Gadmor_kie_spc|Gadmor_avo_spc,Gadmor_bor_spc	Gadmor_avc_spc,Gadmor_avo_spc|Gadmor_bor_spc,Gadmor_kie_spc	1
split_pattern_counts	LG02				Gadmor_avc_spc,Gadmor_kie_spc|Gadmor_avo_spc,Gadmor_icc_spc	Gadmor_avc_spc,Gadmor_avo_spc|Gadmor_icc_spc,Gadmor_kie_spc	1
split_pattern_counts	LG02				Gadmor_avc_spc,Gadmor_kie_spc|Gadmor_avo_spc,Gadmor_ico_spc	Gadmor_avc_spc,Gadmor_avo_spc|Gadmor_ico_spc,Gadmor_kie_spc	1
split_pattern_counts	LG02				Gadmor_avc_spc,Gadmor_kie_spc|Gadmor_avo_spc,Gadmor_lfo_spc	Gadmor_avc_spc,Gadmor_lfo_spc|Gadmor_avo_spc,Gadmor_kie_spc	1
split_pattern_counts	LG02				Gadmor_avc_spc,Gadmor_kie_spc|Gadmor_avo_spc,Gadmor_twc_spc	Gadmor_avc_spc,Gadmor_kie_spc|Gadmor_avo_spc,Gadmor_twc_spc	1
split_pattern_counts	LG02				Gadmor_avc_spc,Gadmor_kie_spc|Gadmor_avo_spc,Gadmor_two_spc	Gadmor_avc_spc,Gadmor_kie_spc|Gadmor_avo_spc,Gadmor_two_spc	1
split_pattern_counts	LG02				Gadmor_avc_spc,Gadmor_kie_spc|Gadmor_bat_spc,Gadmor_bor_spc	Gadmor_avc_spc,Gadmor_bat_spc|Gadmor_bor_spc,Gadmor_kie_spc	1
split_pattern_counts	LG02				Gadmor_avc_spc,Gadmor_kie_spc|Gadmor_bat_spc,Gadmor_icc_spc	Gadmor_avc_spc,Gadmor_bat_spc|Gadmor_icc_spc,Gadmor_kie_spc	1
split_pattern_counts	LG02				Gadmor_avc_spc,Gadmor_kie_spc|Gadmor_bat_spc,Gadmor_ico_spc	Gadmor_avc_spc,Gadmor_bat_spc|Gadmor_ico_spc,Gadmor_kie_spc	1
split_pattern_counts	LG02				Gadmor_avc_spc,Gadmor_kie_spc|Gadmor_bat_spc,Gadmor_lfo_spc	Gadmor_avc_spc,Gadmor_lfo_spc|Gadmor_bat_spc,Gadmor_kie_spc	1
split_pattern_counts	LG02				Gadmor_avc_spc,Gadmor_kie_spc|Gadmor_bat_spc,Gadmor_twc_spc	Gadmor_avc_spc,Gadmor_kie_spc|Gadmor_bat_spc,Gadmor_twc_spc	1
split_pattern_counts	LG02				Gadmor_avc_spc,Gadmor_kie_spc|Gadmor_bat_spc,Gadmor_two_spc	Gadmor_avc_spc,Gadmor_kie_spc|Gadmor_bat_spc,Gadmor_two_spc	1
split_pattern_counts	LG02				Gadmor_avc_spc,Gadmor_kie_spc|Gadmor_bor_spc,Gadmor_icc_spc	Gadmor_avc_spc,Gadmor_icc_spc|Gadmor_bor_spc,Gadmor_kie_spc	1
split_pattern_counts	LG02				Gadmor_avc_spc,Gadmor_kie_spc|Gadmor_bor_spc,Gadmor_ico_spc	Gadmor_avc_spc,Gadmor_ico_spc|Gadmor_bor_spc,Gadmor_kie_spc	1
split_pattern_counts	LG02				Gadmor_avc_spc,Gadmor_kie_spc|Gadmor_bor_spc,Gadmor_lfo_spc	Gadmor_avc_spc,Gadmor_lfo_spc|Gadmor_bor_spc,Gadmor_kie_spc	1
split_pattern_counts	LG02				Gadmor_avc_spc,Gadmor_kie_spc|Gadmor_bor_spc,Gadmor_twc_spc	Gadmor_avc_spc,Gadmor_twc_spc|Gadmor_bor_spc,Gadmor_kie_spc	1
split_pattern_counts	LG02				Gadmor_avc_spc,Gadmor_kie_spc|Gadmor_bor_spc,Gadmor_two_spc	Gadmor_avc_spc,Gadmor_two_spc|Gadmor_bor_spc,Gadmor_kie_spc	1
split_pattern_counts	LG02				Gadmor_avc_spc,Gadmor_kie_spc|Gadmor_icc_spc,Gadmor_ico_spc	Gadmor_avc_spc,Gadmor_kie_spc|Gadmor_icc_spc,Gadmor_ico_spc	1
split_pattern_counts	LG02				Gadmor_avc_spc,Gadmor_kie_spc|Gadmor_icc_spc,Gadmor_lfo_spc	Gadmor_avc_spc,Gadmor_lfo_spc|Gadmor_icc_spc,Gadmor_kie_spc	1
split_pattern_counts	LG02				Gadmor_avc_spc,Gadmor_kie_spc|Gadmor_icc_spc,Gadmor_twc_spc	Gadmor_avc_spc,Gadmor_twc_spc|Gadmor_icc_spc,Gadmor_kie_spc	1
split_pattern_counts	LG02				Gadmor_avc_spc,Gadmor_kie_spc|Gadmor_icc_spc,Gadmor_two_spc	Gadmor_avc_spc,Gadmor_two_spc|Gadmor_icc_spc,Gadmor_kie_spc	1
split_pattern_counts	LG02				Gadmor_avc_spc,Gadmor_kie_spc|Gadmor_ico_spc,Gadmor_lfo_spc	Gadmor_avc_spc,Gadmor_lfo_spc|Gadmor_ico_spc,Gadmor_kie_spc	1
split_pattern_counts	LG02				Gadmor_avc_spc,Gadmor_kie_spc|Gadmor_ico_spc,Gadmor_twc_spc	Gadmor_avc_spc,Gadmor_twc_spc|Gadmor_ico_spc,Gadmor_kie_spc	1
split_pattern_counts	LG02				Gadmor_avc_spc,Gadmor_kie_spc|Gadmor_ico_spc,Gadmor_two_spc	Gadmor_avc_spc,Gadmor_two_spc|Gadmor_ico_spc,Gadmor_kie_spc	1
split_pattern_counts	LG02				Gadmor_avc_spc,Gadmor_kie_spc|Gadmor_lfo_spc,Gadmor_twc_spc	Gadmor_avc_spc,Gadmor_lfo_spc|Gadmor_kie_spc,Gadmor_twc_spc	1
split_pattern_counts	LG02				Gadmor_avc_spc,Gadmor_kie_spc|Gadmor_lfo_spc,Gadmor_two_spc	Gadmor_avc_spc,Gadmor_lfo_spc|Gadmor_kie_spc,Gadmor_two_spc	1
split_pattern_counts	LG02				Gadmor_avc_spc,Gadmor_kie_spc|Gadmor_twc_spc,Gadmor_two_spc	Gadmor_avc_spc,Gadmor_kie_spc|Gadmor_twc_spc,Gadmor_two_spc	1
split_pattern_counts	LG02				Gadmor_avc_spc,Gadmor_lfc_spc|Gadmor_avo_spc,Gadmor_bat_spc	Gadmor_avc_spc,Gadmor_lfc_spc|Gadmor_avo_spc,Gadmor_bat_spc	1
split_pattern_counts	LG02				Gadmor_avc_spc,Gadmor_lfc_spc|Gadmor_avo_spc,Gadmor_bor_spc	Gadmor_avc_spc,Gadmor_avo_spc|Gadmor_bor_spc,Gadmor_lfc_spc	1
split_pattern_counts	LG02				Gadmor_avc_spc,Gadmor_lfc_spc|Gadmor_avo_spc,Gadmor_icc_spc	Gadmor_avc_spc,Gadmor_avo_spc|Gadmor_icc_spc,Gadmor_lfc_spc	1
split_pattern_counts	LG02				Gadmor_avc_spc,Gadmor_lfc_spc|Gadmor_avo_spc,Gadmor_ico_spc	Gadmor_avc_spc,Gadmor_avo_spc|Gadmor_ico_spc,Gadmor_lfc_spc	1
split_pattern_counts	LG02				Gadmor_avc_spc,Gadmor_lfc_spc|Gadmor_avo_spc,Gadmor_lfo_spc	Gadmor_avc_spc,Gadmor_lfo_spc|Gadmor_avo_spc,Gadmor_lfc_spc	1
split_pattern_counts	LG02				Gadmor_avc_spc,Gadmor_lfc_spc|Gadmor_avo_spc,Gadmor_twc_spc	Gadmor_avc_spc,Gadmor_lfc_spc|Gadmor_avo_spc,Gadmor_twc_spc	1
split_pattern_counts	LG02				Gadmor_avc_spc,Gadmor_lfc_spc|Gadmor_avo_spc,Gadmor_two_spc	Gadmor_avc_spc,Gadmor_lfc_spc|Gadmor_avo_spc,Gadmor_two_spc	1
split_pattern_counts	LG02				Gadmor_avc_spc,Gadmor_lfc_spc|Gadmor_bat_spc,Gadmor_bor_spc	Gadmor_avc_spc,Gadmor_bat_spc|Gadmor_bor_spc,Gadmor_lfc_spc	1
split_pattern_counts	LG02				Gadmor_avc_spc,Gadmor_lfc_spc|Gadmor_bat_spc,Gadmor_icc_spc	Gadmor_avc_spc,Gadmor_bat_spc|Gadmor_icc_spc,Gadmor_lfc_spc	1
split_pattern_counts	LG02				Gadmor_avc_spc,Gadmor_lfc_spc|Gadmor_bat_spc,Gadmor_ico_spc	Gadmor_avc_spc,Gadmor_bat_spc|Gadmor_ico_spc,Gadmor_lfc_spc	1
split_pattern_counts	LG02				Gadmor_avc_spc,Gadmor_lfc_spc|Gadmor_bat_spc,Gadmor_lfo_spc	Gadmor_avc_spc,Gadmor_lfo_spc|Gadmor_bat_spc,Gadmor_lfc_spc	1
split_pattern_counts	LG02				Gadmor_avc_spc,Gadmor_lfc_spc|Gadmor_bat_spc,Gadmor_twc_spc	Gadmor_avc_spc,Gadmor_lfc_spc|Gadmor_bat_spc,Gadmor_twc_spc	1
split_pattern_counts	LG02				Gadmor_avc_spc,Gadmor_lfc_spc|Gadmor_bat_spc,Gadmor_two_spc	Gadmor_avc_spc,Gadmor_lfc_spc|Gadmor_bat_spc,Gadmor_two_spc	1
split_pattern_counts	LG02				Gadmor_avc_spc,Gadmor_lfc_spc|Gadmor_bor_spc,Gadmor_icc_spc	Gadmor_avc_spc,Gadmor_icc_spc|Gadmor_bor_spc,Gadmor_lfc_spc	1
split_pattern_counts	LG02				Gadmor_avc_spc,Gadmor_lfc_spc|Gadmor_bor_spc,Gadmor_ico_spc	Gadmor_avc_spc,Gadmor_ico_spc|Gadmor_bor_spc,Gadmor_lfc_spc	1
split_pattern_counts	LG02				Gadmor_avc_spc,Gadmor_lfc_spc|Gadmor_bor_spc,Gadmor_lfo_spc	Gadmor_avc_spc,Gadmor_lfo_spc|Gadmor_bor_spc,Gadmor_lfc_spc	1
split_pattern_counts	LG02				Gadmor_avc_spc,Gadmor_lfc_spc|Gadmor_bor_spc,Gadmor_twc_spc	Gadmor_avc_spc,Gadmor_twc_spc|Gadmor_bor_spc,Gadmor_lfc_spc	1
split_pattern_counts	LG02				Gadmor_avc_spc,Gadmor_lfc_spc|Gadmor_bor_spc,Gadmor_two_spc	Gadmor_avc_spc,Gadmor_two_spc|Gadmor_bor_spc,Gadmor_lfc_spc	1
split_pattern_counts	LG02				Gadmor_avc_spc,Gadmor_lfc_spc|Gadmor_icc_spc,Gadmor_ico_spc	Gadmor_avc_spc,Gadmor_lfc_spc|Gadmor_icc_spc,Gadmor_ico_spc	1
split_pattern_counts	LG02				Gadmor_avc_spc,Gadmor_lfc_spc|Gadmor_icc_spc,Gadmor_lfo_spc	Gadmor_avc_spc,Gadmor_lfo_spc|Gadmor_icc_spc,Gadmor_lfc_spc	1
split_pattern_counts	LG02				Gadmor_avc_spc,Gadmor_lfc_spc|Gadmor_icc_spc,Gadmor_twc_spc	Gadmor_avc_spc,Gadmor_twc_spc|Gadmor_icc_spc,Gadmor_lfc_spc	1
split_pattern_counts	LG02				Gadmor_avc_spc,Gadmor_lfc_spc|Gadmor_icc_spc,Gadmor_two_spc	Gadmor_avc_spc,Gadmor_two_spc|Gadmor_icc_spc,Gadmor_lfc_spc	1
split_pattern_counts	LG02				Gadmor_avc_spc,Gadmor_lfc_spc|Gadmor_ico_spc,Gadmor_lfo_spc	Gadmor_avc_spc,Gadmor_lfo_spc|Gadmor_ico_spc,Gadmor_lfc_spc	1
split_pattern_counts	LG02				Gadmor_avc_spc,Gadmor_lfc_spc|Gadmor_ico_spc,Gadmor_twc_spc	Gadmor_avc_spc,Gadmor_twc_spc|Gadmor_ico_spc,Gadmor_lfc_spc	1
split_pattern_counts	LG02				Gadmor_avc_spc,Gadmor_lfc_spc|Gadmor_ico_spc,Gadmor_two_spc	Gadmor_avc_spc,Gadmor_two_spc|Gadmor_ico_spc,Gadmor_lfc_spc	1
split_pattern_counts	LG02				Gadmor_avc_spc,Gadmor_lfc_spc|Gadmor_lfo_spc,Gadmor_twc_spc	Gadmor_avc_spc,Gadmor_lfo_spc|Gadmor_lfc_spc,Gadmor_twc_spc	1
split_pattern_counts	LG02				Gadmor_avc_spc,Gadmor_lfc_spc|Gadmor_lfo_spc,Gadmor_two_spc	Gadmor_avc_spc,Gadmor_lfo_spc|Gadmor_lfc_spc,Gadmor_two_spc	1
split_pattern_counts	LG02				Gadmor_avc_spc,Gadmor_lfc_spc|Gadmor_twc_spc,Gadmor_two_spc	Gadmor_avc_spc,Gadmor_lfc_spc|Gadmor_twc_spc,Gadmor_two_spc	1
split_pattern_counts	LG02				Gadmor_avc_spc,Gadmor_low_spc|Gadmor_avo_spc,Gadmor_bat_spc	Gadmor_avc_spc,Gadmor_low_spc|Gadmor_avo_spc,Gadmor_bat_spc	1
split_pattern_counts	LG02				Gadmor_avc_spc,Gadmor_low_spc|Gadmor_avo_spc,Gadmor_bor_spc	Gadmor_avc_spc,Gadmor_avo_spc|Gadmor_bor_spc,Gadmor_low_spc	1
split_pattern_counts	LG02				Gadmor_avc_spc,Gadmor_low_spc|Gadmor_avo_spc,Gadmor_icc_spc	Gadmor_avc_spc,Gadmor_avo_spc|Gadmor_icc_spc,Gadmor_low_spc	1
split_pattern_counts	LG02				Gadmor_avc_spc,Gadmor_low_spc|Gadmor_avo_spc,Gadmor_ico_spc	Gadmor_avc_spc,Gadmor_avo_spc|Gadmor_ico_spc,Gadmor_low_spc	1
split_pattern_counts	LG02				Gadmor_avc_spc,Gadmor_low_spc|Gadmor_avo_spc,Gadmor_lfo_spc	Gadmor_avc_spc,Gadmor_lfo_spc|Gadmor_avo_spc,Gadmor_low_spc	1
split_pattern_counts	LG02				Gadmor_avc_spc,Gadmor_low_spc|Gadmor_avo_spc,Gadmor_twc_spc	Gadmor_avc_spc,Gadmor_low_spc|Gadmor_avo_spc,Gadmor_twc_spc	1
split_pattern_counts	LG02				Gadmor_avc_spc,Gadmor_low_spc|Gadmor_avo_spc,Gadmor_two_spc	Gadmor_avc_spc,Gadmor_low_spc|Gadmor_avo_spc,Gadmor_two_spc	1
split_pattern_counts	LG02				Gadmor_avc_spc,Gadmor_low_spc|Gadmor_bat_spc,Gadmor_bor_spc	Gadmor_avc_spc,Gadmor_bat_spc|Gadmor_bor_spc,Gadmor_low_spc	1
split_pattern_counts	LG02				Gadmor_avc_spc,Gadmor_low_spc|Gadmor_bat_spc,Gadmor_icc_spc	Gadmor_avc_spc,Gadmor_bat_spc|Gadmor_icc_spc,Gadmor_low_spc	1
split_pattern_counts	LG02				Gadmor_avc_spc,Gadmor_low_spc|Gadmor_bat_spc,Gadmor_ico_spc	Gadmor_avc_spc,Gadmor_bat_spc|Gadmor_ico_spc,Gadmor_low_spc	1
split_pattern_counts	LG02				Gadmor_avc_spc,Gadmor_low_spc|Gadmor_bat_spc,Gadmor_lfo_spc	Gadmor_avc_spc,Gadmor_lfo_spc|Gadmor_bat_spc,Gadmor_low_spc	1
split_pattern_counts	LG02				Gadmor_avc_spc,Gadmor_low_spc|Gadmor_bat_spc,Gadmor_twc_spc	Gadmor_avc_spc,Gadmor_low_spc|Gadmor_bat_spc,Gadmor_twc_spc	1
split_pattern_counts	LG02				Gadmor_avc_spc,Gadmor_low_spc|Gadmor_bat_spc,Gadmor_two_spc	Gadmor_avc_spc,Gadmor_low_spc|Gadmor_bat_spc,Gadmor_two_spc	1
split_pattern_counts	LG02				Gadmor_avc_spc,Gadmor_low_spc|Gadmor_bor_spc,Gadmor_icc_spc	Gadmor_avc_spc,Gadmor_icc_spc|Gadmor_bor_spc,Gadmor_low_spc	1
split_pattern_counts	LG02				Gadmor_avc_spc,Gadmor_low_spc|Gadmor_bor_spc,Gadmor_ico_spc	Gadmor_avc_spc,Gadmor_ico_spc|Gadmor_bor_spc,Gadmor_low_spc	1
split_pattern_counts	LG02				Gadmor_avc_spc,Gadmor_low_spc|Gadmor_bor_spc,Gadmor_lfo_spc	Gadmor_avc_spc,Gadmor_lfo_spc|Gadmor_bor_spc,Gadmor_low_spc	1
split_pattern_counts	LG02				Gadmor_avc_spc,Gadmor_low_spc|Gadmor_bor_spc,Gadmor_twc_spc	Gadmor_avc_spc,Gadmor_twc_spc|Gadmor_bor_spc,Gadmor_low_spc	1
split_pattern_counts	LG02				Gadmor_avc_spc,Gadmor_low_spc|Gadmor_bor_spc,Gadmor_two_spc	Gadmor_avc_spc,Gadmor_two_spc|Gadmor_bor_spc,Gadmor_low_spc	1
split_pattern_counts	LG02				Gadmor_avc_spc,Gadmor_low_spc|Gadmor_icc_spc,Gadmor_ico_spc	Gadmor_avc_spc,Gadmor_low_spc|Gadmor_icc_spc,Gadmor_ico_spc	1
split_pattern_counts	LG02				Gadmor_avc_spc,Gadmor_low_spc|Gadmor_icc_spc,Gadmor_lfo_spc	Gadmor_avc_spc,Gadmor_lfo_spc|Gadmor_icc_spc,Gadmor_low_spc	1
split_pattern_counts	LG02				Gadmor_avc_spc,Gadmor_low_spc|Gadmor_icc_spc,Gadmor_twc_spc	Gadmor_avc_spc,Gadmor_twc_spc|Gadmor_icc_spc,Gadmor_low_spc	1
split_pattern_counts	LG02				Gadmor_avc_spc,Gadmor_low_spc|Gadmor_icc_spc,Gadmor_two_spc	Gadmor_avc_spc,Gadmor_two_spc|Gadmor_icc_spc,Gadmor_low_spc	1
split_pattern_counts	LG02				Gadmor_avc_spc,Gadmor_low_spc|Gadmor_ico_spc,Gadmor_lfo_spc	Gadmor_avc_spc,Gadmor_lfo_spc|Gadmor_ico_spc,Gadmor_low_spc	1
split_pattern_counts	LG02				Gadmor_avc_spc,Gadmor_low_spc|Gadmor_ico_spc,Gadmor_twc_spc	Gadmor_avc_spc,Gadmor_twc_spc|Gadmor_ico_spc,Gadmor_low_spc	1
split_pattern_counts	LG02				Gadmor_avc_spc,Gadmor_low_spc|Gadmor_ico_spc,Gadmor_two_spc	Gadmor_avc_spc,Gadmor_two_spc|Gadmor_ico_spc,Gadmor_low_spc	1
split_pattern_counts	LG02				Gadmor_avc_spc,Gadmor_low_spc|Gadmor_lfo_spc,Gadmor_twc_spc	Gadmor_avc_spc,Gadmor_lfo_spc|Gadmor_low_spc,Gadmor_twc_spc	1
split_pattern_counts	LG02				Gadmor_avc_spc,Gadmor_low_spc|Gadmor_lfo_spc,Gadmor_two_spc	Gadmor_avc_spc,Gadmor_lfo_spc|Gadmor_low_spc,Gadmor_two_spc	1
split_pattern_counts	LG02				Gadmor_avc_spc,Gadmor_low_spc|Gadmor_twc_spc,Gadmor_two_spc	Gadmor_avc_spc,Gadmor_low_spc|Gadmor_twc_spc,Gadmor_two_spc	1
split_pattern_counts	LG02				Gadmor_avo_spc,Gadmor_bat_spc|Gadmor_kie_spc,Gadmor_lfc_spc	Gadmor_avo_spc,Gadmor_bat_spc|Gadmor_kie_spc,Gadmor_lfc_spc	1
split_pattern_counts	LG02				Gadmor_avo_spc,Gadmor_bat_spc|Gadmor_kie_spc,Gadmor_low_spc	Gadmor_avo_spc,Gadmor_bat_spc|Gadmor_kie_spc,Gadmor_low_spc	1
split_pattern_counts	LG02				Gadmor_avo_spc,Gadmor_bat_spc|Gadmor_lfc_spc,Gadmor_low_spc	Gadmor_avo_spc,Gadmor_bat_spc|Gadmor_lfc_spc,Gadmor_low_spc	1
split_pattern_counts	LG02				Gadmor_avo_spc,Gadmor_bor_spc|Gadmor_kie_spc,Gadmor_lfc_spc	Gadmor_avo_spc,Gadmor_lfc_spc|Gadmor_bor_spc,Gadmor_kie_spc	1
split_pattern_counts	LG02				Gadmor_avo_spc,Gadmor_bor_spc|Gadmor_kie_spc,Gadmor_low_spc	Gadmor_avo_spc,Gadmor_low_spc|Gadmor_bor_spc,Gadmor_kie_spc	1
split_pattern_counts	LG02				Gadmor_avo_spc,Gadmor_bor_spc|Gadmor_lfc_spc,Gadmor_low_spc	Gadmor_avo_spc,Gadmor_bor_spc|Gadmor_lfc_spc,Gadmor_low_spc	1
split_pattern_counts	LG02				Gadmor_avo_spc,Gadmor_icc_spc|Gadmor_kie_spc,Gadmor_lfc_spc	Gadmor_avo_spc,Gadmor_icc_spc|Gadmor_kie_spc,Gadmor_lfc_spc	1
split_pattern_counts	LG02				Gadmor_avo_spc,Gadmor_icc_spc|Gadmor_kie_spc,Gadmor_low_spc	Gadmor_avo_spc,Gadmor_icc_spc|Gadmor_kie_spc,Gadmor_low_spc	1
split_pattern_counts	LG02				Gadmor_avo_spc,Gadmor_icc_spc|Gadmor_lfc_spc,Gadmor_low_spc	Gadmor_avo_spc,Gadmor_icc_spc|Gadmor_lfc_spc,Gadmor_low_spc	1
split_pattern_counts	LG02				Gadmor_avo_spc,Gadmor_ico_spc|Gadmor_kie_spc,Gadmor_lfc_spc	Gadmor_avo_spc,Gadmor_ico_spc|Gadmor_kie_spc,Gadmor_lfc_spc	1
split_pattern_counts	LG02				Gadmor_avo_spc,Gadmor_ico_spc|Gadmor_kie_spc,Gadmor_low_spc	Gadmor_avo_spc,Gadmor_ico_spc|Gadmor_kie_spc,Gadmor_low_spc	1
split_pattern_counts	LG02				Gadmor_avo_spc,Gadmor_ico_spc|Gadmor_lfc_spc,Gadmor_low_spc	Gadmor_avo_spc,Gadmor_ico_spc|Gadmor_lfc_spc,Gadmor_low_spc	1
split_pattern_counts	LG02				Gadmor_avo_spc,Gadmor_lfo_spc|Gadmor_kie_spc,Gadmor_lfc_spc	Gadmor_avo_spc,Gadmor_lfo_spc|Gadmor_kie_spc,Gadmor_lfc_spc	1
split_pattern_counts	LG02				Gadmor_avo_spc,Gadmor_lfo_spc|Gadmor_kie_spc,Gadmor_low_spc	Gadmor_avo_spc,Gadmor_lfo_spc|Gadmor_kie_spc,Gadmor_low_spc	1
split_pattern_counts	LG02				Gadmor_avo_spc,Gadmor_lfo_spc|Gadmor_lfc_spc,Gadmor_low_spc	Gadmor_avo_spc,Gadmor_lfo_spc|Gadmor_lfc_spc,Gadmor_low_spc	1
split_pattern_counts	LG02				Gadmor_avo_spc,Gadmor_twc_spc|Gadmor_kie_spc,Gadmor_lfc_spc	Gadmor_avo_spc,Gadmor_twc_spc|Gadmor_kie_spc,Gadmor_lfc_spc	1
split_pattern_counts	LG02				Gadmor_avo_spc,Gadmor_twc_spc|Gadmor_kie_spc,Gadmor_low_spc	Gadmor_avo_spc,Gadmor_twc_spc|Gadmor_kie_spc,Gadmor_low_spc	1
split_pattern_counts	LG02				Gadmor_avo_spc,Gadmor_twc_spc|Gadmor_lfc_spc,Gadmor_low_spc	Gadmor_avo_spc,Gadmor_twc_spc|Gadmor_lfc_spc,Gadmor_low_spc	1
split_pattern_counts	LG02				Gadmor_avo_spc,Gadmor_two_spc|Gadmor_kie_spc,Gadmor_lfc_spc	Gadmor_avo_spc,Gadmor_two_spc|Gadmor_kie_spc,Gadmor_lfc_spc	1
split_pattern_counts	LG02				Gadmor_avo_spc,Gadmor_two_spc|Gadmor_kie_spc,Gadmor_low_spc	Gadmor_avo_spc,Gadmor_two_spc|Gadmor_kie_spc,Gadmor_low_spc	1
split_pattern_counts	LG02				Gadmor_avo_spc,Gadmor_two_spc|Gadmor_lfc_spc,Gadmor_low_spc	Gadmor_avo_spc,Gadmor_two_spc|Gadmor_lfc_spc,Gadmor_low_spc	1
split_pattern_counts	LG02				Gadmor_bat_spc,Gadmor_bor_spc|Gadmor_kie_spc,Gadmor_lfc_spc	Gadmor_bat_spc,Gadmor_lfc_spc|Gadmor_bor_spc,Gadmor_kie_spc	1
split_pattern_counts	LG02				Gadmor_bat_spc,Gadmor_bor_spc|Gadmor_kie_spc,Gadmor_low_spc	Gadmor_bat_spc,Gadmor_low_spc|Gadmor_bor_spc,Gadmor_kie_spc	1
split_pattern_counts	LG02				Gadmor_bat_spc,Gadmor_bor_spc|Gadmor_lfc_spc,Gadmor_low_spc	Gadmor_bat_spc,Gadmor_bor_spc|Gadmor_lfc_spc,Gadmor_low_spc	1
split_pattern_counts	LG02				Gadmor_bat_spc,Gadmor_icc_spc|Gadmor_kie_spc,Gadmor_lfc_spc	Gadmor_bat_spc,Gadmor_icc_spc|Gadmor_kie_spc,Gadmor_lfc_spc	1
split_pattern_counts	LG02				Gadmor_bat_spc,Gadmor_icc_spc|Gadmor_kie_spc,Gadmor_low_spc	Gadmor_bat_spc,Gadmor_icc_spc|Gadmor_kie_spc,Gadmor_low_spc	1
split_pattern_counts	LG02				Gadmor_bat_spc,Gadmor_icc_spc|Gadmor_lfc_spc,Gadmor_low_spc	Gadmor_bat_spc,Gadmor_icc_spc|Gadmor_lfc_spc,Gadmor_low_spc	1
split_pattern_counts	LG02				Gadmor_bat_spc,Gadmor_ico_spc|Gadmor_kie_spc,Gadmor_lfc_spc	Gadmor_bat_spc,Gadmor_ico_spc|Gadmor_kie_spc,Gadmor_lfc_spc	1
split_pattern_counts	LG02				Gadmor_bat_spc,Gadmor_ico_spc|Gadmor_kie_spc,Gadmor_low_spc	Gadmor_bat_spc,Gadmor_ico_spc|Gadmor_kie_spc,Gadmor_low_spc	1
split_pattern_counts	LG02				Gadmor_bat_spc,Gadmor_ico_spc|Gadmor_lfc_spc,Gadmor_low_spc	Gadmor_bat_spc,Gadmor_ico_spc|Gadmor_lfc_spc,Gadmor_low_spc	1
split_pattern_counts	LG02				Gadmor_bat_spc,Gadmor_lfo_spc|Gadmor_kie_spc,Gadmor_lfc_spc	Gadmor_bat_spc,Gadmor_lfo_spc|Gadmor_kie_spc,Gadmor_lfc_spc	1
split_pattern_counts	LG02				Gadmor_bat_spc,Gadmor_lfo_spc|Gadmor_kie_spc,Gadmor_low_spc	Gadmor_bat_spc,Gadmor_lfo_spc|Gadmor_kie_spc,Gadmor_low_spc	1
split_pattern_counts	LG02				Gadmor_bat_spc,Gadmor_lfo_spc|Gadmor_lfc_spc,Gadmor_low_spc	Gadmor_bat_spc,Gadmor_lfo_spc|Gadmor_lfc_spc,Gadmor_low_spc	1
split_pattern_counts	LG02				Gadmor_bat_spc,Gadmor_twc_spc|Gadmor_kie_spc,Gadmor_lfc_spc	Gadmor_bat_spc,Gadmor_twc_spc|Gadmor_kie_spc,Gadmor_lfc_spc	1
split_pattern_counts	LG02				Gadmor_bat_spc,Gadmor_twc_spc|Gadmor_kie_spc,Gadmor_low_spc	Gadmor_bat_spc,Gadmor_twc_spc|Gadmor_kie_spc,Gadmor_low_spc	1
split_pattern_counts	LG02				Gadmor_bat_spc,Gadmor_twc_spc|Gadmor_lfc_spc,Gadmor_low_spc	Gadmor_bat_spc,Gadmor_twc_spc|Gadmor_lfc_spc,Gadmor_low_spc	1
split_pattern_counts	LG02				Gadmor_bat_spc,Gadmor_two_spc|Gadmor_kie_spc,Gadmor_lfc_spc	Gadmor_bat_spc,Gadmor_two_spc|Gadmor_kie_spc,Gadmor_lfc_spc	1
split_pattern_counts	LG02				Gadmor_bat_spc,Gadmor_two_spc|Gadmor_kie_spc,Gadmor_low_spc	Gadmor_bat_spc,Gadmor_two_spc|Gadmor_kie_spc,Gadmor_low_spc	1
split_pattern_counts	LG02				Gadmor_bat_spc,Gadmor_two_spc|Gadmor_lfc_spc,Gadmor_low_spc	Gadmor_bat_spc,Gadmor_two_spc|Gadmor_lfc_spc,Gadmor_low_spc	1
split_pattern_counts	LG02				Gadmor_bor_spc,Gadmor_icc_spc|Gadmor_kie_spc,Gadmor_lfc_spc	Gadmor_bor_spc,Gadmor_kie_spc|Gadmor_icc_spc,Gadmor_lfc_spc	1
split_pattern_counts	LG02				Gadmor_bor_spc,Gadmor_icc_spc|Gadmor_kie_spc,Gadmor_low_spc	Gadmor_bor_spc,Gadmor_kie_spc|Gadmor_icc_spc,Gadmor_low_spc	1
split_pattern_counts	LG02				Gadmor_bor_spc,Gadmor_icc_spc|Gadmor_lfc_spc,Gadmor_low_spc	Gadmor_bor_spc,Gadmor_icc_spc|Gadmor_lfc_spc,Gadmor_low_spc	1
split_pattern_counts	LG02				Gadmor_bor_spc,Gadmor_ico_spc|Gadmor_kie_spc,Gadmor_lfc_spc	Gadmor_bor_spc,Gadmor_kie_spc|Gadmor_ico_spc,Gadmor_lfc_spc	1
split_pattern_counts	LG02				Gadmor_bor_spc,Gadmor_ico_spc|Gadmor_kie_spc,Gadmor_low_spc	Gadmor_bor_spc,Gadmor_kie_spc|Gadmor_ico_spc,Gadmor_low_spc	1
split_pattern_counts	LG02				Gadmor_bor_spc,Gadmor_ico_spc|Gadmor_lfc_spc,Gadmor_low_spc	Gadmor_bor_spc,Gadmor_ico_spc|Gadmor_lfc_spc,Gadmor_low_spc	1
split_pattern_counts	LG02				Gadmor_bor_spc,Gadmor_lfo_spc|Gadmor_kie_spc,Gadmor_lfc_spc	Gadmor_bor_spc,Gadmor_kie_spc|Gadmor_lfc_spc,Gadmor_lfo_spc	1
split_pattern_counts	LG02				Gadmor_bor_spc,Gadmor_lfo_spc|Gadmor_kie_spc,Gadmor_low_spc	Gadmor_bor_spc,Gadmor_kie_spc|Gadmor_lfo_spc,Gadmor_low_spc	1
split_pattern_counts	LG02				Gadmor_bor_spc,Gadmor_lfo_spc|Gadmor_lfc_spc,Gadmor_low_spc	Gadmor_bor_spc,Gadmor_lfo_spc|Gadmor_lfc_spc,Gadmor_low_spc	1
split_pattern_counts	LG02				Gadmor_bor_spc,Gadmor_twc_spc|Gadmor_kie_spc,Gadmor_lfc_spc	Gadmor_bor_spc,Gadmor_kie_spc|Gadmor_lfc_spc,Gadmor_twc_spc	1
split_pattern_counts	LG02				Gadmor_bor_spc,Gadmor_twc_spc|Gadmor_kie_spc,Gadmor_low_spc	Gadmor_bor_spc,Gadmor_kie_spc|Gadmor_low_spc,Gadmor_twc_spc	1
split_pattern_counts	LG02				Gadmor_bor_spc,Gadmor_twc_spc|Gadmor_lfc_spc,Gadmor_low_spc	Gadmor_bor_spc,Gadmor_twc_spc|Gadmor_lfc_spc,Gadmor_low_spc	1
split_pattern_counts	LG02				Gadmor_bor_spc,Gadmor_two_spc|Gadmor_kie_spc,Gadmor_lfc_spc	Gadmor_bor_spc,Gadmor_kie_spc|Gadmor_lfc_spc,Gadmor_two_spc	1
split_pattern_counts	LG02				Gadmor_bor_spc,Gadmor_two_spc|Gadmor_kie_spc,Gadmor_low_spc	Gadmor_bor_spc,Gadmor_kie_spc|Gadmor_low_spc,Gadmor_two_spc	1
split_pattern_counts	LG02				Gadmor_bor_spc,Gadmor_two_spc|Gadmor_lfc_spc,Gadmor_low_spc	Gadmor_bor_spc,Gadmor_two_spc|Gadmor_lfc_spc,Gadmor_low_spc	1
split_pattern_counts	LG02				Gadmor_icc_spc,Gadmor_ico_spc|Gadmor_kie_spc,Gadmor_lfc_spc	Gadmor_icc_spc,Gadmor_ico_spc|Gadmor_kie_spc,Gadmor_lfc_spc	1
split_pattern_counts	LG02				Gadmor_icc_spc,Gadmor_ico_spc|Gadmor_kie_spc,Gadmor_low_spc	Gadmor_icc_spc,Gadmor_ico_spc|Gadmor_kie_spc,Gadmor_low_spc	1
split_pattern_counts	LG02				Gadmor_icc_spc,Gadmor_ico_spc|Gadmor_lfc_spc,Gadmor_low_spc	Gadmor_icc_spc,Gadmor_ico_spc|Gadmor_lfc_spc,Gadmor_low_spc	1
split_pattern_counts	LG02				Gadmor_icc_spc,Gadmor_lfo_spc|Gadmor_kie_spc,Gadmor_lfc_spc	Gadmor_icc_spc,Gadmor_lfo_spc|Gadmor_kie_spc,Gadmor_lfc_spc	1
split_pattern_counts	LG02				Gadmor_icc_spc,Gadmor_lfo_spc|Gadmor_kie_spc,Gadmor_low_spc	Gadmor_icc_spc,Gadmor_lfo_spc|Gadmor_kie_spc,Gadmor_low_spc	1
split_pattern_counts	LG02				Gadmor_icc_spc,Gadmor_lfo_spc|Gadmor_lfc_spc,Gadmor_low_spc	Gadmor_icc_spc,Gadmor_lfo_spc|Gadmor_lfc_spc,Gadmor_low_spc	1
split_pattern_counts	LG02				Gadmor_icc_spc,Gadmor_twc_spc|Gadmor_kie_spc,Gadmor_lfc_spc	Gadmor_icc_spc,Gadmor_twc_spc|Gadmor_kie_spc,Gadmor_lfc_spc	1
split_pattern_counts	LG02				Gadmor_icc_spc,Gadmor_twc_spc|Gadmor_kie_spc,Gadmor_low_spc	Gadmor_icc_spc,Gadmor_twc_spc|Gadmor_kie_spc,Gadmor_low_spc	1
split_pattern_counts	LG02				Gadmor_icc_spc,Gadmor_twc_spc|Gadmor_lfc_spc,Gadmor_low_spc	Gadmor_icc_spc,Gadmor_twc_spc|Gadmor_lfc_spc,Gadmor_low_spc	1
split_pattern_counts	LG02				Gadmor_icc_spc,Gadmor_two_spc|Gadmor_kie_spc,Gadmor_lfc_spc	Gadmor_icc_spc,Gadmor_two_spc|Gadmor_kie_spc,Gadmor_lfc_spc	1
split_pattern_counts	LG02				Gadmor_icc_spc,Gadmor_two_spc|Gadmor_kie_spc,Gadmor_low_spc	Gadmor_icc_spc,Gadmor_two_spc|Gadmor_kie_spc,Gadmor_low_spc	1
split_pattern_counts	LG02				Gadmor_icc_spc,Gadmor_two_spc|Gadmor_lfc_spc,Gadmor_low_spc	Gadmor_icc_spc,Gadmor_two_spc|Gadmor_lfc_spc,Gadmor_low_spc	1
split_pattern_counts	LG02				Gadmor_ico_spc,Gadmor_lfo_spc|Gadmor_kie_spc,Gadmor_lfc_spc	Gadmor_ico_spc,Gadmor_lfo_spc|Gadmor_kie_spc,Gadmor_lfc_spc	1
split_pattern_counts	LG02				Gadmor_ico_spc,Gadmor_lfo_spc|Gadmor_kie_spc,Gadmor_low_spc	Gadmor_ico_spc,Gadmor_lfo_spc|Gadmor_kie_spc,Gadmor_low_spc	1
split_pattern_counts	LG02				Gadmor_ico_spc,Gadmor_lfo_spc|Gadmor_lfc_spc,Gadmor_low_spc	Gadmor_ico_spc,Gadmor_lfo_spc|Gadmor_lfc_spc,Gadmor_low_spc	1
split_pattern_counts	LG02				Gadmor_ico_spc,Gadmor_twc_spc|Gadmor_kie_spc,Gadmor_lfc_spc	Gadmor_ico_spc,Gadmor_twc_spc|Gadmor_kie_spc,Gadmor_lfc_spc	1
split_pattern_counts	LG02				Gadmor_ico_spc,Gadmor_twc_spc|Gadmor_kie_spc,Gadmor_low_spc	Gadmor_ico_spc,Gadmor_twc_spc|Gadmor_kie_spc,Gadmor_low_spc	1
split_pattern_counts	LG02				Gadmor_ico_spc,Gadmor_twc_spc|Gadmor_lfc_spc,Gadmor_low_spc	Gadmor_ico_spc,Gadmor_twc_spc|Gadmor_lfc_spc,Gadmor_low_spc	1
split_pattern_counts	LG02				Gadmor_ico_spc,Gadmor_two_spc|Gadmor_kie_spc,Gadmor_lfc_spc	Gadmor_ico_spc,Gadmor_two_spc|Gadmor_kie_spc,Gadmor_lfc_spc	1
split_pattern_counts	LG02				Gadmor_ico_spc,Gadmor_two_spc|Gadmor_kie_spc,Gadmor_low_spc	Gadmor_ico_spc,Gadmor_two_spc|Gadmor_kie_spc,Gadmor_low_spc	1
split_pattern_counts	LG02				Gadmor_ico_spc,Gadmor_two_spc|Gadmor_lfc_spc,Gadmor_low_spc	Gadmor_ico_spc,Gadmor_two_spc|Gadmor_lfc_spc,Gadmor_low_spc	1
split_pattern_counts	LG02				Gadmor_kie_spc,Gadmor_lfc_spc|Gadmor_lfo_spc,Gadmor_twc_spc	Gadmor_kie_spc,Gadmor_lfc_spc|Gadmor_lfo_spc,Gadmor_twc_spc	1
split_pattern_counts	LG02				Gadmor_kie_spc,Gadmor_lfc_spc|Gadmor_lfo_spc,Gadmor_two_spc	Gadmor_kie_spc,Gadmor_lfc_spc|Gadmor_lfo_spc,Gadmor_two_spc	1
split_pattern_counts	LG02				Gadmor_kie_spc,Gadmor_lfc_spc|Gadmor_twc_spc,Gadmor_two_spc	Gadmor_kie_spc,Gadmor_lfc_spc|Gadmor_twc_spc,Gadmor_two_spc	1
split_pattern_counts	LG02				Gadmor_kie_spc,Gadmor_low_spc|Gadmor_lfo_spc,Gadmor_twc_spc	Gadmor_kie_spc,Gadmor_low_spc|Gadmor_lfo_spc,Gadmor_twc_spc	1
split_pattern_counts	LG02				Gadmor_kie_spc,Gadmor_low_spc|Gadmor_lfo_spc,Gadmor_two_spc	Gadmor_kie_spc,Gadmor_low_spc|Gadmor_lfo_spc,Gadmor_two_spc	1
split_pattern_counts	LG02				Gadmor_kie_spc,Gadmor_low_spc|Gadmor_twc_spc,Gadmor_two_spc	Gadmor_kie_spc,Gadmor_low_spc|Gadmor_twc_spc,Gadmor_two_spc	1
split_pattern_counts	LG02				Gadmor_lfc_spc,Gadmor_low_spc|Gadmor_lfo_spc,Gadmor_twc_spc	Gadmor_lfc_spc,Gadmor_low_spc|Gadmor_lfo_spc,Gadmor_twc_spc	1
split_pattern_counts	LG02				Gadmor_lfc_spc,Gadmor_low_spc|Gadmor_lfo_spc,Gadmor_two_spc	Gadmor_lfc_spc,Gadmor_low_spc|Gadmor_lfo_spc,Gadmor_two_spc	1
split_pattern_counts	LG02				Gadmor_lfc_spc,Gadmor_low_spc|Gadmor_twc_spc,Gadmor_two_spc	Gadmor_lfc_spc,Gadmor_low_spc|Gadmor_twc_spc,Gadmor_two_spc	1
population_counts	LG07	Gadmor_avc_spc	84	66			
population_counts	LG07	Gadmor_avo_spc	84	66			
population_counts	LG07	Gadmor_bat_spc	60	30			
population_counts	LG07	Gadmor_bor_spc	84	40			
population_counts	LG07	Gadmor_icc_spc	60	36			
population_counts	LG07	Gadmor_ico_spc	60	36			
population_counts	LG07	Gadmor_kie_spc	84	40			
population_counts	LG07	Gadmor_lfc_spc	60	52			
population_counts	LG07	Gadmor_lfo_spc	60	44			
population_counts	LG07	Gadmor_low_spc	84	46			
population_counts	LG07	Gadmor_twc_spc	60	30			
population_counts	LG07	Gadmor_two_spc	60	30			
split_pattern_counts	LG07				Gadmor_avc_spc,Gadmor_avo_spc|Gadmor_bat_spc,Gadmor_icc_spc	Gadmor_avc_spc,Gadmor_icc_spc|Gadmor_avo_spc,Gadmor_bat_spc	1
split_pattern_counts	LG07				Gadmor_avc_spc,Gadmor_avo_spc|Gadmor_bat_spc,Gadmor_ico_spc	Gadmor_avc_spc,Gadmor_ico_spc|Gadmor_avo_spc,Gadmor_bat_spc	1
split_pattern_counts	LG07				Gadmor_avc_spc,Gadmor_avo_spc|Gadmor_bat_spc,Gadmor_lfc_spc	Gadmor_avc_spc,Gadmor_lfc_spc|Gadmor_avo_spc,Gadmor_bat_spc	1
split_pattern_counts	LG07				Gadmor_avc_spc,Gadmor_avo_spc|Gadmor_bat_spc,Gadmor_lfo_spc	Gadmor_avc_spc,Gadmor_lfo_spc|Gadmor_avo_spc,Gadmor_bat_spc	1
split_pattern_counts	LG07				Gadmor_avc_spc,Gadmor_avo_spc|Gadmor_bat_spc,Gadmor_twc_spc	Gadmor_avc_spc,Gadmor_avo_spc|Gadmor_bat_spc,Gadmor_twc_spc	1
split_pattern_counts	LG07				Gadmor_avc_spc,Gadmor_avo_spc|Gadmor_bat_spc,Gadmor_two_spc	Gadmor_avc_spc,Gadmor_avo_spc|Gadmor_bat_spc,Gadmor_two_spc	1
split_pattern_counts	LG07				Gadmor_avc_spc,Gadmor_avo_spc|Gadmor_icc_spc,Gadmor_ico_spc	Gadmor_avc_spc,Gadmor_avo_spc|Gadmor_icc_spc,Gadmor_ico_spc	1
split_pattern_counts	LG07				Gadmor_avc_spc,Gadmor_avo_spc|Gadmor_icc_spc,Gadmor_lfc_spc	Gadmor_avc_spc,Gadmor_avo_spc|Gadmor_icc_spc,Gadmor_lfc_spc	1
split_pattern_counts	LG07				Gadmor_avc_spc,Gadmor_avo_spc|Gadmor_icc_spc,Gadmor_lfo_spc	Gadmor_avc_spc,Gadmor_lfo_spc|Gadmor_avo_spc,Gadmor_icc_spc	1
split_pattern_counts	LG07				Gadmor_avc_spc,Gadmor_avo_spc|Gadmor_icc_spc,Gadmor_twc_spc	Gadmor_avc_spc,Gadmor_icc_spc|Gadmor_avo_spc,Gadmor_twc_spc	1
split_pattern_counts	LG07				Gadmor_avc_spc,Gadmor_avo_spc|Gadmor_icc_spc,Gadmor_two_spc	Gadmor_avc_spc,Gadmor_icc_spc|Gadmor_avo_spc,Gadmor_two_spc	1
split_pattern_counts	LG07				Gadmor_avc_spc,Gadmor_avo_spc|Gadmor_ico_spc,Gadmor_lfc_spc	Gadmor_avc_spc,Gadmor_avo_spc|Gadmor_ico_spc,Gadmor_lfc_spc	1
split_pattern_counts	LG07				Gadmor_avc_spc,Gadmor_avo_spc|Gadmor_ico_spc,Gadmor_lfo_spc	Gadmor_avc_spc,Gadmor_lfo_spc|Gadmor_avo_spc,Gadmor_ico_spc	1
split_pattern_counts	LG07				Gadmor_avc_spc,Gadmor_avo_spc|Gadmor_ico_spc,Gadmor_twc_spc	Gadmor_avc_spc,Gadmor_ico_spc|Gadmor_avo_spc,Gadmor_twc_spc	1
split_pattern_counts	LG07				Gadmor_avc_spc,Gadmor_avo_spc|Gadmor_ico_spc,Gadmor_two_spc	Gadmor_avc_spc,Gadmor_ico_spc|Gadmor_avo_spc,Gadmor_two_spc	1
split_pattern_counts	LG07				Gadmor_avc_spc,Gadmor_avo_spc|Gadmor_lfc_spc,Gadmor_lfo_spc	Gadmor_avc_spc,Gadmor_lfo_spc|Gadmor_avo_spc,Gadmor_lfc_spc	1
split_pattern_counts	LG07				Gadmor_avc_spc,Gadmor_avo_spc|Gadmor_lfc_spc,Gadmor_twc_spc	Gadmor_avc_spc,Gadmor_lfc_spc|Gadmor_avo_spc,Gadmor_twc_spc	1
split_pattern_counts	LG07				Gadmor_avc_spc,Gadmor_avo_spc|Gadmor_lfc_spc,Gadmor_two_spc	Gadmor_avc_spc,Gadmor_lfc_spc|Gadmor_avo_spc,Gadmor_two_spc	1
split_pattern_counts	LG07				Gadmor_avc_spc,Gadmor_avo_spc|Gadmor_lfo_spc,Gadmor_twc_spc	Gadmor_avc_spc,Gadmor_lfo_spc|Gadmor_avo_spc,Gadmor_twc_spc	1
split_pattern_counts	LG07				Gadmor_avc_spc,Gadmor_avo_spc|Gadmor_lfo_spc,Gadmor_two_spc	Gadmor_avc_spc,Gadmor_lfo_spc|Gadmor_avo_spc,Gadmor_two_spc	1
split_pattern_counts	LG07				Gadmor_avc_spc,Gadmor_avo_spc|Gadmor_twc_spc,Gadmor_two_spc	Gadmor_avc_spc,Gadmor_avo_spc|Gadmor_twc_spc,Gadmor_two_spc	1
split_pattern_counts	LG07				Gadmor_avc_spc,Gadmor_bor_spc|Gadmor_bat_spc,Gadmor_icc_spc	Gadmor_avc_spc,Gadmor_bat_spc|Gadmor_bor_spc,Gadmor_icc_spc	1
split_pattern_counts	LG07				Gadmor_avc_spc,Gadmor_bor_spc|Gadmor_bat_spc,Gadmor_ico_spc	Gadmor_avc_spc,Gadmor_bat_spc|Gadmor_bor_spc,Gadmor_ico_spc	1
split_pattern_counts	LG07				Gadmor_avc_spc,Gadmor_bor_spc|Gadmor_bat_spc,Gadmor_lfc_spc	Gadmor_avc_spc,Gadmor_bat_spc|Gadmor_bor_spc,Gadmor_lfc_spc	1
split_pattern_counts	LG07				Gadmor_avc_spc,Gadmor_bor_spc|Gadmor_bat_spc,Gadmor_lfo_spc	Gadmor_avc_spc,Gadmor_lfo_spc|Gadmor_bat_spc,Gadmor_bor_spc	1
split_pattern_counts	LG07				Gadmor_avc_spc,Gadmor_bor_spc|Gadmor_bat_spc,Gadmor_twc_spc	Gadmor_avc_spc,Gadmor_bor_spc|Gadmor_bat_spc,Gadmor_twc_spc	1
split_pattern_counts	LG07				Gadmor_avc_spc,Gadmor_bor_spc|Gadmor_bat_spc,Gadmor_two_spc	Gadmor_avc_spc,Gadmor_bor_spc|Gadmor_bat_spc,Gadmor_two_spc	1
split_pattern_counts	LG07				Gadmor_avc_spc,Gadmor_bor_spc|Gadmor_icc_spc,Gadmor_ico_spc	Gadmor_avc_spc,Gadmor_bor_spc|Gadmor_icc_spc,Gadmor_ico_spc	1
split_pattern_counts	LG07				Gadmor_avc_spc,Gadmor_bor_spc|Gadmor_icc_spc,Gadmor_lfc_spc	Gadmor_avc_spc,Gadmor_icc_spc|Gadmor_bor_spc,Gadmor_lfc_spc	1
split_pattern_counts	LG07				Gadmor_avc_spc,Gadmor_bor_spc|Gadmor_icc_spc,Gadmor_lfo_spc	Gadmor_avc_spc,Gadmor_lfo_spc|Gadmor_bor_spc,Gadmor_icc_spc	1
split_pattern_counts	LG07				Gadmor_avc_spc,Gadmor_bor_spc|Gadmor_icc_spc,Gadmor_twc_spc	Gadmor_avc_spc,Gadmor_twc_spc|Gadmor_bor_spc,Gadmor_icc_spc	1
split_pattern_counts	LG07				Gadmor_avc_spc,Gadmor_bor_spc|Gadmor_icc_spc,Gadmor_two_spc	Gadmor_avc_spc,Gadmor_two_spc|Gadmor_bor_spc,Gadmor_icc_spc	1
split_pattern_counts	LG07				Gadmor_avc_spc,Gadmor_bor_spc|Gadmor_ico_spc,Gadmor_lfc_spc	Gadmor_avc_spc,Gadmor_ico_spc|Gadmor_bor_spc,Gadmor_lfc_spc	1
split_pattern_counts	LG07				Gadmor_avc_spc,Gadmor_bor_spc|Gadmor_ico_spc,Gadmor_lfo_spc	Gadmor_avc_spc,Gadmor_lfo_spc|Gadmor_bor_spc,Gadmor_ico_spc	1
split_pattern_counts	LG07				Gadmor_avc_spc,Gadmor_bor_spc|Gadmor_ico_spc,Gadmor_twc_spc	Gadmor_avc_spc,Gadmor_twc_spc|Gadmor_bor_spc,Gadmor_ico_spc	1
split_pattern_counts	LG07				Gadmor_avc_spc,Gadmor_bor_spc|Gadmor_ico_spc,Gadmor_two_spc	Gadmor_avc_spc,Gadmor_two_spc|Gadmor_bor_spc,Gadmor_ico_spc	1
split_pattern_counts	LG07				Gadmor_avc_spc,Gadmor_bor_spc|Gadmor_lfc_spc,Gadmor_lfo_spc	Gadmor_avc_spc,Gadmor_lfo_spc|Gadmor_bor_spc,Gadmor_lfc_spc	1
split_pattern_counts	LG07				Gadmor_avc_spc,Gadmor_bor_spc|Gadmor_lfc_spc,Gadmor_twc_spc	Gadmor_avc_spc,Gadmor_twc_spc|Gadmor_bor_spc,Gadmor_lfc_spc	1
split_pattern_counts	LG07				Gadmor_avc_spc,Gadmor_bor_spc|Gadmor_lfc_spc,Gadmor_two_spc	Gadmor_avc_spc,Gadmor_two_spc|Gadmor_bor_spc,Gadmor_lfc_spc	1
split_pattern_counts	LG07				Gadmor_avc_spc,Gadmor_bor_spc|Gadmor_lfo_spc,Gadmor_twc_spc	Gadmor_avc_spc,Gadmor_lfo_spc|Gadmor_bor_spc,Gadmor_twc_spc	1
split_pattern_counts	LG07				Gadmor_avc_spc,Gadmor_bor_spc|Gadmor_lfo_spc,Gadmor_two_spc	Gadmor_avc_spc,Gadmor_lfo_spc|Gadmor_bor_spc,Gadmor_two_spc	1
split_pattern_counts	LG07				Gadmor_avc_spc,Gadmor_bor_spc|Gadmor_twc_spc,Gadmor_two_spc	Gadmor_avc_spc,Gadmor_bor_spc|Gadmor_twc_spc,Gadmor_two_spc	1
split_pattern_counts	LG07				Gadmor_avc_spc,Gadmor_kie_spc|Gadmor_bat_spc,Gadmor_icc_spc	Gadmor_avc_spc,Gadmor_bat_spc|Gadmor_icc_spc,Gadmor_kie_spc	1
split_pattern_counts	LG07				Gadmor_avc_spc,Gadmor_kie_spc|Gadmor_bat_spc,Gadmor_ico_spc	Gadmor_avc_spc,Gadmor_bat_spc|Gadmor_ico_spc,Gadmor_kie_spc	1
split_pattern_counts	LG07				Gadmor_avc_spc,Gadmor_kie_spc|Gadmor_bat_spc,Gadmor_lfc_spc	Gadmor_avc_spc,Gadmor_bat_spc|Gadmor_kie_spc,Gadmor_lfc_spc	1
split_pattern_counts	LG07				Gadmor_avc_spc,Gadmor_kie_spc|Gadmor_bat_spc,Gadmor_lfo_spc	Gadmor_avc_spc,Gadmor_lfo_spc|Gadmor_bat_spc,Gadmor_kie_spc	1
split_pattern_counts	LG07				Gadmor_avc_spc,Gadmor_kie_spc|Gadmor_bat_spc,Gadmor_twc_spc	Gadmor_avc_spc,Gadmor_kie_spc|Gadmor_bat_spc,Gadmor_twc_spc	1
split_pattern_counts	LG07				Gadmor_avc_spc,Gadmor_kie_spc|Gadmor_bat_spc,Gadmor_two_spc	Gadmor_avc_spc,Gadmor_kie_spc|Gadmor_bat_spc,Gadmor_two_spc	1
split_pattern_counts	LG07				Gadmor_avc_spc,Gadmor_kie_spc|Gadmor_icc_spc,Gadmor_ico_spc	Gadmor_avc_spc,Gadmor_kie_spc|Gadmor_icc_spc,Gadmor_ico_spc	1
split_pattern_counts	LG07				Gadmor_avc_spc,Gadmor_kie_spc|Gadmor_icc_spc,Gadmor_lfc_spc	Gadmor_avc_spc,Gadmor_icc_spc|Gadmor_kie_spc,Gadmor_lfc_spc	1
split_pattern_counts	LG07				Gadmor_avc_spc,Gadmor_kie_spc|Gadmor_icc_spc,Gadmor_lfo_spc	Gadmor_avc_spc,Gadmor_lfo_spc|Gadmor_icc_spc,Gadmor_kie_spc	1
split_pattern_counts	LG07				Gadmor_avc_spc,Gadmor_kie_spc|Gadmor_icc_spc,Gadmor_twc_spc	Gadmor_avc_spc,Gadmor_twc_spc|Gadmor_icc_spc,Gadmor_kie_spc	1
split_pattern_counts	LG07				Gadmor_avc_spc,Gadmor_kie_spc|Gadmor_icc_spc,Gadmor_two_spc	Gadmor_avc_spc,Gadmor_two_spc|Gadmor_icc_spc,Gadmor_kie_spc	1
split_pattern_counts	LG07				Gadmor_avc_spc,Gadmor_kie_spc|Gadmor_ico_spc,Gadmor_lfc_spc	Gadmor_avc_spc,Gadmor_ico_spc|Gadmor_kie_spc,Gadmor_lfc_spc	1
split_pattern_counts	LG07				Gadmor_avc_spc,Gadmor_kie_spc|Gadmor_ico_spc,Gadmor_lfo_spc	Gadmor_avc_spc,Gadmor_lfo_spc|Gadmor_ico_spc,Gadmor_kie_spc	1
split_pattern_counts	LG07				Gadmor_avc_spc,Gadmor_kie_spc|Gadmor_ico_spc,Gadmor_twc_spc	Gadmor_avc_spc,Gadmor_twc_spc|Gadmor_ico_spc,Gadmor_kie_spc	1
split_pattern_counts	LG07				Gadmor_avc_spc,Gadmor_kie_spc|Gadmor_ico_spc,Gadmor_two_spc	Gadmor_avc_spc,Gadmor_two_spc|Gadmor_ico_spc,Gadmor_kie_spc	1
split_pattern_counts	LG07				Gadmor_avc_spc,Gadmor_kie_spc|Gadmor_lfc_spc,Gadmor_lfo_spc	Gadmor_avc_spc,Gadmor_lfo_spc|Gadmor_kie_spc,Gadmor_lfc_spc	1
split_pattern_counts	LG07				Gadmor_avc_spc,Gadmor_kie_spc|Gadmor_lfc_spc,Gadmor_twc_spc	Gadmor_avc_spc,Gadmor_twc_spc|Gadmor_kie_spc,Gadmor_lfc_spc	1
split_pattern_counts	LG07				Gadmor_avc_spc,Gadmor_kie_spc|Gadmor_lfc_spc,Gadmor_two_spc	Gadmor_avc_spc,Gadmor_two_spc|Gadmor_kie_spc,Gadmor_lfc_spc	1
split_pattern_counts	LG07				Gadmor_avc_spc,Gadmor_kie_spc|Gadmor_lfo_spc,Gadmor_twc_spc	Gadmor_avc_spc,Gadmor_lfo_spc|Gadmor_kie_spc,Gadmor_twc_spc	1
split_pattern_counts	LG07				Gadmor_avc_spc,Gadmor_kie_spc|Gadmor_lfo_spc,Gadmor_two_spc	Gadmor_avc_spc,Gadmor_lfo_spc|Gadmor_kie_spc,Gadmor_two_spc	1
split_pattern_counts	LG07				Gadmor_avc_spc,Gadmor_kie_spc|Gadmor_twc_spc,Gadmor_two_spc	Gadmor_avc_spc,Gadmor_kie_spc|Gadmor_twc_spc,Gadmor_two_spc	1
split_pattern_counts	LG07				Gadmor_avc_spc,Gadmor_low_spc|Gadmor_bat_spc,Gadmor_icc_spc	Gadmor_avc_spc,Gadmor_bat_spc|Gadmor_icc_spc,Gadmor_low_spc	1
split_pattern_counts	LG07				Gadmor_avc_spc,Gadmor_low_spc|Gadmor_bat_spc,Gadmor_ico_spc	Gadmor_avc_spc,Gadmor_bat_spc|Gadmor_ico_spc,Gadmor_low_spc	1
split_pattern_counts	LG07				Gadmor_avc_spc,Gadmor_low_spc|Gadmor_bat_spc,Gadmor_lfc_spc	Gadmor_avc_spc,Gadmor_bat_spc|Gadmor_lfc_spc,Gadmor_low_spc	1
split_pattern_counts	LG07				Gadmor_avc_spc,Gadmor_low_spc|Gadmor_bat_spc,Gadmor_lfo_spc	Gadmor_avc_spc,Gadmor_lfo_spc|Gadmor_bat_spc,Gadmor_low_spc	1
split_pattern_counts	LG07				Gadmor_avc_spc,Gadmor_low_spc|Gadmor_bat_spc,Gadmor_twc_spc	Gadmor_avc_spc,Gadmor_low_spc|Gadmor_bat_spc,Gadmor_twc_spc	1
split_pattern_counts	LG07				Gadmor_avc_spc,Gadmor_low_spc|Gadmor_bat_spc,Gadmor_two_spc	Gadmor_avc_spc,Gadmor_low_spc|Gadmor_bat_spc,Gadmor_two_spc	1
split_pattern_counts	LG07				Gadmor_avc_spc,Gadmor_low_spc|Gadmor_icc_spc,Gadmor_ico_spc	Gadmor_avc_spc,Gadmor_low_spc|Gadmor_icc_spc,Gadmor_ico_spc	1
split_pattern_counts	LG07				Gadmor_avc_spc,Gadmor_low_spc|Gadmor_icc_spc,Gadmor_lfc_spc	Gadmor_avc_spc,Gadmor_icc_spc|Gadmor_lfc_spc,Gadmor_low_spc	1
split_pattern_counts	LG07				Gadmor_avc_spc,Gadmor_low_spc|Gadmor_icc_spc,Gadmor_lfo_spc	Gadmor_avc_spc,Gadmor_lfo_spc|Gadmor_icc_spc,Gadmor_low_spc	1
split_pattern_counts	LG07				Gadmor_avc_spc,Gadmor_low_spc|Gadmor_icc_spc,Gadmor_twc_spc	Gadmor_avc_spc,Gadmor_twc_spc|Gadmor_icc_spc,Gadmor_low_spc	1
split_pattern_counts	LG07				Gadmor_avc_spc,Gadmor_low_spc|Gadmor_icc_spc,Gadmor_two_spc	Gadmor_avc_spc,Gadmor_two_spc|Gadmor_icc_spc,Gadmor_low_spc	1
split_pattern_counts	LG07				Gadmor_avc_spc,Gadmor_low_spc|Gadmor_ico_spc,Gadmor_lfc_spc	Gadmor_avc_spc,Gadmor_ico_spc|Gadmor_lfc_spc,Gadmor_low_spc	1
split_pattern_counts	LG07				Gadmor_avc_spc,Gadmor_low_spc|Gadmor_ico_spc,Gadmor_lfo_spc	Gadmor_avc_spc,Gadmor_lfo_spc|Gadmor_ico_spc,Gadmor_low_spc	1
split_pattern_counts	LG07				Gadmor_avc_spc,Gadmor_low_spc|Gadmor_ico_spc,Gadmor_twc_spc	Gadmor_avc_spc,Gadmor_twc_spc|Gadmor_ico_spc,Gadmor_low_spc	1
split_pattern_counts	LG07				Gadmor_avc_spc,Gadmor_low_spc|Gadmor_ico_spc,Gadmor_two_spc	Gadmor_avc_spc,Gadmor_two_spc|Gadmor_ico_spc,Gadmor_low_spc	1
split_pattern_counts	LG07				Gadmor_avc_spc,Gadmor_low_spc|Gadmor_lfc_spc,Gadmor_lfo_spc	Gadmor_avc_spc,Gadmor_lfo_spc|Gadmor_lfc_spc,Gadmor_low_spc	1
split_pattern_counts	LG07				Gadmor_avc_spc,Gadmor_low_spc|Gadmor_lfc_spc,Gadmor_twc_spc	Gadmor_avc_spc,Gadmor_twc_spc|Gadmor_lfc_spc,Gadmor_low_spc	1
split_pattern_counts	LG07				Gadmor_avc_spc,Gadmor_low_spc|Gadmor_lfc_spc,Gadmor_two_spc	Gadmor_avc_spc,Gadmor_two_spc|Gadmor_lfc_spc,Gadmor_low_spc	1
split_pattern_counts	LG07				Gadmor_avc_spc,Gadmor_low_spc|Gadmor_lfo_spc,Gadmor_twc_spc	Gadmor_avc_spc,Gadmor_lfo_spc|Gadmor_low_spc,Gadmor_twc_spc	1
split_pattern_counts	LG07				Gadmor_avc_spc,Gadmor_low_spc|Gadmor_lfo_spc,Gadmor_two_spc	Gadmor_avc_spc,Gadmor_lfo_spc|Gadmor_low_spc,Gadmor_two_spc	1
split_pattern_counts	LG07				Gadmor_avc_spc,Gadmor_low_spc|Gadmor_twc_spc,Gadmor_two_spc	Gadmor_avc_spc,Gadmor_low_spc|Gadmor_twc_spc,Gadmor_two_spc	1
split_pattern_counts	LG07				Gadmor_avo_spc,Gadmor_bor_spc|Gadmor_bat_spc,Gadmor_icc_spc	Gadmor_avo_spc,Gadmor_bat_spc|Gadmor_bor_spc,Gadmor_icc_spc	1
split_pattern_counts	LG07				Gadmor_avo_spc,Gadmor_bor_spc|Gadmor_bat_spc,Gadmor_ico_spc	Gadmor_avo_spc,Gadmor_bat_spc|Gadmor_bor_spc,Gadmor_ico_spc	1
split_pattern_counts	LG07				Gadmor_avo_spc,Gadmor_bor_spc|Gadmor_bat_spc,Gadmor_lfc_spc	Gadmor_avo_spc,Gadmor_bat_spc|Gadmor_bor_spc,Gadmor_lfc_spc	1
split_pattern_counts	LG07				Gadmor_avo_spc,Gadmor_bor_spc|Gadmor_bat_spc,Gadmor_lfo_spc	Gadmor_avo_spc,Gadmor_bat_spc|Gadmor_bor_spc,Gadmor_lfo_spc	1
split_pattern_counts	LG07				Gadmor_avo_spc,Gadmor_bor_spc|Gadmor_bat_spc,Gadmor_twc_spc	Gadmor_avo_spc,Gadmor_bor_spc|Gadmor_bat_spc,Gadmor_twc_spc	1
split_pattern_counts	LG07				Gadmor_avo_spc,Gadmor_bor_spc|Gadmor_bat_spc,Gadmor_two_spc	Gadmor_avo_spc,Gadmor_bor_spc|Gadmor_bat_spc,Gadmor_two_spc	1
split_pattern_counts	LG07				Gadmor_avo_spc,Gadmor_bor_spc|Gadmor_icc_spc,Gadmor_ico_spc	Gadmor_avo_spc,Gadmor_bor_spc|Gadmor_icc_spc,Gadmor_ico_spc	1
split_pattern_counts	LG07				Gadmor_avo_spc,Gadmor_bor_spc|Gadmor_icc_spc,Gadmor_lfc_spc	Gadmor_avo_spc,Gadmor_icc_spc|Gadmor_bor_spc,Gadmor_lfc_spc	1
split_pattern_counts	LG07				Gadmor_avo_spc,Gadmor_bor_spc|Gadmor_icc_spc,Gadmor_lfo_spc	Gadmor_avo_spc,Gadmor_lfo_spc|Gadmor_bor_spc,Gadmor_icc_spc	1
split_pattern_counts	LG07				Gadmor_avo_spc,Gadmor_bor_spc|Gadmor_icc_spc,Gadmor_twc_spc	Gadmor_avo_spc,Gadmor_twc_spc|Gadmor_bor_spc,Gadmor_icc_spc	1
split_pattern_counts	LG07				Gadmor_avo_spc,Gadmor_bor_spc|Gadmor_icc_spc,Gadmor_two_spc	Gadmor_avo_spc,Gadmor_two_spc|Gadmor_bor_spc,Gadmor_icc_spc	1
split_pattern_counts	LG07				Gadmor_avo_spc,Gadmor_bor_spc|Gadmor_ico_spc,Gadmor_lfc_spc	Gadmor_avo_spc,Gadmor_ico_spc|Gadmor_bor_spc,Gadmor_lfc_spc	1
split_pattern_counts	LG07				Gadmor_avo_spc,Gadmor_bor_spc|Gadmor_ico_spc,Gadmor_lfo_spc	Gadmor_avo_spc,Gadmor_lfo_spc|Gadmor_bor_spc,Gadmor_ico_spc	1
split_pattern_counts	LG07				Gadmor_avo_spc,Gadmor_bor_spc|Gadmor_ico_spc,Gadmor_twc_spc	Gadmor_avo_spc,Gadmor_twc_spc|Gadmor_bor_spc,Gadmor_ico_spc	1
split_pattern_counts	LG07				Gadmor_avo_spc,Gadmor_bor_spc|Gadmor_ico_spc,Gadmor_two_spc	Gadmor_avo_spc,Gadmor_two_spc|Gadmor_bor_spc,Gadmor_ico_spc	1
split_pattern_counts	LG07				Gadmor_avo_spc,Gadmor_bor_spc|Gadmor_lfc_spc,Gadmor_lfo_spc	Gadmor_avo_spc,Gadmor_lfo_spc|Gadmor_bor_spc,Gadmor_lfc_spc	1
split_pattern_counts	LG07				Gadmor_avo_spc,Gadmor_bor_spc|Gadmor_lfc_spc,Gadmor_twc_spc	Gadmor_avo_spc,Gadmor_twc_spc|Gadmor_bor_spc,Gadmor_lfc_spc	1
split_pattern_counts	LG07				Gadmor_avo_spc,Gadmor_bor_spc|Gadmor_lfc_spc,Gadmor_two_spc	Gadmor_avo_spc,Gadmor_two_spc|Gadmor_bor_spc,Gadmor_lfc_spc	1
split_pattern_counts	LG07				Gadmor_avo_spc,Gadmor_bor_spc|Gadmor_lfo_spc,Gadmor_twc_spc	Gadmor_avo_spc,Gadmor_twc_spc|Gadmor_bor_spc,Gadmor_lfo_spc	1
split_pattern_counts	LG07				Gadmor_avo_spc,Gadmor_bor_spc|Gadmor_lfo_spc,Gadmor_two_spc	Gadmor_avo_spc,Gadmor_two_spc|Gadmor_bor_spc,Gadmor_lfo_spc	1
split_pattern_counts	LG07				Gadmor_avo_spc,Gadmor_bor_spc|Gadmor_twc_spc,Gadmor_two_spc	Gadmor_avo_spc,Gadmor_bor_spc|Gadmor_twc_spc,Gadmor_two_spc	1
split_pattern_counts	LG07				Gadmor_avo_spc,Gadmor_kie_spc|Gadmor_bat_spc,Gadmor_icc_spc	Gadmor_avo_spc,Gadmor_bat_spc|Gadmor_icc_spc,Gadmor_kie_spc	1
split_pattern_counts	LG07				Gadmor_avo_spc,Gadmor_kie_spc|Gadmor_bat_spc,Gadmor_ico_spc	Gadmor_avo_spc,Gadmor_bat_spc|Gadmor_ico_spc,Gadmor_kie_spc	1
split_pattern_counts	LG07				Gadmor_avo_spc,Gadmor_kie_spc|Gadmor_bat_spc,Gadmor_lfc_spc	Gadmor_avo_spc,Gadmor_bat_spc|Gadmor_kie_spc,Gadmor_lfc_spc	1
split_pattern_counts	LG07				Gadmor_avo_spc,Gadmor_kie_spc|Gadmor_bat_spc,Gadmor_lfo_spc	Gadmor_avo_spc,Gadmor_bat_spc|Gadmor_kie_spc,Gadmor_lfo_spc	1
split_pattern_counts	LG07				Gadmor_avo_spc,Gadmor_kie_spc|Gadmor_bat_spc,Gadmor_twc_spc	Gadmor_avo_spc,Gadmor_kie_spc|Gadmor_bat_spc,Gadmor_twc_spc	1
split_pattern_counts	LG07				Gadmor_avo_spc,Gadmor_kie_spc|Gadmor_bat_spc,Gadmor_two_spc	Gadmor_avo_spc,Gadmor_kie_spc|Gadmor_bat_spc,Gadmor_two_spc	1
split_pattern_counts	LG07				Gadmor_avo_spc,Gadmor_kie_spc|Gadmor_icc_spc,Gadmor_ico_spc	Gadmor_avo_spc,Gadmor_kie_spc|Gadmor_icc_spc,Gadmor_ico_spc	1
split_pattern_counts	LG07				Gadmor_avo_spc,Gadmor_kie_spc|Gadmor_icc_spc,Gadmor_lfc_spc	Gadmor_avo_spc,Gadmor_icc_spc|Gadmor_kie_spc,Gadmor_lfc_spc	1
split_pattern_counts	LG07				Gadmor_avo_spc,Gadmor_kie_spc|Gadmor_icc_spc,Gadmor_lfo_spc	Gadmor_avo_spc,Gadmor_lfo_spc|Gadmor_icc_spc,Gadmor_kie_spc	1
split_pattern_counts	LG07				Gadmor_avo_spc,Gadmor_kie_spc|Gadmor_icc_spc,Gadmor_twc_spc	Gadmor_avo_spc,Gadmor_twc_spc|Gadmor_icc_spc,Gadmor_kie_spc	1
split_pattern_counts	LG07				Gadmor_avo_spc,Gadmor_kie_spc|Gadmor_icc_spc,Gadmor_two_spc	Gadmor_avo_spc,Gadmor_two_spc|Gadmor_icc_spc,Gadmor_kie_spc	1
split_pattern_counts	LG07				Gadmor_avo_spc,Gadmor_kie_spc|Gadmor_ico_spc,Gadmor_lfc_spc	Gadmor_avo_spc,Gadmor_ico_spc|Gadmor_kie_spc,Gadmor_lfc_spc	1
split_pattern_counts	LG07				Gadmor_avo_spc,Gadmor_kie_spc|Gadmor_ico_spc,Gadmor_lfo_spc	Gadmor_avo_spc,Gadmor_lfo_spc|Gadmor_ico_spc,Gadmor_kie_spc	1
split_pattern_counts	LG07				Gadmor_avo_spc,Gadmor_kie_spc|Gadmor_ico_spc,Gadmor_twc_spc	Gadmor_avo_spc,Gadmor_twc_spc|Gadmor_ico_spc,Gadmor_kie_spc	1
split_pattern_counts	LG07				Gadmor_avo_spc,Gadmor_kie_spc|Gadmor_ico_spc,Gadmor_two_spc	Gadmor_avo_spc,Gadmor_two_spc|Gadmor_ico_spc,Gadmor_kie_spc	1
split_pattern_counts	LG07				Gadmor_avo_spc,Gadmor_kie_spc|Gadmor_lfc_spc,Gadmor_lfo_spc	Gadmor_avo_spc,Gadmor_lfo_spc|Gadmor_kie_spc,Gadmor_lfc_spc	1
split_pattern_counts	LG07				Gadmor_avo_spc,Gadmor_kie_spc|Gadmor_lfc_spc,Gadmor_twc_spc	Gadmor_avo_spc,Gadmor_twc_spc|Gadmor_kie_spc,Gadmor_lfc_spc	1
split_pattern_counts	LG07				Gadmor_avo_spc,Gadmor_kie_spc|Gadmor_lfc_spc,Gadmor_two_spc	Gadmor_avo_spc,Gadmor_two_spc|Gadmor_kie_spc,Gadmor_lfc_spc	1
split_pattern_counts	LG07				Gadmor_avo_spc,Gadmor_kie_spc|Gadmor_lfo_spc,Gadmor_twc_spc	Gadmor_avo_spc,Gadmor_twc_spc|Gadmor_kie_spc,Gadmor_lfo_spc	1
split_pattern_counts	LG07				Gadmor_avo_spc,Gadmor_kie_spc|Gadmor_lfo_spc,Gadmor_two_spc	Gadmor_avo_spc,Gadmor_two_spc|Gadmor_kie_spc,Gadmor_lfo_spc	1
split_pattern_counts	LG07				Gadmor_avo_spc,Gadmor_kie_spc|Gadmor_twc_spc,Gadmor_two_spc	Gadmor_avo_spc,Gadmor_kie_spc|Gadmor_twc_spc,Gadmor_two_spc	1
split_pattern_counts	LG07				Gadmor_avo_spc,Gadmor_low_spc|Gadmor_bat_spc,Gadmor_icc_spc	Gadmor_avo_spc,Gadmor_bat_spc|Gadmor_icc_spc,Gadmor_low_spc	1
split_pattern_counts	LG07				Gadmor_avo_spc,Gadmor_low_spc|Gadmor_bat_spc,Gadmor_ico_spc	Gadmor_avo_spc,Gadmor_bat_spc|Gadmor_ico_spc,Gadmor_low_spc	1
split_pattern_counts	LG07				Gadmor_avo_spc,Gadmor_low_spc|Gadmor_bat_spc,Gadmor_lfc_spc	Gadmor_avo_spc,Gadmor_bat_spc|Gadmor_lfc_spc,Gadmor_low_spc	1
split_pattern_counts	LG07				Gadmor_avo_spc,Gadmor_low_spc|Gadmor_bat_spc,Gadmor_lfo_spc	Gadmor_avo_spc,Gadmor_bat_spc|Gadmor_lfo_spc,Gadmor_low_spc	1
split_pattern_counts	LG07				Gadmor_avo_spc,Gadmor_low_spc|Gadmor_bat_spc,Gadmor_twc_spc	Gadmor_avo_spc,Gadmor_low_spc|Gadmor_bat_spc,Gadmor_twc_spc	1
split_pattern_counts	LG07				Gadmor_avo_spc,Gadmor_low_spc|Gadmor_bat_spc,Gadmor_two_spc	Gadmor_avo_spc,Gadmor_low_spc|Gadmor_bat_spc,Gadmor_two_spc	1
split_pattern_counts	LG07				Gadmor_avo_spc,Gadmor_low_spc|Gadmor_icc_spc,Gadmor_ico_spc	Gadmor_avo_spc,Gadmor_low_spc|Gadmor_icc_spc,Gadmor_ico_spc	1
split_pattern_counts	LG07				Gadmor_avo_spc,Gadmor_low_spc|Gadmor_icc_spc,Gadmor_lfc_spc	Gadmor_avo_spc,Gadmor_icc_spc|Gadmor_lfc_spc,Gadmor_low_spc	1
split_pattern_counts	LG07				Gadmor_avo_spc,Gadmor_low_spc|Gadmor_icc_spc,Gadmor_lfo_spc	Gadmor_avo_spc,Gadmor_lfo_spc|Gadmor_icc_spc,Gadmor_low_spc	1
split_pattern_counts	LG07				Gadmor_avo_spc,Gadmor_low_spc|Gadmor_icc_spc,Gadmor_twc_spc	Gadmor_avo_spc,Gadmor_twc_spc|Gadmor_icc_spc,Gadmor_low_spc	1
split_pattern_counts	LG07				Gadmor_avo_spc,Gadmor_low_spc|Gadmor_icc_spc,Gadmor_two_spc	Gadmor_avo_spc,Gadmor_two_spc|Gadmor_icc_spc,Gadmor_low_spc	1
split_pattern_counts	LG07				Gadmor_avo_spc,Gadmor_low_spc|Gadmor_ico_spc,Gadmor_lfc_spc	Gadmor_avo_spc,Gadmor_ico_spc|Gadmor_lfc_spc,Gadmor_low_spc	1
split_pattern_counts	LG07				Gadmor_avo_spc,Gadmor_low_spc|Gadmor_ico_spc,Gadmor_lfo_spc	Gadmor_avo_spc,Gadmor_lfo_spc|Gadmor_ico_spc,Gadmor_low_spc	1
split_pattern_counts	LG07				Gadmor_avo_spc,Gadmor_low_spc|Gadmor_ico_spc,Gadmor_twc_spc	Gadmor_avo_spc,Gadmor_twc_spc|Gadmor_ico_spc,Gadmor_low_spc	1
split_pattern_counts	LG07				Gadmor_avo_spc,Gadmor_low_spc|Gadmor_ico_spc,Gadmor_two_spc	Gadmor_avo_spc,Gadmor_two_spc|Gadmor_ico_spc,Gadmor_low_spc	1
split_pattern_counts	LG07				Gadmor_avo_spc,Gadmor_low_spc|Gadmor_lfc_spc,Gadmor_lfo_spc	Gadmor_avo_spc,Gadmor_lfo_spc|Gadmor_lfc_spc,Gadmor_low_spc	1
split_pattern_counts	LG07				Gadmor_avo_spc,Gadmor_low_spc|Gadmor_lfc_spc,Gadmor_twc_spc	Gadmor_avo_spc,Gadmor_twc_spc|Gadmor_lfc_spc,Gadmor_low_spc	1
split_pattern_counts	LG07				Gadmor_avo_spc,Gadmor_low_spc|Gadmor_lfc_spc,Gadmor_two_spc	Gadmor_avo_spc,Gadmor_two_spc|Gadmor_lfc_spc,Gadmor_low_spc	1
split_pattern_counts	LG07				Gadmor_avo_spc,Gadmor_low_spc|Gadmor_lfo_spc,Gadmor_twc_spc	Gadmor_avo_spc,Gadmor_twc_spc|Gadmor_lfo_spc,Gadmor_low_spc	1
split_pattern_counts	LG07				Gadmor_avo_spc,Gadmor_low_spc|Gadmor_lfo_spc,Gadmor_two_spc	Gadmor_avo_spc,Gadmor_two_spc|Gadmor_lfo_spc,Gadmor_low_spc	1
split_pattern_counts	LG07				Gadmor_avo_spc,Gadmor_low_spc|Gadmor_twc_spc,Gadmor_two_spc	Gadmor_avo_spc,Gadmor_low_spc|Gadmor_twc_spc,Gadmor_two_spc	1
split_pattern_counts	LG07				Gadmor_bat_spc,Gadmor_icc_spc|Gadmor_bor_spc,Gadmor_kie_spc	Gadmor_bat_spc,Gadmor_icc_spc|Gadmor_bor_spc,Gadmor_kie_spc	1
split_pattern_counts	LG07				Gadmor_bat_spc,Gadmor_icc_spc|Gadmor_bor_spc,Gadmor_low_spc	Gadmor_bat_spc,Gadmor_icc_spc|Gadmor_bor_spc,Gadmor_low_spc	1
split_pattern_counts	LG07				Gadmor_bat_spc,Gadmor_icc_spc|Gadmor_kie_spc,Gadmor_low_spc	Gadmor_bat_spc,Gadmor_icc_spc|Gadmor_kie_spc,Gadmor_low_spc	1
split_pattern_counts	LG07				Gadmor_bat_spc,Gadmor_ico_spc|Gadmor_bor_spc,Gadmor_kie_spc	Gadmor_bat_spc,Gadmor_ico_spc|Gadmor_bor_spc,Gadmor_kie_spc	1
split_pattern_counts	LG07				Gadmor_bat_spc,Gadmor_ico_spc|Gadmor_bor_spc,Gadmor_low_spc	Gadmor_bat_spc,Gadmor_ico_spc|Gadmor_bor_spc,Gadmor_low_spc	1
split_pattern_counts	LG07				Gadmor_bat_spc,Gadmor_ico_spc|Gadmor_kie_spc,Gadmor_low_spc	Gadmor_bat_spc,Gadmor_ico_spc|Gadmor_kie_spc,Gadmor_low_spc	1
split_pattern_counts	LG07				Gadmor_bat_spc,Gadmor_lfc_spc|Gadmor_bor_spc,Gadmor_kie_spc	Gadmor_bat_spc,Gadmor_lfc_spc|Gadmor_bor_spc,Gadmor_kie_spc	1
split_pattern_counts	LG07				Gadmor_bat_spc,Gadmor_lfc_spc|Gadmor_bor_spc,Gadmor_low_spc	Gadmor_bat_spc,Gadmor_bor_spc|Gadmor_lfc_spc,Gadmor_low_spc	1
split_pattern_counts	LG07				Gadmor_bat_spc,Gadmor_lfc_spc|Gadmor_kie_spc,Gadmor_low_spc	Gadmor_bat_spc,Gadmor_kie_spc|Gadmor_lfc_spc,Gadmor_low_spc	1
split_pattern_counts	LG07				Gadmor_bat_spc,Gadmor_lfo_spc|Gadmor_bor_spc,Gadmor_kie_spc	Gadmor_bat_spc,Gadmor_lfo_spc|Gadmor_bor_spc,Gadmor_kie_spc	1
split_pattern_counts	LG07				Gadmor_bat_spc,Gadmor_lfo_spc|Gadmor_bor_spc,Gadmor_low_spc	Gadmor_bat_spc,Gadmor_lfo_spc|Gadmor_bor_spc,Gadmor_low_spc	1
split_pattern_counts	LG07				Gadmor_bat_spc,Gadmor_lfo_spc|Gadmor_kie_spc,Gadmor_low_spc	Gadmor_bat_spc,Gadmor_lfo_spc|Gadmor_kie_spc,Gadmor_low_spc	1
split_pattern_counts	LG07				Gadmor_bat_spc,Gadmor_twc_spc|Gadmor_bor_spc,Gadmor_kie_spc	Gadmor_bat_spc,Gadmor_twc_spc|Gadmor_bor_spc,Gadmor_kie_spc	1
split_pattern_counts	LG07				Gadmor_bat_spc,Gadmor_twc_spc|Gadmor_bor_spc,Gadmor_low_spc	Gadmor_bat_spc,Gadmor_twc_spc|Gadmor_bor_spc,Gadmor_low_spc	1
split_pattern_counts	LG07				Gadmor_bat_spc,Gadmor_twc_spc|Gadmor_kie_spc,Gadmor_low_spc	Gadmor_bat_spc,Gadmor_twc_spc|Gadmor_kie_spc,Gadmor_low_spc	1
split_pattern_counts	LG07				Gadmor_bat_spc,Gadmor_two_spc|Gadmor_bor_spc,Gadmor_kie_spc	Gadmor_bat_spc,Gadmor_two_spc|Gadmor_bor_spc,Gadmor_kie_spc	1
split_pattern_counts	LG07				Gadmor_bat_spc,Gadmor_two_spc|Gadmor_bor_spc,Gadmor_low_spc	Gadmor_bat_spc,Gadmor_two_spc|Gadmor_bor_spc,Gadmor_low_spc	1
split_pattern_counts	LG07				Gadmor_bat_spc,Gadmor_two_spc|Gadmor_kie_spc,Gadmor_low_spc	Gadmor_bat_spc,Gadmor_two_spc|Gadmor_kie_spc,Gadmor_low_spc	1
split_pattern_counts	LG07				Gadmor_bor_spc,Gadmor_kie_spc|Gadmor_icc_spc,Gadmor_ico_spc	Gadmor_bor_spc,Gadmor_kie_spc|Gadmor_icc_spc,Gadmor_ico_spc	1
split_pattern_counts	LG07				Gadmor_bor_spc,Gadmor_kie_spc|Gadmor_icc_spc,Gadmor_lfc_spc	Gadmor_bor_spc,Gadmor_kie_spc|Gadmor_icc_spc,Gadmor_lfc_spc	1
split_pattern_counts	LG07				Gadmor_bor_spc,Gadmor_kie_spc|Gadmor_icc_spc,Gadmor_lfo_spc	Gadmor_bor_spc,Gadmor_kie_spc|Gadmor_icc_spc,Gadmor_lfo_spc	1
split_pattern_counts	LG07				Gadmor_bor_spc,Gadmor_kie_spc|Gadmor_icc_spc,Gadmor_twc_spc	Gadmor_bor_spc,Gadmor_kie_spc|Gadmor_icc_spc,Gadmor_twc_spc	1
split_pattern_counts	LG07				Gadmor_bor_spc,Gadmor_kie_spc|Gadmor_icc_spc,Gadmor_two_spc	Gadmor_bor_spc,Gadmor_kie_spc|Gadmor_icc_spc,Gadmor_two_spc	1
split_pattern_counts	LG07				Gadmor_bor_spc,Gadmor_kie_spc|Gadmor_ico_spc,Gadmor_lfc_spc	Gadmor_bor_spc,Gadmor_kie_spc|Gadmor_ico_spc,Gadmor_lfc_spc	1
split_pattern_counts	LG07				Gadmor_bor_spc,Gadmor_kie_spc|Gadmor_ico_spc,Gadmor_lfo_spc	Gadmor_bor_spc,Gadmor_kie_spc|Gadmor_ico_spc,Gadmor_lfo_spc	1
split_pattern_counts	LG07				Gadmor_bor_spc,Gadmor_kie_spc|Gadmor_ico_spc,Gadmor_twc_spc	Gadmor_bor_spc,Gadmor_kie_spc|Gadmor_ico_spc,Gadmor_twc_spc	1
split_pattern_counts	LG07				Gadmor_bor_spc,Gadmor_kie_spc|Gadmor_ico_spc,Gadmor_two_spc	Gadmor_bor_spc,Gadmor_kie_spc|Gadmor_ico_spc,Gadmor_two_spc	1
split_pattern_counts	LG07				Gadmor_bor_spc,Gadmor_kie_spc|Gadmor_lfc_spc,Gadmor_lfo_spc	Gadmor_bor_spc,Gadmor_kie_spc|Gadmor_lfc_spc,Gadmor_lfo_spc	1
split_pattern_counts	LG07				Gadmor_bor_spc,Gadmor_kie_spc|Gadmor_lfc_spc,Gadmor_twc_spc	Gadmor_bor_spc,Gadmor_kie_spc|Gadmor_lfc_spc,Gadmor_twc_spc	1
split_pattern_counts	LG07				Gadmor_bor_spc,Gadmor_kie_spc|Gadmor_lfc_spc,Gadmor_two_spc	Gadmor_bor_spc,Gadmor_kie_spc|Gadmor_lfc_spc,Gadmor_two_spc	1
split_pattern_counts	LG07				Gadmor_bor_spc,Gadmor_kie_spc|Gadmor_lfo_spc,Gadmor_twc_spc	Gadmor_bor_spc,Gadmor_kie_spc|Gadmor_lfo_spc,Gadmor_twc_spc	1
split_pattern_counts	LG07				Gadmor_bor_spc,Gadmor_kie_spc|Gadmor_lfo_spc,Gadmor_two_spc	Gadmor_bor_spc,Gadmor_kie_spc|Gadmor_lfo_spc,Gadmor_two_spc	1
split_pattern_counts	LG07				Gadmor_bor_spc,Gadmor_kie_spc|Gadmor_twc_spc,Gadmor_two_spc	Gadmor_bor_spc,Gadmor_kie_spc|Gadmor_twc_spc,Gadmor_two_spc	1
split_pattern_counts	LG07				Gadmor_bor_spc,Gadmor_low_spc|Gadmor_icc_spc,Gadmor_ico_spc	Gadmor_bor_spc,Gadmor_low_spc|Gadmor_icc_spc,Gadmor_ico_spc	1
split_pattern_counts	LG07				Gadmor_bor_spc,Gadmor_low_spc|Gadmor_icc_spc,Gadmor_lfc_spc	Gadmor_bor_spc,Gadmor_icc_spc|Gadmor_lfc_spc,Gadmor_low_spc	1
split_pattern_counts	LG07				Gadmor_bor_spc,Gadmor_low_spc|Gadmor_icc_spc,Gadmor_lfo_spc	Gadmor_bor_spc,Gadmor_low_spc|Gadmor_icc_spc,Gadmor_lfo_spc	1
split_pattern_counts	LG07				Gadmor_bor_spc,Gadmor_low_spc|Gadmor_icc_spc,Gadmor_twc_spc	Gadmor_bor_spc,Gadmor_low_spc|Gadmor_icc_spc,Gadmor_twc_spc	1
split_pattern_counts	LG07				Gadmor_bor_spc,Gadmor_low_spc|Gadmor_icc_spc,Gadmor_two_spc	Gadmor_bor_spc,Gadmor_low_spc|Gadmor_icc_spc,Gadmor_two_spc	1
split_pattern_counts	LG07				Gadmor_bor_spc,Gadmor_low_spc|Gadmor_ico_spc,Gadmor_lfc_spc	Gadmor_bor_spc,Gadmor_ico_spc|Gadmor_lfc_spc,Gadmor_low_spc	1
split_pattern_counts	LG07				Gadmor_bor_spc,Gadmor_low_spc|Gadmor_ico_spc,Gadmor_lfo_spc	Gadmor_bor_spc,Gadmor_low_spc|Gadmor_ico_spc,Gadmor_lfo_spc	1
split_pattern_counts	LG07				Gadmor_bor_spc,Gadmor_low_spc|Gadmor_ico_spc,Gadmor_twc_spc	Gadmor_bor_spc,Gadmor_low_spc|Gadmor_ico_spc,Gadmor_twc_spc	1
split_pattern_counts	LG07				Gadmor_bor_spc,Gadmor_low_spc|Gadmor_ico_spc,Gadmor_two_spc	Gadmor_bor_spc,Gadmor_low_spc|Gadmor_ico_spc,Gadmor_two_spc	1
split_pattern_counts	LG07				Gadmor_bor_spc,Gadmor_low_spc|Gadmor_lfc_spc,Gadmor_lfo_spc	Gadmor_bor_spc,Gadmor_lfo_spc|Gadmor_lfc_spc,Gadmor_low_spc	1
split_pattern_counts	LG07				Gadmor_bor_spc,Gadmor_low_spc|Gadmor_lfc_spc,Gadmor_twc_spc	Gadmor_bor_spc,Gadmor_twc_spc|Gadmor_lfc_spc,Gadmor_low_spc	1
split_pattern_counts	LG07				Gadmor_bor_spc,Gadmor_low_spc|Gadmor_lfc_spc,Gadmor_two_spc	Gadmor_bor_spc,Gadmor_two_spc|Gadmor_lfc_spc,Gadmor_low_spc	1
split_pattern_counts	LG07				Gadmor_bor_spc,Gadmor_low_spc|Gadmor_lfo_spc,Gadmor_twc_spc	Gadmor_bor_spc,Gadmor_low_spc|Gadmor_lfo_spc,Gadmor_twc_spc	1
split_pattern_counts	LG07				Gadmor_bor_spc,Gadmor_low_spc|Gadmor_lfo_spc,Gadmor_two_spc	Gadmor_bor_spc,Gadmor_low_spc|Gadmor_lfo_spc,Gadmor_two_spc	1
split_pattern_counts	LG07				Gadmor_bor_spc,Gadmor_low_spc|Gadmor_twc_spc,Gadmor_two_spc	Gadmor_bor_spc,Gadmor_low_spc|Gadmor_twc_spc,Gadmor_two_spc	1
split_pattern_counts	LG07				Gadmor_icc_spc,Gadmor_ico_spc|Gadmor_kie_spc,Gadmor_low_spc	Gadmor_icc_spc,Gadmor_ico_spc|Gadmor_kie_spc,Gadmor_low_spc	1
split_pattern_counts	LG07				Gadmor_icc_spc,Gadmor_lfc_spc|Gadmor_kie_spc,Gadmor_low_spc	Gadmor_icc_spc,Gadmor_kie_spc|Gadmor_lfc_spc,Gadmor_low_spc	1
split_pattern_counts	LG07				Gadmor_icc_spc,Gadmor_lfo_spc|Gadmor_kie_spc,Gadmor_low_spc	Gadmor_icc_spc,Gadmor_lfo_spc|Gadmor_kie_spc,Gadmor_low_spc	1
split_pattern_counts	LG07				Gadmor_icc_spc,Gadmor_twc_spc|Gadmor_kie_spc,Gadmor_low_spc	Gadmor_icc_spc,Gadmor_twc_spc|Gadmor_kie_spc,Gadmor_low_spc	1
split_pattern_counts	LG07				Gadmor_icc_spc,Gadmor_two_spc|Gadmor_kie_spc,Gadmor_low_spc	Gadmor_icc_spc,Gadmor_two_spc|Gadmor_kie_spc,Gadmor_low_spc	1
split_pattern_counts	LG07				Gadmor_ico_spc,Gadmor_lfc_spc|Gadmor_kie_spc,Gadmor_low_spc	Gadmor_ico_spc,Gadmor_kie_spc|Gadmor_lfc_spc,Gadmor_low_spc	1
split_pattern_counts	LG07				Gadmor_ico_spc,Gadmor_lfo_spc|Gadmor_kie_spc,Gadmor_low_spc	Gadmor_ico_spc,Gadmor_lfo_spc|Gadmor_kie_spc,Gadmor_low_spc	1
split_pattern_counts	LG07				Gadmor_ico_spc,Gadmor_twc_spc|Gadmor_kie_spc,Gadmor_low_spc	Gadmor_ico_spc,Gadmor_twc_spc|Gadmor_kie_spc,Gadmor_low_spc	1
split_pattern_counts	LG07				Gadmor_ico_spc,Gadmor_two_spc|Gadmor_kie_spc,Gadmor_low_spc	Gadmor_ico_spc,Gadmor_two_spc|Gadmor_kie_spc,Gadmor_low_spc	1
split_pattern_counts	LG07				Gadmor_kie_spc,Gadmor_low_spc|Gadmor_lfc_spc,Gadmor_lfo_spc	Gadmor_kie_spc,Gadmor_lfo_spc|Gadmor_lfc_spc,Gadmor_low_spc	1
split_pattern_counts	LG07				Gadmor_kie_spc,Gadmor_low_spc|Gadmor_lfc_spc,Gadmor_twc_spc	Gadmor_kie_spc,Gadmor_twc_spc|Gadmor_lfc_spc,Gadmor_low_spc	1
split_pattern_counts	LG07				Gadmor_kie_spc,Gadmor_low_spc|Gadmor_lfc_spc,Gadmor_two_spc	Gadmor_kie_spc,Gadmor_two_spc|Gadmor_lfc_spc,Gadmor_low_spc	1
split_pattern_counts	LG07				Gadmor_kie_spc,Gadmor_low_spc|Gadmor_lfo_spc,Gadmor_twc_spc	Gadmor_kie_spc,Gadmor_low_spc|Gadmor_lfo_spc,Gadmor_twc_spc	1
split_pattern_counts	LG07				Gadmor_kie_spc,Gadmor_low_spc|Gadmor_lfo_spc,Gadmor_two_spc	Gadmor_kie_spc,Gadmor_low_spc|Gadmor_lfo_spc,Gadmor_two_spc	1
split_pattern_counts	LG07				Gadmor_kie_spc,Gadmor_low_spc|Gadmor_twc_spc,Gadmor_two_spc	Gadmor_kie_spc,Gadmor_low_spc|Gadmor_twc_spc,Gadmor_two_spc	1
population_counts	LG12	Gadmor_avc_spc	24	2			
population_counts	LG12	Gadmor_avo_spc	24	2			
population_counts	LG12	Gadmor_bat_spc	24	2			
population_counts	LG12	Gadmor_bor_spc	24	16			
population_counts	LG12	Gadmor_icc_spc	24	2			
population_counts	LG12	Gadmor_ico_spc	24	2			
population_counts	LG12	Gadmor_kie_spc	72	16			
population_counts	LG12	Gadmor_lfc_spc	72	8			
population_counts	LG12	Gadmor_lfo_spc	24	2			
population_counts	LG12	Gadmor_low_spc	72	8			
population_counts	LG12	Gadmor_twc_spc	24	2			
population_counts	LG12	Gadmor_two_spc	24	2			
split_pattern_counts	LG12				Gadmor_avc_spc,Gadmor_avo_spc|Gadmor_kie_spc,Gadmor_lfc_spc	Gadmor_avc_spc,Gadmor_avo_spc|Gadmor_kie_spc,Gadmor_lfc_spc	1
split_pattern_counts	LG12				Gadmor_avc_spc,Gadmor_avo_spc|Gadmor_kie_spc,Gadmor_low_spc	Gadmor_avc_spc,Gadmor_avo_spc|Gadmor_kie_spc,Gadmor_low_spc	1
split_pattern_counts	LG12				Gadmor_avc_spc,Gadmor_avo_spc|Gadmor_lfc_spc,Gadmor_low_spc	Gadmor_avc_spc,Gadmor_avo_spc|Gadmor_lfc_spc,Gadmor_low_spc	1
split_pattern_counts	LG12				Gadmor_avc_spc,Gadmor_bat_spc|Gadmor_kie_spc,Gadmor_lfc_spc	Gadmor_avc_spc,Gadmor_bat_spc|Gadmor_kie_spc,Gadmor_lfc_spc	1
split_pattern_counts	LG12				Gadmor_avc_spc,Gadmor_bat_spc|Gadmor_kie_spc,Gadmor_low_spc	Gadmor_avc_spc,Gadmor_bat_spc|Gadmor_kie_spc,Gadmor_low_spc	1
split_pattern_counts	LG12				Gadmor_avc_spc,Gadmor_bat_spc|Gadmor_lfc_spc,Gadmor_low_spc	Gadmor_avc_spc,Gadmor_bat_spc|Gadmor_lfc_spc,Gadmor_low_spc	1
split_pattern_counts	LG12				Gadmor_avc_spc,Gadmor_bor_spc|Gadmor_kie_spc,Gadmor_lfc_spc	Gadmor_avc_spc,Gadmor_lfc_spc|Gadmor_bor_spc,Gadmor_kie_spc	1
split_pattern_counts	LG12				Gadmor_avc_spc,Gadmor_bor_spc|Gadmor_kie_spc,Gadmor_low_spc	Gadmor_avc_spc,Gadmor_low_spc|Gadmor_bor_spc,Gadmor_kie_spc	1
split_pattern_counts	LG12				Gadmor_avc_spc,Gadmor_bor_spc|Gadmor_lfc_spc,Gadmor_low_spc	Gadmor_avc_spc,Gadmor_bor_spc|Gadmor_lfc_spc,Gadmor_low_spc	1
split_pattern_counts	LG12				Gadmor_avc_spc,Gadmor_icc_spc|Gadmor_kie_spc,Gadmor_lfc_spc	Gadmor_avc_spc,Gadmor_icc_spc|Gadmor_kie_spc,Gadmor_lfc_spc	1
split_pattern_counts	LG12				Gadmor_avc_spc,Gadmor_icc_spc|Gadmor_kie_spc,Gadmor_low_spc	Gadmor_avc_spc,Gadmor_icc_spc|Gadmor_kie_spc,Gadmor_low_spc	1
split_pattern_counts	LG12				Gadmor_avc_spc,Gadmor_icc_spc|Gadmor_lfc_spc,Gadmor_low_spc	Gadmor_avc_spc,Gadmor_icc_spc|Gadmor_lfc_spc,Gadmor_low_spc	1
split_pattern_counts	LG12				Gadmor_avc_spc,Gadmor_ico_spc|Gadmor_kie_spc,Gadmor_lfc_spc	Gadmor_avc_spc,Gadmor_ico_spc|Gadmor_kie_spc,Gadmor_lfc_spc	1
split_pattern_counts	LG12				Gadmor_avc_spc,Gadmor_ico_spc|Gadmor_kie_spc,Gadmor_low_spc	Gadmor_avc_spc,Gadmor_ico_spc|Gadmor_kie_spc,Gadmor_low_spc	1
split_pattern_counts	LG12				Gadmor_avc_spc,Gadmor_ico_spc|Gadmor_lfc_spc,Gadmor_low_spc	Gadmor_avc_spc,Gadmor_ico_spc|Gadmor_lfc_spc,Gadmor_low_spc	1
split_pattern_counts	LG12				Gadmor_avc_spc,Gadmor_lfo_spc|Gadmor_kie_spc,Gadmor_lfc_spc	Gadmor_avc_spc,Gadmor_lfo_spc|Gadmor_kie_spc,Gadmor_lfc_spc	1
split_pattern_counts	LG12				Gadmor_avc_spc,Gadmor_lfo_spc|Gadmor_kie_spc,Gadmor_low_spc	Gadmor_avc_spc,Gadmor_lfo_spc|Gadmor_kie_spc,Gadmor_low_spc	1
split_pattern_counts	LG12				Gadmor_avc_spc,Gadmor_lfo_spc|Gadmor_lfc_spc,Gadmor_low_spc	Gadmor_avc_spc,Gadmor_lfo_spc|Gadmor_lfc_spc,Gadmor_low_spc	1
split_pattern_counts	LG12				Gadmor_avc_spc,Gadmor_twc_spc|Gadmor_kie_spc,Gadmor_lfc_spc	Gadmor_avc_spc,Gadmor_twc_spc|Gadmor_kie_spc,Gadmor_lfc_spc	1
split_pattern_counts	LG12				Gadmor_avc_spc,Gadmor_twc_spc|Gadmor_kie_spc,Gadmor_low_spc	Gadmor_avc_spc,Gadmor_twc_spc|Gadmor_kie_spc,Gadmor_low_spc	1
split_pattern_counts	LG12				Gadmor_avc_spc,Gadmor_twc_spc|Gadmor_lfc_spc,Gadmor_low_spc	Gadmor_avc_spc,Gadmor_twc_spc|Gadmor_lfc_spc,Gadmor_low_spc	1
split_pattern_counts	LG12				Gadmor_avc_spc,Gadmor_two_spc|Gadmor_kie_spc,Gadmor_lfc_spc	Gadmor_avc_spc,Gadmor_two_spc|Gadmor_kie_spc,Gadmor_lfc_spc	1
split_pattern_counts	LG12				Gadmor_avc_spc,Gadmor_two_spc|Gadmor_kie_spc,Gadmor_low_spc	Gadmor_avc_spc,Gadmor_two_spc|Gadmor_kie_spc,Gadmor_low_spc	1
split_pattern_counts	LG12				Gadmor_avc_spc,Gadmor_two_spc|Gadmor_lfc_spc,Gadmor_low_spc	Gadmor_avc_spc,Gadmor_two_spc|Gadmor_lfc_spc,Gadmor_low_spc	1
split_pattern_counts	LG12				Gadmor_avo_spc,Gadmor_bat_spc|Gadmor_kie_spc,Gadmor_lfc_spc	Gadmor_avo_spc,Gadmor_bat_spc|Gadmor_kie_spc,Gadmor_lfc_spc	1
split_pattern_counts	LG12				Gadmor_avo_spc,Gadmor_bat_spc|Gadmor_kie_spc,Gadmor_low_spc	Gadmor_avo_spc,Gadmor_bat_spc|Gadmor_kie_spc,Gadmor_low_spc	1
split_pattern_counts	LG12				Gadmor_avo_spc,Gadmor_bat_spc|Gadmor_lfc_spc,Gadmor_low_spc	Gadmor_avo_spc,Gadmor_bat_spc|Gadmor_lfc_spc,Gadmor_low_spc	1
split_pattern_counts	LG12				Gadmor_avo_spc,Gadmor_bor_spc|Gadmor_kie_spc,Gadmor_lfc_spc	Gadmor_avo_spc,Gadmor_lfc_spc|Gadmor_bor_spc,Gadmor_kie_spc	1
split_pattern_counts	LG12				Gadmor_avo_spc,Gadmor_bor_spc|Gadmor_kie_spc,Gadmor_low_spc	Gadmor_avo_spc,Gadmor_low_spc|Gadmor_bor_spc,Gadmor_kie_spc	1
split_pattern_counts	LG12				Gadmor_avo_spc,Gadmor_bor_spc|Gadmor_lfc_spc,Gadmor_low_spc	Gadmor_avo_spc,Gadmor_bor_spc|Gadmor_lfc_spc,Gadmor_low_spc	1
split_pattern_counts	LG12				Gadmor_avo_spc,Gadmor_icc_spc|Gadmor_kie_spc,Gadmor_lfc_spc	Gadmor_avo_spc,Gadmor_icc_spc|Gadmor_kie_spc,Gadmor_lfc_spc	1
split_pattern_counts	LG12				Gadmor_avo_spc,Gadmor_icc_spc|Gadmor_kie_spc,Gadmor_low_spc	Gadmor_avo_spc,Gadmor_icc_spc|Gadmor_kie_spc,Gadmor_low_spc	1
split_pattern_counts	LG12				Gadmor_avo_spc,Gadmor_icc_spc|Gadmor_lfc_spc,Gadmor_low_spc	Gadmor_avo_spc,Gadmor_icc_spc|Gadmor_lfc_spc,Gadmor_low_spc	1
split_pattern_counts	LG12				Gadmor_avo_spc,Gadmor_ico_spc|Gadmor_kie_spc,Gadmor_lfc_spc	Gadmor_avo_spc,Gadmor_ico_spc|Gadmor_kie_spc,Gadmor_lfc_spc	1
split_pattern_counts	LG12				Gadmor_avo_spc,Gadmor_ico_spc|Gadmor_kie_spc,Gadmor_low_spc	Gadmor_avo_spc,Gadmor_ico_spc|Gadmor_kie_spc,Gadmor_low_spc	1
split_pattern_counts	LG12				Gadmor_avo_spc,Gadmor_ico_spc|Gadmor_lfc_spc,Gadmor_low_spc	Gadmor_avo_spc,Gadmor_ico_spc|Gadmor_lfc_spc,Gadmor_low_spc	1
split_pattern_counts	LG12				Gadmor_avo_spc,Gadmor_lfo_spc|Gadmor_kie_spc,Gadmor_lfc_spc	Gadmor_avo_spc,Gadmor_lfo_spc|Gadmor_kie_spc,Gadmor_lfc_spc	1
split_pattern_counts	LG12				Gadmor_avo_spc,Gadmor_lfo_spc|Gadmor_kie_spc,Gadmor_low_spc	Gadmor_avo_spc,Gadmor_lfo_spc|Gadmor_kie_spc,Gadmor_low_spc	1
split_pattern_counts	LG12				Gadmor_avo_spc,Gadmor_lfo_spc|Gadmor_lfc_spc,Gadmor_low_spc	Gadmor_avo_spc,Gadmor_lfo_spc|Gadmor_lfc_spc,Gadmor_low_spc	1
split_pattern_counts	LG12				Gadmor_avo_spc,Gadmor_twc_spc|Gadmor_kie_spc,Gadmor_lfc_spc	Gadmor_avo_spc,Gadmor_twc_spc|Gadmor_kie_spc,Gadmor_lfc_spc	1
split_pattern_counts	LG12				Gadmor_avo_spc,Gadmor_twc_spc|Gadmor_kie_spc,Gadmor_low_spc	Gadmor_avo_spc,Gadmor_twc_spc|Gadmor_kie_spc,Gadmor_low_spc	1
split_pattern_counts	LG12				Gadmor_avo_spc,Gadmor_twc_spc|Gadmor_lfc_spc,Gadmor_low_spc	Gadmor_avo_spc,Gadmor_twc_spc|Gadmor_lfc_spc,Gadmor_low_spc	1
split_pattern_counts	LG12				Gadmor_avo_spc,Gadmor_two_spc|Gadmor_kie_spc,Gadmor_lfc_spc	Gadmor_avo_spc,Gadmor_two_spc|Gadmor_kie_spc,Gadmor_lfc_spc	1
split_pattern_counts	LG12				Gadmor_avo_spc,Gadmor_two_spc|Gadmor_kie_spc,Gadmor_low_spc	Gadmor_avo_spc,Gadmor_two_spc|Gadmor_kie_spc,Gadmor_low_spc	1
split_pattern_counts	LG12				Gadmor_avo_spc,Gadmor_two_spc|Gadmor_lfc_spc,Gadmor_low_spc	Gadmor_avo_spc,Gadmor_two_spc|Gadmor_lfc_spc,Gadmor_low_spc	1
split_pattern_counts	LG12				Gadmor_bat_spc,Gadmor_bor_spc|Gadmor_kie_spc,Gadmor_lfc_spc	Gadmor_bat_spc,Gadmor_lfc_spc|Gadmor_bor_spc,Gadmor_kie_spc	1
split_pattern_counts	LG12				Gadmor_bat_spc,Gadmor_bor_spc|Gadmor_kie_spc,Gadmor_low_spc	Gadmor_bat_spc,Gadmor_low_spc|Gadmor_bor_spc,Gadmor_kie_spc	1
split_pattern_counts	LG12				Gadmor_bat_spc,Gadmor_bor_spc|Gadmor_lfc_spc,Gadmor_low_spc	Gadmor_bat_spc,Gadmor_bor_spc|Gadmor_lfc_spc,Gadmor_low_spc	1
split_pattern_counts	LG12				Gadmor_bat_spc,Gadmor_icc_spc|Gadmor_kie_spc,Gadmor_lfc_spc	Gadmor_bat_spc,Gadmor_icc_spc|Gadmor_kie_spc,Gadmor_lfc_spc	1
split_pattern_counts	LG12				Gadmor_bat_spc,Gadmor_icc_spc|Gadmor_kie_spc,Gadmor_low_spc	Gadmor_bat_spc,Gadmor_icc_spc|Gadmor_kie_spc,Gadmor_low_spc	1
split_pattern_counts	LG12				Gadmor_bat_spc,Gadmor_icc_spc|Gadmor_lfc_spc,Gadmor_low_spc	Gadmor_bat_spc,Gadmor_icc_spc|Gadmor_lfc_spc,Gadmor_low_spc	1
split_pattern_counts	LG12				Gadmor_bat_spc,Gadmor_ico_spc|Gadmor_kie_spc,Gadmor_lfc_spc	Gadmor_bat_spc,Gadmor_ico_spc|Gadmor_kie_spc,Gadmor_lfc_spc	1
split_pattern_counts	LG12				Gadmor_bat_spc,Gadmor_ico_spc|Gadmor_kie_spc,Gadmor_low_spc	Gadmor_bat_spc,Gadmor_ico_spc|Gadmor_kie_spc,Gadmor_low_spc	1
split_pattern_counts	LG12				Gadmor_bat_spc,Gadmor_ico_spc|Gadmor_lfc_spc,Gadmor_low_spc	Gadmor_bat_spc,Gadmor_ico_spc|Gadmor_lfc_spc,Gadmor_low_spc	1
split_pattern_counts	LG12				Gadmor_bat_spc,Gadmor_lfo_spc|Gadmor_kie_spc,Gadmor_lfc_spc	Gadmor_bat_spc,Gadmor_lfo_spc|Gadmor_kie_spc,Gadmor_lfc_spc	1
split_pattern_counts	LG12				Gadmor_bat_spc,Gadmor_lfo_spc|Gadmor_kie_spc,Gadmor_low_spc	Gadmor_bat_spc,Gadmor_lfo_spc|Gadmor_kie_spc,Gadmor_low_spc	1
split_pattern_counts	LG12				Gadmor_bat_spc,Gadmor_lfo_spc|Gadmor_lfc_spc,Gadmor_low_spc	Gadmor_bat_spc,Gadmor_lfo_spc|Gadmor_lfc_spc,Gadmor_low_spc	1
split_pattern_counts	LG12				Gadmor_bat_spc,Gadmor_twc_spc|Gadmor_kie_spc,Gadmor_lfc_spc	Gadmor_bat_spc,Gadmor_twc_spc|Gadmor_kie_spc,Gadmor_lfc_spc	1
split_pattern_counts	LG12				Gadmor_bat_spc,Gadmor_twc_spc|Gadmor_kie_spc,Gadmor_low_spc	Gadmor_bat_spc,Gadmor_twc_spc|Gadmor_kie_spc,Gadmor_low_spc	1
split_pattern_counts	LG12				Gadmor_bat_spc,Gadmor_twc_spc|Gadmor_lfc_spc,Gadmor_low_spc	Gadmor_bat_spc,Gadmor_twc_spc|Gadmor_lfc_spc,Gadmor_low_spc	1
split_pattern_counts	LG12				Gadmor_bat_spc,Gadmor_two_spc|Gadmor_kie_spc,Gadmor_lfc_spc	Gadmor_bat_spc,Gadmor_two_spc|Gadmor_kie_spc,Gadmor_lfc_spc	1
split_pattern_counts	LG12				Gadmor_bat_spc,Gadmor_two_spc|Gadmor_kie_spc,Gadmor_low_spc	Gadmor_bat_spc,Gadmor_two_spc|Gadmor_kie_spc,Gadmor_low_spc	1
split_pattern_counts	LG12				Gadmor_bat_spc,Gadmor_two_spc|Gadmor_lfc_spc,Gadmor_low_spc	Gadmor_bat_spc,Gadmor_two_spc|Gadmor_lfc_spc,Gadmor_low_spc	1
split_pattern_counts	LG12				Gadmor_bor_spc,Gadmor_icc_spc|Gadmor_kie_spc,Gadmor_lfc_spc	Gadmor_bor_spc,Gadmor_kie_spc|Gadmor_icc_spc,Gadmor_lfc_spc	1
split_pattern_counts	LG12				Gadmor_bor_spc,Gadmor_icc_spc|Gadmor_kie_spc,Gadmor_low_spc	Gadmor_bor_spc,Gadmor_kie_spc|Gadmor_icc_spc,Gadmor_low_spc	1
split_pattern_counts	LG12				Gadmor_bor_spc,Gadmor_icc_spc|Gadmor_lfc_spc,Gadmor_low_spc	Gadmor_bor_spc,Gadmor_icc_spc|Gadmor_lfc_spc,Gadmor_low_spc	1
split_pattern_counts	LG12				Gadmor_bor_spc,Gadmor_ico_spc|Gadmor_kie_spc,Gadmor_lfc_spc	Gadmor_bor_spc,Gadmor_kie_spc|Gadmor_ico_spc,Gadmor_lfc_spc	1
split_pattern_counts	LG12				Gadmor_bor_spc,Gadmor_ico_spc|Gadmor_kie_spc,Gadmor_low_spc	Gadmor_bor_spc,Gadmor_kie_spc|Gadmor_ico_spc,Gadmor_low_spc	1
split_pattern_counts	LG12				Gadmor_bor_spc,Gadmor_ico_spc|Gadmor_lfc_spc,Gadmor_low_spc	Gadmor_bor_spc,Gadmor_ico_spc|Gadmor_lfc_spc,Gadmor_low_spc	1
split_pattern_counts	LG12				Gadmor_bor_spc,Gadmor_lfo_spc|Gadmor_kie_spc,Gadmor_lfc_spc	Gadmor_bor_spc,Gadmor_kie_spc|Gadmor_lfc_spc,Gadmor_lfo_spc	1
split_pattern_counts	LG12				Gadmor_bor_spc,Gadmor_lfo_spc|Gadmor_kie_spc,Gadmor_low_spc	Gadmor_bor_spc,Gadmor_kie_spc|Gadmor_lfo_spc,Gadmor_low_spc	1
split_pattern_counts	LG12				Gadmor_bor_spc,Gadmor_lfo_spc|Gadmor_lfc_spc,Gadmor_low_spc	Gadmor_bor_spc,Gadmor_lfo_spc|Gadmor_lfc_spc,Gadmor_low_spc	1
split_pattern_counts	LG12				Gadmor_bor_spc,Gadmor_twc_spc|Gadmor_kie_spc,Gadmor_lfc_spc	Gadmor_bor_spc,Gadmor_kie_spc|Gadmor_lfc_spc,Gadmor_twc_spc	1
split_pattern_counts	LG12				Gadmor_bor_spc,Gadmor_twc_spc|Gadmor_kie_spc,Gadmor_low_spc	Gadmor_bor_spc,Gadmor_kie_spc|Gadmor_low_spc,Gadmor_twc_spc	1
split_pattern_counts	LG12				Gadmor_bor_spc,Gadmor_twc_spc|Gadmor_lfc_spc,Gadmor_low_spc	Gadmor_bor_spc,Gadmor_twc_spc|Gadmor_lfc_spc,Gadmor_low_spc	1
split_pattern_counts	LG12				Gadmor_bor_spc,Gadmor_two_spc|Gadmor_kie_spc,Gadmor_lfc_spc	Gadmor_bor_spc,Gadmor_kie_spc|Gadmor_lfc_spc,Gadmor_two_spc	1
split_pattern_counts	LG12				Gadmor_bor_spc,Gadmor_two_spc|Gadmor_kie_spc,Gadmor_low_spc	Gadmor_bor_spc,Gadmor_kie_spc|Gadmor_low_spc,Gadmor_two_spc	1
split_pattern_counts	LG12				Gadmor_bor_spc,Gadmor_two_spc|Gadmor_lfc_spc,Gadmor_low_spc	Gadmor_bor_spc,Gadmor_two_spc|Gadmor_lfc_spc,Gadmor_low_spc	1
split_pattern_counts	LG12				Gadmor_icc_spc,Gadmor_ico_spc|Gadmor_kie_spc,Gadmor_lfc_spc	Gadmor_icc_spc,Gadmor_ico_spc|Gadmor_kie_spc,Gadmor_lfc_spc	1
split_pattern_counts	LG12				Gadmor_icc_spc,Gadmor_ico_spc|Gadmor_kie_spc,Gadmor_low_spc	Gadmor_icc_spc,Gadmor_ico_spc|Gadmor_kie_spc,Gadmor_low_spc	1
split_pattern_counts	LG12				Gadmor_icc_spc,Gadmor_ico_spc|Gadmor_lfc_spc,Gadmor_low_spc	Gadmor_icc_spc,Gadmor_ico_spc|Gadmor_lfc_spc,Gadmor_low_spc	1
split_pattern_counts	LG12				Gadmor_icc_spc,Gadmor_lfo_spc|Gadmor_kie_spc,Gadmor_lfc_spc	Gadmor_icc_spc,Gadmor_lfo_spc|Gadmor_kie_spc,Gadmor_lfc_spc	1
split_pattern_counts	LG12				Gadmor_icc_spc,Gadmor_lfo_spc|Gadmor_kie_spc,Gadmor_low_spc	Gadmor_icc_spc,Gadmor_lfo_spc|Gadmor_kie_spc,Gadmor_low_spc	1
split_pattern_counts	LG12				Gadmor_icc_spc,Gadmor_lfo_spc|Gadmor_lfc_spc,Gadmor_low_spc	Gadmor_icc_spc,Gadmor_lfo_spc|Gadmor_lfc_spc,Gadmor_low_spc	1
split_pattern_counts	LG12				Gadmor_icc_spc,Gadmor_twc_spc|Gadmor_kie_spc,Gadmor_lfc_spc	Gadmor_icc_spc,Gadmor_twc_spc|Gadmor_kie_spc,Gadmor_lfc_spc	1
split_pattern_counts	LG12				Gadmor_icc_spc,Gadmor_twc_spc|Gadmor_kie_spc,Gadmor_low_spc	Gadmor_icc_spc,Gadmor_twc_spc|Gadmor_kie_spc,Gadmor_low_spc	1
split_pattern_counts	LG12				Gadmor_icc_spc,Gadmor_twc_spc|Gadmor_lfc_spc,Gadmor_low_spc	Gadmor_icc_spc,Gadmor_twc_spc|Gadmor_lfc_spc,Gadmor_low_spc	1
split_pattern_counts	LG12				Gadmor_icc_spc,Gadmor_two_spc|Gadmor_kie_spc,Gadmor_lfc_spc	Gadmor_icc_spc,Gadmor_two_spc|Gadmor_kie_spc,Gadmor_lfc_spc	1
split_pattern_counts	LG12				Gadmor_icc_spc,Gadmor_two_spc|Gadmor_kie_spc,Gadmor_low_spc	Gadmor_icc_spc,Gadmor_two_spc|Gadmor_kie_spc,Gadmor_low_spc	1
split_pattern_counts	LG12				Gadmor_icc_spc,Gadmor_two_spc|Gadmor_lfc_spc,Gadmor_low_spc	Gadmor_icc_spc,Gadmor_two_spc|Gadmor_lfc_spc,Gadmor_low_spc	1
split_pattern_counts	LG12				Gadmor_ico_spc,Gadmor_lfo_spc|Gadmor_kie_spc,Gadmor_lfc_spc	Gadmor_ico_spc,Gadmor_lfo_spc|Gadmor_kie_spc,Gadmor_lfc_spc	1
split_pattern_counts	LG12				Gadmor_ico_spc,Gadmor_lfo_spc|Gadmor_kie_spc,Gadmor_low_spc	Gadmor_ico_spc,Gadmor_lfo_spc|Gadmor_kie_spc,Gadmor_low_spc	1
split_pattern_counts	LG12				Gadmor_ico_spc,Gadmor_lfo_spc|Gadmor_lfc_spc,Gadmor_low_spc	Gadmor_ico_spc,Gadmor_lfo_spc|Gadmor_lfc_spc,Gadmor_low_spc	1
split_pattern_counts	LG12				Gadmor_ico_spc,Gadmor_twc_spc|Gadmor_kie_spc,Gadmor_lfc_spc	Gadmor_ico_spc,Gadmor_twc_spc|Gadmor_kie_spc,Gadmor_lfc_spc	1
split_pattern_counts	LG12				Gadmor_ico_spc,Gadmor_twc_spc|Gadmor_kie_spc,Gadmor_low_spc	Gadmor_ico_spc,Gadmor_twc_spc|Gadmor_kie_spc,Gadmor_low_spc	1
split_pattern_counts	LG12				Gadmor_ico_spc,Gadmor_twc_spc|Gadmor_lfc_spc,Gadmor_low_spc	Gadmor_ico_spc,Gadmor_twc_spc|Gadmor_lfc_spc,Gadmor_low_spc	1
split_pattern_counts	LG12				Gadmor_ico_spc,Gadmor_two_spc|Gadmor_kie_spc,Gadmor_lfc_spc	Gadmor_ico_spc,Gadmor_two_spc|Gadmor_kie_spc,Gadmor_lfc_spc	1
split_pattern_counts	LG12				Gadmor_ico_spc,Gadmor_two_spc|Gadmor_kie_spc,Gadmor_low_spc	Gadmor_ico_spc,Gadmor_two_spc|Gadmor_kie_spc,Gadmor_low_spc	1
split_pattern_counts	LG12				Gadmor_ico_spc,Gadmor_two_spc|Gadmor_lfc_spc,Gadmor_low_spc	Gadmor_ico_spc,Gadmor_two_spc|Gadmor_lfc_spc,Gadmor_low_spc	1
split_pattern_counts	LG12				Gadmor_kie_spc,Gadmor_lfc_spc|Gadmor_lfo_spc,Gadmor_twc_spc	Gadmor_kie_spc,Gadmor_lfc_spc|Gadmor_lfo_spc,Gadmor_twc_spc	1
split_pattern_counts	LG12				Gadmor_kie_spc,Gadmor_lfc_spc|Gadmor_lfo_spc,Gadmor_two_spc	Gadmor_kie_spc,Gadmor_lfc_spc|Gadmor_lfo_spc,Gadmor_two_spc	1
split_pattern_counts	LG12				Gadmor_kie_spc,Gadmor_lfc_spc|Gadmor_twc_spc,Gadmor_two_spc	Gadmor_kie_spc,Gadmor_lfc_spc|Gadmor_twc_spc,Gadmor_two_spc	1
split_pattern_counts	LG12				Gadmor_kie_spc,Gadmor_low_spc|Gadmor_lfo_spc,Gadmor_twc_spc	Gadmor_kie_spc,Gadmor_low_spc|Gadmor_lfo_spc,Gadmor_twc_spc	1
split_pattern_counts	LG12				Gadmor_kie_spc,Gadmor_low_spc|Gadmor_lfo_spc,Gadmor_two_spc	Gadmor_kie_spc,Gadmor_low_spc|Gadmor_lfo_spc,Gadmor_two_spc	1
split_pattern_counts	LG12				Gadmor_kie_spc,Gadmor_low_spc|Gadmor_twc_spc,Gadmor_two_spc	Gadmor_kie_spc,Gadmor_low_spc|Gadmor_twc_spc,Gadmor_two_spc	1
split_pattern_counts	LG12				Gadmor_lfc_spc,Gadmor_low_spc|Gadmor_lfo_spc,Gadmor_twc_spc	Gadmor_lfc_spc,Gadmor_low_spc|Gadmor_lfo_spc,Gadmor_twc_spc	1
split_pattern_counts	LG12				Gadmor_lfc_spc,Gadmor_low_spc|Gadmor_lfo_spc,Gadmor_two_spc	Gadmor_lfc_spc,Gadmor_low_spc|Gadmor_lfo_spc,Gadmor_two_spc	1
split_pattern_counts	LG12				Gadmor_lfc_spc,Gadmor_low_spc|Gadmor_twc_spc,Gadmor_two_spc	Gadmor_lfc_spc,Gadmor_low_spc|Gadmor_twc_spc,Gadmor_two_spc	1
