lg	window_id	start	end	region_class	mcc_available	posterior_available	n_posterior_trees	source	notes
LG01	LG01_000000001_000250000	1	250000	outside	true	false		Nature Source Data Fig. 4 MCC tree; Zenodo record metadata inspected	Per-window posterior .trees files are referenced by the upstream workflow but are not locally present or listed as public Zenodo files.
LG01	LG01_000250001_000500000	250001	500000	outside	true	false		Nature Source Data Fig. 4 MCC tree; Zenodo record metadata inspected	Per-window posterior .trees files are referenced by the upstream workflow but are not locally present or listed as public Zenodo files.
LG01	LG01_000500001_000750000	500001	750000	outside	true	false		Nature Source Data Fig. 4 MCC tree; Zenodo record metadata inspected	Per-window posterior .trees files are referenced by the upstream workflow but are not locally present or listed as public Zenodo files.
LG01	LG01_000750001_001000000	750001	1000000	outside	true	false		Nature Source Data Fig. 4 MCC tree; Zenodo record metadata inspected	Per-window posterior .trees files are referenced by the upstream workflow but are not locally present or listed as public Zenodo files.
LG01	LG01_001000001_001250000	1000001	1250000	outside	true	false		Nature Source Data Fig. 4 MCC tree; Zenodo record metadata inspected	Per-window posterior .trees files are referenced by the upstream workflow but are not locally present or listed as public Zenodo files.
LG01	LG01_001250001_001500000	1250001	1500000	outside	true	false		Nature Source Data Fig. 4 MCC tree; Zenodo record metadata inspected	Per-window posterior .trees files are referenced by the upstream workflow but are not locally present or listed as public Zenodo files.
LG01	LG01_001500001_001750000	1500001	1750000	outside	true	false		Nature Source Data Fig. 4 MCC tree; Zenodo record metadata inspected	Per-window posterior .trees files are referenced by the upstream workflow but are not locally present or listed as public Zenodo files.
LG01	LG01_001750001_002000000	1750001	2000000	outside	true	false		Nature Source Data Fig. 4 MCC tree; Zenodo record metadata inspected	Per-window posterior .trees files are referenced by the upstream workflow but are not locally present or listed as public Zenodo files.
LG01	LG01_002000001_002250000	2000001	2250000	outside	true	false		Nature Source Data Fig. 4 MCC tree; Zenodo record metadata inspected	Per-window posterior .trees files are referenced by the upstream workflow but are not locally present or listed as public Zenodo files.
LG01	LG01_002250001_002500000	2250001	2500000	outside	true	false		Nature Source Data Fig. 4 MCC tree; Zenodo record metadata inspected	Per-window posterior .trees files are referenced by the upstream workflow but are not locally present or listed as public Zenodo files.
LG01	LG01_002500001_002750000	2500001	2750000	outside	true	false		Nature Source Data Fig. 4 MCC tree; Zenodo record metadata inspected	Per-window posterior .trees files are referenced by the upstream workflow but are not locally present or listed as public Zenodo files.
LG01	LG01_002750001_003000000	2750001	3000000	outside	true	false		Nature Source Data Fig. 4 MCC tree; Zenodo record metadata inspected	Per-window posterior .trees files are referenced by the upstream workflow but are not locally present or listed as public Zenodo files.
LG01	LG01_003000001_003250000	3000001	3250000	outside	true	false		Nature Source Data Fig. 4 MCC tree; Zenodo record metadata inspected	Per-window posterior .trees files are referenced by the upstream workflow but are not locally present or listed as public Zenodo files.
LG01	LG01_003250001_003500000	3250001	3500000	outside	true	false		Nature Source Data Fig. 4 MCC tree; Zenodo record metadata inspected	Per-window posterior .trees files are referenced by the upstream workflow but are not locally present or listed as public Zenodo files.
LG01	LG01_003500001_003750000	3500001	3750000	outside	true	false		Nature Source Data Fig. 4 MCC tree; Zenodo record metadata inspected	Per-window posterior .trees files are referenced by the upstream workflow but are not locally present or listed as public Zenodo files.
LG01	LG01_003750001_004000000	3750001	4000000	outside	true	false		Nature Source Data Fig. 4 MCC tree; Zenodo record metadata inspected	Per-window posterior .trees files are referenced by the upstream workflow but are not locally present or listed as public Zenodo files.
LG01	LG01_004000001_004250000	4000001	4250000	outside	true	false		Nature Source Data Fig. 4 MCC tree; Zenodo record metadata inspected	Per-window posterior .trees files are referenced by the upstream workflow but are not locally present or listed as public Zenodo files.
LG01	LG01_004250001_004500000	4250001	4500000	outside	true	false		Nature Source Data Fig. 4 MCC tree; Zenodo record metadata inspected	Per-window posterior .trees files are referenced by the upstream workflow but are not locally present or listed as public Zenodo files.
LG01	LG01_004500001_004750000	4500001	4750000	outside	true	false		Nature Source Data Fig. 4 MCC tree; Zenodo record metadata inspected	Per-window posterior .trees files are referenced by the upstream workflow but are not locally present or listed as public Zenodo files.
LG01	LG01_004750001_005000000	4750001	5000000	outside	true	false		Nature Source Data Fig. 4 MCC tree; Zenodo record metadata inspected	Per-window posterior .trees files are referenced by the upstream workflow but are not locally present or listed as public Zenodo files.
LG01	LG01_005000001_005250000	5000001	5250000	outside	true	false		Nature Source Data Fig. 4 MCC tree; Zenodo record metadata inspected	Per-window posterior .trees files are referenced by the upstream workflow but are not locally present or listed as public Zenodo files.
LG01	LG01_005250001_005500000	5250001	5500000	outside	true	false		Nature Source Data Fig. 4 MCC tree; Zenodo record metadata inspected	Per-window posterior .trees files are referenced by the upstream workflow but are not locally present or listed as public Zenodo files.
LG01	LG01_005750001_006000000	5750001	6000000	outside	true	false		Nature Source Data Fig. 4 MCC tree; Zenodo record metadata inspected	Per-window posterior .trees files are referenced by the upstream workflow but are not locally present or listed as public Zenodo files.
LG01	LG01_006000001_006250000	6000001	6250000	outside	true	false		Nature Source Data Fig. 4 MCC tree; Zenodo record metadata inspected	Per-window posterior .trees files are referenced by the upstream workflow but are not locally present or listed as public Zenodo files.
LG01	LG01_006250001_006500000	6250001	6500000	outside	true	false		Nature Source Data Fig. 4 MCC tree; Zenodo record metadata inspected	Per-window posterior .trees files are referenced by the upstream workflow but are not locally present or listed as public Zenodo files.
LG01	LG01_006500001_006750000	6500001	6750000	outside	true	false		Nature Source Data Fig. 4 MCC tree; Zenodo record metadata inspected	Per-window posterior .trees files are referenced by the upstream workflow but are not locally present or listed as public Zenodo files.
LG01	LG01_006750001_007000000	6750001	7000000	outside	true	false		Nature Source Data Fig. 4 MCC tree; Zenodo record metadata inspected	Per-window posterior .trees files are referenced by the upstream workflow but are not locally present or listed as public Zenodo files.
LG01	LG01_007000001_007250000	7000001	7250000	outside	true	false		Nature Source Data Fig. 4 MCC tree; Zenodo record metadata inspected	Per-window posterior .trees files are referenced by the upstream workflow but are not locally present or listed as public Zenodo files.
LG01	LG01_007250001_007500000	7250001	7500000	outside	true	false		Nature Source Data Fig. 4 MCC tree; Zenodo record metadata inspected	Per-window posterior .trees files are referenced by the upstream workflow but are not locally present or listed as public Zenodo files.
LG01	LG01_007500001_007750000	7500001	7750000	outside	true	false		Nature Source Data Fig. 4 MCC tree; Zenodo record metadata inspected	Per-window posterior .trees files are referenced by the upstream workflow but are not locally present or listed as public Zenodo files.
LG01	LG01_007750001_008000000	7750001	8000000	outside	true	false		Nature Source Data Fig. 4 MCC tree; Zenodo record metadata inspected	Per-window posterior .trees files are referenced by the upstream workflow but are not locally present or listed as public Zenodo files.
LG01	LG01_008000001_008250000	8000001	8250000	outside	true	false		Nature Source Data Fig. 4 MCC tree; Zenodo record metadata inspected	Per-window posterior .trees files are referenced by the upstream workflow but are not locally present or listed as public Zenodo files.
LG01	LG01_008250001_008500000	8250001	8500000	outside	true	false		Nature Source Data Fig. 4 MCC tree; Zenodo record metadata inspected	Per-window posterior .trees files are referenced by the upstream workflow but are not locally present or listed as public Zenodo files.
LG01	LG01_008500001_008750000	8500001	8750000	outside	true	false		Nature Source Data Fig. 4 MCC tree; Zenodo record metadata inspected	Per-window posterior .trees files are referenced by the upstream workflow but are not locally present or listed as public Zenodo files.
LG01	LG01_008750001_009000000	8750001	9000000	outside	true	false		Nature Source Data Fig. 4 MCC tree; Zenodo record metadata inspected	Per-window posterior .trees files are referenced by the upstream workflow but are not locally present or listed as public Zenodo files.
LG01	LG01_009000001_009250000	9000001	9250000	boundary	true	false		Nature Source Data Fig. 4 MCC tree; Zenodo record metadata inspected	Per-window posterior .trees files are referenced by the upstream workflow but are not locally present or listed as public Zenodo files.
LG01	LG01_009250001_009500000	9250001	9500000	inside	true	false		Nature Source Data Fig. 4 MCC tree; Zenodo record metadata inspected	Per-window posterior .trees files are referenced by the upstream workflow but are not locally present or listed as public Zenodo files.
LG01	LG01_009500001_009750000	9500001	9750000	inside	true	false		Nature Source Data Fig. 4 MCC tree; Zenodo record metadata inspected	Per-window posterior .trees files are referenced by the upstream workflow but are not locally present or listed as public Zenodo files.
LG01	LG01_009750001_010000000	9750001	10000000	inside	true	false		Nature Source Data Fig. 4 MCC tree; Zenodo record metadata inspected	Per-window posterior .trees files are referenced by the upstream workflow but are not locally present or listed as public Zenodo files.
LG01	LG01_010000001_010250000	10000001	10250000	inside	true	false		Nature Source Data Fig. 4 MCC tree; Zenodo record metadata inspected	Per-window posterior .trees files are referenced by the upstream workflow but are not locally present or listed as public Zenodo files.
LG01	LG01_010250001_010500000	10250001	10500000	inside	true	false		Nature Source Data Fig. 4 MCC tree; Zenodo record metadata inspected	Per-window posterior .trees files are referenced by the upstream workflow but are not locally present or listed as public Zenodo files.
LG01	LG01_010500001_010750000	10500001	10750000	inside	true	false		Nature Source Data Fig. 4 MCC tree; Zenodo record metadata inspected	Per-window posterior .trees files are referenced by the upstream workflow but are not locally present or listed as public Zenodo files.
LG01	LG01_010750001_011000000	10750001	11000000	inside	true	false		Nature Source Data Fig. 4 MCC tree; Zenodo record metadata inspected	Per-window posterior .trees files are referenced by the upstream workflow but are not locally present or listed as public Zenodo files.
LG01	LG01_011000001_011250000	11000001	11250000	inside	true	false		Nature Source Data Fig. 4 MCC tree; Zenodo record metadata inspected	Per-window posterior .trees files are referenced by the upstream workflow but are not locally present or listed as public Zenodo files.
LG01	LG01_011250001_011500000	11250001	11500000	inside	true	false		Nature Source Data Fig. 4 MCC tree; Zenodo record metadata inspected	Per-window posterior .trees files are referenced by the upstream workflow but are not locally present or listed as public Zenodo files.
LG01	LG01_011500001_011750000	11500001	11750000	inside	true	false		Nature Source Data Fig. 4 MCC tree; Zenodo record metadata inspected	Per-window posterior .trees files are referenced by the upstream workflow but are not locally present or listed as public Zenodo files.
LG01	LG01_011750001_012000000	11750001	12000000	inside	true	false		Nature Source Data Fig. 4 MCC tree; Zenodo record metadata inspected	Per-window posterior .trees files are referenced by the upstream workflow but are not locally present or listed as public Zenodo files.
LG01	LG01_012000001_012250000	12000001	12250000	inside	true	false		Nature Source Data Fig. 4 MCC tree; Zenodo record metadata inspected	Per-window posterior .trees files are referenced by the upstream workflow but are not locally present or listed as public Zenodo files.
LG01	LG01_012250001_012500000	12250001	12500000	inside	true	false		Nature Source Data Fig. 4 MCC tree; Zenodo record metadata inspected	Per-window posterior .trees files are referenced by the upstream workflow but are not locally present or listed as public Zenodo files.
LG01	LG01_012500001_012750000	12500001	12750000	inside	true	false		Nature Source Data Fig. 4 MCC tree; Zenodo record metadata inspected	Per-window posterior .trees files are referenced by the upstream workflow but are not locally present or listed as public Zenodo files.
LG01	LG01_012750001_013000000	12750001	13000000	inside	true	false		Nature Source Data Fig. 4 MCC tree; Zenodo record metadata inspected	Per-window posterior .trees files are referenced by the upstream workflow but are not locally present or listed as public Zenodo files.
LG01	LG01_013000001_013250000	13000001	13250000	inside	true	false		Nature Source Data Fig. 4 MCC tree; Zenodo record metadata inspected	Per-window posterior .trees files are referenced by the upstream workflow but are not locally present or listed as public Zenodo files.
LG01	LG01_013250001_013500000	13250001	13500000	inside	true	false		Nature Source Data Fig. 4 MCC tree; Zenodo record metadata inspected	Per-window posterior .trees files are referenced by the upstream workflow but are not locally present or listed as public Zenodo files.
LG01	LG01_013500001_013750000	13500001	13750000	inside	true	false		Nature Source Data Fig. 4 MCC tree; Zenodo record metadata inspected	Per-window posterior .trees files are referenced by the upstream workflow but are not locally present or listed as public Zenodo files.
LG01	LG01_013750001_014000000	13750001	14000000	inside	true	false		Nature Source Data Fig. 4 MCC tree; Zenodo record metadata inspected	Per-window posterior .trees files are referenced by the upstream workflow but are not locally present or listed as public Zenodo files.
LG01	LG01_014000001_014250000	14000001	14250000	inside	true	false		Nature Source Data Fig. 4 MCC tree; Zenodo record metadata inspected	Per-window posterior .trees files are referenced by the upstream workflow but are not locally present or listed as public Zenodo files.
LG01	LG01_014250001_014500000	14250001	14500000	inside	true	false		Nature Source Data Fig. 4 MCC tree; Zenodo record metadata inspected	Per-window posterior .trees files are referenced by the upstream workflow but are not locally present or listed as public Zenodo files.
LG01	LG01_014500001_014750000	14500001	14750000	inside	true	false		Nature Source Data Fig. 4 MCC tree; Zenodo record metadata inspected	Per-window posterior .trees files are referenced by the upstream workflow but are not locally present or listed as public Zenodo files.
LG01	LG01_014750001_015000000	14750001	15000000	inside	true	false		Nature Source Data Fig. 4 MCC tree; Zenodo record metadata inspected	Per-window posterior .trees files are referenced by the upstream workflow but are not locally present or listed as public Zenodo files.
LG01	LG01_015000001_015250000	15000001	15250000	inside	true	false		Nature Source Data Fig. 4 MCC tree; Zenodo record metadata inspected	Per-window posterior .trees files are referenced by the upstream workflow but are not locally present or listed as public Zenodo files.
LG01	LG01_015250001_015500000	15250001	15500000	inside	true	false		Nature Source Data Fig. 4 MCC tree; Zenodo record metadata inspected	Per-window posterior .trees files are referenced by the upstream workflow but are not locally present or listed as public Zenodo files.
LG01	LG01_015500001_015750000	15500001	15750000	inside	true	false		Nature Source Data Fig. 4 MCC tree; Zenodo record metadata inspected	Per-window posterior .trees files are referenced by the upstream workflow but are not locally present or listed as public Zenodo files.
LG01	LG01_015750001_016000000	15750001	16000000	inside	true	false		Nature Source Data Fig. 4 MCC tree; Zenodo record metadata inspected	Per-window posterior .trees files are referenced by the upstream workflow but are not locally present or listed as public Zenodo files.
LG01	LG01_016000001_016250000	16000001	16250000	inside	true	false		Nature Source Data Fig. 4 MCC tree; Zenodo record metadata inspected	Per-window posterior .trees files are referenced by the upstream workflow but are not locally present or listed as public Zenodo files.
LG01	LG01_016250001_016500000	16250001	16500000	inside	true	false		Nature Source Data Fig. 4 MCC tree; Zenodo record metadata inspected	Per-window posterior .trees files are referenced by the upstream workflow but are not locally present or listed as public Zenodo files.
LG01	LG01_016500001_016750000	16500001	16750000	inside	true	false		Nature Source Data Fig. 4 MCC tree; Zenodo record metadata inspected	Per-window posterior .trees files are referenced by the upstream workflow but are not locally present or listed as public Zenodo files.
LG01	LG01_016750001_017000000	16750001	17000000	inside	true	false		Nature Source Data Fig. 4 MCC tree; Zenodo record metadata inspected	Per-window posterior .trees files are referenced by the upstream workflow but are not locally present or listed as public Zenodo files.
LG01	LG01_017000001_017250000	17000001	17250000	inside	true	false		Nature Source Data Fig. 4 MCC tree; Zenodo record metadata inspected	Per-window posterior .trees files are referenced by the upstream workflow but are not locally present or listed as public Zenodo files.
LG01	LG01_017250001_017500000	17250001	17500000	inside	true	false		Nature Source Data Fig. 4 MCC tree; Zenodo record metadata inspected	Per-window posterior .trees files are referenced by the upstream workflow but are not locally present or listed as public Zenodo files.
LG01	LG01_017500001_017750000	17500001	17750000	inside	true	false		Nature Source Data Fig. 4 MCC tree; Zenodo record metadata inspected	Per-window posterior .trees files are referenced by the upstream workflow but are not locally present or listed as public Zenodo files.
LG01	LG01_017750001_018000000	17750001	18000000	inside	true	false		Nature Source Data Fig. 4 MCC tree; Zenodo record metadata inspected	Per-window posterior .trees files are referenced by the upstream workflow but are not locally present or listed as public Zenodo files.
LG01	LG01_018000001_018250000	18000001	18250000	inside	true	false		Nature Source Data Fig. 4 MCC tree; Zenodo record metadata inspected	Per-window posterior .trees files are referenced by the upstream workflow but are not locally present or listed as public Zenodo files.
LG01	LG01_018250001_018500000	18250001	18500000	inside	true	false		Nature Source Data Fig. 4 MCC tree; Zenodo record metadata inspected	Per-window posterior .trees files are referenced by the upstream workflow but are not locally present or listed as public Zenodo files.
LG01	LG01_018500001_018750000	18500001	18750000	inside	true	false		Nature Source Data Fig. 4 MCC tree; Zenodo record metadata inspected	Per-window posterior .trees files are referenced by the upstream workflow but are not locally present or listed as public Zenodo files.
LG01	LG01_018750001_019000000	18750001	19000000	inside	true	false		Nature Source Data Fig. 4 MCC tree; Zenodo record metadata inspected	Per-window posterior .trees files are referenced by the upstream workflow but are not locally present or listed as public Zenodo files.
LG01	LG01_019000001_019250000	19000001	19250000	inside	true	false		Nature Source Data Fig. 4 MCC tree; Zenodo record metadata inspected	Per-window posterior .trees files are referenced by the upstream workflow but are not locally present or listed as public Zenodo files.
LG01	LG01_019250001_019500000	19250001	19500000	inside	true	false		Nature Source Data Fig. 4 MCC tree; Zenodo record metadata inspected	Per-window posterior .trees files are referenced by the upstream workflow but are not locally present or listed as public Zenodo files.
LG01	LG01_019500001_019750000	19500001	19750000	inside	true	false		Nature Source Data Fig. 4 MCC tree; Zenodo record metadata inspected	Per-window posterior .trees files are referenced by the upstream workflow but are not locally present or listed as public Zenodo files.
LG01	LG01_019750001_020000000	19750001	20000000	inside	true	false		Nature Source Data Fig. 4 MCC tree; Zenodo record metadata inspected	Per-window posterior .trees files are referenced by the upstream workflow but are not locally present or listed as public Zenodo files.
LG01	LG01_020000001_020250000	20000001	20250000	inside	true	false		Nature Source Data Fig. 4 MCC tree; Zenodo record metadata inspected	Per-window posterior .trees files are referenced by the upstream workflow but are not locally present or listed as public Zenodo files.
LG01	LG01_020250001_020500000	20250001	20500000	inside	true	false		Nature Source Data Fig. 4 MCC tree; Zenodo record metadata inspected	Per-window posterior .trees files are referenced by the upstream workflow but are not locally present or listed as public Zenodo files.
LG01	LG01_020500001_020750000	20500001	20750000	inside	true	false		Nature Source Data Fig. 4 MCC tree; Zenodo record metadata inspected	Per-window posterior .trees files are referenced by the upstream workflow but are not locally present or listed as public Zenodo files.
LG01	LG01_020750001_021000000	20750001	21000000	inside	true	false		Nature Source Data Fig. 4 MCC tree; Zenodo record metadata inspected	Per-window posterior .trees files are referenced by the upstream workflow but are not locally present or listed as public Zenodo files.
LG01	LG01_021000001_021250000	21000001	21250000	inside	true	false		Nature Source Data Fig. 4 MCC tree; Zenodo record metadata inspected	Per-window posterior .trees files are referenced by the upstream workflow but are not locally present or listed as public Zenodo files.
LG01	LG01_021250001_021500000	21250001	21500000	inside	true	false		Nature Source Data Fig. 4 MCC tree; Zenodo record metadata inspected	Per-window posterior .trees files are referenced by the upstream workflow but are not locally present or listed as public Zenodo files.
LG01	LG01_021500001_021750000	21500001	21750000	inside	true	false		Nature Source Data Fig. 4 MCC tree; Zenodo record metadata inspected	Per-window posterior .trees files are referenced by the upstream workflow but are not locally present or listed as public Zenodo files.
LG01	LG01_021750001_022000000	21750001	22000000	inside	true	false		Nature Source Data Fig. 4 MCC tree; Zenodo record metadata inspected	Per-window posterior .trees files are referenced by the upstream workflow but are not locally present or listed as public Zenodo files.
LG01	LG01_022000001_022250000	22000001	22250000	inside	true	false		Nature Source Data Fig. 4 MCC tree; Zenodo record metadata inspected	Per-window posterior .trees files are referenced by the upstream workflow but are not locally present or listed as public Zenodo files.
LG01	LG01_022250001_022500000	22250001	22500000	inside	true	false		Nature Source Data Fig. 4 MCC tree; Zenodo record metadata inspected	Per-window posterior .trees files are referenced by the upstream workflow but are not locally present or listed as public Zenodo files.
LG01	LG01_022500001_022750000	22500001	22750000	inside	true	false		Nature Source Data Fig. 4 MCC tree; Zenodo record metadata inspected	Per-window posterior .trees files are referenced by the upstream workflow but are not locally present or listed as public Zenodo files.
LG01	LG01_022750001_023000000	22750001	23000000	inside	true	false		Nature Source Data Fig. 4 MCC tree; Zenodo record metadata inspected	Per-window posterior .trees files are referenced by the upstream workflow but are not locally present or listed as public Zenodo files.
LG01	LG01_023000001_023250000	23000001	23250000	inside	true	false		Nature Source Data Fig. 4 MCC tree; Zenodo record metadata inspected	Per-window posterior .trees files are referenced by the upstream workflow but are not locally present or listed as public Zenodo files.
LG01	LG01_023500001_023750000	23500001	23750000	inside	true	false		Nature Source Data Fig. 4 MCC tree; Zenodo record metadata inspected	Per-window posterior .trees files are referenced by the upstream workflow but are not locally present or listed as public Zenodo files.
LG01	LG01_023750001_024000000	23750001	24000000	inside	true	false		Nature Source Data Fig. 4 MCC tree; Zenodo record metadata inspected	Per-window posterior .trees files are referenced by the upstream workflow but are not locally present or listed as public Zenodo files.
LG01	LG01_024000001_024250000	24000001	24250000	inside	true	false		Nature Source Data Fig. 4 MCC tree; Zenodo record metadata inspected	Per-window posterior .trees files are referenced by the upstream workflow but are not locally present or listed as public Zenodo files.
LG01	LG01_024250001_024500000	24250001	24500000	inside	true	false		Nature Source Data Fig. 4 MCC tree; Zenodo record metadata inspected	Per-window posterior .trees files are referenced by the upstream workflow but are not locally present or listed as public Zenodo files.
LG01	LG01_024500001_024750000	24500001	24750000	inside	true	false		Nature Source Data Fig. 4 MCC tree; Zenodo record metadata inspected	Per-window posterior .trees files are referenced by the upstream workflow but are not locally present or listed as public Zenodo files.
LG01	LG01_024750001_025000000	24750001	25000000	inside	true	false		Nature Source Data Fig. 4 MCC tree; Zenodo record metadata inspected	Per-window posterior .trees files are referenced by the upstream workflow but are not locally present or listed as public Zenodo files.
LG01	LG01_025000001_025250000	25000001	25250000	inside	true	false		Nature Source Data Fig. 4 MCC tree; Zenodo record metadata inspected	Per-window posterior .trees files are referenced by the upstream workflow but are not locally present or listed as public Zenodo files.
LG01	LG01_025250001_025500000	25250001	25500000	inside	true	false		Nature Source Data Fig. 4 MCC tree; Zenodo record metadata inspected	Per-window posterior .trees files are referenced by the upstream workflow but are not locally present or listed as public Zenodo files.
LG01	LG01_025500001_025750000	25500001	25750000	inside	true	false		Nature Source Data Fig. 4 MCC tree; Zenodo record metadata inspected	Per-window posterior .trees files are referenced by the upstream workflow but are not locally present or listed as public Zenodo files.
LG01	LG01_025750001_026000000	25750001	26000000	inside	true	false		Nature Source Data Fig. 4 MCC tree; Zenodo record metadata inspected	Per-window posterior .trees files are referenced by the upstream workflow but are not locally present or listed as public Zenodo files.
LG01	LG01_026250001_026500000	26250001	26500000	outside	true	false		Nature Source Data Fig. 4 MCC tree; Zenodo record metadata inspected	Per-window posterior .trees files are referenced by the upstream workflow but are not locally present or listed as public Zenodo files.
LG01	LG01_026500001_026750000	26500001	26750000	outside	true	false		Nature Source Data Fig. 4 MCC tree; Zenodo record metadata inspected	Per-window posterior .trees files are referenced by the upstream workflow but are not locally present or listed as public Zenodo files.
LG01	LG01_026750001_027000000	26750001	27000000	outside	true	false		Nature Source Data Fig. 4 MCC tree; Zenodo record metadata inspected	Per-window posterior .trees files are referenced by the upstream workflow but are not locally present or listed as public Zenodo files.
LG01	LG01_027000001_027250000	27000001	27250000	outside	true	false		Nature Source Data Fig. 4 MCC tree; Zenodo record metadata inspected	Per-window posterior .trees files are referenced by the upstream workflow but are not locally present or listed as public Zenodo files.
LG01	LG01_027250001_027500000	27250001	27500000	outside	true	false		Nature Source Data Fig. 4 MCC tree; Zenodo record metadata inspected	Per-window posterior .trees files are referenced by the upstream workflow but are not locally present or listed as public Zenodo files.
LG01	LG01_027500001_027750000	27500001	27750000	outside	true	false		Nature Source Data Fig. 4 MCC tree; Zenodo record metadata inspected	Per-window posterior .trees files are referenced by the upstream workflow but are not locally present or listed as public Zenodo files.
LG01	LG01_027750001_028000000	27750001	28000000	outside	true	false		Nature Source Data Fig. 4 MCC tree; Zenodo record metadata inspected	Per-window posterior .trees files are referenced by the upstream workflow but are not locally present or listed as public Zenodo files.
LG01	LG01_028000001_028250000	28000001	28250000	outside	true	false		Nature Source Data Fig. 4 MCC tree; Zenodo record metadata inspected	Per-window posterior .trees files are referenced by the upstream workflow but are not locally present or listed as public Zenodo files.
LG02	LG02_000000001_000250000	1	250000	outside	true	false		Nature Source Data Fig. 4 MCC tree; Zenodo record metadata inspected	Per-window posterior .trees files are referenced by the upstream workflow but are not locally present or listed as public Zenodo files.
LG02	LG02_000500001_000750000	500001	750000	outside	true	false		Nature Source Data Fig. 4 MCC tree; Zenodo record metadata inspected	Per-window posterior .trees files are referenced by the upstream workflow but are not locally present or listed as public Zenodo files.
LG02	LG02_000750001_001000000	750001	1000000	outside	true	false		Nature Source Data Fig. 4 MCC tree; Zenodo record metadata inspected	Per-window posterior .trees files are referenced by the upstream workflow but are not locally present or listed as public Zenodo files.
LG02	LG02_001000001_001250000	1000001	1250000	outside	true	false		Nature Source Data Fig. 4 MCC tree; Zenodo record metadata inspected	Per-window posterior .trees files are referenced by the upstream workflow but are not locally present or listed as public Zenodo files.
LG02	LG02_001250001_001500000	1250001	1500000	outside	true	false		Nature Source Data Fig. 4 MCC tree; Zenodo record metadata inspected	Per-window posterior .trees files are referenced by the upstream workflow but are not locally present or listed as public Zenodo files.
LG02	LG02_001750001_002000000	1750001	2000000	outside	true	false		Nature Source Data Fig. 4 MCC tree; Zenodo record metadata inspected	Per-window posterior .trees files are referenced by the upstream workflow but are not locally present or listed as public Zenodo files.
LG02	LG02_002000001_002250000	2000001	2250000	outside	true	false		Nature Source Data Fig. 4 MCC tree; Zenodo record metadata inspected	Per-window posterior .trees files are referenced by the upstream workflow but are not locally present or listed as public Zenodo files.
LG02	LG02_002250001_002500000	2250001	2500000	outside	true	false		Nature Source Data Fig. 4 MCC tree; Zenodo record metadata inspected	Per-window posterior .trees files are referenced by the upstream workflow but are not locally present or listed as public Zenodo files.
LG02	LG02_002500001_002750000	2500001	2750000	outside	true	false		Nature Source Data Fig. 4 MCC tree; Zenodo record metadata inspected	Per-window posterior .trees files are referenced by the upstream workflow but are not locally present or listed as public Zenodo files.
LG02	LG02_002750001_003000000	2750001	3000000	outside	true	false		Nature Source Data Fig. 4 MCC tree; Zenodo record metadata inspected	Per-window posterior .trees files are referenced by the upstream workflow but are not locally present or listed as public Zenodo files.
LG02	LG02_003000001_003250000	3000001	3250000	outside	true	false		Nature Source Data Fig. 4 MCC tree; Zenodo record metadata inspected	Per-window posterior .trees files are referenced by the upstream workflow but are not locally present or listed as public Zenodo files.
LG02	LG02_003250001_003500000	3250001	3500000	outside	true	false		Nature Source Data Fig. 4 MCC tree; Zenodo record metadata inspected	Per-window posterior .trees files are referenced by the upstream workflow but are not locally present or listed as public Zenodo files.
LG02	LG02_003500001_003750000	3500001	3750000	outside	true	false		Nature Source Data Fig. 4 MCC tree; Zenodo record metadata inspected	Per-window posterior .trees files are referenced by the upstream workflow but are not locally present or listed as public Zenodo files.
LG02	LG02_003750001_004000000	3750001	4000000	outside	true	false		Nature Source Data Fig. 4 MCC tree; Zenodo record metadata inspected	Per-window posterior .trees files are referenced by the upstream workflow but are not locally present or listed as public Zenodo files.
LG02	LG02_004000001_004250000	4000001	4250000	outside	true	false		Nature Source Data Fig. 4 MCC tree; Zenodo record metadata inspected	Per-window posterior .trees files are referenced by the upstream workflow but are not locally present or listed as public Zenodo files.
LG02	LG02_004250001_004500000	4250001	4500000	outside	true	false		Nature Source Data Fig. 4 MCC tree; Zenodo record metadata inspected	Per-window posterior .trees files are referenced by the upstream workflow but are not locally present or listed as public Zenodo files.
LG02	LG02_004500001_004750000	4500001	4750000	outside	true	false		Nature Source Data Fig. 4 MCC tree; Zenodo record metadata inspected	Per-window posterior .trees files are referenced by the upstream workflow but are not locally present or listed as public Zenodo files.
LG02	LG02_004750001_005000000	4750001	5000000	outside	true	false		Nature Source Data Fig. 4 MCC tree; Zenodo record metadata inspected	Per-window posterior .trees files are referenced by the upstream workflow but are not locally present or listed as public Zenodo files.
LG02	LG02_005000001_005250000	5000001	5250000	outside	true	false		Nature Source Data Fig. 4 MCC tree; Zenodo record metadata inspected	Per-window posterior .trees files are referenced by the upstream workflow but are not locally present or listed as public Zenodo files.
LG02	LG02_005250001_005500000	5250001	5500000	outside	true	false		Nature Source Data Fig. 4 MCC tree; Zenodo record metadata inspected	Per-window posterior .trees files are referenced by the upstream workflow but are not locally present or listed as public Zenodo files.
LG02	LG02_005500001_005750000	5500001	5750000	outside	true	false		Nature Source Data Fig. 4 MCC tree; Zenodo record metadata inspected	Per-window posterior .trees files are referenced by the upstream workflow but are not locally present or listed as public Zenodo files.
LG02	LG02_005750001_006000000	5750001	6000000	outside	true	false		Nature Source Data Fig. 4 MCC tree; Zenodo record metadata inspected	Per-window posterior .trees files are referenced by the upstream workflow but are not locally present or listed as public Zenodo files.
LG02	LG02_006000001_006250000	6000001	6250000	outside	true	false		Nature Source Data Fig. 4 MCC tree; Zenodo record metadata inspected	Per-window posterior .trees files are referenced by the upstream workflow but are not locally present or listed as public Zenodo files.
LG02	LG02_006250001_006500000	6250001	6500000	outside	true	false		Nature Source Data Fig. 4 MCC tree; Zenodo record metadata inspected	Per-window posterior .trees files are referenced by the upstream workflow but are not locally present or listed as public Zenodo files.
LG02	LG02_006500001_006750000	6500001	6750000	outside	true	false		Nature Source Data Fig. 4 MCC tree; Zenodo record metadata inspected	Per-window posterior .trees files are referenced by the upstream workflow but are not locally present or listed as public Zenodo files.
LG02	LG02_006750001_007000000	6750001	7000000	outside	true	false		Nature Source Data Fig. 4 MCC tree; Zenodo record metadata inspected	Per-window posterior .trees files are referenced by the upstream workflow but are not locally present or listed as public Zenodo files.
LG02	LG02_007000001_007250000	7000001	7250000	outside	true	false		Nature Source Data Fig. 4 MCC tree; Zenodo record metadata inspected	Per-window posterior .trees files are referenced by the upstream workflow but are not locally present or listed as public Zenodo files.
LG02	LG02_007250001_007500000	7250001	7500000	outside	true	false		Nature Source Data Fig. 4 MCC tree; Zenodo record metadata inspected	Per-window posterior .trees files are referenced by the upstream workflow but are not locally present or listed as public Zenodo files.
LG02	LG02_007500001_007750000	7500001	7750000	outside	true	false		Nature Source Data Fig. 4 MCC tree; Zenodo record metadata inspected	Per-window posterior .trees files are referenced by the upstream workflow but are not locally present or listed as public Zenodo files.
LG02	LG02_007750001_008000000	7750001	8000000	outside	true	false		Nature Source Data Fig. 4 MCC tree; Zenodo record metadata inspected	Per-window posterior .trees files are referenced by the upstream workflow but are not locally present or listed as public Zenodo files.
LG02	LG02_008000001_008250000	8000001	8250000	outside	true	false		Nature Source Data Fig. 4 MCC tree; Zenodo record metadata inspected	Per-window posterior .trees files are referenced by the upstream workflow but are not locally present or listed as public Zenodo files.
LG02	LG02_008250001_008500000	8250001	8500000	outside	true	false		Nature Source Data Fig. 4 MCC tree; Zenodo record metadata inspected	Per-window posterior .trees files are referenced by the upstream workflow but are not locally present or listed as public Zenodo files.
LG02	LG02_008500001_008750000	8500001	8750000	outside	true	false		Nature Source Data Fig. 4 MCC tree; Zenodo record metadata inspected	Per-window posterior .trees files are referenced by the upstream workflow but are not locally present or listed as public Zenodo files.
LG02	LG02_008750001_009000000	8750001	9000000	outside	true	false		Nature Source Data Fig. 4 MCC tree; Zenodo record metadata inspected	Per-window posterior .trees files are referenced by the upstream workflow but are not locally present or listed as public Zenodo files.
LG02	LG02_009000001_009250000	9000001	9250000	outside	true	false		Nature Source Data Fig. 4 MCC tree; Zenodo record metadata inspected	Per-window posterior .trees files are referenced by the upstream workflow but are not locally present or listed as public Zenodo files.
LG02	LG02_009500001_009750000	9500001	9750000	outside	true	false		Nature Source Data Fig. 4 MCC tree; Zenodo record metadata inspected	Per-window posterior .trees files are referenced by the upstream workflow but are not locally present or listed as public Zenodo files.
LG02	LG02_009750001_010000000	9750001	10000000	outside	true	false		Nature Source Data Fig. 4 MCC tree; Zenodo record metadata inspected	Per-window posterior .trees files are referenced by the upstream workflow but are not locally present or listed as public Zenodo files.
LG02	LG02_010000001_010250000	10000001	10250000	outside	true	false		Nature Source Data Fig. 4 MCC tree; Zenodo record metadata inspected	Per-window posterior .trees files are referenced by the upstream workflow but are not locally present or listed as public Zenodo files.
LG02	LG02_010250001_010500000	10250001	10500000	outside	true	false		Nature Source Data Fig. 4 MCC tree; Zenodo record metadata inspected	Per-window posterior .trees files are referenced by the upstream workflow but are not locally present or listed as public Zenodo files.
LG02	LG02_010500001_010750000	10500001	10750000	outside	true	false		Nature Source Data Fig. 4 MCC tree; Zenodo record metadata inspected	Per-window posterior .trees files are referenced by the upstream workflow but are not locally present or listed as public Zenodo files.
LG02	LG02_010750001_011000000	10750001	11000000	outside	true	false		Nature Source Data Fig. 4 MCC tree; Zenodo record metadata inspected	Per-window posterior .trees files are referenced by the upstream workflow but are not locally present or listed as public Zenodo files.
LG02	LG02_011000001_011250000	11000001	11250000	outside	true	false		Nature Source Data Fig. 4 MCC tree; Zenodo record metadata inspected	Per-window posterior .trees files are referenced by the upstream workflow but are not locally present or listed as public Zenodo files.
LG02	LG02_011250001_011500000	11250001	11500000	outside	true	false		Nature Source Data Fig. 4 MCC tree; Zenodo record metadata inspected	Per-window posterior .trees files are referenced by the upstream workflow but are not locally present or listed as public Zenodo files.
LG02	LG02_011500001_011750000	11500001	11750000	outside	true	false		Nature Source Data Fig. 4 MCC tree; Zenodo record metadata inspected	Per-window posterior .trees files are referenced by the upstream workflow but are not locally present or listed as public Zenodo files.
LG02	LG02_011750001_012000000	11750001	12000000	outside	true	false		Nature Source Data Fig. 4 MCC tree; Zenodo record metadata inspected	Per-window posterior .trees files are referenced by the upstream workflow but are not locally present or listed as public Zenodo files.
LG02	LG02_012000001_012250000	12000001	12250000	outside	true	false		Nature Source Data Fig. 4 MCC tree; Zenodo record metadata inspected	Per-window posterior .trees files are referenced by the upstream workflow but are not locally present or listed as public Zenodo files.
LG02	LG02_012250001_012500000	12250001	12500000	outside	true	false		Nature Source Data Fig. 4 MCC tree; Zenodo record metadata inspected	Per-window posterior .trees files are referenced by the upstream workflow but are not locally present or listed as public Zenodo files.
LG02	LG02_012500001_012750000	12500001	12750000	outside	true	false		Nature Source Data Fig. 4 MCC tree; Zenodo record metadata inspected	Per-window posterior .trees files are referenced by the upstream workflow but are not locally present or listed as public Zenodo files.
LG02	LG02_012750001_013000000	12750001	13000000	outside	true	false		Nature Source Data Fig. 4 MCC tree; Zenodo record metadata inspected	Per-window posterior .trees files are referenced by the upstream workflow but are not locally present or listed as public Zenodo files.
LG02	LG02_013000001_013250000	13000001	13250000	outside	true	false		Nature Source Data Fig. 4 MCC tree; Zenodo record metadata inspected	Per-window posterior .trees files are referenced by the upstream workflow but are not locally present or listed as public Zenodo files.
LG02	LG02_013250001_013500000	13250001	13500000	outside	true	false		Nature Source Data Fig. 4 MCC tree; Zenodo record metadata inspected	Per-window posterior .trees files are referenced by the upstream workflow but are not locally present or listed as public Zenodo files.
LG02	LG02_013500001_013750000	13500001	13750000	outside	true	false		Nature Source Data Fig. 4 MCC tree; Zenodo record metadata inspected	Per-window posterior .trees files are referenced by the upstream workflow but are not locally present or listed as public Zenodo files.
LG02	LG02_013750001_014000000	13750001	14000000	outside	true	false		Nature Source Data Fig. 4 MCC tree; Zenodo record metadata inspected	Per-window posterior .trees files are referenced by the upstream workflow but are not locally present or listed as public Zenodo files.
LG02	LG02_014000001_014250000	14000001	14250000	outside	true	false		Nature Source Data Fig. 4 MCC tree; Zenodo record metadata inspected	Per-window posterior .trees files are referenced by the upstream workflow but are not locally present or listed as public Zenodo files.
LG02	LG02_014250001_014500000	14250001	14500000	outside	true	false		Nature Source Data Fig. 4 MCC tree; Zenodo record metadata inspected	Per-window posterior .trees files are referenced by the upstream workflow but are not locally present or listed as public Zenodo files.
LG02	LG02_014500001_014750000	14500001	14750000	outside	true	false		Nature Source Data Fig. 4 MCC tree; Zenodo record metadata inspected	Per-window posterior .trees files are referenced by the upstream workflow but are not locally present or listed as public Zenodo files.
LG02	LG02_014750001_015000000	14750001	15000000	outside	true	false		Nature Source Data Fig. 4 MCC tree; Zenodo record metadata inspected	Per-window posterior .trees files are referenced by the upstream workflow but are not locally present or listed as public Zenodo files.
LG02	LG02_015000001_015250000	15000001	15250000	outside	true	false		Nature Source Data Fig. 4 MCC tree; Zenodo record metadata inspected	Per-window posterior .trees files are referenced by the upstream workflow but are not locally present or listed as public Zenodo files.
LG02	LG02_015250001_015500000	15250001	15500000	outside	true	false		Nature Source Data Fig. 4 MCC tree; Zenodo record metadata inspected	Per-window posterior .trees files are referenced by the upstream workflow but are not locally present or listed as public Zenodo files.
LG02	LG02_015500001_015750000	15500001	15750000	outside	true	false		Nature Source Data Fig. 4 MCC tree; Zenodo record metadata inspected	Per-window posterior .trees files are referenced by the upstream workflow but are not locally present or listed as public Zenodo files.
LG02	LG02_015750001_016000000	15750001	16000000	outside	true	false		Nature Source Data Fig. 4 MCC tree; Zenodo record metadata inspected	Per-window posterior .trees files are referenced by the upstream workflow but are not locally present or listed as public Zenodo files.
LG02	LG02_016000001_016250000	16000001	16250000	outside	true	false		Nature Source Data Fig. 4 MCC tree; Zenodo record metadata inspected	Per-window posterior .trees files are referenced by the upstream workflow but are not locally present or listed as public Zenodo files.
LG02	LG02_016250001_016500000	16250001	16500000	outside	true	false		Nature Source Data Fig. 4 MCC tree; Zenodo record metadata inspected	Per-window posterior .trees files are referenced by the upstream workflow but are not locally present or listed as public Zenodo files.
LG02	LG02_016500001_016750000	16500001	16750000	outside	true	false		Nature Source Data Fig. 4 MCC tree; Zenodo record metadata inspected	Per-window posterior .trees files are referenced by the upstream workflow but are not locally present or listed as public Zenodo files.
LG02	LG02_016750001_017000000	16750001	17000000	outside	true	false		Nature Source Data Fig. 4 MCC tree; Zenodo record metadata inspected	Per-window posterior .trees files are referenced by the upstream workflow but are not locally present or listed as public Zenodo files.
LG02	LG02_017000001_017250000	17000001	17250000	outside	true	false		Nature Source Data Fig. 4 MCC tree; Zenodo record metadata inspected	Per-window posterior .trees files are referenced by the upstream workflow but are not locally present or listed as public Zenodo files.
LG02	LG02_017250001_017500000	17250001	17500000	outside	true	false		Nature Source Data Fig. 4 MCC tree; Zenodo record metadata inspected	Per-window posterior .trees files are referenced by the upstream workflow but are not locally present or listed as public Zenodo files.
LG02	LG02_017500001_017750000	17500001	17750000	outside	true	false		Nature Source Data Fig. 4 MCC tree; Zenodo record metadata inspected	Per-window posterior .trees files are referenced by the upstream workflow but are not locally present or listed as public Zenodo files.
LG02	LG02_017750001_018000000	17750001	18000000	outside	true	false		Nature Source Data Fig. 4 MCC tree; Zenodo record metadata inspected	Per-window posterior .trees files are referenced by the upstream workflow but are not locally present or listed as public Zenodo files.
LG02	LG02_018000001_018250000	18000001	18250000	outside	true	false		Nature Source Data Fig. 4 MCC tree; Zenodo record metadata inspected	Per-window posterior .trees files are referenced by the upstream workflow but are not locally present or listed as public Zenodo files.
LG02	LG02_018250001_018500000	18250001	18500000	boundary	true	false		Nature Source Data Fig. 4 MCC tree; Zenodo record metadata inspected	Per-window posterior .trees files are referenced by the upstream workflow but are not locally present or listed as public Zenodo files.
LG02	LG02_018500001_018750000	18500001	18750000	inside	true	false		Nature Source Data Fig. 4 MCC tree; Zenodo record metadata inspected	Per-window posterior .trees files are referenced by the upstream workflow but are not locally present or listed as public Zenodo files.
LG02	LG02_018750001_019000000	18750001	19000000	inside	true	false		Nature Source Data Fig. 4 MCC tree; Zenodo record metadata inspected	Per-window posterior .trees files are referenced by the upstream workflow but are not locally present or listed as public Zenodo files.
LG02	LG02_019000001_019250000	19000001	19250000	inside	true	false		Nature Source Data Fig. 4 MCC tree; Zenodo record metadata inspected	Per-window posterior .trees files are referenced by the upstream workflow but are not locally present or listed as public Zenodo files.
LG02	LG02_019250001_019500000	19250001	19500000	inside	true	false		Nature Source Data Fig. 4 MCC tree; Zenodo record metadata inspected	Per-window posterior .trees files are referenced by the upstream workflow but are not locally present or listed as public Zenodo files.
LG02	LG02_019500001_019750000	19500001	19750000	inside	true	false		Nature Source Data Fig. 4 MCC tree; Zenodo record metadata inspected	Per-window posterior .trees files are referenced by the upstream workflow but are not locally present or listed as public Zenodo files.
LG02	LG02_019750001_020000000	19750001	20000000	inside	true	false		Nature Source Data Fig. 4 MCC tree; Zenodo record metadata inspected	Per-window posterior .trees files are referenced by the upstream workflow but are not locally present or listed as public Zenodo files.
LG02	LG02_020000001_020250000	20000001	20250000	inside	true	false		Nature Source Data Fig. 4 MCC tree; Zenodo record metadata inspected	Per-window posterior .trees files are referenced by the upstream workflow but are not locally present or listed as public Zenodo files.
LG02	LG02_020250001_020500000	20250001	20500000	inside	true	false		Nature Source Data Fig. 4 MCC tree; Zenodo record metadata inspected	Per-window posterior .trees files are referenced by the upstream workflow but are not locally present or listed as public Zenodo files.
LG02	LG02_020500001_020750000	20500001	20750000	inside	true	false		Nature Source Data Fig. 4 MCC tree; Zenodo record metadata inspected	Per-window posterior .trees files are referenced by the upstream workflow but are not locally present or listed as public Zenodo files.
LG02	LG02_020750001_021000000	20750001	21000000	inside	true	false		Nature Source Data Fig. 4 MCC tree; Zenodo record metadata inspected	Per-window posterior .trees files are referenced by the upstream workflow but are not locally present or listed as public Zenodo files.
LG02	LG02_021000001_021250000	21000001	21250000	inside	true	false		Nature Source Data Fig. 4 MCC tree; Zenodo record metadata inspected	Per-window posterior .trees files are referenced by the upstream workflow but are not locally present or listed as public Zenodo files.
LG02	LG02_021250001_021500000	21250001	21500000	inside	true	false		Nature Source Data Fig. 4 MCC tree; Zenodo record metadata inspected	Per-window posterior .trees files are referenced by the upstream workflow but are not locally present or listed as public Zenodo files.
LG02	LG02_021500001_021750000	21500001	21750000	inside	true	false		Nature Source Data Fig. 4 MCC tree; Zenodo record metadata inspected	Per-window posterior .trees files are referenced by the upstream workflow but are not locally present or listed as public Zenodo files.
LG02	LG02_021750001_022000000	21750001	22000000	inside	true	false		Nature Source Data Fig. 4 MCC tree; Zenodo record metadata inspected	Per-window posterior .trees files are referenced by the upstream workflow but are not locally present or listed as public Zenodo files.
LG02	LG02_022000001_022250000	22000001	22250000	inside	true	false		Nature Source Data Fig. 4 MCC tree; Zenodo record metadata inspected	Per-window posterior .trees files are referenced by the upstream workflow but are not locally present or listed as public Zenodo files.
LG02	LG02_022500001_022750000	22500001	22750000	inside	true	false		Nature Source Data Fig. 4 MCC tree; Zenodo record metadata inspected	Per-window posterior .trees files are referenced by the upstream workflow but are not locally present or listed as public Zenodo files.
LG02	LG02_022750001_023000000	22750001	23000000	inside	true	false		Nature Source Data Fig. 4 MCC tree; Zenodo record metadata inspected	Per-window posterior .trees files are referenced by the upstream workflow but are not locally present or listed as public Zenodo files.
LG02	LG02_023000001_023250000	23000001	23250000	inside	true	false		Nature Source Data Fig. 4 MCC tree; Zenodo record metadata inspected	Per-window posterior .trees files are referenced by the upstream workflow but are not locally present or listed as public Zenodo files.
LG02	LG02_023250001_023500000	23250001	23500000	inside	true	false		Nature Source Data Fig. 4 MCC tree; Zenodo record metadata inspected	Per-window posterior .trees files are referenced by the upstream workflow but are not locally present or listed as public Zenodo files.
LG02	LG02_023500001_023750000	23500001	23750000	inside	true	false		Nature Source Data Fig. 4 MCC tree; Zenodo record metadata inspected	Per-window posterior .trees files are referenced by the upstream workflow but are not locally present or listed as public Zenodo files.
LG02	LG02_023750001_024000000	23750001	24000000	inside	true	false		Nature Source Data Fig. 4 MCC tree; Zenodo record metadata inspected	Per-window posterior .trees files are referenced by the upstream workflow but are not locally present or listed as public Zenodo files.
LG07	LG07_000000001_000250000	1	250000	outside	true	false		Nature Source Data Fig. 4 MCC tree; Zenodo record metadata inspected	Per-window posterior .trees files are referenced by the upstream workflow but are not locally present or listed as public Zenodo files.
LG07	LG07_000250001_000500000	250001	500000	outside	true	false		Nature Source Data Fig. 4 MCC tree; Zenodo record metadata inspected	Per-window posterior .trees files are referenced by the upstream workflow but are not locally present or listed as public Zenodo files.
LG07	LG07_000500001_000750000	500001	750000	outside	true	false		Nature Source Data Fig. 4 MCC tree; Zenodo record metadata inspected	Per-window posterior .trees files are referenced by the upstream workflow but are not locally present or listed as public Zenodo files.
LG07	LG07_000750001_001000000	750001	1000000	outside	true	false		Nature Source Data Fig. 4 MCC tree; Zenodo record metadata inspected	Per-window posterior .trees files are referenced by the upstream workflow but are not locally present or listed as public Zenodo files.
LG07	LG07_001000001_001250000	1000001	1250000	outside	true	false		Nature Source Data Fig. 4 MCC tree; Zenodo record metadata inspected	Per-window posterior .trees files are referenced by the upstream workflow but are not locally present or listed as public Zenodo files.
LG07	LG07_001750001_002000000	1750001	2000000	outside	true	false		Nature Source Data Fig. 4 MCC tree; Zenodo record metadata inspected	Per-window posterior .trees files are referenced by the upstream workflow but are not locally present or listed as public Zenodo files.
LG07	LG07_002000001_002250000	2000001	2250000	outside	true	false		Nature Source Data Fig. 4 MCC tree; Zenodo record metadata inspected	Per-window posterior .trees files are referenced by the upstream workflow but are not locally present or listed as public Zenodo files.
LG07	LG07_002250001_002500000	2250001	2500000	outside	true	false		Nature Source Data Fig. 4 MCC tree; Zenodo record metadata inspected	Per-window posterior .trees files are referenced by the upstream workflow but are not locally present or listed as public Zenodo files.
LG07	LG07_002500001_002750000	2500001	2750000	outside	true	false		Nature Source Data Fig. 4 MCC tree; Zenodo record metadata inspected	Per-window posterior .trees files are referenced by the upstream workflow but are not locally present or listed as public Zenodo files.
LG07	LG07_002750001_003000000	2750001	3000000	outside	true	false		Nature Source Data Fig. 4 MCC tree; Zenodo record metadata inspected	Per-window posterior .trees files are referenced by the upstream workflow but are not locally present or listed as public Zenodo files.
LG07	LG07_003000001_003250000	3000001	3250000	outside	true	false		Nature Source Data Fig. 4 MCC tree; Zenodo record metadata inspected	Per-window posterior .trees files are referenced by the upstream workflow but are not locally present or listed as public Zenodo files.
LG07	LG07_003250001_003500000	3250001	3500000	outside	true	false		Nature Source Data Fig. 4 MCC tree; Zenodo record metadata inspected	Per-window posterior .trees files are referenced by the upstream workflow but are not locally present or listed as public Zenodo files.
LG07	LG07_003500001_003750000	3500001	3750000	outside	true	false		Nature Source Data Fig. 4 MCC tree; Zenodo record metadata inspected	Per-window posterior .trees files are referenced by the upstream workflow but are not locally present or listed as public Zenodo files.
LG07	LG07_003750001_004000000	3750001	4000000	outside	true	false		Nature Source Data Fig. 4 MCC tree; Zenodo record metadata inspected	Per-window posterior .trees files are referenced by the upstream workflow but are not locally present or listed as public Zenodo files.
LG07	LG07_004500001_004750000	4500001	4750000	outside	true	false		Nature Source Data Fig. 4 MCC tree; Zenodo record metadata inspected	Per-window posterior .trees files are referenced by the upstream workflow but are not locally present or listed as public Zenodo files.
LG07	LG07_004750001_005000000	4750001	5000000	outside	true	false		Nature Source Data Fig. 4 MCC tree; Zenodo record metadata inspected	Per-window posterior .trees files are referenced by the upstream workflow but are not locally present or listed as public Zenodo files.
LG07	LG07_005000001_005250000	5000001	5250000	outside	true	false		Nature Source Data Fig. 4 MCC tree; Zenodo record metadata inspected	Per-window posterior .trees files are referenced by the upstream workflow but are not locally present or listed as public Zenodo files.
LG07	LG07_005250001_005500000	5250001	5500000	outside	true	false		Nature Source Data Fig. 4 MCC tree; Zenodo record metadata inspected	Per-window posterior .trees files are referenced by the upstream workflow but are not locally present or listed as public Zenodo files.
LG07	LG07_005500001_005750000	5500001	5750000	outside	true	false		Nature Source Data Fig. 4 MCC tree; Zenodo record metadata inspected	Per-window posterior .trees files are referenced by the upstream workflow but are not locally present or listed as public Zenodo files.
LG07	LG07_005750001_006000000	5750001	6000000	outside	true	false		Nature Source Data Fig. 4 MCC tree; Zenodo record metadata inspected	Per-window posterior .trees files are referenced by the upstream workflow but are not locally present or listed as public Zenodo files.
LG07	LG07_006000001_006250000	6000001	6250000	outside	true	false		Nature Source Data Fig. 4 MCC tree; Zenodo record metadata inspected	Per-window posterior .trees files are referenced by the upstream workflow but are not locally present or listed as public Zenodo files.
LG07	LG07_006250001_006500000	6250001	6500000	outside	true	false		Nature Source Data Fig. 4 MCC tree; Zenodo record metadata inspected	Per-window posterior .trees files are referenced by the upstream workflow but are not locally present or listed as public Zenodo files.
LG07	LG07_006500001_006750000	6500001	6750000	outside	true	false		Nature Source Data Fig. 4 MCC tree; Zenodo record metadata inspected	Per-window posterior .trees files are referenced by the upstream workflow but are not locally present or listed as public Zenodo files.
LG07	LG07_006750001_007000000	6750001	7000000	outside	true	false		Nature Source Data Fig. 4 MCC tree; Zenodo record metadata inspected	Per-window posterior .trees files are referenced by the upstream workflow but are not locally present or listed as public Zenodo files.
LG07	LG07_007000001_007250000	7000001	7250000	outside	true	false		Nature Source Data Fig. 4 MCC tree; Zenodo record metadata inspected	Per-window posterior .trees files are referenced by the upstream workflow but are not locally present or listed as public Zenodo files.
LG07	LG07_007250001_007500000	7250001	7500000	outside	true	false		Nature Source Data Fig. 4 MCC tree; Zenodo record metadata inspected	Per-window posterior .trees files are referenced by the upstream workflow but are not locally present or listed as public Zenodo files.
LG07	LG07_007500001_007750000	7500001	7750000	outside	true	false		Nature Source Data Fig. 4 MCC tree; Zenodo record metadata inspected	Per-window posterior .trees files are referenced by the upstream workflow but are not locally present or listed as public Zenodo files.
LG07	LG07_007750001_008000000	7750001	8000000	outside	true	false		Nature Source Data Fig. 4 MCC tree; Zenodo record metadata inspected	Per-window posterior .trees files are referenced by the upstream workflow but are not locally present or listed as public Zenodo files.
LG07	LG07_008000001_008250000	8000001	8250000	outside	true	false		Nature Source Data Fig. 4 MCC tree; Zenodo record metadata inspected	Per-window posterior .trees files are referenced by the upstream workflow but are not locally present or listed as public Zenodo files.
LG07	LG07_008250001_008500000	8250001	8500000	outside	true	false		Nature Source Data Fig. 4 MCC tree; Zenodo record metadata inspected	Per-window posterior .trees files are referenced by the upstream workflow but are not locally present or listed as public Zenodo files.
LG07	LG07_008500001_008750000	8500001	8750000	outside	true	false		Nature Source Data Fig. 4 MCC tree; Zenodo record metadata inspected	Per-window posterior .trees files are referenced by the upstream workflow but are not locally present or listed as public Zenodo files.
LG07	LG07_008750001_009000000	8750001	9000000	outside	true	false		Nature Source Data Fig. 4 MCC tree; Zenodo record metadata inspected	Per-window posterior .trees files are referenced by the upstream workflow but are not locally present or listed as public Zenodo files.
LG07	LG07_009000001_009250000	9000001	9250000	outside	true	false		Nature Source Data Fig. 4 MCC tree; Zenodo record metadata inspected	Per-window posterior .trees files are referenced by the upstream workflow but are not locally present or listed as public Zenodo files.
LG07	LG07_009250001_009500000	9250001	9500000	outside	true	false		Nature Source Data Fig. 4 MCC tree; Zenodo record metadata inspected	Per-window posterior .trees files are referenced by the upstream workflow but are not locally present or listed as public Zenodo files.
LG07	LG07_009500001_009750000	9500001	9750000	outside	true	false		Nature Source Data Fig. 4 MCC tree; Zenodo record metadata inspected	Per-window posterior .trees files are referenced by the upstream workflow but are not locally present or listed as public Zenodo files.
LG07	LG07_009750001_010000000	9750001	10000000	outside	true	false		Nature Source Data Fig. 4 MCC tree; Zenodo record metadata inspected	Per-window posterior .trees files are referenced by the upstream workflow but are not locally present or listed as public Zenodo files.
LG07	LG07_010000001_010250000	10000001	10250000	outside	true	false		Nature Source Data Fig. 4 MCC tree; Zenodo record metadata inspected	Per-window posterior .trees files are referenced by the upstream workflow but are not locally present or listed as public Zenodo files.
LG07	LG07_010250001_010500000	10250001	10500000	outside	true	false		Nature Source Data Fig. 4 MCC tree; Zenodo record metadata inspected	Per-window posterior .trees files are referenced by the upstream workflow but are not locally present or listed as public Zenodo files.
LG07	LG07_010500001_010750000	10500001	10750000	outside	true	false		Nature Source Data Fig. 4 MCC tree; Zenodo record metadata inspected	Per-window posterior .trees files are referenced by the upstream workflow but are not locally present or listed as public Zenodo files.
LG07	LG07_010750001_011000000	10750001	11000000	outside	true	false		Nature Source Data Fig. 4 MCC tree; Zenodo record metadata inspected	Per-window posterior .trees files are referenced by the upstream workflow but are not locally present or listed as public Zenodo files.
LG07	LG07_011000001_011250000	11000001	11250000	outside	true	false		Nature Source Data Fig. 4 MCC tree; Zenodo record metadata inspected	Per-window posterior .trees files are referenced by the upstream workflow but are not locally present or listed as public Zenodo files.
LG07	LG07_011250001_011500000	11250001	11500000	outside	true	false		Nature Source Data Fig. 4 MCC tree; Zenodo record metadata inspected	Per-window posterior .trees files are referenced by the upstream workflow but are not locally present or listed as public Zenodo files.
LG07	LG07_011500001_011750000	11500001	11750000	outside	true	false		Nature Source Data Fig. 4 MCC tree; Zenodo record metadata inspected	Per-window posterior .trees files are referenced by the upstream workflow but are not locally present or listed as public Zenodo files.
LG07	LG07_011750001_012000000	11750001	12000000	outside	true	false		Nature Source Data Fig. 4 MCC tree; Zenodo record metadata inspected	Per-window posterior .trees files are referenced by the upstream workflow but are not locally present or listed as public Zenodo files.
LG07	LG07_012000001_012250000	12000001	12250000	outside	true	false		Nature Source Data Fig. 4 MCC tree; Zenodo record metadata inspected	Per-window posterior .trees files are referenced by the upstream workflow but are not locally present or listed as public Zenodo files.
LG07	LG07_012250001_012500000	12250001	12500000	outside	true	false		Nature Source Data Fig. 4 MCC tree; Zenodo record metadata inspected	Per-window posterior .trees files are referenced by the upstream workflow but are not locally present or listed as public Zenodo files.
LG07	LG07_012500001_012750000	12500001	12750000	outside	true	false		Nature Source Data Fig. 4 MCC tree; Zenodo record metadata inspected	Per-window posterior .trees files are referenced by the upstream workflow but are not locally present or listed as public Zenodo files.
LG07	LG07_012750001_013000000	12750001	13000000	outside	true	false		Nature Source Data Fig. 4 MCC tree; Zenodo record metadata inspected	Per-window posterior .trees files are referenced by the upstream workflow but are not locally present or listed as public Zenodo files.
LG07	LG07_013000001_013250000	13000001	13250000	outside	true	false		Nature Source Data Fig. 4 MCC tree; Zenodo record metadata inspected	Per-window posterior .trees files are referenced by the upstream workflow but are not locally present or listed as public Zenodo files.
LG07	LG07_013250001_013500000	13250001	13500000	outside	true	false		Nature Source Data Fig. 4 MCC tree; Zenodo record metadata inspected	Per-window posterior .trees files are referenced by the upstream workflow but are not locally present or listed as public Zenodo files.
LG07	LG07_013500001_013750000	13500001	13750000	boundary	true	false		Nature Source Data Fig. 4 MCC tree; Zenodo record metadata inspected	Per-window posterior .trees files are referenced by the upstream workflow but are not locally present or listed as public Zenodo files.
LG07	LG07_013750001_014000000	13750001	14000000	inside	true	false		Nature Source Data Fig. 4 MCC tree; Zenodo record metadata inspected	Per-window posterior .trees files are referenced by the upstream workflow but are not locally present or listed as public Zenodo files.
LG07	LG07_014000001_014250000	14000001	14250000	inside	true	false		Nature Source Data Fig. 4 MCC tree; Zenodo record metadata inspected	Per-window posterior .trees files are referenced by the upstream workflow but are not locally present or listed as public Zenodo files.
LG07	LG07_014250001_014500000	14250001	14500000	inside	true	false		Nature Source Data Fig. 4 MCC tree; Zenodo record metadata inspected	Per-window posterior .trees files are referenced by the upstream workflow but are not locally present or listed as public Zenodo files.
LG07	LG07_014500001_014750000	14500001	14750000	inside	true	false		Nature Source Data Fig. 4 MCC tree; Zenodo record metadata inspected	Per-window posterior .trees files are referenced by the upstream workflow but are not locally present or listed as public Zenodo files.
LG07	LG07_014750001_015000000	14750001	15000000	inside	true	false		Nature Source Data Fig. 4 MCC tree; Zenodo record metadata inspected	Per-window posterior .trees files are referenced by the upstream workflow but are not locally present or listed as public Zenodo files.
LG07	LG07_015000001_015250000	15000001	15250000	inside	true	false		Nature Source Data Fig. 4 MCC tree; Zenodo record metadata inspected	Per-window posterior .trees files are referenced by the upstream workflow but are not locally present or listed as public Zenodo files.
LG07	LG07_015250001_015500000	15250001	15500000	inside	true	false		Nature Source Data Fig. 4 MCC tree; Zenodo record metadata inspected	Per-window posterior .trees files are referenced by the upstream workflow but are not locally present or listed as public Zenodo files.
LG07	LG07_015500001_015750000	15500001	15750000	inside	true	false		Nature Source Data Fig. 4 MCC tree; Zenodo record metadata inspected	Per-window posterior .trees files are referenced by the upstream workflow but are not locally present or listed as public Zenodo files.
LG07	LG07_015750001_016000000	15750001	16000000	inside	true	false		Nature Source Data Fig. 4 MCC tree; Zenodo record metadata inspected	Per-window posterior .trees files are referenced by the upstream workflow but are not locally present or listed as public Zenodo files.
LG07	LG07_016000001_016250000	16000001	16250000	inside	true	false		Nature Source Data Fig. 4 MCC tree; Zenodo record metadata inspected	Per-window posterior .trees files are referenced by the upstream workflow but are not locally present or listed as public Zenodo files.
LG07	LG07_016250001_016500000	16250001	16500000	inside	true	false		Nature Source Data Fig. 4 MCC tree; Zenodo record metadata inspected	Per-window posterior .trees files are referenced by the upstream workflow but are not locally present or listed as public Zenodo files.
LG07	LG07_016500001_016750000	16500001	16750000	inside	true	false		Nature Source Data Fig. 4 MCC tree; Zenodo record metadata inspected	Per-window posterior .trees files are referenced by the upstream workflow but are not locally present or listed as public Zenodo files.
LG07	LG07_016750001_017000000	16750001	17000000	inside	true	false		Nature Source Data Fig. 4 MCC tree; Zenodo record metadata inspected	Per-window posterior .trees files are referenced by the upstream workflow but are not locally present or listed as public Zenodo files.
LG07	LG07_017000001_017250000	17000001	17250000	inside	true	false		Nature Source Data Fig. 4 MCC tree; Zenodo record metadata inspected	Per-window posterior .trees files are referenced by the upstream workflow but are not locally present or listed as public Zenodo files.
LG07	LG07_017250001_017500000	17250001	17500000	inside	true	false		Nature Source Data Fig. 4 MCC tree; Zenodo record metadata inspected	Per-window posterior .trees files are referenced by the upstream workflow but are not locally present or listed as public Zenodo files.
LG07	LG07_017500001_017750000	17500001	17750000	inside	true	false		Nature Source Data Fig. 4 MCC tree; Zenodo record metadata inspected	Per-window posterior .trees files are referenced by the upstream workflow but are not locally present or listed as public Zenodo files.
LG07	LG07_017750001_018000000	17750001	18000000	inside	true	false		Nature Source Data Fig. 4 MCC tree; Zenodo record metadata inspected	Per-window posterior .trees files are referenced by the upstream workflow but are not locally present or listed as public Zenodo files.
LG07	LG07_018000001_018250000	18000001	18250000	inside	true	false		Nature Source Data Fig. 4 MCC tree; Zenodo record metadata inspected	Per-window posterior .trees files are referenced by the upstream workflow but are not locally present or listed as public Zenodo files.
LG07	LG07_018500001_018750000	18500001	18750000	inside	true	false		Nature Source Data Fig. 4 MCC tree; Zenodo record metadata inspected	Per-window posterior .trees files are referenced by the upstream workflow but are not locally present or listed as public Zenodo files.
LG07	LG07_018750001_019000000	18750001	19000000	inside	true	false		Nature Source Data Fig. 4 MCC tree; Zenodo record metadata inspected	Per-window posterior .trees files are referenced by the upstream workflow but are not locally present or listed as public Zenodo files.
LG07	LG07_019000001_019250000	19000001	19250000	inside	true	false		Nature Source Data Fig. 4 MCC tree; Zenodo record metadata inspected	Per-window posterior .trees files are referenced by the upstream workflow but are not locally present or listed as public Zenodo files.
LG07	LG07_019250001_019500000	19250001	19500000	inside	true	false		Nature Source Data Fig. 4 MCC tree; Zenodo record metadata inspected	Per-window posterior .trees files are referenced by the upstream workflow but are not locally present or listed as public Zenodo files.
LG07	LG07_019500001_019750000	19500001	19750000	inside	true	false		Nature Source Data Fig. 4 MCC tree; Zenodo record metadata inspected	Per-window posterior .trees files are referenced by the upstream workflow but are not locally present or listed as public Zenodo files.
LG07	LG07_019750001_020000000	19750001	20000000	inside	true	false		Nature Source Data Fig. 4 MCC tree; Zenodo record metadata inspected	Per-window posterior .trees files are referenced by the upstream workflow but are not locally present or listed as public Zenodo files.
LG07	LG07_020000001_020250000	20000001	20250000	inside	true	false		Nature Source Data Fig. 4 MCC tree; Zenodo record metadata inspected	Per-window posterior .trees files are referenced by the upstream workflow but are not locally present or listed as public Zenodo files.
LG07	LG07_020250001_020500000	20250001	20500000	inside	true	false		Nature Source Data Fig. 4 MCC tree; Zenodo record metadata inspected	Per-window posterior .trees files are referenced by the upstream workflow but are not locally present or listed as public Zenodo files.
LG07	LG07_020500001_020750000	20500001	20750000	inside	true	false		Nature Source Data Fig. 4 MCC tree; Zenodo record metadata inspected	Per-window posterior .trees files are referenced by the upstream workflow but are not locally present or listed as public Zenodo files.
LG07	LG07_020750001_021000000	20750001	21000000	inside	true	false		Nature Source Data Fig. 4 MCC tree; Zenodo record metadata inspected	Per-window posterior .trees files are referenced by the upstream workflow but are not locally present or listed as public Zenodo files.
LG07	LG07_021000001_021250000	21000001	21250000	inside	true	false		Nature Source Data Fig. 4 MCC tree; Zenodo record metadata inspected	Per-window posterior .trees files are referenced by the upstream workflow but are not locally present or listed as public Zenodo files.
LG07	LG07_021250001_021500000	21250001	21500000	inside	true	false		Nature Source Data Fig. 4 MCC tree; Zenodo record metadata inspected	Per-window posterior .trees files are referenced by the upstream workflow but are not locally present or listed as public Zenodo files.
LG07	LG07_021500001_021750000	21500001	21750000	inside	true	false		Nature Source Data Fig. 4 MCC tree; Zenodo record metadata inspected	Per-window posterior .trees files are referenced by the upstream workflow but are not locally present or listed as public Zenodo files.
LG07	LG07_021750001_022000000	21750001	22000000	inside	true	false		Nature Source Data Fig. 4 MCC tree; Zenodo record metadata inspected	Per-window posterior .trees files are referenced by the upstream workflow but are not locally present or listed as public Zenodo files.
LG07	LG07_022000001_022250000	22000001	22250000	inside	true	false		Nature Source Data Fig. 4 MCC tree; Zenodo record metadata inspected	Per-window posterior .trees files are referenced by the upstream workflow but are not locally present or listed as public Zenodo files.
LG07	LG07_022250001_022500000	22250001	22500000	inside	true	false		Nature Source Data Fig. 4 MCC tree; Zenodo record metadata inspected	Per-window posterior .trees files are referenced by the upstream workflow but are not locally present or listed as public Zenodo files.
LG07	LG07_022500001_022750000	22500001	22750000	inside	true	false		Nature Source Data Fig. 4 MCC tree; Zenodo record metadata inspected	Per-window posterior .trees files are referenced by the upstream workflow but are not locally present or listed as public Zenodo files.
LG07	LG07_022750001_023000000	22750001	23000000	inside	true	false		Nature Source Data Fig. 4 MCC tree; Zenodo record metadata inspected	Per-window posterior .trees files are referenced by the upstream workflow but are not locally present or listed as public Zenodo files.
LG07	LG07_023000001_023250000	23000001	23250000	boundary	true	false		Nature Source Data Fig. 4 MCC tree; Zenodo record metadata inspected	Per-window posterior .trees files are referenced by the upstream workflow but are not locally present or listed as public Zenodo files.
LG07	LG07_023250001_023500000	23250001	23500000	outside	true	false		Nature Source Data Fig. 4 MCC tree; Zenodo record metadata inspected	Per-window posterior .trees files are referenced by the upstream workflow but are not locally present or listed as public Zenodo files.
LG07	LG07_023500001_023750000	23500001	23750000	outside	true	false		Nature Source Data Fig. 4 MCC tree; Zenodo record metadata inspected	Per-window posterior .trees files are referenced by the upstream workflow but are not locally present or listed as public Zenodo files.
LG07	LG07_023750001_024000000	23750001	24000000	outside	true	false		Nature Source Data Fig. 4 MCC tree; Zenodo record metadata inspected	Per-window posterior .trees files are referenced by the upstream workflow but are not locally present or listed as public Zenodo files.
LG07	LG07_024000001_024250000	24000001	24250000	outside	true	false		Nature Source Data Fig. 4 MCC tree; Zenodo record metadata inspected	Per-window posterior .trees files are referenced by the upstream workflow but are not locally present or listed as public Zenodo files.
LG07	LG07_024250001_024500000	24250001	24500000	outside	true	false		Nature Source Data Fig. 4 MCC tree; Zenodo record metadata inspected	Per-window posterior .trees files are referenced by the upstream workflow but are not locally present or listed as public Zenodo files.
LG07	LG07_024500001_024750000	24500001	24750000	outside	true	false		Nature Source Data Fig. 4 MCC tree; Zenodo record metadata inspected	Per-window posterior .trees files are referenced by the upstream workflow but are not locally present or listed as public Zenodo files.
LG07	LG07_024750001_025000000	24750001	25000000	outside	true	false		Nature Source Data Fig. 4 MCC tree; Zenodo record metadata inspected	Per-window posterior .trees files are referenced by the upstream workflow but are not locally present or listed as public Zenodo files.
LG07	LG07_025000001_025250000	25000001	25250000	outside	true	false		Nature Source Data Fig. 4 MCC tree; Zenodo record metadata inspected	Per-window posterior .trees files are referenced by the upstream workflow but are not locally present or listed as public Zenodo files.
LG07	LG07_025250001_025500000	25250001	25500000	outside	true	false		Nature Source Data Fig. 4 MCC tree; Zenodo record metadata inspected	Per-window posterior .trees files are referenced by the upstream workflow but are not locally present or listed as public Zenodo files.
LG07	LG07_025500001_025750000	25500001	25750000	outside	true	false		Nature Source Data Fig. 4 MCC tree; Zenodo record metadata inspected	Per-window posterior .trees files are referenced by the upstream workflow but are not locally present or listed as public Zenodo files.
LG07	LG07_025750001_026000000	25750001	26000000	outside	true	false		Nature Source Data Fig. 4 MCC tree; Zenodo record metadata inspected	Per-window posterior .trees files are referenced by the upstream workflow but are not locally present or listed as public Zenodo files.
LG07	LG07_026000001_026250000	26000001	26250000	outside	true	false		Nature Source Data Fig. 4 MCC tree; Zenodo record metadata inspected	Per-window posterior .trees files are referenced by the upstream workflow but are not locally present or listed as public Zenodo files.
LG07	LG07_026250001_026500000	26250001	26500000	outside	true	false		Nature Source Data Fig. 4 MCC tree; Zenodo record metadata inspected	Per-window posterior .trees files are referenced by the upstream workflow but are not locally present or listed as public Zenodo files.
LG07	LG07_026500001_026750000	26500001	26750000	outside	true	false		Nature Source Data Fig. 4 MCC tree; Zenodo record metadata inspected	Per-window posterior .trees files are referenced by the upstream workflow but are not locally present or listed as public Zenodo files.
LG07	LG07_026750001_027000000	26750001	27000000	outside	true	false		Nature Source Data Fig. 4 MCC tree; Zenodo record metadata inspected	Per-window posterior .trees files are referenced by the upstream workflow but are not locally present or listed as public Zenodo files.
LG07	LG07_027000001_027250000	27000001	27250000	outside	true	false		Nature Source Data Fig. 4 MCC tree; Zenodo record metadata inspected	Per-window posterior .trees files are referenced by the upstream workflow but are not locally present or listed as public Zenodo files.
LG07	LG07_027250001_027500000	27250001	27500000	outside	true	false		Nature Source Data Fig. 4 MCC tree; Zenodo record metadata inspected	Per-window posterior .trees files are referenced by the upstream workflow but are not locally present or listed as public Zenodo files.
LG07	LG07_027500001_027750000	27500001	27750000	outside	true	false		Nature Source Data Fig. 4 MCC tree; Zenodo record metadata inspected	Per-window posterior .trees files are referenced by the upstream workflow but are not locally present or listed as public Zenodo files.
LG07	LG07_027750001_028000000	27750001	28000000	outside	true	false		Nature Source Data Fig. 4 MCC tree; Zenodo record metadata inspected	Per-window posterior .trees files are referenced by the upstream workflow but are not locally present or listed as public Zenodo files.
LG07	LG07_028000001_028250000	28000001	28250000	outside	true	false		Nature Source Data Fig. 4 MCC tree; Zenodo record metadata inspected	Per-window posterior .trees files are referenced by the upstream workflow but are not locally present or listed as public Zenodo files.
LG07	LG07_028250001_028500000	28250001	28500000	outside	true	false		Nature Source Data Fig. 4 MCC tree; Zenodo record metadata inspected	Per-window posterior .trees files are referenced by the upstream workflow but are not locally present or listed as public Zenodo files.
LG07	LG07_028500001_028750000	28500001	28750000	outside	true	false		Nature Source Data Fig. 4 MCC tree; Zenodo record metadata inspected	Per-window posterior .trees files are referenced by the upstream workflow but are not locally present or listed as public Zenodo files.
LG07	LG07_028750001_029000000	28750001	29000000	outside	true	false		Nature Source Data Fig. 4 MCC tree; Zenodo record metadata inspected	Per-window posterior .trees files are referenced by the upstream workflow but are not locally present or listed as public Zenodo files.
LG07	LG07_029000001_029250000	29000001	29250000	outside	true	false		Nature Source Data Fig. 4 MCC tree; Zenodo record metadata inspected	Per-window posterior .trees files are referenced by the upstream workflow but are not locally present or listed as public Zenodo files.
LG07	LG07_029250001_029500000	29250001	29500000	outside	true	false		Nature Source Data Fig. 4 MCC tree; Zenodo record metadata inspected	Per-window posterior .trees files are referenced by the upstream workflow but are not locally present or listed as public Zenodo files.
LG07	LG07_029500001_029750000	29500001	29750000	outside	true	false		Nature Source Data Fig. 4 MCC tree; Zenodo record metadata inspected	Per-window posterior .trees files are referenced by the upstream workflow but are not locally present or listed as public Zenodo files.
LG07	LG07_029750001_030000000	29750001	30000000	outside	true	false		Nature Source Data Fig. 4 MCC tree; Zenodo record metadata inspected	Per-window posterior .trees files are referenced by the upstream workflow but are not locally present or listed as public Zenodo files.
LG07	LG07_030000001_030250000	30000001	30250000	outside	true	false		Nature Source Data Fig. 4 MCC tree; Zenodo record metadata inspected	Per-window posterior .trees files are referenced by the upstream workflow but are not locally present or listed as public Zenodo files.
LG07	LG07_030250001_030500000	30250001	30500000	outside	true	false		Nature Source Data Fig. 4 MCC tree; Zenodo record metadata inspected	Per-window posterior .trees files are referenced by the upstream workflow but are not locally present or listed as public Zenodo files.
LG07	LG07_030500001_030750000	30500001	30750000	outside	true	false		Nature Source Data Fig. 4 MCC tree; Zenodo record metadata inspected	Per-window posterior .trees files are referenced by the upstream workflow but are not locally present or listed as public Zenodo files.
LG07	LG07_031000001_031250000	31000001	31250000	outside	true	false		Nature Source Data Fig. 4 MCC tree; Zenodo record metadata inspected	Per-window posterior .trees files are referenced by the upstream workflow but are not locally present or listed as public Zenodo files.
LG12	LG12_000000001_000250000	1	250000	outside	true	false		Nature Source Data Fig. 4 MCC tree; Zenodo record metadata inspected	Per-window posterior .trees files are referenced by the upstream workflow but are not locally present or listed as public Zenodo files.
LG12	LG12_000750001_001000000	750001	1000000	inside	true	false		Nature Source Data Fig. 4 MCC tree; Zenodo record metadata inspected	Per-window posterior .trees files are referenced by the upstream workflow but are not locally present or listed as public Zenodo files.
LG12	LG12_001000001_001250000	1000001	1250000	inside	true	false		Nature Source Data Fig. 4 MCC tree; Zenodo record metadata inspected	Per-window posterior .trees files are referenced by the upstream workflow but are not locally present or listed as public Zenodo files.
LG12	LG12_001250001_001500000	1250001	1500000	inside	true	false		Nature Source Data Fig. 4 MCC tree; Zenodo record metadata inspected	Per-window posterior .trees files are referenced by the upstream workflow but are not locally present or listed as public Zenodo files.
LG12	LG12_001500001_001750000	1500001	1750000	inside	true	false		Nature Source Data Fig. 4 MCC tree; Zenodo record metadata inspected	Per-window posterior .trees files are referenced by the upstream workflow but are not locally present or listed as public Zenodo files.
LG12	LG12_001750001_002000000	1750001	2000000	inside	true	false		Nature Source Data Fig. 4 MCC tree; Zenodo record metadata inspected	Per-window posterior .trees files are referenced by the upstream workflow but are not locally present or listed as public Zenodo files.
LG12	LG12_002000001_002250000	2000001	2250000	inside	true	false		Nature Source Data Fig. 4 MCC tree; Zenodo record metadata inspected	Per-window posterior .trees files are referenced by the upstream workflow but are not locally present or listed as public Zenodo files.
LG12	LG12_002250001_002500000	2250001	2500000	inside	true	false		Nature Source Data Fig. 4 MCC tree; Zenodo record metadata inspected	Per-window posterior .trees files are referenced by the upstream workflow but are not locally present or listed as public Zenodo files.
LG12	LG12_002500001_002750000	2500001	2750000	inside	true	false		Nature Source Data Fig. 4 MCC tree; Zenodo record metadata inspected	Per-window posterior .trees files are referenced by the upstream workflow but are not locally present or listed as public Zenodo files.
LG12	LG12_002750001_003000000	2750001	3000000	inside	true	false		Nature Source Data Fig. 4 MCC tree; Zenodo record metadata inspected	Per-window posterior .trees files are referenced by the upstream workflow but are not locally present or listed as public Zenodo files.
LG12	LG12_003000001_003250000	3000001	3250000	inside	true	false		Nature Source Data Fig. 4 MCC tree; Zenodo record metadata inspected	Per-window posterior .trees files are referenced by the upstream workflow but are not locally present or listed as public Zenodo files.
LG12	LG12_003250001_003500000	3250001	3500000	inside	true	false		Nature Source Data Fig. 4 MCC tree; Zenodo record metadata inspected	Per-window posterior .trees files are referenced by the upstream workflow but are not locally present or listed as public Zenodo files.
LG12	LG12_003500001_003750000	3500001	3750000	inside	true	false		Nature Source Data Fig. 4 MCC tree; Zenodo record metadata inspected	Per-window posterior .trees files are referenced by the upstream workflow but are not locally present or listed as public Zenodo files.
LG12	LG12_003750001_004000000	3750001	4000000	inside	true	false		Nature Source Data Fig. 4 MCC tree; Zenodo record metadata inspected	Per-window posterior .trees files are referenced by the upstream workflow but are not locally present or listed as public Zenodo files.
LG12	LG12_004000001_004250000	4000001	4250000	inside	true	false		Nature Source Data Fig. 4 MCC tree; Zenodo record metadata inspected	Per-window posterior .trees files are referenced by the upstream workflow but are not locally present or listed as public Zenodo files.
LG12	LG12_004250001_004500000	4250001	4500000	inside	true	false		Nature Source Data Fig. 4 MCC tree; Zenodo record metadata inspected	Per-window posterior .trees files are referenced by the upstream workflow but are not locally present or listed as public Zenodo files.
LG12	LG12_004500001_004750000	4500001	4750000	inside	true	false		Nature Source Data Fig. 4 MCC tree; Zenodo record metadata inspected	Per-window posterior .trees files are referenced by the upstream workflow but are not locally present or listed as public Zenodo files.
LG12	LG12_004750001_005000000	4750001	5000000	inside	true	false		Nature Source Data Fig. 4 MCC tree; Zenodo record metadata inspected	Per-window posterior .trees files are referenced by the upstream workflow but are not locally present or listed as public Zenodo files.
LG12	LG12_005000001_005250000	5000001	5250000	inside	true	false		Nature Source Data Fig. 4 MCC tree; Zenodo record metadata inspected	Per-window posterior .trees files are referenced by the upstream workflow but are not locally present or listed as public Zenodo files.
LG12	LG12_005250001_005500000	5250001	5500000	inside	true	false		Nature Source Data Fig. 4 MCC tree; Zenodo record metadata inspected	Per-window posterior .trees files are referenced by the upstream workflow but are not locally present or listed as public Zenodo files.
LG12	LG12_005500001_005750000	5500001	5750000	inside	true	false		Nature Source Data Fig. 4 MCC tree; Zenodo record metadata inspected	Per-window posterior .trees files are referenced by the upstream workflow but are not locally present or listed as public Zenodo files.
LG12	LG12_005750001_006000000	5750001	6000000	inside	true	false		Nature Source Data Fig. 4 MCC tree; Zenodo record metadata inspected	Per-window posterior .trees files are referenced by the upstream workflow but are not locally present or listed as public Zenodo files.
LG12	LG12_006000001_006250000	6000001	6250000	inside	true	false		Nature Source Data Fig. 4 MCC tree; Zenodo record metadata inspected	Per-window posterior .trees files are referenced by the upstream workflow but are not locally present or listed as public Zenodo files.
LG12	LG12_006250001_006500000	6250001	6500000	inside	true	false		Nature Source Data Fig. 4 MCC tree; Zenodo record metadata inspected	Per-window posterior .trees files are referenced by the upstream workflow but are not locally present or listed as public Zenodo files.
LG12	LG12_006500001_006750000	6500001	6750000	inside	true	false		Nature Source Data Fig. 4 MCC tree; Zenodo record metadata inspected	Per-window posterior .trees files are referenced by the upstream workflow but are not locally present or listed as public Zenodo files.
LG12	LG12_006750001_007000000	6750001	7000000	inside	true	false		Nature Source Data Fig. 4 MCC tree; Zenodo record metadata inspected	Per-window posterior .trees files are referenced by the upstream workflow but are not locally present or listed as public Zenodo files.
LG12	LG12_007000001_007250000	7000001	7250000	inside	true	false		Nature Source Data Fig. 4 MCC tree; Zenodo record metadata inspected	Per-window posterior .trees files are referenced by the upstream workflow but are not locally present or listed as public Zenodo files.
LG12	LG12_007250001_007500000	7250001	7500000	inside	true	false		Nature Source Data Fig. 4 MCC tree; Zenodo record metadata inspected	Per-window posterior .trees files are referenced by the upstream workflow but are not locally present or listed as public Zenodo files.
LG12	LG12_007500001_007750000	7500001	7750000	inside	true	false		Nature Source Data Fig. 4 MCC tree; Zenodo record metadata inspected	Per-window posterior .trees files are referenced by the upstream workflow but are not locally present or listed as public Zenodo files.
LG12	LG12_007750001_008000000	7750001	8000000	inside	true	false		Nature Source Data Fig. 4 MCC tree; Zenodo record metadata inspected	Per-window posterior .trees files are referenced by the upstream workflow but are not locally present or listed as public Zenodo files.
LG12	LG12_008000001_008250000	8000001	8250000	inside	true	false		Nature Source Data Fig. 4 MCC tree; Zenodo record metadata inspected	Per-window posterior .trees files are referenced by the upstream workflow but are not locally present or listed as public Zenodo files.
LG12	LG12_008250001_008500000	8250001	8500000	inside	true	false		Nature Source Data Fig. 4 MCC tree; Zenodo record metadata inspected	Per-window posterior .trees files are referenced by the upstream workflow but are not locally present or listed as public Zenodo files.
LG12	LG12_008500001_008750000	8500001	8750000	inside	true	false		Nature Source Data Fig. 4 MCC tree; Zenodo record metadata inspected	Per-window posterior .trees files are referenced by the upstream workflow but are not locally present or listed as public Zenodo files.
LG12	LG12_008750001_009000000	8750001	9000000	inside	true	false		Nature Source Data Fig. 4 MCC tree; Zenodo record metadata inspected	Per-window posterior .trees files are referenced by the upstream workflow but are not locally present or listed as public Zenodo files.
LG12	LG12_009000001_009250000	9000001	9250000	inside	true	false		Nature Source Data Fig. 4 MCC tree; Zenodo record metadata inspected	Per-window posterior .trees files are referenced by the upstream workflow but are not locally present or listed as public Zenodo files.
LG12	LG12_009250001_009500000	9250001	9500000	inside	true	false		Nature Source Data Fig. 4 MCC tree; Zenodo record metadata inspected	Per-window posterior .trees files are referenced by the upstream workflow but are not locally present or listed as public Zenodo files.
LG12	LG12_009500001_009750000	9500001	9750000	inside	true	false		Nature Source Data Fig. 4 MCC tree; Zenodo record metadata inspected	Per-window posterior .trees files are referenced by the upstream workflow but are not locally present or listed as public Zenodo files.
LG12	LG12_009750001_010000000	9750001	10000000	inside	true	false		Nature Source Data Fig. 4 MCC tree; Zenodo record metadata inspected	Per-window posterior .trees files are referenced by the upstream workflow but are not locally present or listed as public Zenodo files.
LG12	LG12_010000001_010250000	10000001	10250000	inside	true	false		Nature Source Data Fig. 4 MCC tree; Zenodo record metadata inspected	Per-window posterior .trees files are referenced by the upstream workflow but are not locally present or listed as public Zenodo files.
LG12	LG12_010250001_010500000	10250001	10500000	inside	true	false		Nature Source Data Fig. 4 MCC tree; Zenodo record metadata inspected	Per-window posterior .trees files are referenced by the upstream workflow but are not locally present or listed as public Zenodo files.
LG12	LG12_010500001_010750000	10500001	10750000	inside	true	false		Nature Source Data Fig. 4 MCC tree; Zenodo record metadata inspected	Per-window posterior .trees files are referenced by the upstream workflow but are not locally present or listed as public Zenodo files.
LG12	LG12_010750001_011000000	10750001	11000000	inside	true	false		Nature Source Data Fig. 4 MCC tree; Zenodo record metadata inspected	Per-window posterior .trees files are referenced by the upstream workflow but are not locally present or listed as public Zenodo files.
LG12	LG12_011000001_011250000	11000001	11250000	inside	true	false		Nature Source Data Fig. 4 MCC tree; Zenodo record metadata inspected	Per-window posterior .trees files are referenced by the upstream workflow but are not locally present or listed as public Zenodo files.
LG12	LG12_011250001_011500000	11250001	11500000	inside	true	false		Nature Source Data Fig. 4 MCC tree; Zenodo record metadata inspected	Per-window posterior .trees files are referenced by the upstream workflow but are not locally present or listed as public Zenodo files.
LG12	LG12_011500001_011750000	11500001	11750000	inside	true	false		Nature Source Data Fig. 4 MCC tree; Zenodo record metadata inspected	Per-window posterior .trees files are referenced by the upstream workflow but are not locally present or listed as public Zenodo files.
LG12	LG12_011750001_012000000	11750001	12000000	inside	true	false		Nature Source Data Fig. 4 MCC tree; Zenodo record metadata inspected	Per-window posterior .trees files are referenced by the upstream workflow but are not locally present or listed as public Zenodo files.
LG12	LG12_012000001_012250000	12000001	12250000	inside	true	false		Nature Source Data Fig. 4 MCC tree; Zenodo record metadata inspected	Per-window posterior .trees files are referenced by the upstream workflow but are not locally present or listed as public Zenodo files.
LG12	LG12_012250001_012500000	12250001	12500000	inside	true	false		Nature Source Data Fig. 4 MCC tree; Zenodo record metadata inspected	Per-window posterior .trees files are referenced by the upstream workflow but are not locally present or listed as public Zenodo files.
LG12	LG12_012500001_012750000	12500001	12750000	inside	true	false		Nature Source Data Fig. 4 MCC tree; Zenodo record metadata inspected	Per-window posterior .trees files are referenced by the upstream workflow but are not locally present or listed as public Zenodo files.
LG12	LG12_012750001_013000000	12750001	13000000	inside	true	false		Nature Source Data Fig. 4 MCC tree; Zenodo record metadata inspected	Per-window posterior .trees files are referenced by the upstream workflow but are not locally present or listed as public Zenodo files.
LG12	LG12_013000001_013250000	13000001	13250000	inside	true	false		Nature Source Data Fig. 4 MCC tree; Zenodo record metadata inspected	Per-window posterior .trees files are referenced by the upstream workflow but are not locally present or listed as public Zenodo files.
LG12	LG12_013500001_013750000	13500001	13750000	inside	true	false		Nature Source Data Fig. 4 MCC tree; Zenodo record metadata inspected	Per-window posterior .trees files are referenced by the upstream workflow but are not locally present or listed as public Zenodo files.
LG12	LG12_013750001_014000000	13750001	14000000	inside	true	false		Nature Source Data Fig. 4 MCC tree; Zenodo record metadata inspected	Per-window posterior .trees files are referenced by the upstream workflow but are not locally present or listed as public Zenodo files.
LG12	LG12_014000001_014250000	14000001	14250000	inside	true	false		Nature Source Data Fig. 4 MCC tree; Zenodo record metadata inspected	Per-window posterior .trees files are referenced by the upstream workflow but are not locally present or listed as public Zenodo files.
LG12	LG12_014250001_014500000	14250001	14500000	boundary	true	false		Nature Source Data Fig. 4 MCC tree; Zenodo record metadata inspected	Per-window posterior .trees files are referenced by the upstream workflow but are not locally present or listed as public Zenodo files.
LG12	LG12_014500001_014750000	14500001	14750000	outside	true	false		Nature Source Data Fig. 4 MCC tree; Zenodo record metadata inspected	Per-window posterior .trees files are referenced by the upstream workflow but are not locally present or listed as public Zenodo files.
LG12	LG12_015000001_015250000	15000001	15250000	outside	true	false		Nature Source Data Fig. 4 MCC tree; Zenodo record metadata inspected	Per-window posterior .trees files are referenced by the upstream workflow but are not locally present or listed as public Zenodo files.
LG12	LG12_015250001_015500000	15250001	15500000	outside	true	false		Nature Source Data Fig. 4 MCC tree; Zenodo record metadata inspected	Per-window posterior .trees files are referenced by the upstream workflow but are not locally present or listed as public Zenodo files.
LG12	LG12_015500001_015750000	15500001	15750000	outside	true	false		Nature Source Data Fig. 4 MCC tree; Zenodo record metadata inspected	Per-window posterior .trees files are referenced by the upstream workflow but are not locally present or listed as public Zenodo files.
LG12	LG12_015750001_016000000	15750001	16000000	outside	true	false		Nature Source Data Fig. 4 MCC tree; Zenodo record metadata inspected	Per-window posterior .trees files are referenced by the upstream workflow but are not locally present or listed as public Zenodo files.
LG12	LG12_016000001_016250000	16000001	16250000	outside	true	false		Nature Source Data Fig. 4 MCC tree; Zenodo record metadata inspected	Per-window posterior .trees files are referenced by the upstream workflow but are not locally present or listed as public Zenodo files.
LG12	LG12_016250001_016500000	16250001	16500000	outside	true	false		Nature Source Data Fig. 4 MCC tree; Zenodo record metadata inspected	Per-window posterior .trees files are referenced by the upstream workflow but are not locally present or listed as public Zenodo files.
LG12	LG12_016500001_016750000	16500001	16750000	outside	true	false		Nature Source Data Fig. 4 MCC tree; Zenodo record metadata inspected	Per-window posterior .trees files are referenced by the upstream workflow but are not locally present or listed as public Zenodo files.
LG12	LG12_016750001_017000000	16750001	17000000	outside	true	false		Nature Source Data Fig. 4 MCC tree; Zenodo record metadata inspected	Per-window posterior .trees files are referenced by the upstream workflow but are not locally present or listed as public Zenodo files.
LG12	LG12_017000001_017250000	17000001	17250000	outside	true	false		Nature Source Data Fig. 4 MCC tree; Zenodo record metadata inspected	Per-window posterior .trees files are referenced by the upstream workflow but are not locally present or listed as public Zenodo files.
LG12	LG12_017250001_017500000	17250001	17500000	outside	true	false		Nature Source Data Fig. 4 MCC tree; Zenodo record metadata inspected	Per-window posterior .trees files are referenced by the upstream workflow but are not locally present or listed as public Zenodo files.
LG12	LG12_017500001_017750000	17500001	17750000	outside	true	false		Nature Source Data Fig. 4 MCC tree; Zenodo record metadata inspected	Per-window posterior .trees files are referenced by the upstream workflow but are not locally present or listed as public Zenodo files.
LG12	LG12_017750001_018000000	17750001	18000000	outside	true	false		Nature Source Data Fig. 4 MCC tree; Zenodo record metadata inspected	Per-window posterior .trees files are referenced by the upstream workflow but are not locally present or listed as public Zenodo files.
LG12	LG12_018000001_018250000	18000001	18250000	outside	true	false		Nature Source Data Fig. 4 MCC tree; Zenodo record metadata inspected	Per-window posterior .trees files are referenced by the upstream workflow but are not locally present or listed as public Zenodo files.
LG12	LG12_018250001_018500000	18250001	18500000	outside	true	false		Nature Source Data Fig. 4 MCC tree; Zenodo record metadata inspected	Per-window posterior .trees files are referenced by the upstream workflow but are not locally present or listed as public Zenodo files.
LG12	LG12_018500001_018750000	18500001	18750000	outside	true	false		Nature Source Data Fig. 4 MCC tree; Zenodo record metadata inspected	Per-window posterior .trees files are referenced by the upstream workflow but are not locally present or listed as public Zenodo files.
LG12	LG12_018750001_019000000	18750001	19000000	outside	true	false		Nature Source Data Fig. 4 MCC tree; Zenodo record metadata inspected	Per-window posterior .trees files are referenced by the upstream workflow but are not locally present or listed as public Zenodo files.
LG12	LG12_019000001_019250000	19000001	19250000	outside	true	false		Nature Source Data Fig. 4 MCC tree; Zenodo record metadata inspected	Per-window posterior .trees files are referenced by the upstream workflow but are not locally present or listed as public Zenodo files.
LG12	LG12_019250001_019500000	19250001	19500000	outside	true	false		Nature Source Data Fig. 4 MCC tree; Zenodo record metadata inspected	Per-window posterior .trees files are referenced by the upstream workflow but are not locally present or listed as public Zenodo files.
LG12	LG12_019500001_019750000	19500001	19750000	outside	true	false		Nature Source Data Fig. 4 MCC tree; Zenodo record metadata inspected	Per-window posterior .trees files are referenced by the upstream workflow but are not locally present or listed as public Zenodo files.
LG12	LG12_019750001_020000000	19750001	20000000	outside	true	false		Nature Source Data Fig. 4 MCC tree; Zenodo record metadata inspected	Per-window posterior .trees files are referenced by the upstream workflow but are not locally present or listed as public Zenodo files.
LG12	LG12_020000001_020250000	20000001	20250000	outside	true	false		Nature Source Data Fig. 4 MCC tree; Zenodo record metadata inspected	Per-window posterior .trees files are referenced by the upstream workflow but are not locally present or listed as public Zenodo files.
LG12	LG12_020250001_020500000	20250001	20500000	outside	true	false		Nature Source Data Fig. 4 MCC tree; Zenodo record metadata inspected	Per-window posterior .trees files are referenced by the upstream workflow but are not locally present or listed as public Zenodo files.
LG12	LG12_020500001_020750000	20500001	20750000	outside	true	false		Nature Source Data Fig. 4 MCC tree; Zenodo record metadata inspected	Per-window posterior .trees files are referenced by the upstream workflow but are not locally present or listed as public Zenodo files.
LG12	LG12_020750001_021000000	20750001	21000000	outside	true	false		Nature Source Data Fig. 4 MCC tree; Zenodo record metadata inspected	Per-window posterior .trees files are referenced by the upstream workflow but are not locally present or listed as public Zenodo files.
LG12	LG12_021000001_021250000	21000001	21250000	outside	true	false		Nature Source Data Fig. 4 MCC tree; Zenodo record metadata inspected	Per-window posterior .trees files are referenced by the upstream workflow but are not locally present or listed as public Zenodo files.
LG12	LG12_021250001_021500000	21250001	21500000	outside	true	false		Nature Source Data Fig. 4 MCC tree; Zenodo record metadata inspected	Per-window posterior .trees files are referenced by the upstream workflow but are not locally present or listed as public Zenodo files.
LG12	LG12_021500001_021750000	21500001	21750000	outside	true	false		Nature Source Data Fig. 4 MCC tree; Zenodo record metadata inspected	Per-window posterior .trees files are referenced by the upstream workflow but are not locally present or listed as public Zenodo files.
LG12	LG12_021750001_022000000	21750001	22000000	outside	true	false		Nature Source Data Fig. 4 MCC tree; Zenodo record metadata inspected	Per-window posterior .trees files are referenced by the upstream workflow but are not locally present or listed as public Zenodo files.
LG12	LG12_022000001_022250000	22000001	22250000	outside	true	false		Nature Source Data Fig. 4 MCC tree; Zenodo record metadata inspected	Per-window posterior .trees files are referenced by the upstream workflow but are not locally present or listed as public Zenodo files.
LG12	LG12_022250001_022500000	22250001	22500000	outside	true	false		Nature Source Data Fig. 4 MCC tree; Zenodo record metadata inspected	Per-window posterior .trees files are referenced by the upstream workflow but are not locally present or listed as public Zenodo files.
LG12	LG12_022500001_022750000	22500001	22750000	outside	true	false		Nature Source Data Fig. 4 MCC tree; Zenodo record metadata inspected	Per-window posterior .trees files are referenced by the upstream workflow but are not locally present or listed as public Zenodo files.
LG12	LG12_022750001_023000000	22750001	23000000	outside	true	false		Nature Source Data Fig. 4 MCC tree; Zenodo record metadata inspected	Per-window posterior .trees files are referenced by the upstream workflow but are not locally present or listed as public Zenodo files.
LG12	LG12_023000001_023250000	23000001	23250000	outside	true	false		Nature Source Data Fig. 4 MCC tree; Zenodo record metadata inspected	Per-window posterior .trees files are referenced by the upstream workflow but are not locally present or listed as public Zenodo files.
LG12	LG12_023250001_023500000	23250001	23500000	outside	true	false		Nature Source Data Fig. 4 MCC tree; Zenodo record metadata inspected	Per-window posterior .trees files are referenced by the upstream workflow but are not locally present or listed as public Zenodo files.
LG12	LG12_023500001_023750000	23500001	23750000	outside	true	false		Nature Source Data Fig. 4 MCC tree; Zenodo record metadata inspected	Per-window posterior .trees files are referenced by the upstream workflow but are not locally present or listed as public Zenodo files.
LG12	LG12_023750001_024000000	23750001	24000000	outside	true	false		Nature Source Data Fig. 4 MCC tree; Zenodo record metadata inspected	Per-window posterior .trees files are referenced by the upstream workflow but are not locally present or listed as public Zenodo files.
LG12	LG12_024000001_024250000	24000001	24250000	outside	true	false		Nature Source Data Fig. 4 MCC tree; Zenodo record metadata inspected	Per-window posterior .trees files are referenced by the upstream workflow but are not locally present or listed as public Zenodo files.
LG12	LG12_024250001_024500000	24250001	24500000	outside	true	false		Nature Source Data Fig. 4 MCC tree; Zenodo record metadata inspected	Per-window posterior .trees files are referenced by the upstream workflow but are not locally present or listed as public Zenodo files.
LG12	LG12_024500001_024750000	24500001	24750000	outside	true	false		Nature Source Data Fig. 4 MCC tree; Zenodo record metadata inspected	Per-window posterior .trees files are referenced by the upstream workflow but are not locally present or listed as public Zenodo files.
LG12	LG12_024750001_025000000	24750001	25000000	outside	true	false		Nature Source Data Fig. 4 MCC tree; Zenodo record metadata inspected	Per-window posterior .trees files are referenced by the upstream workflow but are not locally present or listed as public Zenodo files.
LG12	LG12_025000001_025250000	25000001	25250000	outside	true	false		Nature Source Data Fig. 4 MCC tree; Zenodo record metadata inspected	Per-window posterior .trees files are referenced by the upstream workflow but are not locally present or listed as public Zenodo files.
LG12	LG12_025250001_025500000	25250001	25500000	outside	true	false		Nature Source Data Fig. 4 MCC tree; Zenodo record metadata inspected	Per-window posterior .trees files are referenced by the upstream workflow but are not locally present or listed as public Zenodo files.
LG12	LG12_025500001_025750000	25500001	25750000	outside	true	false		Nature Source Data Fig. 4 MCC tree; Zenodo record metadata inspected	Per-window posterior .trees files are referenced by the upstream workflow but are not locally present or listed as public Zenodo files.
LG12	LG12_025750001_026000000	25750001	26000000	outside	true	false		Nature Source Data Fig. 4 MCC tree; Zenodo record metadata inspected	Per-window posterior .trees files are referenced by the upstream workflow but are not locally present or listed as public Zenodo files.
LG12	LG12_026000001_026250000	26000001	26250000	outside	true	false		Nature Source Data Fig. 4 MCC tree; Zenodo record metadata inspected	Per-window posterior .trees files are referenced by the upstream workflow but are not locally present or listed as public Zenodo files.
LG12	LG12_026250001_026500000	26250001	26500000	outside	true	false		Nature Source Data Fig. 4 MCC tree; Zenodo record metadata inspected	Per-window posterior .trees files are referenced by the upstream workflow but are not locally present or listed as public Zenodo files.
LG12	LG12_026500001_026750000	26500001	26750000	outside	true	false		Nature Source Data Fig. 4 MCC tree; Zenodo record metadata inspected	Per-window posterior .trees files are referenced by the upstream workflow but are not locally present or listed as public Zenodo files.
LG12	LG12_026750001_027000000	26750001	27000000	outside	true	false		Nature Source Data Fig. 4 MCC tree; Zenodo record metadata inspected	Per-window posterior .trees files are referenced by the upstream workflow but are not locally present or listed as public Zenodo files.
LG12	LG12_027000001_027250000	27000001	27250000	outside	true	false		Nature Source Data Fig. 4 MCC tree; Zenodo record metadata inspected	Per-window posterior .trees files are referenced by the upstream workflow but are not locally present or listed as public Zenodo files.
