structural_set	flank_window_bp	clade	event_id	start	end	event_type	pairing_confidence	role_C1_state	role_C2_state	role_S_state	role_O_state	role_status	arrangement_pattern	predicted_topology	prediction_status	structural_confidence
primary	100000	Columbea	primary_W100000_EV011	1949860	1949860	single_boundary_event	single_boundary	role_heterogeneous	A2	role_heterogeneous	A0	C1:role_heterogeneous;C2:resolved;S:role_heterogeneous;O:resolved	unresolved_or_heterogeneous	no_unique_strict_prediction	no_unique_strict_prediction	limited
primary	100000	N61	primary_W100000_EV011	1949860	1949860	single_boundary_event	single_boundary	role_heterogeneous	role_heterogeneous	A2	role_heterogeneous	C1:role_heterogeneous;C2:role_heterogeneous;S:resolved;O:role_heterogeneous	unresolved_or_heterogeneous	no_unique_strict_prediction	no_unique_strict_prediction	limited
primary	100000	N62	primary_W100000_EV011	1949860	1949860	single_boundary_event	single_boundary	A3	A1	role_heterogeneous	role_heterogeneous	C1:resolved;C2:resolved;S:role_heterogeneous;O:role_heterogeneous	unresolved_or_heterogeneous	no_unique_strict_prediction	no_unique_strict_prediction	limited
primary	100000	Columbea	primary_W100000_EV001	9504880	10974030	adjacency_change	moderate	role_heterogeneous	A2	unresolved	A0	C1:role_heterogeneous;C2:resolved;S:unresolved_role_species_state;O:resolved	unresolved_or_heterogeneous	no_unique_strict_prediction	no_unique_strict_prediction	unresolved
primary	100000	N61	primary_W100000_EV001	9504880	10974030	adjacency_change	moderate	unresolved	role_heterogeneous	A1	role_heterogeneous	C1:unresolved_role_species_state;C2:role_heterogeneous;S:resolved;O:role_heterogeneous	unresolved_or_heterogeneous	no_unique_strict_prediction	no_unique_strict_prediction	unresolved
primary	100000	N62	primary_W100000_EV001	9504880	10974030	adjacency_change	moderate	A3	A5	unresolved	role_heterogeneous	C1:resolved;C2:resolved;S:unresolved_role_species_state;O:role_heterogeneous	unresolved_or_heterogeneous	no_unique_strict_prediction	no_unique_strict_prediction	unresolved
primary	100000	Columbea	primary_W100000_EV002	19760078	25213019	adjacency_change	high	role_heterogeneous	A5	role_heterogeneous	A0	C1:role_heterogeneous;C2:resolved;S:role_heterogeneous;O:resolved	unresolved_or_heterogeneous	no_unique_strict_prediction	no_unique_strict_prediction	limited
primary	100000	N61	primary_W100000_EV002	19760078	25213019	adjacency_change	high	role_heterogeneous	role_heterogeneous	A4	role_heterogeneous	C1:role_heterogeneous;C2:role_heterogeneous;S:resolved;O:role_heterogeneous	unresolved_or_heterogeneous	no_unique_strict_prediction	no_unique_strict_prediction	limited
primary	100000	N62	primary_W100000_EV002	19760078	25213019	adjacency_change	high	A1	A3	role_heterogeneous	role_heterogeneous	C1:resolved;C2:resolved;S:role_heterogeneous;O:role_heterogeneous	unresolved_or_heterogeneous	no_unique_strict_prediction	no_unique_strict_prediction	limited
primary	100000	Columbea	primary_W100000_EV012	25559087	25559087	single_boundary_event	single_boundary	role_heterogeneous	A3	role_heterogeneous	A0	C1:role_heterogeneous;C2:resolved;S:role_heterogeneous;O:resolved	unresolved_or_heterogeneous	no_unique_strict_prediction	no_unique_strict_prediction	high
primary	100000	N61	primary_W100000_EV012	25559087	25559087	single_boundary_event	single_boundary	role_heterogeneous	role_heterogeneous	A3	role_heterogeneous	C1:role_heterogeneous;C2:role_heterogeneous;S:resolved;O:role_heterogeneous	unresolved_or_heterogeneous	no_unique_strict_prediction	no_unique_strict_prediction	high
primary	100000	N62	primary_W100000_EV012	25559087	25559087	single_boundary_event	single_boundary	A4	A1	role_heterogeneous	role_heterogeneous	C1:resolved;C2:resolved;S:role_heterogeneous;O:role_heterogeneous	unresolved_or_heterogeneous	no_unique_strict_prediction	no_unique_strict_prediction	high
primary	100000	Columbea	primary_W100000_EV013	33234049	33234049	single_boundary_event	single_boundary	role_heterogeneous	A4	role_heterogeneous	A0	C1:role_heterogeneous;C2:resolved;S:role_heterogeneous;O:resolved	unresolved_or_heterogeneous	no_unique_strict_prediction	no_unique_strict_prediction	high
primary	100000	N61	primary_W100000_EV013	33234049	33234049	single_boundary_event	single_boundary	role_heterogeneous	role_heterogeneous	A4	role_heterogeneous	C1:role_heterogeneous;C2:role_heterogeneous;S:resolved;O:role_heterogeneous	unresolved_or_heterogeneous	no_unique_strict_prediction	no_unique_strict_prediction	high
primary	100000	N62	primary_W100000_EV013	33234049	33234049	single_boundary_event	single_boundary	A2	A1	role_heterogeneous	role_heterogeneous	C1:resolved;C2:resolved;S:role_heterogeneous;O:role_heterogeneous	unresolved_or_heterogeneous	no_unique_strict_prediction	no_unique_strict_prediction	high
primary	100000	Columbea	primary_W100000_EV003	34021640	34232794	inversion_like	moderate	role_heterogeneous	A5	role_heterogeneous	A0	C1:role_heterogeneous;C2:resolved;S:role_heterogeneous;O:resolved	unresolved_or_heterogeneous	no_unique_strict_prediction	no_unique_strict_prediction	limited
primary	100000	N61	primary_W100000_EV003	34021640	34232794	inversion_like	moderate	role_heterogeneous	role_heterogeneous	A3	role_heterogeneous	C1:role_heterogeneous;C2:role_heterogeneous;S:resolved;O:role_heterogeneous	unresolved_or_heterogeneous	no_unique_strict_prediction	no_unique_strict_prediction	limited
primary	100000	N62	primary_W100000_EV003	34021640	34232794	inversion_like	moderate	A2	A1	role_heterogeneous	role_heterogeneous	C1:resolved;C2:resolved;S:role_heterogeneous;O:role_heterogeneous	unresolved_or_heterogeneous	no_unique_strict_prediction	no_unique_strict_prediction	limited
primary	100000	Columbea	primary_W100000_EV004	35025837	37255236	translocation_like	high	role_heterogeneous	A5	role_heterogeneous	A0	C1:role_heterogeneous;C2:resolved;S:role_heterogeneous;O:resolved	unresolved_or_heterogeneous	no_unique_strict_prediction	no_unique_strict_prediction	high
primary	100000	N61	primary_W100000_EV004	35025837	37255236	translocation_like	high	role_heterogeneous	role_heterogeneous	A3	role_heterogeneous	C1:role_heterogeneous;C2:role_heterogeneous;S:resolved;O:role_heterogeneous	unresolved_or_heterogeneous	no_unique_strict_prediction	no_unique_strict_prediction	high
primary	100000	N62	primary_W100000_EV004	35025837	37255236	translocation_like	high	A6	A1	role_heterogeneous	role_heterogeneous	C1:resolved;C2:resolved;S:role_heterogeneous;O:role_heterogeneous	unresolved_or_heterogeneous	no_unique_strict_prediction	no_unique_strict_prediction	high
primary	100000	Columbea	primary_W100000_EV005	39237022	42267292	inversion_like	moderate	role_heterogeneous	A2	role_heterogeneous	A0	C1:role_heterogeneous;C2:resolved;S:role_heterogeneous;O:resolved	unresolved_or_heterogeneous	no_unique_strict_prediction	no_unique_strict_prediction	limited
primary	100000	N61	primary_W100000_EV005	39237022	42267292	inversion_like	moderate	role_heterogeneous	role_heterogeneous	A4	role_heterogeneous	C1:role_heterogeneous;C2:role_heterogeneous;S:resolved;O:role_heterogeneous	unresolved_or_heterogeneous	no_unique_strict_prediction	no_unique_strict_prediction	limited
primary	100000	N62	primary_W100000_EV005	39237022	42267292	inversion_like	moderate	A6	A1	role_heterogeneous	role_heterogeneous	C1:resolved;C2:resolved;S:role_heterogeneous;O:role_heterogeneous	unresolved_or_heterogeneous	no_unique_strict_prediction	no_unique_strict_prediction	limited
primary	100000	Columbea	primary_W100000_EV006	44647530	45658664	inversion_like	moderate	unresolved	A2	unresolved	A0	C1:unresolved_role_species_state;C2:resolved;S:unresolved_role_species_state;O:resolved	unresolved_or_heterogeneous	no_unique_strict_prediction	no_unique_strict_prediction	unresolved
primary	100000	N61	primary_W100000_EV006	44647530	45658664	inversion_like	moderate	unresolved	unresolved	A1	role_heterogeneous	C1:unresolved_role_species_state;C2:unresolved_role_species_state;S:resolved;O:role_heterogeneous	unresolved_or_heterogeneous	no_unique_strict_prediction	no_unique_strict_prediction	unresolved
primary	100000	N62	primary_W100000_EV006	44647530	45658664	inversion_like	moderate	unresolved	A3	unresolved	role_heterogeneous	C1:unresolved_role_species_state;C2:resolved;S:unresolved_role_species_state;O:role_heterogeneous	unresolved_or_heterogeneous	no_unique_strict_prediction	no_unique_strict_prediction	unresolved
primary	100000	Columbea	primary_W100000_EV014	46422770	46422770	single_boundary_event	single_boundary	role_heterogeneous	A4	role_heterogeneous	A0	C1:role_heterogeneous;C2:resolved;S:role_heterogeneous;O:resolved	unresolved_or_heterogeneous	no_unique_strict_prediction	no_unique_strict_prediction	high
primary	100000	N61	primary_W100000_EV014	46422770	46422770	single_boundary_event	single_boundary	role_heterogeneous	role_heterogeneous	A4	role_heterogeneous	C1:role_heterogeneous;C2:role_heterogeneous;S:resolved;O:role_heterogeneous	unresolved_or_heterogeneous	no_unique_strict_prediction	no_unique_strict_prediction	high
primary	100000	N62	primary_W100000_EV014	46422770	46422770	single_boundary_event	single_boundary	A3	A2	role_heterogeneous	role_heterogeneous	C1:resolved;C2:resolved;S:role_heterogeneous;O:role_heterogeneous	unresolved_or_heterogeneous	no_unique_strict_prediction	no_unique_strict_prediction	high
primary	100000	Columbea	primary_W100000_EV015	47143089	47143089	single_boundary_event	single_boundary	unresolved	A1	unresolved	A0	C1:unresolved_role_species_state;C2:resolved;S:unresolved_role_species_state;O:resolved	unresolved_or_heterogeneous	no_unique_strict_prediction	no_unique_strict_prediction	unresolved
primary	100000	N61	primary_W100000_EV015	47143089	47143089	single_boundary_event	single_boundary	unresolved	unresolved	A2	role_heterogeneous	C1:unresolved_role_species_state;C2:unresolved_role_species_state;S:resolved;O:role_heterogeneous	unresolved_or_heterogeneous	no_unique_strict_prediction	no_unique_strict_prediction	unresolved
primary	100000	N62	primary_W100000_EV015	47143089	47143089	single_boundary_event	single_boundary	unresolved	unresolved	unresolved	role_heterogeneous	C1:unresolved_role_species_state;C2:unresolved_role_species_state;S:unresolved_role_species_state;O:role_heterogeneous	unresolved_or_heterogeneous	no_unique_strict_prediction	no_unique_strict_prediction	unresolved
primary	100000	Columbea	primary_W100000_EV007	49159743	49624080	inversion_like	high	role_heterogeneous	A3	role_heterogeneous	A0	C1:role_heterogeneous;C2:resolved;S:role_heterogeneous;O:resolved	unresolved_or_heterogeneous	no_unique_strict_prediction	no_unique_strict_prediction	high
primary	100000	N61	primary_W100000_EV007	49159743	49624080	inversion_like	high	role_heterogeneous	role_heterogeneous	A4	role_heterogeneous	C1:role_heterogeneous;C2:role_heterogeneous;S:resolved;O:role_heterogeneous	unresolved_or_heterogeneous	no_unique_strict_prediction	no_unique_strict_prediction	high
primary	100000	N62	primary_W100000_EV007	49159743	49624080	inversion_like	high	A2	A1	role_heterogeneous	role_heterogeneous	C1:resolved;C2:resolved;S:role_heterogeneous;O:role_heterogeneous	unresolved_or_heterogeneous	no_unique_strict_prediction	no_unique_strict_prediction	high
primary	100000	Columbea	primary_W100000_EV008	50410378	50989362	adjacency_change	high	role_heterogeneous	A3	unresolved	A0	C1:role_heterogeneous;C2:resolved;S:unresolved_role_species_state;O:resolved	unresolved_or_heterogeneous	no_unique_strict_prediction	no_unique_strict_prediction	unresolved
primary	100000	N61	primary_W100000_EV008	50410378	50989362	adjacency_change	high	unresolved	role_heterogeneous	A1	role_heterogeneous	C1:unresolved_role_species_state;C2:role_heterogeneous;S:resolved;O:role_heterogeneous	unresolved_or_heterogeneous	no_unique_strict_prediction	no_unique_strict_prediction	unresolved
primary	100000	N62	primary_W100000_EV008	50410378	50989362	adjacency_change	high	A4	A5	unresolved	role_heterogeneous	C1:resolved;C2:resolved;S:unresolved_role_species_state;O:role_heterogeneous	unresolved_or_heterogeneous	no_unique_strict_prediction	no_unique_strict_prediction	unresolved
primary	100000	Columbea	primary_W100000_EV009	51789124	57203613	inversion_like	high	role_heterogeneous	A1	role_heterogeneous	A0	C1:role_heterogeneous;C2:resolved;S:role_heterogeneous;O:resolved	unresolved_or_heterogeneous	no_unique_strict_prediction	no_unique_strict_prediction	high
primary	100000	N61	primary_W100000_EV009	51789124	57203613	inversion_like	high	role_heterogeneous	role_heterogeneous	A3	role_heterogeneous	C1:role_heterogeneous;C2:role_heterogeneous;S:resolved;O:role_heterogeneous	unresolved_or_heterogeneous	no_unique_strict_prediction	no_unique_strict_prediction	high
primary	100000	N62	primary_W100000_EV009	51789124	57203613	inversion_like	high	A5	A2	role_heterogeneous	role_heterogeneous	C1:resolved;C2:resolved;S:role_heterogeneous;O:role_heterogeneous	unresolved_or_heterogeneous	no_unique_strict_prediction	no_unique_strict_prediction	high
primary	100000	Columbea	primary_W100000_EV010	58171516	59982754	adjacency_change	high	role_heterogeneous	A1	role_heterogeneous	A0	C1:role_heterogeneous;C2:resolved;S:role_heterogeneous;O:resolved	unresolved_or_heterogeneous	no_unique_strict_prediction	no_unique_strict_prediction	limited
primary	100000	N61	primary_W100000_EV010	58171516	59982754	adjacency_change	high	role_heterogeneous	role_heterogeneous	A4	role_heterogeneous	C1:role_heterogeneous;C2:role_heterogeneous;S:resolved;O:role_heterogeneous	unresolved_or_heterogeneous	no_unique_strict_prediction	no_unique_strict_prediction	limited
primary	100000	N62	primary_W100000_EV010	58171516	59982754	adjacency_change	high	A6	A3	role_heterogeneous	role_heterogeneous	C1:resolved;C2:resolved;S:role_heterogeneous;O:role_heterogeneous	unresolved_or_heterogeneous	no_unique_strict_prediction	no_unique_strict_prediction	limited
primary	100000	Columbea	primary_W100000_EV016	61035423	61035423	single_boundary_event	single_boundary	role_heterogeneous	A3	role_heterogeneous	A0	C1:role_heterogeneous;C2:resolved;S:role_heterogeneous;O:resolved	unresolved_or_heterogeneous	no_unique_strict_prediction	no_unique_strict_prediction	limited
primary	100000	N61	primary_W100000_EV016	61035423	61035423	single_boundary_event	single_boundary	role_heterogeneous	role_heterogeneous	A3	role_heterogeneous	C1:role_heterogeneous;C2:role_heterogeneous;S:resolved;O:role_heterogeneous	unresolved_or_heterogeneous	no_unique_strict_prediction	no_unique_strict_prediction	limited
primary	100000	N62	primary_W100000_EV016	61035423	61035423	single_boundary_event	single_boundary	A2	A1	role_heterogeneous	role_heterogeneous	C1:resolved;C2:resolved;S:role_heterogeneous;O:role_heterogeneous	unresolved_or_heterogeneous	no_unique_strict_prediction	no_unique_strict_prediction	limited
stringent	100000	Columbea	stringent_W100000_EV008	1949860	1949860	single_boundary_event	single_boundary	role_heterogeneous	A2	role_heterogeneous	A0	C1:role_heterogeneous;C2:resolved;S:role_heterogeneous;O:resolved	unresolved_or_heterogeneous	no_unique_strict_prediction	no_unique_strict_prediction	limited
stringent	100000	N61	stringent_W100000_EV008	1949860	1949860	single_boundary_event	single_boundary	role_heterogeneous	role_heterogeneous	A2	role_heterogeneous	C1:role_heterogeneous;C2:role_heterogeneous;S:resolved;O:role_heterogeneous	unresolved_or_heterogeneous	no_unique_strict_prediction	no_unique_strict_prediction	limited
stringent	100000	N62	stringent_W100000_EV008	1949860	1949860	single_boundary_event	single_boundary	A3	A1	role_heterogeneous	role_heterogeneous	C1:resolved;C2:resolved;S:role_heterogeneous;O:role_heterogeneous	unresolved_or_heterogeneous	no_unique_strict_prediction	no_unique_strict_prediction	limited
stringent	100000	Columbea	stringent_W100000_EV001	9504880	10974030	adjacency_change	moderate	role_heterogeneous	A2	unresolved	A0	C1:role_heterogeneous;C2:resolved;S:unresolved_role_species_state;O:resolved	unresolved_or_heterogeneous	no_unique_strict_prediction	no_unique_strict_prediction	unresolved
stringent	100000	N61	stringent_W100000_EV001	9504880	10974030	adjacency_change	moderate	unresolved	role_heterogeneous	A1	role_heterogeneous	C1:unresolved_role_species_state;C2:role_heterogeneous;S:resolved;O:role_heterogeneous	unresolved_or_heterogeneous	no_unique_strict_prediction	no_unique_strict_prediction	unresolved
stringent	100000	N62	stringent_W100000_EV001	9504880	10974030	adjacency_change	moderate	A3	A5	unresolved	role_heterogeneous	C1:resolved;C2:resolved;S:unresolved_role_species_state;O:role_heterogeneous	unresolved_or_heterogeneous	no_unique_strict_prediction	no_unique_strict_prediction	unresolved
stringent	100000	Columbea	stringent_W100000_EV002	19760078	25213019	adjacency_change	high	role_heterogeneous	A5	role_heterogeneous	A0	C1:role_heterogeneous;C2:resolved;S:role_heterogeneous;O:resolved	unresolved_or_heterogeneous	no_unique_strict_prediction	no_unique_strict_prediction	limited
stringent	100000	N61	stringent_W100000_EV002	19760078	25213019	adjacency_change	high	role_heterogeneous	role_heterogeneous	A4	role_heterogeneous	C1:role_heterogeneous;C2:role_heterogeneous;S:resolved;O:role_heterogeneous	unresolved_or_heterogeneous	no_unique_strict_prediction	no_unique_strict_prediction	limited
stringent	100000	N62	stringent_W100000_EV002	19760078	25213019	adjacency_change	high	A1	A3	role_heterogeneous	role_heterogeneous	C1:resolved;C2:resolved;S:role_heterogeneous;O:role_heterogeneous	unresolved_or_heterogeneous	no_unique_strict_prediction	no_unique_strict_prediction	limited
stringent	100000	Columbea	stringent_W100000_EV003	25559087	34021640	inversion_like	high	role_heterogeneous	A5	role_heterogeneous	A0	C1:role_heterogeneous;C2:resolved;S:role_heterogeneous;O:resolved	unresolved_or_heterogeneous	no_unique_strict_prediction	no_unique_strict_prediction	limited
stringent	100000	N61	stringent_W100000_EV003	25559087	34021640	inversion_like	high	role_heterogeneous	role_heterogeneous	A3	role_heterogeneous	C1:role_heterogeneous;C2:role_heterogeneous;S:resolved;O:role_heterogeneous	unresolved_or_heterogeneous	no_unique_strict_prediction	no_unique_strict_prediction	limited
stringent	100000	N62	stringent_W100000_EV003	25559087	34021640	inversion_like	high	A6	A1	role_heterogeneous	role_heterogeneous	C1:resolved;C2:resolved;S:role_heterogeneous;O:role_heterogeneous	unresolved_or_heterogeneous	no_unique_strict_prediction	no_unique_strict_prediction	limited
stringent	100000	Columbea	stringent_W100000_EV004	35025837	37255236	translocation_like	high	role_heterogeneous	A5	role_heterogeneous	A0	C1:role_heterogeneous;C2:resolved;S:role_heterogeneous;O:resolved	unresolved_or_heterogeneous	no_unique_strict_prediction	no_unique_strict_prediction	high
stringent	100000	N61	stringent_W100000_EV004	35025837	37255236	translocation_like	high	role_heterogeneous	role_heterogeneous	A3	role_heterogeneous	C1:role_heterogeneous;C2:role_heterogeneous;S:resolved;O:role_heterogeneous	unresolved_or_heterogeneous	no_unique_strict_prediction	no_unique_strict_prediction	high
stringent	100000	N62	stringent_W100000_EV004	35025837	37255236	translocation_like	high	A6	A1	role_heterogeneous	role_heterogeneous	C1:resolved;C2:resolved;S:role_heterogeneous;O:role_heterogeneous	unresolved_or_heterogeneous	no_unique_strict_prediction	no_unique_strict_prediction	high
stringent	100000	Columbea	stringent_W100000_EV005	39237022	44647530	inversion_like	high	role_heterogeneous	A2	role_heterogeneous	A0	C1:role_heterogeneous;C2:resolved;S:role_heterogeneous;O:resolved	unresolved_or_heterogeneous	no_unique_strict_prediction	no_unique_strict_prediction	limited
stringent	100000	N61	stringent_W100000_EV005	39237022	44647530	inversion_like	high	role_heterogeneous	role_heterogeneous	A4	role_heterogeneous	C1:role_heterogeneous;C2:role_heterogeneous;S:resolved;O:role_heterogeneous	unresolved_or_heterogeneous	no_unique_strict_prediction	no_unique_strict_prediction	limited
stringent	100000	N62	stringent_W100000_EV005	39237022	44647530	inversion_like	high	A6	A1	role_heterogeneous	role_heterogeneous	C1:resolved;C2:resolved;S:role_heterogeneous;O:role_heterogeneous	unresolved_or_heterogeneous	no_unique_strict_prediction	no_unique_strict_prediction	limited
stringent	100000	Columbea	stringent_W100000_EV006	45658664	46422770	inversion_like	moderate	unresolved	A2	unresolved	A0	C1:unresolved_role_species_state;C2:resolved;S:unresolved_role_species_state;O:resolved	unresolved_or_heterogeneous	no_unique_strict_prediction	no_unique_strict_prediction	unresolved
stringent	100000	N61	stringent_W100000_EV006	45658664	46422770	inversion_like	moderate	unresolved	unresolved	A1	role_heterogeneous	C1:unresolved_role_species_state;C2:unresolved_role_species_state;S:resolved;O:role_heterogeneous	unresolved_or_heterogeneous	no_unique_strict_prediction	no_unique_strict_prediction	unresolved
stringent	100000	N62	stringent_W100000_EV006	45658664	46422770	inversion_like	moderate	unresolved	unresolved	unresolved	role_heterogeneous	C1:unresolved_role_species_state;C2:unresolved_role_species_state;S:unresolved_role_species_state;O:role_heterogeneous	unresolved_or_heterogeneous	no_unique_strict_prediction	no_unique_strict_prediction	unresolved
stringent	100000	Columbea	stringent_W100000_EV007	49624080	50989362	inversion_like	moderate	role_heterogeneous	A5	role_heterogeneous	A0	C1:role_heterogeneous;C2:resolved;S:role_heterogeneous;O:resolved	unresolved_or_heterogeneous	no_unique_strict_prediction	no_unique_strict_prediction	limited
stringent	100000	N61	stringent_W100000_EV007	49624080	50989362	inversion_like	moderate	role_heterogeneous	role_heterogeneous	A3	role_heterogeneous	C1:role_heterogeneous;C2:role_heterogeneous;S:resolved;O:role_heterogeneous	unresolved_or_heterogeneous	no_unique_strict_prediction	no_unique_strict_prediction	limited
stringent	100000	N62	stringent_W100000_EV007	49624080	50989362	inversion_like	moderate	A2	A1	role_heterogeneous	role_heterogeneous	C1:resolved;C2:resolved;S:role_heterogeneous;O:role_heterogeneous	unresolved_or_heterogeneous	no_unique_strict_prediction	no_unique_strict_prediction	limited
stringent	100000	Columbea	stringent_W100000_EV009	58171516	58171516	single_boundary_event	single_boundary	role_heterogeneous	A1	role_heterogeneous	A0	C1:role_heterogeneous;C2:resolved;S:role_heterogeneous;O:resolved	unresolved_or_heterogeneous	no_unique_strict_prediction	no_unique_strict_prediction	high
stringent	100000	N61	stringent_W100000_EV009	58171516	58171516	single_boundary_event	single_boundary	role_heterogeneous	role_heterogeneous	A2	role_heterogeneous	C1:role_heterogeneous;C2:role_heterogeneous;S:resolved;O:role_heterogeneous	unresolved_or_heterogeneous	no_unique_strict_prediction	no_unique_strict_prediction	high
stringent	100000	N62	stringent_W100000_EV009	58171516	58171516	single_boundary_event	single_boundary	A3	A1	role_heterogeneous	role_heterogeneous	C1:resolved;C2:resolved;S:role_heterogeneous;O:role_heterogeneous	unresolved_or_heterogeneous	no_unique_strict_prediction	no_unique_strict_prediction	high
inclusive	100000	Columbea	inclusive_W100000_EV018	1582350	1582350	single_boundary_event	single_boundary	role_heterogeneous	A4	role_heterogeneous	A0	C1:role_heterogeneous;C2:resolved;S:role_heterogeneous;O:resolved	unresolved_or_heterogeneous	no_unique_strict_prediction	no_unique_strict_prediction	limited
inclusive	100000	N61	inclusive_W100000_EV018	1582350	1582350	single_boundary_event	single_boundary	role_heterogeneous	role_heterogeneous	A4	role_heterogeneous	C1:role_heterogeneous;C2:role_heterogeneous;S:resolved;O:role_heterogeneous	unresolved_or_heterogeneous	no_unique_strict_prediction	no_unique_strict_prediction	limited
inclusive	100000	N62	inclusive_W100000_EV018	1582350	1582350	single_boundary_event	single_boundary	A2	A1	role_heterogeneous	role_heterogeneous	C1:resolved;C2:resolved;S:role_heterogeneous;O:role_heterogeneous	unresolved_or_heterogeneous	no_unique_strict_prediction	no_unique_strict_prediction	limited
inclusive	100000	Columbea	inclusive_W100000_EV019	1949860	1949860	single_boundary_event	single_boundary	role_heterogeneous	A2	role_heterogeneous	A0	C1:role_heterogeneous;C2:resolved;S:role_heterogeneous;O:resolved	unresolved_or_heterogeneous	no_unique_strict_prediction	no_unique_strict_prediction	limited
inclusive	100000	N61	inclusive_W100000_EV019	1949860	1949860	single_boundary_event	single_boundary	role_heterogeneous	role_heterogeneous	A2	role_heterogeneous	C1:role_heterogeneous;C2:role_heterogeneous;S:resolved;O:role_heterogeneous	unresolved_or_heterogeneous	no_unique_strict_prediction	no_unique_strict_prediction	limited
inclusive	100000	N62	inclusive_W100000_EV019	1949860	1949860	single_boundary_event	single_boundary	A3	A1	role_heterogeneous	role_heterogeneous	C1:resolved;C2:resolved;S:role_heterogeneous;O:role_heterogeneous	unresolved_or_heterogeneous	no_unique_strict_prediction	no_unique_strict_prediction	limited
inclusive	100000	Columbea	inclusive_W100000_EV001	5161408	8704428	adjacency_change	moderate	role_heterogeneous	A2	role_heterogeneous	A0	C1:role_heterogeneous;C2:resolved;S:role_heterogeneous;O:resolved	unresolved_or_heterogeneous	no_unique_strict_prediction	no_unique_strict_prediction	high
inclusive	100000	N61	inclusive_W100000_EV001	5161408	8704428	adjacency_change	moderate	role_heterogeneous	role_heterogeneous	A1	role_heterogeneous	C1:role_heterogeneous;C2:role_heterogeneous;S:resolved;O:role_heterogeneous	unresolved_or_heterogeneous	no_unique_strict_prediction	no_unique_strict_prediction	high
inclusive	100000	N62	inclusive_W100000_EV001	5161408	8704428	adjacency_change	moderate	A4	A6	role_heterogeneous	role_heterogeneous	C1:resolved;C2:resolved;S:role_heterogeneous;O:role_heterogeneous	unresolved_or_heterogeneous	no_unique_strict_prediction	no_unique_strict_prediction	high
inclusive	100000	Columbea	inclusive_W100000_EV002	9504880	10974030	adjacency_change	moderate	role_heterogeneous	A2	unresolved	A0	C1:role_heterogeneous;C2:resolved;S:unresolved_role_species_state;O:resolved	unresolved_or_heterogeneous	no_unique_strict_prediction	no_unique_strict_prediction	unresolved
inclusive	100000	N61	inclusive_W100000_EV002	9504880	10974030	adjacency_change	moderate	unresolved	role_heterogeneous	A1	role_heterogeneous	C1:unresolved_role_species_state;C2:role_heterogeneous;S:resolved;O:role_heterogeneous	unresolved_or_heterogeneous	no_unique_strict_prediction	no_unique_strict_prediction	unresolved
inclusive	100000	N62	inclusive_W100000_EV002	9504880	10974030	adjacency_change	moderate	A3	A5	unresolved	role_heterogeneous	C1:resolved;C2:resolved;S:unresolved_role_species_state;O:role_heterogeneous	unresolved_or_heterogeneous	no_unique_strict_prediction	no_unique_strict_prediction	unresolved
inclusive	100000	Columbea	inclusive_W100000_EV003	11304692	12214254	adjacency_change	moderate	role_heterogeneous	A2	role_heterogeneous	A0	C1:role_heterogeneous;C2:resolved;S:role_heterogeneous;O:resolved	unresolved_or_heterogeneous	no_unique_strict_prediction	no_unique_strict_prediction	limited
inclusive	100000	N61	inclusive_W100000_EV003	11304692	12214254	adjacency_change	moderate	role_heterogeneous	role_heterogeneous	A1	role_heterogeneous	C1:role_heterogeneous;C2:role_heterogeneous;S:resolved;O:role_heterogeneous	unresolved_or_heterogeneous	no_unique_strict_prediction	no_unique_strict_prediction	limited
inclusive	100000	N62	inclusive_W100000_EV003	11304692	12214254	adjacency_change	moderate	A3	A6	role_heterogeneous	role_heterogeneous	C1:resolved;C2:resolved;S:role_heterogeneous;O:role_heterogeneous	unresolved_or_heterogeneous	no_unique_strict_prediction	no_unique_strict_prediction	limited
inclusive	100000	Columbea	inclusive_W100000_EV004	12886511	14318518	adjacency_change	high	role_heterogeneous	A3	role_heterogeneous	A0	C1:role_heterogeneous;C2:resolved;S:role_heterogeneous;O:resolved	unresolved_or_heterogeneous	no_unique_strict_prediction	no_unique_strict_prediction	limited
inclusive	100000	N61	inclusive_W100000_EV004	12886511	14318518	adjacency_change	high	role_heterogeneous	role_heterogeneous	A1	role_heterogeneous	C1:role_heterogeneous;C2:role_heterogeneous;S:resolved;O:role_heterogeneous	unresolved_or_heterogeneous	no_unique_strict_prediction	no_unique_strict_prediction	limited
inclusive	100000	N62	inclusive_W100000_EV004	12886511	14318518	adjacency_change	high	A4	A6	role_heterogeneous	role_heterogeneous	C1:resolved;C2:resolved;S:role_heterogeneous;O:role_heterogeneous	unresolved_or_heterogeneous	no_unique_strict_prediction	no_unique_strict_prediction	limited
inclusive	100000	Columbea	inclusive_W100000_EV005	16491814	18036264	adjacency_change	high	role_heterogeneous	A3	role_heterogeneous	A0	C1:role_heterogeneous;C2:resolved;S:role_heterogeneous;O:resolved	unresolved_or_heterogeneous	no_unique_strict_prediction	no_unique_strict_prediction	high
inclusive	100000	N61	inclusive_W100000_EV005	16491814	18036264	adjacency_change	high	role_heterogeneous	role_heterogeneous	A1	role_heterogeneous	C1:role_heterogeneous;C2:role_heterogeneous;S:resolved;O:role_heterogeneous	unresolved_or_heterogeneous	no_unique_strict_prediction	no_unique_strict_prediction	high
inclusive	100000	N62	inclusive_W100000_EV005	16491814	18036264	adjacency_change	high	A2	A6	role_heterogeneous	role_heterogeneous	C1:resolved;C2:resolved;S:role_heterogeneous;O:role_heterogeneous	unresolved_or_heterogeneous	no_unique_strict_prediction	no_unique_strict_prediction	high
inclusive	100000	Columbea	inclusive_W100000_EV006	19760078	25213019	adjacency_change	high	role_heterogeneous	A5	role_heterogeneous	A0	C1:role_heterogeneous;C2:resolved;S:role_heterogeneous;O:resolved	unresolved_or_heterogeneous	no_unique_strict_prediction	no_unique_strict_prediction	limited
inclusive	100000	N61	inclusive_W100000_EV006	19760078	25213019	adjacency_change	high	role_heterogeneous	role_heterogeneous	A4	role_heterogeneous	C1:role_heterogeneous;C2:role_heterogeneous;S:resolved;O:role_heterogeneous	unresolved_or_heterogeneous	no_unique_strict_prediction	no_unique_strict_prediction	limited
inclusive	100000	N62	inclusive_W100000_EV006	19760078	25213019	adjacency_change	high	A1	A3	role_heterogeneous	role_heterogeneous	C1:resolved;C2:resolved;S:role_heterogeneous;O:role_heterogeneous	unresolved_or_heterogeneous	no_unique_strict_prediction	no_unique_strict_prediction	limited
inclusive	100000	Columbea	inclusive_W100000_EV020	25559087	25559087	single_boundary_event	single_boundary	role_heterogeneous	A3	role_heterogeneous	A0	C1:role_heterogeneous;C2:resolved;S:role_heterogeneous;O:resolved	unresolved_or_heterogeneous	no_unique_strict_prediction	no_unique_strict_prediction	high
inclusive	100000	N61	inclusive_W100000_EV020	25559087	25559087	single_boundary_event	single_boundary	role_heterogeneous	role_heterogeneous	A3	role_heterogeneous	C1:role_heterogeneous;C2:role_heterogeneous;S:resolved;O:role_heterogeneous	unresolved_or_heterogeneous	no_unique_strict_prediction	no_unique_strict_prediction	high
inclusive	100000	N62	inclusive_W100000_EV020	25559087	25559087	single_boundary_event	single_boundary	A4	A1	role_heterogeneous	role_heterogeneous	C1:resolved;C2:resolved;S:role_heterogeneous;O:role_heterogeneous	unresolved_or_heterogeneous	no_unique_strict_prediction	no_unique_strict_prediction	high
inclusive	100000	Columbea	inclusive_W100000_EV021	33234049	33234049	single_boundary_event	single_boundary	role_heterogeneous	A4	role_heterogeneous	A0	C1:role_heterogeneous;C2:resolved;S:role_heterogeneous;O:resolved	unresolved_or_heterogeneous	no_unique_strict_prediction	no_unique_strict_prediction	high
inclusive	100000	N61	inclusive_W100000_EV021	33234049	33234049	single_boundary_event	single_boundary	role_heterogeneous	role_heterogeneous	A4	role_heterogeneous	C1:role_heterogeneous;C2:role_heterogeneous;S:resolved;O:role_heterogeneous	unresolved_or_heterogeneous	no_unique_strict_prediction	no_unique_strict_prediction	high
inclusive	100000	N62	inclusive_W100000_EV021	33234049	33234049	single_boundary_event	single_boundary	A2	A1	role_heterogeneous	role_heterogeneous	C1:resolved;C2:resolved;S:role_heterogeneous;O:role_heterogeneous	unresolved_or_heterogeneous	no_unique_strict_prediction	no_unique_strict_prediction	high
inclusive	100000	Columbea	inclusive_W100000_EV007	34021640	34232794	inversion_like	moderate	role_heterogeneous	A5	role_heterogeneous	A0	C1:role_heterogeneous;C2:resolved;S:role_heterogeneous;O:resolved	unresolved_or_heterogeneous	no_unique_strict_prediction	no_unique_strict_prediction	limited
inclusive	100000	N61	inclusive_W100000_EV007	34021640	34232794	inversion_like	moderate	role_heterogeneous	role_heterogeneous	A3	role_heterogeneous	C1:role_heterogeneous;C2:role_heterogeneous;S:resolved;O:role_heterogeneous	unresolved_or_heterogeneous	no_unique_strict_prediction	no_unique_strict_prediction	limited
inclusive	100000	N62	inclusive_W100000_EV007	34021640	34232794	inversion_like	moderate	A2	A1	role_heterogeneous	role_heterogeneous	C1:resolved;C2:resolved;S:role_heterogeneous;O:role_heterogeneous	unresolved_or_heterogeneous	no_unique_strict_prediction	no_unique_strict_prediction	limited
inclusive	100000	Columbea	inclusive_W100000_EV022	34741919	34741919	single_boundary_event	single_boundary	role_heterogeneous	A2	role_heterogeneous	A0	C1:role_heterogeneous;C2:resolved;S:role_heterogeneous;O:resolved	unresolved_or_heterogeneous	no_unique_strict_prediction	no_unique_strict_prediction	high
inclusive	100000	N61	inclusive_W100000_EV022	34741919	34741919	single_boundary_event	single_boundary	role_heterogeneous	role_heterogeneous	A2	role_heterogeneous	C1:role_heterogeneous;C2:role_heterogeneous;S:resolved;O:role_heterogeneous	unresolved_or_heterogeneous	no_unique_strict_prediction	no_unique_strict_prediction	high
inclusive	100000	N62	inclusive_W100000_EV022	34741919	34741919	single_boundary_event	single_boundary	A1	A3	role_heterogeneous	role_heterogeneous	C1:resolved;C2:resolved;S:role_heterogeneous;O:role_heterogeneous	unresolved_or_heterogeneous	no_unique_strict_prediction	no_unique_strict_prediction	high
inclusive	100000	Columbea	inclusive_W100000_EV008	35025837	35331645	adjacency_change	high	role_heterogeneous	A5	role_heterogeneous	A0	C1:role_heterogeneous;C2:resolved;S:role_heterogeneous;O:resolved	unresolved_or_heterogeneous	no_unique_strict_prediction	no_unique_strict_prediction	limited
inclusive	100000	N61	inclusive_W100000_EV008	35025837	35331645	adjacency_change	high	role_heterogeneous	role_heterogeneous	A3	role_heterogeneous	C1:role_heterogeneous;C2:role_heterogeneous;S:resolved;O:role_heterogeneous	unresolved_or_heterogeneous	no_unique_strict_prediction	no_unique_strict_prediction	limited
inclusive	100000	N62	inclusive_W100000_EV008	35025837	35331645	adjacency_change	high	A6	A1	role_heterogeneous	role_heterogeneous	C1:resolved;C2:resolved;S:role_heterogeneous;O:role_heterogeneous	unresolved_or_heterogeneous	no_unique_strict_prediction	no_unique_strict_prediction	limited
inclusive	100000	Columbea	inclusive_W100000_EV009	37255236	39237022	adjacency_change	high	role_heterogeneous	A3	role_heterogeneous	A0	C1:role_heterogeneous;C2:resolved;S:role_heterogeneous;O:resolved	unresolved_or_heterogeneous	no_unique_strict_prediction	no_unique_strict_prediction	limited
inclusive	100000	N61	inclusive_W100000_EV009	37255236	39237022	adjacency_change	high	role_heterogeneous	role_heterogeneous	A2	role_heterogeneous	C1:role_heterogeneous;C2:role_heterogeneous;S:resolved;O:role_heterogeneous	unresolved_or_heterogeneous	no_unique_strict_prediction	no_unique_strict_prediction	limited
inclusive	100000	N62	inclusive_W100000_EV009	37255236	39237022	adjacency_change	high	A6	A1	role_heterogeneous	role_heterogeneous	C1:resolved;C2:resolved;S:role_heterogeneous;O:role_heterogeneous	unresolved_or_heterogeneous	no_unique_strict_prediction	no_unique_strict_prediction	limited
inclusive	100000	Columbea	inclusive_W100000_EV010	42267292	44647530	inversion_like	high	role_heterogeneous	A3	role_heterogeneous	A0	C1:role_heterogeneous;C2:resolved;S:role_heterogeneous;O:resolved	unresolved_or_heterogeneous	no_unique_strict_prediction	no_unique_strict_prediction	limited
inclusive	100000	N61	inclusive_W100000_EV010	42267292	44647530	inversion_like	high	role_heterogeneous	role_heterogeneous	A1	role_heterogeneous	C1:role_heterogeneous;C2:role_heterogeneous;S:resolved;O:role_heterogeneous	unresolved_or_heterogeneous	no_unique_strict_prediction	no_unique_strict_prediction	limited
inclusive	100000	N62	inclusive_W100000_EV010	42267292	44647530	inversion_like	high	A6	A4	role_heterogeneous	role_heterogeneous	C1:resolved;C2:resolved;S:role_heterogeneous;O:role_heterogeneous	unresolved_or_heterogeneous	no_unique_strict_prediction	no_unique_strict_prediction	limited
inclusive	100000	Columbea	inclusive_W100000_EV011	45658664	46422770	inversion_like	moderate	unresolved	A2	unresolved	A0	C1:unresolved_role_species_state;C2:resolved;S:unresolved_role_species_state;O:resolved	unresolved_or_heterogeneous	no_unique_strict_prediction	no_unique_strict_prediction	unresolved
inclusive	100000	N61	inclusive_W100000_EV011	45658664	46422770	inversion_like	moderate	unresolved	unresolved	A1	role_heterogeneous	C1:unresolved_role_species_state;C2:unresolved_role_species_state;S:resolved;O:role_heterogeneous	unresolved_or_heterogeneous	no_unique_strict_prediction	no_unique_strict_prediction	unresolved
inclusive	100000	N62	inclusive_W100000_EV011	45658664	46422770	inversion_like	moderate	unresolved	unresolved	unresolved	role_heterogeneous	C1:unresolved_role_species_state;C2:unresolved_role_species_state;S:unresolved_role_species_state;O:role_heterogeneous	unresolved_or_heterogeneous	no_unique_strict_prediction	no_unique_strict_prediction	unresolved
inclusive	100000	Columbea	inclusive_W100000_EV023	47143089	47143089	single_boundary_event	single_boundary	unresolved	A1	unresolved	A0	C1:unresolved_role_species_state;C2:resolved;S:unresolved_role_species_state;O:resolved	unresolved_or_heterogeneous	no_unique_strict_prediction	no_unique_strict_prediction	unresolved
inclusive	100000	N61	inclusive_W100000_EV023	47143089	47143089	single_boundary_event	single_boundary	unresolved	unresolved	A2	role_heterogeneous	C1:unresolved_role_species_state;C2:unresolved_role_species_state;S:resolved;O:role_heterogeneous	unresolved_or_heterogeneous	no_unique_strict_prediction	no_unique_strict_prediction	unresolved
inclusive	100000	N62	inclusive_W100000_EV023	47143089	47143089	single_boundary_event	single_boundary	unresolved	unresolved	unresolved	role_heterogeneous	C1:unresolved_role_species_state;C2:unresolved_role_species_state;S:unresolved_role_species_state;O:role_heterogeneous	unresolved_or_heterogeneous	no_unique_strict_prediction	no_unique_strict_prediction	unresolved
inclusive	100000	Columbea	inclusive_W100000_EV024	47228924	47228924	single_boundary_event	single_boundary	unresolved	A1	unresolved	A0	C1:unresolved_role_species_state;C2:resolved;S:unresolved_role_species_state;O:resolved	unresolved_or_heterogeneous	no_unique_strict_prediction	no_unique_strict_prediction	unresolved
inclusive	100000	N61	inclusive_W100000_EV024	47228924	47228924	single_boundary_event	single_boundary	unresolved	unresolved	A3	role_heterogeneous	C1:unresolved_role_species_state;C2:unresolved_role_species_state;S:resolved;O:role_heterogeneous	unresolved_or_heterogeneous	no_unique_strict_prediction	no_unique_strict_prediction	unresolved
inclusive	100000	N62	inclusive_W100000_EV024	47228924	47228924	single_boundary_event	single_boundary	A2	unresolved	unresolved	role_heterogeneous	C1:resolved;C2:unresolved_role_species_state;S:unresolved_role_species_state;O:role_heterogeneous	unresolved_or_heterogeneous	no_unique_strict_prediction	no_unique_strict_prediction	unresolved
inclusive	100000	Columbea	inclusive_W100000_EV012	49159743	49624080	inversion_like	high	role_heterogeneous	A3	role_heterogeneous	A0	C1:role_heterogeneous;C2:resolved;S:role_heterogeneous;O:resolved	unresolved_or_heterogeneous	no_unique_strict_prediction	no_unique_strict_prediction	high
inclusive	100000	N61	inclusive_W100000_EV012	49159743	49624080	inversion_like	high	role_heterogeneous	role_heterogeneous	A4	role_heterogeneous	C1:role_heterogeneous;C2:role_heterogeneous;S:resolved;O:role_heterogeneous	unresolved_or_heterogeneous	no_unique_strict_prediction	no_unique_strict_prediction	high
inclusive	100000	N62	inclusive_W100000_EV012	49159743	49624080	inversion_like	high	A2	A1	role_heterogeneous	role_heterogeneous	C1:resolved;C2:resolved;S:role_heterogeneous;O:role_heterogeneous	unresolved_or_heterogeneous	no_unique_strict_prediction	no_unique_strict_prediction	high
inclusive	100000	Columbea	inclusive_W100000_EV013	50085260	50410378	adjacency_change	high	role_heterogeneous	A4	role_heterogeneous	A0	C1:role_heterogeneous;C2:resolved;S:role_heterogeneous;O:resolved	unresolved_or_heterogeneous	no_unique_strict_prediction	no_unique_strict_prediction	limited
inclusive	100000	N61	inclusive_W100000_EV013	50085260	50410378	adjacency_change	high	role_heterogeneous	role_heterogeneous	A2	role_heterogeneous	C1:role_heterogeneous;C2:role_heterogeneous;S:resolved;O:role_heterogeneous	unresolved_or_heterogeneous	no_unique_strict_prediction	no_unique_strict_prediction	limited
inclusive	100000	N62	inclusive_W100000_EV013	50085260	50410378	adjacency_change	high	A5	A6	role_heterogeneous	role_heterogeneous	C1:resolved;C2:resolved;S:role_heterogeneous;O:role_heterogeneous	unresolved_or_heterogeneous	no_unique_strict_prediction	no_unique_strict_prediction	limited
inclusive	100000	Columbea	inclusive_W100000_EV014	50989362	51570722	inversion_like	high	role_heterogeneous	A2	role_heterogeneous	A0	C1:role_heterogeneous;C2:resolved;S:role_heterogeneous;O:resolved	unresolved_or_heterogeneous	no_unique_strict_prediction	no_unique_strict_prediction	limited
inclusive	100000	N61	inclusive_W100000_EV014	50989362	51570722	inversion_like	high	role_heterogeneous	role_heterogeneous	A3	role_heterogeneous	C1:role_heterogeneous;C2:role_heterogeneous;S:resolved;O:role_heterogeneous	unresolved_or_heterogeneous	no_unique_strict_prediction	no_unique_strict_prediction	limited
inclusive	100000	N62	inclusive_W100000_EV014	50989362	51570722	inversion_like	high	A5	A1	role_heterogeneous	role_heterogeneous	C1:resolved;C2:resolved;S:role_heterogeneous;O:role_heterogeneous	unresolved_or_heterogeneous	no_unique_strict_prediction	no_unique_strict_prediction	limited
inclusive	100000	Columbea	inclusive_W100000_EV025	51789124	51789124	single_boundary_event	single_boundary	role_heterogeneous	A1	role_heterogeneous	A0	C1:role_heterogeneous;C2:resolved;S:role_heterogeneous;O:resolved	unresolved_or_heterogeneous	no_unique_strict_prediction	no_unique_strict_prediction	high
inclusive	100000	N61	inclusive_W100000_EV025	51789124	51789124	single_boundary_event	single_boundary	role_heterogeneous	role_heterogeneous	A3	role_heterogeneous	C1:role_heterogeneous;C2:role_heterogeneous;S:resolved;O:role_heterogeneous	unresolved_or_heterogeneous	no_unique_strict_prediction	no_unique_strict_prediction	high
inclusive	100000	N62	inclusive_W100000_EV025	51789124	51789124	single_boundary_event	single_boundary	A4	A2	role_heterogeneous	role_heterogeneous	C1:resolved;C2:resolved;S:role_heterogeneous;O:role_heterogeneous	unresolved_or_heterogeneous	no_unique_strict_prediction	no_unique_strict_prediction	high
inclusive	100000	Columbea	inclusive_W100000_EV015	55393543	55750019	adjacency_change	high	unresolved	A4	role_heterogeneous	A0	C1:unresolved_role_species_state;C2:resolved;S:role_heterogeneous;O:resolved	unresolved_or_heterogeneous	no_unique_strict_prediction	no_unique_strict_prediction	unresolved
inclusive	100000	N61	inclusive_W100000_EV015	55393543	55750019	adjacency_change	high	role_heterogeneous	unresolved	A2	role_heterogeneous	C1:role_heterogeneous;C2:unresolved_role_species_state;S:resolved;O:role_heterogeneous	unresolved_or_heterogeneous	no_unique_strict_prediction	no_unique_strict_prediction	unresolved
inclusive	100000	N62	inclusive_W100000_EV015	55393543	55750019	adjacency_change	high	unresolved	A1	role_heterogeneous	role_heterogeneous	C1:unresolved_role_species_state;C2:resolved;S:role_heterogeneous;O:role_heterogeneous	unresolved_or_heterogeneous	no_unique_strict_prediction	no_unique_strict_prediction	unresolved
inclusive	100000	Columbea	inclusive_W100000_EV016	56712451	57203613	adjacency_change	high	role_heterogeneous	A4	role_heterogeneous	A0	C1:role_heterogeneous;C2:resolved;S:role_heterogeneous;O:resolved	unresolved_or_heterogeneous	no_unique_strict_prediction	no_unique_strict_prediction	high
inclusive	100000	N61	inclusive_W100000_EV016	56712451	57203613	adjacency_change	high	role_heterogeneous	role_heterogeneous	A1	role_heterogeneous	C1:role_heterogeneous;C2:role_heterogeneous;S:resolved;O:role_heterogeneous	unresolved_or_heterogeneous	no_unique_strict_prediction	no_unique_strict_prediction	high
inclusive	100000	N62	inclusive_W100000_EV016	56712451	57203613	adjacency_change	high	A6	A3	role_heterogeneous	role_heterogeneous	C1:resolved;C2:resolved;S:role_heterogeneous;O:role_heterogeneous	unresolved_or_heterogeneous	no_unique_strict_prediction	no_unique_strict_prediction	high
inclusive	100000	Columbea	inclusive_W100000_EV017	58171516	59982754	adjacency_change	high	role_heterogeneous	A1	role_heterogeneous	A0	C1:role_heterogeneous;C2:resolved;S:role_heterogeneous;O:resolved	unresolved_or_heterogeneous	no_unique_strict_prediction	no_unique_strict_prediction	limited
inclusive	100000	N61	inclusive_W100000_EV017	58171516	59982754	adjacency_change	high	role_heterogeneous	role_heterogeneous	A4	role_heterogeneous	C1:role_heterogeneous;C2:role_heterogeneous;S:resolved;O:role_heterogeneous	unresolved_or_heterogeneous	no_unique_strict_prediction	no_unique_strict_prediction	limited
inclusive	100000	N62	inclusive_W100000_EV017	58171516	59982754	adjacency_change	high	A6	A3	role_heterogeneous	role_heterogeneous	C1:resolved;C2:resolved;S:role_heterogeneous;O:role_heterogeneous	unresolved_or_heterogeneous	no_unique_strict_prediction	no_unique_strict_prediction	limited
inclusive	100000	Columbea	inclusive_W100000_EV026	61035423	61035423	single_boundary_event	single_boundary	role_heterogeneous	A3	role_heterogeneous	A0	C1:role_heterogeneous;C2:resolved;S:role_heterogeneous;O:resolved	unresolved_or_heterogeneous	no_unique_strict_prediction	no_unique_strict_prediction	limited
inclusive	100000	N61	inclusive_W100000_EV026	61035423	61035423	single_boundary_event	single_boundary	role_heterogeneous	role_heterogeneous	A3	role_heterogeneous	C1:role_heterogeneous;C2:role_heterogeneous;S:resolved;O:role_heterogeneous	unresolved_or_heterogeneous	no_unique_strict_prediction	no_unique_strict_prediction	limited
inclusive	100000	N62	inclusive_W100000_EV026	61035423	61035423	single_boundary_event	single_boundary	A2	A1	role_heterogeneous	role_heterogeneous	C1:resolved;C2:resolved;S:role_heterogeneous;O:role_heterogeneous	unresolved_or_heterogeneous	no_unique_strict_prediction	no_unique_strict_prediction	limited
primary	250000	Columbea	primary_W250000_EV011	1949860	1949860	single_boundary_event	single_boundary	role_heterogeneous	A2	role_heterogeneous	A0	C1:role_heterogeneous;C2:resolved;S:role_heterogeneous;O:resolved	unresolved_or_heterogeneous	no_unique_strict_prediction	no_unique_strict_prediction	limited
primary	250000	N61	primary_W250000_EV011	1949860	1949860	single_boundary_event	single_boundary	role_heterogeneous	role_heterogeneous	A2	role_heterogeneous	C1:role_heterogeneous;C2:role_heterogeneous;S:resolved;O:role_heterogeneous	unresolved_or_heterogeneous	no_unique_strict_prediction	no_unique_strict_prediction	limited
primary	250000	N62	primary_W250000_EV011	1949860	1949860	single_boundary_event	single_boundary	A3	A1	role_heterogeneous	role_heterogeneous	C1:resolved;C2:resolved;S:role_heterogeneous;O:role_heterogeneous	unresolved_or_heterogeneous	no_unique_strict_prediction	no_unique_strict_prediction	limited
primary	250000	Columbea	primary_W250000_EV001	9504880	10974030	adjacency_change	moderate	role_heterogeneous	A2	role_heterogeneous	A0	C1:role_heterogeneous;C2:resolved;S:role_heterogeneous;O:resolved	unresolved_or_heterogeneous	no_unique_strict_prediction	no_unique_strict_prediction	limited
primary	250000	N61	primary_W250000_EV001	9504880	10974030	adjacency_change	moderate	role_heterogeneous	role_heterogeneous	A1	role_heterogeneous	C1:role_heterogeneous;C2:role_heterogeneous;S:resolved;O:role_heterogeneous	unresolved_or_heterogeneous	no_unique_strict_prediction	no_unique_strict_prediction	limited
primary	250000	N62	primary_W250000_EV001	9504880	10974030	adjacency_change	moderate	A4	A6	role_heterogeneous	role_heterogeneous	C1:resolved;C2:resolved;S:role_heterogeneous;O:role_heterogeneous	unresolved_or_heterogeneous	no_unique_strict_prediction	no_unique_strict_prediction	limited
primary	250000	Columbea	primary_W250000_EV002	19760078	25213019	adjacency_change	high	role_heterogeneous	A5	role_heterogeneous	A0	C1:role_heterogeneous;C2:resolved;S:role_heterogeneous;O:resolved	unresolved_or_heterogeneous	no_unique_strict_prediction	no_unique_strict_prediction	limited
primary	250000	N61	primary_W250000_EV002	19760078	25213019	adjacency_change	high	role_heterogeneous	role_heterogeneous	A4	role_heterogeneous	C1:role_heterogeneous;C2:role_heterogeneous;S:resolved;O:role_heterogeneous	unresolved_or_heterogeneous	no_unique_strict_prediction	no_unique_strict_prediction	limited
primary	250000	N62	primary_W250000_EV002	19760078	25213019	adjacency_change	high	A1	A3	role_heterogeneous	role_heterogeneous	C1:resolved;C2:resolved;S:role_heterogeneous;O:role_heterogeneous	unresolved_or_heterogeneous	no_unique_strict_prediction	no_unique_strict_prediction	limited
primary	250000	Columbea	primary_W250000_EV012	25559087	25559087	single_boundary_event	single_boundary	role_heterogeneous	A3	role_heterogeneous	A0	C1:role_heterogeneous;C2:resolved;S:role_heterogeneous;O:resolved	unresolved_or_heterogeneous	no_unique_strict_prediction	no_unique_strict_prediction	high
primary	250000	N61	primary_W250000_EV012	25559087	25559087	single_boundary_event	single_boundary	role_heterogeneous	role_heterogeneous	A3	role_heterogeneous	C1:role_heterogeneous;C2:role_heterogeneous;S:resolved;O:role_heterogeneous	unresolved_or_heterogeneous	no_unique_strict_prediction	no_unique_strict_prediction	high
primary	250000	N62	primary_W250000_EV012	25559087	25559087	single_boundary_event	single_boundary	A4	A1	role_heterogeneous	role_heterogeneous	C1:resolved;C2:resolved;S:role_heterogeneous;O:role_heterogeneous	unresolved_or_heterogeneous	no_unique_strict_prediction	no_unique_strict_prediction	high
primary	250000	Columbea	primary_W250000_EV013	33234049	33234049	single_boundary_event	single_boundary	role_heterogeneous	A4	role_heterogeneous	A0	C1:role_heterogeneous;C2:resolved;S:role_heterogeneous;O:resolved	unresolved_or_heterogeneous	no_unique_strict_prediction	no_unique_strict_prediction	high
primary	250000	N61	primary_W250000_EV013	33234049	33234049	single_boundary_event	single_boundary	role_heterogeneous	role_heterogeneous	A4	role_heterogeneous	C1:role_heterogeneous;C2:role_heterogeneous;S:resolved;O:role_heterogeneous	unresolved_or_heterogeneous	no_unique_strict_prediction	no_unique_strict_prediction	high
primary	250000	N62	primary_W250000_EV013	33234049	33234049	single_boundary_event	single_boundary	A2	A1	role_heterogeneous	role_heterogeneous	C1:resolved;C2:resolved;S:role_heterogeneous;O:role_heterogeneous	unresolved_or_heterogeneous	no_unique_strict_prediction	no_unique_strict_prediction	high
primary	250000	Columbea	primary_W250000_EV003	34021640	34232794	inversion_like	moderate	role_heterogeneous	A5	role_heterogeneous	A0	C1:role_heterogeneous;C2:resolved;S:role_heterogeneous;O:resolved	unresolved_or_heterogeneous	no_unique_strict_prediction	no_unique_strict_prediction	limited
primary	250000	N61	primary_W250000_EV003	34021640	34232794	inversion_like	moderate	role_heterogeneous	role_heterogeneous	A3	role_heterogeneous	C1:role_heterogeneous;C2:role_heterogeneous;S:resolved;O:role_heterogeneous	unresolved_or_heterogeneous	no_unique_strict_prediction	no_unique_strict_prediction	limited
primary	250000	N62	primary_W250000_EV003	34021640	34232794	inversion_like	moderate	A2	A1	role_heterogeneous	role_heterogeneous	C1:resolved;C2:resolved;S:role_heterogeneous;O:role_heterogeneous	unresolved_or_heterogeneous	no_unique_strict_prediction	no_unique_strict_prediction	limited
primary	250000	Columbea	primary_W250000_EV004	35025837	37255236	translocation_like	high	role_heterogeneous	A5	role_heterogeneous	A0	C1:role_heterogeneous;C2:resolved;S:role_heterogeneous;O:resolved	unresolved_or_heterogeneous	no_unique_strict_prediction	no_unique_strict_prediction	high
primary	250000	N61	primary_W250000_EV004	35025837	37255236	translocation_like	high	role_heterogeneous	role_heterogeneous	A3	role_heterogeneous	C1:role_heterogeneous;C2:role_heterogeneous;S:resolved;O:role_heterogeneous	unresolved_or_heterogeneous	no_unique_strict_prediction	no_unique_strict_prediction	high
primary	250000	N62	primary_W250000_EV004	35025837	37255236	translocation_like	high	A6	A1	role_heterogeneous	role_heterogeneous	C1:resolved;C2:resolved;S:role_heterogeneous;O:role_heterogeneous	unresolved_or_heterogeneous	no_unique_strict_prediction	no_unique_strict_prediction	high
primary	250000	Columbea	primary_W250000_EV005	39237022	42267292	inversion_like	moderate	role_heterogeneous	A2	role_heterogeneous	A0	C1:role_heterogeneous;C2:resolved;S:role_heterogeneous;O:resolved	unresolved_or_heterogeneous	no_unique_strict_prediction	no_unique_strict_prediction	high
primary	250000	N61	primary_W250000_EV005	39237022	42267292	inversion_like	moderate	role_heterogeneous	role_heterogeneous	A4	role_heterogeneous	C1:role_heterogeneous;C2:role_heterogeneous;S:resolved;O:role_heterogeneous	unresolved_or_heterogeneous	no_unique_strict_prediction	no_unique_strict_prediction	high
primary	250000	N62	primary_W250000_EV005	39237022	42267292	inversion_like	moderate	A6	A1	role_heterogeneous	role_heterogeneous	C1:resolved;C2:resolved;S:role_heterogeneous;O:role_heterogeneous	unresolved_or_heterogeneous	no_unique_strict_prediction	no_unique_strict_prediction	high
primary	250000	Columbea	primary_W250000_EV006	44647530	45658664	inversion_like	high	role_heterogeneous	A4	role_heterogeneous	A0	C1:role_heterogeneous;C2:resolved;S:role_heterogeneous;O:resolved	unresolved_or_heterogeneous	no_unique_strict_prediction	no_unique_strict_prediction	limited
primary	250000	N61	primary_W250000_EV006	44647530	45658664	inversion_like	high	role_heterogeneous	role_heterogeneous	A2	role_heterogeneous	C1:role_heterogeneous;C2:role_heterogeneous;S:resolved;O:role_heterogeneous	unresolved_or_heterogeneous	no_unique_strict_prediction	no_unique_strict_prediction	limited
primary	250000	N62	primary_W250000_EV006	44647530	45658664	inversion_like	high	A1	A5	role_heterogeneous	role_heterogeneous	C1:resolved;C2:resolved;S:role_heterogeneous;O:role_heterogeneous	unresolved_or_heterogeneous	no_unique_strict_prediction	no_unique_strict_prediction	limited
primary	250000	Columbea	primary_W250000_EV014	46422770	46422770	single_boundary_event	single_boundary	role_heterogeneous	A4	role_heterogeneous	A0	C1:role_heterogeneous;C2:resolved;S:role_heterogeneous;O:resolved	unresolved_or_heterogeneous	no_unique_strict_prediction	no_unique_strict_prediction	high
primary	250000	N61	primary_W250000_EV014	46422770	46422770	single_boundary_event	single_boundary	role_heterogeneous	role_heterogeneous	A4	role_heterogeneous	C1:role_heterogeneous;C2:role_heterogeneous;S:resolved;O:role_heterogeneous	unresolved_or_heterogeneous	no_unique_strict_prediction	no_unique_strict_prediction	high
primary	250000	N62	primary_W250000_EV014	46422770	46422770	single_boundary_event	single_boundary	A3	A2	role_heterogeneous	role_heterogeneous	C1:resolved;C2:resolved;S:role_heterogeneous;O:role_heterogeneous	unresolved_or_heterogeneous	no_unique_strict_prediction	no_unique_strict_prediction	high
primary	250000	Columbea	primary_W250000_EV007	47143089	49159743	adjacency_change	moderate	role_heterogeneous	A2	unresolved	A0	C1:role_heterogeneous;C2:resolved;S:unresolved_role_species_state;O:resolved	unresolved_or_heterogeneous	no_unique_strict_prediction	no_unique_strict_prediction	unresolved
primary	250000	N61	primary_W250000_EV007	47143089	49159743	adjacency_change	moderate	unresolved	role_heterogeneous	A3	role_heterogeneous	C1:unresolved_role_species_state;C2:role_heterogeneous;S:resolved;O:role_heterogeneous	unresolved_or_heterogeneous	no_unique_strict_prediction	no_unique_strict_prediction	unresolved
primary	250000	N62	primary_W250000_EV007	47143089	49159743	adjacency_change	moderate	A4	A1	unresolved	role_heterogeneous	C1:resolved;C2:resolved;S:unresolved_role_species_state;O:role_heterogeneous	unresolved_or_heterogeneous	no_unique_strict_prediction	no_unique_strict_prediction	unresolved
primary	250000	Columbea	primary_W250000_EV015	49624080	49624080	single_boundary_event	single_boundary	role_heterogeneous	A3	role_heterogeneous	A0	C1:role_heterogeneous;C2:resolved;S:role_heterogeneous;O:resolved	unresolved_or_heterogeneous	no_unique_strict_prediction	no_unique_strict_prediction	high
primary	250000	N61	primary_W250000_EV015	49624080	49624080	single_boundary_event	single_boundary	role_heterogeneous	role_heterogeneous	A3	role_heterogeneous	C1:role_heterogeneous;C2:role_heterogeneous;S:resolved;O:role_heterogeneous	unresolved_or_heterogeneous	no_unique_strict_prediction	no_unique_strict_prediction	high
primary	250000	N62	primary_W250000_EV015	49624080	49624080	single_boundary_event	single_boundary	A2	A1	role_heterogeneous	role_heterogeneous	C1:resolved;C2:resolved;S:role_heterogeneous;O:role_heterogeneous	unresolved_or_heterogeneous	no_unique_strict_prediction	no_unique_strict_prediction	high
primary	250000	Columbea	primary_W250000_EV008	50410378	50989362	adjacency_change	high	role_heterogeneous	A3	unresolved	A0	C1:role_heterogeneous;C2:resolved;S:unresolved_role_species_state;O:resolved	unresolved_or_heterogeneous	no_unique_strict_prediction	no_unique_strict_prediction	unresolved
primary	250000	N61	primary_W250000_EV008	50410378	50989362	adjacency_change	high	unresolved	role_heterogeneous	A1	role_heterogeneous	C1:unresolved_role_species_state;C2:role_heterogeneous;S:resolved;O:role_heterogeneous	unresolved_or_heterogeneous	no_unique_strict_prediction	no_unique_strict_prediction	unresolved
primary	250000	N62	primary_W250000_EV008	50410378	50989362	adjacency_change	high	A4	A5	unresolved	role_heterogeneous	C1:resolved;C2:resolved;S:unresolved_role_species_state;O:role_heterogeneous	unresolved_or_heterogeneous	no_unique_strict_prediction	no_unique_strict_prediction	unresolved
primary	250000	Columbea	primary_W250000_EV009	51789124	57203613	inversion_like	high	role_heterogeneous	A1	role_heterogeneous	A0	C1:role_heterogeneous;C2:resolved;S:role_heterogeneous;O:resolved	unresolved_or_heterogeneous	no_unique_strict_prediction	no_unique_strict_prediction	high
primary	250000	N61	primary_W250000_EV009	51789124	57203613	inversion_like	high	role_heterogeneous	role_heterogeneous	A3	role_heterogeneous	C1:role_heterogeneous;C2:role_heterogeneous;S:resolved;O:role_heterogeneous	unresolved_or_heterogeneous	no_unique_strict_prediction	no_unique_strict_prediction	high
primary	250000	N62	primary_W250000_EV009	51789124	57203613	inversion_like	high	A5	A2	role_heterogeneous	role_heterogeneous	C1:resolved;C2:resolved;S:role_heterogeneous;O:role_heterogeneous	unresolved_or_heterogeneous	no_unique_strict_prediction	no_unique_strict_prediction	high
primary	250000	Columbea	primary_W250000_EV010	58171516	59982754	adjacency_change	high	role_heterogeneous	A1	role_heterogeneous	A0	C1:role_heterogeneous;C2:resolved;S:role_heterogeneous;O:resolved	unresolved_or_heterogeneous	no_unique_strict_prediction	no_unique_strict_prediction	high
primary	250000	N61	primary_W250000_EV010	58171516	59982754	adjacency_change	high	role_heterogeneous	role_heterogeneous	A4	role_heterogeneous	C1:role_heterogeneous;C2:role_heterogeneous;S:resolved;O:role_heterogeneous	unresolved_or_heterogeneous	no_unique_strict_prediction	no_unique_strict_prediction	high
primary	250000	N62	primary_W250000_EV010	58171516	59982754	adjacency_change	high	A6	A3	role_heterogeneous	role_heterogeneous	C1:resolved;C2:resolved;S:role_heterogeneous;O:role_heterogeneous	unresolved_or_heterogeneous	no_unique_strict_prediction	no_unique_strict_prediction	high
primary	250000	Columbea	primary_W250000_EV016	61035423	61035423	single_boundary_event	single_boundary	role_heterogeneous	A3	role_heterogeneous	A0	C1:role_heterogeneous;C2:resolved;S:role_heterogeneous;O:resolved	unresolved_or_heterogeneous	no_unique_strict_prediction	no_unique_strict_prediction	limited
primary	250000	N61	primary_W250000_EV016	61035423	61035423	single_boundary_event	single_boundary	role_heterogeneous	role_heterogeneous	A3	role_heterogeneous	C1:role_heterogeneous;C2:role_heterogeneous;S:resolved;O:role_heterogeneous	unresolved_or_heterogeneous	no_unique_strict_prediction	no_unique_strict_prediction	limited
primary	250000	N62	primary_W250000_EV016	61035423	61035423	single_boundary_event	single_boundary	A2	A1	role_heterogeneous	role_heterogeneous	C1:resolved;C2:resolved;S:role_heterogeneous;O:role_heterogeneous	unresolved_or_heterogeneous	no_unique_strict_prediction	no_unique_strict_prediction	limited
stringent	250000	Columbea	stringent_W250000_EV008	1949860	1949860	single_boundary_event	single_boundary	role_heterogeneous	A2	role_heterogeneous	A0	C1:role_heterogeneous;C2:resolved;S:role_heterogeneous;O:resolved	unresolved_or_heterogeneous	no_unique_strict_prediction	no_unique_strict_prediction	limited
stringent	250000	N61	stringent_W250000_EV008	1949860	1949860	single_boundary_event	single_boundary	role_heterogeneous	role_heterogeneous	A2	role_heterogeneous	C1:role_heterogeneous;C2:role_heterogeneous;S:resolved;O:role_heterogeneous	unresolved_or_heterogeneous	no_unique_strict_prediction	no_unique_strict_prediction	limited
stringent	250000	N62	stringent_W250000_EV008	1949860	1949860	single_boundary_event	single_boundary	A3	A1	role_heterogeneous	role_heterogeneous	C1:resolved;C2:resolved;S:role_heterogeneous;O:role_heterogeneous	unresolved_or_heterogeneous	no_unique_strict_prediction	no_unique_strict_prediction	limited
stringent	250000	Columbea	stringent_W250000_EV001	9504880	10974030	adjacency_change	moderate	role_heterogeneous	A2	role_heterogeneous	A0	C1:role_heterogeneous;C2:resolved;S:role_heterogeneous;O:resolved	unresolved_or_heterogeneous	no_unique_strict_prediction	no_unique_strict_prediction	limited
stringent	250000	N61	stringent_W250000_EV001	9504880	10974030	adjacency_change	moderate	role_heterogeneous	role_heterogeneous	A1	role_heterogeneous	C1:role_heterogeneous;C2:role_heterogeneous;S:resolved;O:role_heterogeneous	unresolved_or_heterogeneous	no_unique_strict_prediction	no_unique_strict_prediction	limited
stringent	250000	N62	stringent_W250000_EV001	9504880	10974030	adjacency_change	moderate	A4	A6	role_heterogeneous	role_heterogeneous	C1:resolved;C2:resolved;S:role_heterogeneous;O:role_heterogeneous	unresolved_or_heterogeneous	no_unique_strict_prediction	no_unique_strict_prediction	limited
stringent	250000	Columbea	stringent_W250000_EV002	19760078	25213019	adjacency_change	high	role_heterogeneous	A5	role_heterogeneous	A0	C1:role_heterogeneous;C2:resolved;S:role_heterogeneous;O:resolved	unresolved_or_heterogeneous	no_unique_strict_prediction	no_unique_strict_prediction	limited
stringent	250000	N61	stringent_W250000_EV002	19760078	25213019	adjacency_change	high	role_heterogeneous	role_heterogeneous	A4	role_heterogeneous	C1:role_heterogeneous;C2:role_heterogeneous;S:resolved;O:role_heterogeneous	unresolved_or_heterogeneous	no_unique_strict_prediction	no_unique_strict_prediction	limited
stringent	250000	N62	stringent_W250000_EV002	19760078	25213019	adjacency_change	high	A1	A3	role_heterogeneous	role_heterogeneous	C1:resolved;C2:resolved;S:role_heterogeneous;O:role_heterogeneous	unresolved_or_heterogeneous	no_unique_strict_prediction	no_unique_strict_prediction	limited
stringent	250000	Columbea	stringent_W250000_EV003	25559087	34021640	inversion_like	high	role_heterogeneous	A5	role_heterogeneous	A0	C1:role_heterogeneous;C2:resolved;S:role_heterogeneous;O:resolved	unresolved_or_heterogeneous	no_unique_strict_prediction	no_unique_strict_prediction	limited
stringent	250000	N61	stringent_W250000_EV003	25559087	34021640	inversion_like	high	role_heterogeneous	role_heterogeneous	A3	role_heterogeneous	C1:role_heterogeneous;C2:role_heterogeneous;S:resolved;O:role_heterogeneous	unresolved_or_heterogeneous	no_unique_strict_prediction	no_unique_strict_prediction	limited
stringent	250000	N62	stringent_W250000_EV003	25559087	34021640	inversion_like	high	A6	A1	role_heterogeneous	role_heterogeneous	C1:resolved;C2:resolved;S:role_heterogeneous;O:role_heterogeneous	unresolved_or_heterogeneous	no_unique_strict_prediction	no_unique_strict_prediction	limited
stringent	250000	Columbea	stringent_W250000_EV004	35025837	37255236	translocation_like	high	role_heterogeneous	A5	role_heterogeneous	A0	C1:role_heterogeneous;C2:resolved;S:role_heterogeneous;O:resolved	unresolved_or_heterogeneous	no_unique_strict_prediction	no_unique_strict_prediction	high
stringent	250000	N61	stringent_W250000_EV004	35025837	37255236	translocation_like	high	role_heterogeneous	role_heterogeneous	A3	role_heterogeneous	C1:role_heterogeneous;C2:role_heterogeneous;S:resolved;O:role_heterogeneous	unresolved_or_heterogeneous	no_unique_strict_prediction	no_unique_strict_prediction	high
stringent	250000	N62	stringent_W250000_EV004	35025837	37255236	translocation_like	high	A6	A1	role_heterogeneous	role_heterogeneous	C1:resolved;C2:resolved;S:role_heterogeneous;O:role_heterogeneous	unresolved_or_heterogeneous	no_unique_strict_prediction	no_unique_strict_prediction	high
stringent	250000	Columbea	stringent_W250000_EV005	39237022	44647530	inversion_like	high	role_heterogeneous	A2	role_heterogeneous	A0	C1:role_heterogeneous;C2:resolved;S:role_heterogeneous;O:resolved	unresolved_or_heterogeneous	no_unique_strict_prediction	no_unique_strict_prediction	limited
stringent	250000	N61	stringent_W250000_EV005	39237022	44647530	inversion_like	high	role_heterogeneous	role_heterogeneous	A4	role_heterogeneous	C1:role_heterogeneous;C2:role_heterogeneous;S:resolved;O:role_heterogeneous	unresolved_or_heterogeneous	no_unique_strict_prediction	no_unique_strict_prediction	limited
stringent	250000	N62	stringent_W250000_EV005	39237022	44647530	inversion_like	high	A6	A1	role_heterogeneous	role_heterogeneous	C1:resolved;C2:resolved;S:role_heterogeneous;O:role_heterogeneous	unresolved_or_heterogeneous	no_unique_strict_prediction	no_unique_strict_prediction	limited
stringent	250000	Columbea	stringent_W250000_EV006	45658664	46422770	inversion_like	high	unresolved	A3	unresolved	A0	C1:unresolved_role_species_state;C2:resolved;S:unresolved_role_species_state;O:resolved	unresolved_or_heterogeneous	no_unique_strict_prediction	no_unique_strict_prediction	unresolved
stringent	250000	N61	stringent_W250000_EV006	45658664	46422770	inversion_like	high	unresolved	unresolved	A2	role_heterogeneous	C1:unresolved_role_species_state;C2:unresolved_role_species_state;S:resolved;O:role_heterogeneous	unresolved_or_heterogeneous	no_unique_strict_prediction	no_unique_strict_prediction	unresolved
stringent	250000	N62	stringent_W250000_EV006	45658664	46422770	inversion_like	high	A4	unresolved	unresolved	role_heterogeneous	C1:resolved;C2:unresolved_role_species_state;S:unresolved_role_species_state;O:role_heterogeneous	unresolved_or_heterogeneous	no_unique_strict_prediction	no_unique_strict_prediction	unresolved
stringent	250000	Columbea	stringent_W250000_EV007	49624080	50989362	inversion_like	moderate	role_heterogeneous	A5	role_heterogeneous	A0	C1:role_heterogeneous;C2:resolved;S:role_heterogeneous;O:resolved	unresolved_or_heterogeneous	no_unique_strict_prediction	no_unique_strict_prediction	high
stringent	250000	N61	stringent_W250000_EV007	49624080	50989362	inversion_like	moderate	role_heterogeneous	role_heterogeneous	A3	role_heterogeneous	C1:role_heterogeneous;C2:role_heterogeneous;S:resolved;O:role_heterogeneous	unresolved_or_heterogeneous	no_unique_strict_prediction	no_unique_strict_prediction	high
stringent	250000	N62	stringent_W250000_EV007	49624080	50989362	inversion_like	moderate	A2	A1	role_heterogeneous	role_heterogeneous	C1:resolved;C2:resolved;S:role_heterogeneous;O:role_heterogeneous	unresolved_or_heterogeneous	no_unique_strict_prediction	no_unique_strict_prediction	high
stringent	250000	Columbea	stringent_W250000_EV009	58171516	58171516	single_boundary_event	single_boundary	role_heterogeneous	A1	role_heterogeneous	A0	C1:role_heterogeneous;C2:resolved;S:role_heterogeneous;O:resolved	unresolved_or_heterogeneous	no_unique_strict_prediction	no_unique_strict_prediction	high
stringent	250000	N61	stringent_W250000_EV009	58171516	58171516	single_boundary_event	single_boundary	role_heterogeneous	role_heterogeneous	A2	role_heterogeneous	C1:role_heterogeneous;C2:role_heterogeneous;S:resolved;O:role_heterogeneous	unresolved_or_heterogeneous	no_unique_strict_prediction	no_unique_strict_prediction	high
stringent	250000	N62	stringent_W250000_EV009	58171516	58171516	single_boundary_event	single_boundary	A3	A1	role_heterogeneous	role_heterogeneous	C1:resolved;C2:resolved;S:role_heterogeneous;O:role_heterogeneous	unresolved_or_heterogeneous	no_unique_strict_prediction	no_unique_strict_prediction	high
inclusive	250000	Columbea	inclusive_W250000_EV019	1582350	1582350	single_boundary_event	single_boundary	role_heterogeneous	A4	role_heterogeneous	A0	C1:role_heterogeneous;C2:resolved;S:role_heterogeneous;O:resolved	unresolved_or_heterogeneous	no_unique_strict_prediction	no_unique_strict_prediction	limited
inclusive	250000	N61	inclusive_W250000_EV019	1582350	1582350	single_boundary_event	single_boundary	role_heterogeneous	role_heterogeneous	A4	role_heterogeneous	C1:role_heterogeneous;C2:role_heterogeneous;S:resolved;O:role_heterogeneous	unresolved_or_heterogeneous	no_unique_strict_prediction	no_unique_strict_prediction	limited
inclusive	250000	N62	inclusive_W250000_EV019	1582350	1582350	single_boundary_event	single_boundary	A2	A1	role_heterogeneous	role_heterogeneous	C1:resolved;C2:resolved;S:role_heterogeneous;O:role_heterogeneous	unresolved_or_heterogeneous	no_unique_strict_prediction	no_unique_strict_prediction	limited
inclusive	250000	Columbea	inclusive_W250000_EV020	1949860	1949860	single_boundary_event	single_boundary	role_heterogeneous	A2	role_heterogeneous	A0	C1:role_heterogeneous;C2:resolved;S:role_heterogeneous;O:resolved	unresolved_or_heterogeneous	no_unique_strict_prediction	no_unique_strict_prediction	limited
inclusive	250000	N61	inclusive_W250000_EV020	1949860	1949860	single_boundary_event	single_boundary	role_heterogeneous	role_heterogeneous	A2	role_heterogeneous	C1:role_heterogeneous;C2:role_heterogeneous;S:resolved;O:role_heterogeneous	unresolved_or_heterogeneous	no_unique_strict_prediction	no_unique_strict_prediction	limited
inclusive	250000	N62	inclusive_W250000_EV020	1949860	1949860	single_boundary_event	single_boundary	A3	A1	role_heterogeneous	role_heterogeneous	C1:resolved;C2:resolved;S:role_heterogeneous;O:role_heterogeneous	unresolved_or_heterogeneous	no_unique_strict_prediction	no_unique_strict_prediction	limited
inclusive	250000	Columbea	inclusive_W250000_EV001	5161408	8704428	adjacency_change	moderate	role_heterogeneous	A2	role_heterogeneous	A0	C1:role_heterogeneous;C2:resolved;S:role_heterogeneous;O:resolved	unresolved_or_heterogeneous	no_unique_strict_prediction	no_unique_strict_prediction	high
inclusive	250000	N61	inclusive_W250000_EV001	5161408	8704428	adjacency_change	moderate	role_heterogeneous	role_heterogeneous	A1	role_heterogeneous	C1:role_heterogeneous;C2:role_heterogeneous;S:resolved;O:role_heterogeneous	unresolved_or_heterogeneous	no_unique_strict_prediction	no_unique_strict_prediction	high
inclusive	250000	N62	inclusive_W250000_EV001	5161408	8704428	adjacency_change	moderate	A4	A6	role_heterogeneous	role_heterogeneous	C1:resolved;C2:resolved;S:role_heterogeneous;O:role_heterogeneous	unresolved_or_heterogeneous	no_unique_strict_prediction	no_unique_strict_prediction	high
inclusive	250000	Columbea	inclusive_W250000_EV002	9504880	10974030	adjacency_change	moderate	role_heterogeneous	A2	role_heterogeneous	A0	C1:role_heterogeneous;C2:resolved;S:role_heterogeneous;O:resolved	unresolved_or_heterogeneous	no_unique_strict_prediction	no_unique_strict_prediction	limited
inclusive	250000	N61	inclusive_W250000_EV002	9504880	10974030	adjacency_change	moderate	role_heterogeneous	role_heterogeneous	A1	role_heterogeneous	C1:role_heterogeneous;C2:role_heterogeneous;S:resolved;O:role_heterogeneous	unresolved_or_heterogeneous	no_unique_strict_prediction	no_unique_strict_prediction	limited
inclusive	250000	N62	inclusive_W250000_EV002	9504880	10974030	adjacency_change	moderate	A4	A6	role_heterogeneous	role_heterogeneous	C1:resolved;C2:resolved;S:role_heterogeneous;O:role_heterogeneous	unresolved_or_heterogeneous	no_unique_strict_prediction	no_unique_strict_prediction	limited
inclusive	250000	Columbea	inclusive_W250000_EV003	11304692	12214254	adjacency_change	moderate	role_heterogeneous	A2	role_heterogeneous	A0	C1:role_heterogeneous;C2:resolved;S:role_heterogeneous;O:resolved	unresolved_or_heterogeneous	no_unique_strict_prediction	no_unique_strict_prediction	limited
inclusive	250000	N61	inclusive_W250000_EV003	11304692	12214254	adjacency_change	moderate	role_heterogeneous	role_heterogeneous	A1	role_heterogeneous	C1:role_heterogeneous;C2:role_heterogeneous;S:resolved;O:role_heterogeneous	unresolved_or_heterogeneous	no_unique_strict_prediction	no_unique_strict_prediction	limited
inclusive	250000	N62	inclusive_W250000_EV003	11304692	12214254	adjacency_change	moderate	A3	A6	role_heterogeneous	role_heterogeneous	C1:resolved;C2:resolved;S:role_heterogeneous;O:role_heterogeneous	unresolved_or_heterogeneous	no_unique_strict_prediction	no_unique_strict_prediction	limited
inclusive	250000	Columbea	inclusive_W250000_EV004	12886511	14318518	adjacency_change	high	role_heterogeneous	A3	role_heterogeneous	A0	C1:role_heterogeneous;C2:resolved;S:role_heterogeneous;O:resolved	unresolved_or_heterogeneous	no_unique_strict_prediction	no_unique_strict_prediction	high
inclusive	250000	N61	inclusive_W250000_EV004	12886511	14318518	adjacency_change	high	role_heterogeneous	role_heterogeneous	A1	role_heterogeneous	C1:role_heterogeneous;C2:role_heterogeneous;S:resolved;O:role_heterogeneous	unresolved_or_heterogeneous	no_unique_strict_prediction	no_unique_strict_prediction	high
inclusive	250000	N62	inclusive_W250000_EV004	12886511	14318518	adjacency_change	high	A4	A6	role_heterogeneous	role_heterogeneous	C1:resolved;C2:resolved;S:role_heterogeneous;O:role_heterogeneous	unresolved_or_heterogeneous	no_unique_strict_prediction	no_unique_strict_prediction	high
inclusive	250000	Columbea	inclusive_W250000_EV005	16491814	18036264	adjacency_change	high	role_heterogeneous	A3	role_heterogeneous	A0	C1:role_heterogeneous;C2:resolved;S:role_heterogeneous;O:resolved	unresolved_or_heterogeneous	no_unique_strict_prediction	no_unique_strict_prediction	high
inclusive	250000	N61	inclusive_W250000_EV005	16491814	18036264	adjacency_change	high	role_heterogeneous	role_heterogeneous	A1	role_heterogeneous	C1:role_heterogeneous;C2:role_heterogeneous;S:resolved;O:role_heterogeneous	unresolved_or_heterogeneous	no_unique_strict_prediction	no_unique_strict_prediction	high
inclusive	250000	N62	inclusive_W250000_EV005	16491814	18036264	adjacency_change	high	A2	A6	role_heterogeneous	role_heterogeneous	C1:resolved;C2:resolved;S:role_heterogeneous;O:role_heterogeneous	unresolved_or_heterogeneous	no_unique_strict_prediction	no_unique_strict_prediction	high
inclusive	250000	Columbea	inclusive_W250000_EV006	19760078	25213019	adjacency_change	high	role_heterogeneous	A5	role_heterogeneous	A0	C1:role_heterogeneous;C2:resolved;S:role_heterogeneous;O:resolved	unresolved_or_heterogeneous	no_unique_strict_prediction	no_unique_strict_prediction	limited
inclusive	250000	N61	inclusive_W250000_EV006	19760078	25213019	adjacency_change	high	role_heterogeneous	role_heterogeneous	A4	role_heterogeneous	C1:role_heterogeneous;C2:role_heterogeneous;S:resolved;O:role_heterogeneous	unresolved_or_heterogeneous	no_unique_strict_prediction	no_unique_strict_prediction	limited
inclusive	250000	N62	inclusive_W250000_EV006	19760078	25213019	adjacency_change	high	A1	A3	role_heterogeneous	role_heterogeneous	C1:resolved;C2:resolved;S:role_heterogeneous;O:role_heterogeneous	unresolved_or_heterogeneous	no_unique_strict_prediction	no_unique_strict_prediction	limited
inclusive	250000	Columbea	inclusive_W250000_EV021	25559087	25559087	single_boundary_event	single_boundary	role_heterogeneous	A3	role_heterogeneous	A0	C1:role_heterogeneous;C2:resolved;S:role_heterogeneous;O:resolved	unresolved_or_heterogeneous	no_unique_strict_prediction	no_unique_strict_prediction	high
inclusive	250000	N61	inclusive_W250000_EV021	25559087	25559087	single_boundary_event	single_boundary	role_heterogeneous	role_heterogeneous	A3	role_heterogeneous	C1:role_heterogeneous;C2:role_heterogeneous;S:resolved;O:role_heterogeneous	unresolved_or_heterogeneous	no_unique_strict_prediction	no_unique_strict_prediction	high
inclusive	250000	N62	inclusive_W250000_EV021	25559087	25559087	single_boundary_event	single_boundary	A4	A1	role_heterogeneous	role_heterogeneous	C1:resolved;C2:resolved;S:role_heterogeneous;O:role_heterogeneous	unresolved_or_heterogeneous	no_unique_strict_prediction	no_unique_strict_prediction	high
inclusive	250000	Columbea	inclusive_W250000_EV022	33234049	33234049	single_boundary_event	single_boundary	role_heterogeneous	A4	role_heterogeneous	A0	C1:role_heterogeneous;C2:resolved;S:role_heterogeneous;O:resolved	unresolved_or_heterogeneous	no_unique_strict_prediction	no_unique_strict_prediction	high
inclusive	250000	N61	inclusive_W250000_EV022	33234049	33234049	single_boundary_event	single_boundary	role_heterogeneous	role_heterogeneous	A4	role_heterogeneous	C1:role_heterogeneous;C2:role_heterogeneous;S:resolved;O:role_heterogeneous	unresolved_or_heterogeneous	no_unique_strict_prediction	no_unique_strict_prediction	high
inclusive	250000	N62	inclusive_W250000_EV022	33234049	33234049	single_boundary_event	single_boundary	A2	A1	role_heterogeneous	role_heterogeneous	C1:resolved;C2:resolved;S:role_heterogeneous;O:role_heterogeneous	unresolved_or_heterogeneous	no_unique_strict_prediction	no_unique_strict_prediction	high
inclusive	250000	Columbea	inclusive_W250000_EV007	34021640	34232794	inversion_like	moderate	role_heterogeneous	A5	role_heterogeneous	A0	C1:role_heterogeneous;C2:resolved;S:role_heterogeneous;O:resolved	unresolved_or_heterogeneous	no_unique_strict_prediction	no_unique_strict_prediction	limited
inclusive	250000	N61	inclusive_W250000_EV007	34021640	34232794	inversion_like	moderate	role_heterogeneous	role_heterogeneous	A3	role_heterogeneous	C1:role_heterogeneous;C2:role_heterogeneous;S:resolved;O:role_heterogeneous	unresolved_or_heterogeneous	no_unique_strict_prediction	no_unique_strict_prediction	limited
inclusive	250000	N62	inclusive_W250000_EV007	34021640	34232794	inversion_like	moderate	A2	A1	role_heterogeneous	role_heterogeneous	C1:resolved;C2:resolved;S:role_heterogeneous;O:role_heterogeneous	unresolved_or_heterogeneous	no_unique_strict_prediction	no_unique_strict_prediction	limited
inclusive	250000	Columbea	inclusive_W250000_EV023	34741919	34741919	single_boundary_event	single_boundary	role_heterogeneous	A2	role_heterogeneous	A0	C1:role_heterogeneous;C2:resolved;S:role_heterogeneous;O:resolved	unresolved_or_heterogeneous	no_unique_strict_prediction	no_unique_strict_prediction	high
inclusive	250000	N61	inclusive_W250000_EV023	34741919	34741919	single_boundary_event	single_boundary	role_heterogeneous	role_heterogeneous	A2	role_heterogeneous	C1:role_heterogeneous;C2:role_heterogeneous;S:resolved;O:role_heterogeneous	unresolved_or_heterogeneous	no_unique_strict_prediction	no_unique_strict_prediction	high
inclusive	250000	N62	inclusive_W250000_EV023	34741919	34741919	single_boundary_event	single_boundary	A1	A3	role_heterogeneous	role_heterogeneous	C1:resolved;C2:resolved;S:role_heterogeneous;O:role_heterogeneous	unresolved_or_heterogeneous	no_unique_strict_prediction	no_unique_strict_prediction	high
inclusive	250000	Columbea	inclusive_W250000_EV008	35025837	35331645	adjacency_change	high	role_heterogeneous	A5	role_heterogeneous	A0	C1:role_heterogeneous;C2:resolved;S:role_heterogeneous;O:resolved	unresolved_or_heterogeneous	no_unique_strict_prediction	no_unique_strict_prediction	high
inclusive	250000	N61	inclusive_W250000_EV008	35025837	35331645	adjacency_change	high	role_heterogeneous	role_heterogeneous	A3	role_heterogeneous	C1:role_heterogeneous;C2:role_heterogeneous;S:resolved;O:role_heterogeneous	unresolved_or_heterogeneous	no_unique_strict_prediction	no_unique_strict_prediction	high
inclusive	250000	N62	inclusive_W250000_EV008	35025837	35331645	adjacency_change	high	A6	A1	role_heterogeneous	role_heterogeneous	C1:resolved;C2:resolved;S:role_heterogeneous;O:role_heterogeneous	unresolved_or_heterogeneous	no_unique_strict_prediction	no_unique_strict_prediction	high
inclusive	250000	Columbea	inclusive_W250000_EV009	37255236	39237022	adjacency_change	high	role_heterogeneous	A3	role_heterogeneous	A0	C1:role_heterogeneous;C2:resolved;S:role_heterogeneous;O:resolved	unresolved_or_heterogeneous	no_unique_strict_prediction	no_unique_strict_prediction	high
inclusive	250000	N61	inclusive_W250000_EV009	37255236	39237022	adjacency_change	high	role_heterogeneous	role_heterogeneous	A2	role_heterogeneous	C1:role_heterogeneous;C2:role_heterogeneous;S:resolved;O:role_heterogeneous	unresolved_or_heterogeneous	no_unique_strict_prediction	no_unique_strict_prediction	high
inclusive	250000	N62	inclusive_W250000_EV009	37255236	39237022	adjacency_change	high	A6	A1	role_heterogeneous	role_heterogeneous	C1:resolved;C2:resolved;S:role_heterogeneous;O:role_heterogeneous	unresolved_or_heterogeneous	no_unique_strict_prediction	no_unique_strict_prediction	high
inclusive	250000	Columbea	inclusive_W250000_EV010	42267292	44647530	inversion_like	high	role_heterogeneous	A3	role_heterogeneous	A0	C1:role_heterogeneous;C2:resolved;S:role_heterogeneous;O:resolved	unresolved_or_heterogeneous	no_unique_strict_prediction	no_unique_strict_prediction	limited
inclusive	250000	N61	inclusive_W250000_EV010	42267292	44647530	inversion_like	high	role_heterogeneous	role_heterogeneous	A1	role_heterogeneous	C1:role_heterogeneous;C2:role_heterogeneous;S:resolved;O:role_heterogeneous	unresolved_or_heterogeneous	no_unique_strict_prediction	no_unique_strict_prediction	limited
inclusive	250000	N62	inclusive_W250000_EV010	42267292	44647530	inversion_like	high	A6	A4	role_heterogeneous	role_heterogeneous	C1:resolved;C2:resolved;S:role_heterogeneous;O:role_heterogeneous	unresolved_or_heterogeneous	no_unique_strict_prediction	no_unique_strict_prediction	limited
inclusive	250000	Columbea	inclusive_W250000_EV011	45658664	46422770	inversion_like	high	unresolved	A3	unresolved	A0	C1:unresolved_role_species_state;C2:resolved;S:unresolved_role_species_state;O:resolved	unresolved_or_heterogeneous	no_unique_strict_prediction	no_unique_strict_prediction	unresolved
inclusive	250000	N61	inclusive_W250000_EV011	45658664	46422770	inversion_like	high	unresolved	unresolved	A2	role_heterogeneous	C1:unresolved_role_species_state;C2:unresolved_role_species_state;S:resolved;O:role_heterogeneous	unresolved_or_heterogeneous	no_unique_strict_prediction	no_unique_strict_prediction	unresolved
inclusive	250000	N62	inclusive_W250000_EV011	45658664	46422770	inversion_like	high	A4	unresolved	unresolved	role_heterogeneous	C1:resolved;C2:unresolved_role_species_state;S:unresolved_role_species_state;O:role_heterogeneous	unresolved_or_heterogeneous	no_unique_strict_prediction	no_unique_strict_prediction	unresolved
inclusive	250000	Columbea	inclusive_W250000_EV012	47143089	47228924	inversion_like	moderate	unresolved	unresolved	unresolved	A0	C1:unresolved_role_species_state;C2:unresolved_role_species_state;S:unresolved_role_species_state;O:resolved	unresolved_or_heterogeneous	no_unique_strict_prediction	no_unique_strict_prediction	unresolved
inclusive	250000	N61	inclusive_W250000_EV012	47143089	47228924	inversion_like	moderate	unresolved	unresolved	unresolved	unresolved	C1:unresolved_role_species_state;C2:unresolved_role_species_state;S:unresolved_role_species_state;O:unresolved_role_species_state	unresolved_or_heterogeneous	no_unique_strict_prediction	no_unique_strict_prediction	unresolved
inclusive	250000	N62	inclusive_W250000_EV012	47143089	47228924	inversion_like	moderate	unresolved	unresolved	unresolved	unresolved	C1:unresolved_role_species_state;C2:unresolved_role_species_state;S:unresolved_role_species_state;O:unresolved_role_species_state	unresolved_or_heterogeneous	no_unique_strict_prediction	no_unique_strict_prediction	unresolved
inclusive	250000	Columbea	inclusive_W250000_EV013	49159743	49624080	inversion_like	high	role_heterogeneous	A3	role_heterogeneous	A0	C1:role_heterogeneous;C2:resolved;S:role_heterogeneous;O:resolved	unresolved_or_heterogeneous	no_unique_strict_prediction	no_unique_strict_prediction	high
inclusive	250000	N61	inclusive_W250000_EV013	49159743	49624080	inversion_like	high	role_heterogeneous	role_heterogeneous	A4	role_heterogeneous	C1:role_heterogeneous;C2:role_heterogeneous;S:resolved;O:role_heterogeneous	unresolved_or_heterogeneous	no_unique_strict_prediction	no_unique_strict_prediction	high
inclusive	250000	N62	inclusive_W250000_EV013	49159743	49624080	inversion_like	high	A2	A1	role_heterogeneous	role_heterogeneous	C1:resolved;C2:resolved;S:role_heterogeneous;O:role_heterogeneous	unresolved_or_heterogeneous	no_unique_strict_prediction	no_unique_strict_prediction	high
inclusive	250000	Columbea	inclusive_W250000_EV014	50085260	50410378	adjacency_change	high	role_heterogeneous	A4	role_heterogeneous	A0	C1:role_heterogeneous;C2:resolved;S:role_heterogeneous;O:resolved	unresolved_or_heterogeneous	no_unique_strict_prediction	no_unique_strict_prediction	limited
inclusive	250000	N61	inclusive_W250000_EV014	50085260	50410378	adjacency_change	high	role_heterogeneous	role_heterogeneous	A2	role_heterogeneous	C1:role_heterogeneous;C2:role_heterogeneous;S:resolved;O:role_heterogeneous	unresolved_or_heterogeneous	no_unique_strict_prediction	no_unique_strict_prediction	limited
inclusive	250000	N62	inclusive_W250000_EV014	50085260	50410378	adjacency_change	high	A5	A6	role_heterogeneous	role_heterogeneous	C1:resolved;C2:resolved;S:role_heterogeneous;O:role_heterogeneous	unresolved_or_heterogeneous	no_unique_strict_prediction	no_unique_strict_prediction	limited
inclusive	250000	Columbea	inclusive_W250000_EV015	50989362	51570722	inversion_like	high	role_heterogeneous	A2	role_heterogeneous	A0	C1:role_heterogeneous;C2:resolved;S:role_heterogeneous;O:resolved	unresolved_or_heterogeneous	no_unique_strict_prediction	no_unique_strict_prediction	high
inclusive	250000	N61	inclusive_W250000_EV015	50989362	51570722	inversion_like	high	role_heterogeneous	role_heterogeneous	A3	role_heterogeneous	C1:role_heterogeneous;C2:role_heterogeneous;S:resolved;O:role_heterogeneous	unresolved_or_heterogeneous	no_unique_strict_prediction	no_unique_strict_prediction	high
inclusive	250000	N62	inclusive_W250000_EV015	50989362	51570722	inversion_like	high	A5	A1	role_heterogeneous	role_heterogeneous	C1:resolved;C2:resolved;S:role_heterogeneous;O:role_heterogeneous	unresolved_or_heterogeneous	no_unique_strict_prediction	no_unique_strict_prediction	high
inclusive	250000	Columbea	inclusive_W250000_EV024	51789124	51789124	single_boundary_event	single_boundary	role_heterogeneous	A1	role_heterogeneous	A0	C1:role_heterogeneous;C2:resolved;S:role_heterogeneous;O:resolved	unresolved_or_heterogeneous	no_unique_strict_prediction	no_unique_strict_prediction	high
inclusive	250000	N61	inclusive_W250000_EV024	51789124	51789124	single_boundary_event	single_boundary	role_heterogeneous	role_heterogeneous	A3	role_heterogeneous	C1:role_heterogeneous;C2:role_heterogeneous;S:resolved;O:role_heterogeneous	unresolved_or_heterogeneous	no_unique_strict_prediction	no_unique_strict_prediction	high
inclusive	250000	N62	inclusive_W250000_EV024	51789124	51789124	single_boundary_event	single_boundary	A4	A2	role_heterogeneous	role_heterogeneous	C1:resolved;C2:resolved;S:role_heterogeneous;O:role_heterogeneous	unresolved_or_heterogeneous	no_unique_strict_prediction	no_unique_strict_prediction	high
inclusive	250000	Columbea	inclusive_W250000_EV016	55393543	55750019	adjacency_change	high	unresolved	A4	role_heterogeneous	A0	C1:unresolved_role_species_state;C2:resolved;S:role_heterogeneous;O:resolved	unresolved_or_heterogeneous	no_unique_strict_prediction	no_unique_strict_prediction	unresolved
inclusive	250000	N61	inclusive_W250000_EV016	55393543	55750019	adjacency_change	high	role_heterogeneous	unresolved	A2	role_heterogeneous	C1:role_heterogeneous;C2:unresolved_role_species_state;S:resolved;O:role_heterogeneous	unresolved_or_heterogeneous	no_unique_strict_prediction	no_unique_strict_prediction	unresolved
inclusive	250000	N62	inclusive_W250000_EV016	55393543	55750019	adjacency_change	high	unresolved	A1	role_heterogeneous	role_heterogeneous	C1:unresolved_role_species_state;C2:resolved;S:role_heterogeneous;O:role_heterogeneous	unresolved_or_heterogeneous	no_unique_strict_prediction	no_unique_strict_prediction	unresolved
inclusive	250000	Columbea	inclusive_W250000_EV017	56712451	57203613	adjacency_change	high	role_heterogeneous	A4	role_heterogeneous	A0	C1:role_heterogeneous;C2:resolved;S:role_heterogeneous;O:resolved	unresolved_or_heterogeneous	no_unique_strict_prediction	no_unique_strict_prediction	high
inclusive	250000	N61	inclusive_W250000_EV017	56712451	57203613	adjacency_change	high	role_heterogeneous	role_heterogeneous	A1	role_heterogeneous	C1:role_heterogeneous;C2:role_heterogeneous;S:resolved;O:role_heterogeneous	unresolved_or_heterogeneous	no_unique_strict_prediction	no_unique_strict_prediction	high
inclusive	250000	N62	inclusive_W250000_EV017	56712451	57203613	adjacency_change	high	A6	A3	role_heterogeneous	role_heterogeneous	C1:resolved;C2:resolved;S:role_heterogeneous;O:role_heterogeneous	unresolved_or_heterogeneous	no_unique_strict_prediction	no_unique_strict_prediction	high
inclusive	250000	Columbea	inclusive_W250000_EV018	58171516	59982754	adjacency_change	high	role_heterogeneous	A1	role_heterogeneous	A0	C1:role_heterogeneous;C2:resolved;S:role_heterogeneous;O:resolved	unresolved_or_heterogeneous	no_unique_strict_prediction	no_unique_strict_prediction	high
inclusive	250000	N61	inclusive_W250000_EV018	58171516	59982754	adjacency_change	high	role_heterogeneous	role_heterogeneous	A4	role_heterogeneous	C1:role_heterogeneous;C2:role_heterogeneous;S:resolved;O:role_heterogeneous	unresolved_or_heterogeneous	no_unique_strict_prediction	no_unique_strict_prediction	high
inclusive	250000	N62	inclusive_W250000_EV018	58171516	59982754	adjacency_change	high	A6	A3	role_heterogeneous	role_heterogeneous	C1:resolved;C2:resolved;S:role_heterogeneous;O:role_heterogeneous	unresolved_or_heterogeneous	no_unique_strict_prediction	no_unique_strict_prediction	high
inclusive	250000	Columbea	inclusive_W250000_EV025	61035423	61035423	single_boundary_event	single_boundary	role_heterogeneous	A3	role_heterogeneous	A0	C1:role_heterogeneous;C2:resolved;S:role_heterogeneous;O:resolved	unresolved_or_heterogeneous	no_unique_strict_prediction	no_unique_strict_prediction	limited
inclusive	250000	N61	inclusive_W250000_EV025	61035423	61035423	single_boundary_event	single_boundary	role_heterogeneous	role_heterogeneous	A3	role_heterogeneous	C1:role_heterogeneous;C2:role_heterogeneous;S:resolved;O:role_heterogeneous	unresolved_or_heterogeneous	no_unique_strict_prediction	no_unique_strict_prediction	limited
inclusive	250000	N62	inclusive_W250000_EV025	61035423	61035423	single_boundary_event	single_boundary	A2	A1	role_heterogeneous	role_heterogeneous	C1:resolved;C2:resolved;S:role_heterogeneous;O:role_heterogeneous	unresolved_or_heterogeneous	no_unique_strict_prediction	no_unique_strict_prediction	limited
primary	500000	Columbea	primary_W500000_EV011	1949860	1949860	single_boundary_event	single_boundary	role_heterogeneous	A2	role_heterogeneous	A0	C1:role_heterogeneous;C2:resolved;S:role_heterogeneous;O:resolved	unresolved_or_heterogeneous	no_unique_strict_prediction	no_unique_strict_prediction	limited
primary	500000	N61	primary_W500000_EV011	1949860	1949860	single_boundary_event	single_boundary	role_heterogeneous	role_heterogeneous	A2	role_heterogeneous	C1:role_heterogeneous;C2:role_heterogeneous;S:resolved;O:role_heterogeneous	unresolved_or_heterogeneous	no_unique_strict_prediction	no_unique_strict_prediction	limited
primary	500000	N62	primary_W500000_EV011	1949860	1949860	single_boundary_event	single_boundary	A3	A1	role_heterogeneous	role_heterogeneous	C1:resolved;C2:resolved;S:role_heterogeneous;O:role_heterogeneous	unresolved_or_heterogeneous	no_unique_strict_prediction	no_unique_strict_prediction	limited
primary	500000	Columbea	primary_W500000_EV001	9504880	10974030	adjacency_change	moderate	role_heterogeneous	A2	role_heterogeneous	A0	C1:role_heterogeneous;C2:resolved;S:role_heterogeneous;O:resolved	unresolved_or_heterogeneous	no_unique_strict_prediction	no_unique_strict_prediction	limited
primary	500000	N61	primary_W500000_EV001	9504880	10974030	adjacency_change	moderate	role_heterogeneous	role_heterogeneous	A1	role_heterogeneous	C1:role_heterogeneous;C2:role_heterogeneous;S:resolved;O:role_heterogeneous	unresolved_or_heterogeneous	no_unique_strict_prediction	no_unique_strict_prediction	limited
primary	500000	N62	primary_W500000_EV001	9504880	10974030	adjacency_change	moderate	A4	A6	role_heterogeneous	role_heterogeneous	C1:resolved;C2:resolved;S:role_heterogeneous;O:role_heterogeneous	unresolved_or_heterogeneous	no_unique_strict_prediction	no_unique_strict_prediction	limited
primary	500000	Columbea	primary_W500000_EV002	19760078	25213019	adjacency_change	high	role_heterogeneous	A5	role_heterogeneous	A0	C1:role_heterogeneous;C2:resolved;S:role_heterogeneous;O:resolved	unresolved_or_heterogeneous	no_unique_strict_prediction	no_unique_strict_prediction	limited
primary	500000	N61	primary_W500000_EV002	19760078	25213019	adjacency_change	high	role_heterogeneous	role_heterogeneous	A4	role_heterogeneous	C1:role_heterogeneous;C2:role_heterogeneous;S:resolved;O:role_heterogeneous	unresolved_or_heterogeneous	no_unique_strict_prediction	no_unique_strict_prediction	limited
primary	500000	N62	primary_W500000_EV002	19760078	25213019	adjacency_change	high	A1	A3	role_heterogeneous	role_heterogeneous	C1:resolved;C2:resolved;S:role_heterogeneous;O:role_heterogeneous	unresolved_or_heterogeneous	no_unique_strict_prediction	no_unique_strict_prediction	limited
primary	500000	Columbea	primary_W500000_EV012	25559087	25559087	single_boundary_event	single_boundary	role_heterogeneous	A3	role_heterogeneous	A0	C1:role_heterogeneous;C2:resolved;S:role_heterogeneous;O:resolved	unresolved_or_heterogeneous	no_unique_strict_prediction	no_unique_strict_prediction	high
primary	500000	N61	primary_W500000_EV012	25559087	25559087	single_boundary_event	single_boundary	role_heterogeneous	role_heterogeneous	A3	role_heterogeneous	C1:role_heterogeneous;C2:role_heterogeneous;S:resolved;O:role_heterogeneous	unresolved_or_heterogeneous	no_unique_strict_prediction	no_unique_strict_prediction	high
primary	500000	N62	primary_W500000_EV012	25559087	25559087	single_boundary_event	single_boundary	A4	A1	role_heterogeneous	role_heterogeneous	C1:resolved;C2:resolved;S:role_heterogeneous;O:role_heterogeneous	unresolved_or_heterogeneous	no_unique_strict_prediction	no_unique_strict_prediction	high
primary	500000	Columbea	primary_W500000_EV013	33234049	33234049	single_boundary_event	single_boundary	role_heterogeneous	A4	role_heterogeneous	A0	C1:role_heterogeneous;C2:resolved;S:role_heterogeneous;O:resolved	unresolved_or_heterogeneous	no_unique_strict_prediction	no_unique_strict_prediction	high
primary	500000	N61	primary_W500000_EV013	33234049	33234049	single_boundary_event	single_boundary	role_heterogeneous	role_heterogeneous	A4	role_heterogeneous	C1:role_heterogeneous;C2:role_heterogeneous;S:resolved;O:role_heterogeneous	unresolved_or_heterogeneous	no_unique_strict_prediction	no_unique_strict_prediction	high
primary	500000	N62	primary_W500000_EV013	33234049	33234049	single_boundary_event	single_boundary	A2	A1	role_heterogeneous	role_heterogeneous	C1:resolved;C2:resolved;S:role_heterogeneous;O:role_heterogeneous	unresolved_or_heterogeneous	no_unique_strict_prediction	no_unique_strict_prediction	high
primary	500000	Columbea	primary_W500000_EV003	34021640	34232794	inversion_like	moderate	role_heterogeneous	A5	role_heterogeneous	A0	C1:role_heterogeneous;C2:resolved;S:role_heterogeneous;O:resolved	unresolved_or_heterogeneous	no_unique_strict_prediction	no_unique_strict_prediction	limited
primary	500000	N61	primary_W500000_EV003	34021640	34232794	inversion_like	moderate	role_heterogeneous	role_heterogeneous	A3	role_heterogeneous	C1:role_heterogeneous;C2:role_heterogeneous;S:resolved;O:role_heterogeneous	unresolved_or_heterogeneous	no_unique_strict_prediction	no_unique_strict_prediction	limited
primary	500000	N62	primary_W500000_EV003	34021640	34232794	inversion_like	moderate	A2	A1	role_heterogeneous	role_heterogeneous	C1:resolved;C2:resolved;S:role_heterogeneous;O:role_heterogeneous	unresolved_or_heterogeneous	no_unique_strict_prediction	no_unique_strict_prediction	limited
primary	500000	Columbea	primary_W500000_EV004	35025837	37255236	translocation_like	high	role_heterogeneous	A5	role_heterogeneous	A0	C1:role_heterogeneous;C2:resolved;S:role_heterogeneous;O:resolved	unresolved_or_heterogeneous	no_unique_strict_prediction	no_unique_strict_prediction	high
primary	500000	N61	primary_W500000_EV004	35025837	37255236	translocation_like	high	role_heterogeneous	role_heterogeneous	A3	role_heterogeneous	C1:role_heterogeneous;C2:role_heterogeneous;S:resolved;O:role_heterogeneous	unresolved_or_heterogeneous	no_unique_strict_prediction	no_unique_strict_prediction	high
primary	500000	N62	primary_W500000_EV004	35025837	37255236	translocation_like	high	A6	A1	role_heterogeneous	role_heterogeneous	C1:resolved;C2:resolved;S:role_heterogeneous;O:role_heterogeneous	unresolved_or_heterogeneous	no_unique_strict_prediction	no_unique_strict_prediction	high
primary	500000	Columbea	primary_W500000_EV005	39237022	42267292	inversion_like	moderate	role_heterogeneous	A2	role_heterogeneous	A0	C1:role_heterogeneous;C2:resolved;S:role_heterogeneous;O:resolved	unresolved_or_heterogeneous	no_unique_strict_prediction	no_unique_strict_prediction	high
primary	500000	N61	primary_W500000_EV005	39237022	42267292	inversion_like	moderate	role_heterogeneous	role_heterogeneous	A4	role_heterogeneous	C1:role_heterogeneous;C2:role_heterogeneous;S:resolved;O:role_heterogeneous	unresolved_or_heterogeneous	no_unique_strict_prediction	no_unique_strict_prediction	high
primary	500000	N62	primary_W500000_EV005	39237022	42267292	inversion_like	moderate	A6	A1	role_heterogeneous	role_heterogeneous	C1:resolved;C2:resolved;S:role_heterogeneous;O:role_heterogeneous	unresolved_or_heterogeneous	no_unique_strict_prediction	no_unique_strict_prediction	high
primary	500000	Columbea	primary_W500000_EV006	44647530	45658664	inversion_like	high	role_heterogeneous	A4	role_heterogeneous	A0	C1:role_heterogeneous;C2:resolved;S:role_heterogeneous;O:resolved	unresolved_or_heterogeneous	no_unique_strict_prediction	no_unique_strict_prediction	limited
primary	500000	N61	primary_W500000_EV006	44647530	45658664	inversion_like	high	role_heterogeneous	role_heterogeneous	A2	role_heterogeneous	C1:role_heterogeneous;C2:role_heterogeneous;S:resolved;O:role_heterogeneous	unresolved_or_heterogeneous	no_unique_strict_prediction	no_unique_strict_prediction	limited
primary	500000	N62	primary_W500000_EV006	44647530	45658664	inversion_like	high	A1	A5	role_heterogeneous	role_heterogeneous	C1:resolved;C2:resolved;S:role_heterogeneous;O:role_heterogeneous	unresolved_or_heterogeneous	no_unique_strict_prediction	no_unique_strict_prediction	limited
primary	500000	Columbea	primary_W500000_EV014	46422770	46422770	single_boundary_event	single_boundary	role_heterogeneous	A4	role_heterogeneous	A0	C1:role_heterogeneous;C2:resolved;S:role_heterogeneous;O:resolved	unresolved_or_heterogeneous	no_unique_strict_prediction	no_unique_strict_prediction	high
primary	500000	N61	primary_W500000_EV014	46422770	46422770	single_boundary_event	single_boundary	role_heterogeneous	role_heterogeneous	A4	role_heterogeneous	C1:role_heterogeneous;C2:role_heterogeneous;S:resolved;O:role_heterogeneous	unresolved_or_heterogeneous	no_unique_strict_prediction	no_unique_strict_prediction	high
primary	500000	N62	primary_W500000_EV014	46422770	46422770	single_boundary_event	single_boundary	A3	A2	role_heterogeneous	role_heterogeneous	C1:resolved;C2:resolved;S:role_heterogeneous;O:role_heterogeneous	unresolved_or_heterogeneous	no_unique_strict_prediction	no_unique_strict_prediction	high
primary	500000	Columbea	primary_W500000_EV007	47143089	49159743	adjacency_change	moderate	role_heterogeneous	A2	role_heterogeneous	A0	C1:role_heterogeneous;C2:resolved;S:role_heterogeneous;O:resolved	unresolved_or_heterogeneous	no_unique_strict_prediction	no_unique_strict_prediction	limited
primary	500000	N61	primary_W500000_EV007	47143089	49159743	adjacency_change	moderate	role_heterogeneous	role_heterogeneous	A3	role_heterogeneous	C1:role_heterogeneous;C2:role_heterogeneous;S:resolved;O:role_heterogeneous	unresolved_or_heterogeneous	no_unique_strict_prediction	no_unique_strict_prediction	limited
primary	500000	N62	primary_W500000_EV007	47143089	49159743	adjacency_change	moderate	A4	A1	role_heterogeneous	role_heterogeneous	C1:resolved;C2:resolved;S:role_heterogeneous;O:role_heterogeneous	unresolved_or_heterogeneous	no_unique_strict_prediction	no_unique_strict_prediction	limited
primary	500000	Columbea	primary_W500000_EV015	49624080	49624080	single_boundary_event	single_boundary	role_heterogeneous	A3	role_heterogeneous	A0	C1:role_heterogeneous;C2:resolved;S:role_heterogeneous;O:resolved	unresolved_or_heterogeneous	no_unique_strict_prediction	no_unique_strict_prediction	high
primary	500000	N61	primary_W500000_EV015	49624080	49624080	single_boundary_event	single_boundary	role_heterogeneous	role_heterogeneous	A3	role_heterogeneous	C1:role_heterogeneous;C2:role_heterogeneous;S:resolved;O:role_heterogeneous	unresolved_or_heterogeneous	no_unique_strict_prediction	no_unique_strict_prediction	high
primary	500000	N62	primary_W500000_EV015	49624080	49624080	single_boundary_event	single_boundary	A2	A1	role_heterogeneous	role_heterogeneous	C1:resolved;C2:resolved;S:role_heterogeneous;O:role_heterogeneous	unresolved_or_heterogeneous	no_unique_strict_prediction	no_unique_strict_prediction	high
primary	500000	Columbea	primary_W500000_EV008	50410378	50989362	adjacency_change	high	role_heterogeneous	A3	unresolved	A0	C1:role_heterogeneous;C2:resolved;S:unresolved_role_species_state;O:resolved	unresolved_or_heterogeneous	no_unique_strict_prediction	no_unique_strict_prediction	unresolved
primary	500000	N61	primary_W500000_EV008	50410378	50989362	adjacency_change	high	unresolved	role_heterogeneous	A1	role_heterogeneous	C1:unresolved_role_species_state;C2:role_heterogeneous;S:resolved;O:role_heterogeneous	unresolved_or_heterogeneous	no_unique_strict_prediction	no_unique_strict_prediction	unresolved
primary	500000	N62	primary_W500000_EV008	50410378	50989362	adjacency_change	high	A4	A5	unresolved	role_heterogeneous	C1:resolved;C2:resolved;S:unresolved_role_species_state;O:role_heterogeneous	unresolved_or_heterogeneous	no_unique_strict_prediction	no_unique_strict_prediction	unresolved
primary	500000	Columbea	primary_W500000_EV009	51789124	57203613	inversion_like	high	role_heterogeneous	A1	role_heterogeneous	A0	C1:role_heterogeneous;C2:resolved;S:role_heterogeneous;O:resolved	unresolved_or_heterogeneous	no_unique_strict_prediction	no_unique_strict_prediction	high
primary	500000	N61	primary_W500000_EV009	51789124	57203613	inversion_like	high	role_heterogeneous	role_heterogeneous	A3	role_heterogeneous	C1:role_heterogeneous;C2:role_heterogeneous;S:resolved;O:role_heterogeneous	unresolved_or_heterogeneous	no_unique_strict_prediction	no_unique_strict_prediction	high
primary	500000	N62	primary_W500000_EV009	51789124	57203613	inversion_like	high	A5	A2	role_heterogeneous	role_heterogeneous	C1:resolved;C2:resolved;S:role_heterogeneous;O:role_heterogeneous	unresolved_or_heterogeneous	no_unique_strict_prediction	no_unique_strict_prediction	high
primary	500000	Columbea	primary_W500000_EV010	58171516	59982754	adjacency_change	high	role_heterogeneous	A1	role_heterogeneous	A0	C1:role_heterogeneous;C2:resolved;S:role_heterogeneous;O:resolved	unresolved_or_heterogeneous	no_unique_strict_prediction	no_unique_strict_prediction	high
primary	500000	N61	primary_W500000_EV010	58171516	59982754	adjacency_change	high	role_heterogeneous	role_heterogeneous	A4	role_heterogeneous	C1:role_heterogeneous;C2:role_heterogeneous;S:resolved;O:role_heterogeneous	unresolved_or_heterogeneous	no_unique_strict_prediction	no_unique_strict_prediction	high
primary	500000	N62	primary_W500000_EV010	58171516	59982754	adjacency_change	high	A6	A3	role_heterogeneous	role_heterogeneous	C1:resolved;C2:resolved;S:role_heterogeneous;O:role_heterogeneous	unresolved_or_heterogeneous	no_unique_strict_prediction	no_unique_strict_prediction	high
primary	500000	Columbea	primary_W500000_EV016	61035423	61035423	single_boundary_event	single_boundary	role_heterogeneous	A3	role_heterogeneous	A0	C1:role_heterogeneous;C2:resolved;S:role_heterogeneous;O:resolved	unresolved_or_heterogeneous	no_unique_strict_prediction	no_unique_strict_prediction	limited
primary	500000	N61	primary_W500000_EV016	61035423	61035423	single_boundary_event	single_boundary	role_heterogeneous	role_heterogeneous	A3	role_heterogeneous	C1:role_heterogeneous;C2:role_heterogeneous;S:resolved;O:role_heterogeneous	unresolved_or_heterogeneous	no_unique_strict_prediction	no_unique_strict_prediction	limited
primary	500000	N62	primary_W500000_EV016	61035423	61035423	single_boundary_event	single_boundary	A2	A1	role_heterogeneous	role_heterogeneous	C1:resolved;C2:resolved;S:role_heterogeneous;O:role_heterogeneous	unresolved_or_heterogeneous	no_unique_strict_prediction	no_unique_strict_prediction	limited
stringent	500000	Columbea	stringent_W500000_EV008	1949860	1949860	single_boundary_event	single_boundary	role_heterogeneous	A2	role_heterogeneous	A0	C1:role_heterogeneous;C2:resolved;S:role_heterogeneous;O:resolved	unresolved_or_heterogeneous	no_unique_strict_prediction	no_unique_strict_prediction	limited
stringent	500000	N61	stringent_W500000_EV008	1949860	1949860	single_boundary_event	single_boundary	role_heterogeneous	role_heterogeneous	A2	role_heterogeneous	C1:role_heterogeneous;C2:role_heterogeneous;S:resolved;O:role_heterogeneous	unresolved_or_heterogeneous	no_unique_strict_prediction	no_unique_strict_prediction	limited
stringent	500000	N62	stringent_W500000_EV008	1949860	1949860	single_boundary_event	single_boundary	A3	A1	role_heterogeneous	role_heterogeneous	C1:resolved;C2:resolved;S:role_heterogeneous;O:role_heterogeneous	unresolved_or_heterogeneous	no_unique_strict_prediction	no_unique_strict_prediction	limited
stringent	500000	Columbea	stringent_W500000_EV001	9504880	10974030	adjacency_change	moderate	role_heterogeneous	A2	role_heterogeneous	A0	C1:role_heterogeneous;C2:resolved;S:role_heterogeneous;O:resolved	unresolved_or_heterogeneous	no_unique_strict_prediction	no_unique_strict_prediction	limited
stringent	500000	N61	stringent_W500000_EV001	9504880	10974030	adjacency_change	moderate	role_heterogeneous	role_heterogeneous	A1	role_heterogeneous	C1:role_heterogeneous;C2:role_heterogeneous;S:resolved;O:role_heterogeneous	unresolved_or_heterogeneous	no_unique_strict_prediction	no_unique_strict_prediction	limited
stringent	500000	N62	stringent_W500000_EV001	9504880	10974030	adjacency_change	moderate	A4	A6	role_heterogeneous	role_heterogeneous	C1:resolved;C2:resolved;S:role_heterogeneous;O:role_heterogeneous	unresolved_or_heterogeneous	no_unique_strict_prediction	no_unique_strict_prediction	limited
stringent	500000	Columbea	stringent_W500000_EV002	19760078	25213019	adjacency_change	high	role_heterogeneous	A5	role_heterogeneous	A0	C1:role_heterogeneous;C2:resolved;S:role_heterogeneous;O:resolved	unresolved_or_heterogeneous	no_unique_strict_prediction	no_unique_strict_prediction	limited
stringent	500000	N61	stringent_W500000_EV002	19760078	25213019	adjacency_change	high	role_heterogeneous	role_heterogeneous	A4	role_heterogeneous	C1:role_heterogeneous;C2:role_heterogeneous;S:resolved;O:role_heterogeneous	unresolved_or_heterogeneous	no_unique_strict_prediction	no_unique_strict_prediction	limited
stringent	500000	N62	stringent_W500000_EV002	19760078	25213019	adjacency_change	high	A1	A3	role_heterogeneous	role_heterogeneous	C1:resolved;C2:resolved;S:role_heterogeneous;O:role_heterogeneous	unresolved_or_heterogeneous	no_unique_strict_prediction	no_unique_strict_prediction	limited
stringent	500000	Columbea	stringent_W500000_EV003	25559087	34021640	inversion_like	high	role_heterogeneous	A5	role_heterogeneous	A0	C1:role_heterogeneous;C2:resolved;S:role_heterogeneous;O:resolved	unresolved_or_heterogeneous	no_unique_strict_prediction	no_unique_strict_prediction	limited
stringent	500000	N61	stringent_W500000_EV003	25559087	34021640	inversion_like	high	role_heterogeneous	role_heterogeneous	A3	role_heterogeneous	C1:role_heterogeneous;C2:role_heterogeneous;S:resolved;O:role_heterogeneous	unresolved_or_heterogeneous	no_unique_strict_prediction	no_unique_strict_prediction	limited
stringent	500000	N62	stringent_W500000_EV003	25559087	34021640	inversion_like	high	A6	A1	role_heterogeneous	role_heterogeneous	C1:resolved;C2:resolved;S:role_heterogeneous;O:role_heterogeneous	unresolved_or_heterogeneous	no_unique_strict_prediction	no_unique_strict_prediction	limited
stringent	500000	Columbea	stringent_W500000_EV004	35025837	37255236	translocation_like	high	role_heterogeneous	A5	role_heterogeneous	A0	C1:role_heterogeneous;C2:resolved;S:role_heterogeneous;O:resolved	unresolved_or_heterogeneous	no_unique_strict_prediction	no_unique_strict_prediction	high
stringent	500000	N61	stringent_W500000_EV004	35025837	37255236	translocation_like	high	role_heterogeneous	role_heterogeneous	A3	role_heterogeneous	C1:role_heterogeneous;C2:role_heterogeneous;S:resolved;O:role_heterogeneous	unresolved_or_heterogeneous	no_unique_strict_prediction	no_unique_strict_prediction	high
stringent	500000	N62	stringent_W500000_EV004	35025837	37255236	translocation_like	high	A6	A1	role_heterogeneous	role_heterogeneous	C1:resolved;C2:resolved;S:role_heterogeneous;O:role_heterogeneous	unresolved_or_heterogeneous	no_unique_strict_prediction	no_unique_strict_prediction	high
stringent	500000	Columbea	stringent_W500000_EV005	39237022	44647530	inversion_like	high	role_heterogeneous	A2	role_heterogeneous	A0	C1:role_heterogeneous;C2:resolved;S:role_heterogeneous;O:resolved	unresolved_or_heterogeneous	no_unique_strict_prediction	no_unique_strict_prediction	limited
stringent	500000	N61	stringent_W500000_EV005	39237022	44647530	inversion_like	high	role_heterogeneous	role_heterogeneous	A4	role_heterogeneous	C1:role_heterogeneous;C2:role_heterogeneous;S:resolved;O:role_heterogeneous	unresolved_or_heterogeneous	no_unique_strict_prediction	no_unique_strict_prediction	limited
stringent	500000	N62	stringent_W500000_EV005	39237022	44647530	inversion_like	high	A6	A1	role_heterogeneous	role_heterogeneous	C1:resolved;C2:resolved;S:role_heterogeneous;O:role_heterogeneous	unresolved_or_heterogeneous	no_unique_strict_prediction	no_unique_strict_prediction	limited
stringent	500000	Columbea	stringent_W500000_EV006	45658664	46422770	inversion_like	high	unresolved	A3	unresolved	A0	C1:unresolved_role_species_state;C2:resolved;S:unresolved_role_species_state;O:resolved	unresolved_or_heterogeneous	no_unique_strict_prediction	no_unique_strict_prediction	unresolved
stringent	500000	N61	stringent_W500000_EV006	45658664	46422770	inversion_like	high	unresolved	unresolved	A2	role_heterogeneous	C1:unresolved_role_species_state;C2:unresolved_role_species_state;S:resolved;O:role_heterogeneous	unresolved_or_heterogeneous	no_unique_strict_prediction	no_unique_strict_prediction	unresolved
stringent	500000	N62	stringent_W500000_EV006	45658664	46422770	inversion_like	high	A4	unresolved	unresolved	role_heterogeneous	C1:resolved;C2:unresolved_role_species_state;S:unresolved_role_species_state;O:role_heterogeneous	unresolved_or_heterogeneous	no_unique_strict_prediction	no_unique_strict_prediction	unresolved
stringent	500000	Columbea	stringent_W500000_EV007	49624080	50989362	inversion_like	moderate	role_heterogeneous	A5	role_heterogeneous	A0	C1:role_heterogeneous;C2:resolved;S:role_heterogeneous;O:resolved	unresolved_or_heterogeneous	no_unique_strict_prediction	no_unique_strict_prediction	high
stringent	500000	N61	stringent_W500000_EV007	49624080	50989362	inversion_like	moderate	role_heterogeneous	role_heterogeneous	A3	role_heterogeneous	C1:role_heterogeneous;C2:role_heterogeneous;S:resolved;O:role_heterogeneous	unresolved_or_heterogeneous	no_unique_strict_prediction	no_unique_strict_prediction	high
stringent	500000	N62	stringent_W500000_EV007	49624080	50989362	inversion_like	moderate	A2	A1	role_heterogeneous	role_heterogeneous	C1:resolved;C2:resolved;S:role_heterogeneous;O:role_heterogeneous	unresolved_or_heterogeneous	no_unique_strict_prediction	no_unique_strict_prediction	high
stringent	500000	Columbea	stringent_W500000_EV009	58171516	58171516	single_boundary_event	single_boundary	role_heterogeneous	A1	role_heterogeneous	A0	C1:role_heterogeneous;C2:resolved;S:role_heterogeneous;O:resolved	unresolved_or_heterogeneous	no_unique_strict_prediction	no_unique_strict_prediction	high
stringent	500000	N61	stringent_W500000_EV009	58171516	58171516	single_boundary_event	single_boundary	role_heterogeneous	role_heterogeneous	A2	role_heterogeneous	C1:role_heterogeneous;C2:role_heterogeneous;S:resolved;O:role_heterogeneous	unresolved_or_heterogeneous	no_unique_strict_prediction	no_unique_strict_prediction	high
stringent	500000	N62	stringent_W500000_EV009	58171516	58171516	single_boundary_event	single_boundary	A3	A1	role_heterogeneous	role_heterogeneous	C1:resolved;C2:resolved;S:role_heterogeneous;O:role_heterogeneous	unresolved_or_heterogeneous	no_unique_strict_prediction	no_unique_strict_prediction	high
inclusive	500000	Columbea	inclusive_W500000_EV019	1582350	1582350	single_boundary_event	single_boundary	role_heterogeneous	A4	role_heterogeneous	A0	C1:role_heterogeneous;C2:resolved;S:role_heterogeneous;O:resolved	unresolved_or_heterogeneous	no_unique_strict_prediction	no_unique_strict_prediction	limited
inclusive	500000	N61	inclusive_W500000_EV019	1582350	1582350	single_boundary_event	single_boundary	role_heterogeneous	role_heterogeneous	A4	role_heterogeneous	C1:role_heterogeneous;C2:role_heterogeneous;S:resolved;O:role_heterogeneous	unresolved_or_heterogeneous	no_unique_strict_prediction	no_unique_strict_prediction	limited
inclusive	500000	N62	inclusive_W500000_EV019	1582350	1582350	single_boundary_event	single_boundary	A2	A1	role_heterogeneous	role_heterogeneous	C1:resolved;C2:resolved;S:role_heterogeneous;O:role_heterogeneous	unresolved_or_heterogeneous	no_unique_strict_prediction	no_unique_strict_prediction	limited
inclusive	500000	Columbea	inclusive_W500000_EV020	1949860	1949860	single_boundary_event	single_boundary	role_heterogeneous	A2	role_heterogeneous	A0	C1:role_heterogeneous;C2:resolved;S:role_heterogeneous;O:resolved	unresolved_or_heterogeneous	no_unique_strict_prediction	no_unique_strict_prediction	limited
inclusive	500000	N61	inclusive_W500000_EV020	1949860	1949860	single_boundary_event	single_boundary	role_heterogeneous	role_heterogeneous	A2	role_heterogeneous	C1:role_heterogeneous;C2:role_heterogeneous;S:resolved;O:role_heterogeneous	unresolved_or_heterogeneous	no_unique_strict_prediction	no_unique_strict_prediction	limited
inclusive	500000	N62	inclusive_W500000_EV020	1949860	1949860	single_boundary_event	single_boundary	A3	A1	role_heterogeneous	role_heterogeneous	C1:resolved;C2:resolved;S:role_heterogeneous;O:role_heterogeneous	unresolved_or_heterogeneous	no_unique_strict_prediction	no_unique_strict_prediction	limited
inclusive	500000	Columbea	inclusive_W500000_EV001	5161408	8704428	adjacency_change	moderate	role_heterogeneous	A2	role_heterogeneous	A0	C1:role_heterogeneous;C2:resolved;S:role_heterogeneous;O:resolved	unresolved_or_heterogeneous	no_unique_strict_prediction	no_unique_strict_prediction	high
inclusive	500000	N61	inclusive_W500000_EV001	5161408	8704428	adjacency_change	moderate	role_heterogeneous	role_heterogeneous	A1	role_heterogeneous	C1:role_heterogeneous;C2:role_heterogeneous;S:resolved;O:role_heterogeneous	unresolved_or_heterogeneous	no_unique_strict_prediction	no_unique_strict_prediction	high
inclusive	500000	N62	inclusive_W500000_EV001	5161408	8704428	adjacency_change	moderate	A4	A6	role_heterogeneous	role_heterogeneous	C1:resolved;C2:resolved;S:role_heterogeneous;O:role_heterogeneous	unresolved_or_heterogeneous	no_unique_strict_prediction	no_unique_strict_prediction	high
inclusive	500000	Columbea	inclusive_W500000_EV002	9504880	10974030	adjacency_change	moderate	role_heterogeneous	A2	role_heterogeneous	A0	C1:role_heterogeneous;C2:resolved;S:role_heterogeneous;O:resolved	unresolved_or_heterogeneous	no_unique_strict_prediction	no_unique_strict_prediction	limited
inclusive	500000	N61	inclusive_W500000_EV002	9504880	10974030	adjacency_change	moderate	role_heterogeneous	role_heterogeneous	A1	role_heterogeneous	C1:role_heterogeneous;C2:role_heterogeneous;S:resolved;O:role_heterogeneous	unresolved_or_heterogeneous	no_unique_strict_prediction	no_unique_strict_prediction	limited
inclusive	500000	N62	inclusive_W500000_EV002	9504880	10974030	adjacency_change	moderate	A4	A6	role_heterogeneous	role_heterogeneous	C1:resolved;C2:resolved;S:role_heterogeneous;O:role_heterogeneous	unresolved_or_heterogeneous	no_unique_strict_prediction	no_unique_strict_prediction	limited
inclusive	500000	Columbea	inclusive_W500000_EV003	11304692	12214254	adjacency_change	moderate	role_heterogeneous	A2	role_heterogeneous	A0	C1:role_heterogeneous;C2:resolved;S:role_heterogeneous;O:resolved	unresolved_or_heterogeneous	no_unique_strict_prediction	no_unique_strict_prediction	limited
inclusive	500000	N61	inclusive_W500000_EV003	11304692	12214254	adjacency_change	moderate	role_heterogeneous	role_heterogeneous	A1	role_heterogeneous	C1:role_heterogeneous;C2:role_heterogeneous;S:resolved;O:role_heterogeneous	unresolved_or_heterogeneous	no_unique_strict_prediction	no_unique_strict_prediction	limited
inclusive	500000	N62	inclusive_W500000_EV003	11304692	12214254	adjacency_change	moderate	A3	A6	role_heterogeneous	role_heterogeneous	C1:resolved;C2:resolved;S:role_heterogeneous;O:role_heterogeneous	unresolved_or_heterogeneous	no_unique_strict_prediction	no_unique_strict_prediction	limited
inclusive	500000	Columbea	inclusive_W500000_EV004	12886511	14318518	adjacency_change	high	role_heterogeneous	A3	role_heterogeneous	A0	C1:role_heterogeneous;C2:resolved;S:role_heterogeneous;O:resolved	unresolved_or_heterogeneous	no_unique_strict_prediction	no_unique_strict_prediction	high
inclusive	500000	N61	inclusive_W500000_EV004	12886511	14318518	adjacency_change	high	role_heterogeneous	role_heterogeneous	A1	role_heterogeneous	C1:role_heterogeneous;C2:role_heterogeneous;S:resolved;O:role_heterogeneous	unresolved_or_heterogeneous	no_unique_strict_prediction	no_unique_strict_prediction	high
inclusive	500000	N62	inclusive_W500000_EV004	12886511	14318518	adjacency_change	high	A4	A6	role_heterogeneous	role_heterogeneous	C1:resolved;C2:resolved;S:role_heterogeneous;O:role_heterogeneous	unresolved_or_heterogeneous	no_unique_strict_prediction	no_unique_strict_prediction	high
inclusive	500000	Columbea	inclusive_W500000_EV005	16491814	18036264	adjacency_change	high	role_heterogeneous	A3	role_heterogeneous	A0	C1:role_heterogeneous;C2:resolved;S:role_heterogeneous;O:resolved	unresolved_or_heterogeneous	no_unique_strict_prediction	no_unique_strict_prediction	high
inclusive	500000	N61	inclusive_W500000_EV005	16491814	18036264	adjacency_change	high	role_heterogeneous	role_heterogeneous	A1	role_heterogeneous	C1:role_heterogeneous;C2:role_heterogeneous;S:resolved;O:role_heterogeneous	unresolved_or_heterogeneous	no_unique_strict_prediction	no_unique_strict_prediction	high
inclusive	500000	N62	inclusive_W500000_EV005	16491814	18036264	adjacency_change	high	A2	A6	role_heterogeneous	role_heterogeneous	C1:resolved;C2:resolved;S:role_heterogeneous;O:role_heterogeneous	unresolved_or_heterogeneous	no_unique_strict_prediction	no_unique_strict_prediction	high
inclusive	500000	Columbea	inclusive_W500000_EV006	19760078	25213019	adjacency_change	high	role_heterogeneous	A5	role_heterogeneous	A0	C1:role_heterogeneous;C2:resolved;S:role_heterogeneous;O:resolved	unresolved_or_heterogeneous	no_unique_strict_prediction	no_unique_strict_prediction	limited
inclusive	500000	N61	inclusive_W500000_EV006	19760078	25213019	adjacency_change	high	role_heterogeneous	role_heterogeneous	A4	role_heterogeneous	C1:role_heterogeneous;C2:role_heterogeneous;S:resolved;O:role_heterogeneous	unresolved_or_heterogeneous	no_unique_strict_prediction	no_unique_strict_prediction	limited
inclusive	500000	N62	inclusive_W500000_EV006	19760078	25213019	adjacency_change	high	A1	A3	role_heterogeneous	role_heterogeneous	C1:resolved;C2:resolved;S:role_heterogeneous;O:role_heterogeneous	unresolved_or_heterogeneous	no_unique_strict_prediction	no_unique_strict_prediction	limited
inclusive	500000	Columbea	inclusive_W500000_EV021	25559087	25559087	single_boundary_event	single_boundary	role_heterogeneous	A3	role_heterogeneous	A0	C1:role_heterogeneous;C2:resolved;S:role_heterogeneous;O:resolved	unresolved_or_heterogeneous	no_unique_strict_prediction	no_unique_strict_prediction	high
inclusive	500000	N61	inclusive_W500000_EV021	25559087	25559087	single_boundary_event	single_boundary	role_heterogeneous	role_heterogeneous	A3	role_heterogeneous	C1:role_heterogeneous;C2:role_heterogeneous;S:resolved;O:role_heterogeneous	unresolved_or_heterogeneous	no_unique_strict_prediction	no_unique_strict_prediction	high
inclusive	500000	N62	inclusive_W500000_EV021	25559087	25559087	single_boundary_event	single_boundary	A4	A1	role_heterogeneous	role_heterogeneous	C1:resolved;C2:resolved;S:role_heterogeneous;O:role_heterogeneous	unresolved_or_heterogeneous	no_unique_strict_prediction	no_unique_strict_prediction	high
inclusive	500000	Columbea	inclusive_W500000_EV022	33234049	33234049	single_boundary_event	single_boundary	role_heterogeneous	A4	role_heterogeneous	A0	C1:role_heterogeneous;C2:resolved;S:role_heterogeneous;O:resolved	unresolved_or_heterogeneous	no_unique_strict_prediction	no_unique_strict_prediction	high
inclusive	500000	N61	inclusive_W500000_EV022	33234049	33234049	single_boundary_event	single_boundary	role_heterogeneous	role_heterogeneous	A4	role_heterogeneous	C1:role_heterogeneous;C2:role_heterogeneous;S:resolved;O:role_heterogeneous	unresolved_or_heterogeneous	no_unique_strict_prediction	no_unique_strict_prediction	high
inclusive	500000	N62	inclusive_W500000_EV022	33234049	33234049	single_boundary_event	single_boundary	A2	A1	role_heterogeneous	role_heterogeneous	C1:resolved;C2:resolved;S:role_heterogeneous;O:role_heterogeneous	unresolved_or_heterogeneous	no_unique_strict_prediction	no_unique_strict_prediction	high
inclusive	500000	Columbea	inclusive_W500000_EV007	34021640	34232794	inversion_like	moderate	role_heterogeneous	A5	role_heterogeneous	A0	C1:role_heterogeneous;C2:resolved;S:role_heterogeneous;O:resolved	unresolved_or_heterogeneous	no_unique_strict_prediction	no_unique_strict_prediction	limited
inclusive	500000	N61	inclusive_W500000_EV007	34021640	34232794	inversion_like	moderate	role_heterogeneous	role_heterogeneous	A3	role_heterogeneous	C1:role_heterogeneous;C2:role_heterogeneous;S:resolved;O:role_heterogeneous	unresolved_or_heterogeneous	no_unique_strict_prediction	no_unique_strict_prediction	limited
inclusive	500000	N62	inclusive_W500000_EV007	34021640	34232794	inversion_like	moderate	A2	A1	role_heterogeneous	role_heterogeneous	C1:resolved;C2:resolved;S:role_heterogeneous;O:role_heterogeneous	unresolved_or_heterogeneous	no_unique_strict_prediction	no_unique_strict_prediction	limited
inclusive	500000	Columbea	inclusive_W500000_EV023	34741919	34741919	single_boundary_event	single_boundary	role_heterogeneous	A2	role_heterogeneous	A0	C1:role_heterogeneous;C2:resolved;S:role_heterogeneous;O:resolved	unresolved_or_heterogeneous	no_unique_strict_prediction	no_unique_strict_prediction	high
inclusive	500000	N61	inclusive_W500000_EV023	34741919	34741919	single_boundary_event	single_boundary	role_heterogeneous	role_heterogeneous	A2	role_heterogeneous	C1:role_heterogeneous;C2:role_heterogeneous;S:resolved;O:role_heterogeneous	unresolved_or_heterogeneous	no_unique_strict_prediction	no_unique_strict_prediction	high
inclusive	500000	N62	inclusive_W500000_EV023	34741919	34741919	single_boundary_event	single_boundary	A1	A3	role_heterogeneous	role_heterogeneous	C1:resolved;C2:resolved;S:role_heterogeneous;O:role_heterogeneous	unresolved_or_heterogeneous	no_unique_strict_prediction	no_unique_strict_prediction	high
inclusive	500000	Columbea	inclusive_W500000_EV008	35025837	35331645	adjacency_change	high	role_heterogeneous	A5	role_heterogeneous	A0	C1:role_heterogeneous;C2:resolved;S:role_heterogeneous;O:resolved	unresolved_or_heterogeneous	no_unique_strict_prediction	no_unique_strict_prediction	high
inclusive	500000	N61	inclusive_W500000_EV008	35025837	35331645	adjacency_change	high	role_heterogeneous	role_heterogeneous	A3	role_heterogeneous	C1:role_heterogeneous;C2:role_heterogeneous;S:resolved;O:role_heterogeneous	unresolved_or_heterogeneous	no_unique_strict_prediction	no_unique_strict_prediction	high
inclusive	500000	N62	inclusive_W500000_EV008	35025837	35331645	adjacency_change	high	A6	A1	role_heterogeneous	role_heterogeneous	C1:resolved;C2:resolved;S:role_heterogeneous;O:role_heterogeneous	unresolved_or_heterogeneous	no_unique_strict_prediction	no_unique_strict_prediction	high
inclusive	500000	Columbea	inclusive_W500000_EV009	37255236	39237022	adjacency_change	high	role_heterogeneous	A3	role_heterogeneous	A0	C1:role_heterogeneous;C2:resolved;S:role_heterogeneous;O:resolved	unresolved_or_heterogeneous	no_unique_strict_prediction	no_unique_strict_prediction	high
inclusive	500000	N61	inclusive_W500000_EV009	37255236	39237022	adjacency_change	high	role_heterogeneous	role_heterogeneous	A2	role_heterogeneous	C1:role_heterogeneous;C2:role_heterogeneous;S:resolved;O:role_heterogeneous	unresolved_or_heterogeneous	no_unique_strict_prediction	no_unique_strict_prediction	high
inclusive	500000	N62	inclusive_W500000_EV009	37255236	39237022	adjacency_change	high	A6	A1	role_heterogeneous	role_heterogeneous	C1:resolved;C2:resolved;S:role_heterogeneous;O:role_heterogeneous	unresolved_or_heterogeneous	no_unique_strict_prediction	no_unique_strict_prediction	high
inclusive	500000	Columbea	inclusive_W500000_EV010	42267292	44647530	inversion_like	high	role_heterogeneous	A3	role_heterogeneous	A0	C1:role_heterogeneous;C2:resolved;S:role_heterogeneous;O:resolved	unresolved_or_heterogeneous	no_unique_strict_prediction	no_unique_strict_prediction	limited
inclusive	500000	N61	inclusive_W500000_EV010	42267292	44647530	inversion_like	high	role_heterogeneous	role_heterogeneous	A1	role_heterogeneous	C1:role_heterogeneous;C2:role_heterogeneous;S:resolved;O:role_heterogeneous	unresolved_or_heterogeneous	no_unique_strict_prediction	no_unique_strict_prediction	limited
inclusive	500000	N62	inclusive_W500000_EV010	42267292	44647530	inversion_like	high	A6	A4	role_heterogeneous	role_heterogeneous	C1:resolved;C2:resolved;S:role_heterogeneous;O:role_heterogeneous	unresolved_or_heterogeneous	no_unique_strict_prediction	no_unique_strict_prediction	limited
inclusive	500000	Columbea	inclusive_W500000_EV011	45658664	46422770	inversion_like	high	unresolved	A3	unresolved	A0	C1:unresolved_role_species_state;C2:resolved;S:unresolved_role_species_state;O:resolved	unresolved_or_heterogeneous	no_unique_strict_prediction	no_unique_strict_prediction	unresolved
inclusive	500000	N61	inclusive_W500000_EV011	45658664	46422770	inversion_like	high	unresolved	unresolved	A2	role_heterogeneous	C1:unresolved_role_species_state;C2:unresolved_role_species_state;S:resolved;O:role_heterogeneous	unresolved_or_heterogeneous	no_unique_strict_prediction	no_unique_strict_prediction	unresolved
inclusive	500000	N62	inclusive_W500000_EV011	45658664	46422770	inversion_like	high	A4	unresolved	unresolved	role_heterogeneous	C1:resolved;C2:unresolved_role_species_state;S:unresolved_role_species_state;O:role_heterogeneous	unresolved_or_heterogeneous	no_unique_strict_prediction	no_unique_strict_prediction	unresolved
inclusive	500000	Columbea	inclusive_W500000_EV012	47143089	47228924	inversion_like	moderate	unresolved	unresolved	unresolved	A0	C1:unresolved_role_species_state;C2:unresolved_role_species_state;S:unresolved_role_species_state;O:resolved	unresolved_or_heterogeneous	no_unique_strict_prediction	no_unique_strict_prediction	unresolved
inclusive	500000	N61	inclusive_W500000_EV012	47143089	47228924	inversion_like	moderate	unresolved	unresolved	unresolved	unresolved	C1:unresolved_role_species_state;C2:unresolved_role_species_state;S:unresolved_role_species_state;O:unresolved_role_species_state	unresolved_or_heterogeneous	no_unique_strict_prediction	no_unique_strict_prediction	unresolved
inclusive	500000	N62	inclusive_W500000_EV012	47143089	47228924	inversion_like	moderate	unresolved	unresolved	unresolved	unresolved	C1:unresolved_role_species_state;C2:unresolved_role_species_state;S:unresolved_role_species_state;O:unresolved_role_species_state	unresolved_or_heterogeneous	no_unique_strict_prediction	no_unique_strict_prediction	unresolved
inclusive	500000	Columbea	inclusive_W500000_EV013	49159743	49624080	inversion_like	high	role_heterogeneous	A3	role_heterogeneous	A0	C1:role_heterogeneous;C2:resolved;S:role_heterogeneous;O:resolved	unresolved_or_heterogeneous	no_unique_strict_prediction	no_unique_strict_prediction	high
inclusive	500000	N61	inclusive_W500000_EV013	49159743	49624080	inversion_like	high	role_heterogeneous	role_heterogeneous	A4	role_heterogeneous	C1:role_heterogeneous;C2:role_heterogeneous;S:resolved;O:role_heterogeneous	unresolved_or_heterogeneous	no_unique_strict_prediction	no_unique_strict_prediction	high
inclusive	500000	N62	inclusive_W500000_EV013	49159743	49624080	inversion_like	high	A2	A1	role_heterogeneous	role_heterogeneous	C1:resolved;C2:resolved;S:role_heterogeneous;O:role_heterogeneous	unresolved_or_heterogeneous	no_unique_strict_prediction	no_unique_strict_prediction	high
inclusive	500000	Columbea	inclusive_W500000_EV014	50085260	50410378	adjacency_change	high	role_heterogeneous	A4	role_heterogeneous	A0	C1:role_heterogeneous;C2:resolved;S:role_heterogeneous;O:resolved	unresolved_or_heterogeneous	no_unique_strict_prediction	no_unique_strict_prediction	limited
inclusive	500000	N61	inclusive_W500000_EV014	50085260	50410378	adjacency_change	high	role_heterogeneous	role_heterogeneous	A2	role_heterogeneous	C1:role_heterogeneous;C2:role_heterogeneous;S:resolved;O:role_heterogeneous	unresolved_or_heterogeneous	no_unique_strict_prediction	no_unique_strict_prediction	limited
inclusive	500000	N62	inclusive_W500000_EV014	50085260	50410378	adjacency_change	high	A5	A6	role_heterogeneous	role_heterogeneous	C1:resolved;C2:resolved;S:role_heterogeneous;O:role_heterogeneous	unresolved_or_heterogeneous	no_unique_strict_prediction	no_unique_strict_prediction	limited
inclusive	500000	Columbea	inclusive_W500000_EV015	50989362	51570722	inversion_like	high	role_heterogeneous	A2	role_heterogeneous	A0	C1:role_heterogeneous;C2:resolved;S:role_heterogeneous;O:resolved	unresolved_or_heterogeneous	no_unique_strict_prediction	no_unique_strict_prediction	high
inclusive	500000	N61	inclusive_W500000_EV015	50989362	51570722	inversion_like	high	role_heterogeneous	role_heterogeneous	A3	role_heterogeneous	C1:role_heterogeneous;C2:role_heterogeneous;S:resolved;O:role_heterogeneous	unresolved_or_heterogeneous	no_unique_strict_prediction	no_unique_strict_prediction	high
inclusive	500000	N62	inclusive_W500000_EV015	50989362	51570722	inversion_like	high	A5	A1	role_heterogeneous	role_heterogeneous	C1:resolved;C2:resolved;S:role_heterogeneous;O:role_heterogeneous	unresolved_or_heterogeneous	no_unique_strict_prediction	no_unique_strict_prediction	high
inclusive	500000	Columbea	inclusive_W500000_EV024	51789124	51789124	single_boundary_event	single_boundary	role_heterogeneous	A1	role_heterogeneous	A0	C1:role_heterogeneous;C2:resolved;S:role_heterogeneous;O:resolved	unresolved_or_heterogeneous	no_unique_strict_prediction	no_unique_strict_prediction	high
inclusive	500000	N61	inclusive_W500000_EV024	51789124	51789124	single_boundary_event	single_boundary	role_heterogeneous	role_heterogeneous	A3	role_heterogeneous	C1:role_heterogeneous;C2:role_heterogeneous;S:resolved;O:role_heterogeneous	unresolved_or_heterogeneous	no_unique_strict_prediction	no_unique_strict_prediction	high
inclusive	500000	N62	inclusive_W500000_EV024	51789124	51789124	single_boundary_event	single_boundary	A4	A2	role_heterogeneous	role_heterogeneous	C1:resolved;C2:resolved;S:role_heterogeneous;O:role_heterogeneous	unresolved_or_heterogeneous	no_unique_strict_prediction	no_unique_strict_prediction	high
inclusive	500000	Columbea	inclusive_W500000_EV016	55393543	55750019	adjacency_change	high	unresolved	A4	role_heterogeneous	A0	C1:unresolved_role_species_state;C2:resolved;S:role_heterogeneous;O:resolved	unresolved_or_heterogeneous	no_unique_strict_prediction	no_unique_strict_prediction	unresolved
inclusive	500000	N61	inclusive_W500000_EV016	55393543	55750019	adjacency_change	high	role_heterogeneous	unresolved	A2	role_heterogeneous	C1:role_heterogeneous;C2:unresolved_role_species_state;S:resolved;O:role_heterogeneous	unresolved_or_heterogeneous	no_unique_strict_prediction	no_unique_strict_prediction	unresolved
inclusive	500000	N62	inclusive_W500000_EV016	55393543	55750019	adjacency_change	high	unresolved	A1	role_heterogeneous	role_heterogeneous	C1:unresolved_role_species_state;C2:resolved;S:role_heterogeneous;O:role_heterogeneous	unresolved_or_heterogeneous	no_unique_strict_prediction	no_unique_strict_prediction	unresolved
inclusive	500000	Columbea	inclusive_W500000_EV017	56712451	57203613	adjacency_change	high	role_heterogeneous	A4	role_heterogeneous	A0	C1:role_heterogeneous;C2:resolved;S:role_heterogeneous;O:resolved	unresolved_or_heterogeneous	no_unique_strict_prediction	no_unique_strict_prediction	high
inclusive	500000	N61	inclusive_W500000_EV017	56712451	57203613	adjacency_change	high	role_heterogeneous	role_heterogeneous	A1	role_heterogeneous	C1:role_heterogeneous;C2:role_heterogeneous;S:resolved;O:role_heterogeneous	unresolved_or_heterogeneous	no_unique_strict_prediction	no_unique_strict_prediction	high
inclusive	500000	N62	inclusive_W500000_EV017	56712451	57203613	adjacency_change	high	A6	A3	role_heterogeneous	role_heterogeneous	C1:resolved;C2:resolved;S:role_heterogeneous;O:role_heterogeneous	unresolved_or_heterogeneous	no_unique_strict_prediction	no_unique_strict_prediction	high
inclusive	500000	Columbea	inclusive_W500000_EV018	58171516	59982754	adjacency_change	high	role_heterogeneous	A1	role_heterogeneous	A0	C1:role_heterogeneous;C2:resolved;S:role_heterogeneous;O:resolved	unresolved_or_heterogeneous	no_unique_strict_prediction	no_unique_strict_prediction	high
inclusive	500000	N61	inclusive_W500000_EV018	58171516	59982754	adjacency_change	high	role_heterogeneous	role_heterogeneous	A4	role_heterogeneous	C1:role_heterogeneous;C2:role_heterogeneous;S:resolved;O:role_heterogeneous	unresolved_or_heterogeneous	no_unique_strict_prediction	no_unique_strict_prediction	high
inclusive	500000	N62	inclusive_W500000_EV018	58171516	59982754	adjacency_change	high	A6	A3	role_heterogeneous	role_heterogeneous	C1:resolved;C2:resolved;S:role_heterogeneous;O:role_heterogeneous	unresolved_or_heterogeneous	no_unique_strict_prediction	no_unique_strict_prediction	high
inclusive	500000	Columbea	inclusive_W500000_EV025	61035423	61035423	single_boundary_event	single_boundary	role_heterogeneous	A3	role_heterogeneous	A0	C1:role_heterogeneous;C2:resolved;S:role_heterogeneous;O:resolved	unresolved_or_heterogeneous	no_unique_strict_prediction	no_unique_strict_prediction	limited
inclusive	500000	N61	inclusive_W500000_EV025	61035423	61035423	single_boundary_event	single_boundary	role_heterogeneous	role_heterogeneous	A3	role_heterogeneous	C1:role_heterogeneous;C2:role_heterogeneous;S:resolved;O:role_heterogeneous	unresolved_or_heterogeneous	no_unique_strict_prediction	no_unique_strict_prediction	limited
inclusive	500000	N62	inclusive_W500000_EV025	61035423	61035423	single_boundary_event	single_boundary	A2	A1	role_heterogeneous	role_heterogeneous	C1:resolved;C2:resolved;S:role_heterogeneous;O:role_heterogeneous	unresolved_or_heterogeneous	no_unique_strict_prediction	no_unique_strict_prediction	limited
